Suite,Architecture,StepValue,FrameNumber,CpuLogicMs,CpuRenderMs,GeomMs,LightMs,TotalGpuMs,TotalFrameMs,FPS,Instances,Triangles,OverdrawFactor
Suite_14,Forward,0,1,2.14161,0.794787,0,0.33104,0.564672,29.8037,33.5529,15000,83840,0.457804
Suite_14,Forward,0,2,2.11843,0.740459,0,0.32848,0.568608,2.98168,335.381,15000,82176,0.46404
Suite_14,Forward,0,3,2.09662,0.750809,0,0.308704,0.54944,2.90353,344.408,15000,80768,0.467477
Suite_14,Forward,0,4,2.09386,0.667189,0,0.655936,0.886944,2.89135,345.859,15000,78592,0.466676
Suite_14,Forward,0,5,2.07946,0.652759,0,0.291936,0.5328,2.80405,356.627,15000,76672,0.461801
Suite_14,Forward,0,6,2.08101,0.710276,0,0.27648,0.538624,2.77333,360.577,15000,75648,0.466005
Suite_14,Forward,0,7,2.07895,0.684804,0,0.272384,0.508224,2.83484,352.753,15000,73600,0.462275
Suite_14,Forward,0,8,2.06009,0.682741,0,0.258624,0.497888,2.80329,356.723,15000,72320,0.431773
Suite_14,Forward,0,9,2.04143,0.662277,0,0.2536,0.491264,2.78427,359.16,15000,70400,0.422195
Suite_14,Forward,0,10,2.03139,0.66191,0,0.251904,0.486944,2.74648,364.102,15000,69248,0.42479
Suite_14,Forward,0,11,2.03601,0.686193,0,0.247808,0.505856,2.73271,365.937,15000,67840,0.422813
Suite_14,Forward,0,12,2.02788,0.671116,0,0.243552,0.506176,2.76155,362.115,15000,66304,0.423978
Suite_14,Forward,0,13,2.01846,0.674938,0,0.240384,0.479232,2.74025,364.931,15000,65152,0.426365
Suite_14,Forward,0,14,2.01632,0.630585,0,0.237568,0.472896,2.73245,365.972,15000,63232,0.399809
Suite_14,Forward,0,15,2.00299,0.630917,0,0.227328,0.464896,2.6817,372.898,15000,61312,0.354735
Suite_14,Forward,0,16,2.00426,0.643454,0,0.218048,0.454368,2.66755,374.876,15000,60160,0.356375
Suite_14,Forward,0,17,1.99222,0.635712,0,0.212544,0.446464,2.6901,371.733,15000,59136,0.359788
Suite_14,Forward,0,18,1.98338,0.642154,0,0.206848,0.44032,2.66221,375.628,15000,57728,0.291751
Suite_14,Forward,0,19,1.97987,0.624062,0,0.194688,0.439776,2.65974,375.977,15000,56960,0.29456
Suite_14,Forward,0,20,1.96797,0.683489,0,0.190464,0.425248,2.63843,379.013,15000,55680,0.293391
Suite_14,Forward,0,21,1.97338,0.699853,0,0.184096,0.418944,2.68583,372.325,15000,54784,0.295678
Suite_14,Forward,0,22,1.96086,0.679752,0,0.17424,0.4096,2.70796,369.282,15000,53376,0.292068
Suite_14,Forward,0,23,1.95121,0.673025,0,0.166912,0.403648,2.67316,374.089,15000,52224,0.28169
Suite_14,Forward,0,24,1.94955,0.6902,0,0.161792,0.414144,2.65711,376.349,15000,50816,0.278661
Suite_14,Forward,0,25,1.93882,0.660382,0,0.155648,0.411264,2.67356,374.033,15000,49408,0.272596
Suite_14,Forward,0,26,1.92967,0.705098,0,0.151552,0.385632,2.63611,379.348,15000,48256,0.267762
Suite_14,Forward,0,27,1.93319,0.651484,0,0.14336,0.380288,2.6665,375.024,15000,47232,0.261634
Suite_14,Forward,0,28,1.91415,0.650776,0,0.138656,0.371616,2.61531,382.364,15000,45440,0.256026
Suite_14,Forward,0,29,1.91459,0.681088,0,0.130976,0.367008,2.5949,385.371,15000,43520,0.236341
Suite_14,Forward,0,30,1.903,0.674143,0,0.124928,0.360128,2.62632,380.76,15000,42240,0.228678
Suite_14,Forward,0,31,1.89287,0.675337,0,0.120832,0.352864,2.60447,383.955,15000,41216,0.206883
Suite_14,Forward,0,32,1.89001,0.639672,0,0.113952,0.368192,2.59679,385.091,15000,39936,0.185073
Suite_14,Forward,0,33,1.88329,0.609584,0,0.110592,0.340768,2.55836,390.876,15000,38784,0.181627
Suite_14,Forward,0,34,1.87292,0.632876,0,0.106496,0.339968,2.51971,396.872,15000,37632,0.176985
Suite_14,Forward,0,35,1.86902,0.621495,0,0.105248,0.350848,2.53301,394.787,15000,36864,0.173382
Suite_14,Forward,0,36,1.86292,0.623168,0,0.105664,0.336192,2.51656,397.368,15000,36480,0.174599
Suite_14,Forward,0,37,1.86253,0.663831,0,0.100352,0.33328,2.51393,397.783,15000,35968,0.174037
Suite_14,Forward,0,38,1.86223,0.644795,0,0.096512,0.32864,2.55537,391.333,15000,34816,0.172432
Suite_14,Forward,0,39,1.8458,0.647507,0,0.09008,0.324416,2.53167,394.996,15000,33280,0.153329
Suite_14,Forward,0,40,1.84523,0.627431,0,0.086432,0.32048,2.51792,397.153,15000,31744,0.137796
Suite_14,Forward,0,41,1.84118,0.619416,0,0.088928,0.319232,2.50109,399.826,15000,30848,0.135188
Suite_14,Forward,0,42,1.87328,0.744457,0,1.71827,1.94211,2.48628,402.207,15000,30720,0.136582
Suite_14,Forward,0,43,1.8415,0.617727,0,0.083968,0.33808,2.64675,377.822,15000,29696,0.128616
Suite_14,Forward,0,44,1.82373,0.626699,0,0.083904,0.314592,2.48292,402.751,15000,29312,0.127375
Suite_14,Forward,0,45,1.83749,0.656727,0,0.080672,0.310112,2.48663,402.151,15000,28160,0.122915
Suite_14,Forward,0,46,1.81455,0.62041,0,0.073088,0.31744,2.52698,395.73,15000,27520,0.11688
Suite_14,Forward,0,47,1.80704,0.604595,0,0.071296,0.302432,2.458,406.834,15000,26112,0.113031
Suite_14,Forward,0,48,1.79835,0.638002,0,0.068928,0.299264,2.43825,410.131,15000,25088,0.10821
Suite_14,Forward,0,49,1.79081,0.609618,0,0.06656,0.299008,2.46109,406.323,15000,24320,0.106385
Suite_14,Forward,0,50,1.78186,0.605358,0,0.064256,0.294944,2.423,412.711,15000,23168,0.100577
Suite_14,Forward,0,51,1.78225,0.612026,0,0.059904,0.290816,2.40804,415.275,15000,22528,0.0996472
Suite_14,Forward,0,52,1.77606,0.606182,0,0.059648,0.290816,2.41587,413.93,15000,21120,0.0954797
Suite_14,Forward,0,53,1.76419,0.600813,0,0.0584,0.288,2.40501,415.799,15000,20224,0.0902484
Suite_14,Forward,0,54,1.76485,0.627812,0,0.053248,0.284672,2.38524,419.246,15000,19584,0.0889353
Suite_14,Forward,0,55,1.7575,0.606426,0,0.051296,0.282656,2.41419,414.218,15000,18944,0.0872281
Suite_14,Forward,0,56,1.75145,0.603693,0,0.046048,0.277536,2.38359,419.536,15000,18688,0.0861019
Suite_14,Forward,0,57,1.75057,0.628217,0,0.043168,0.27648,2.37662,420.766,15000,17920,0.0838269
Suite_14,Forward,0,58,1.73974,0.611137,0,0.043008,0.272352,2.39917,416.811,15000,17024,0.080332
Suite_14,Forward,0,59,1.73433,0.608011,0,0.0416,0.271008,2.36932,422.062,15000,15872,0.0769785
Suite_14,Forward,0,60,1.73682,0.642898,0,0.040384,0.27056,2.36021,423.69,15000,15232,0.0740431
Suite_14,Forward,0,61,1.72385,0.625967,0,0.03872,0.267808,2.40202,416.317,15000,14592,0.0660031
Suite_14,Forward,0,62,1.72245,0.621364,0,0.036256,0.26624,2.36932,422.062,15000,14080,0.0646791
Suite_14,Forward,0,63,1.71831,0.612912,0,0.032768,0.264672,2.36276,423.233,15000,13824,0.0647142
Suite_14,Forward,0,64,1.70606,0.610222,0,0.0312,0.261408,2.34892,425.728,15000,12800,0.0590765
Suite_14,Forward,0,65,1.70309,0.60019,0,0.032768,0.262016,2.33509,428.249,15000,11904,0.0554999
Suite_14,Forward,0,66,1.70265,0.629279,0,0.030752,0.258656,2.32203,430.657,15000,11392,0.0517921
Suite_14,Forward,0,67,1.69632,0.613337,0,0.026624,0.256288,2.3499,425.55,15000,11008,0.0515919
Suite_14,Forward,0,68,1.69518,0.655659,0,0.02464,0.253568,2.32659,429.814,15000,10752,0.0499708
Suite_14,Forward,0,69,1.69463,0.626213,0,0.023904,0.250592,2.37291,421.423,15000,10112,0.0475569
Suite_14,Forward,0,70,1.6811,0.595911,0,0.022144,0.248768,2.33876,427.578,15000,9088,0.0410992
Suite_14,Forward,0,71,1.67585,0.599129,0,0.021024,0.249568,2.29324,436.065,15000,8704,0.0405183
Suite_14,Forward,0,72,1.6742,0.612925,0,0.018432,0.248288,2.29099,436.492,15000,8064,0.0357085
Suite_14,Forward,0,73,1.66218,0.597213,0,0.017888,0.244992,2.31285,432.367,15000,7552,0.0333665
Suite_14,Forward,0,74,1.65571,0.607577,0,0.016608,0.243712,2.28329,437.965,15000,6784,0.0299956
Suite_14,Forward,0,75,1.65568,0.60495,0,0.015456,0.242304,2.2798,438.636,15000,6400,0.0288258
Suite_14,Forward,0,76,1.64797,0.603042,0,0.014368,0.241664,2.27531,439.501,15000,6016,0.0282014
Suite_14,Forward,0,77,1.64107,0.597356,0,0.014336,0.241024,2.26754,441.006,15000,5632,0.0270388
Suite_14,Forward,0,78,1.64469,0.603246,0,0.012288,0.237568,2.25453,443.552,15000,5504,0.0267187
Suite_14,Forward,0,79,1.63741,0.61145,0,0.012288,0.23872,2.26308,441.875,15000,5248,0.0262446
Suite_14,Forward,0,80,1.62824,0.604992,0,0.011488,0.236544,2.26337,441.819,15000,4864,0.0238255
Suite_14,Forward,0,81,1.63235,0.603098,0,0.010944,0.236704,2.25062,444.322,15000,4352,0.0214263
Suite_14,Forward,0,82,1.62758,0.590331,0,0.01024,0.235904,2.25097,444.252,15000,4096,0.0213038
Suite_14,Forward,0,83,1.62308,0.608192,0,0.00896,0.23456,2.23171,448.086,15000,3968,0.0210322
Suite_14,Forward,0,84,1.62374,0.60814,0,0.00848,0.235264,2.24662,445.112,15000,3712,0.0201739
Suite_14,Forward,0,85,1.61788,0.59483,0,0.008192,0.233216,2.24882,444.677,15000,3584,0.0194055
Suite_14,Forward,0,86,1.61283,0.586949,0,0.008192,0.23152,2.22736,448.961,15000,3200,0.0169771
Suite_14,Forward,0,87,1.61337,0.603168,0,0.006144,0.232064,2.21308,451.859,15000,2688,0.0150964
Suite_14,Forward,0,88,1.60915,0.604279,0,0.006144,0.23104,2.23434,447.559,15000,2688,0.0152665
Suite_14,Forward,0,89,1.60344,0.583723,0,0.006144,0.229536,2.23052,448.326,15000,2688,0.0154391
Suite_14,Forward,0,90,1.60335,0.591754,0,0.006176,0.2296,2.20199,454.136,15000,2560,0.0136569
Suite_14,Forward,0,91,1.59281,0.583245,0,0.004928,0.2416,2.20992,452.504,15000,2304,0.0125134
Suite_14,Forward,0,92,1.59033,0.580871,0,0.002592,0.252128,2.1895,456.724,15000,2176,0.0121731
Suite_14,Forward,0,93,1.59155,0.591225,0,0.004096,0.229376,2.1863,457.393,15000,1792,0.010323
Suite_14,Forward,0,94,1.58413,0.580426,0,0.004096,0.24064,2.19843,454.87,15000,1408,0.00830747
Suite_14,Forward,0,95,1.57501,0.57992,0,0.003072,0.228896,2.1774,459.264,15000,1280,0.00735487
Suite_14,Forward,0,96,1.57969,0.591004,0,0.003264,0.22864,2.16816,461.22,15000,1280,0.00743633
Suite_14,Forward,0,97,1.58103,0.580873,0,0.000928,0.229376,2.18622,457.41,15000,1280,0.00751893
Suite_14,Forward,0,98,1.57515,0.587724,0,0.002336,0.229248,2.17593,459.573,15000,1280,0.0076027
Suite_14,Forward,0,99,1.57178,0.592984,0,0.001824,0.227328,2.17563,459.637,15000,1152,0.00719059
Suite_14,Forward,0,100,1.56638,0.584659,0,0.000704,0.22912,2.17951,458.818,15000,1024,0.00633116
Suite_14,Forward,0,101,1.57285,0.582424,0,0.002048,0.22784,2.16644,461.587,15000,896,0.00562609
Suite_14,Forward,0,102,1.56391,0.579183,0,0.000256,0.227008,2.17355,460.077,15000,896,0.00569026
Suite_14,Forward,0,103,1.56372,0.587024,0,0.00192,0.227104,2.15664,463.684,15000,640,0.00396309
Suite_14,Forward,0,104,1.55835,0.584291,0,0.001792,0.227328,2.16343,462.229,15000,384,0.00263315
Suite_14,Forward,0,105,1.54518,0.582563,0,0.002048,0.226464,2.15713,463.579,15000,256,0.00152025
Suite_14,Forward,0,106,1.54979,0.607101,0,0.000544,0.225792,2.14182,466.893,15000,256,0.00153818
Suite_14,Forward,0,107,1.54173,0.579516,0,0.000736,0.239616,2.17122,460.57,15000,128,0.00103802
Suite_14,Forward,0,108,1.54447,0.572767,0,0,0.249856,2.13376,468.656,15000,128,0.0010508
Suite_14,Forward,0,109,1.53558,0.572716,0,0.000672,0.225696,2.13095,469.275,15000,0,0
Suite_14,Forward,0,110,1.53335,0.56215,0,0.001024,0.247808,2.12283,471.069,15000,0,0
Suite_14,Forward,0,111,1.53608,0.569342,0,0.001344,0.227104,2.10775,474.439,15000,0,0
Suite_14,Forward,0,112,1.53028,0.601912,0,0.000992,0.225856,2.11757,472.239,15000,0,0
Suite_14,Forward,0,113,1.52683,0.593334,0,0,0.249504,2.14812,465.523,15000,0,0
Suite_14,Forward,0,114,1.5216,0.576515,0,0,0.227424,2.1356,468.253,15000,0,0
Suite_14,Forward,0,115,1.51776,0.5674,0,0.000544,0.226528,2.10987,473.964,15000,0,0
Suite_14,Forward,0,116,1.52567,0.572506,0,0.002048,0.227328,2.09717,476.833,15000,0,0
Suite_14,Forward,0,117,1.52404,0.569386,0,0.00128,0.227328,2.11411,473.012,15000,0,0
Suite_14,Forward,0,118,1.51156,0.565462,0,0.002048,0.226944,2.10709,474.588,15000,0,0
Suite_14,Forward,0,119,1.51207,0.588008,0,0.00128,0.227072,2.08905,478.687,15000,0,0
Suite_14,Forward,0,120,1.5118,0.574063,0,0,0.239616,2.11367,473.11,15000,0,0
Suite_14,Forward,0,121,1.50134,0.564379,0,0.001856,0.225568,2.09965,476.27,15000,0,0
Suite_14,Forward,0,122,1.49852,0.574958,0,0.000704,0.227328,2.07923,480.948,15000,0,0
Suite_14,Forward,0,123,1.49942,0.573156,0,0.002048,0.256416,2.08713,479.127,15000,0,0
Suite_14,Forward,0,124,1.49998,0.567618,0,0,0.227456,2.08487,479.646,15000,0,0
Suite_14,Forward,0,125,1.49551,0.585386,0,0.00176,0.22592,2.0813,480.468,15000,0,0
Suite_14,Forward,0,126,1.49823,0.584776,0,0.001984,0.226144,2.09465,477.406,15000,0,0
Suite_14,Forward,0,127,1.49027,0.562651,0,0,0.227296,2.09639,477.011,15000,0,0
Suite_14,Forward,0,128,1.49134,0.556898,0,6.4e-05,0.22576,2.06513,484.232,15000,0,0
Suite_14,Forward,0,129,1.49583,0.575645,0,0.002496,0.225856,2.06148,485.089,15000,0,0
Suite_14,Forward,0,130,1.48384,0.565433,0,0.001056,0.240864,2.08627,479.324,15000,0,0
Suite_14,Forward,0,131,1.48209,0.560832,0,0.001728,0.227296,2.06825,483.501,15000,0,0
Suite_14,Forward,0,132,1.48081,0.568947,0,0.0016,0.226432,2.05531,486.545,15000,0,0
Suite_14,Forward,0,133,1.47467,0.572958,0,0.001888,0.243712,2.06616,483.989,15000,0,0
Suite_14,Forward,0,134,1.47349,0.567336,0,0.002016,0.227328,2.06092,485.221,15000,0,0
Suite_14,Forward,0,135,1.47637,0.594629,0,0.001344,0.226624,2.05279,487.143,15000,0,0
Suite_14,Forward,0,136,1.47358,0.588241,0,0.001504,0.227328,2.08509,479.596,15000,0,0
Suite_14,Forward,0,137,1.46555,0.567863,0,0.001472,0.228032,2.07724,481.408,15000,0,0
Suite_14,Forward,0,138,1.46296,0.566933,0,0.00144,0.22704,2.04682,488.564,15000,0,0
Suite_14,Forward,0,139,1.46362,0.577779,0,0.002048,0.226784,2.04222,489.663,15000,0,0
Suite_14,Forward,0,140,1.45559,0.564373,0,0.001568,0.249664,2.05497,486.625,15000,0,0
Suite_14,Forward,0,141,1.45757,0.565058,0,0.001888,0.225728,2.03355,491.75,15000,0,0
Suite_14,Forward,0,142,1.45063,0.574388,0,0.002048,0.22624,2.03565,491.244,15000,0,0
Suite_14,Forward,0,143,1.44972,0.577754,0,0.002048,0.226976,2.03741,490.819,15000,0,0
Suite_14,Forward,0,144,1.45287,0.561703,0,0.000224,0.227168,2.03981,490.241,15000,0,0
Suite_14,Forward,0,145,1.45178,0.558851,0,0.000928,0.227328,2.02835,493.011,15000,0,0
Suite_14,Forward,0,146,1.45643,0.575289,0,0.002048,0.226304,2.02356,494.178,15000,0,0
Suite_14,Forward,0,147,1.44695,0.567096,0,0.000352,0.239616,2.04518,488.955,15000,0,0
Suite_14,Forward,0,148,1.44028,0.565216,0,0.001184,0.225184,2.0263,493.51,15000,0,0
Suite_14,Forward,0,149,1.44006,0.565175,0,0.000192,0.227072,2.0195,495.173,15000,0,0
Suite_14,Forward,0,150,1.44065,0.574046,0,0.000512,0.251904,2.01961,495.144,15000,0,0
Suite_14,Forward,0,151,1.44216,0.564671,0,0.000672,0.227072,2.07749,481.35,15000,0,0
Suite_14,Forward,0,152,1.4387,0.557714,0,0.000544,0.227328,2.01849,495.421,15000,0,0
Suite_14,Forward,0,153,1.43495,0.572261,0,0.00032,0.22704,2.00999,497.514,15000,0,0
Suite_14,Forward,0,154,1.43126,0.560846,0,0.000512,0.239616,2.02127,494.739,15000,0,0
Suite_14,Forward,0,155,1.43293,0.568058,0,0.000288,0.247712,2.00452,498.872,15000,0,0
Suite_14,Forward,0,156,1.43192,0.573799,0,0.001856,0.22608,2.01326,496.706,15000,0,0
Suite_14,Forward,0,157,1.43528,0.562379,0,0.001664,0.227328,2.02179,494.61,15000,0,0
Suite_14,Forward,0,158,1.42943,0.558715,0,0.00176,0.2288,2.01052,497.383,15000,0,0
Suite_14,Forward,0,159,1.42135,0.564334,0,0.00064,0.226816,2.00563,498.597,15000,0,0
Suite_14,Forward,0,160,1.42636,0.579811,0,0.001728,0.227456,1.9986,500.351,15000,0,0
Suite_14,Forward,0,161,1.41942,0.564006,0,0.00176,0.230016,2.02256,494.423,15000,0,0
Suite_14,Forward,0,162,1.41615,0.571508,0,0.000544,0.243712,1.99716,500.711,15000,0,0
Suite_14,Forward,0,163,1.41609,0.569162,0,0.001536,0.227264,1.99982,500.044,15000,0,0
Suite_14,Forward,0,164,1.4089,0.565431,0,0.0016,0.245568,1.99875,500.312,15000,0,0
Suite_14,Forward,0,165,1.41478,0.564058,0,0.002048,0.227328,1.98976,502.572,15000,0,0
Suite_14,Forward,0,166,1.41472,0.567748,0,0.00144,0.22704,1.99195,502.02,15000,0,0
Suite_14,Forward,0,167,1.4073,0.566525,0,0.000576,0.22576,1.99576,501.062,15000,0,0
Suite_14,Forward,0,168,1.40677,0.561761,0,0,0.22912,1.98643,503.416,15000,0,0
Suite_14,Forward,0,169,1.4013,0.568095,0,0.000192,0.2256,1.98185,504.579,15000,0,0
Suite_14,Forward,0,170,1.40407,0.56745,0,0.001952,0.227072,1.98227,504.473,15000,0,0
Suite_14,Forward,0,171,1.39811,0.564763,0,0.001696,0.249984,1.98527,503.711,15000,0,0
Suite_14,Forward,0,172,1.39813,0.56913,0,0,0.227424,1.97492,506.35,15000,0,0
Suite_14,Forward,0,173,1.39264,0.566776,0,0.001376,0.227328,1.98045,504.936,15000,0,0
Suite_14,Forward,0,174,1.39948,0.57512,0,0.00064,0.227296,1.97308,506.821,15000,0,0
Suite_14,Forward,0,175,1.38827,0.561034,0,0.001888,0.228704,1.98729,503.197,15000,0,0
Suite_14,Forward,0,176,1.38953,0.557254,0,0.00144,0.247776,1.96187,509.719,15000,0,0
Suite_14,Forward,0,177,1.3899,0.568519,0,0.001984,0.226912,1.96007,510.187,15000,0,0
Suite_14,Forward,0,178,1.38158,0.567853,0,0.001952,0.249216,1.97312,506.813,15000,0,0
Suite_14,Forward,0,179,1.38072,0.566524,0,0.002048,0.229376,1.96205,509.67,15000,0,0
Suite_14,Forward,0,180,1.37807,0.575331,0,0.001504,0.227328,1.95935,510.374,15000,0,0
Suite_14,Forward,0,181,1.40433,0.643079,0,0.002048,0.227328,1.96917,507.827,15000,0,0
Suite_14,Forward,0,182,1.37728,0.572678,0,0.001056,0.23552,2.06578,484.078,15000,0,0
Suite_14,Forward,0,183,1.37054,0.565281,0,0.001408,0.250016,1.96318,509.378,15000,0,0
Suite_14,Forward,0,184,1.37331,0.580426,0,0.001952,0.22608,1.94809,513.325,15000,0,0
Suite_14,Forward,0,185,1.37207,0.589796,0,0.000928,0.226432,1.97012,507.584,15000,0,0
Suite_14,Forward,0,186,1.36814,0.571301,0,0.0016,0.22752,1.97734,505.729,15000,0,0
Suite_14,Forward,0,187,1.3663,0.565416,0,0.001792,0.227328,1.95748,510.86,15000,0,0
Suite_14,Forward,0,188,1.36691,0.577111,0,0.002048,0.226816,1.94444,514.288,15000,0,0
Suite_14,Forward,0,189,1.36488,0.574579,0,0.000928,0.238976,1.95992,510.224,15000,0,0
Suite_14,Forward,0,190,1.35843,0.564162,0,0.00096,0.22336,1.95277,512.093,15000,0,0
Suite_14,Forward,0,191,1.35946,0.571293,0,0.000352,0.22656,1.93494,516.813,15000,0,0
Suite_14,Forward,0,192,1.3559,0.575077,0,0.001792,0.226688,1.94371,514.48,15000,0,0
Suite_14,Forward,0,193,1.35876,0.565014,0,0.000448,0.227552,1.946,513.874,15000,0,0
Suite_14,Forward,0,194,1.35451,0.560821,0,0.000384,0.227552,1.93635,516.436,15000,0,0
Suite_14,Forward,0,195,1.35892,0.579149,0,0.00032,0.231648,1.92738,518.839,15000,0,0
Suite_14,Forward,0,196,1.35092,0.560612,0,0.002208,0.232064,1.95037,512.723,15000,0,0
Suite_14,Forward,0,197,1.35133,0.562462,0,0.000864,0.225856,1.92542,519.366,15000,0,0
Suite_14,Forward,0,198,1.35177,0.568496,0,0.001824,0.226304,1.92648,519.082,15000,0,0
Suite_14,Forward,0,199,1.34689,0.561399,0,0.000288,0.225664,1.93352,517.192,15000,0,0
Suite_14,Forward,0,200,1.34292,0.563946,0,0.000576,0.228608,1.92005,520.819,15000,0,0
Suite_14,Forward,0,201,1.34386,0.577488,0,0.001216,0.229376,1.92005,520.82,15000,0,0
Suite_14,Forward,0,202,1.33836,0.585527,0,0.002048,0.22688,1.93404,517.053,15000,0,0
Suite_14,Forward,0,203,1.34137,0.568212,0,0.002048,0.22848,1.93832,515.911,15000,0,0
Suite_14,Forward,0,204,1.33703,0.564127,0,0.002048,0.228672,1.92212,520.258,15000,0,0
Suite_14,Forward,0,205,1.3294,0.564843,0,0.001184,0.227328,1.91434,522.373,15000,0,0
Suite_14,Forward,0,206,1.33909,0.578214,0,0.000704,0.256064,1.90759,524.222,15000,0,0
Suite_14,Forward,0,207,1.33452,0.570422,0,0.00224,0.239616,1.93063,517.966,15000,0,0
Suite_14,Forward,0,208,1.32933,0.5575,0,0.001248,0.225216,1.91716,521.605,15000,0,0
Suite_14,Forward,0,209,1.32663,0.562049,0,0.002048,0.22736,1.90142,525.922,15000,0,0
Suite_14,Forward,0,210,1.33199,0.569779,0,0.00048,0.228384,1.90267,525.577,15000,0,0
Suite_14,Forward,0,211,1.32722,0.566741,0,0.000768,0.228736,1.91443,522.348,15000,0,0
Suite_14,Forward,0,212,1.32134,0.563246,0,0.002496,0.228736,1.90673,524.459,15000,0,0
Suite_14,Forward,0,213,1.32017,0.579673,0,0.001504,0.227168,1.89919,526.541,15000,0,0
Suite_14,Forward,0,214,1.31661,0.564336,0,0.002432,0.250016,1.91479,522.249,15000,0,0
Suite_14,Forward,0,215,1.31862,0.563558,0,0.002048,0.227328,1.8933,528.178,15000,0,0
Suite_14,Forward,0,216,1.31565,0.566231,0,0.000928,0.227456,1.90035,526.22,15000,0,0
Suite_14,Forward,0,217,1.31212,0.587325,0,0.001792,0.227328,1.8958,527.481,15000,0,0
Suite_14,Forward,0,218,1.30672,0.562986,0,0.001152,0.23968,1.91342,522.623,15000,0,0
Suite_14,Forward,0,219,1.31532,0.558129,0,0.002048,0.225184,1.88178,531.411,15000,0,0
Suite_14,Forward,0,220,1.3104,0.561689,0,0.00016,0.227328,1.88511,530.474,15000,0,0
Suite_14,Forward,0,221,1.30623,0.565987,0,0.002048,0.229376,1.88621,530.162,15000,0,0
Suite_14,Forward,0,222,1.30617,0.565592,0,0.000736,0.227584,1.89013,529.064,15000,0,0
Suite_14,Forward,0,223,1.29983,0.563273,0,0.001792,0.227776,1.88337,530.964,15000,0,0
Suite_14,Forward,0,224,1.30417,0.575131,0,0.002048,0.227488,1.8746,533.447,15000,0,0
Suite_14,Forward,0,225,1.29565,0.572246,0,0.002048,0.251904,1.8947,527.789,15000,0,0
Suite_14,Forward,0,226,1.29185,0.560771,0,0.002048,0.229088,1.8809,531.66,15000,0,0
Suite_14,Forward,0,227,1.29927,0.559834,0,0.002048,0.227328,1.8642,536.423,15000,0,0
Suite_14,Forward,0,228,1.30137,0.581869,0,0.001216,0.257952,1.8716,534.302,15000,0,0
Suite_14,Forward,0,229,1.29806,0.568892,0,0.00208,0.240064,1.89851,526.73,15000,0,0
Suite_14,Forward,0,230,1.2857,0.563582,0,0.002048,0.224544,1.87997,531.922,15000,0,0
Suite_14,Forward,0,231,1.28519,0.567126,0,0.001856,0.22768,1.86108,537.323,15000,0,0
Suite_14,Forward,0,232,1.2883,0.572507,0,0.002048,0.2288,1.86434,536.384,15000,0,0
Suite_14,Forward,0,233,1.28398,0.567642,0,0.003168,0.228256,1.87619,532.995,15000,0,0
Suite_14,Forward,0,234,1.28051,0.5592,0,0.00288,0.228832,1.86495,536.207,15000,0,0
Suite_14,Forward,0,235,1.28929,0.580726,0,0.003936,0.2272,1.85197,539.966,15000,0,0
Suite_14,Forward,0,236,1.28421,0.559886,0,0.002624,0.230176,1.88315,531.027,15000,0,0
Suite_14,Forward,0,237,1.27828,0.581448,0,0.002304,0.229568,1.85821,538.154,15000,0,0
Suite_14,Forward,0,238,1.2835,0.579362,0,0.003264,0.227648,1.87468,533.424,15000,0,0
Suite_14,Forward,0,239,1.27971,0.704034,0,0.00336,0.252992,1.87508,533.312,15000,0,0
Suite_14,Forward,0,240,1.27634,0.570379,0,0.002528,0.239616,1.99766,500.587,15000,0,0
Suite_14,Forward,0,241,1.27282,0.562979,0,0.002688,0.228416,1.86103,537.336,15000,0,0
Suite_14,Forward,0,242,1.26808,0.574297,0,0.002048,0.227552,1.84919,540.778,15000,0,0
Suite_14,Forward,0,243,1.27028,0.567272,0,0.002048,0.229376,1.85946,537.791,15000,0,0
Suite_14,Forward,0,244,1.27447,0.560154,0,0.003872,0.23136,1.85492,539.108,15000,0,0
Suite_14,Forward,0,245,1.26639,0.562287,0,0.002304,0.247808,1.84924,540.762,15000,0,0
Suite_14,Forward,0,246,1.26415,0.57074,0,0.002048,0.22768,1.84154,543.025,15000,0,0
Suite_14,Forward,0,247,1.26703,0.572199,0,0.003648,0.228192,1.84755,541.256,15000,0,0
Suite_14,Forward,0,248,1.26521,0.567183,0,0.002528,0.229056,1.85194,539.975,15000,0,0
Suite_14,Forward,0,249,1.25958,0.568528,0,0.002048,0.229376,1.84627,541.632,15000,0,0
Suite_14,Forward,0,250,1.26101,0.573124,0,0.003744,0.227456,1.84096,543.196,15000,0,0
Suite_14,Forward,0,251,1.25978,0.559639,0,0.003744,0.229376,1.84812,541.09,15000,0,0
Suite_14,Forward,0,252,1.25957,0.566164,0,0.004096,0.229184,1.83173,545.932,15000,0,0
Suite_14,Forward,0,253,1.25716,0.56572,0,0.004352,0.231328,1.83967,543.577,15000,0,0
Suite_14,Forward,0,254,1.25496,0.63929,0,0.002048,0.257792,1.83705,544.35,15000,0,0
Suite_14,Forward,0,255,1.25266,0.584065,0,0.004416,0.239616,1.9074,524.273,15000,0,0
Suite_14,Forward,0,256,1.24864,0.557923,0,0.004096,0.227328,1.84845,540.995,15000,0,0
Suite_14,Forward,0,257,1.24872,0.561034,0,0.003744,0.229344,1.81989,549.484,15000,0,0
Suite_14,Forward,0,258,1.24896,0.572435,0,0.00208,0.229344,1.82271,548.632,15000,0,0
Suite_14,Forward,0,259,1.24409,0.566192,0,0.006144,0.241664,1.83347,545.413,15000,0,0
Suite_14,Forward,0,260,1.24319,0.56977,0,0.002048,0.225408,1.8223,548.756,15000,0,0
Suite_14,Forward,0,261,1.24188,0.564767,0,0.004096,0.228896,1.82683,547.397,15000,0,0
Suite_14,Forward,0,262,1.24461,0.574429,0,0.002688,0.229376,1.82022,549.385,15000,0,0
Suite_14,Forward,0,263,1.24432,0.560564,0,0.003744,0.230272,1.83118,546.096,15000,0,0
Suite_14,Forward,0,264,1.23685,0.566626,0,0.004,0.229376,1.81633,550.562,15000,0,0
Suite_14,Forward,0,265,1.23701,0.5802,0,0.002944,0.227552,1.81681,550.417,15000,0,0
Suite_14,Forward,0,266,1.23717,0.565782,0,0.003968,0.229184,1.83143,546.022,15000,0,0
Suite_14,Forward,0,267,1.23539,0.560217,0,0.00384,0.230784,1.81448,551.122,15000,0,0
Suite_14,Forward,0,268,1.23347,0.56748,0,0.003232,0.230432,1.80717,553.351,15000,0,0
Suite_14,Forward,0,269,1.23979,0.615875,0,0.00288,0.229376,1.8157,550.751,15000,0,0
Suite_14,Forward,0,270,1.22708,0.568798,0,0.002656,0.251904,1.87152,534.324,15000,0,0
Suite_14,Forward,0,271,1.22812,0.562341,0,0.003648,0.23104,1.80861,552.912,15000,0,0
Suite_14,Forward,0,272,1.22766,0.561369,0,0.003488,0.228192,1.80221,554.876,15000,0,0
Suite_14,Forward,0,273,1.22906,0.643505,0,0.002944,0.259616,1.80752,553.245,15000,0,0
Suite_14,Forward,0,274,1.2322,0.563464,0,0.006144,0.242368,1.88687,529.977,15000,0,0
Suite_14,Forward,0,275,1.22858,0.562375,0,0.003232,0.230144,1.80758,553.226,15000,0,0
Suite_14,Forward,0,276,1.21742,0.5656,0,0.002496,0.23056,1.80289,554.664,15000,0,0
Suite_14,Forward,0,277,1.22268,0.571719,0,0.003552,0.2296,1.79696,556.496,15000,0,0
Suite_14,Forward,0,278,1.22477,0.565942,0,0.006144,0.243232,1.80811,553.064,15000,0,0
Suite_14,Forward,0,279,1.22031,0.560941,0,0.00288,0.228352,1.8028,554.692,15000,0,0
Suite_14,Forward,0,280,1.21637,0.563621,0,0.003808,0.22928,1.79339,557.602,15000,0,0
Suite_14,Forward,0,281,1.22143,0.571986,0,0.003904,0.230528,1.79432,557.315,15000,0,0
Suite_14,Forward,0,282,1.216,0.570035,0,0.004096,0.235872,1.80737,553.291,15000,0,0
Suite_14,Forward,0,283,1.21949,0.557848,0,0.003552,0.251136,1.79789,556.207,15000,0,0
Suite_14,Forward,0,284,1.22032,0.567011,0,0.003072,0.229504,1.78944,558.835,15000,0,0
Suite_14,Forward,0,285,1.21276,0.578729,0,0.003552,0.230912,1.80221,554.873,15000,0,0
Suite_14,Forward,0,286,1.21488,0.56597,0,0.002528,0.233056,1.80497,554.026,15000,0,0
Suite_14,Forward,0,287,1.21149,0.563676,0,0.00352,0.229376,1.79255,557.864,15000,0,0
Suite_14,Forward,0,288,1.21111,0.575359,0,0.004096,0.229888,1.78729,559.508,15000,0,0
Suite_14,Forward,0,289,1.21881,0.562303,0,0.002784,0.230368,1.80197,554.949,15000,0,0
Suite_14,Forward,0,290,1.20651,0.567104,0,0.004064,0.232448,1.79448,557.265,15000,0,0
Suite_14,Forward,0,291,1.20797,0.573001,0,0.003616,0.230752,1.78558,560.041,15000,0,0
Suite_14,Forward,0,292,1.2121,0.595407,0,0.00304,0.23152,1.79265,557.835,15000,0,0
Suite_14,Forward,0,293,1.2134,0.575769,0,0.00368,0.231424,1.82507,547.924,15000,0,0
Suite_14,Forward,0,294,1.20948,0.56107,0,0.003968,0.231424,1.80217,554.887,15000,0,0
Suite_14,Forward,0,295,1.20276,0.570761,0,0.004096,0.23312,1.78229,561.077,15000,0,0
Suite_14,Forward,0,296,1.20739,0.578693,0,0.004096,0.231328,1.78509,560.196,15000,0,0
Suite_14,Forward,0,297,1.2018,0.566937,0,0.004096,0.253952,1.80116,555.199,15000,0,0
Suite_14,Forward,0,298,1.20023,0.56586,0,0.004096,0.233056,1.78154,561.312,15000,0,0
Suite_14,Forward,0,299,1.20064,0.559016,0,0.00416,0.232992,1.77773,562.514,15000,0,0
Suite_14,Forward,0,300,1.20354,0.717416,0,0.004032,0.260544,1.77208,564.31,15000,0,0
Suite_14,Forward,0,301,1.19778,0.568111,0,0.004768,0.24576,1.9429,514.694,15000,0,0
Suite_14,Forward,0,302,1.19547,0.562997,0,0.004096,0.231424,1.77936,562,15000,0,0
Suite_14,Forward,0,303,1.19127,0.559588,0,0.004224,0.231968,1.77052,564.805,15000,0,0
Suite_14,Forward,0,304,1.20077,0.568344,0,0.004352,0.265632,1.76324,567.136,15000,0,0
Suite_14,Forward,0,305,1.19011,0.572898,0,0.005856,0.24784,1.78313,560.812,15000,0,0
Suite_14,Forward,0,306,1.19576,0.564974,0,0.005216,0.231424,1.77614,563.02,15000,0,0
Suite_14,Forward,0,307,1.19338,0.558529,0,0.005696,0.233312,1.77252,564.168,15000,0,0
Suite_14,Forward,0,308,1.19806,0.565152,0,0.004096,0.23456,1.76464,566.688,15000,0,0
Suite_14,Forward,0,309,1.19213,0.569895,0,0.006144,0.251904,1.77829,562.339,15000,0,0
Suite_14,Forward,0,310,1.19205,0.56163,0,0.005664,0.23584,1.77516,563.329,15000,0,0
Suite_14,Forward,0,311,1.19068,0.563873,0,0.004192,0.233472,1.7656,566.379,15000,0,0
Suite_14,Forward,0,312,1.18921,0.568255,0,0.005568,0.235456,1.76723,565.858,15000,0,0
Suite_14,Forward,0,313,1.19435,0.574354,0,0.006432,0.249088,1.77169,564.433,15000,0,0
Suite_14,Forward,0,314,1.19054,0.562743,0,0.005536,0.232288,1.78249,561.014,15000,0,0
Suite_14,Forward,0,315,1.18604,0.567879,0,0.005728,0.234944,1.76556,566.394,15000,0,0
Suite_14,Forward,0,316,1.19042,0.568076,0,0.005984,0.237568,1.76655,566.074,15000,0,0
Suite_14,Forward,0,317,1.18969,0.569215,0,0.004896,0.23552,1.7735,563.858,15000,0,0
Suite_14,Forward,0,318,1.18763,0.563078,0,0.004864,0.257536,1.77152,564.487,15000,0,0
Suite_14,Forward,0,319,1.18514,0.565544,0,0.006144,0.235328,1.76236,567.419,15000,0,0
Suite_14,Forward,0,320,1.18778,0.571385,0,0.006144,0.237568,1.76296,567.227,15000,0,0
Suite_14,Forward,0,321,1.18835,0.560934,0,0.005888,0.236288,1.77328,563.925,15000,0,0
Suite_14,Forward,0,322,1.18099,0.57052,0,0.006016,0.256224,1.76229,567.443,15000,0,0
Suite_14,Forward,0,323,1.18267,0.568457,0,0.006144,0.234304,1.76331,567.114,15000,0,0
Suite_14,Forward,0,324,1.18255,0.571421,0,0.006624,0.237568,1.76369,566.994,15000,0,0
Suite_14,Forward,0,325,1.18172,0.55886,0,0.007488,0.237568,1.7679,565.643,15000,0,0
Suite_14,Forward,0,326,1.18202,0.562096,0,0.006144,0.236224,1.7531,570.416,15000,0,0
Suite_14,Forward,0,327,1.18217,0.564578,0,0.006144,0.237568,1.75566,569.587,15000,0,0
Suite_14,Forward,0,328,1.18615,0.567311,0,0.006624,0.238848,1.75915,568.456,15000,0,0
Suite_14,Forward,0,329,1.1815,0.55822,0,0.007424,0.238368,1.76753,565.761,15000,0,0
Suite_14,Forward,0,330,1.18248,0.564763,0,0.0064,0.236384,1.7607,567.957,15000,0,0
Suite_14,Forward,0,331,1.17813,0.575536,0,0.007008,0.238144,1.75896,568.517,15000,0,0
Suite_14,Forward,0,332,1.17972,0.563555,0,0.00672,0.237568,1.76628,566.163,15000,0,0
Suite_14,Forward,0,333,1.17552,0.559365,0,0.006176,0.240768,1.75729,569.057,15000,0,0
Suite_14,Forward,0,334,1.18076,0.559388,0,0.007968,0.24192,1.7478,572.149,15000,0,0
Suite_14,Forward,0,335,1.18477,0.574237,0,0.00656,0.237856,1.75204,570.764,15000,0,0
Suite_14,Forward,0,336,1.17957,0.575593,0,0.00656,0.239616,1.7726,564.144,15000,0,0
Suite_14,Forward,0,337,1.17945,0.557534,0,0.00784,0.241152,1.76905,565.276,15000,0,0
Suite_14,Forward,0,338,1.17944,0.556396,0,0.008192,0.240064,1.74949,571.594,15000,0,0
Suite_14,Forward,0,339,1.18018,0.574516,0,0.008192,0.24192,1.74744,572.267,15000,0,0
Suite_14,Forward,0,340,1.18419,0.563055,0,0.008256,0.243904,1.76844,565.471,15000,0,0
Suite_14,Forward,0,341,1.18099,0.559715,0,0.007936,0.23968,1.76145,567.713,15000,0,0
Suite_14,Forward,0,342,1.18725,0.559715,0,0.008192,0.240224,1.75319,570.389,15000,0,0
Suite_14,Forward,0,343,1.1778,0.587567,0,0.00784,0.241664,1.75907,568.481,15000,0,0
Suite_14,Forward,0,344,1.18003,0.596359,0,0.008768,0.24176,1.77858,562.246,15000,0,0
Suite_14,Forward,0,345,1.19943,0.629362,0,0.00944,0.240384,1.79397,557.423,15000,0,0
Suite_14,Forward,0,346,1.18017,0.563476,0,0.008352,0.241312,1.84574,541.787,15000,0,0
Suite_14,Forward,0,347,1.1859,0.823135,0,0.008736,0.272,1.75634,569.367,15000,0,0
Suite_14,Forward,0,348,1.17945,0.570365,0,0.010208,0.257888,2.02189,494.587,15000,0,0
Suite_14,Forward,0,349,1.18155,0.585726,0,0.009408,0.241376,1.76357,567.031,15000,0,0
Suite_14,Forward,0,350,1.17949,0.573498,0,0.009376,0.241664,1.78166,561.274,15000,0,0
Suite_14,Forward,0,351,1.17941,0.572931,0,0.01024,0.264192,1.76488,566.611,15000,0,0
Suite_14,Forward,0,352,1.17607,0.560225,0,0.01024,0.258912,1.76578,566.324,15000,0,0
Suite_14,Forward,0,353,1.17127,0.562322,0,0.008704,0.239616,1.75005,571.411,15000,0,0
Suite_14,Forward,0,354,1.18135,0.5633,0,0.01024,0.243392,1.74629,572.643,15000,0,0
Suite_14,Forward,0,355,1.17824,0.566977,0,0.010048,0.243744,1.75647,569.324,15000,0,0
Suite_14,Forward,0,356,1.18084,0.559054,0,0.012288,0.258048,1.75777,568.903,15000,0,0
Suite_14,Forward,0,357,1.18148,0.572287,0,0.01024,0.24288,1.75454,569.951,15000,0,0
Suite_14,Forward,0,358,1.17359,0.565503,0,0.011072,0.246112,1.77086,564.697,15000,0,0
Suite_14,Forward,0,359,1.17715,0.5642,0,0.01024,0.245408,1.75164,570.893,15000,0,0
Suite_14,Forward,0,360,1.17658,0.561417,0,0.014304,0.262144,1.75428,570.033,15000,0,0
Suite_14,Forward,0,361,1.17951,0.562534,0,0.010016,0.243712,1.75124,571.023,15000,0,0
Suite_14,Forward,0,362,1.17399,0.568941,0,0.011904,0.247168,1.75484,569.852,15000,0,0
Suite_14,Forward,0,363,1.1792,0.581568,0,0.011136,0.245984,1.75568,569.579,15000,0,0
Suite_14,Forward,0,364,1.17779,0.558524,0,0.013856,0.260448,1.7729,564.049,15000,0,0
Suite_14,Forward,0,365,1.17967,0.565853,0,0.01072,0.241664,1.74943,571.615,15000,0,0
Suite_14,Forward,0,366,1.17922,0.569285,0,0.012512,0.251904,1.75865,568.62,15000,0,0
Suite_14,Forward,0,367,1.17678,0.567187,0,0.010976,0.247424,1.76172,567.626,15000,0,0
Suite_14,Forward,0,368,1.16963,0.585435,0,0.018432,0.26624,1.75623,569.402,15000,0,0
Suite_14,Forward,0,369,1.18497,0.561021,0,0.011232,0.243232,1.76847,565.459,15000,0,0
Suite_14,Forward,0,370,1.17584,0.574728,0,0.012416,0.247808,1.75865,568.617,15000,0,0
Suite_14,Forward,0,371,1.18557,0.579236,0,0.012288,0.247808,1.76381,566.955,15000,0,0
Suite_14,Forward,0,372,1.17861,0.567918,0,0.012704,0.249856,1.7778,562.492,15000,0,0
Suite_14,Forward,0,373,1.18579,0.55835,0,0.013024,0.264192,1.76094,567.878,15000,0,0
Suite_14,Forward,0,374,1.1778,0.565859,0,0.013888,0.247968,1.75689,569.189,15000,0,0
Suite_14,Forward,0,375,1.1817,0.576201,0,0.013888,0.249312,1.75601,569.472,15000,0,0
Suite_14,Forward,0,376,1.17436,0.56118,0,0.014336,0.251904,1.7705,564.811,15000,0,0
Suite_14,Forward,0,377,1.17166,0.55966,0,0.01392,0.274144,1.74992,571.456,15000,0,0
Suite_14,Forward,0,378,1.1768,0.570036,0,0.014208,0.248064,1.74494,573.086,15000,0,0
Suite_14,Forward,0,379,1.18344,0.576925,0,0.016192,0.253728,1.75976,568.259,15000,0,0
Suite_14,Forward,0,380,1.17526,0.569268,0,0.014656,0.249856,1.77357,563.835,15000,0,0
Suite_14,Forward,0,381,1.17924,0.55894,0,0.014336,0.250208,1.75826,568.744,15000,0,0
Suite_14,Forward,0,382,1.17592,0.563455,0,0.015648,0.249376,1.75085,571.151,15000,0,0
Suite_14,Forward,0,383,1.18325,0.577836,0,0.014656,0.249856,1.75082,571.163,15000,0,0
Suite_14,Forward,0,384,1.18106,0.562361,0,0.014368,0.250816,1.77352,563.849,15000,0,0
Suite_14,Forward,0,385,1.18487,0.557252,0,0.01552,0.25232,1.75745,569.008,15000,0,0
Suite_14,Forward,0,386,1.17981,0.580309,0,0.014752,0.250944,1.75499,569.803,15000,0,0
Suite_14,Forward,0,387,1.18221,0.567838,0,0.015904,0.250048,1.77724,562.669,15000,0,0
Suite_14,Forward,0,388,1.17576,0.561812,0,0.014624,0.253216,1.76215,567.489,15000,0,0
Suite_14,Forward,0,389,1.17779,0.556979,0,0.016384,0.251328,1.75256,570.592,15000,0,0
Suite_14,Forward,0,390,1.17387,0.580528,0,0.016384,0.252,1.74761,572.21,15000,0,0
Suite_14,Forward,0,391,1.17555,0.565653,0,0.016224,0.251904,1.76736,565.816,15000,0,0
Suite_14,Forward,0,392,1.17896,0.564078,0,0.016384,0.25184,1.75306,570.431,15000,0,0
Suite_14,Forward,0,393,1.17858,0.567073,0,0.016416,0.253952,1.75612,569.436,15000,0,0
Suite_14,Forward,0,394,1.18001,0.57021,0,0.018272,0.256192,1.75825,568.747,15000,0,0
Suite_14,Forward,0,395,1.17986,0.564275,0,0.0168,0.25232,1.76704,565.917,15000,0,0
Suite_14,Forward,0,396,1.17683,0.56482,0,0.017856,0.252512,1.75609,569.445,15000,0,0
Suite_14,Forward,0,397,1.17067,0.558358,0,0.017184,0.253952,1.75432,570.02,15000,0,0
Suite_14,Forward,0,398,1.18119,0.571441,0,0.01824,0.255424,1.74252,573.881,15000,0,0
Suite_14,Forward,0,399,1.17702,0.574107,0,0.018592,0.254048,1.76617,566.196,15000,0,0
Suite_14,Forward,0,400,1.17725,0.56279,0,0.01888,0.25568,1.76278,567.286,15000,0,0
Suite_14,Forward,0,401,1.1772,0.563891,0,0.018592,0.254176,1.75396,570.137,15000,0,0
Suite_14,Forward,0,402,1.17722,0.572629,0,0.018528,0.257248,1.75441,569.993,15000,0,0
Suite_14,Forward,0,403,1.17988,0.563566,0,0.020288,0.25536,1.76266,567.323,15000,0,0
Suite_14,Forward,0,404,1.17326,0.56061,0,0.019904,0.255584,1.75588,569.513,15000,0,0
Suite_14,Forward,0,405,1.17421,0.561929,0,0.018432,0.254112,1.74808,572.058,15000,0,0
Suite_14,Forward,0,406,1.18737,0.595817,0,0.0208,0.262144,1.74848,571.925,15000,0,0
Suite_14,Forward,0,407,1.1754,0.579427,0,0.020448,0.259648,1.79797,556.182,15000,0,0
Suite_14,Forward,0,408,1.17474,0.564178,0,0.01936,0.25728,1.76751,565.767,15000,0,0
Suite_14,Forward,0,409,1.17671,0.557891,0,0.02048,0.257312,1.75236,570.659,15000,0,0
Suite_14,Forward,0,410,1.18251,0.84605,0,0.022048,0.295488,1.74725,572.327,15000,0,0
Suite_14,Forward,0,411,1.18344,0.563585,0,0.027328,0.276256,2.04197,489.722,15000,0,0
Suite_14,Forward,0,412,1.17684,0.563355,0,0.02048,0.2576,1.75878,568.577,15000,0,0
Suite_14,Forward,0,413,1.17834,0.578313,0,0.02048,0.258816,1.7535,570.287,15000,0,0
Suite_14,Forward,0,414,1.18208,0.583494,0,0.022464,0.29072,1.7709,564.684,15000,0,0
Suite_14,Forward,0,415,1.17991,0.561199,0,0.03072,0.282048,1.78407,560.517,15000,0,0
Suite_14,Forward,0,416,1.17931,0.559434,0,0.0224,0.2584,1.75292,570.477,15000,0,0
Suite_14,Forward,0,417,1.17598,0.571102,0,0.021824,0.259232,1.75247,570.624,15000,0,0
Suite_14,Forward,0,418,1.18289,0.581465,0,0.022272,0.261696,1.7607,567.957,15000,0,0
Suite_14,Forward,0,419,1.18179,0.571053,0,0.03072,0.278464,1.77779,562.497,15000,0,0
Suite_14,Forward,0,420,1.17544,0.558623,0,0.021696,0.260096,1.76486,566.619,15000,0,0
Suite_14,Forward,0,421,1.18002,0.571954,0,0.023776,0.260128,1.74793,572.105,15000,0,0
Suite_14,Forward,0,422,1.18445,0.574972,0,0.022528,0.262528,1.76502,566.565,15000,0,0
Suite_14,Forward,0,423,1.17746,0.562264,0,0.03072,0.278368,1.77149,564.495,15000,0,0
Suite_14,Forward,0,424,1.18522,0.556834,0,0.024192,0.260128,1.75131,571.002,15000,0,0
Suite_14,Forward,0,425,1.17796,0.56482,0,0.024032,0.263776,1.75532,569.698,15000,0,0
Suite_14,Forward,0,426,1.17997,0.575014,0,0.023264,0.29552,1.75581,569.539,15000,0,0
Suite_14,Forward,0,427,1.17931,0.569048,0,0.031168,0.279904,1.76751,565.767,15000,0,0
Suite_14,Forward,0,428,1.17554,0.559369,0,0.023776,0.258784,1.75978,568.254,15000,0,0
Suite_14,Forward,0,429,1.1799,0.566627,0,0.024576,0.26624,1.74864,571.874,15000,0,0
Suite_14,Forward,0,430,1.186,0.573935,0,0.024576,0.264704,1.75971,568.275,15000,0,0
Suite_14,Forward,0,431,1.17515,0.559837,0,0.028672,0.278912,1.77223,564.26,15000,0,0
Suite_14,Forward,0,432,1.17971,0.558301,0,0.023488,0.262848,1.7466,572.541,15000,0,0
Suite_14,Forward,0,433,1.18179,0.561706,0,0.024576,0.263008,1.75202,570.771,15000,0,0
Suite_14,Forward,0,434,1.18387,0.588764,0,0.0264,0.268448,1.75681,569.214,15000,0,0
Suite_14,Forward,0,435,1.17906,0.569729,0,0.024768,0.26624,1.78586,559.954,15000,0,0
Suite_14,Forward,0,436,1.17743,0.562818,0,0.024576,0.283296,1.76114,567.813,15000,0,0
Suite_14,Forward,0,437,1.17418,0.565286,0,0.024928,0.26608,1.7549,569.834,15000,0,0
Suite_14,Forward,0,438,1.18537,0.58354,0,0.026336,0.29872,1.75274,570.536,15000,0,0
Suite_14,Forward,0,439,1.1777,0.56567,0,0.026624,0.268224,1.78209,561.138,15000,0,0
Suite_14,Forward,0,440,1.17687,0.556371,0,0.02464,0.281376,1.75599,569.478,15000,0,0
Suite_14,Forward,0,441,1.18733,0.568834,0,0.025536,0.268128,1.74759,572.216,15000,0,0
Suite_14,Forward,0,442,1.18156,0.572208,0,0.02656,0.299008,1.76922,565.221,15000,0,0
Suite_14,Forward,0,443,1.18599,0.56749,0,0.025856,0.26624,1.77079,564.721,15000,0,0
Suite_14,Forward,0,444,1.18034,0.761479,0,1.06093,1.29968,1.77106,564.632,15000,0,0
Suite_14,Forward,0,445,1.18281,0.575727,0,0.027904,0.266496,1.95547,511.385,15000,0,0
Suite_14,Forward,0,446,1.18239,0.560181,0,0.026432,0.26672,1.77293,564.037,15000,0,0
Suite_14,Forward,0,447,1.18112,0.566955,0,0.026848,0.26832,1.75524,569.721,15000,0,0
Suite_14,Forward,0,448,1.18378,0.562637,0,0.02704,0.26752,1.76056,568.002,15000,0,0
Suite_14,Forward,0,449,1.18433,0.573989,0,0.027264,0.268832,1.76034,568.073,15000,0,0
Suite_14,Forward,0,450,1.17686,0.561335,0,0.0272,0.269824,1.77325,563.936,15000,0,0
Suite_14,Forward,0,451,1.17918,0.564556,0,0.02864,0.26992,1.75014,571.383,15000,0,0
Suite_14,Forward,0,452,1.1774,0.560996,0,0.02784,0.268192,1.75573,569.563,15000,0,0
Suite_14,Forward,0,453,1.18442,0.581104,0,0.028416,0.270336,1.75273,570.54,15000,0,0
Suite_14,Forward,0,454,1.18635,0.559772,0,0.026688,0.268928,1.7804,561.671,15000,0,0
Suite_14,Forward,0,455,1.18208,0.564622,0,0.028672,0.268832,1.75879,568.572,15000,0,0
Suite_14,Forward,0,456,1.17711,0.565252,0,0.028672,0.269088,1.7588,568.571,15000,0,0
Suite_14,Forward,0,457,1.18558,0.583374,0,0.0296,0.270624,1.7559,569.509,15000,0,0
Suite_14,Forward,0,458,1.18159,0.565476,0,0.028672,0.288768,1.78784,559.334,15000,0,0
Suite_14,Forward,0,459,1.17549,0.565071,0,0.028928,0.270336,1.759,568.506,15000,0,0
Suite_14,Forward,0,460,1.18295,0.56327,0,0.03072,0.272416,1.75279,570.521,15000,0,0
Suite_14,Forward,0,461,1.18323,0.829673,0,0.030272,0.302816,1.75988,568.221,15000,0,0
Suite_14,Forward,0,462,1.18173,0.568592,0,0.03024,0.278528,2.02665,493.424,15000,0,0
Suite_14,Forward,0,463,1.18422,0.579964,0,0.027648,0.268288,1.76259,567.346,15000,0,0
Suite_14,Forward,0,464,1.18348,0.572546,0,0.02944,0.270336,1.77733,562.643,15000,0,0
Suite_14,Forward,0,465,1.18492,0.578492,0,0.03072,0.312416,1.76968,565.075,15000,0,0
Suite_14,Forward,0,466,1.17592,0.566892,0,0.03072,0.279904,1.7772,562.682,15000,0,0
Suite_14,Forward,0,467,1.1778,0.560184,0,0.029536,0.270336,1.75455,569.946,15000,0,0
Suite_14,Forward,0,468,1.1801,0.561124,0,0.03072,0.272352,1.7497,571.525,15000,0,0
Suite_14,Forward,0,469,1.18308,0.574751,0,0.03232,0.309248,1.75504,569.787,15000,0,0
Suite_14,Forward,0,470,1.17486,0.565867,0,0.03072,0.27872,1.77179,564.4,15000,0,0
Suite_14,Forward,0,471,1.18071,0.576874,0,0.030016,0.271808,1.75294,570.47,15000,0,0
Suite_14,Forward,0,472,1.17875,0.560042,0,0.031808,0.274432,1.77311,563.979,15000,0,0
Suite_14,Forward,0,473,1.17956,0.575191,0,0.03168,0.314912,1.75282,570.51,15000,0,0
Suite_14,Forward,0,474,1.18436,0.574666,0,0.03072,0.27808,1.76824,565.534,15000,0,0
Suite_14,Forward,0,475,1.18158,0.55869,0,0.03056,0.268928,1.77108,564.629,15000,0,0
Suite_14,Forward,0,476,1.17737,0.566376,0,0.032704,0.274464,1.75208,570.751,15000,0,0
Suite_14,Forward,0,477,1.18154,0.5745,0,0.031968,0.275744,1.76208,567.51,15000,0,0
Suite_14,Forward,0,478,1.18093,0.574589,0,0.031072,0.279136,1.7697,565.068,15000,0,0
Suite_14,Forward,0,479,1.18267,0.56458,0,0.03184,0.294432,1.76741,565.801,15000,0,0
Suite_14,Forward,0,480,1.17921,0.564465,0,0.036384,0.279264,1.76428,566.804,15000,0,0
Suite_14,Forward,0,481,1.18443,0.56891,0,0.035648,0.313344,1.7583,568.731,15000,0,0
Suite_14,Forward,0,482,1.18114,0.565353,0,0.035456,0.280224,1.76657,566.07,15000,0,0
Suite_14,Forward,0,483,1.18143,0.572847,0,0.035776,0.301376,1.75812,568.789,15000,0,0
Suite_14,Forward,0,484,1.18052,0.560313,0,0.035648,0.281024,1.76619,566.19,15000,0,0
Suite_14,Forward,0,485,1.18007,0.571673,0,0.036448,0.31744,1.75513,569.759,15000,0,0
Suite_14,Forward,0,486,1.18233,0.569859,0,0.037024,0.280704,1.76566,566.359,15000,0,0
Suite_14,Forward,0,487,1.18782,0.563728,0,0.040768,0.295488,1.76488,566.611,15000,0,0
Suite_14,Forward,0,488,1.17708,0.567905,0,0.036864,0.281472,1.76379,566.961,15000,0,0
Suite_14,Forward,0,489,1.18539,0.574642,0,0.036864,0.31312,1.76005,568.164,15000,0,0
Suite_14,Forward,0,490,1.18241,0.579891,0,0.042624,0.28496,1.77352,563.851,15000,0,0
Suite_14,Forward,0,491,1.18407,0.565576,0,0.04192,0.286528,1.77445,563.555,15000,0,0
Suite_14,Forward,0,492,1.18195,0.574654,0,0.042784,0.286784,1.76141,567.727,15000,0,0
Suite_14,Forward,0,493,1.18504,0.559482,0,0.043008,0.319488,1.77575,563.143,15000,0,0
Suite_14,Forward,0,494,1.1852,0.563902,0,0.04816,0.29088,1.75757,568.969,15000,0,0
Suite_14,Forward,0,495,1.18409,0.564833,0,0.047488,0.290816,1.76061,567.985,15000,0,0
Suite_14,Forward,0,496,1.18328,0.576475,0,0.048544,0.296448,1.76035,568.069,15000,0,0
Suite_14,Forward,0,497,1.17915,0.574992,0,0.047648,0.292384,1.77435,563.587,15000,0,0
Suite_14,Forward,0,498,1.18213,0.568175,0,0.048672,0.292224,1.76696,565.945,15000,0,0
Suite_14,Forward,0,499,1.18167,0.56222,0,0.047744,0.292544,1.76273,567.303,15000,0,0
Suite_14,Forward,0,500,1.18393,0.578259,0,0.048896,0.292544,1.75974,568.267,15000,0,0
Suite_14,Forward,0,501,1.18206,0.56177,0,0.048512,0.291712,1.78426,560.457,15000,0,0
Suite_14,Forward,0,502,1.17999,0.558897,0,0.049152,0.292448,1.75659,569.285,15000,0,0
Suite_14,Forward,0,503,1.18211,0.569679,0,0.047936,0.292864,1.75026,571.344,15000,0,0
Suite_14,Forward,0,504,1.185,0.578836,0,0.049152,0.292928,1.76345,567.07,15000,0,0
Suite_14,Forward,0,505,1.17905,0.558918,0,0.049152,0.292864,1.77836,562.317,15000,0,0
Suite_14,Forward,0,506,1.1938,0.564545,0,0.054304,0.299008,1.75108,571.077,15000,0,0
Suite_14,Forward,0,507,1.18525,0.563576,0,0.059392,0.303168,1.76994,564.992,15000,0,0
Suite_14,Forward,0,508,1.18745,0.581936,0,0.060736,0.30352,1.76029,568.087,15000,0,0
Suite_14,Forward,0,509,1.18214,0.558884,0,0.060064,0.30528,1.78479,560.29,15000,0,0
Suite_14,Forward,0,510,1.18095,0.568332,0,0.060224,0.307712,1.75802,568.822,15000,0,0
Suite_14,Forward,0,511,1.17883,0.563356,0,0.059616,0.30496,1.76106,567.839,15000,0,0
Suite_14,Forward,0,512,1.18836,0.916234,0,0.061248,0.33344,1.75379,570.193,15000,0,0
Suite_14,Forward,0,513,1.18643,0.572286,0,0.061376,0.306528,2.11916,471.885,15000,0,0
Suite_14,Forward,0,514,1.18338,0.580977,0,0.06256,0.307392,1.77171,564.428,15000,0,0
Suite_14,Forward,0,515,1.20681,0.636452,0,0.060928,0.305184,1.77881,562.175,15000,0,0
Suite_14,Forward,0,516,1.185,0.588312,0,0.061472,0.308224,1.859,537.925,15000,0,0
Suite_14,Forward,0,517,1.19066,0.576249,0,0.06144,0.306432,1.78923,558.899,15000,0,0
Suite_14,Forward,0,518,1.18122,0.565724,0,0.06144,0.30176,1.78023,561.724,15000,0,0
Suite_14,Forward,0,519,1.18443,0.586619,0,0.061792,0.307392,1.75899,568.51,15000,0,0
Suite_14,Forward,0,520,1.18894,0.592928,0,0.061728,0.347328,1.78546,560.079,15000,0,0
Suite_14,Forward,0,521,1.1909,0.564014,0,0.063264,0.30688,1.79746,556.341,15000,0,0
Suite_14,Forward,0,522,1.18327,0.565686,0,0.062368,0.325632,1.76792,565.636,15000,0,0
Suite_14,Forward,0,523,1.18164,0.571067,0,0.063488,0.30976,1.76098,567.865,15000,0,0
Suite_14,Forward,0,524,1.18921,0.582326,0,0.063488,0.340864,1.76449,566.736,15000,0,0
Suite_14,Forward,0,525,1.18072,0.568067,0,0.06208,0.3072,1.78661,559.719,15000,0,0
Suite_14,Forward,0,526,1.17984,0.564405,0,0.062144,0.329856,1.76167,567.644,15000,0,0
Suite_14,Forward,0,527,1.18679,0.564548,0,0.064736,0.311264,1.75601,569.473,15000,0,0
Suite_14,Forward,0,528,1.18131,0.589724,0,0.062304,0.33856,1.76388,566.933,15000,0,0
Suite_14,Forward,0,529,1.18849,0.563466,0,0.063488,0.3072,1.79153,558.181,15000,0,0
Suite_14,Forward,0,530,1.18228,0.569883,0,0.063392,0.30752,1.76511,566.536,15000,0,0
Suite_14,Forward,0,531,1.18318,0.578634,0,0.063488,0.309248,1.76387,566.935,15000,0,0
Suite_14,Forward,0,532,1.18924,0.58323,0,0.06496,0.344064,1.77422,563.626,15000,0,0
Suite_14,Forward,0,533,1.18326,0.569121,0,0.06352,0.30816,1.79284,557.773,15000,0,0
Suite_14,Forward,0,534,1.19032,0.572314,0,0.063776,0.309376,1.76496,566.585,15000,0,0
Suite_14,Forward,0,535,1.18067,0.574799,0,0.063488,0.309248,1.77458,563.515,15000,0,0
Suite_14,Forward,0,536,1.1801,0.574037,0,0.063488,0.336448,1.76921,565.225,15000,0,0
Suite_14,Forward,0,537,1.18444,0.574847,0,0.063936,0.308096,1.76755,565.755,15000,0,0
Suite_14,Forward,0,538,1.18396,0.558141,0,0.063488,0.310272,1.77224,564.259,15000,0,0
Suite_14,Forward,0,539,1.18494,0.574495,0,0.065312,0.311872,1.75375,570.208,15000,0,0
Suite_14,Forward,0,540,1.18905,0.575748,0,0.065312,0.310656,1.77529,563.289,15000,0,0
Suite_14,Forward,0,541,1.18009,0.567944,0,0.06512,0.309568,1.77811,562.394,15000,0,0
Suite_14,Forward,0,542,1.18454,0.557744,0,0.064992,0.311296,1.76064,567.975,15000,0,0
Suite_14,Forward,0,543,1.18803,0.574275,0,0.064928,0.311296,1.75441,569.992,15000,0,0
Suite_14,Forward,0,544,1.18713,0.565646,0,0.06528,0.30976,1.77632,562.961,15000,0,0
Suite_14,Forward,0,545,1.18632,0.563344,0,0.07168,0.31744,1.76708,565.905,15000,0,0
Suite_14,Forward,0,546,1.18545,0.5718,0,0.07136,0.31728,1.76311,567.18,15000,0,0
Suite_14,Forward,0,547,1.19018,0.576117,0,0.071136,0.317312,1.7693,565.195,15000,0,0
Suite_14,Forward,0,548,1.18328,0.574505,0,0.07168,0.33792,1.77987,561.839,15000,0,0
Suite_14,Forward,0,549,1.18759,0.569111,0,0.071712,0.31744,1.7729,564.047,15000,0,0
Suite_14,Forward,0,550,1.18158,0.574869,0,0.071488,0.317472,1.77024,564.895,15000,0,0
Suite_14,Forward,0,551,1.18837,0.828333,0,0.07168,0.34608,1.7697,565.067,15000,0,0
Suite_14,Forward,0,552,1.18682,0.592005,0,0.07328,0.317824,2.03076,492.427,15000,0,0
Suite_14,Forward,0,553,1.18776,0.564512,0,0.072096,0.315872,1.79331,557.629,15000,0,0
Suite_14,Forward,0,554,1.19163,0.574684,0,0.072256,0.319136,1.7656,566.378,15000,0,0
Suite_14,Forward,0,555,1.19302,0.599666,0,0.078144,0.35024,1.77953,561.945,15000,0,0
Suite_14,Forward,0,556,1.18814,0.578242,0,0.08416,0.32768,1.80681,553.463,15000,0,0
Suite_14,Forward,0,557,1.18402,0.568146,0,0.084416,0.32768,1.78971,558.75,15000,0,0
Suite_14,Forward,0,558,1.18427,0.578129,0,0.08432,0.331776,1.76529,566.479,15000,0,0
Suite_14,Forward,0,559,1.18711,0.606929,0,0.085632,0.362528,1.77528,563.293,15000,0,0
Suite_14,Forward,0,560,1.18762,0.580177,0,0.085408,0.330816,1.80822,553.03,15000,0,0
Suite_14,Forward,0,561,1.18464,0.563108,0,0.084672,0.350176,1.78218,561.111,15000,0,0
Suite_14,Forward,0,562,1.19275,0.564125,0,0.086016,0.330176,1.76059,567.992,15000,0,0
Suite_14,Forward,0,563,1.19156,0.594017,0,0.085184,0.364544,1.76946,565.144,15000,0,0
Suite_14,Forward,0,564,1.18789,0.57669,0,0.084768,0.3312,1.79938,555.748,15000,0,0
Suite_14,Forward,0,565,1.18898,0.569152,0,0.08592,0.329728,1.78565,560.02,15000,0,0
Suite_14,Forward,0,566,1.18843,0.568164,0,0.086016,0.331328,1.77204,564.32,15000,0,0
Suite_14,Forward,0,567,1.18767,0.580846,0,0.085856,0.36432,1.76946,565.145,15000,0,0
Suite_14,Forward,0,568,1.18941,0.57196,0,0.0856,0.33152,1.7818,561.231,15000,0,0
Suite_14,Forward,0,569,1.1901,0.565072,0,0.09216,0.33744,1.77493,563.403,15000,0,0
Suite_14,Forward,0,570,1.18577,0.572614,0,0.091072,0.338016,1.76787,565.653,15000,0,0
Suite_14,Forward,0,571,1.18873,0.569994,0,0.092256,0.35856,1.77186,564.379,15000,0,0
Suite_14,Forward,0,572,1.18817,0.574946,0,0.092256,0.339424,1.77163,564.451,15000,0,0
Suite_14,Forward,0,573,1.18899,0.567013,0,0.09216,0.33792,1.77656,562.887,15000,0,0
Suite_14,Forward,0,574,1.18902,0.585775,0,0.092736,0.33952,1.76887,565.334,15000,0,0
Suite_14,Forward,0,575,1.19194,0.56125,0,0.093472,0.363104,1.79259,557.853,15000,0,0
Suite_14,Forward,0,576,1.19402,0.598831,0,0.0928,0.33888,1.76506,566.554,15000,0,0
Suite_14,Forward,0,577,1.19519,0.585312,0,0.093952,0.340256,1.80849,552.946,15000,128,0.000163202
Suite_14,Forward,0,578,1.20142,0.608503,0,0.099904,0.346112,1.79448,557.265,15000,128,0.000163769
Suite_14,Forward,0,579,1.19463,0.582384,0,0.100352,0.347776,1.82454,548.084,15000,128,0.000164342
Suite_14,Forward,0,580,1.1995,0.573201,0,0.10048,0.347552,1.78961,558.78,15000,256,0.000277243
Suite_14,Forward,0,581,1.19604,0.576611,0,0.106816,0.356288,1.79373,557.497,15000,256,0.000278224
Suite_14,Forward,0,582,1.19705,0.903063,0,0.106848,0.356736,1.78668,559.696,15000,256,0.000279213
Suite_14,Forward,0,583,1.19665,0.580987,0,0.106816,0.352256,2.11435,472.958,15000,384,0.000431886
Suite_14,Forward,0,584,1.19388,0.584548,0,0.107616,0.354304,1.79024,558.583,15000,384,0.000433338
Suite_14,Forward,0,585,1.19332,0.584231,0,0.108224,0.354304,1.79295,557.739,15000,384,0.000434801
Suite_14,Forward,0,586,1.19805,0.585212,0,0.108544,0.354304,1.79634,556.688,15000,384,0.000436277
Suite_14,Forward,0,587,1.20118,0.582069,0,0.108608,0.352256,1.7969,556.514,15000,512,0.000710018
Suite_14,Forward,0,588,1.19423,0.581626,0,0.108544,0.3736,1.79555,556.932,15000,640,0.000776985
Suite_14,Forward,0,589,1.19465,0.577981,0,0.108192,0.353792,1.79062,558.465,15000,640,0.000779822
Suite_14,Forward,0,590,1.19421,0.597077,0,0.108736,0.354272,1.78627,559.826,15000,768,0.00121489
Suite_14,Forward,0,591,1.20174,0.581509,0,0.108544,0.352576,1.80496,554.03,15000,896,0.00145927
Suite_14,Forward,0,592,1.20552,0.572207,0,0.109024,0.356224,1.79611,556.757,15000,1024,0.00163708
Suite_14,Forward,0,593,1.19959,0.591578,0,0.110176,0.354304,1.79275,557.803,15000,1024,0.00164307
Suite_14,Forward,0,594,1.208,0.606343,0,0.110336,0.354624,1.80587,553.751,15000,1024,0.0016491
Suite_14,Forward,0,595,1.20056,0.600913,0,0.109248,0.354304,1.82925,546.674,15000,1024,0.0016552
Suite_14,Forward,0,596,1.19974,0.580563,0,0.109024,0.354624,1.81455,551.099,15000,1152,0.00169501
Suite_14,Forward,0,597,1.20637,0.596213,0,0.109376,0.35456,1.79572,556.88,15000,1280,0.00197804
Suite_14,Forward,0,598,1.20111,0.584268,0,0.10944,0.37696,1.81922,549.686,15000,1536,0.00249777
Suite_14,Forward,0,599,1.20461,0.583382,0,0.110624,0.355264,1.79869,555.959,15000,1792,0.00316409
Suite_14,Forward,0,600,1.20237,0.595863,0,0.110592,0.356352,1.8008,555.308,15000,1920,0.00346947
Suite_14,Forward,0,601,1.20455,0.598529,0,0.111872,0.356608,1.81284,551.619,15000,2048,0.00379887
Suite_14,Forward,0,602,1.20911,0.595126,0,0.11264,0.377344,1.81801,550.05,15000,2176,0.00404335
Suite_14,Forward,0,603,1.20394,0.588152,0,0.111904,0.3584,1.81812,550.019,15000,2304,0.00424228
Suite_14,Forward,0,604,1.20514,0.597329,0,0.112064,0.357824,1.80537,553.902,15000,2304,0.0042581
Suite_14,Forward,0,605,1.21097,0.766959,0,0.114048,0.397312,1.81907,549.732,15000,2432,0.004374
Suite_14,Forward,0,606,1.20535,0.620117,0,0.11152,0.356352,1.99398,501.509,15000,2432,0.00439048
Suite_14,Forward,0,607,1.20729,0.581831,0,0.11264,0.357376,1.83901,543.772,15000,2432,0.00440711
Suite_14,Forward,0,608,1.20654,0.586546,0,0.113088,0.358304,1.80714,553.361,15000,2432,0.00442387
Suite_14,Forward,0,609,1.20987,0.587636,0,0.114784,0.396832,1.80805,553.082,15000,2432,0.00444078
Suite_14,Forward,0,610,1.20903,0.591034,0,0.113248,0.357344,1.81284,551.619,15000,2432,0.00445784
Suite_14,Forward,0,611,1.20597,0.588363,0,0.113856,0.385024,1.8133,551.48,15000,2560,0.00468685
Suite_14,Forward,0,612,1.20567,0.590974,0,0.1136,0.361504,1.80783,553.148,15000,2560,0.00470506
Suite_14,Forward,0,613,1.20776,0.587653,0,0.114432,0.39248,1.81838,549.94,15000,2688,0.00476432
Suite_14,Forward,0,614,1.21056,0.590547,0,0.113472,0.359808,1.81537,550.852,15000,2816,0.0051512
Suite_14,Forward,0,615,1.20711,0.589772,0,0.113632,0.360736,1.81486,551.006,15000,2944,0.005211
Suite_14,Forward,0,616,1.20867,0.604637,0,0.114688,0.360512,1.81074,552.261,15000,3072,0.00526029
Suite_14,Forward,0,617,1.21048,0.602529,0,0.114688,0.392928,1.83019,546.393,15000,3072,0.00528099
Suite_14,Forward,0,618,1.21044,0.597366,0,0.115744,0.364544,1.82781,547.103,15000,3200,0.00541473
Suite_14,Forward,0,619,1.21162,0.584431,0,0.114592,0.361984,1.82119,549.092,15000,3200,0.00543615
Suite_14,Forward,0,620,1.21376,0.60715,0,0.114688,0.362496,1.80969,552.581,15000,3200,0.00545776
Suite_14,Forward,0,621,1.21147,0.600268,0,0.114688,0.383392,1.83727,544.286,15000,3072,0.0052588
Suite_14,Forward,0,622,1.21177,0.603168,0,0.114816,0.361312,1.8265,547.494,15000,3200,0.00548973
Suite_14,Forward,0,623,1.21026,0.599505,0,0.114688,0.362496,1.8286,546.866,15000,3456,0.00577544
Suite_14,Forward,0,624,1.21571,0.746952,0,0.11664,0.392864,1.82352,548.389,15000,3584,0.00598542
Suite_14,Forward,0,625,1.21396,0.600145,0,0.115072,0.362496,1.97934,505.22,15000,3840,0.00650123
Suite_14,Forward,0,626,1.21489,0.594659,0,0.116736,0.363168,1.8291,546.718,15000,3840,0.00652725
Suite_14,Forward,0,627,1.21457,0.603412,0,0.122944,0.369952,1.82333,548.446,15000,3840,0.0065535
Suite_14,Forward,0,628,1.21648,0.61464,0,0.122624,0.403552,1.83267,545.653,15000,3968,0.00669116
Suite_14,Forward,0,629,1.21548,0.606988,0,0.12288,0.370592,1.8479,541.155,15000,4224,0.00714527
Suite_14,Forward,0,630,1.21239,0.60924,0,0.123904,0.37216,1.83723,544.296,15000,4224,0.00717406
Suite_14,Forward,0,631,1.22023,0.624044,0,0.12976,0.37728,1.83597,544.67,15000,4224,0.00720309
Suite_14,Forward,0,632,1.22264,0.626278,0,0.130304,0.407552,1.86107,537.326,15000,4224,0.00723237
Suite_14,Forward,0,633,1.22057,0.597909,0,0.130944,0.376384,1.86594,535.922,15000,4352,0.00740432
Suite_14,Forward,0,634,1.21338,0.605468,0,0.130624,0.376896,1.83353,545.397,15000,4480,0.00766914
Suite_14,Forward,0,635,1.22556,0.610235,0,0.131072,0.377504,1.83255,545.687,15000,4608,0.0077561
Suite_14,Forward,0,636,1.21827,0.605085,0,0.131072,0.4016,1.852,539.957,15000,4608,0.00778799
Suite_14,Forward,0,637,1.21529,0.598458,0,0.131072,0.37712,1.83907,543.754,15000,4736,0.00812143
Suite_14,Forward,0,638,1.21444,0.624711,0,0.137408,0.385152,1.83314,545.513,15000,4736,0.00815496
Suite_14,Forward,0,639,1.22702,0.779143,0,0.132128,0.411648,1.85414,539.333,15000,4736,0.00818876
Suite_14,Forward,0,640,1.22191,0.61159,0,0.13312,0.376832,2.02151,494.68,15000,4992,0.00880981
Suite_14,Forward,0,641,1.2162,0.607702,0,0.134304,0.380032,1.84937,540.724,15000,5120,0.00916439
Suite_14,Forward,0,642,1.21923,0.60322,0,0.13312,0.380096,1.83927,543.694,15000,5120,0.00920227
Suite_14,Forward,0,643,1.22201,0.621056,0,0.134752,0.409536,1.84174,542.966,15000,5120,0.00924047
Suite_14,Forward,0,644,1.22094,0.603171,0,0.133536,0.380928,1.85847,538.077,15000,5120,0.00927897
Suite_14,Forward,0,645,1.21774,0.60497,0,0.126912,0.37168,1.84086,543.223,15000,5504,0.00989768
Suite_14,Forward,0,646,1.22439,0.594065,0,0.126976,0.373152,1.83827,543.989,15000,5504,0.00993926
Suite_14,Forward,0,647,1.22568,0.655499,0,0.127456,0.40768,1.83311,545.52,15000,5632,0.0102146
Suite_14,Forward,0,648,1.21847,0.611515,0,0.127776,0.375232,1.89552,527.559,15000,5760,0.0106824
Suite_14,Forward,0,649,1.21939,0.6062,0,0.126976,0.374624,1.8461,541.684,15000,5632,0.0103671
Suite_14,Forward,0,650,1.21926,0.653785,0,0.1272,0.3752,1.84073,543.262,15000,5632,0.0104109
Suite_14,Forward,0,651,1.22085,0.60966,0,0.127584,0.397408,1.88941,529.265,15000,5632,0.010455
Suite_14,Forward,0,652,1.21898,0.606598,0,0.127936,0.37424,1.84561,541.826,15000,5504,0.0103476
Suite_14,Forward,0,653,1.22117,0.603693,0,0.128896,0.37584,1.84782,541.179,15000,5504,0.0103918
Suite_14,Forward,0,654,1.23052,0.621271,0,0.129024,0.374784,1.84056,543.312,15000,5632,0.010672
Suite_14,Forward,0,655,1.2212,0.611948,0,0.130656,0.376416,1.86781,535.386,15000,5632,0.0107177
Suite_14,Forward,0,656,1.21915,0.610041,0,0.129376,0.375392,1.84831,541.035,15000,5760,0.0108402
Suite_14,Forward,0,657,1.22295,0.631236,0,0.128928,0.376576,1.85103,540.24,15000,5888,0.010943
Suite_14,Forward,0,658,1.22884,0.815343,0,0.127936,0.409216,1.87286,533.942,15000,5888,0.0109903
Suite_14,Forward,0,659,1.22019,0.61468,0,0.128928,0.374944,2.05997,485.445,15000,5888,0.0110379
Suite_14,Forward,0,660,1.22085,0.603553,0,0.130272,0.37648,1.84946,540.699,15000,5888,0.0106657
Suite_14,Forward,0,661,1.22393,0.605049,0,0.12912,0.375104,1.84101,543.18,15000,6016,0.010931
Suite_14,Forward,0,662,1.22523,0.602637,0,0.131072,0.401408,1.84655,541.552,15000,6016,0.0109782
Suite_14,Forward,0,663,1.22148,0.617464,0,0.130112,0.376064,1.84242,542.764,15000,6016,0.0109612
Suite_14,Forward,0,664,1.22329,0.631403,0,0.130112,0.376544,1.85384,539.421,15000,6016,0.0110089
Suite_14,Forward,0,665,1.2242,0.622351,0,0.129664,0.376832,1.87115,534.429,15000,6016,0.011057
Suite_14,Forward,0,666,1.22444,0.601315,0,0.129248,0.380768,1.8644,536.365,15000,6144,0.0111712
Suite_14,Forward,0,667,1.22415,0.596626,0,0.129728,0.375136,1.8409,543.213,15000,6144,0.0112203
Suite_14,Forward,0,668,1.22437,0.623925,0,0.131072,0.378624,1.83524,544.887,15000,6144,0.0112698
Suite_14,Forward,0,669,1.22661,0.611177,0,0.130336,0.377088,1.86602,535.899,15000,6144,0.0113196
Suite_14,Forward,0,670,1.22145,0.602961,0,0.131072,0.37808,1.85371,539.458,15000,6144,0.0113699
Suite_14,Forward,0,671,1.22125,0.599353,0,0.124192,0.393216,1.84284,542.642,15000,6144,0.0114206
Suite_14,Forward,0,672,1.22399,0.62411,0,0.12448,0.370688,1.83528,544.876,15000,6144,0.0114717
Suite_14,Forward,0,673,1.22378,0.624388,0,0.124128,0.403936,1.87315,533.86,15000,6144,0.0115232
Suite_14,Forward,0,674,1.22402,0.605815,0,0.124256,0.372192,1.86479,536.253,15000,6144,0.0115751
Suite_14,Forward,0,675,1.22355,0.594911,0,0.124768,0.371872,1.84432,542.205,15000,6144,0.0116274
Suite_14,Forward,0,676,1.22306,0.616083,0,0.123104,0.372736,1.83293,545.576,15000,6272,0.0118473
Suite_14,Forward,0,677,1.22465,0.61137,0,0.124416,0.370336,1.85798,538.219,15000,6272,0.0119011
Suite_14,Forward,0,678,1.2229,0.614429,0,0.124608,0.372,1.85284,539.713,15000,6272,0.0119553
Suite_14,Forward,0,679,1.22187,0.614588,0,0.124288,0.371328,1.85171,540.041,15000,6400,0.0123605
Suite_14,Forward,0,680,1.23787,0.690698,0,0.124384,0.371008,1.85101,540.246,15000,6400,0.012417
Suite_14,Forward,0,681,1.23463,0.658038,0,0.124928,0.37232,1.95192,512.315,15000,6400,0.012474
Suite_14,Forward,0,682,1.22684,0.637588,0,0.123872,0.370688,1.9116,523.121,15000,6400,0.0121405
Suite_14,Forward,0,683,1.22559,0.597961,0,0.124224,0.37264,1.87952,532.05,15000,6272,0.0119343
Suite_14,Forward,0,684,1.2336,0.622231,0,0.124928,0.372512,1.83858,543.899,15000,6272,0.0119885
Suite_14,Forward,0,685,1.22987,0.637378,0,0.1264,0.37456,1.87942,532.078,15000,6272,0.0120432
Suite_14,Forward,0,686,1.22644,0.615743,0,0.124928,0.371904,1.88656,530.066,15000,6272,0.0120983
Suite_14,Forward,0,687,1.22477,0.635722,0,0.123616,0.372736,1.8572,538.444,15000,6144,0.0117764
Suite_14,Forward,0,688,1.22176,0.623092,0,0.124864,0.372736,1.877,532.766,15000,6144,0.0118304
Suite_14,Forward,0,689,1.21977,0.602319,0,0.124928,0.393152,1.86144,537.218,15000,6144,0.0118849
Suite_14,Forward,0,690,1.22234,0.59884,0,0.124928,0.405024,1.83818,544.015,15000,6144,0.0119399
Suite_14,Forward,0,691,1.22842,0.6232,0,0.125568,0.37296,1.83566,544.764,15000,6144,0.0119952
Suite_14,Forward,0,692,1.22473,0.595672,0,0.126464,0.39936,1.87339,533.792,15000,6144,0.012051
Suite_14,Forward,0,693,1.2233,0.5911,0,0.12032,0.366656,1.83834,543.97,15000,6272,0.012563
Suite_14,Forward,0,694,1.21956,0.592108,0,0.11856,0.364768,1.83002,546.442,15000,6272,0.0126218
Suite_14,Forward,0,695,1.22294,0.637454,0,0.120128,0.390688,1.8267,547.436,15000,6272,0.012681
Suite_14,Forward,0,696,1.22086,0.591704,0,0.118656,0.36512,1.87651,532.905,15000,6144,0.0126329
Suite_14,Forward,0,697,1.22019,0.589729,0,0.118752,0.366592,1.82903,546.738,15000,6144,0.0126924
Suite_14,Forward,0,698,1.21792,0.595271,0,0.126368,0.374272,1.8255,547.794,15000,6272,0.0130088
Suite_14,Forward,0,699,1.22517,0.604175,0,0.125184,0.397728,1.83209,545.825,15000,6272,0.0130701
Suite_14,Forward,0,700,1.22242,0.624872,0,0.126624,0.372736,1.84605,541.698,15000,6272,0.0131319
Suite_14,Forward,0,701,1.22091,0.58886,0,0.136608,0.38368,1.86441,536.362,15000,6016,0.0126711
Suite_14,Forward,0,702,1.21876,0.590513,0,0.126432,0.372736,1.82554,547.784,15000,6144,0.0128711
Suite_14,Forward,0,703,1.22581,0.596875,0,0.127168,0.3992,1.82404,548.234,15000,5888,0.0122206
Suite_14,Forward,0,704,1.22094,0.600992,0,0.126624,0.37632,1.83837,543.959,15000,5888,0.0122787
Suite_14,Forward,0,705,1.21666,0.588817,0,0.125056,0.372448,1.8441,542.271,15000,5632,0.0117407
Suite_14,Forward,0,706,1.21981,0.637377,0,0.12624,0.374144,1.82146,549.011,15000,5632,0.0117964
Suite_14,Forward,0,707,1.22128,0.594996,0,0.12816,0.376832,1.8732,533.846,15000,5632,0.0118525
Suite_14,Forward,0,708,1.21905,0.59655,0,0.126688,0.371648,1.8306,546.27,15000,5632,0.011909
Suite_14,Forward,0,709,1.22179,0.59447,0,0.126976,0.374784,1.83711,544.332,15000,5504,0.0115649
Suite_14,Forward,0,710,1.22063,0.834536,0,0.127232,0.410784,1.83194,545.871,15000,5504,0.0116204
Suite_14,Forward,0,711,1.22693,0.625071,0,0.126976,0.372736,2.07183,482.664,15000,5504,0.0116764
Suite_14,Forward,0,712,1.2236,0.596631,0,0.126528,0.374528,1.86906,535.029,15000,5376,0.0114587
Suite_14,Forward,0,713,1.21634,0.593971,0,0.126592,0.374784,1.83673,544.445,15000,5248,0.0113444
Suite_14,Forward,0,714,1.22073,0.607942,0,0.12704,0.4072,1.82576,547.716,15000,5248,0.0113993
Suite_14,Forward,0,715,1.2215,0.595816,0,0.126464,0.373856,1.84424,542.228,15000,5120,0.01095
Suite_14,Forward,0,716,1.21548,0.613673,0,0.13312,0.379904,1.83136,546.042,15000,5120,0.0110034
Suite_14,Forward,0,717,1.22167,0.584001,0,0.133152,0.381664,1.84534,541.907,15000,5120,0.0110572
Suite_14,Forward,0,718,1.21604,0.613256,0,0.135104,0.413472,1.82154,548.985,15000,4992,0.0105161
Suite_14,Forward,0,719,1.21541,0.618957,0,0.13312,0.380256,1.84471,542.092,15000,4864,0.0102261
Suite_14,Forward,0,720,1.21589,0.589291,0,0.133568,0.379648,1.84901,540.83,15000,4992,0.0105656
Suite_14,Forward,0,721,1.21561,0.604366,0,0.133344,0.380928,1.821,549.149,15000,4992,0.0106171
Suite_14,Forward,0,722,1.22296,0.595575,0,0.126976,0.37328,1.8375,544.219,15000,4992,0.010669
Suite_14,Forward,0,723,1.21822,0.59753,0,0.126816,0.372736,1.83314,545.511,15000,4992,0.0107213
Suite_14,Forward,0,724,1.21749,0.595146,0,0.126976,0.374176,1.83003,546.44,15000,4864,0.0104863
Suite_14,Forward,0,725,1.21731,0.816914,0,0.126592,0.411648,1.82925,546.671,15000,4864,0.0105379
Suite_14,Forward,0,726,1.21501,0.60011,0,0.126976,0.373376,2.0511,487.544,15000,4992,0.0107272
Suite_14,Forward,0,727,1.21194,0.588184,0,0.13312,0.382496,1.83004,546.436,15000,4864,0.00994108
Suite_14,Forward,0,728,1.21202,0.605211,0,0.134336,0.381248,1.81829,549.966,15000,4864,0.00998937
Suite_14,Forward,0,729,1.21617,0.798581,0,0.325536,0.572544,1.83838,543.959,15000,4736,0.00997083
Suite_14,Forward,0,730,1.2167,0.613929,0,0.13312,0.379328,2.03156,492.233,15000,4736,0.0100195
Suite_14,Forward,0,731,1.21907,0.577027,0,0.141312,0.388448,1.84517,541.955,15000,4736,0.0100686
Suite_14,Forward,0,732,1.21552,0.60742,0,0.140544,0.38704,1.81068,552.28,15000,4736,0.010118
Suite_14,Forward,0,733,1.21854,0.602358,0,0.141088,0.414304,1.84145,543.05,15000,4736,0.0101678
Suite_14,Forward,0,734,1.21739,0.595465,0,0.147872,0.395008,1.837,544.365,15000,4736,0.0102179
Suite_14,Forward,0,735,1.22083,0.591197,0,0.147456,0.395232,1.8274,547.225,15000,4736,0.0102685
Suite_14,Forward,0,736,1.21669,0.598638,0,0.149504,0.395744,1.82655,547.48,15000,4736,0.0103194
Suite_14,Forward,0,737,1.21964,0.587747,0,0.148512,0.413472,1.83275,545.628,15000,4608,0.00981468
Suite_14,Forward,0,738,1.21419,0.586369,0,0.147456,0.394816,1.82318,548.492,15000,4736,0.00995208
Suite_14,Forward,0,739,1.21431,0.60867,0,0.14752,0.395584,1.81496,550.978,15000,4736,0.0100017
Suite_14,Forward,0,740,1.22186,0.734745,0,0.148064,0.420384,1.84009,543.451,15000,4736,0.0100516
Suite_14,Forward,0,741,1.21779,0.597044,0,0.148864,0.393888,1.97492,506.351,15000,4608,0.0097514
Suite_14,Forward,0,742,1.21328,0.591777,0,0.147456,0.394816,1.82995,546.463,15000,4608,0.00980039
Suite_14,Forward,0,743,1.21355,0.584135,0,0.147776,0.394208,1.81909,549.726,15000,4608,0.00984977
Suite_14,Forward,0,744,1.22111,0.623336,0,0.154592,0.432128,1.81181,551.936,15000,4608,0.00989951
Suite_14,Forward,0,745,1.22034,0.604175,0,0.155328,0.40032,1.86111,537.313,15000,4736,0.0100381
Suite_14,Forward,0,746,1.21639,0.596353,0,0.155648,0.404544,1.83963,543.587,15000,4736,0.0100889
Suite_14,Forward,0,747,1.21442,0.593993,0,0.155648,0.403168,1.827,547.346,15000,4736,0.0101401
Suite_14,Forward,0,748,1.21619,0.610473,0,0.155648,0.438144,1.8233,548.456,15000,4736,0.0101918
Suite_14,Forward,0,749,1.21705,0.58861,0,0.154304,0.401408,1.84346,542.458,15000,4608,0.0101534
Suite_14,Forward,0,750,1.21868,0.588717,0,0.162016,0.407584,1.82068,549.245,15000,4608,0.0102053
Suite_14,Forward,0,751,1.2226,0.612802,0,0.161824,0.411424,1.82158,548.974,15000,4608,0.0102577
Suite_14,Forward,0,752,1.21499,0.589452,0,0.16208,0.409952,1.85081,540.303,15000,4608,0.0103104
Suite_14,Forward,0,753,1.21651,0.591603,0,0.16384,0.41072,1.82043,549.32,15000,4608,0.0103636
Suite_14,Forward,0,754,1.21572,0.583752,0,0.162208,0.408352,1.82345,548.411,15000,4736,0.0104766
Suite_14,Forward,0,755,1.22316,0.963365,0,0.162432,0.432768,1.81379,551.333,15000,4736,0.0105308
Suite_14,Forward,0,756,1.21601,0.589636,0,0.161792,0.408448,2.20737,453.028,15000,4608,0.0102726
Suite_14,Forward,0,757,1.21382,0.592011,0,0.163712,0.413696,1.82206,548.828,15000,4608,0.010326
Suite_14,Forward,0,758,1.21353,0.590271,0,0.163008,0.4096,1.82127,549.066,15000,4480,0.00989133
Suite_14,Forward,0,759,1.21866,0.611395,0,0.161792,0.439904,1.81828,549.97,15000,4480,0.00994273
Suite_14,Forward,0,760,1.21682,0.625338,0,0.161792,0.40864,1.89589,527.456,15000,4480,0.00943647
Suite_14,Forward,0,761,1.21518,0.594125,0,0.163168,0.410656,1.85822,538.149,15000,4480,0.00948523
Suite_14,Forward,0,762,1.21327,0.590221,0,0.162496,0.408384,1.8245,548.095,15000,4480,0.00953436
Suite_14,Forward,0,763,1.21886,0.622394,0,0.163584,0.44304,1.81796,550.067,15000,4480,0.00958385
Suite_14,Forward,0,764,1.21627,0.592767,0,0.163232,0.4096,1.85587,538.832,15000,4352,0.00922757
Suite_14,Forward,0,765,1.21396,0.593744,0,0.162368,0.410048,1.82523,547.877,15000,4224,0.00853703
Suite_14,Forward,0,766,1.21684,0.603642,0,0.163072,0.409792,1.823,548.545,15000,4224,0.00858072
Suite_14,Forward,0,767,1.21373,0.588583,0,0.163328,0.428032,1.83597,544.67,15000,4224,0.00862473
Suite_14,Forward,0,768,1.21099,0.590616,0,0.162976,0.414208,1.81631,550.566,15000,4224,0.00866907
Suite_14,Forward,0,769,1.21204,0.583618,0,0.162624,0.413696,1.8222,548.786,15000,4224,0.00871374
Suite_14,Forward,0,770,1.22023,0.894859,0,0.163456,0.442912,1.81118,552.125,15000,4224,0.00875873
Suite_14,Forward,0,771,1.2202,0.592009,0,0.163648,0.4096,2.13039,469.397,15000,4224,0.00853097
Suite_14,Forward,0,772,1.21612,0.607528,0,0.163648,0.413664,1.82624,547.572,15000,4224,0.00857461
Suite_14,Forward,0,773,1.21477,0.588777,0,0.163552,0.41088,1.83991,543.505,15000,4352,0.00883067
Suite_14,Forward,0,774,1.21624,0.631102,0,0.16368,0.443872,1.81877,549.823,15000,4352,0.00887595
Suite_14,Forward,0,775,1.2165,0.602716,0,0.16384,0.413696,1.86259,536.886,15000,4480,0.00912306
Suite_14,Forward,0,776,1.21414,0.586374,0,0.172256,0.4232,1.83329,545.466,15000,4480,0.00916984
Suite_14,Forward,0,777,1.21579,0.587054,0,0.162496,0.411008,1.81628,550.575,15000,4480,0.00921696
Suite_14,Forward,0,778,1.22242,0.625463,0,0.16224,0.44032,1.81778,550.122,15000,4480,0.00926442
Suite_14,Forward,0,779,1.21503,0.594316,0,0.16384,0.409408,1.86309,536.742,15000,4480,0.00931223
Suite_14,Forward,0,780,1.2152,0.592853,0,0.16352,0.410624,1.82374,548.323,15000,4352,0.0086773
Suite_14,Forward,0,781,1.21411,0.602166,0,0.163264,0.410048,1.82351,548.393,15000,4352,0.00872144
Suite_14,Forward,0,782,1.21532,0.581494,0,0.163648,0.4096,1.83231,545.761,15000,4352,0.00876591
Suite_14,Forward,0,783,1.21855,0.58481,0,0.15584,0.402912,1.81059,552.307,15000,4352,0.00881069
Suite_14,Forward,0,784,1.21204,0.592439,0,0.155648,0.403456,1.81742,550.23,15000,4352,0.00885579
Suite_14,Forward,0,785,1.21843,0.925413,0,0.156096,0.436352,1.82472,548.03,15000,4352,0.00890121
Suite_14,Forward,0,786,1.21435,0.593475,0,0.156256,0.401696,2.1609,462.771,15000,4224,0.00885595
Suite_14,Forward,0,787,1.21545,0.592165,0,0.16384,0.410912,1.82222,548.782,15000,4224,0.00890147
Suite_14,Forward,0,788,1.21636,0.587663,0,0.163584,0.410592,1.82172,548.932,15000,4224,0.00894731
Suite_14,Forward,0,789,1.21631,0.631001,0,0.162304,0.4456,1.82094,549.167,15000,4224,0.00899347
Suite_14,Forward,0,790,1.21785,0.590739,0,0.162592,0.40912,1.86343,536.645,15000,4352,0.0091627
Suite_14,Forward,0,791,1.21781,0.589436,0,0.165472,0.415008,1.8233,548.457,15000,4224,0.00903393
Suite_14,Forward,0,792,1.21477,0.590075,0,0.162912,0.40976,1.82165,548.953,15000,4224,0.00908058
Suite_14,Forward,0,793,1.21807,0.626634,0,0.16384,0.43792,1.82615,547.6,15000,4224,0.00912756
Suite_14,Forward,0,794,1.21801,0.618217,0,0.162528,0.409984,1.86343,536.646,15000,4224,0.00917488
Suite_14,Forward,0,795,1.21692,0.591556,0,0.16384,0.411648,1.85107,540.228,15000,4224,0.00922253
Suite_14,Forward,0,796,1.21513,0.636074,0,0.16384,0.415136,1.82253,548.689,15000,4096,0.00880786
Suite_14,Forward,0,797,1.22029,0.601538,0,0.163232,0.424928,1.86899,535.047,15000,4096,0.00885337
Suite_14,Forward,0,798,1.21364,0.590574,0,0.16384,0.409888,1.83741,544.244,15000,4096,0.00890207
Suite_14,Forward,0,799,1.21394,0.589033,0,0.163264,0.409696,1.81822,549.988,15000,4096,0.00894758
Suite_14,Forward,0,800,1.21601,0.883631,0,0.163264,0.441888,1.81731,550.263,15000,4096,0.00899341
Suite_14,Forward,0,801,1.21416,0.594445,0,0.163584,0.410976,2.11667,472.439,15000,4096,0.00903956
Suite_14,Forward,0,802,1.21488,0.591866,0,0.16384,0.41088,1.82377,548.316,15000,4224,0.00942772
Suite_14,Forward,0,803,1.21565,0.602182,0,0.164,0.410208,1.8214,549.027,15000,4224,0.00947617
Suite_14,Forward,0,804,1.21668,0.630752,0,0.163872,0.444384,1.83289,545.587,15000,4224,0.00952496
Suite_14,Forward,0,805,1.21606,0.594711,0,0.163776,0.411296,1.86524,536.125,15000,4224,0.00957409
Suite_14,Forward,0,806,1.21496,0.59244,0,0.175808,0.422176,1.82577,547.716,15000,4224,0.00962357
Suite_14,Forward,0,807,1.21459,0.59116,0,0.163712,0.415648,1.82193,548.868,15000,4352,0.0100192
Suite_14,Forward,0,808,1.21872,0.629549,0,0.163872,0.442368,1.81925,549.678,15000,4480,0.010365
Suite_14,Forward,0,809,1.21828,0.594619,0,0.16368,0.4112,1.86562,536.015,15000,4480,0.0104471
Suite_14,Forward,0,810,1.21398,0.609241,0,0.16384,0.412928,1.82782,547.099,15000,4480,0.0105008
Suite_14,Forward,0,811,1.21997,0.597574,0,0.163744,0.413696,1.83729,544.281,15000,4608,0.0107923
Suite_14,Forward,0,812,1.21594,0.59288,0,0.164224,0.411616,1.83293,545.575,15000,4608,0.0108471
Suite_14,Forward,0,813,1.21423,0.600417,0,0.164992,0.411744,1.82888,546.784,15000,4736,0.0113095
Suite_14,Forward,0,814,1.21801,0.602866,0,0.164864,0.412832,1.82967,546.545,15000,4736,0.0113669
Suite_14,Forward,0,815,1.21988,0.872724,0,0.16432,0.45056,1.83508,544.934,15000,4736,0.0114246
Suite_14,Forward,0,816,1.21962,0.599052,0,0.165152,0.411104,2.10758,474.479,15000,4736,0.0114828
Suite_14,Forward,0,817,1.21449,0.58456,0,0.16384,0.416,1.83455,545.094,15000,4736,0.0115414
Suite_14,Forward,0,818,1.2197,0.611545,0,0.157696,0.405504,1.8148,551.024,15000,4736,0.0116003
Suite_14,Forward,0,819,1.22816,0.667807,0,0.157696,0.433088,1.84726,541.343,15000,4992,0.0120743
Suite_14,Forward,0,820,1.21952,0.603034,0,0.159168,0.405184,1.91136,523.188,15000,5248,0.0126218
Suite_14,Forward,0,821,1.21861,0.589999,0,0.157984,0.406208,1.83901,543.771,15000,5504,0.0129774
Suite_14,Forward,0,822,1.22066,0.604867,0,0.157696,0.405792,1.82382,548.299,15000,5504,0.0130429
Suite_14,Forward,0,823,1.22384,0.647199,0,0.157792,0.43504,1.84203,542.88,15000,5504,0.0131088
Suite_14,Forward,0,824,1.22019,0.596988,0,0.15872,0.405504,1.88582,530.275,15000,5504,0.0131751
Suite_14,Forward,0,825,1.22063,0.585168,0,0.157824,0.407552,1.83367,545.354,15000,5504,0.0132419
Suite_14,Forward,0,826,1.22644,0.59957,0,0.158976,0.406016,1.82094,549.166,15000,5632,0.0133965
Suite_14,Forward,0,827,1.22175,0.589456,0,0.165888,0.434176,1.84171,542.975,15000,5632,0.0130915
Suite_14,Forward,0,828,1.22067,0.591248,0,0.1672,0.413568,1.82532,547.85,15000,5760,0.0134641
Suite_14,Forward,0,829,1.21934,0.599864,0,0.167328,0.41744,1.83305,545.539,15000,5760,0.013532
Suite_14,Forward,0,830,1.22564,0.740358,0,0.167776,0.4488,1.83489,544.991,15000,5760,0.0136004
Suite_14,Forward,0,831,1.21977,0.596969,0,0.167136,0.413696,1.98206,504.526,15000,5760,0.0136692
Suite_14,Forward,0,832,1.22316,0.588404,0,0.166176,0.416416,1.83139,546.034,15000,5632,0.0136381
Suite_14,Forward,0,833,1.22155,0.592396,0,0.166016,0.415744,1.8275,547.197,15000,5888,0.0143182
Suite_14,Forward,0,834,1.22352,0.632471,0,0.168416,0.449984,1.82986,546.49,15000,5888,0.014391
Suite_14,Forward,0,835,1.22168,0.598067,0,0.168032,0.416064,1.87186,534.228,15000,5888,0.0144643
Suite_14,Forward,0,836,1.22037,0.598721,0,0.167488,0.417504,1.83488,544.995,15000,6016,0.014631
Suite_14,Forward,0,837,1.22169,0.606808,0,0.168352,0.417344,1.83602,544.658,15000,6144,0.0148219
Suite_14,Forward,0,838,1.23219,0.638494,0,0.169344,0.447168,1.84442,542.176,15000,6272,0.0150642
Suite_14,Forward,0,839,1.22528,0.593927,0,0.167936,0.416064,1.88674,530.016,15000,6400,0.0151812
Suite_14,Forward,0,840,1.22506,0.597549,0,0.168992,0.416288,1.83415,545.212,15000,6912,0.0160069
Suite_14,Forward,0,841,1.22586,0.605486,0,0.167936,0.417792,1.83939,543.658,15000,7040,0.0161349
Suite_14,Forward,0,842,1.23104,0.608691,0,0.168928,0.442368,1.85366,539.473,15000,7296,0.0166652
Suite_14,Forward,0,843,1.26084,0.716173,0,0.169984,0.418368,1.85553,538.929,15000,7680,0.0180809
Suite_14,Forward,0,844,1.23932,0.653297,0,0.17008,0.417792,1.997,500.752,15000,7936,0.0188494
Suite_14,Forward,0,845,1.23879,0.617874,0,0.169984,0.452224,1.91179,523.069,15000,8064,0.019408
Suite_14,Forward,0,846,1.23439,0.593571,0,0.170048,0.418112,1.875,533.334,15000,8064,0.019505
Suite_14,Forward,0,847,1.23199,0.578401,0,0.170752,0.446048,1.84335,542.491,15000,8064,0.0196027
Suite_14,Forward,0,848,1.23758,0.626036,0,0.169984,0.419872,1.8256,547.767,15000,8320,0.0199802
Suite_14,Forward,0,849,1.23703,0.602225,0,0.17072,0.450048,1.88336,530.965,15000,8448,0.0201237
Suite_14,Forward,0,850,1.23409,0.614537,0,0.170816,0.420096,1.85756,538.339,15000,8832,0.0212564
Suite_14,Forward,0,851,1.2339,0.584983,0,0.170976,0.421888,1.86451,536.333,15000,9344,0.0219558
Suite_14,Forward,0,852,1.23599,0.60537,0,0.173696,0.421888,1.83449,545.11,15000,9600,0.0226049
Suite_14,Forward,0,853,1.23968,0.592726,0,0.173216,0.451488,1.86114,537.304,15000,9472,0.0217007
Suite_14,Forward,0,854,1.23874,0.58682,0,0.172768,0.423264,1.84925,540.759,15000,9728,0.0223283
Suite_14,Forward,0,855,1.23526,0.622319,0,0.17248,0.423904,1.84099,543.185,15000,10112,0.0227683
Suite_14,Forward,0,856,1.24163,0.895204,0,0.173504,0.450656,1.87345,533.775,15000,10112,0.0228801
Suite_14,Forward,0,857,1.24017,0.639829,0,0.173888,0.424,2.15575,463.875,15000,10112,0.0229925
Suite_14,Forward,0,858,1.24085,0.613936,0,0.172768,0.446464,1.89775,526.941,15000,10240,0.0232423
Suite_14,Forward,0,859,1.23947,0.623595,0,0.173984,0.424352,1.87066,534.57,15000,10368,0.0234903
Suite_14,Forward,0,860,1.24335,0.632544,0,0.17408,0.448832,1.87927,532.122,15000,10624,0.023853
Suite_14,Forward,0,861,1.24263,0.616272,0,0.174496,0.42384,1.89541,527.591,15000,10752,0.0242496
Suite_14,Forward,0,862,1.23838,0.625138,0,0.175872,0.425984,1.87629,532.966,15000,10752,0.0243691
Suite_14,Forward,0,863,1.24562,0.617868,0,0.18416,0.438208,1.88529,530.422,15000,10752,0.0244893
Suite_14,Forward,0,864,1.2496,0.621885,0,0.183648,0.456928,1.88816,529.616,15000,11136,0.0251581
Suite_14,Forward,0,865,1.24669,0.614349,0,0.18432,0.433792,1.89121,528.762,15000,11520,0.0258801
Suite_14,Forward,0,866,1.24293,0.618619,0,0.191072,0.442816,1.87878,532.261,15000,11648,0.0260957
Suite_14,Forward,0,867,1.25111,0.758687,0,0.192608,0.46944,1.87835,532.381,15000,11904,0.0268644
Suite_14,Forward,0,868,1.24879,0.623735,0,0.192512,0.442336,2.02792,493.115,15000,12160,0.0271451
Suite_14,Forward,0,869,1.24821,0.643584,0,0.194496,0.46288,1.89748,527.016,15000,12544,0.0277749
Suite_14,Forward,0,870,1.24906,0.618046,0,0.19456,0.446432,1.91482,522.242,15000,12672,0.0279392
Suite_14,Forward,0,871,1.25412,0.631771,0,0.204768,0.479232,1.8842,530.73,15000,13056,0.0285644
Suite_14,Forward,0,872,1.25667,0.620437,0,0.203424,0.456704,1.90463,525.037,15000,13440,0.0291709
Suite_14,Forward,0,873,1.25305,0.620684,0,0.2048,0.456384,1.89652,527.282,15000,13568,0.0295153
Suite_14,Forward,0,874,1.25925,0.652327,0,0.206144,0.456704,1.89265,528.36,15000,13696,0.0297133
Suite_14,Forward,0,875,1.26431,0.617601,0,0.206592,0.481184,1.93019,518.084,15000,13952,0.030326
Suite_14,Forward,0,876,1.26306,0.617307,0,0.207008,0.458752,1.89953,526.447,15000,14464,0.0309774
Suite_14,Forward,0,877,1.25829,0.62192,0,0.207232,0.459104,1.89912,526.559,15000,14720,0.0314205
Suite_14,Forward,0,878,1.26474,0.636122,0,0.208896,0.487648,1.89899,526.596,15000,15488,0.0329528
Suite_14,Forward,0,879,1.2731,0.612962,0,0.209056,0.460384,1.92005,520.819,15000,16000,0.0338691
Suite_14,Forward,0,880,1.26256,0.610348,0,0.210336,0.464192,1.90413,525.175,15000,16256,0.0344648
Suite_14,Forward,0,881,1.26647,0.606408,0,0.212992,0.466368,1.89321,528.204,15000,17152,0.0361189
Suite_14,Forward,0,882,1.27072,0.619076,0,0.210464,0.49152,1.89285,528.305,15000,17536,0.0367468
Suite_14,Forward,0,883,1.27422,0.618261,0,0.219424,0.469376,1.90912,523.801,15000,17792,0.0372241
Suite_14,Forward,0,884,1.27219,0.60908,0,0.22128,0.472192,1.91194,523.029,15000,18432,0.0388851
Suite_14,Forward,0,885,1.28033,0.642631,0,0.223232,0.476672,1.90304,525.474,15000,18688,0.0392926
Suite_14,Forward,0,886,1.2852,0.631736,0,0.227936,0.482848,1.94441,514.295,15000,19072,0.0397482
Suite_14,Forward,0,887,1.28961,0.625877,0,0.225568,0.477088,1.937,516.262,15000,19968,0.041126
Suite_14,Forward,0,888,1.28696,0.640434,0,0.227104,0.477184,1.93542,516.684,15000,20096,0.0414741
Suite_14,Forward,0,889,1.28546,0.63367,0,0.227776,0.509952,1.94951,512.949,15000,20352,0.0421165
Suite_14,Forward,0,890,1.28647,0.619374,0,0.219136,0.471424,1.94172,515.008,15000,20864,0.0434211
Suite_14,Forward,0,891,1.2817,0.615328,0,0.219744,0.473568,1.92608,519.189,15000,20992,0.043908
Suite_14,Forward,0,892,1.2869,0.649677,0,0.221024,0.47136,1.91759,521.489,15000,21120,0.0443831
Suite_14,Forward,0,893,1.32324,0.746027,0,0.223328,0.477024,1.96171,509.761,15000,21504,0.0454285
Suite_14,Forward,0,894,1.32344,0.744136,0,0.231424,0.482048,2.13136,469.184,15000,22528,0.046512
Suite_14,Forward,0,895,1.33623,0.706964,0,0.233184,0.48528,2.09654,476.976,15000,23040,0.0482529
Suite_14,Forward,0,896,1.3202,0.67787,0,0.23552,0.50672,2.07195,482.636,15000,23296,0.048793
Suite_14,Forward,0,897,1.32224,0.665725,0,0.242656,0.495616,2.03107,492.351,15000,23936,0.0502502
Suite_14,Forward,0,898,1.3248,0.906075,0,0.237472,0.52256,2.01375,496.587,15000,24832,0.0519769
Suite_14,Forward,0,899,1.31713,1.23517,0,0.23584,0.518464,2.26023,442.432,15000,25472,0.0540338
Suite_14,Forward,0,900,1.34204,1.09106,0,0.240928,0.52752,2.58085,387.469,15000,26368,0.0553917
Suite_14,Forward,0,901,1.33707,1.01206,0,0.242112,0.524288,2.71067,368.912,15000,27136,0.056576
Suite_14,Forward,0,902,1.34056,1.9511,0,0.249856,0.534528,2.63817,379.051,15000,27392,0.0570446
Suite_14,Forward,0,903,1.33664,0.724165,0,0.253728,0.53472,3.54152,282.364,15000,28160,0.0584593
Suite_14,Forward,0,904,1.33271,0.951623,0,0.253952,0.53824,2.6573,376.322,15000,28544,0.0587493
Suite_14,Forward,0,905,1.33849,1.12609,0,0.253984,0.546688,2.56327,390.126,15000,29440,0.0601933
Suite_14,Forward,0,906,1.33719,0.956513,0,0.256608,0.567296,2.69392,371.206,15000,30720,0.0620202
Suite_14,Forward,0,907,1.3405,1.90015,0,0.259776,0.54768,2.67397,373.975,15000,31744,0.0648653
Suite_14,Forward,0,908,1.3573,0.807644,0,0.262144,0.55344,3.5717,279.979,15000,32384,0.0667051
Suite_14,Forward,0,909,1.36751,0.957247,0,0.261952,0.54432,2.72295,367.249,15000,33664,0.0691012
Suite_14,Forward,0,910,1.36744,1.20364,0,0.271648,0.556608,2.55791,390.944,15000,35200,0.0716977
Suite_14,Forward,0,911,1.35173,0.710196,0,0.273472,0.556832,2.6455,378,15000,35712,0.0726184
Suite_14,Forward,0,912,1.3606,1.10297,0,0.275136,0.56304,2.14089,467.095,15000,37120,0.0750655
Suite_14,Forward,0,913,1.35575,0.811222,0,0.613728,0.864256,2.49163,401.343,15000,38016,0.0773772
Suite_14,Forward,0,914,1.35804,0.687099,0,0.299616,0.556096,2.19379,455.831,15000,39296,0.0783116
Suite_14,Forward,0,915,1.37629,0.680953,0,0.298944,0.555008,2.07404,482.15,15000,40448,0.0815478
Suite_14,Forward,0,916,1.37342,0.679291,0,0.304608,0.559328,2.08538,479.53,15000,41472,0.0835448
Suite_14,Forward,0,917,1.37317,0.67354,0,0.301952,0.557632,2.0899,478.493,15000,42240,0.085204
Suite_14,Forward,0,918,1.3914,0.689094,0,0.307808,0.591872,2.0758,481.742,15000,43264,0.0881701
Suite_14,Forward,0,919,1.3903,0.671364,0,0.308384,0.5632,2.10993,473.949,15000,44416,0.0903702
Suite_14,Forward,0,920,1.38169,0.668525,0,0.309184,0.565248,2.09017,478.431,15000,45312,0.0917496
Suite_14,Forward,0,921,1.38789,0.690885,0,0.313344,0.565792,2.07995,480.78,15000,46080,0.0932154
Suite_14,Forward,0,922,1.39245,0.669798,0,0.319488,0.583584,2.11009,473.914,15000,47232,0.0953545
Suite_14,Forward,0,923,1.39607,0.680225,0,0.339968,0.591872,2.09117,478.201,15000,48640,0.0987251
Suite_14,Forward,0,924,1.39497,0.680563,0,0.328256,0.585024,2.10676,474.663,15000,49408,0.100283
Suite_14,Forward,0,925,1.40882,0.686603,0,0.3328,0.619648,2.1078,474.428,15000,50176,0.101669
Suite_14,Forward,0,926,1.41081,0.696422,0,0.335264,0.587776,2.12816,469.889,15000,52352,0.105018
Suite_14,Forward,0,927,1.41928,0.687575,0,0.345088,0.598464,2.14179,466.899,15000,54016,0.107887
Suite_14,Forward,0,928,1.43392,0.693401,0,0.358592,0.615776,2.13851,467.616,15000,55424,0.110454
Suite_14,Forward,0,929,1.43299,0.651528,0,0.364544,0.618592,2.1668,461.51,15000,57728,0.114301
Suite_14,Forward,0,930,1.43227,0.638318,0,0.364,0.616416,2.11778,472.193,15000,58880,0.116212
Suite_14,Forward,0,931,1.44323,0.822372,0,0.36864,0.647168,2.1049,475.083,15000,59904,0.117664
Suite_14,Forward,0,932,1.45834,0.638106,0,0.372384,0.62464,2.40117,416.463,15000,62976,0.122531
Suite_14,Forward,0,933,1.45907,0.663876,0,0.374784,0.62736,2.13353,468.707,15000,65280,0.126234
Suite_14,Forward,0,934,1.47046,0.688985,0,0.374368,0.626496,2.16007,462.948,15000,67200,0.129792
Suite_14,Forward,0,935,1.47151,0.662982,0,0.37888,0.62976,2.19738,455.087,15000,68480,0.134766
Suite_14,Forward,0,936,1.47511,0.656816,0,0.381568,0.636928,2.17037,460.751,15000,70912,0.139658
Suite_14,Forward,0,937,1.47812,0.708765,0,0.38416,0.640064,2.17049,460.725,15000,72448,0.142244
Suite_14,Forward,0,938,1.50317,0.701262,0,0.402752,0.653312,2.22553,449.331,15000,74496,0.145221
Suite_14,Forward,0,939,1.5013,0.702444,0,0.401632,0.681504,2.24232,445.967,15000,76800,0.150541
Suite_14,Forward,0,940,1.50659,0.716464,0,0.407552,0.663232,2.24225,445.98,15000,79488,0.156313
Suite_14,Forward,0,941,1.51979,0.724171,0,0.4096,0.667744,2.26549,441.406,15000,81280,0.158748
Suite_14,Forward,0,942,1.52911,0.727215,0,0.42432,0.681984,2.28616,437.414,15000,82816,0.16253
Suite_14,Forward,0,943,1.54856,1.04932,0,0.429952,0.72192,2.29963,434.852,15000,84480,0.164887
Suite_14,Forward,0,944,1.55805,0.715452,0,0.431744,0.689056,2.64354,378.28,15000,86912,0.169243
Suite_14,Forward,0,945,1.54407,0.714739,0,0.431712,0.687104,2.32429,430.239,15000,88704,0.172704
Suite_14,Forward,0,946,1.54786,0.730388,0,0.434752,0.69184,2.30208,434.39,15000,91264,0.176182
Suite_14,Forward,0,947,1.56153,0.761245,0,1.05507,1.30976,2.32347,430.391,15000,93696,0.180378
Suite_14,Forward,0,948,1.56831,0.660267,0,0.444416,0.70016,2.37415,421.203,15000,96512,0.186247
Suite_14,Forward,0,949,1.5764,0.670233,0,0.462848,0.722944,2.28373,437.879,15000,98816,0.189702
Suite_14,Forward,0,950,1.60533,1.42158,0,0.47104,0.75776,2.29803,435.155,15000,102144,0.196432
Suite_14,Forward,0,951,1.60623,0.659517,0,0.49152,0.749568,3.07484,325.22,15000,103680,0.19887
Suite_14,Forward,0,952,1.61617,0.687902,0,0.496,0.754816,2.31369,432.21,15000,105728,0.201307
Suite_14,Forward,0,953,1.61728,0.720344,0,0.524288,0.780544,2.35609,424.432,15000,108672,0.206674
Suite_14,Forward,0,954,1.63077,0.903436,0,0.52224,0.818368,2.38881,418.618,15000,111744,0.211405
Suite_14,Forward,0,955,1.65638,0.679049,0,0.53728,0.81904,2.99766,333.593,15000,114432,0.215886
Suite_14,Forward,0,956,1.65509,0.751174,0,0.558816,0.813056,2.38893,418.597,15000,117120,0.224231
Suite_14,Forward,0,957,1.65597,0.757875,0,0.545152,0.804864,2.46007,406.493,15000,120320,0.229469
Suite_14,Forward,0,958,1.67872,0.772063,0,0.560096,0.818816,2.47698,403.717,15000,123392,0.233394
Suite_14,Forward,0,959,1.69232,0.774459,0,0.56864,0.826656,2.50624,399.004,15000,127104,0.238406
Suite_14,Forward,0,960,1.68417,0.678347,0,0.574368,0.835456,2.52225,396.471,15000,129664,0.241359
Suite_14,Forward,0,961,1.70822,0.869468,0,0.57344,0.832608,2.42105,413.045,15000,132480,0.246179
Suite_14,Forward,0,962,1.72643,0.685971,0,0.586912,0.843296,2.8649,349.052,15000,137216,0.254105
Suite_14,Forward,0,963,1.7424,0.690593,0,0.593408,0.852832,2.47228,404.484,15000,142336,0.264259
Suite_14,Forward,0,964,1.75683,0.692039,0,0.593664,0.850272,2.4951,400.786,15000,146816,0.269664
Suite_14,Forward,0,965,1.76811,0.872674,0,0.6144,0.874272,2.51393,397.784,15000,149376,0.273327
Suite_14,Forward,0,966,1.78081,0.696814,0,0.606176,0.875008,2.7575,362.647,15000,151424,0.276724
Suite_14,Forward,0,967,1.78406,0.694027,0,0.608256,0.867424,2.54186,393.413,15000,154880,0.28241
Suite_14,Forward,0,968,1.78703,0.693763,0,0.629856,0.888832,2.54274,393.276,15000,158848,0.289356
Suite_14,Forward,0,969,1.80341,0.705975,0,0.648416,0.907072,2.55134,391.951,15000,162560,0.294484
Suite_14,Forward,0,970,1.82131,0.701693,0,0.665568,0.92352,2.57796,387.904,15000,167296,0.301596
Suite_14,Forward,0,971,1.84217,0.7119,0,0.68048,0.939296,2.59211,385.786,15000,170752,0.307306
Suite_14,Forward,0,972,1.85017,0.688652,0,0.679232,0.937888,2.63178,379.972,15000,172800,0.310073
Suite_14,Forward,0,973,1.86229,0.710776,0,0.705824,0.966656,2.61335,382.65,15000,177280,0.318161
Suite_14,Forward,0,974,1.88431,0.734264,0,0.721632,0.986496,2.64772,377.684,15000,181632,0.324193
Suite_14,Forward,0,975,1.89684,0.715367,0,0.720896,0.980992,2.6934,371.278,15000,187264,0.333341
Suite_14,Forward,0,976,1.92351,0.857332,0,0.73344,1.02214,2.69419,371.169,15000,190592,0.338211
Suite_14,Forward,0,977,1.94116,0.719236,0,0.729088,0.987936,2.8698,348.456,15000,195456,0.346368
Suite_14,Forward,0,978,1.98006,0.976927,0,0.784448,1.04134,2.7403,364.923,15000,199808,0.35283
Suite_14,Forward,0,979,2.00379,0.923981,0,0.765952,1.02928,3.10835,321.714,15000,204032,0.359225
Suite_14,Forward,0,980,1.99871,0.857647,0,0.788832,1.04858,3.01138,332.074,15000,209152,0.365563
Suite_14,Forward,0,981,2.00906,0.925735,0,0.802816,1.11347,2.95063,338.911,15000,213888,0.373155
Suite_14,Forward,0,982,2.05098,0.876397,0,0.803168,1.06061,3.02945,330.093,15000,219264,0.379196
Suite_14,Forward,0,983,2.04348,0.868952,0,0.82944,1.09363,3.01626,331.536,15000,224256,0.386136
Suite_14,Forward,0,984,2.03607,0.730862,0,0.86016,1.14413,3.01064,332.155,15000,227456,0.391631
Suite_14,Forward,0,985,2.04751,0.739107,0,0.874496,1.13526,2.86136,349.484,15000,232064,0.400918
Suite_14,Forward,0,986,2.08496,0.903775,0,0.923648,1.18352,2.88649,346.441,15000,237696,0.408094
Suite_14,Forward,0,987,2.09872,1.93095,0,0.951616,1.24723,3.08473,324.177,15000,241536,0.412907
Suite_14,Forward,0,988,2.13257,0.919837,0,1.5823,1.83501,4.1331,241.949,15000,247808,0.422379
Suite_14,Forward,0,989,2.14268,0.899645,0,0.991776,1.4336,3.15596,316.861,15000,252672,0.430066
Suite_14,Forward,0,990,2.16498,0.945502,0,1.00627,1.82886,3.14618,317.846,15000,257920,0.437178
Suite_14,Forward,0,991,2.18497,0.918511,0,1.0199,1.45725,3.2183,310.723,15000,264064,0.444048
Suite_14,Forward,0,992,2.20356,0.937995,0,1.05472,1.90186,3.20538,311.975,15000,268544,0.450072
Suite_14,Forward,0,993,2.22064,0.916957,0,1.09978,3.04323,3.25018,307.675,15000,272768,0.455574
Suite_14,Forward,0,994,2.24181,0.989199,0,1.14096,1.99622,3.24667,308.008,15000,278400,0.465853
Suite_14,Forward,0,995,2.2637,1.06122,0,1.15088,2.97104,3.81048,262.434,15000,283776,0.473128
Suite_14,Forward,0,996,2.29501,0.982085,0,1.86659,2.15206,3.4362,291.019,15000,289664,0.479667
Suite_14,Forward,0,997,2.31074,0.942936,0,1.24608,1.5088,3.44284,290.458,15000,296448,0.489586
Suite_14,Forward,0,998,2.30143,0.944503,0,1.26208,2.09101,3.37129,296.623,15000,302336,0.499368
Suite_14,Forward,0,999,2.30952,0.953083,0,1.26659,1.708,3.36487,297.188,15000,306688,0.505546
Suite_14,Forward,0,1000,2.36069,0.995317,0,1.33072,2.19318,3.38377,295.528,15000,314112,0.51567
Suite_14,Forward,0,1001,2.3872,3.16602,0,1.34589,1.60973,3.48721,286.762,15000,320512,0.523739
Suite_14,Forward,0,1002,2.42358,1.00204,0,1.35018,2.17702,5.68428,175.924,15000,326528,0.532035
Suite_14,Forward,0,1003,2.43108,0.993372,0,1.42733,2.3353,3.56668,280.373,15000,331904,0.540298
Suite_14,Forward,0,1004,2.44836,0.989303,0,1.43155,2.28563,3.55761,281.088,15000,338176,0.549927
Suite_14,Forward,0,1005,2.4572,1.00386,0,1.4873,1.77357,3.56699,280.349,15000,345472,0.559512
Suite_14,Forward,0,1006,2.50407,1.0143,0,1.55008,2.49651,3.59386,278.252,15000,352512,0.570754
Suite_14,Forward,0,1007,2.52558,1.0372,0,1.56458,1.85408,3.65601,273.522,15000,358144,0.578923
Suite_14,Forward,0,1008,2.55097,1.01895,0,1.56013,1.95008,3.70191,270.131,15000,365184,0.588259
Suite_14,Forward,0,1009,2.56652,1.03863,0,1.58762,2.46637,3.71138,269.442,15000,371840,0.60032
Suite_14,Forward,0,1010,2.58036,1.06495,0,1.6304,2.03984,3.74393,267.099,15000,377216,0.607228
Suite_14,Forward,0,1011,2.6324,1.0489,0,1.66118,2.48218,3.79152,263.746,15000,384384,0.620871
Suite_14,Forward,0,1012,2.63898,1.05125,0,1.71008,2.16678,3.82919,261.152,15000,390016,0.631366
Suite_14,Forward,0,1013,2.6521,1.06513,0,1.73882,2.0329,3.84396,260.148,15000,395904,0.640883
Suite_14,Forward,0,1014,2.67113,1.06565,0,1.77078,2.65917,3.87774,257.882,15000,402944,0.649016
Suite_14,Forward,0,1015,2.69435,1.34209,0,1.79965,2.64806,3.88944,257.106,15000,410112,0.660323
Suite_14,Forward,0,1016,2.71423,1.08146,0,1.90643,2.17274,4.19631,238.305,15000,416896,0.671378
Suite_14,Forward,0,1017,2.74397,1.08441,0,1.91552,2.35306,3.96111,252.454,15000,423424,0.681921
Suite_14,Forward,0,1018,2.77227,1.11925,0,1.95174,2.80781,3.99171,250.519,15000,430464,0.694835
Suite_14,Forward,0,1019,2.79238,1.09184,0,1.96822,2.91763,4.05889,246.373,15000,436736,0.70706
Suite_14,Forward,0,1020,2.82105,1.61268,0,2.01408,2.86374,4.04435,247.258,15000,444416,0.717501
Suite_14,Forward,0,1021,2.84669,1.1256,0,2.01523,2.28125,4.59883,217.446,15000,451200,0.727004
Suite_14,Forward,0,1022,2.85682,1.12747,0,2.03366,2.46611,4.14316,241.362,15000,458368,0.74006
Suite_14,Forward,0,1023,2.88665,1.14933,0,2.06848,2.91283,4.1596,240.408,15000,465280,0.753524
Suite_14,Forward,0,1024,2.91365,1.12588,0,2.12147,3.01056,4.20679,237.711,15000,473344,0.766988
Suite_14,Forward,0,1025,2.9322,1.32887,0,2.72998,3.192,4.21314,237.352,15000,480768,0.779849
Suite_14,Forward,0,1026,2.95749,1.18242,0,2.19747,3.04419,4.59973,217.404,15000,487040,0.791218
Suite_14,Forward,0,1027,2.99469,1.16361,0,2.22592,3.16787,4.32189,231.38,15000,494592,0.805351
Suite_14,Forward,0,1028,3.02137,1.59146,0,2.22422,3.0761,4.34015,230.407,15000,502144,0.81653
Suite_14,Forward,0,1029,3.04406,1.15372,0,2.28762,3.11101,4.80304,208.202,15000,510208,0.828967
Suite_14,Forward,0,1030,3.05319,1.18489,0,3.91782,4.80522,4.39353,227.608,15000,516480,0.840035
Suite_14,Forward,0,1031,3.10292,1.68481,0,2.33882,3.18659,4.43176,225.644,15000,525312,0.860066
Suite_14,Forward,0,1032,3.12393,1.20658,0,2.35315,3.19488,5.02936,198.833,15000,533632,0.870612
Suite_14,Forward,0,1033,3.13079,1.2034,0,2.4105,3.35411,4.52615,220.939,15000,540928,0.881265
Suite_14,Forward,0,1034,3.18889,1.42422,0,2.49882,3.3567,4.53435,220.539,15000,548736,0.893607
Suite_14,Forward,0,1035,3.19986,1.21089,0,2.48355,3.31366,5.01047,199.582,15000,555520,0.904876
Suite_14,Forward,0,1036,3.20579,1.22344,0,2.51904,3.46522,4.62017,216.442,15000,562048,0.915635
Suite_14,Forward,0,1037,3.24157,1.67446,0,2.52326,3.37296,4.6364,215.685,15000,569216,0.925575
Suite_14,Forward,0,1038,3.27522,1.26364,0,3.15597,4.0511,5.13938,194.576,15000,578944,0.940298
Suite_14,Forward,0,1039,3.2917,1.29651,0,2.67034,3.55926,4.7509,210.486,15000,586752,0.951137
Suite_14,Forward,0,1040,3.33858,1.27865,0,2.74851,3.04128,4.8218,207.391,15000,593664,0.962564
Suite_14,Forward,0,1041,3.34899,1.27449,0,2.78198,3.72909,4.83678,206.749,15000,601344,0.975407
Suite_14,Forward,0,1042,3.37668,1.90485,0,2.82234,3.68899,4.84774,206.282,15000,608256,0.985611
Suite_14,Forward,0,1043,3.42651,1.313,0,2.92605,3.82771,5.60298,178.476,15000,617856,0.998243
Suite_14,Forward,0,1044,3.44286,1.43537,0,3.2801,3.76195,4.97563,200.98,15000,626048,1.00856
Suite_14,Forward,0,1045,3.46467,1.31458,0,2.9743,5.28979,5.47482,182.654,15000,633344,1.01745
Suite_14,Forward,0,1046,3.49063,2.22634,0,3.7417,4.60406,5.01808,199.279,15000,640640,1.03124
Suite_14,Forward,0,1047,3.51448,1.32848,0,3.06358,3.91837,6.1132,163.58,15000,647296,1.04196
Suite_14,Forward,0,1048,3.52649,1.31743,0,3.15552,4.09981,5.07953,196.869,15000,654080,1.05197
Suite_14,Forward,0,1049,3.56446,1.535,0,3.17414,4.03197,5.08321,196.726,15000,661888,1.06934
Suite_14,Forward,0,1050,3.59444,1.36346,0,3.88739,4.78576,5.9452,168.203,15000,671872,1.0852
Suite_14,Forward,0,1051,3.6278,1.51312,0,3.28886,4.68701,5.2029,192.2,15000,679424,1.09697
Suite_14,Forward,0,1052,3.65066,1.42106,0,3.38534,4.24733,5.40076,185.159,15000,686208,1.11147
Suite_14,Forward,0,1053,3.67541,1.40294,0,3.47728,4.42224,5.77228,173.242,15000,693120,1.12252
Suite_14,Forward,0,1054,3.70013,2.17168,0,4.06931,4.47933,5.34871,186.961,15000,700800,1.13609
Suite_14,Forward,0,1055,3.72367,3.38833,0,3.5328,3.90554,6.29451,158.869,15000,708992,1.15231
Suite_14,Forward,0,1056,3.75988,1.41975,0,3.58973,4.41904,7.37396,135.612,15000,715392,1.16386
Suite_14,Forward,0,1057,3.79475,1.39088,0,4.23328,6.51645,5.45012,183.482,15000,723584,1.17893
Suite_14,Forward,0,1058,3.79362,1.78066,0,3.68515,4.53082,5.47734,182.571,15000,731904,1.19215
Suite_14,Forward,0,1059,3.82954,1.41845,0,3.96867,6.80342,6.36832,157.027,15000,741632,1.20564
Suite_14,Forward,0,1060,3.86294,2.82756,0,3.92282,4.78019,5.51023,181.481,15000,750080,1.21874
Suite_14,Forward,0,1061,3.8954,1.48158,0,3.79904,6.11293,7.51473,133.072,15000,758656,1.23214
Suite_14,Forward,0,1062,3.91757,1.537,0,3.78134,4.62698,5.66158,176.629,15000,766080,1.24475
Suite_14,Forward,0,1063,3.94328,1.478,0,4.48902,5.41322,6.72647,148.666,15000,773376,1.25692
Suite_14,Forward,0,1064,3.96857,1.56309,0,3.87891,4.85318,5.78111,172.977,15000,781952,1.27427
Suite_14,Forward,0,1065,4.00617,3.02151,0,3.9377,4.78406,5.83335,171.428,15000,791552,1.28631
Suite_14,Forward,0,1066,4.02186,1.47458,0,4.62282,5.5255,7.31593,136.688,15000,798208,1.29794
Suite_14,Forward,0,1067,4.04245,1.48171,0,4.03046,4.95411,5.79213,172.648,15000,806016,1.31484
Suite_14,Forward,0,1068,4.07467,1.56595,0,4.05402,4.91725,5.81919,171.845,15000,814080,1.32712
Suite_14,Forward,0,1069,4.10234,1.54273,0,4.64691,6.05798,7.02889,142.27,15000,822400,1.34312
Suite_14,Forward,0,1070,4.1394,1.55347,0,4.20886,5.63482,5.94545,168.196,15000,831744,1.35886
Suite_14,Forward,0,1071,4.16742,2.37278,0,4.25619,5.10771,5.99721,166.744,15000,841472,1.37616
Suite_14,Forward,0,1072,4.18903,1.53585,0,4.88448,5.79853,7.62077,131.22,15000,848128,1.39096
Suite_14,Forward,0,1073,4.21067,1.53905,0,4.35187,5.83856,6.02838,165.882,15000,855936,1.40117
Suite_14,Forward,0,1074,4.24156,2.21405,0,4.34928,5.21882,6.05854,165.056,15000,862208,1.41494
Suite_14,Forward,0,1075,4.26536,1.54615,0,5.00208,5.92282,7.99421,125.091,15000,870272,1.42811
Suite_14,Forward,0,1076,4.29511,1.59266,0,4.51584,5.99859,6.11803,163.451,15000,879232,1.4419
Suite_14,Forward,0,1077,4.33333,2.25145,0,4.58163,5.44925,6.22305,160.693,15000,889088,1.45341
Suite_14,Forward,0,1078,4.35274,1.62956,0,5.20822,6.16358,8.15738,122.588,15000,897280,1.46784
Suite_14,Forward,0,1079,4.37797,1.60446,0,4.57005,6.05824,6.32053,158.214,15000,905088,1.47729
Suite_14,Forward,0,1080,4.41397,2.40152,0,4.65603,5.53818,6.30478,158.61,15000,912384,1.49049
Suite_14,Forward,0,1081,4.42845,1.6229,0,5.26954,6.20749,8.38127,119.314,15000,920320,1.50472
Suite_14,Forward,0,1082,4.45591,1.62363,0,4.75136,6.24282,6.37462,156.872,15000,927872,1.51723
Suite_14,Forward,0,1083,4.48667,2.43605,0,4.73888,5.59978,6.41519,155.88,15000,935552,1.5314
Suite_14,Forward,0,1084,4.5132,1.67494,0,5.36349,6.77642,8.54403,117.041,15000,942208,1.54185
Suite_14,Forward,0,1085,4.52184,1.67102,0,4.7873,6.22099,6.54606,152.764,15000,948608,1.55652
Suite_14,Forward,0,1086,4.55775,3.28475,0,5.1159,5.9783,6.73302,148.522,15000,957312,1.5701
Suite_14,Forward,0,1087,4.57311,3.72217,0,7.60218,8.49133,8.18207,122.219,15000,964736,1.58544
Suite_14,Forward,0,1088,4.6136,1.7104,0,4.94506,5.80598,8.63536,115.803,15000,972544,1.59984
Suite_14,Forward,0,1089,4.627,1.87623,0,4.97722,7.82784,6.76278,147.868,15000,979328,1.61431
Suite_14,Forward,0,1090,4.65368,3.91629,0,5.7344,6.59674,6.86091,145.753,15000,985984,1.62658
Suite_14,Forward,0,1091,4.67017,1.70022,0,5.08253,6.44525,8.924,112.057,15000,992896,1.63797
Suite_14,Forward,0,1092,4.68803,1.83708,0,5.09571,7.92781,7.03361,142.174,15000,1000064,1.65375
Suite_14,Forward,0,1093,4.72405,3.42135,0,5.34765,6.21814,6.88438,145.256,15000,1007872,1.66782
Suite_14,Forward,0,1094,4.74319,1.69731,0,5.17142,8.01066,8.49995,117.648,15000,1014144,1.67595
Suite_14,Forward,0,1095,4.76476,2.64784,0,5.20221,6.06643,6.80397,146.973,15000,1021696,1.68733
Suite_14,Forward,0,1096,4.83086,1.80452,0,5.8247,7.27331,8.98218,111.331,15000,1028480,1.7027
Suite_14,Forward,0,1097,4.81327,1.7967,0,5.25107,6.17094,6.99943,142.869,15000,1035136,1.71702
Suite_14,Forward,0,1098,4.83231,3.35509,0,6.00627,7.37533,7.41162,134.923,15000,1040768,1.7206
Suite_14,Forward,0,1099,4.84896,1.82474,0,5.29658,8.13466,8.65445,115.547,15000,1046912,1.73517
Suite_14,Forward,0,1100,4.87911,2.9508,0,5.55622,6.42685,7.8564,127.285,15000,1054464,1.74631
Suite_14,Forward,0,1101,4.89014,1.77866,0,5.63306,8.45619,8.69635,114.991,15000,1059968,1.75307
Suite_14,Forward,0,1102,4.90515,2.92766,0,5.64429,6.50643,7.05044,141.835,15000,1065344,1.76502
Suite_14,Forward,0,1103,4.93776,1.822,0,5.52723,8.3369,9.37001,106.724,15000,1070720,1.77558
Suite_14,Forward,0,1104,4.94918,2.70924,0,6.27043,7.12509,7.13567,140.141,15000,1074688,1.78048
Suite_14,Forward,0,1105,4.96663,1.85669,0,5.65296,7.00928,9.2669,107.911,15000,1081728,1.79663
Suite_14,Forward,0,1106,4.98405,2.06599,0,6.38586,9.28768,7.54236,132.585,15000,1087616,1.80954
Suite_14,Forward,0,1107,5.01481,4.32516,0,5.91789,6.7752,7.49404,133.439,15000,1093632,1.81745
Suite_14,Forward,0,1108,5.02611,1.84332,0,6.47197,7.91539,9.74873,102.577,15000,1099264,1.82698
Suite_14,Forward,0,1109,5.03906,2.90076,0,5.85728,7.35581,7.36982,135.688,15000,1104896,1.84061
Suite_14,Forward,0,1110,5.07029,3.62656,0,6.50035,7.93709,8.35225,119.728,15000,1109504,1.85246
Suite_14,Forward,0,1111,5.07851,1.9192,0,6.00566,8.82838,9.83027,101.727,15000,1115008,1.86724
Suite_14,Forward,0,1112,5.09374,3.25988,0,6.73904,8.11008,8.37894,119.347,15000,1120000,1.87913
Suite_14,Forward,0,1113,5.11378,1.95865,0,6.02733,8.96982,9.45131,105.805,15000,1125632,1.88817
Suite_14,Forward,0,1114,5.13015,3.96116,0,6.35501,7.22278,8.58242,116.517,15000,1130880,1.90527
Suite_14,Forward,0,1115,5.14998,2.01771,0,6.22387,7.67504,9.56021,104.6,15000,1135616,1.92303
Suite_14,Forward,0,1116,5.15873,3.12231,0,8.39885,9.89565,7.60945,131.416,15000,1140224,1.92984
Suite_14,Forward,0,1117,5.17884,3.85509,0,6.30208,7.73139,8.68991,115.076,15000,1145088,1.93795
Suite_14,Forward,0,1118,5.19235,2.02395,0,6.44083,9.25901,10.3429,96.6844,15000,1149056,1.95119
Suite_14,Forward,0,1119,5.2065,3.18222,0,6.35699,7.7287,8.7725,113.993,15000,1155072,1.95236
Suite_14,Forward,0,1120,5.22114,1.95111,0,7.05661,9.95062,9.71416,102.943,15000,1158528,1.96342
Suite_14,Forward,0,1121,5.25542,4.1948,0,6.48106,7.35197,8.39645,119.098,15000,1164288,1.97697
Suite_14,Forward,0,1122,5.25971,1.91746,0,7.52714,8.97024,10.3788,96.3504,15000,1168896,1.98968
Suite_14,Forward,0,1123,5.28048,3.6403,0,6.42694,7.92166,7.95242,125.748,15000,1174784,2.00433
Suite_14,Forward,0,1124,5.29428,3.53493,0,6.57478,7.43219,9.39809,106.405,15000,1179776,2.02008
Suite_14,Forward,0,1125,5.33667,1.99299,0,6.52083,7.97069,10.3994,96.1597,15000,1184512,2.02418
Suite_14,Forward,0,1126,5.32505,3.22068,0,8.6111,10.1028,7.90515,126.5,15000,1188480,2.03155
Suite_14,Forward,0,1127,5.33889,3.86802,0,6.63907,7.50285,8.98984,111.237,15000,1193600,2.05123
Suite_14,Forward,0,1128,5.3497,1.92816,0,7.74963,9.19194,10.56,94.697,15000,1198208,2.06537
Suite_14,Forward,0,1129,5.35721,3.82535,0,6.73856,8.23501,7.97015,125.468,15000,1201920,2.08222
Suite_14,Forward,0,1130,5.38443,3.81742,0,6.78298,7.64314,9.61844,103.967,15000,1206400,2.09635
Suite_14,Forward,0,1131,5.40193,2.01268,0,6.84016,8.29386,10.7749,92.8079,15000,1210752,2.11235
Suite_14,Forward,0,1132,5.41133,3.9507,0,8.85152,10.3444,8.11162,123.28,15000,1215232,2.12717
Suite_14,Forward,0,1133,5.43402,3.78011,0,6.95414,8.32474,9.79567,102.086,15000,1218688,2.13364
Suite_14,Forward,0,1134,5.42614,2.33299,0,7.57405,10.4632,10.8242,92.3859,15000,1222144,2.14502
Suite_14,Forward,0,1135,5.45484,3.90769,0,6.98029,7.83155,9.35487,106.896,15000,1228032,2.15984
Suite_14,Forward,0,1136,5.48836,2.04062,0,7.55302,8.50269,10.9406,91.4022,15000,1231360,2.17238
Suite_14,Forward,0,1137,5.4875,4.28125,0,7.02858,8.49498,8.43958,118.489,15000,1233280,2.1825
Suite_14,Forward,0,1138,5.5011,3.55022,0,7.59581,8.96205,10.2193,97.8539,15000,1236096,2.19884
Suite_14,Forward,0,1139,5.48823,2.38873,0,6.99597,9.88867,9.65889,103.532,15000,1239936,2.21281
Suite_14,Forward,0,1140,5.50998,3.84986,0,7.7312,9.10138,9.46778,105.621,15000,1244160,2.2295
Suite_14,Forward,0,1141,5.51533,2.39855,0,7.05597,9.95952,11.0001,90.9079,15000,1246976,2.24236
Suite_14,Forward,0,1142,5.5419,3.86918,0,7.7544,9.12998,9.55719,104.633,15000,1249664,2.25647
Suite_14,Forward,0,1143,5.52864,2.37617,0,7.16227,10.0502,11.0963,90.1197,15000,1250816,2.26302
Suite_14,Forward,0,1144,5.54049,3.97071,0,7.83898,9.21014,9.54423,104.775,15000,1251712,2.26814
Suite_14,Forward,0,1145,5.5447,2.47261,0,7.13059,9.96954,11.1665,89.5534,15000,1253888,2.27913
Suite_14,Forward,0,1146,5.55689,3.36081,0,7.34506,8.21514,9.66742,103.44,15000,1254656,2.2878
Suite_14,Forward,0,1147,5.55028,2.03126,0,7.24173,8.68765,10.5956,94.3786,15000,1256064,2.29599
Suite_14,Forward,0,1148,5.55707,3.76913,0,8.83933,10.2901,8.70309,114.902,15000,1258112,2.31319
Suite_14,Forward,0,1149,5.57484,3.478,0,7.22563,8.59546,10.2033,98.0075,15000,1260672,2.32563
Suite_14,Forward,0,1150,5.57644,2.36647,0,7.82605,10.6668,10.7257,93.234,15000,1261696,2.33797
Suite_14,Forward,0,1151,5.57824,3.89987,0,7.34192,8.7112,9.63779,103.758,15000,1264000,2.34802
Suite_14,Forward,0,1152,5.59464,2.5813,0,7.35286,10.1888,11.128,89.8638,15000,1264512,2.33293
Suite_14,Forward,0,1153,5.58722,3.36583,0,7.21082,8.58266,9.86641,101.354,15000,1265152,2.34252
Suite_14,Forward,0,1154,5.59171,2.44473,0,7.88096,10.7658,10.6589,93.8182,15000,1267072,2.35751
Suite_14,Forward,0,1155,5.61145,3.95892,0,7.21904,8.59546,9.70916,102.996,15000,1267968,2.37196
Suite_14,Forward,0,1156,5.60778,2.34093,0,7.90963,10.8131,11.2353,89.0051,15000,1269376,2.37648
Suite_14,Forward,0,1157,5.61321,4.04376,0,7.27366,8.6415,9.67095,103.402,15000,1270400,2.38542
Suite_14,Forward,0,1158,5.6096,2.40066,0,8.01997,10.842,11.2841,88.6207,15000,1270784,2.39955
Suite_14,Forward,0,1159,5.61725,3.98982,0,7.41382,8.7889,9.7252,102.826,15000,1272064,2.40164
Suite_14,Forward,0,1160,5.65283,4.18483,0,7.99949,10.8119,11.3278,88.2781,15000,1272320,2.40562
Suite_14,Forward,0,1161,5.63977,2.94137,0,7.32787,8.6999,10.3313,96.7935,15000,1273088,2.42039
Suite_14,Forward,0,1162,5.62252,2.4514,0,7.50365,10.3429,10.3562,96.5607,15000,1273088,2.43263
Suite_14,Forward,0,1163,5.62341,3.43223,0,7.49347,8.86477,9.83382,101.69,15000,1272448,2.4399
Suite_14,Forward,0,1164,5.62559,2.62557,0,7.59878,10.4349,10.8244,92.3835,15000,1272832,2.45064
Suite_14,Forward,0,1165,5.626,3.54575,0,7.43219,8.80502,9.99622,100.038,15000,1273600,2.44054
Suite_14,Forward,0,1166,5.62821,2.53263,0,7.5264,10.3547,10.933,91.466,15000,1273088,2.45454
Suite_14,Forward,0,1167,5.62677,3.40983,0,7.4425,8.80845,9.93374,100.667,15000,1273856,2.47387
Suite_14,Forward,0,1168,5.62847,2.51724,0,7.62675,10.4405,10.8169,92.4478,15000,1272960,2.47507
Suite_14,Forward,0,1169,5.62635,3.50917,0,7.38672,8.7495,9.96306,100.371,15000,1270528,2.4784
Suite_14,Forward,0,1170,5.63043,2.44237,0,7.62054,10.4448,10.8927,91.8045,15000,1269760,2.4852
Suite_14,Forward,0,1171,5.6274,3.48313,0,7.50128,8.86954,9.88112,101.203,15000,1268736,2.49202
Suite_14,Forward,0,1172,5.62602,2.59523,0,7.72941,10.5861,10.9209,91.5674,15000,1268736,2.51051
Suite_14,Forward,0,1173,5.62606,3.62816,0,7.52109,8.89021,10.0027,99.9732,15000,1269248,2.51842
Suite_14,Forward,0,1174,5.61966,2.60524,0,7.70086,10.5124,11.0576,90.4355,15000,1266560,2.52446
Suite_14,Forward,0,1175,5.63435,3.51571,0,7.62291,8.99584,10.044,99.5621,15000,1267200,2.5359
Suite_14,Forward,0,1176,5.62913,2.13204,0,7.79155,10.635,10.9758,91.1096,15000,1267328,2.55657
Suite_14,Forward,0,1177,5.62241,3.94975,0,7.65338,9.02906,9.62066,103.943,15000,1267456,2.57985
Suite_14,Forward,0,1178,5.62875,2.6965,0,7.78854,10.6269,11.0967,90.1165,15000,1266432,2.57705
Suite_14,Forward,0,1179,5.62494,3.63855,0,7.67645,9.05392,10.1534,98.4893,15000,1265408,2.58758
Suite_14,Forward,0,1180,5.61923,2.2504,0,7.78742,10.6148,11.0912,90.1618,15000,1264256,2.60694
Suite_14,Forward,0,1181,5.61903,3.76943,0,7.65309,9.02602,9.71745,102.908,15000,1261696,2.62522
Suite_14,Forward,0,1182,5.62208,4.07525,0,7.74518,10.5533,11.0446,90.5422,15000,1261056,2.65155
Suite_14,Forward,0,1183,5.63151,2.99249,0,7.79242,9.16477,10.1438,98.582,15000,1259136,2.59139
Suite_14,Forward,0,1184,5.61065,2.32643,0,7.89635,10.7124,10.5331,94.9389,15000,1258496,2.59553
Suite_14,Forward,0,1185,5.60902,3.80158,0,7.76362,9.13875,9.7854,102.193,15000,1256320,2.57904
Suite_14,Forward,0,1186,5.59582,2.29363,0,7.90461,10.7366,11.1892,89.3719,15000,1255040,2.58904
Suite_14,Forward,0,1187,5.59617,3.80853,0,7.67901,9.05677,9.75633,102.498,15000,1252736,2.54944
Suite_14,Forward,0,1188,5.59278,2.24228,0,7.83437,10.6762,11.1898,89.3674,15000,1251968,2.55439
Suite_14,Forward,0,1189,5.61778,3.82036,0,7.71482,9.09507,9.693,103.167,15000,1249152,2.5637
Suite_14,Forward,0,1190,5.59018,2.24968,0,7.74122,10.5585,11.1397,89.769,15000,1246464,2.57012
Suite_14,Forward,0,1191,5.58262,3.73646,0,7.62118,8.99098,9.72443,102.834,15000,1244800,2.59163
Suite_14,Forward,0,1192,5.57455,2.1321,0,7.69843,10.5058,10.9996,90.9122,15000,1242240,2.48163
Suite_14,Forward,0,1193,5.56565,3.73169,0,7.60234,8.96666,9.63534,103.785,15000,1239552,2.49069
Suite_14,Forward,0,1194,5.56316,2.09999,0,7.69046,10.5071,10.9748,91.1179,15000,1238528,2.44614
Suite_14,Forward,0,1195,5.55682,3.79582,0,7.60074,8.9728,9.57777,104.408,15000,1235840,2.4454
Suite_14,Forward,0,1196,5.55689,2.6529,0,7.65808,10.4864,10.9899,90.9923,15000,1234688,2.44504
Suite_14,Forward,0,1197,5.55073,3.49907,0,7.49677,8.86621,10.1183,98.8313,15000,1233280,2.42994
Suite_14,Forward,0,1198,5.55319,2.18589,0,8.16973,11.0657,10.9696,91.1611,15000,1230720,2.40972
Suite_14,Forward,0,1199,5.54197,4.48716,0,7.51578,8.87683,9.51602,105.086,15000,1227264,2.41849
Suite_14,Forward,0,1200,5.53387,2.13221,0,7.67018,10.494,11.5,86.9562,15000,1223680,2.40779
Suite_14,Forward,0,1201,5.5212,3.8778,0,7.52771,8.89418,9.49487,105.32,15000,1220224,2.42257
Suite_14,Forward,0,1202,5.51423,2.56394,0,7.71242,10.557,10.9166,91.6036,15000,1218816,2.43386
Suite_14,Forward,0,1203,5.50325,3.61957,0,7.57555,8.93968,10.0302,99.6993,15000,1215616,2.44748
Suite_14,Forward,0,1204,5.53208,4.03349,0,7.69258,10.512,11.0787,90.2636,15000,1212288,2.44239
Suite_14,Forward,0,1205,5.55593,4.92844,0,7.55264,8.91798,10.0734,99.2715,15000,1208704,2.45077
Suite_14,Forward,0,1206,5.50558,2.09377,0,7.6592,10.5015,10.9372,91.4313,15000,1205888,2.46806
Suite_14,Forward,0,1207,5.53876,3.81382,0,7.48189,8.85146,9.53275,104.902,15000,1203072,2.46841
Suite_14,Forward,0,1208,5.50113,2.55853,0,7.62675,10.4598,10.9759,91.1084,15000,1201408,2.44621
Suite_14,Forward,0,1209,5.52795,3.44362,0,7.44243,8.81008,9.97506,100.25,15000,1198720,2.45024
Suite_14,Forward,0,1210,5.46849,2.50493,0,7.47315,10.3318,10.9273,91.5139,15000,1196416,2.43626
Suite_14,Forward,0,1211,5.45639,3.39036,0,7.32774,8.68451,9.9204,100.802,15000,1193856,2.45572
Suite_14,Forward,0,1212,5.44888,2.43826,0,7.44858,10.2625,10.7839,92.7306,15000,1190784,2.46704
Suite_14,Forward,0,1213,5.43572,3.33238,0,7.23283,8.60598,9.82461,101.785,15000,1187200,2.46953
Suite_14,Forward,0,1214,5.42701,2.37097,0,7.77779,10.7741,10.7277,93.2169,15000,1182720,2.46164
Suite_14,Forward,0,1215,5.42848,3.89634,0,7.08736,8.46848,9.72753,102.801,15000,1180800,2.48628
Suite_14,Forward,0,1216,5.40771,2.15849,0,7.56531,10.4506,11.2507,88.8834,15000,1177728,2.51187
Suite_14,Forward,0,1217,5.414,3.66094,0,6.9943,8.37952,9.58353,104.346,15000,1174400,2.50503
Suite_14,Forward,0,1218,5.42169,2.11484,0,7.56317,10.4591,10.8458,92.2014,15000,1171712,2.50633
Suite_14,Forward,0,1219,5.39331,3.78326,0,6.81907,7.67386,9.54823,104.731,15000,1168512,2.51658
Suite_14,Forward,0,1220,5.3866,1.95727,0,7.42122,8.86378,10.8483,92.1806,15000,1166208,2.29344
Suite_14,Forward,0,1221,5.37394,3.28824,0,6.7583,8.19046,8.28101,120.758,15000,1161856,2.27802
Suite_14,Forward,0,1222,5.36395,3.79722,0,7.37757,8.74294,9.27398,107.829,15000,1159040,2.23026
Suite_14,Forward,0,1223,5.35424,2.02808,0,6.74218,9.63926,10.7288,93.2068,15000,1156352,2.21012
Suite_14,Forward,0,1224,5.35902,3.74227,0,6.87661,7.72915,9.28584,107.691,15000,1153152,2.21243
Suite_14,Forward,0,1225,5.33332,1.93839,0,6.68262,8.13142,10.6845,93.5934,15000,1149312,2.21618
Suite_14,Forward,0,1226,5.32083,3.62819,0,8.70563,10.1934,8.23924,121.37,15000,1145600,2.22679
Suite_14,Forward,0,1227,5.31484,5.19678,0,6.62989,8.00218,9.60915,104.068,15000,1140992,2.21255
Suite_14,Forward,0,1228,5.32416,1.92284,0,7.28429,10.1739,10.9237,91.5437,15000,1136384,2.19916
Suite_14,Forward,0,1229,5.29975,3.88951,0,6.57613,7.4321,8.95192,111.708,15000,1132416,2.1709
Suite_14,Forward,0,1230,5.28527,1.90838,0,7.66157,9.1264,10.581,94.5092,15000,1128576,2.17031
Suite_14,Forward,0,1231,5.26447,3.71347,0,6.51264,8.01382,8.04071,124.367,15000,1124224,2.17882
Suite_14,Forward,0,1232,5.26296,3.25973,0,6.52614,7.38611,9.54017,104.82,15000,1119872,2.15547
Suite_14,Forward,0,1233,5.24635,1.84832,0,6.47782,7.93418,10.4831,95.3912,15000,1116672,2.17085
Suite_14,Forward,0,1234,5.23264,3.77612,0,8.46442,9.9664,7.85772,127.263,15000,1112576,2.15516
Suite_14,Forward,0,1235,5.23595,3.23918,0,6.372,7.23418,9.44917,105.829,15000,1108992,2.15332
Suite_14,Forward,0,1236,5.21735,1.84625,0,7.50982,8.94976,10.4357,95.8253,15000,1105792,2.16483
Suite_14,Forward,0,1237,5.21337,3.76824,0,6.43373,7.92598,7.70735,129.746,15000,1102976,2.18005
Suite_14,Forward,0,1238,5.20468,3.29311,0,6.31661,7.18486,9.3788,106.623,15000,1099264,2.18711
Suite_14,Forward,0,1239,5.19073,1.84624,0,6.28339,7.72211,10.3979,96.173,15000,1095424,2.19562
Suite_14,Forward,0,1240,5.17555,3.12708,0,8.22874,9.71491,7.6854,130.117,15000,1091456,2.17241
Suite_14,Forward,0,1241,5.17523,3.68694,0,6.14352,6.99392,8.69232,115.044,15000,1087104,2.1857
Suite_14,Forward,0,1242,5.15846,1.83698,0,6.80445,8.2521,10.1753,98.2771,15000,1083136,2.17414
Suite_14,Forward,0,1243,5.14759,3.13723,0,6.2209,7.65773,7.44658,134.29,15000,1078656,2.18148
Suite_14,Forward,0,1244,5.13578,3.65978,0,6.77747,8.21194,8.67515,115.272,15000,1075072,2.19166
Suite_14,Forward,0,1245,5.12839,1.89319,0,6.08461,8.90154,10.1493,98.5292,15000,1070848,2.20869
Suite_14,Forward,0,1246,5.11243,2.93183,0,6.7584,8.13827,8.73084,114.537,15000,1066240,2.22022
Suite_14,Forward,0,1247,5.10314,1.86053,0,6.03581,8.94598,9.41127,106.256,15000,1060736,2.22608
Suite_14,Forward,0,1248,5.08961,3.63796,0,6.14541,7.00202,8.60698,116.185,15000,1056384,2.21529
Suite_14,Forward,0,1249,5.07765,1.80332,0,6.13008,7.57821,10.0722,99.2836,15000,1052800,2.23661
Suite_14,Forward,0,1250,5.06595,3.14119,0,8.26122,9.75872,7.45192,134.194,15000,1048960,2.22598
Suite_14,Forward,0,1251,5.06469,3.80328,0,6.07638,6.93242,8.60201,116.252,15000,1043456,2.23884
Suite_14,Forward,0,1252,5.04359,12.9052,0,16.6197,17.4551,10.1635,98.3913,15000,1039104,2.25995
Suite_14,Forward,0,1253,5.05511,1.71878,0,5.94112,7.3239,18.3238,54.5738,15000,1034496,2.28581
Suite_14,Forward,0,1254,5.01326,1.82132,0,8.05888,9.49984,7.16943,139.481,15000,1029888,2.30282
Suite_14,Forward,0,1255,5.01003,3.82799,0,5.97565,6.83965,8.22567,121.571,15000,1025152,2.29598
Suite_14,Forward,0,1256,4.98542,1.731,0,5.90138,7.33661,9.92321,100.774,15000,1020800,2.30847
Suite_14,Forward,0,1257,4.97191,2.95622,0,5.92854,8.76134,7.32843,136.455,15000,1017088,2.34954
Suite_14,Forward,0,1258,4.96446,3.03877,0,5.89526,6.76048,8.28643,120.679,15000,1011840,2.39036
Suite_14,Forward,0,1259,4.94711,1.75728,0,6.4713,7.91962,9.18121,108.918,15000,1005696,2.43476
Suite_14,Forward,0,1260,4.93333,2.58189,0,5.88186,7.30742,7.87128,127.044,15000,1001344,2.47226
Suite_14,Forward,0,1261,4.92685,3.06886,0,5.86982,6.73792,8.37713,119.373,15000,996992,2.52884
Suite_14,Forward,0,1262,4.90121,1.753,0,6.60685,9.4944,9.32526,107.236,15000,989312,2.55932
Suite_14,Forward,0,1263,4.90401,4.19467,0,5.86707,6.71875,7.78715,128.417,15000,983296,2.62553
Suite_14,Forward,0,1264,4.87539,1.6913,0,5.95331,7.39219,9.92584,100.747,15000,977792,2.70118
Suite_14,Forward,0,1265,4.86058,3.09463,0,7.95853,9.40198,7.28457,137.276,15000,972160,2.78468
Suite_14,Forward,0,1266,4.84858,3.573,0,5.87133,7.24787,8.38183,119.306,15000,967808,2.33061
Suite_14,Forward,0,1267,4.83863,1.74464,0,5.83267,8.73773,9.83211,101.708,15000,962304,2.30886
Suite_14,Forward,0,1268,4.82808,4.04442,0,5.93715,6.80304,7.82033,127.872,15000,957952,2.27276
Suite_14,Forward,0,1269,4.80691,1.65383,0,5.78883,7.22682,9.81957,101.838,15000,953984,2.28113
Suite_14,Forward,0,1270,4.78965,2.92761,0,5.74083,7.22454,7.27504,137.456,15000,948352,2.26509
Suite_14,Forward,0,1271,4.7795,3.56869,0,6.29651,7.73306,8.2148,121.731,15000,941952,2.27836
Suite_14,Forward,0,1272,4.76708,1.71242,0,5.7385,8.57088,9.69342,103.163,15000,936576,2.30072
Suite_14,Forward,0,1273,4.74912,2.98716,0,5.80528,6.66214,8.19883,121.969,15000,931584,2.23852
Suite_14,Forward,0,1274,4.74751,1.7001,0,6.9071,8.35789,9.12434,109.597,15000,927360,2.27297
Suite_14,Forward,0,1275,4.72599,3.50379,0,5.79994,7.30317,7.29479,137.084,15000,922624,2.28593
Suite_14,Forward,0,1276,4.70824,3.30489,0,5.86864,6.72563,8.77609,113.946,15000,916992,2.31841
Suite_14,Forward,0,1277,4.69266,1.63415,0,5.83158,7.20845,9.77096,102.344,15000,910336,2.36061
Suite_14,Forward,0,1278,4.67554,2.3492,0,5.86342,8.68835,7.21561,138.588,15000,906624,2.41314
Suite_14,Forward,0,1279,4.67598,3.60704,0,5.84512,7.22944,7.6113,131.384,15000,902784,2.43451
Suite_14,Forward,0,1280,4.66543,1.69748,0,5.88528,7.34618,9.26893,107.887,15000,896128,2.47779
Suite_14,Forward,0,1281,4.64034,1.86256,0,5.77126,7.26669,7.88544,126.816,15000,890112,2.50201
Suite_14,Forward,0,1282,4.63206,4.10294,0,5.79174,6.65338,7.71511,129.616,15000,883840,2.51997
Suite_14,Forward,0,1283,4.60925,1.69445,0,5.70061,7.0656,9.77326,102.32,15000,878336,2.55991
Suite_14,Forward,0,1284,4.59696,2.33015,0,5.79357,8.62618,7.07942,141.254,15000,872704,2.65011
Suite_14,Forward,0,1285,4.61984,3.57836,0,5.61562,6.99597,7.51953,132.987,15000,867200,2.73223
Suite_14,Forward,0,1286,4.56448,1.63825,0,5.65213,7.09837,9.17454,108.997,15000,861696,2.84749
Suite_14,Forward,0,1287,4.5506,1.77034,0,5.60026,7.09251,7.6599,130.55,15000,856704,2.35048
Suite_14,Forward,0,1288,4.54049,4.01067,0,5.61219,6.47363,7.48273,133.641,15000,851456,2.38956
Suite_14,Forward,0,1289,4.51958,1.55664,0,5.55008,6.92838,9.54993,104.713,15000,846336,2.46561
Suite_14,Forward,0,1290,4.49726,2.26719,0,5.51568,8.33946,6.94733,143.94,15000,840448,2.55086
Suite_14,Forward,0,1291,4.49107,3.47074,0,5.82118,6.69594,7.31981,136.616,15000,834688,2.64512
Suite_14,Forward,0,1292,4.47745,1.5628,0,5.4847,6.90835,8.92089,112.096,15000,829312,2.75853
Suite_14,Forward,0,1293,4.45249,1.83603,0,5.45754,8.27885,7.34437,136.159,15000,824960,2.90203
Suite_14,Forward,0,1294,4.45377,3.43866,0,5.41338,6.27155,7.28795,137.213,15000,820096,3.06427
Suite_14,Forward,0,1295,4.43567,1.53107,0,5.40221,6.77472,8.86171,112.845,15000,815744,3.25396
Suite_14,Forward,0,1296,4.41503,2.1765,0,5.34326,8.23091,6.89309,145.073,15000,811136,3.42127
Suite_14,Forward,0,1297,4.41346,3.47512,0,5.07235,5.93923,7.18935,139.095,15000,806272,2.39374
Suite_14,Forward,0,1298,4.39416,1.49649,0,5.05242,6.41616,8.80066,113.628,15000,801408,2.45326
Suite_14,Forward,0,1299,4.3761,2.10471,0,5.00326,7.8377,6.52593,153.235,15000,796672,2.11383
Suite_14,Forward,0,1300,4.37679,3.38515,0,4.98784,5.85366,6.81512,146.733,15000,792576,2.1461
Suite_14,Forward,0,1301,4.36148,1.49295,0,5.09965,6.47619,8.40949,118.913,15000,787584,2.17608
Suite_14,Forward,0,1302,4.33567,2.29259,0,4.90579,7.72605,6.45222,154.985,15000,781184,2.20939
Suite_14,Forward,0,1303,4.32317,3.20163,0,4.88454,5.73651,6.90355,144.853,15000,776576,2.23504
Suite_14,Forward,0,1304,4.32067,1.51153,0,4.94992,6.38566,8.3129,120.295,15000,771584,2.27456
Suite_14,Forward,0,1305,4.29552,1.70844,0,4.89062,7.73066,6.89412,145.051,15000,765568,2.32072
Suite_14,Forward,0,1306,4.28589,3.81956,0,4.83328,5.13434,6.78188,147.452,15000,759808,2.37596
Suite_14,Forward,0,1307,4.26787,1.48234,0,4.88355,5.74109,8.83643,113.168,15000,754432,2.21686
Suite_14,Forward,0,1308,4.2552,1.42927,0,4.84829,7.70061,6.85222,145.938,15000,749952,2.0243
Suite_14,Forward,0,1309,4.242,4.2356,0,4.8497,5.72096,6.15503,162.469,15000,744320,2.05058
Suite_14,Forward,0,1310,4.22442,1.47912,0,4.87424,6.25712,8.76776,114.054,15000,737536,2.02559
Suite_14,Forward,0,1311,4.2144,1.55882,0,4.89194,7.78022,6.8785,145.381,15000,733184,2.06325
Suite_14,Forward,0,1312,4.20287,3.97744,0,4.84003,5.70518,6.63611,150.691,15000,729344,2.01144
Suite_14,Forward,0,1313,4.19861,1.48096,0,4.84198,6.21283,8.85725,112.902,15000,724352,2.03007
Suite_14,Forward,0,1314,4.17454,2.11088,0,4.88512,7.79552,6.29562,158.841,15000,719360,2.05895
Suite_14,Forward,0,1315,4.15298,3.51933,0,4.91149,5.77946,6.59149,151.711,15000,712448,1.92333
Suite_14,Forward,0,1316,4.13477,3.53539,0,6.99517,8.40499,8.36938,119.483,15000,707072,1.94183
Suite_14,Forward,0,1317,4.14161,1.53665,0,4.74931,5.61504,7.93024,126.1,15000,702464,1.94595
Suite_14,Forward,0,1318,4.12064,1.41464,0,4.75798,6.20685,7.24163,138.09,15000,699136,1.97859
Suite_14,Forward,0,1319,4.1003,2.69557,0,4.73558,7.61037,6.20645,161.123,15000,693504,1.96319
Suite_14,Forward,0,1320,4.09176,2.62207,0,4.63853,5.492,7.15629,139.737,15000,688384,1.99563
Suite_14,Forward,0,1321,4.06603,1.35859,0,4.50861,5.94963,8.03033,124.528,15000,683136,2.02668
Suite_14,Forward,0,1322,4.04988,2.52589,0,4.50858,7.33216,6.05452,165.166,15000,678912,1.94892
Suite_14,Forward,0,1323,4.03606,2.54272,0,4.54656,5.4015,6.92966,144.307,15000,673920,1.95744
Suite_14,Forward,0,1324,4.0345,1.36561,0,4.47082,5.90848,7.75486,128.951,15000,668288,1.94371
Suite_14,Forward,0,1325,4.01109,2.48157,0,4.53568,5.96915,6.06642,164.842,15000,664192,1.95565
Suite_14,Forward,0,1326,4.01617,2.8843,0,4.44854,5.30432,6.86594,145.647,15000,658560,1.96827
Suite_14,Forward,0,1327,3.99109,1.36254,0,4.45478,5.89469,7.94177,125.917,15000,653568,2.00099
Suite_14,Forward,0,1328,3.97892,2.67464,0,4.40934,5.84314,5.74026,174.208,15000,648064,2.02031
Suite_14,Forward,0,1329,3.9654,2.66613,0,4.41408,5.27155,6.89141,145.108,15000,643840,2.05647
Suite_14,Forward,0,1330,3.94767,1.33164,0,4.38589,5.74464,7.83165,127.687,15000,638592,2.09679
Suite_14,Forward,0,1331,3.9215,1.99014,0,4.36086,7.19318,5.72096,174.796,15000,633856,2.10484
Suite_14,Forward,0,1332,3.91193,3.25775,0,4.45651,5.31456,6.14797,162.655,15000,629632,2.16812
Suite_14,Forward,0,1333,3.91635,1.33641,0,4.41914,5.86752,7.7543,128.961,15000,624256,2.24347
Suite_14,Forward,0,1334,3.88756,2.55417,0,4.57114,7.47443,5.93896,168.38,15000,617984,2.33822
Suite_14,Forward,0,1335,3.87825,2.71058,0,4.61677,5.4784,6.83421,146.323,15000,613632,2.28406
Suite_14,Forward,0,1336,3.86643,1.3035,0,4.63258,6.07642,7.88235,126.866,15000,609792,2.41934
Suite_14,Forward,0,1337,3.84492,2.62542,0,4.50838,5.94426,6.05295,165.209,15000,605056,2.55883
Suite_14,Forward,0,1338,3.84659,2.66586,0,4.55238,5.40794,7.02012,142.448,15000,600192,2.81762
Suite_14,Forward,0,1339,3.8355,1.30501,0,4.55248,5.98637,7.95202,125.754,15000,595712,3.19602
Suite_14,Forward,0,1340,3.81289,2.77063,0,4.50051,5.92816,5.81793,171.882,15000,592512,3.78601
Suite_14,Forward,0,1341,3.81303,2.75937,0,4.61699,5.47635,6.96032,143.672,15000,588544,4.86335
Suite_14,Forward,0,1342,3.79928,1.32316,0,4.66829,6.03437,8.0317,124.507,15000,583296,6.96743
Suite_14,Forward,0,1343,3.78388,2.10325,0,4.89475,7.80288,5.94383,168.242,15000,579456,10.5131
Suite_14,Forward,0,1344,3.78009,3.58641,0,4.97869,5.83104,6.39931,156.267,15000,575360,10.8201
Suite_14,Forward,0,1345,3.75317,1.29274,0,5.11795,6.55158,8.37436,119.412,15000,569856,9.20477
Suite_14,Forward,0,1346,3.72641,2.73703,0,4.69606,7.5776,6.39241,156.436,15000,565888,2.76911
Suite_14,Forward,0,1347,3.73506,2.76379,0,3.92499,4.78822,7.50775,133.196,15000,560000,3.19912
Suite_14,Forward,0,1348,3.72119,1.23949,0,3.79699,5.26371,7.97826,125.341,15000,555520,3.92047
Suite_14,Forward,0,1349,3.70439,2.33679,0,3.89158,5.3233,5.33947,187.285,15000,552448,5.23663
Suite_14,Forward,0,1350,3.70418,2.68853,0,3.84435,4.70064,6.24446,160.142,15000,547712,7.59575
Suite_14,Forward,0,1351,3.67999,1.20489,0,3.89734,4.3433,7.31576,136.691,15000,543360,10.7258
Suite_14,Forward,0,1352,3.6482,1.45845,0,3.78858,4.7672,5.1874,192.775,15000,539392,10.7088
Suite_14,Forward,0,1353,3.64597,3.36914,0,3.65779,4.51584,5.31214,188.248,15000,534272,7.68715
Suite_14,Forward,0,1354,3.63624,1.23183,0,3.54906,4.99302,7.21692,138.563,15000,528512,2.23193
Suite_14,Forward,0,1355,3.60649,1.44561,0,3.44269,4.87965,5.52805,180.895,15000,523520,2.46754
Suite_14,Forward,0,1356,3.60974,3.0295,0,3.38176,4.23731,5.3885,185.58,15000,519552,2.7999
Suite_14,Forward,0,1357,3.59163,1.17647,0,3.38854,5.80109,6.88267,145.293,15000,515584,3.1676
Suite_14,Forward,0,1358,3.59861,1.60689,0,3.33824,4.25933,4.95807,201.692,15000,512256,3.15817
Suite_14,Forward,0,1359,3.58527,1.16015,0,3.29798,4.15824,6.57811,152.019,15000,508032,1.63775
Suite_14,Forward,0,1360,3.55805,3.41503,0,3.28909,4.11648,4.93079,202.807,15000,504448,1.63031
Suite_14,Forward,0,1361,3.55019,1.17647,0,3.24813,4.6425,7.17496,139.374,15000,500352,1.62127
Suite_14,Forward,0,1362,3.55007,1.43295,0,3.23235,4.09395,4.91439,203.484,15000,495744,1.62815
Suite_14,Forward,0,1363,3.53288,1.20471,0,3.89904,6.30576,6.34053,157.716,15000,490880,1.62396
Suite_14,Forward,0,1364,3.52582,1.68582,0,3.16138,3.44883,4.91915,203.287,15000,485760,1.62593
Suite_14,Forward,0,1365,3.50663,1.14139,0,3.17914,4.00826,6.43539,155.391,15000,482432,1.64795
Suite_14,Forward,0,1366,3.47474,1.12835,0,3.17414,6.0296,4.83118,206.989,15000,478592,1.67603
Suite_14,Forward,0,1367,3.46473,1.69057,0,3.15469,4.02842,4.78281,209.082,15000,475520,1.66708
Suite_14,Forward,0,1368,3.47263,1.15095,0,3.70067,4.1303,6.50653,153.692,15000,471424,1.66811
Suite_14,Forward,0,1369,3.45145,1.10943,0,3.18064,4.07133,4.79876,208.387,15000,466944,1.69161
Suite_14,Forward,0,1370,3.42986,1.34469,0,3.16621,4.02611,4.73763,211.076,15000,462720,1.61659
Suite_14,Forward,0,1371,3.43028,1.13291,0,3.18669,6.01603,6.17439,161.959,15000,458880,1.6465
Suite_14,Forward,0,1372,3.41623,2.25416,0,3.25018,4.11606,4.74902,210.57,15000,455552,1.6768
Suite_14,Forward,0,1373,3.44772,1.20284,0,3.8441,5.7183,6.88771,145.186,15000,451840,1.67273
Suite_14,Forward,0,1374,3.40624,1.2015,0,3.19293,4.05277,5.02661,198.941,15000,447488,1.69476
Suite_14,Forward,0,1375,3.39346,1.13454,0,3.19254,4.04685,5.83996,171.234,15000,444416,1.73391
Suite_14,Forward,0,1376,3.37915,1.14858,0,3.11187,4.54246,5.09972,196.089,15000,438912,1.72429
Suite_14,Forward,0,1377,3.36193,3.27731,0,3.09632,3.95878,4.69474,213.004,15000,435712,1.69343
Suite_14,Forward,0,1378,3.35753,1.11705,0,3.08624,3.94794,6.9056,144.81,15000,432256,1.7317
Suite_14,Forward,0,1379,3.32556,1.06684,0,2.99446,3.88506,4.64415,215.325,15000,426368,1.74172
Suite_14,Forward,0,1380,3.30679,1.38923,0,2.98589,3.84787,4.5492,219.819,15000,423680,1.79939
Suite_14,Forward,0,1381,3.30398,1.08224,0,2.90205,5.29219,6.06497,164.881,15000,418816,1.67462
Suite_14,Forward,0,1382,3.30733,1.5322,0,2.96141,3.24608,4.54518,220.013,15000,414976,1.70297
Suite_14,Forward,0,1383,3.29181,1.07298,0,2.89731,3.75683,6.19082,161.529,15000,410880,1.63292
Suite_14,Forward,0,1384,3.25981,1.06289,0,2.81437,5.10531,4.51768,221.352,15000,408064,1.67093
Suite_14,Forward,0,1385,3.24356,1.12391,0,2.77171,3.17379,4.48182,223.123,15000,404736,1.68596
Suite_14,Forward,0,1386,3.24944,1.07954,0,2.78938,3.61293,5.64122,177.267,15000,401280,1.73017
Suite_14,Forward,0,1387,3.23758,1.03743,0,2.68698,4.10912,4.48016,223.206,15000,397056,1.74755
Suite_14,Forward,0,1388,3.21955,1.76883,0,2.62016,2.93101,4.43627,225.415,15000,393856,1.79485
Suite_14,Forward,0,1389,3.21877,1.08005,0,2.8585,3.6816,5.97919,167.247,15000,390528,1.71834
Suite_14,Forward,0,1390,3.20478,1.03101,0,2.51072,3.90176,4.4519,224.623,15000,386048,1.71378
Suite_14,Forward,0,1391,3.17994,1.0836,0,2.38371,2.6649,4.38993,227.794,15000,382080,1.71101
Suite_14,Forward,0,1392,3.18463,1.04101,0,2.36598,3.18669,5.14951,194.193,15000,378112,1.7448
Suite_14,Forward,0,1393,3.16795,1.01575,0,2.19152,3.58061,4.37807,228.411,15000,374272,1.78413
Suite_14,Forward,0,1394,3.14325,1.10855,0,2.08602,2.37629,4.3313,230.878,15000,370048,1.66803
Suite_14,Forward,0,1395,3.14401,1.03625,0,2.4417,3.26016,4.84409,206.437,15000,366464,1.70201
Suite_14,Forward,0,1396,3.13576,1.04427,0,2.04371,2.91898,4.32542,231.192,15000,362880,1.78916
Suite_14,Forward,0,1397,3.12742,0.996416,0,2.01152,2.38182,4.32077,231.44,15000,358656,1.88426
Suite_14,Forward,0,1398,3.10173,1.01437,0,2.00704,4.27786,4.25923,234.784,15000,354048,2.02685
Suite_14,Forward,0,1399,3.10413,1.88544,0,2.01414,2.30605,4.25574,234.977,15000,350208,2.00161
Suite_14,Forward,0,1400,3.15781,1.08244,0,2.13606,2.57222,5.31855,188.021,15000,346624,2.25035
Suite_14,Forward,0,1401,3.08547,1.10245,0,2.75456,3.03683,4.3769,228.472,15000,342144,2.5733
Suite_14,Forward,0,1402,3.09661,1.02201,0,2.09907,2.9799,4.32549,231.187,15000,339584,2.95379
Suite_14,Forward,0,1403,3.06517,1.01785,0,2.11485,2.58115,4.24714,235.452,15000,336384,3.19658
Suite_14,Forward,0,1404,3.05844,1.02652,0,2.0743,2.89178,4.47065,223.681,15000,333312,1.4655
Suite_14,Forward,0,1405,3.10736,1.02228,0,2.09914,3.06784,4.21493,237.252,15000,330368,1.50837
Suite_14,Forward,0,1406,3.02488,1.46556,0,2.06266,2.90787,4.26429,234.506,15000,326528,1.53165
Suite_14,Forward,0,1407,3.02968,0.976843,0,2.06438,2.88589,4.62176,216.368,15000,322688,1.57943
Suite_14,Forward,0,1408,2.99535,1.0318,0,2.09834,2.53078,4.13007,242.127,15000,319616,1.30016
Suite_14,Forward,0,1409,2.98418,1.08022,0,2.0913,2.94134,4.15625,240.601,15000,316288,1.30845
Suite_14,Forward,0,1410,3.00009,0.996403,0,2.08368,3.02726,4.27056,234.161,15000,313472,1.30076
Suite_14,Forward,0,1411,3.00057,1.58979,0,2.07306,2.48138,4.12461,242.447,15000,310656,1.2772
Suite_14,Forward,0,1412,2.95875,0.970658,0,2.0337,2.29581,4.71103,212.268,15000,306688,1.30792
Suite_14,Forward,0,1413,2.98417,0.98463,0,2.00701,2.44189,4.04848,247.006,15000,304256,1.34366
Suite_14,Forward,0,1414,2.93848,1.02889,0,2.00038,2.85344,4.08889,244.565,15000,302080,1.38397
Suite_14,Forward,0,1415,2.96229,0.987463,0,3.55712,4.46589,4.19186,238.558,15000,299392,1.41737
Suite_14,Forward,0,1416,2.93671,1.56286,0,1.93075,2.39411,4.06853,245.789,15000,296064,1.44857
Suite_14,Forward,0,1417,2.92325,0.970397,0,1.90288,2.7248,4.61559,216.657,15000,293888,1.503
Suite_14,Forward,0,1418,2.94684,0.961108,0,1.89891,2.33267,4.01616,248.994,15000,290048,1.51875
Suite_14,Forward,0,1419,2.8928,1.04304,0,1.86998,2.16019,4.02114,248.686,15000,287360,1.56637
Suite_14,Forward,0,1420,2.92262,0.957055,0,1.8113,2.76154,4.05199,246.792,15000,284544,1.33516
Suite_14,Forward,0,1421,2.91208,1.08239,0,1.77603,2.62496,3.99213,250.493,15000,281472,1.27414
Suite_14,Forward,0,1422,2.8975,0.945158,0,1.73446,1.9968,4.35799,229.464,15000,277888,1.28202
Suite_14,Forward,0,1423,2.88667,0.979528,0,1.81514,2.24653,3.9522,253.024,15000,273920,1.1754
Suite_14,Forward,0,1424,2.84616,0.974628,0,1.69654,2.54157,3.99074,250.58,15000,270464,1.19177
Suite_14,Forward,0,1425,2.89194,0.932112,0,1.68902,2.12378,3.93278,254.273,15000,267008,1.213
Suite_14,Forward,0,1426,2.83663,0.962611,0,1.66502,2.4864,3.92986,254.462,15000,263680,1.22037
Suite_14,Forward,0,1427,2.83339,0.94728,0,1.61792,2.59482,3.9027,256.233,15000,260096,1.23621
Suite_14,Forward,0,1428,2.85939,0.842813,0,1.62918,2.47622,3.8894,257.109,15000,255232,1.19407
Suite_14,Forward,0,1429,2.8197,0.746458,0,1.5913,1.85139,3.8641,258.792,15000,252416,1.18619
Suite_14,Forward,0,1430,2.76006,0.768616,0,1.58515,2.01933,3.6674,272.673,15000,249472,1.11199
Suite_14,Forward,0,1431,2.73736,0.935897,0,1.62147,1.90438,3.6546,273.628,15000,247808,1.13695
Suite_14,Forward,0,1432,2.77623,0.775939,0,1.53456,3.31011,3.7765,264.795,15000,245120,1.16591
Suite_14,Forward,0,1433,2.74431,1.18314,0,1.51142,2.3593,3.64947,274.012,15000,242432,1.18286
Suite_14,Forward,0,1434,2.77842,0.914972,0,1.50528,1.94093,4.04544,247.192,15000,239232,1.20892
Suite_14,Forward,0,1435,2.7405,0.924165,0,1.42,2.28534,3.79838,263.27,15000,236544,1.23923
Suite_14,Forward,0,1436,2.74596,0.89476,0,1.39059,1.82317,3.79119,263.769,15000,233472,1.19111
Suite_14,Forward,0,1437,2.71311,3.4722,0,1.3783,1.81315,3.73713,267.585,15000,229888,1.22793
Suite_14,Forward,0,1438,2.72657,0.920016,0,1.3824,2.22208,6.2832,159.155,15000,226944,1.25345
Suite_14,Forward,0,1439,2.77596,0.750692,0,1.34608,1.78006,3.74473,267.042,15000,223488,1.26925
Suite_14,Forward,0,1440,2.71386,0.808478,0,2.25085,2.52822,3.63839,274.847,15000,222464,1.2908
Suite_14,Forward,0,1441,2.75911,0.822317,0,1.34381,1.77904,3.64961,274.002,15000,219136,1.29775
Suite_14,Forward,0,1442,2.68372,0.797086,0,1.34544,1.60563,3.67809,271.88,15000,216320,1.37122
Suite_14,Forward,0,1443,2.69229,0.737043,0,1.31904,1.75526,3.56963,280.141,15000,213504,1.47368
Suite_14,Forward,0,1444,2.64156,0.787588,0,1.33085,1.59334,3.5189,284.18,15000,211200,1.60796
Suite_14,Forward,0,1445,2.67242,0.823907,0,1.34682,1.78186,3.52044,284.055,15000,208896,1.84552
Suite_14,Forward,0,1446,2.66148,0.903819,0,1.11043,1.92531,3.58509,278.933,15000,206208,2.21073
Suite_14,Forward,0,1447,2.65258,0.855612,0,1.1593,1.41309,3.65784,273.385,15000,203520,2.92653
Suite_14,Forward,0,1448,2.65662,0.858153,0,1.15834,1.97382,3.59138,278.444,15000,201728,4.46489
Suite_14,Forward,0,1449,2.62227,0.844999,0,1.13459,1.38906,3.59839,277.902,15000,198912,8.06234
Suite_14,Forward,0,1450,2.62997,0.867486,0,1.5872,2.39408,3.55027,281.669,15000,197376,8.14842
Suite_14,Forward,0,1451,2.61303,0.838977,0,1.09059,1.34512,3.57905,279.403,15000,194048,8.2485
Suite_14,Forward,0,1452,2.61521,0.732226,0,1.03629,1.84579,3.53359,282.998,15000,191872,1.60318
Suite_14,Forward,0,1453,2.59176,0.727281,0,0.937632,1.19136,3.42763,291.747,15000,189056,0.900027
Suite_14,Forward,0,1454,2.60924,0.726921,0,0.91136,1.16134,3.40488,293.696,15000,186112,0.901158
Suite_14,Forward,0,1455,2.56652,0.730502,0,0.896576,1.14947,3.41278,293.016,15000,182656,0.906419
Suite_14,Forward,0,1456,2.56857,0.719445,0,0.884672,1.1351,3.37355,296.423,15000,180224,0.920624
Suite_14,Forward,0,1457,2.5621,0.740228,0,0.8544,1.10592,3.3647,297.203,15000,177408,0.914767
Suite_14,Forward,0,1458,2.5578,0.717323,0,0.815136,1.08733,3.37855,295.985,15000,174720,0.834344
Suite_14,Forward,0,1459,2.54634,0.773347,0,0.792864,1.04218,3.35002,298.506,15000,172416,0.746599
Suite_14,Forward,0,1460,2.51203,0.82796,0,0.778304,1.02784,3.3994,294.169,15000,169472,0.73423
Suite_14,Forward,0,1461,2.51616,0.82055,0,0.767776,1.0185,3.417,292.655,15000,167296,0.739666
Suite_14,Forward,0,1462,2.50336,0.837836,0,1.47203,1.71366,3.41132,293.142,15000,165120,0.749869
Suite_14,Forward,0,1463,2.49556,0.834581,0,0.723488,0.971872,3.41631,292.713,15000,162944,0.76048
Suite_14,Forward,0,1464,2.47876,0.83493,0,0.714816,0.968,3.40079,294.049,15000,160896,0.715807
Suite_14,Forward,0,1465,2.4748,0.722547,0,0.70656,0.954848,3.38854,295.113,15000,158080,0.703478
Suite_14,Forward,0,1466,2.44522,0.703758,0,0.704352,0.953632,3.26699,306.092,15000,154752,0.70644
Suite_14,Forward,0,1467,2.48569,0.692922,0,0.688064,0.93712,3.22204,310.363,15000,152960,0.700285
Suite_14,Forward,0,1468,2.42587,0.703751,0,0.681728,0.931264,3.24465,308.2,15000,150912,0.710167
Suite_14,Forward,0,1469,2.4462,0.704954,0,0.670944,0.919776,3.20082,312.42,15000,149376,0.723338
Suite_14,Forward,0,1470,2.37776,0.726455,0,0.664608,0.91136,3.21723,310.826,15000,147584,0.706163
Suite_14,Forward,0,1471,2.40722,0.711971,0,0.640832,0.888512,3.16783,315.674,15000,145280,0.693938
Suite_14,Forward,0,1472,2.36777,0.746229,0,0.667392,0.91728,3.18771,313.705,15000,142848,0.695891
Suite_14,Forward,0,1473,2.39495,0.720338,0,0.624704,0.87328,3.24406,308.256,15000,140160,0.699506
Suite_14,Forward,0,1474,2.38295,0.761613,0,0.595744,0.846848,3.17628,314.833,15000,138496,0.690715
Suite_14,Forward,0,1475,2.40734,0.793138,0,0.564928,0.834176,3.21099,311.43,15000,135296,0.690516
Suite_14,Forward,0,1476,2.38749,0.789114,0,0.5392,0.780288,3.26246,306.517,15000,134016,0.703214
Suite_14,Forward,0,1477,2.35959,0.778594,0,0.518144,0.769376,3.23964,308.676,15000,132096,0.726332
Suite_14,Forward,0,1478,2.36651,0.753278,0,0.521664,0.76832,3.20761,311.759,15000,129664,0.723117
Suite_14,Forward,0,1479,2.3369,0.691632,0,0.540672,0.800128,3.17707,314.755,15000,128000,0.764931
Suite_14,Forward,0,1480,2.35798,0.690055,0,0.565248,0.811712,3.08514,324.134,15000,125824,0.601716
Suite_14,Forward,0,1481,2.31492,0.691311,0,0.561152,0.80896,3.10878,321.67,15000,123008,0.599235
Suite_14,Forward,0,1482,2.31941,0.700162,0,0.531136,0.7768,3.06351,326.423,15000,121344,0.609891
Suite_14,Forward,0,1483,2.27828,0.747954,0,0.501152,0.748544,3.07754,324.935,15000,119296,0.608903
Suite_14,Forward,0,1484,2.30464,0.763164,0,0.454848,0.697408,3.0844,324.212,15000,116992,0.526723
Suite_14,Forward,0,1485,2.30408,0.779172,0,0.44032,0.686336,3.12262,320.244,15000,114432,0.530876
Suite_14,Forward,0,1486,2.28811,0.704988,0,0.428096,0.672,3.13838,318.636,15000,112384,0.530519
Suite_14,Forward,0,1487,2.28026,0.659394,0,0.4136,0.657184,3.04661,328.233,15000,110080,0.533916
Suite_14,Forward,0,1488,2.25574,0.676978,0,0.411776,0.653568,2.99134,334.298,15000,108288,0.531489
Suite_14,Forward,0,1489,2.28074,0.679082,0,0.411776,0.655456,2.98444,335.071,15000,106112,0.515964
Suite_14,Forward,0,1490,2.23285,0.671643,0,0.397952,0.643072,3.0106,332.159,15000,103936,0.506717
Suite_14,Forward,0,1491,2.24368,0.654468,0,0.397312,0.63664,2.95468,338.446,15000,101888,0.504548
Suite_14,Forward,0,1492,2.20967,0.709159,0,0.389088,0.634336,2.97345,336.31,15000,99968,0.503798
Suite_14,Forward,0,1493,2.23961,0.748242,0,0.394144,0.636064,2.96917,336.795,15000,98048,0.499305
Suite_14,Forward,0,1494,2.224,0.763629,0,0.400928,0.636928,3.0358,329.403,15000,96384,0.504046
Suite_14,Forward,0,1495,2.19984,0.668822,0,0.39312,0.637024,3.0352,329.467,15000,94720,0.501071
Suite_14,Forward,0,1496,2.22874,0.682614,0,0.374304,0.617984,2.92201,342.231,15000,92672,0.49711
Suite_14,Forward,0,1497,2.17983,0.669444,0,0.362432,0.6056,2.95962,337.881,15000,91008,0.49627
Suite_14,Forward,0,1498,2.18846,0.656846,0,0.359424,0.596896,2.8967,345.22,15000,89344,0.502027
Suite_14,Forward,0,1499,2.18381,0.667515,0,0.354304,0.59392,2.888,346.26,15000,87936,0.503726
Suite_14,Forward,0,1500,2.16162,0.681608,0,0.339968,0.595968,2.89733,345.145,15000,86784,0.467326
Suite_14,Forward,0,1501,2.16823,0.647302,0,0.330432,0.571008,2.89,346.021,15000,85120,0.457956
Suite_14,Forward,0,1502,2.14097,0.649653,0,0.32128,0.5632,2.85814,349.878,15000,83712,0.451498
Suite_14,Forward,0,1503,2.15006,0.677683,0,0.311584,0.55184,2.83356,352.913,15000,82432,0.448089
Suite_14,Forward,0,1504,2.12328,0.702664,0,0.305152,0.542464,2.87047,348.375,15000,81152,0.43356
Suite_14,Forward,0,1505,2.13794,0.655903,0,0.294912,0.53248,2.87189,348.203,15000,79488,0.437286
Suite_14,Forward,0,1506,2.13437,0.644394,0,0.284256,0.519648,2.83607,352.601,15000,77952,0.437134
Suite_14,Forward,0,1507,2.10487,0.648378,0,0.272672,0.512,2.81808,354.852,15000,76160,0.433739
Suite_14,Forward,0,1508,2.1137,0.68766,0,0.267936,0.50576,2.79243,358.111,15000,74880,0.437908
Suite_14,Forward,0,1509,2.09707,0.679574,0,0.251904,0.4896,2.8624,349.357,15000,73472,0.429425
Suite_14,Forward,0,1510,2.11188,0.650202,0,0.248768,0.487424,2.8194,354.686,15000,72320,0.437025
Suite_14,Forward,0,1511,2.09478,0.638834,0,0.24576,0.484032,2.80097,357.019,15000,70272,0.429165
Suite_14,Forward,0,1512,2.07311,0.645369,0,0.237184,0.492736,2.77305,360.613,15000,68736,0.397729
Suite_14,Forward,0,1513,2.07186,0.668698,0,0.227328,0.466848,2.76011,362.304,15000,67328,0.403498
Suite_14,Forward,0,1514,2.03882,0.677801,0,0.21328,0.450848,2.77983,359.734,15000,65920,0.406037
Suite_14,Forward,0,1515,2.06516,0.640432,0,0.207808,0.446592,2.75376,363.14,15000,64768,0.382173
Suite_14,Forward,0,1516,2.06358,0.636139,0,0.198656,0.438272,2.74056,364.889,15000,63104,0.385499
Suite_14,Forward,0,1517,2.03237,0.634616,0,0.192512,0.43008,2.73587,365.514,15000,61184,0.37702
Suite_14,Forward,0,1518,2.04108,0.657026,0,0.185856,0.421888,2.70282,369.984,15000,59648,0.369675
Suite_14,Forward,0,1519,2.01235,0.662633,0,0.172192,0.409888,2.73204,366.027,15000,58752,0.285533
Suite_14,Forward,0,1520,1.99908,0.663511,0,0.169856,0.417792,2.71021,368.974,15000,56576,0.273209
Suite_14,Forward,0,1521,2.03075,0.657438,0,0.185696,0.412672,2.69646,370.856,15000,55040,0.270091
Suite_14,Forward,0,1522,1.99578,0.641321,0,0.16384,0.404608,2.72038,367.595,15000,53376,0.249371
Suite_14,Forward,0,1523,2.00194,0.655377,0,0.16384,0.39936,2.67062,374.445,15000,51584,0.245978
Suite_14,Forward,0,1524,1.97158,0.632284,0,0.15728,0.39408,2.69583,370.944,15000,50688,0.246922
Suite_14,Forward,0,1525,1.97592,0.666587,0,0.150208,0.398624,2.63735,379.169,15000,48896,0.231979
Suite_14,Forward,0,1526,1.97829,0.639905,0,0.145408,0.379616,2.67417,373.948,15000,48256,0.231492
Suite_14,Forward,0,1527,1.95681,0.633871,0,0.142912,0.376832,2.66217,375.634,15000,47488,0.229916
Suite_14,Forward,0,1528,1.97308,0.626095,0,0.139264,0.374784,2.62061,381.591,15000,46080,0.228789
Suite_14,Forward,0,1529,1.96865,0.619947,0,0.136064,0.370688,2.64006,378.779,15000,44672,0.224285
Suite_14,Forward,0,1530,1.94142,0.628116,0,0.13312,0.367328,2.61759,382.03,15000,42880,0.204687
Suite_14,Forward,0,1531,1.94849,0.647225,0,0.1272,0.362208,2.59778,384.944,15000,40832,0.193178
Suite_14,Forward,0,1532,1.91899,0.628723,0,0.12464,0.358368,2.62253,381.311,15000,39808,0.188709
Suite_14,Forward,0,1533,1.92024,0.653102,0,0.11632,0.3608,2.57712,388.031,15000,38272,0.184147
Suite_14,Forward,0,1534,1.91981,0.628839,0,0.108544,0.344064,2.6014,384.409,15000,37504,0.185435
Suite_14,Forward,0,1535,1.90423,0.649155,0,0.106496,0.340192,2.57526,388.31,15000,36352,0.17669
Suite_14,Forward,0,1536,1.91635,0.627475,0,0.1024,0.337568,2.58059,387.509,15000,35072,0.162111
Suite_14,Forward,0,1537,1.91082,0.626064,0,0.095936,0.330016,2.58085,387.47,15000,33792,0.156377
Suite_14,Forward,0,1538,1.88937,0.62673,0,0.093856,0.329312,2.56323,390.133,15000,32896,0.153376
Suite_14,Forward,0,1539,1.89333,0.639572,0,0.09216,0.324576,2.54126,393.506,15000,32128,0.150867
Suite_14,Forward,0,1540,1.87379,0.692949,0,0.08464,0.318528,2.566,389.712,15000,31616,0.15088
Suite_14,Forward,0,1541,1.91933,0.711498,0,0.081408,0.314368,2.60012,384.597,15000,30336,0.141538
Suite_14,Forward,0,1542,1.89027,0.635425,0,0.076128,0.3072,2.65987,375.958,15000,30080,0.141931
Suite_14,Forward,0,1543,1.83592,0.658053,0,0.072672,0.3072,2.55025,392.118,15000,29312,0.138975
Suite_14,Forward,0,1544,1.86333,0.624676,0,0.069632,0.311744,2.5179,397.156,15000,28416,0.135271
Suite_14,Forward,0,1545,1.87018,0.619481,0,0.066176,0.299008,2.51341,397.866,15000,27264,0.129852
Suite_14,Forward,0,1546,1.83913,0.656187,0,0.065536,0.301408,2.51309,397.916,15000,25600,0.120923
Suite_14,Forward,0,1547,1.8586,0.61593,0,0.063488,0.296384,2.5193,396.935,15000,24832,0.116264
Suite_14,Forward,0,1548,1.84947,0.62561,0,0.06144,0.292928,2.4964,400.577,15000,24320,0.116044
Suite_14,Forward,0,1549,1.82462,0.611394,0,0.060448,0.292896,2.50156,399.751,15000,22784,0.10136
Suite_14,Forward,0,1550,1.82267,0.649613,0,0.05936,0.290528,2.45789,406.854,15000,22144,0.100306
Suite_14,Forward,0,1551,1.80736,0.612778,0,0.055552,0.28784,2.49254,401.198,15000,21760,0.0981055
Suite_14,Forward,0,1552,1.80957,0.612016,0,0.053088,0.286112,2.44204,409.494,15000,20352,0.0858017
Suite_14,Forward,0,1553,1.81719,0.626533,0,0.053248,0.282624,2.44886,408.353,15000,20096,0.086056
Suite_14,Forward,0,1554,1.79491,0.636374,0,0.049152,0.282624,2.46461,405.744,15000,19200,0.0835691
Suite_14,Forward,0,1555,1.77775,0.634378,0,0.048768,0.29168,2.45194,407.841,15000,18432,0.0802733
Suite_14,Forward,0,1556,1.79616,0.620911,0,0.047104,0.27584,2.43188,411.204,15000,17920,0.0778802
Suite_14,Forward,0,1557,1.75142,0.643879,0,0.044256,0.275136,2.43889,410.023,15000,17536,0.0757944
Suite_14,Forward,0,1558,1.76174,0.638626,0,0.042912,0.284736,2.41621,413.871,15000,16640,0.0708135
Suite_14,Forward,0,1559,1.78274,0.625504,0,0.04096,0.2728,2.41901,413.393,15000,16128,0.0698002
Suite_14,Forward,0,1560,1.76837,0.623703,0,0.038912,0.273024,2.42676,412.072,15000,15232,0.066694
Suite_14,Forward,0,1561,1.77642,0.614658,0,0.036928,0.272384,2.41263,414.486,15000,14848,0.0663407
Suite_14,Forward,0,1562,1.77758,0.611509,0,0.03424,0.264192,2.41036,414.875,15000,13952,0.0635089
Suite_14,Forward,0,1563,1.75673,0.633706,0,0.032736,0.262144,2.40655,415.533,15000,13440,0.0628828
Suite_14,Forward,0,1564,1.7619,0.617468,0,0.031616,0.263744,2.40936,415.048,15000,12672,0.0567912
Suite_14,Forward,0,1565,1.76083,0.609979,0,0.03072,0.259264,2.39828,416.965,15000,12672,0.0574886
Suite_14,Forward,0,1566,1.74499,0.643457,0,0.028672,0.258048,2.38875,418.629,15000,11776,0.0518993
Suite_14,Forward,0,1567,1.75555,0.597855,0,0.02656,0.256288,2.40691,415.471,15000,11520,0.0503172
Suite_14,Forward,0,1568,1.75257,0.615068,0,0.024832,0.254432,2.37038,421.874,15000,10496,0.0439977
Suite_14,Forward,0,1569,1.72811,0.611213,0,0.022848,0.251872,2.38587,419.135,15000,9984,0.0414419
Suite_14,Forward,0,1570,1.7343,0.598183,0,0.020576,0.250656,2.3581,424.07,15000,9344,0.0389483
Suite_14,Forward,0,1571,1.73901,0.609217,0,0.022144,0.250208,2.34808,425.881,15000,9088,0.0380016
Suite_14,Forward,0,1572,1.71334,0.604519,0,0.019488,0.248544,2.36552,422.74,15000,8704,0.0370589
Suite_14,Forward,0,1573,1.72656,0.593195,0,0.017408,0.270272,2.33596,428.09,15000,8192,0.0359001
Suite_14,Forward,0,1574,1.72788,0.645856,0,0.01792,0.244416,2.33569,428.139,15000,7680,0.0355853
Suite_14,Forward,0,1575,1.70064,0.61739,0,0.014336,0.244512,2.39042,418.337,15000,7040,0.0337548
Suite_14,Forward,0,1576,1.71285,0.600893,0,0.014752,0.26544,2.33356,428.529,15000,6784,0.0331032
Suite_14,Forward,0,1577,1.71966,0.615101,0,0.01328,0.239616,2.33021,429.146,15000,6400,0.0316588
Suite_14,Forward,0,1578,1.69198,0.612369,0,0.012704,0.240096,2.35274,425.036,15000,5888,0.0290752
Suite_14,Forward,0,1579,1.70488,0.596767,0,0.012096,0.263264,2.32005,431.025,15000,5888,0.0294082
Suite_14,Forward,0,1580,1.70456,0.614525,0,0.01024,0.237248,2.31693,431.606,15000,5376,0.0266176
Suite_14,Forward,0,1581,1.67926,0.608345,0,0.0096,0.236768,2.3408,427.204,15000,5120,0.0249092
Suite_14,Forward,0,1582,1.692,0.593131,0,0.007936,0.259904,2.30388,434.051,15000,4864,0.0237024
Suite_14,Forward,0,1583,1.69238,0.604718,0,0.007264,0.232,2.29904,434.965,15000,4608,0.022823
Suite_14,Forward,0,1584,1.67133,0.601507,0,0.006304,0.231424,2.31204,432.518,15000,3968,0.0190703
Suite_14,Forward,0,1585,1.68321,0.589332,0,0.004736,0.251936,2.28879,436.912,15000,3840,0.0184606
Suite_14,Forward,0,1586,1.68224,0.628739,0,0.004096,0.230752,2.2877,437.12,15000,3328,0.0169087
Suite_14,Forward,0,1587,1.65346,0.600106,0,0.004032,0.231424,2.32576,429.968,15000,3072,0.0159756
Suite_14,Forward,0,1588,1.66807,0.617514,0,0.004992,0.258016,2.26754,441.006,15000,2688,0.0132438
Suite_14,Forward,0,1589,1.67999,0.635899,0,0.003584,0.228096,2.30342,434.137,15000,2432,0.0121614
Suite_14,Forward,0,1590,1.65526,0.610477,0,0.002048,0.230944,2.3325,428.725,15000,2176,0.0115662
Suite_14,Forward,0,1591,1.65404,0.59429,0,0.004096,0.228896,2.27955,438.684,15000,2048,0.0105256
Suite_14,Forward,0,1592,1.66531,0.601953,0,0.003584,0.227872,2.26132,442.219,15000,1792,0.00935402
Suite_14,Forward,0,1593,1.64192,0.593517,0,0.00352,0.229376,2.28405,437.819,15000,1536,0.00790288
Suite_14,Forward,0,1594,1.64817,0.599658,0,0.002048,0.22592,2.24963,444.517,15000,896,0.00451848
Suite_14,Forward,0,1595,1.64753,0.596911,0,0.001728,0.227328,2.27397,439.76,15000,896,0.00457203
Suite_14,Forward,0,1596,1.62752,0.598612,0,0.000736,0.227232,2.25739,442.99,15000,384,0.00210947
Suite_14,Forward,0,1597,1.63785,0.576587,0,0.001952,0.22768,2.24114,446.201,15000,384,0.0021354
Suite_14,Forward,0,1598,1.63674,0.581062,0,0.000736,0.225344,2.23245,447.939,15000,384,0.00216175
Suite_14,Forward,0,1599,1.61606,0.586356,0,0,0.227424,2.23022,448.387,15000,256,0.00184954
Suite_14,Forward,0,1600,1.63456,0.577017,0,0.001952,0.226944,2.21624,451.214,15000,128,0.00122507
Suite_14,Forward,0,1601,1.63336,0.573518,0,0.001856,0.226752,2.22572,449.293,15000,128,0.00123966
Suite_14,Forward,0,1602,1.61442,0.59608,0,0.002016,0.227616,2.22017,450.415,15000,128,0.00125446
Suite_14,Forward,0,1603,1.59327,0.609694,0,0.001472,0.239776,2.22411,449.618,15000,128,0.00126948
Suite_14,Forward,0,1604,1.61149,0.599039,0,6.4e-05,0.227168,2.21517,451.432,15000,128,0.00128473
Suite_14,Forward,0,1605,1.57589,0.607796,0,0.000512,0.227904,2.2257,449.298,15000,0,0
Suite_14,Forward,0,1606,1.59084,0.592753,0,0.00128,0.24064,2.1975,455.063,15000,0,0
Suite_14,Forward,0,1607,1.60767,0.585295,0,0.001568,0.226688,2.19617,455.338,15000,0,0
Suite_14,Forward,0,1608,1.56978,0.624854,0,0.001024,0.226688,2.2053,453.452,15000,0,0
Suite_14,Forward,0,1609,1.58281,0.572699,0,0,0.246272,2.21044,452.398,15000,0,0
Suite_14,Forward,0,1610,1.60415,0.593678,0,0.001088,0.225472,2.17307,460.178,15000,0,0
Suite_14,Forward,0,1611,1.58489,0.568478,0,0.002048,0.227328,2.21024,452.439,15000,0,0
Suite_14,Forward,0,1612,1.58803,0.571929,0,0.001696,0.22528,2.16582,461.719,15000,0,0
Suite_14,Forward,0,1613,1.59591,0.597724,0,0.000672,0.249856,2.17393,459.997,15000,0,0
Suite_14,Forward,0,1614,1.57814,0.574794,0,0.001408,0.22544,2.21668,451.124,15000,0,0
Suite_14,Forward,0,1615,1.57999,0.570256,0,0.00176,0.227296,2.16601,461.679,15000,0,0
Suite_14,Forward,0,1616,1.59215,0.566585,0,0.0008,0.228064,2.16241,462.446,15000,0,0
Suite_14,Forward,0,1617,1.60237,0.565846,0,0.00096,0.226272,2.18035,458.641,15000,0,0
Suite_14,Forward,0,1618,1.57433,0.581499,0,0,0.226528,2.19319,455.956,15000,0,0
Suite_14,Forward,0,1619,1.58449,0.571581,0,0.002048,0.226816,2.16913,461.015,15000,0,0
Suite_14,Forward,0,1620,1.59445,0.569691,0,0.00192,0.226336,2.16856,461.136,15000,0,0
Suite_14,Forward,0,1621,1.57197,0.574717,0,0.000576,0.229248,2.17837,459.058,15000,0,0
Suite_14,Forward,0,1622,1.55821,0.59516,0,0.000448,0.240736,2.16066,462.822,15000,0,0
Suite_14,Forward,0,1623,1.57827,0.581047,0,0.001824,0.225376,2.16518,461.856,15000,0,0
Suite_14,Forward,0,1624,1.53452,0.601185,0,0.002048,0.227328,2.17137,460.54,15000,0,0
Suite_14,Forward,0,1625,1.55087,0.568005,0,0.000928,0.250016,2.15128,464.84,15000,0,0
Suite_14,Forward,0,1626,1.57725,0.591557,0,0.000576,0.226048,2.13199,469.045,15000,0,0
Suite_14,Forward,0,1627,1.55986,0.569867,0,0.002048,0.227712,2.18116,458.472,15000,0,0
Suite_14,Forward,0,1628,1.56387,0.5673,0,0.001728,0.22528,2.14323,466.587,15000,0,0
Suite_14,Forward,0,1629,1.57283,0.562782,0,0.001504,0.247808,2.14516,466.165,15000,0,0
Suite_14,Forward,0,1630,1.58135,0.572552,0,0.000448,0.225376,2.14834,465.476,15000,0,0
Suite_14,Forward,0,1631,1.55195,0.578141,0,0.00096,0.22528,2.16661,461.55,15000,0,0
Suite_14,Forward,0,1632,1.56209,0.566952,0,0.000832,0.227008,2.14194,466.866,15000,0,0
Suite_14,Forward,0,1633,1.56486,0.567627,0,0.00016,0.225664,2.1423,466.787,15000,0,0
Suite_14,Forward,0,1634,1.56037,0.600289,0,0.000576,0.2272,2.14525,466.147,15000,0,0
Suite_14,Forward,0,1635,1.57237,0.574238,0,0.00064,0.239072,2.17467,459.84,15000,0,0
Suite_14,Forward,0,1636,1.56009,0.579402,0,0.000864,0.226496,2.15925,463.123,15000,0,0
Suite_14,Forward,0,1637,1.5113,0.608488,0,0.001856,0.22592,2.15847,463.292,15000,0,0
Suite_14,Forward,0,1638,1.53193,0.601013,0,0,0.240896,2.13952,467.394,15000,0,0
Suite_14,Forward,0,1639,1.55199,0.567212,0,9.6e-05,0.227104,2.14534,466.127,15000,0,0
Suite_14,Forward,0,1640,1.53375,0.580708,0,0.002048,0.22528,2.13079,469.31,15000,0,0
Suite_14,Forward,0,1641,1.54111,0.569247,0,0.000736,0.224608,2.1294,469.615,15000,0,0
Suite_14,Forward,0,1642,1.55584,0.587465,0,0.001472,0.229824,2.12389,470.835,15000,0,0
Suite_14,Forward,0,1643,1.53583,0.570828,0,0.00176,0.227328,2.15529,463.976,15000,0,0
Suite_14,Forward,0,1644,1.53759,0.575478,0,0.000704,0.225504,2.11964,471.779,15000,0,0
Suite_14,Forward,0,1645,1.54357,0.569343,0,0.00064,0.227328,2.1273,470.079,15000,0,0
Suite_14,Forward,0,1646,1.54762,0.571296,0,0.001344,0.227072,2.12601,470.364,15000,0,0
Suite_14,Forward,0,1647,1.52324,0.58044,0,0.002048,0.22928,2.13126,469.205,15000,0,0
Suite_14,Forward,0,1648,1.51217,0.599908,0,0,0.239936,2.11616,472.555,15000,0,0
Suite_14,Forward,0,1649,1.53845,0.579897,0,0,0.226912,2.12623,470.317,15000,0,0
Suite_14,Forward,0,1650,1.5022,0.598354,0,0.001376,0.227328,2.13138,469.18,15000,0,0
Suite_14,Forward,0,1651,1.51104,0.562953,0,0.000768,0.247392,2.11286,473.293,15000,0,0
Suite_14,Forward,0,1652,1.5372,0.593468,0,0.001792,0.226784,2.08602,479.382,15000,0,0
Suite_14,Forward,0,1653,1.51393,0.571713,0,0,0.229376,2.14456,466.297,15000,0,0
Suite_14,Forward,0,1654,1.5211,0.575466,0,0.001632,0.224704,2.09964,476.271,15000,0,0
Suite_14,Forward,0,1655,1.52571,0.569047,0,0.000288,0.226048,2.10903,474.152,15000,0,0
Suite_14,Forward,0,1656,1.5352,0.573891,0,0.001728,0.227328,2.10654,474.713,15000,0,0
Suite_14,Forward,0,1657,1.52154,0.578856,0,0.002016,0.226592,2.12326,470.974,15000,0,0
Suite_14,Forward,0,1658,1.53807,0.574996,0,0.001632,0.225984,2.11427,472.977,15000,0,0
Suite_14,Forward,0,1659,1.53747,0.565467,0,0.000224,0.227072,2.12541,470.498,15000,0,0
Suite_14,Forward,0,1660,1.51891,0.572872,0,3.2e-05,0.227392,2.11506,472.8,15000,0,0
Suite_14,Forward,0,1661,1.50059,0.601441,0,0.000608,0.239424,2.10632,474.761,15000,0,0
Suite_14,Forward,0,1662,1.51842,0.581599,0,0.000704,0.2272,2.11496,472.822,15000,0,0
Suite_14,Forward,0,1663,1.48105,0.601952,0,0.001696,0.24528,2.11211,473.461,15000,0,0
Suite_14,Forward,0,1664,1.49221,0.572459,0,0.000448,0.22528,2.09726,476.813,15000,0,0
Suite_14,Forward,0,1665,1.51616,0.592182,0,0.002048,0.226144,2.07859,481.095,15000,0,0
Suite_14,Forward,0,1666,1.49826,0.575814,0,0.001024,0.226624,2.12177,471.305,15000,0,0
Suite_14,Forward,0,1667,1.50984,0.569516,0,0.001312,0.227296,2.10057,476.061,15000,0,0
Suite_14,Forward,0,1668,1.52253,0.56228,0,0.002048,0.227328,2.09149,478.128,15000,0,0
Suite_14,Forward,0,1669,1.52772,0.567895,0,0.00144,0.227104,2.09883,476.455,15000,0,0
Suite_14,Forward,0,1670,1.50445,0.573472,0,0.001728,0.229056,2.10868,474.229,15000,0,0
Suite_14,Forward,0,1671,1.49077,0.601952,0,0.000416,0.239616,2.09088,478.268,15000,0,0
Suite_14,Forward,0,1672,1.50393,0.582908,0,0.001824,0.227328,2.10452,475.168,15000,0,0
Suite_14,Forward,0,1673,1.47259,0.604967,0,0.002048,0.226848,2.10067,476.038,15000,0,0
Suite_14,Forward,0,1674,1.48491,0.594362,0,0.001248,0.225216,2.09113,478.211,15000,0,0
Suite_14,Forward,0,1675,1.54124,0.669812,0,0.001696,0.227328,2.09458,477.423,15000,0,0
Suite_14,Forward,0,1676,1.50299,0.577842,0,0.002016,0.22624,2.22761,448.911,15000,0,0
Suite_14,Forward,0,1677,1.50072,0.572326,0,0.001312,0.22528,2.09624,477.045,15000,0,0
Suite_14,Forward,0,1678,1.51151,0.565527,0,0.00144,0.223776,2.0867,479.225,15000,0,0
Suite_14,Forward,0,1679,1.5145,0.563396,0,0.001568,0.225984,2.08885,478.733,15000,0,0
Suite_14,Forward,0,1680,1.49371,0.584977,0,0.002048,0.227328,2.08991,478.489,15000,0,0
Suite_14,Forward,0,1681,1.50704,0.56985,0,0,0.2392,2.09385,477.59,15000,0,0
Suite_14,Forward,0,1682,1.50771,0.610085,0,0.0016,0.225696,2.09003,478.462,15000,0,0
Suite_14,Forward,0,1683,1.4599,0.609176,0,0.001888,0.227424,2.13174,469.1,15000,0,0
Suite_14,Forward,0,1684,1.47679,0.597588,0,0.001472,0.249856,2.08228,480.244,15000,0,0
Suite_14,Forward,0,1685,1.47348,0.597616,0,0.000768,0.226848,2.0891,478.674,15000,0,0
Suite_14,Forward,0,1686,1.48552,0.568581,0,0.001312,0.227392,2.08392,479.866,15000,0,0
Suite_14,Forward,0,1687,1.49082,0.56913,0,0.001024,0.226784,2.06701,483.791,15000,0,0
Suite_14,Forward,0,1688,1.50482,0.566127,0,0.001472,0.227328,2.07219,482.58,15000,0,0
Suite_14,Forward,0,1689,1.5063,0.56951,0,0.0016,0.226944,2.08402,479.842,15000,0,0
Suite_14,Forward,0,1690,1.49328,0.564025,0,0.001248,0.226912,2.08964,478.551,15000,0,0
Suite_14,Forward,0,1691,1.50323,0.562854,0,0.000832,0.238848,2.06905,483.313,15000,0,0
Suite_14,Forward,0,1692,1.49604,0.589592,0,0.001952,0.228768,2.07756,481.335,15000,0,0
Suite_14,Forward,0,1693,1.45386,0.602325,0,0.001216,0.227104,2.09926,476.359,15000,0,0
Suite_14,Forward,0,1694,1.47658,0.568809,0,0.002048,0.249856,2.0698,483.138,15000,0,0
Suite_14,Forward,0,1695,1.49849,0.593187,0,0.002176,0.226912,2.06256,484.835,15000,0,0
Suite_14,Forward,0,1696,1.48057,0.578825,0,0.002016,0.227328,2.1128,473.306,15000,0,0
Suite_14,Forward,0,1697,1.4885,0.575124,0,0.00192,0.225728,2.0749,481.95,15000,0,0
Suite_14,Forward,0,1698,1.49309,0.566886,0,0.001728,0.227008,2.07702,481.458,15000,0,0
Suite_14,Forward,0,1699,1.50642,0.564802,0,0.002048,0.226112,2.07183,482.664,15000,0,0
Suite_14,Forward,0,1700,1.48675,0.570068,0,0.002048,0.227328,2.08316,480.04,15000,0,0
Suite_14,Forward,0,1701,1.4994,0.5657,0,0.001216,0.239936,2.07155,482.73,15000,0,0
Suite_14,Forward,0,1702,1.49442,0.577386,0,0.002048,0.227616,2.07779,481.281,15000,0,0
Suite_14,Forward,0,1703,1.46334,0.596424,0,0.002048,0.228736,2.08357,479.946,15000,0,0
Suite_14,Forward,0,1704,1.46947,0.560352,0,0.001504,0.24944,2.07221,482.576,15000,0,0
Suite_14,Forward,0,1705,1.49651,0.594995,0,0.000608,0.22784,2.04369,489.31,15000,0,0
Suite_14,Forward,0,1706,1.47691,0.584104,0,0.000864,0.227616,2.10468,475.13,15000,0,0
Suite_14,Forward,0,1707,1.48054,0.576613,0,0.000864,0.22704,2.07359,482.255,15000,0,0
Suite_14,Forward,0,1708,1.49607,0.567274,0,0.000768,0.227904,2.06997,483.099,15000,0,0
Suite_14,Forward,0,1709,1.49445,0.569588,0,0.0008,0.227328,2.07682,481.505,15000,0,0
Suite_14,Forward,0,1710,1.47997,0.575753,0,0.002048,0.232896,2.07664,481.546,15000,0,0
Suite_14,Forward,0,1711,1.46687,0.597838,0,0.0008,0.239648,2.06848,483.448,15000,0,0
Suite_14,Forward,0,1712,1.48784,0.582336,0,0.000832,0.227328,2.08572,479.451,15000,0,0
Suite_14,Forward,0,1713,1.45131,0.602565,0,0.001824,0.22624,2.08359,479.942,15000,0,0
Suite_14,Forward,0,1714,1.47186,0.563645,0,0.001728,0.22528,2.06782,483.6,15000,0,0
Suite_14,Forward,0,1715,1.49803,0.588482,0,0.001568,0.228768,2.0476,488.376,15000,0,0
Suite_14,Forward,0,1716,1.47572,0.568623,0,0.00192,0.228512,2.09844,476.545,15000,0,0
Suite_14,Forward,0,1717,1.49008,0.571428,0,0.002048,0.226464,2.05939,485.58,15000,0,0
Suite_14,Forward,0,1718,1.49528,0.572015,0,0.000704,0.228448,2.07575,481.753,15000,0,0
Suite_14,Forward,0,1719,1.50014,0.569602,0,0.002048,0.226688,2.08776,478.983,15000,0,0
Suite_14,Forward,0,1720,1.47604,0.573624,0,0.004064,0.2288,2.082,480.309,15000,0,0
Suite_14,Forward,0,1721,1.4582,0.598073,0,0.00128,0.240864,2.06382,484.538,15000,0,0
Suite_14,Forward,0,1722,1.49107,0.581765,0,0.003968,0.227552,2.06906,483.312,15000,0,0
Suite_14,Forward,0,1723,1.4495,0.605023,0,0.00208,0.256,2.09116,478.203,15000,0,0
Suite_14,Forward,0,1724,1.46119,0.572302,0,0.002048,0.227328,2.06805,483.547,15000,0,0
Suite_14,Forward,0,1725,1.49597,0.592891,0,0.001824,0.227328,2.04739,488.427,15000,0,0
Suite_14,Forward,0,1726,1.47599,0.565991,0,0.002048,0.228608,2.10283,475.549,15000,0,0
Suite_14,Forward,0,1727,1.48101,0.571038,0,0.002048,0.229088,2.05462,486.709,15000,0,0
Suite_14,Forward,0,1728,1.5014,0.564965,0,0.002048,0.229376,2.06459,484.358,15000,0,0
Suite_14,Forward,0,1729,1.50624,0.564832,0,0.00192,0.227616,2.08594,479.401,15000,0,0
Suite_14,Forward,0,1730,1.49476,0.601141,0,0.002048,0.229376,2.08393,479.863,15000,0,0
Suite_14,Forward,0,1731,1.4733,0.598799,0,0.002048,0.239616,2.11144,473.612,15000,0,0
Suite_14,Forward,0,1732,1.48635,0.580845,0,0.000832,0.227904,2.08448,479.737,15000,0,0
Suite_14,Forward,0,1733,1.45045,0.606101,0,0.000704,0.227328,2.08177,480.36,15000,0,0
Suite_14,Forward,0,1734,1.46736,0.56943,0,0.001216,0.225632,2.07084,482.897,15000,0,0
Suite_14,Forward,0,1735,1.49507,0.590891,0,0.002016,0.228544,2.04968,487.882,15000,0,0
Suite_14,Forward,0,1736,1.47436,0.570158,0,0.0032,0.227424,2.0979,476.666,15000,0,0
Suite_14,Forward,0,1737,1.47644,0.574058,0,0.002048,0.22816,2.05888,485.702,15000,0,0
Suite_14,Forward,0,1738,1.49287,0.564435,0,0.002176,0.229344,2.06464,484.346,15000,0,0
Suite_14,Forward,0,1739,1.49966,0.567101,0,0.001696,0.228192,2.06898,483.331,15000,0,0
Suite_14,Forward,0,1740,1.48867,0.566338,0,0.002272,0.227776,2.07909,480.979,15000,0,0
Suite_14,Forward,0,1741,1.46877,0.59876,0,0.002944,0.240544,2.06887,483.355,15000,0,0
Suite_14,Forward,0,1742,1.496,0.577567,0,0.002272,0.229376,2.08036,480.686,15000,0,0
Suite_14,Forward,0,1743,1.45876,0.595409,0,0.002464,0.257856,2.08585,479.421,15000,0,0
Suite_14,Forward,0,1744,1.47047,0.572133,0,0.002176,0.225056,2.06691,483.815,15000,0,0
Suite_14,Forward,0,1745,1.49957,0.594855,0,0.002176,0.243872,2.06098,485.206,15000,0,0
Suite_14,Forward,0,1746,1.47928,0.570425,0,0.00416,0.227168,2.10747,474.502,15000,0,0
Suite_14,Forward,0,1747,1.47951,0.571644,0,0.002496,0.228896,2.06257,484.833,15000,0,0
Suite_14,Forward,0,1748,1.49584,0.568557,0,0.004096,0.229376,2.06352,484.608,15000,0,0
Suite_14,Forward,0,1749,1.50256,0.569395,0,0.002432,0.229024,2.07823,481.18,15000,0,0
Suite_14,Forward,0,1750,1.4907,0.575508,0,0.002048,0.229376,2.08504,479.607,15000,0,0
Suite_14,Forward,0,1751,1.47319,0.596673,0,0.005856,0.2416,2.07859,481.096,15000,0,0
Suite_14,Forward,0,1752,1.49909,0.574445,0,0.003968,0.227904,2.08875,478.756,15000,0,0
Suite_14,Forward,0,1753,1.47037,0.597546,0,0.002976,0.245952,2.0869,479.181,15000,0,0
Suite_14,Forward,0,1754,1.47647,0.565648,0,0.003424,0.22752,2.08258,480.173,15000,0,0
Suite_14,Forward,0,1755,1.50395,0.562114,0,0.004096,0.251904,2.05414,486.822,15000,0,0
Suite_14,Forward,0,1756,1.51513,0.570772,0,0.002048,0.229376,2.07757,481.332,15000,0,0
Suite_14,Forward,0,1757,1.49753,0.57776,0,0.005216,0.230144,2.10105,475.953,15000,0,0
Suite_14,Forward,0,1758,1.5041,0.569045,0,0.00288,0.229248,2.08832,478.854,15000,0,0
Suite_14,Forward,0,1759,1.51005,0.564993,0,0.003328,0.229376,2.08487,479.647,15000,0,0
Suite_14,Forward,0,1760,1.48824,0.574529,0,0.002688,0.229504,2.08679,479.206,15000,0,0
Suite_14,Forward,0,1761,1.48299,0.594606,0,0.004096,0.240256,2.07661,481.555,15000,0,0
Suite_14,Forward,0,1762,1.50794,0.5792,0,0.003872,0.228096,2.09109,478.22,15000,0,0
Suite_14,Forward,0,1763,1.47022,0.601526,0,0.002816,0.25776,2.0993,476.35,15000,0,0
Suite_14,Forward,0,1764,1.48423,0.566429,0,0.0032,0.227936,2.08435,479.766,15000,0,0
Suite_14,Forward,0,1765,1.51886,0.595163,0,0.004448,0.24992,2.06585,484.063,15000,0,0
Suite_14,Forward,0,1766,1.49766,0.574553,0,0.002176,0.23056,2.12714,470.115,15000,0,0
Suite_14,Forward,0,1767,1.50746,0.56548,0,0.002432,0.230496,2.08517,479.578,15000,0,0
Suite_14,Forward,0,1768,1.5188,0.563446,0,0.002816,0.231936,2.08535,479.536,15000,0,0
Suite_14,Forward,0,1769,1.52132,0.568991,0,0.003808,0.229376,2.09534,477.249,15000,0,0
Suite_14,Forward,0,1770,1.50162,0.574024,0,0.002048,0.231072,2.10295,475.523,15000,0,0
Suite_14,Forward,0,1771,1.49609,0.593235,0,0.006144,0.242336,2.08824,478.873,15000,0,0
Suite_14,Forward,0,1772,1.51611,0.580949,0,0.003328,0.229984,2.10108,475.945,15000,0,0
Suite_14,Forward,0,1773,1.47808,0.597556,0,0.002464,0.262048,2.11027,473.873,15000,0,0
Suite_14,Forward,0,1774,1.50179,0.56446,0,0.004096,0.22784,2.09011,478.444,15000,0,0
Suite_14,Forward,0,1775,1.52458,0.585949,0,0.002848,0.230592,2.07804,481.222,15000,0,0
Suite_14,Forward,0,1776,1.50922,0.559936,0,0.002528,0.231424,2.12217,471.215,15000,0,0
Suite_14,Forward,0,1777,1.51579,0.577095,0,0.002752,0.231296,2.08297,480.084,15000,0,0
Suite_14,Forward,0,1778,1.52814,0.589882,0,0.002496,0.231456,2.10654,474.713,15000,0,0
Suite_14,Forward,0,1779,1.53861,0.576499,0,0.004096,0.229376,2.13143,469.169,15000,0,0
Suite_14,Forward,0,1780,1.51495,0.576204,0,0.005376,0.231584,2.13256,468.92,15000,0,0
Suite_14,Forward,0,1781,1.50422,0.596591,0,0.006144,0.243744,2.10661,474.696,15000,0,0
Suite_14,Forward,0,1782,1.53062,0.582089,0,0.004096,0.230112,2.11359,473.13,15000,0,0
Suite_14,Forward,0,1783,1.50033,0.597636,0,0.002208,0.230496,2.12471,470.653,15000,0,0
Suite_14,Forward,0,1784,1.51598,0.571729,0,0.004096,0.251904,2.11094,473.724,15000,0,0
Suite_14,Forward,0,1785,1.54914,0.588092,0,0.002464,0.231008,2.10134,475.886,15000,0,0
Suite_14,Forward,0,1786,1.52721,0.568427,0,0.003456,0.231424,2.15033,465.045,15000,0,0
Suite_14,Forward,0,1787,1.53376,0.574777,0,0.00272,0.229376,2.11278,473.31,15000,0,0
Suite_14,Forward,0,1788,1.54796,0.564576,0,0.002496,0.256,2.12128,471.414,15000,0,0
Suite_14,Forward,0,1789,1.55738,0.57564,0,0.003968,0.231456,2.12585,470.399,15000,0,0
Suite_14,Forward,0,1790,1.53235,0.57544,0,0.003776,0.231104,2.15689,463.631,15000,0,0
Suite_14,Forward,0,1791,1.5517,0.561471,0,0.002752,0.233472,2.12023,471.648,15000,0,0
Suite_14,Forward,0,1792,1.5653,0.580872,0,0.00368,0.231424,2.13361,468.69,15000,0,0
Suite_14,Forward,0,1793,1.53755,0.60663,0,0.004096,0.232896,2.16241,462.447,15000,0,0
Suite_14,Forward,0,1794,1.543,0.640641,0,0.004608,0.24576,2.16128,462.688,15000,0,0
Suite_14,Forward,0,1795,1.56699,0.610877,0,0.003616,0.231424,2.19826,454.906,15000,0,0
Suite_14,Forward,0,1796,1.54456,0.586369,0,0.004096,0.232736,2.19136,456.338,15000,0,0
Suite_14,Forward,0,1797,1.54145,0.613779,0,0.004736,0.24624,2.14727,465.707,15000,0,0
Suite_14,Forward,0,1798,1.56704,0.576165,0,0.003744,0.232832,2.1698,460.873,15000,0,0
Suite_14,Forward,0,1799,1.53971,0.57865,0,0.003872,0.231424,2.15568,463.892,15000,0,0
Suite_14,Forward,0,1800,1.54267,0.573854,0,0.004064,0.232736,2.1313,469.197,15000,0,0
Suite_14,Forward,0,1801,1.56789,0.593257,0,0.004064,0.231584,2.13065,469.34,15000,0,0
Suite_14,Forward,0,1802,1.55231,0.584887,0,0.004096,0.232416,2.17379,460.026,15000,0,0
Suite_14,Forward,0,1803,1.54416,0.572687,0,0.004096,0.233152,2.14909,465.312,15000,0,0
Suite_14,Forward,0,1804,1.57598,0.563276,0,0.004576,0.233248,2.12918,469.665,15000,0,0
Suite_14,Forward,0,1805,1.58739,0.578107,0,0.004128,0.232864,2.15259,464.557,15000,0,0
Suite_14,Forward,0,1806,1.55947,0.574018,0,0.004096,0.233472,2.1786,459.011,15000,0,0
Suite_14,Forward,0,1807,1.58382,0.565746,0,0.005856,0.236128,2.14607,465.969,15000,0,0
Suite_14,Forward,0,1808,1.59154,0.566844,0,0.004448,0.23408,2.16134,462.676,15000,0,0
Suite_14,Forward,0,1809,1.57594,0.580504,0,0.005216,0.23392,2.17943,458.835,15000,0,0
Suite_14,Forward,0,1810,1.56583,0.590257,0,0.006144,0.250624,2.1707,460.68,15000,0,0
Suite_14,Forward,0,1811,1.59129,0.578306,0,0.004832,0.234016,2.16806,461.242,15000,0,0
Suite_14,Forward,0,1812,1.58005,0.573676,0,0.00512,0.234656,2.18222,458.249,15000,0,0
Suite_14,Forward,0,1813,1.56018,0.584493,0,0.005056,0.259776,2.16971,460.891,15000,0,0
Suite_14,Forward,0,1814,1.60135,0.596068,0,0.005888,0.23552,2.15746,463.508,15000,0,0
Suite_14,Forward,0,1815,1.59443,0.576811,0,0.006144,0.237856,2.2092,452.653,15000,0,0
Suite_14,Forward,0,1816,1.58411,0.571036,0,0.004448,0.234656,2.18346,457.989,15000,0,0
Suite_14,Forward,0,1817,1.61233,0.601735,0,0.006016,0.23552,2.16949,460.937,15000,0,0
Suite_14,Forward,0,1818,1.63952,0.644224,0,0.004672,0.234944,2.22942,448.547,15000,0,0
Suite_14,Forward,0,1819,1.59731,0.583146,0,0.00592,0.234432,2.30091,434.612,15000,0,0
Suite_14,Forward,0,1820,1.62496,0.568416,0,0.005568,0.256704,2.19421,455.746,15000,0,0
Suite_14,Forward,0,1821,1.64147,0.564799,0,0.005472,0.236032,2.20784,452.932,15000,0,0
Suite_14,Forward,0,1822,1.60181,0.5724,0,0.005984,0.23552,2.21956,450.54,15000,0,0
Suite_14,Forward,0,1823,1.62549,0.568246,0,0.006048,0.235104,2.18668,457.315,15000,0,0
Suite_14,Forward,0,1824,1.63836,0.564138,0,0.007168,0.236544,2.20559,453.394,15000,0,0
Suite_14,Forward,0,1825,1.62974,0.60152,0,0.004736,0.235264,2.21564,451.336,15000,0,0
Suite_14,Forward,0,1826,1.64054,0.568941,0,0.00672,0.240832,2.24783,444.874,15000,0,0
Suite_14,Forward,0,1827,1.64477,0.579232,0,0.006464,0.237184,2.22219,450.006,15000,0,0
Suite_14,Forward,0,1828,1.61738,0.5911,0,0.006368,0.23632,2.23601,447.226,15000,0,0
Suite_14,Forward,0,1829,1.65251,0.570794,0,0.00784,0.247808,2.2253,449.378,15000,0,0
Suite_14,Forward,0,1830,1.66214,0.560332,0,0.006144,0.237952,2.23689,447.05,15000,0,0
Suite_14,Forward,0,1831,1.63552,0.579636,0,0.006368,0.236384,2.23415,447.598,15000,0,0
Suite_14,Forward,0,1832,1.62747,0.59735,0,0.008192,0.252384,2.22831,448.771,15000,0,0
Suite_14,Forward,0,1833,1.65645,0.572404,0,0.006368,0.24096,2.23888,446.653,15000,0,0
Suite_14,Forward,0,1834,1.64703,0.570108,0,0.006752,0.23904,2.24189,446.052,15000,0,0
Suite_14,Forward,0,1835,1.63964,0.597496,0,0.008992,0.255584,2.23017,448.396,15000,0,0
Suite_14,Forward,0,1836,1.66489,0.577686,0,0.006784,0.238112,2.24929,444.585,15000,0,0
Suite_14,Forward,0,1837,1.65641,0.574114,0,0.00688,0.239616,2.26275,441.94,15000,0,0
Suite_14,Forward,0,1838,1.6404,0.630787,0,0.00864,0.253696,2.24693,445.051,15000,0,0
Suite_14,Forward,0,1839,1.68004,0.585209,0,0.008032,0.239808,2.28529,437.581,15000,0,0
Suite_14,Forward,0,1840,1.65984,0.577742,0,0.006624,0.239616,2.27786,439.008,15000,0,0
Suite_14,Forward,0,1841,1.6595,0.562236,0,0.008256,0.260928,2.25262,443.928,15000,0,0
Suite_14,Forward,0,1842,1.71431,0.561493,0,0.007744,0.23984,2.23449,447.528,15000,0,0
Suite_14,Forward,0,1843,1.66822,0.569275,0,0.008192,0.239616,2.30127,434.542,15000,0,0
Suite_14,Forward,0,1844,1.65043,0.583234,0,0.008192,0.243392,2.26394,441.708,15000,0,0
Suite_14,Forward,0,1845,1.70022,0.589169,0,0.008608,0.243712,2.24782,444.876,15000,0,0
Suite_14,Forward,0,1846,1.69362,0.571473,0,0.008192,0.241184,2.30275,434.263,15000,0,0
Suite_14,Forward,0,1847,1.67459,0.584471,0,0.008224,0.240032,2.27767,439.045,15000,0,0
Suite_14,Forward,0,1848,1.70652,0.588114,0,0.008192,0.241312,2.27114,440.307,15000,0,0
Suite_14,Forward,0,1849,1.70331,0.565947,0,0.008224,0.243584,2.30825,433.228,15000,0,0
Suite_14,Forward,0,1850,1.67099,0.587795,0,0.008192,0.241952,2.28327,437.968,15000,0,0
Suite_14,Forward,0,1851,1.70952,0.594272,0,0.01024,0.242208,2.27093,440.349,15000,0,0
Suite_14,Forward,0,1852,1.70874,0.562572,0,0.009312,0.243648,2.31612,431.757,15000,0,0
Suite_14,Forward,0,1853,1.69803,0.575369,0,0.009792,0.241664,2.28515,437.607,15000,0,0
Suite_14,Forward,0,1854,1.71589,0.59305,0,0.009824,0.244544,2.28687,437.28,15000,0,0
Suite_14,Forward,0,1855,1.71517,0.573424,0,0.01024,0.243424,2.32106,430.838,15000,0,0
Suite_14,Forward,0,1856,1.70631,0.5782,0,0.01024,0.242976,2.30298,434.219,15000,0,0
Suite_14,Forward,0,1857,1.72607,0.593197,0,0.01024,0.245952,2.29955,434.867,15000,0,0
Suite_14,Forward,0,1858,1.72667,0.566356,0,0.009856,0.243616,2.33245,428.734,15000,0,0
Suite_14,Forward,0,1859,1.69613,0.582767,0,0.010432,0.245536,2.30593,433.664,15000,0,0
Suite_14,Forward,0,1860,1.73451,0.592389,0,0.010848,0.24576,2.29116,436.461,15000,0,0
Suite_14,Forward,0,1861,1.73127,0.562979,0,0.012288,0.246336,2.34154,427.069,15000,0,0
Suite_14,Forward,0,1862,1.71859,0.568326,0,0.011072,0.24576,2.30784,433.305,15000,0,0
Suite_14,Forward,0,1863,1.73971,0.592123,0,0.011456,0.245824,2.29916,434.941,15000,0,0
Suite_14,Forward,0,1864,1.73972,0.566256,0,0.012288,0.24544,2.34374,426.668,15000,0,0
Suite_14,Forward,0,1865,1.70621,0.58108,0,0.012448,0.249408,2.32033,430.974,15000,0,0
Suite_14,Forward,0,1866,1.75096,0.593672,0,0.012288,0.245696,2.30707,433.449,15000,0,0
Suite_14,Forward,0,1867,1.74839,0.568448,0,0.012288,0.245568,2.35684,424.298,15000,0,0
Suite_14,Forward,0,1868,1.73108,0.570164,0,0.012288,0.249728,2.33336,428.566,15000,0,0
Suite_14,Forward,0,1869,1.77179,0.624482,0,0.013088,0.249216,2.31491,431.982,15000,0,0
Suite_14,Forward,0,1870,1.76105,0.576865,0,0.013152,0.247904,2.41158,414.667,15000,0,0
Suite_14,Forward,0,1871,1.724,0.581604,0,0.013824,0.247872,2.35149,425.262,15000,0,0
Suite_14,Forward,0,1872,1.76985,0.596125,0,0.012288,0.248896,2.31783,431.438,15000,0,0
Suite_14,Forward,0,1873,1.76075,0.566718,0,0.012576,0.247808,2.38984,418.439,15000,0,0
Suite_14,Forward,0,1874,1.74945,0.578032,0,0.013056,0.269312,2.34166,427.047,15000,0,0
Suite_14,Forward,0,1875,1.79631,0.75151,0,0.104448,0.334144,2.33947,427.447,15000,0,0
Suite_14,Forward,0,1876,1.75471,0.581202,0,0.0144,0.249568,2.56004,390.618,15000,0,0
Suite_14,Forward,0,1877,1.75482,0.60174,0,0.020224,0.272384,2.35157,425.247,15000,0,0
Suite_14,Forward,0,1878,1.77969,0.574684,0,0.014336,0.248128,2.37031,421.886,15000,0,0
Suite_14,Forward,0,1879,1.76787,0.579507,0,0.014528,0.248352,2.36613,422.631,15000,0,0
Suite_14,Forward,0,1880,1.75886,0.604089,0,0.019808,0.265984,2.3608,423.586,15000,0,0
Suite_14,Forward,0,1881,1.79183,0.593954,0,0.014528,0.24928,2.37765,420.583,15000,0,0
Suite_14,Forward,0,1882,1.77659,0.581016,0,0.015456,0.253408,2.40008,416.652,15000,0,0
Suite_14,Forward,0,1883,1.74804,0.625063,0,0.019296,0.2688,2.3716,421.657,15000,0,0
Suite_14,Forward,0,1884,1.799,0.576881,0,0.014336,0.249856,2.39521,417.5,15000,0,0
Suite_14,Forward,0,1885,1.79279,0.582991,0,0.015136,0.25792,2.39072,418.284,15000,0,0
Suite_14,Forward,0,1886,1.79948,0.584024,0,0.016,0.25168,2.38994,418.42,15000,0,0
Suite_14,Forward,0,1887,1.79395,0.582822,0,0.016384,0.254496,2.39621,417.326,15000,0,0
Suite_14,Forward,0,1888,1.787,0.57735,0,0.014464,0.25184,2.38857,418.661,15000,0,0
Suite_14,Forward,0,1889,1.81391,0.568185,0,0.018432,0.253536,2.3801,420.15,15000,0,0
Suite_14,Forward,0,1890,1.82282,0.578423,0,0.0176,0.256,2.3955,417.449,15000,0,0
Suite_14,Forward,0,1891,1.80002,0.579753,0,0.016832,0.25296,2.41428,414.203,15000,0,0
Suite_14,Forward,0,1892,1.82076,0.571446,0,0.016576,0.252544,2.39266,417.945,15000,0,0
Suite_14,Forward,0,1893,1.81997,0.568603,0,0.016448,0.251616,2.40629,415.577,15000,0,0
Suite_14,Forward,0,1894,1.80519,0.571985,0,0.01664,0.253376,2.4106,414.834,15000,0,0
Suite_14,Forward,0,1895,1.82135,0.571411,0,0.017664,0.27536,2.39004,418.404,15000,0,0
Suite_14,Forward,0,1896,1.83232,0.571235,0,0.017536,0.252896,2.4049,415.818,15000,0,0
Suite_14,Forward,0,1897,1.81229,0.570266,0,0.016576,0.251168,2.41849,413.481,15000,0,0
Suite_14,Forward,0,1898,1.82332,0.592011,0,0.018432,0.254016,2.39592,417.376,15000,0,0
Suite_14,Forward,0,1899,1.82051,0.568053,0,0.018432,0.253824,2.42758,411.933,15000,0,0
Suite_14,Forward,0,1900,1.8161,0.571426,0,0.018176,0.253952,2.40634,415.568,15000,0,0
Suite_14,Forward,0,1901,1.84194,0.597474,0,0.01888,0.255456,2.40193,416.331,15000,0,0
Suite_14,Forward,0,1902,1.8256,0.597588,0,0.018432,0.256,2.45879,406.703,15000,0,0
Suite_14,Forward,0,1903,1.81767,0.593678,0,0.02688,0.2696,2.43751,410.255,15000,0,0
Suite_14,Forward,0,1904,1.83734,0.585306,0,0.01872,0.254784,2.42407,412.53,15000,0,0
Suite_14,Forward,0,1905,1.81385,0.590614,0,0.02048,0.263232,2.43639,410.443,15000,0,0
Suite_14,Forward,0,1906,1.82038,0.594595,0,0.028672,0.280896,2.41893,413.406,15000,0,0
Suite_14,Forward,0,1907,1.84987,0.567957,0,0.0192,0.256448,2.42778,411.899,15000,0,0
Suite_14,Forward,0,1908,1.8342,0.569574,0,0.01888,0.258656,2.42951,411.606,15000,0,0
Suite_14,Forward,0,1909,1.85833,0.568321,0,0.02016,0.260096,2.4188,413.428,15000,0,0
Suite_14,Forward,0,1910,1.86294,0.56457,0,0.020544,0.257856,2.43936,409.944,15000,0,0
Suite_14,Forward,0,1911,1.85771,0.601572,0,0.022528,0.26016,2.4397,409.887,15000,0,0
Suite_14,Forward,0,1912,1.86425,0.564462,0,0.022144,0.258592,2.47394,404.213,15000,0,0
Suite_14,Forward,0,1913,1.86836,0.569426,0,0.020896,0.25776,2.44259,409.402,15000,0,0
Suite_14,Forward,0,1914,1.84942,0.576452,0,0.020992,0.259808,2.45052,408.077,15000,0,0
Suite_14,Forward,0,1915,1.87041,0.561556,0,0.020608,0.280576,2.43883,410.032,15000,0,0
Suite_14,Forward,0,1916,1.87693,0.577113,0,0.021984,0.25872,2.44369,409.217,15000,0,0
Suite_14,Forward,0,1917,1.86324,0.562154,0,0.02304,0.258848,2.46852,405.101,15000,0,0
Suite_14,Forward,0,1918,1.87461,0.599134,0,0.022368,0.260096,2.43838,410.109,15000,0,0
Suite_14,Forward,0,1919,1.87074,0.587788,0,0.022688,0.262144,2.48533,402.361,15000,0,0
Suite_14,Forward,0,1920,1.8639,0.63563,0,0.022752,0.284096,2.47154,404.606,15000,0,0
Suite_14,Forward,0,1921,1.88333,0.582536,0,0.021472,0.260096,2.51587,397.476,15000,0,0
Suite_14,Forward,0,1922,1.86681,0.588731,0,0.024032,0.264928,2.47955,403.299,15000,0,0
Suite_14,Forward,0,1923,1.85622,0.59276,0,0.028832,0.277824,2.47541,403.973,15000,0,0
Suite_14,Forward,0,1924,1.89501,0.566881,0,0.023968,0.2624,2.46194,406.183,15000,0,0
Suite_14,Forward,0,1925,1.88184,0.572341,0,0.023936,0.26256,2.47615,403.853,15000,0,0
Suite_14,Forward,0,1926,1.89138,0.565979,0,0.023072,0.261312,2.46759,405.255,15000,0,0
Suite_14,Forward,0,1927,1.89892,0.582422,0,0.024576,0.263584,2.46926,404.979,15000,0,0
Suite_14,Forward,0,1928,1.88826,0.584703,0,0.026144,0.263328,2.49489,400.819,15000,0,0
Suite_14,Forward,0,1929,1.90637,0.565838,0,0.022528,0.28848,2.48792,401.943,15000,0,0
Suite_14,Forward,0,1930,1.90614,0.581432,0,0.024576,0.264352,2.48575,402.294,15000,0,0
Suite_14,Forward,0,1931,1.8968,0.567666,0,0.024576,0.260992,2.50081,399.871,15000,0,0
Suite_14,Forward,0,1932,1.91192,0.593499,0,0.025056,0.263456,2.47634,403.822,15000,0,0
Suite_14,Forward,0,1933,1.88667,0.587395,0,0.024576,0.266432,2.51956,396.894,15000,0,0
Suite_14,Forward,0,1934,1.88675,0.601169,0,0.02752,0.275392,2.48848,401.851,15000,0,0
Suite_14,Forward,0,1935,1.90381,0.576497,0,0.024992,0.264192,2.50027,399.956,15000,0,0
Suite_14,Forward,0,1936,1.8913,0.575958,0,0.026848,0.26848,2.49203,401.28,15000,0,0
Suite_14,Forward,0,1937,1.91253,0.568675,0,0.027424,0.276512,2.48192,402.914,15000,0,0
Suite_14,Forward,0,1938,1.92166,0.567757,0,0.026656,0.268288,2.49394,400.973,15000,0,0
Suite_14,Forward,0,1939,1.90329,0.573648,0,0.026624,0.271936,2.50112,399.821,15000,0,0
Suite_14,Forward,0,1940,1.91429,0.568079,0,0.026624,0.268288,2.48966,401.661,15000,0,0
Suite_14,Forward,0,1941,1.9283,0.561517,0,0.02816,0.269088,2.49639,400.578,15000,0,0
Suite_14,Forward,0,1942,1.90713,0.571705,0,0.028384,0.274432,2.5025,399.601,15000,0,0
Suite_14,Forward,0,1943,1.92136,0.589047,0,0.026688,0.26464,2.49118,401.416,15000,0,0
Suite_14,Forward,0,1944,1.9123,0.585603,0,0.027776,0.26688,2.52221,396.477,15000,0,0
Suite_14,Forward,0,1945,1.94915,0.636325,0,0.028416,0.28944,2.5158,397.488,15000,0,0
Suite_14,Forward,0,1946,1.96327,0.590073,0,0.0272,0.268,2.60367,384.074,15000,0,0
Suite_14,Forward,0,1947,1.91992,0.577365,0,0.02992,0.273152,2.56662,389.617,15000,0,0
Suite_14,Forward,0,1948,1.90764,0.595916,0,0.027424,0.2768,2.51049,398.328,15000,0,0
Suite_14,Forward,0,1949,1.94298,0.563908,0,0.028096,0.268288,2.51794,397.151,15000,0,0
Suite_14,Forward,0,1950,1.92425,0.574283,0,0.028672,0.275456,2.52003,396.82,15000,0,0
Suite_14,Forward,0,1951,1.95377,0.589554,0,0.026528,0.265216,2.52025,396.787,15000,0,0
Suite_14,Forward,0,1952,1.95649,0.576474,0,0.02864,0.268736,2.55779,390.963,15000,0,0
Suite_14,Forward,0,1953,1.92314,0.57333,0,0.028672,0.269792,2.54687,392.639,15000,0,0
Suite_14,Forward,0,1954,1.93562,0.591044,0,0.028512,0.268256,2.51486,397.636,15000,0,0
Suite_14,Forward,0,1955,1.92701,0.582301,0,0.030656,0.271072,2.53888,393.875,15000,0,0
Suite_14,Forward,0,1956,1.90616,0.566684,0,0.028672,0.291104,2.53743,394.1,15000,0,0
Suite_14,Forward,0,1957,1.96811,0.584311,0,0.029664,0.270336,2.48795,401.937,15000,0,0
Suite_14,Forward,0,1958,1.93509,0.608593,0,0.030528,0.272224,2.56658,389.623,15000,0,0
Suite_14,Forward,0,1959,1.95168,0.572612,0,0.02976,0.269824,2.55835,390.876,15000,0,0
Suite_14,Forward,0,1960,1.95745,0.562038,0,0.029504,0.272096,2.53737,394.109,15000,0,0
Suite_14,Forward,0,1961,1.93844,0.576879,0,0.029056,0.273056,2.5339,394.649,15000,0,0
Suite_14,Forward,0,1962,1.95627,0.56855,0,0.028224,0.266432,2.53023,395.22,15000,0,0
Suite_14,Forward,0,1963,1.96128,0.567623,0,0.029184,0.273888,2.5371,394.15,15000,0,0
Suite_14,Forward,0,1964,1.9433,0.571113,0,0.029824,0.2696,2.54115,393.523,15000,0,0
Suite_14,Forward,0,1965,1.94805,0.591602,0,0.030048,0.272384,2.52821,395.536,15000,0,0
Suite_14,Forward,0,1966,1.9376,0.586671,0,0.03072,0.272256,2.55255,391.764,15000,0,0
Suite_14,Forward,0,1967,1.93145,0.600271,0,0.031392,0.279104,2.5378,394.042,15000,0,0
Suite_14,Forward,0,1968,1.94985,0.592955,0,0.03072,0.271104,2.54397,393.086,15000,0,0
Suite_14,Forward,0,1969,1.95203,0.572761,0,0.031232,0.27904,2.55665,391.136,15000,0,0
Suite_14,Forward,0,1970,1.95688,0.570822,0,0.030464,0.272384,2.5381,393.996,15000,0,0
Suite_14,Forward,0,1971,1.96442,0.564973,0,0.032704,0.277024,2.53969,393.749,15000,0,0
Suite_14,Forward,0,1972,1.95046,0.578238,0,0.032448,0.27408,2.54132,393.497,15000,0,0
Suite_14,Forward,0,1973,1.96345,0.568263,0,0.029056,0.292,2.54361,393.142,15000,0,0
Suite_14,Forward,0,1974,1.96784,0.576349,0,0.034656,0.277248,2.54447,393.01,15000,0,0
Suite_14,Forward,0,1975,1.94909,0.565774,0,0.031104,0.270368,2.55733,391.033,15000,0,0
Suite_14,Forward,0,1976,1.98461,0.584625,0,0.032256,0.273056,2.5276,395.633,15000,0,0
Suite_14,Forward,0,1977,1.93734,0.587839,0,0.032224,0.275456,2.58258,387.209,15000,0,0
Suite_14,Forward,0,1978,1.9473,0.604245,0,0.03072,0.277216,2.5435,393.16,15000,0,0
Suite_14,Forward,0,1979,1.97499,0.580755,0,0.031488,0.274432,2.571,388.954,15000,0,0
Suite_14,Forward,0,1980,1.94948,0.57194,0,0.0328,0.278528,2.56844,389.341,15000,0,0
Suite_14,Forward,0,1981,1.96517,0.570056,0,0.032768,0.278176,2.53575,394.36,15000,0,0
Suite_14,Forward,0,1982,1.97247,0.568131,0,0.031744,0.27472,2.54821,392.432,15000,0,0
Suite_14,Forward,0,1983,1.95144,0.574004,0,0.032768,0.279392,2.55241,391.787,15000,0,0
Suite_14,Forward,0,1984,1.96521,0.589352,0,0.032768,0.275968,2.53788,394.029,15000,0,0
Suite_14,Forward,0,1985,1.95692,0.580036,0,0.032704,0.277728,2.568,389.407,15000,0,0
Suite_14,Forward,0,1986,1.9512,0.563433,0,0.031936,0.293952,2.55161,391.909,15000,0,0
Suite_14,Forward,0,1987,1.99789,0.586178,0,0.0328,0.27648,2.52683,395.753,15000,0,0
Suite_14,Forward,0,1988,1.9545,0.579732,0,0.03264,0.277056,2.59631,385.162,15000,0,0
Suite_14,Forward,0,1989,1.97168,0.560753,0,0.032704,0.27488,2.5497,392.203,15000,0,0
Suite_14,Forward,0,1990,1.98016,0.584138,0,0.032768,0.276768,2.54519,392.898,15000,0,0
Suite_14,Forward,0,1991,1.96914,0.590141,0,0.034208,0.279552,2.57823,387.863,15000,0,0
Suite_14,Forward,0,1992,1.97535,0.56832,0,0.032864,0.303104,2.57258,388.716,15000,0,0
Suite_14,Forward,0,1993,1.9859,0.572761,0,0.034816,0.28176,2.55774,390.97,15000,0,0
Suite_14,Forward,0,1994,1.95936,0.572175,0,0.033792,0.275392,2.57281,388.68,15000,0,0
Suite_14,Forward,0,1995,1.99205,0.580267,0,0.03296,0.278048,2.54351,393.157,15000,0,0
Suite_14,Forward,0,1996,1.94985,0.595316,0,0.034784,0.279104,2.58414,386.976,15000,0,0
Suite_14,Forward,0,1997,1.95448,0.60357,0,0.03808,0.282624,2.56089,390.49,15000,0,0
Suite_14,Forward,0,1998,1.98766,0.57715,0,0.043008,0.287104,2.57173,388.843,15000,0,0
Suite_14,Forward,0,1999,1.9635,0.57629,0,0.043136,0.288128,2.57685,388.071,15000,0,0
Suite_14,Forward,0,2000,1.97586,0.567042,0,0.043008,0.287776,2.55233,391.799,15000,0,0
Suite_14,Forward,0,2001,1.98941,0.575608,0,0.043008,0.288768,2.55616,391.212,15000,0,0
Suite_14,Forward,0,2002,1.96766,0.575047,0,0.043712,0.28992,2.57868,387.795,15000,0,0
Suite_14,Forward,0,2003,1.97361,0.595589,0,0.043008,0.2896,2.55534,391.337,15000,0,0
Suite_14,Forward,0,2004,1.96078,0.577559,0,0.04304,0.289728,2.59124,385.916,15000,0,0
Suite_14,Forward,0,2005,1.9634,0.595328,0,0.043712,0.28832,2.55403,391.537,15000,0,0
Suite_14,Forward,0,2006,1.97212,0.583901,0,0.043104,0.288768,2.57198,388.806,15000,0,0
Suite_14,Forward,0,2007,1.95989,0.572475,0,0.043424,0.291136,2.5681,389.392,15000,0,0
Suite_14,Forward,0,2008,1.97395,0.568788,0,0.043648,0.288448,2.55176,391.886,15000,0,0
Suite_14,Forward,0,2009,1.98189,0.571425,0,0.0512,0.298656,2.5564,391.175,15000,0,0
Suite_14,Forward,0,2010,1.96277,0.576684,0,0.049152,0.293792,2.56615,389.689,15000,0,0
Suite_14,Forward,0,2011,1.98186,0.594544,0,0.058944,0.304192,2.55231,391.802,15000,0,0
Suite_14,Forward,0,2012,1.96438,0.577343,0,0.055456,0.300512,2.58892,386.261,15000,0,0
Suite_14,Forward,0,2013,1.97276,0.569376,0,0.054912,0.297088,2.55605,391.229,15000,0,0
Suite_14,Forward,0,2014,2.00277,0.578547,0,0.05536,0.302432,2.55539,391.33,15000,0,0
Suite_14,Forward,0,2015,1.93262,0.609455,0,0.065536,0.311744,2.59368,385.553,15000,0,0
Suite_14,Forward,0,2016,1.95535,0.591102,0,0.06592,0.312448,2.55456,391.458,15000,0,0
Suite_14,Forward,0,2017,1.99101,0.569462,0,0.065984,0.31072,2.56042,390.561,15000,0,0
Suite_14,Forward,0,2018,1.97112,0.582727,0,0.066784,0.313344,2.57372,388.542,15000,0,0
Suite_14,Forward,0,2019,1.98175,0.56505,0,0.067584,0.32784,2.56675,389.598,15000,0,0
Suite_14,Forward,0,2020,1.97889,0.568786,0,0.067136,0.312544,2.55849,390.856,15000,0,0
Suite_14,Forward,0,2021,1.96501,0.572593,0,0.072192,0.315392,2.56187,390.34,15000,0,0
Suite_14,Forward,0,2022,1.97384,0.594905,0,0.071776,0.31744,2.55138,391.944,15000,0,0
Suite_14,Forward,0,2023,1.96902,0.589013,0,0.072384,0.319616,2.58034,387.546,15000,0,0
Suite_14,Forward,0,2024,1.95271,0.602104,0,0.07248,0.31712,2.57115,388.931,15000,0,0
Suite_14,Forward,0,2025,1.98774,0.568941,0,0.073472,0.322368,2.57903,387.743,15000,0,0
Suite_14,Forward,0,2026,1.96417,0.573211,0,0.074912,0.320192,2.5697,389.151,15000,0,0
Suite_14,Forward,0,2027,1.97705,0.570656,0,0.073728,0.317632,2.55023,392.122,15000,0,0
Suite_14,Forward,0,2028,1.99035,0.563043,0,0.073632,0.31632,2.55946,390.708,15000,0,0
Suite_14,Forward,0,2029,1.9688,0.580822,0,0.079392,0.323584,2.56704,389.554,15000,0,0
Suite_14,Forward,0,2030,1.98462,0.615785,0,0.08,0.324032,2.56421,389.984,15000,0,0
Suite_14,Forward,0,2031,1.96706,0.582385,0,0.079872,0.324064,2.61398,382.559,15000,0,0
Suite_14,Forward,0,2032,1.96407,0.574425,0,0.086016,0.354304,2.56288,390.185,15000,0,0
Suite_14,Forward,0,2033,2.00101,0.591484,0,0.086016,0.333856,2.55249,391.774,15000,0,0
Suite_14,Forward,0,2034,1.96441,0.582493,0,0.086016,0.331776,2.6067,383.627,15000,0,0
Suite_14,Forward,0,2035,1.9757,0.563591,0,0.08704,0.331872,2.55959,390.688,15000,0,0
Suite_14,Forward,0,2036,1.9956,0.573788,0,0.08608,0.330752,2.55827,390.889,15000,0,0
Suite_14,Forward,0,2037,1.97006,0.576079,0,0.086304,0.332256,2.58369,387.043,15000,0,0
Suite_14,Forward,0,2038,1.98033,0.566153,0,0.088672,0.348416,2.56051,390.547,15000,0,0
Suite_14,Forward,0,2039,1.9844,0.577634,0,0.087296,0.332384,2.55825,390.892,15000,0,0
Suite_14,Forward,0,2040,1.96786,0.573626,0,0.08736,0.330016,2.5748,388.379,15000,0,0
Suite_14,Forward,0,2041,2.01139,0.584946,0,0.093632,0.336384,2.55578,391.27,15000,0,0
Suite_14,Forward,0,2042,1.94278,0.602427,0,0.092864,0.340064,2.60925,383.253,15000,0,0
Suite_14,Forward,0,2043,1.95363,0.596278,0,0.094112,0.338016,2.558,390.93,15000,0,0
Suite_14,Forward,0,2044,1.99016,0.564051,0,0.09328,0.33792,2.56176,390.356,15000,0,0
Suite_14,Forward,0,2045,1.9683,0.57592,0,0.093568,0.338912,2.56778,389.441,15000,0,0
Suite_14,Forward,0,2046,1.98297,0.56464,0,0.094048,0.337312,2.55808,390.918,15000,0,0
Suite_14,Forward,0,2047,1.98746,0.572254,0,0.093056,0.338528,2.55936,390.722,15000,0,0
Suite_14,Forward,0,2048,1.96013,0.577231,0,0.100352,0.343616,2.57636,388.144,15000,0,0
Suite_14,Forward,0,2049,1.97616,0.591731,0,0.100352,0.343712,2.55208,391.837,15000,0,0
Suite_14,Forward,0,2050,1.96573,0.593156,0,0.100352,0.344576,2.58085,387.47,15000,0,0
Suite_14,Forward,0,2051,1.95747,0.599763,0,0.101472,0.346912,2.57199,388.804,15000,0,0
Suite_14,Forward,0,2052,1.97976,0.581931,0,0.100768,0.345632,2.5701,389.089,15000,0,0
Suite_14,Forward,0,2053,1.97201,0.589354,0,0.10672,0.350752,2.57636,388.144,15000,0,0
Suite_14,Forward,0,2054,1.99122,0.5698,0,0.107616,0.352256,2.58766,386.449,15000,0,0
Suite_14,Forward,0,2055,1.99625,0.571646,0,0.107808,0.350976,2.57352,388.573,15000,0,0
Suite_14,Forward,0,2056,1.9737,0.573038,0,0.108544,0.352576,2.58013,387.577,15000,0,0
Suite_14,Forward,0,2057,1.97985,0.601934,0,0.107616,0.352256,2.5611,390.457,15000,0,0
Suite_14,Forward,0,2058,1.96889,0.571272,0,0.108384,0.35264,2.59506,385.348,15000,0,0
Suite_14,Forward,0,2059,1.97171,0.571514,0,0.108544,0.373024,2.55284,391.721,15000,0,0
Suite_14,Forward,0,2060,2.00425,0.585851,0,0.107488,0.352896,2.55518,391.362,15000,0,0
Suite_14,Forward,0,2061,1.96006,0.575265,0,0.108544,0.35424,2.60451,383.949,15000,0,0
Suite_14,Forward,0,2062,2.00145,0.653854,0,0.108544,0.356352,2.5491,392.296,15000,0,0
Suite_14,Forward,0,2063,2.00339,0.621768,0,0.108576,0.356544,2.68292,372.728,15000,0,0
Suite_14,Forward,0,2064,1.97399,0.583476,0,0.109632,0.354304,2.64092,378.656,15000,0,0
Suite_14,Forward,0,2065,1.98344,0.598267,0,0.11648,0.3584,2.57908,387.735,15000,0,0
Suite_14,Forward,0,2066,1.97165,0.57521,0,0.114688,0.358848,2.5948,385.386,15000,0,0
Suite_14,Forward,0,2067,1.96794,0.570771,0,0.116736,0.379648,2.55945,390.709,15000,0,0
Suite_14,Forward,0,2068,2.00246,0.586405,0,0.114848,0.360448,2.55084,392.028,15000,0,0
Suite_14,Forward,0,2069,1.96681,0.623533,0,0.116672,0.362432,2.60468,383.924,15000,0,0
Suite_14,Forward,0,2070,1.98742,0.577965,0,0.116832,0.360448,2.60619,383.702,15000,128,5.30374e-05
Suite_14,Forward,0,2071,1.99861,0.582221,0,0.116736,0.359936,2.5786,387.808,15000,128,5.32253e-05
Suite_14,Forward,0,2072,1.97574,0.587373,0,0.117216,0.361856,2.59308,385.642,15000,128,5.34149e-05
Suite_14,Forward,0,2073,1.98822,0.576288,0,0.11856,0.360992,2.57843,387.832,15000,128,5.36063e-05
Suite_14,Forward,0,2074,2.00153,0.588971,0,0.118464,0.361376,2.57793,387.908,15000,128,5.37994e-05
Suite_14,Forward,0,2075,1.97872,0.577817,0,0.118304,0.362496,2.60423,383.991,15000,128,5.39943e-05
Suite_14,Forward,0,2076,2.00258,0.594604,0,0.117152,0.362656,2.56925,389.218,15000,128,5.4191e-05
Suite_14,Forward,0,2077,1.95035,0.623666,0,0.118784,0.363744,2.61132,382.948,15000,128,5.43895e-05
Suite_14,Forward,0,2078,1.96999,0.608227,0,0.11904,0.362976,2.58863,386.305,15000,128,5.45898e-05
Suite_14,Forward,0,2079,1.99788,0.589848,0,0.119104,0.36432,2.60075,384.504,15000,128,5.47919e-05
Suite_14,Forward,0,2080,1.97638,0.598322,0,0.118848,0.364,2.60094,384.477,15000,128,5.4996e-05
Suite_14,Forward,0,2081,1.99056,0.593724,0,0.118784,0.385312,2.59003,386.096,15000,128,5.52019e-05
Suite_14,Forward,0,2082,1.99249,0.600697,0,0.119168,0.362752,2.59838,384.855,15000,128,5.54096e-05
Suite_14,Forward,0,2083,1.97941,0.594489,0,0.119136,0.366592,2.60669,383.628,15000,384,0.00018054
Suite_14,Forward,0,2084,2.02352,0.613982,0,0.120224,0.365152,2.58657,386.612,15000,384,0.00018116
Suite_14,Forward,0,2085,1.94938,0.633915,0,0.120256,0.364544,2.65364,376.841,15000,384,0.000181785
Suite_14,Forward,0,2086,1.96682,0.62318,0,0.125696,0.370368,2.59907,384.752,15000,768,0.00123832
Suite_14,Forward,0,2087,1.99907,0.597672,0,0.126272,0.371328,2.61188,382.866,15000,1024,0.00156426
Suite_14,Forward,0,2088,1.98853,0.610828,0,0.126976,0.37072,2.60985,383.164,15000,1024,0.00156985
Suite_14,Forward,0,2089,2.00302,0.598774,0,0.126976,0.371968,2.61569,382.309,15000,1024,0.00157549
Suite_14,Forward,0,2090,2.002,0.616835,0,0.127584,0.372096,2.61602,382.26,15000,1024,0.00158118
Suite_14,Forward,0,2091,1.98303,0.593109,0,0.1272,0.372864,2.63395,379.658,15000,1152,0.00205843
Suite_14,Forward,0,2092,2.02237,0.608337,0,0.127808,0.37232,2.58901,386.248,15000,1280,0.00224613
Suite_14,Forward,0,2093,1.95845,0.633878,0,0.127584,0.373568,2.65085,377.237,15000,1408,0.00254515
Suite_14,Forward,0,2094,1.968,0.623219,0,0.128992,0.376832,2.60721,383.552,15000,1408,0.00255456
Suite_14,Forward,0,2095,2.00596,0.604161,0,0.129024,0.373472,2.60507,383.867,15000,1664,0.00290938
Suite_14,Forward,0,2096,1.99024,0.598476,0,0.129024,0.374784,2.62318,381.216,15000,1664,0.00292031
Suite_14,Forward,0,2097,2.00075,0.635771,0,0.12976,0.3728,2.60482,383.904,15000,2048,0.00342766
Suite_14,Forward,0,2098,1.99053,0.596759,0,0.129024,0.374784,2.66039,375.884,15000,2048,0.00344031
Suite_14,Forward,0,2099,1.98799,0.608263,0,0.129856,0.39712,2.60131,384.422,15000,2048,0.00345308
Suite_14,Forward,0,2100,2.02639,0.61825,0,0.136,0.380736,2.61008,383.13,15000,2176,0.00359862
Suite_14,Forward,0,2101,1.98296,0.605661,0,0.137216,0.383104,2.66044,375.878,15000,2176,0.0036121
Suite_14,Forward,0,2102,2.00609,0.601539,0,0.138816,0.382304,2.60342,384.11,15000,2176,0.00362569
Suite_14,Forward,0,2103,2.01168,0.595267,0,0.13744,0.380928,2.62097,381.538,15000,2176,0.0036394
Suite_14,Forward,0,2104,1.98937,0.598377,0,0.137728,0.381248,2.62013,381.66,15000,2304,0.00371202
Suite_14,Forward,0,2105,2.00849,0.631018,0,0.137216,0.383936,2.60351,384.096,15000,2432,0.00397787
Suite_14,Forward,0,2106,1.99211,0.608486,0,0.139104,0.384672,2.6539,376.804,15000,2560,0.00420501
Suite_14,Forward,0,2107,1.9966,0.658301,0,0.14032,0.386464,2.61558,382.324,15000,2816,0.00474263
Suite_14,Forward,0,2108,2.00321,0.635837,0,0.14,0.38912,2.67089,374.407,15000,2816,0.00476036
Suite_14,Forward,0,2109,1.99943,0.609748,0,0.139904,0.385728,2.65628,376.466,15000,2816,0.00477825
Suite_14,Forward,0,2110,2.00781,0.602674,0,0.139808,0.387968,2.62497,380.956,15000,2944,0.00517331
Suite_14,Forward,0,2111,2.0122,0.602009,0,0.139648,0.388384,2.62414,381.077,15000,2944,0.00519299
Suite_14,Forward,0,2112,1.99628,0.603792,0,0.140576,0.386048,2.62769,380.562,15000,2944,0.00521284
Suite_14,Forward,0,2113,2.00944,0.629419,0,0.14176,0.38768,2.61659,382.176,15000,2944,0.00523286
Suite_14,Forward,0,2114,1.99103,0.624844,0,0.141408,0.392288,2.65379,376.82,15000,2944,0.00525305
Suite_14,Forward,0,2115,1.97835,0.619132,0,0.141984,0.386784,2.6315,380.011,15000,2944,0.00527341
Suite_14,Forward,0,2116,2.01027,0.603508,0,0.141952,0.387616,2.61143,382.932,15000,2944,0.00529394
Suite_14,Forward,0,2117,1.99958,0.614894,0,0.142592,0.388672,2.62945,380.308,15000,2944,0.00531466
Suite_14,Forward,0,2118,2.00939,0.600914,0,0.149504,0.413696,2.63065,380.135,15000,3072,0.00555883
Suite_14,Forward,0,2119,2.01394,0.607233,0,0.14848,0.39536,2.6238,381.126,15000,3328,0.00587284
Suite_14,Forward,0,2120,2.00049,0.608069,0,0.149536,0.395456,2.63481,379.534,15000,3584,0.00609714
Suite_14,Forward,0,2121,2.03506,0.620009,0,0.149888,0.397088,2.62484,380.976,15000,3840,0.00629108
Suite_14,Forward,0,2122,1.98708,0.627737,0,0.150976,0.397312,2.67642,373.633,15000,3968,0.00667382
Suite_14,Forward,0,2123,1.98874,0.622974,0,0.150016,0.396352,2.63022,380.197,15000,3968,0.0067
Suite_14,Forward,0,2124,2.02173,0.600832,0,0.151104,0.399776,2.62599,380.809,15000,3968,0.0067264
Suite_14,Forward,0,2125,2.00138,0.602648,0,0.151552,0.400672,2.63903,378.926,15000,3968,0.00675303
Suite_14,Forward,0,2126,2.01688,0.604635,0,0.152352,0.398176,2.62401,381.096,15000,3968,0.00677987
Suite_14,Forward,0,2127,2.01745,0.611522,0,0.152928,0.39792,2.64115,378.623,15000,3968,0.00680695
Suite_14,Forward,0,2128,2.0004,0.592871,0,0.152352,0.424416,2.64433,378.167,15000,4224,0.0073487
Suite_14,Forward,0,2129,2.03719,0.618011,0,0.1536,0.401408,2.60911,383.273,15000,4352,0.00746581
Suite_14,Forward,0,2130,1.97508,0.643651,0,0.15328,0.400192,2.67037,374.48,15000,4352,0.00749594
Suite_14,Forward,0,2131,2.0164,0.592695,0,0.15376,0.398592,2.63427,379.612,15000,4480,0.00757316
Suite_14,Forward,0,2132,2.01841,0.597313,0,0.155328,0.400832,2.63244,379.876,15000,4480,0.00760396
Suite_14,Forward,0,2133,2.00602,0.610487,0,0.15504,0.400896,2.63232,379.893,15000,4608,0.0078064
Suite_14,Forward,0,2134,2.01857,0.619457,0,0.155488,0.400992,2.6326,379.853,15000,4736,0.00802873
Suite_14,Forward,0,2135,2.00023,0.607195,0,0.155648,0.400928,2.65259,376.99,15000,4736,0.0080615
Suite_14,Forward,0,2136,2.00647,0.626471,0,0.15744,0.39936,2.62272,381.283,15000,4608,0.00788563
Suite_14,Forward,0,2137,2.01202,0.614063,0,0.155648,0.401408,2.66059,375.856,15000,4608,0.00791811
Suite_14,Forward,0,2138,2.00506,0.610178,0,0.155648,0.40192,2.64172,378.541,15000,4736,0.00811287
Suite_14,Forward,0,2139,2.02044,0.593068,0,0.156352,0.39936,2.63026,380.19,15000,4736,0.00814653
Suite_14,Forward,0,2140,2.02245,0.595786,0,0.157472,0.402176,2.62748,380.593,15000,4736,0.00818046
Suite_14,Forward,0,2141,2.005,0.604004,0,0.157696,0.402432,2.63383,379.675,15000,4736,0.00821468
Suite_14,Forward,0,2142,2.01381,0.615011,0,0.157568,0.401408,2.62491,380.966,15000,4736,0.00824919
Suite_14,Forward,0,2143,2.00355,0.621964,0,0.157984,0.40272,2.6435,378.286,15000,4736,0.00828397
Suite_14,Forward,0,2144,1.99167,0.628147,0,0.1576,0.401408,2.64058,378.705,15000,4864,0.00842439
Suite_14,Forward,0,2145,2.03565,0.625788,0,0.159744,0.403456,2.63565,379.413,15000,4992,0.0085683
Suite_14,Forward,0,2146,2.01625,0.614066,0,0.158528,0.402944,2.68026,373.099,15000,5120,0.00872302
Suite_14,Forward,0,2147,2.02109,0.599301,0,0.15952,0.425248,2.64648,377.86,15000,5376,0.00909548
Suite_14,Forward,0,2148,2.03113,0.604247,0,0.159744,0.403776,2.63464,379.559,15000,5504,0.00943506
Suite_14,Forward,0,2149,2.00963,0.60447,0,0.165888,0.410432,2.65321,376.901,15000,5504,0.00947542
Suite_14,Forward,0,2150,2.04208,0.611745,0,0.165888,0.409984,2.63654,379.285,15000,5504,0.00951611
Suite_14,Forward,0,2151,1.97865,0.642204,0,0.165952,0.411744,2.66912,374.656,15000,5504,0.00955714
Suite_14,Forward,0,2152,2.01982,0.597157,0,0.166048,0.40928,2.63605,379.356,15000,5504,0.00959852
Suite_14,Forward,0,2153,2.02728,0.594399,0,0.165888,0.409728,2.63298,379.798,15000,5504,0.00964023
Suite_14,Forward,0,2154,2.00833,0.604866,0,0.165856,0.411104,2.63711,379.203,15000,5632,0.00996782
Suite_14,Forward,0,2155,2.02191,0.637565,0,0.167232,0.4096,2.62841,380.458,15000,5760,0.0103621
Suite_14,Forward,0,2156,2.00268,0.600707,0,0.166624,0.415648,2.67481,373.858,15000,5760,0.0104074
Suite_14,Forward,0,2157,2.00616,0.601402,0,0.167936,0.417792,2.62145,381.468,15000,5760,0.0104531
Suite_14,Forward,0,2158,2.04202,0.611858,0,0.17408,0.417984,2.62343,381.18,15000,5760,0.0104992
Suite_14,Forward,0,2159,2.00656,0.604983,0,0.175808,0.419424,2.6688,374.7,15000,5760,0.0105456
Suite_14,Forward,0,2160,2.02961,0.600915,0,0.174368,0.417792,2.62662,380.717,15000,5760,0.0105925
Suite_14,Forward,0,2161,2.0317,0.611559,0,0.176032,0.420064,2.64678,377.818,15000,5760,0.0106397
Suite_14,Forward,0,2162,2.01225,0.608266,0,0.17408,0.417728,2.65889,376.096,15000,5760,0.0106873
Suite_14,Forward,0,2163,2.02356,0.624035,0,0.175904,0.41984,2.63592,379.374,15000,5888,0.0108741
Suite_14,Forward,0,2164,2.00651,0.621332,0,0.175456,0.421632,2.66199,375.658,15000,6016,0.0111774
Suite_14,Forward,0,2165,2.00011,0.627373,0,0.174816,0.41984,2.64582,377.955,15000,6016,0.0112276
Suite_14,Forward,0,2166,2.02303,0.596363,0,0.175968,0.423968,2.64398,378.218,15000,6016,0.0112782
Suite_14,Forward,0,2167,2.01161,0.599097,0,0.174432,0.420672,2.63386,379.671,15000,6016,0.0113293
Suite_14,Forward,0,2168,2.02493,0.595348,0,0.176416,0.443424,2.62568,380.854,15000,6016,0.0113807
Suite_14,Forward,0,2169,2.03081,0.606638,0,0.176288,0.422336,2.63671,379.26,15000,6016,0.0114326
Suite_14,Forward,0,2170,2.0105,0.593824,0,0.176544,0.423264,2.65412,376.773,15000,6016,0.0114849
Suite_14,Forward,0,2171,2.05109,0.625629,0,0.177184,0.421248,2.61904,381.82,15000,6144,0.0117635
Suite_14,Forward,0,2172,1.98803,0.639157,0,0.177728,0.423712,2.6924,371.416,15000,6144,0.0118176
Suite_14,Forward,0,2173,1.99962,0.627482,0,0.176896,0.41968,2.64496,378.077,15000,6144,0.0118721
Suite_14,Forward,0,2174,2.0264,0.599397,0,0.176864,0.421472,2.64283,378.383,15000,6144,0.0119271
Suite_14,Forward,0,2175,2.00982,0.603387,0,0.176928,0.421408,2.64041,378.73,15000,6144,0.0119826
Suite_14,Forward,0,2176,2.02445,0.618821,0,0.1768,0.420768,2.62823,380.485,15000,6272,0.0122594
Suite_14,Forward,0,2177,2.06542,0.674263,0,0.178176,0.42256,2.6599,375.954,15000,6272,0.0123167
Suite_14,Forward,0,2178,2.0222,0.63306,0,0.18208,0.430464,2.76002,362.317,15000,6272,0.0123745
Suite_14,Forward,0,2179,2.03452,0.774846,0,0.200704,0.440544,2.6782,373.385,15000,6272,0.0124327
Suite_14,Forward,0,2180,2.01273,0.601679,0,0.176704,0.422336,2.82488,353.998,15000,6272,0.0124914
Suite_14,Forward,0,2181,2.02736,0.60314,0,0.178176,0.442848,2.63244,379.876,15000,6272,0.0125506
Suite_14,Forward,0,2182,2.03415,0.613276,0,0.17824,0.425984,2.65558,376.565,15000,6400,0.0126999
Suite_14,Forward,0,2183,2.02319,0.627887,0,0.178176,0.424256,2.6635,375.445,15000,6016,0.0118935
Suite_14,Forward,0,2184,2.05778,0.616816,0,0.177856,0.423424,2.66904,374.666,15000,6144,0.0120396
Suite_14,Forward,0,2185,1.98353,0.637057,0,0.178048,0.422432,2.69173,371.509,15000,6144,0.0120968
Suite_14,Forward,0,2186,2.03189,0.594079,0,0.178272,0.422592,2.63694,379.228,15000,6144,0.0121544
Suite_14,Forward,0,2187,2.03154,0.601861,0,0.178368,0.423712,2.64033,378.741,15000,6144,0.0122125
Suite_14,Forward,0,2188,2.01371,0.604012,0,0.178176,0.425952,2.64825,377.608,15000,6144,0.0122711
Suite_14,Forward,0,2189,2.02863,0.631308,0,0.178176,0.42416,2.63449,379.581,15000,6144,0.0123302
Suite_14,Forward,0,2190,2.00701,0.610613,0,0.179808,0.425152,2.68499,372.44,15000,6144,0.0123897
Suite_14,Forward,0,2191,2.01041,0.598985,0,0.178176,0.424096,2.6334,379.738,15000,6272,0.0126608
Suite_14,Forward,0,2192,2.02081,0.624372,0,0.179008,0.423712,2.62434,381.048,15000,6272,0.0127222
Suite_14,Forward,0,2193,2.01771,0.618399,0,0.180064,0.424512,2.69219,371.445,15000,6144,0.0123712
Suite_14,Forward,0,2194,2.02692,0.59046,0,0.180224,0.424128,2.65265,376.982,15000,6144,0.0124311
Suite_14,Forward,0,2195,2.02628,0.599457,0,0.178976,0.424544,2.63246,379.873,15000,6144,0.0124916
Suite_14,Forward,0,2196,2.01343,0.604652,0,0.178784,0.423296,2.64009,378.775,15000,6144,0.0125525
Suite_14,Forward,0,2197,2.02446,0.62174,0,0.180224,0.425984,2.6358,379.392,15000,6144,0.0126139
Suite_14,Forward,0,2198,2.00787,0.624236,0,0.180064,0.42416,2.66252,375.584,15000,6144,0.0126758
Suite_14,Forward,0,2199,1.99296,0.639729,0,0.180032,0.423584,2.64812,377.626,15000,6016,0.0120519
Suite_14,Forward,0,2200,2.0353,0.604319,0,0.180384,0.425792,2.64774,377.681,15000,6144,0.0123779
Suite_14,Forward,0,2201,2.01055,0.616087,0,0.178752,0.424992,2.65593,376.516,15000,6144,0.0124381
Suite_14,Forward,0,2202,2.02941,0.602743,0,0.180256,0.42512,2.64302,378.355,15000,6272,0.0127287
Suite_14,Forward,0,2203,2.02969,0.616967,0,0.179904,0.429408,2.65091,377.228,15000,6400,0.0131235
Suite_14,Forward,0,2204,2.01263,0.608178,0,0.181376,0.44848,2.66281,375.543,15000,6400,0.0131875
Suite_14,Forward,0,2205,2.04739,0.619725,0,0.180224,0.425984,2.63905,378.924,15000,6272,0.0131495
Suite_14,Forward,0,2206,2.00962,0.619397,0,0.180128,0.425984,2.69818,370.62,15000,6272,0.0129949
Suite_14,Forward,0,2207,2.02563,0.610419,0,0.180224,0.42432,2.64905,377.494,15000,6272,0.0130577
Suite_14,Forward,0,2208,2.03011,0.62168,0,0.180224,0.428032,2.65106,377.208,15000,6016,0.0118323
Suite_14,Forward,0,2209,2.01939,0.626705,0,0.180224,0.425184,2.66855,374.736,15000,5760,0.0112738
Suite_14,Forward,0,2210,2.02425,0.637964,0,0.180224,0.426272,2.66372,375.414,15000,6016,0.0115743
Suite_14,Forward,0,2211,2.00601,0.626775,0,0.180352,0.430144,2.67758,373.472,15000,6016,0.0116292
Suite_14,Forward,0,2212,1.99619,0.640154,0,0.18064,0.42416,2.64865,377.551,15000,6144,0.0118787
Suite_14,Forward,0,2213,2.01889,0.612304,0,0.182048,0.428704,2.65382,376.816,15000,6272,0.0120306
Suite_14,Forward,0,2214,2.01005,0.609684,0,0.18064,0.42608,2.66844,374.751,15000,6272,0.012088
Suite_14,Forward,0,2215,2.02389,0.608971,0,0.18128,0.450784,2.63525,379.471,15000,6272,0.0121458
Suite_14,Forward,0,2216,2.03058,0.608234,0,0.181824,0.427808,2.64768,377.689,15000,6272,0.0122041
Suite_14,Forward,0,2217,2.01336,0.610848,0,0.180352,0.428032,2.65543,376.588,15000,6272,0.0122629
Suite_14,Forward,0,2218,2.04573,0.644128,0,0.180512,0.428,2.64052,378.713,15000,6272,0.0123221
Suite_14,Forward,0,2219,1.98293,0.644383,0,0.18064,0.429344,2.70576,369.582,15000,6272,0.0123818
Suite_14,Forward,0,2220,2.00177,0.632059,0,0.18192,0.426464,2.64373,378.254,15000,6272,0.0124419
Suite_14,Forward,0,2221,2.02936,0.641336,0,0.1808,0.427616,2.65033,377.311,15000,6272,0.0125025
Suite_14,Forward,0,2222,2.0264,0.637781,0,0.182528,0.428032,2.7117,368.772,15000,6272,0.0125635
Suite_14,Forward,0,2223,2.03438,0.637543,0,0.182144,0.427168,2.6829,372.731,15000,6272,0.012625
Suite_14,Forward,0,2224,2.01253,0.622734,0,0.181856,0.42672,2.68724,372.129,15000,6272,0.012687
Suite_14,Forward,0,2225,2.01366,0.644058,0,0.182272,0.430144,2.65371,376.831,15000,6272,0.0127494
Suite_14,Forward,0,2226,2.02928,0.6033,0,0.182272,0.427808,2.67425,373.937,15000,6272,0.0128124
Suite_14,Forward,0,2227,2.01447,0.637984,0,0.181824,0.428032,2.64735,377.736,15000,6272,0.0128758
Suite_14,Forward,0,2228,2.02568,0.610087,0,0.182272,0.446208,2.66769,374.856,15000,6144,0.012763
Suite_14,Forward,0,2229,2.0329,0.60882,0,0.182272,0.429664,2.65285,376.953,15000,6272,0.0128901
Suite_14,Forward,0,2230,2.01619,0.630683,0,0.17408,0.419744,2.65767,376.269,15000,6272,0.0129539
Suite_14,Forward,0,2231,2.05841,0.636781,0,0.175648,0.420672,2.66437,375.324,15000,6272,0.0130182
Suite_14,Forward,0,2232,1.98575,0.645671,0,0.175072,0.423488,2.71186,368.751,15000,6272,0.013083
Suite_14,Forward,0,2233,1.99646,0.641521,0,0.17568,0.42,2.64929,377.46,15000,6016,0.012551
Suite_14,Forward,0,2234,2.03154,0.604976,0,0.17408,0.422912,2.65386,376.81,15000,6016,0.0126134
Suite_14,Forward,0,2235,2.01353,0.605565,0,0.175136,0.420736,2.65553,376.572,15000,6144,0.0128519
Suite_14,Forward,0,2236,2.02109,0.65624,0,0.176128,0.421824,2.63497,379.51,15000,6144,0.0129159
Suite_14,Forward,0,2237,2.0037,0.618026,0,0.175296,0.422048,2.69433,371.15,15000,6144,0.0129805
Suite_14,Forward,0,2238,2.01118,0.602839,0,0.168448,0.415072,2.63924,378.897,15000,6144,0.0130456
Suite_14,Forward,0,2239,2.04699,0.622592,0,0.167936,0.415232,2.62997,380.232,15000,6016,0.0128497
Suite_14,Forward,0,2240,2.00613,0.623555,0,0.16672,0.417856,2.68461,372.494,15000,6016,0.0129142
Suite_14,Forward,0,2241,2.01738,0.599309,0,0.16896,0.414272,2.64843,377.582,15000,5888,0.0124923
Suite_14,Forward,0,2242,2.02876,0.605692,0,0.169024,0.413888,2.63247,379.871,15000,5888,0.0123774
Suite_14,Forward,0,2243,2.00969,0.617793,0,0.16896,0.417792,2.64905,377.494,15000,5888,0.0124397
Suite_14,Forward,0,2244,2.02592,0.626073,0,0.167936,0.413696,2.64317,378.334,15000,5888,0.0125023
Suite_14,Forward,0,2245,2.01009,0.634062,0,0.168096,0.415424,2.66904,374.666,15000,5760,0.0122928
Suite_14,Forward,0,2246,1.99387,0.642296,0,0.16832,0.415104,2.66134,375.751,15000,5760,0.0123551
Suite_14,Forward,0,2247,2.02553,0.600163,0,0.168992,0.414016,2.65166,377.123,15000,5632,0.01178
Suite_14,Forward,0,2248,2.00683,0.607099,0,0.169088,0.415616,2.64046,378.721,15000,5504,0.0113777
Suite_14,Forward,0,2249,2.02152,0.593813,0,0.167552,0.413696,2.63112,380.067,15000,5504,0.0114354
Suite_14,Forward,0,2250,2.03123,0.599207,0,0.16976,0.415744,2.63998,378.791,15000,5504,0.0114935
Suite_14,Forward,0,2251,2.01008,0.599528,0,0.167936,0.416096,2.64646,377.864,15000,5504,0.0115521
Suite_14,Forward,0,2252,2.03952,0.608804,0,0.1616,0.4096,2.62417,381.072,15000,5504,0.0116111
Suite_14,Forward,0,2253,1.97748,0.642608,0,0.16,0.408832,2.6649,375.248,15000,5248,0.0105212
Suite_14,Forward,0,2254,2.0214,0.595728,0,0.160512,0.406144,2.63639,379.306,15000,5248,0.0105741
Suite_14,Forward,0,2255,2.02628,0.591786,0,0.161184,0.408032,2.63159,379.999,15000,4992,0.0102225
Suite_14,Forward,0,2256,2.00617,0.604251,0,0.163264,0.407552,2.63223,379.906,15000,5120,0.0105075
Suite_14,Forward,0,2257,2.01385,0.624052,0,0.161632,0.408416,2.62752,380.587,15000,5120,0.0105601
Suite_14,Forward,0,2258,1.99616,0.601301,0,0.161792,0.41152,2.65307,376.921,15000,5120,0.010613
Suite_14,Forward,0,2259,2.01376,0.627074,0,0.161376,0.423968,2.61307,382.691,15000,5248,0.0107467
Suite_14,Forward,0,2260,2.04614,0.616506,0,0.161472,0.408736,2.65754,376.288,15000,5248,0.0108008
Suite_14,Forward,0,2261,2.00521,0.605485,0,0.161472,0.411648,2.67951,373.203,15000,5248,0.0108552
Suite_14,Forward,0,2262,2.01913,0.595272,0,0.161504,0.409536,2.62703,380.658,15000,5248,0.0109101
Suite_14,Forward,0,2263,2.01957,0.596038,0,0.160448,0.409248,2.62871,380.414,15000,5248,0.0109653
Suite_14,Forward,0,2264,1.99895,0.612199,0,0.16128,0.407264,2.63621,379.332,15000,5248,0.0110209
Suite_14,Forward,0,2265,2.00435,0.623866,0,0.15984,0.407968,2.62871,380.415,15000,5120,0.0106684
Suite_14,Forward,0,2266,1.9988,0.631315,0,0.161728,0.413056,2.6646,375.291,15000,5120,0.0107224
Suite_14,Forward,0,2267,1.9924,0.632523,0,0.160288,0.409152,2.64688,377.803,15000,4992,0.0100837
Suite_14,Forward,0,2268,2.02517,0.605243,0,0.161184,0.408096,2.63925,378.896,15000,4992,0.0101341
Suite_14,Forward,0,2269,2.00013,0.605762,0,0.1616,0.409376,2.64693,377.796,15000,4864,0.00983775
Suite_14,Forward,0,2270,2.01384,0.612191,0,0.16048,0.43008,2.62247,381.319,15000,4864,0.00988696
Suite_14,Forward,0,2271,2.02938,0.610321,0,0.161216,0.411648,2.64075,378.681,15000,4736,0.00931658
Suite_14,Forward,0,2272,2.00993,0.604641,0,0.159744,0.407552,2.65461,376.703,15000,4736,0.00936294
Suite_14,Forward,0,2273,2.03545,0.618699,0,0.160128,0.410208,2.63166,379.988,15000,4608,0.00928867
Suite_14,Forward,0,2274,1.97074,0.631876,0,0.160608,0.41152,2.66997,374.536,15000,4608,0.00933501
Suite_14,Forward,0,2275,1.97988,0.626928,0,0.15376,0.403136,2.62289,381.258,15000,4480,0.0090577
Suite_14,Forward,0,2276,2.02477,0.601599,0,0.1536,0.400736,2.63083,380.108,15000,4480,0.00910284
Suite_14,Forward,0,2277,2.00778,0.608962,0,0.15472,0.404672,2.64343,378.296,15000,4608,0.00937327
Suite_14,Forward,0,2278,2.01334,0.634907,0,0.1536,0.403168,2.63286,379.816,15000,4608,0.00942003
Suite_14,Forward,0,2279,2.00178,0.623101,0,0.155232,0.401568,2.66355,375.439,15000,4608,0.00946713
Suite_14,Forward,0,2280,2.00618,0.594604,0,0.154208,0.423936,2.64186,378.521,15000,4608,0.00951457
Suite_14,Forward,0,2281,2.03586,0.620518,0,0.154368,0.403392,2.61684,382.14,15000,4608,0.00956232
Suite_14,Forward,0,2282,1.99733,0.609875,0,0.160736,0.4096,2.67279,374.141,15000,4608,0.00961043
Suite_14,Forward,0,2283,2.01553,0.60503,0,0.152544,0.402624,2.622,381.389,15000,4608,0.00965885
Suite_14,Forward,0,2284,2.02012,0.599454,0,0.1536,0.403456,2.63492,379.518,15000,4608,0.00970762
Suite_14,Forward,0,2285,2.00264,0.619261,0,0.147008,0.39536,2.63572,379.403,15000,4736,0.00998002
Suite_14,Forward,0,2286,2.01347,0.62667,0,0.146208,0.393984,2.63817,379.051,15000,4736,0.0100305
Suite_14,Forward,0,2287,1.9977,0.631386,0,0.147616,0.39696,2.65428,376.75,15000,4608,0.00986188
Suite_14,Forward,0,2288,1.98853,0.627553,0,0.1472,0.395968,2.64537,378.02,15000,4608,0.00991197
Suite_14,Forward,0,2289,2.01235,0.597316,0,0.147456,0.396064,2.63275,379.831,15000,4608,0.00996241
Suite_14,Forward,0,2290,2.00785,0.677299,0,0.147872,0.397312,2.6248,380.982,15000,4736,0.0101178
Suite_14,Forward,0,2291,2.04478,0.659276,0,0.147712,0.421888,2.7048,369.713,15000,4736,0.0101519
Suite_14,Forward,0,2292,2.02518,0.60527,0,0.147456,0.395744,2.72843,366.511,15000,4736,0.0102035
Suite_14,Forward,0,2293,2.00027,0.61016,0,0.147968,0.394112,2.64892,377.512,15000,4608,0.00968986
Suite_14,Forward,0,2294,2.03312,0.611547,0,0.147456,0.397344,2.62673,380.702,15000,4736,0.00979125
Suite_14,Forward,0,2295,1.972,0.643671,0,0.147808,0.397312,2.65944,376.02,15000,4736,0.00984079
Suite_14,Forward,0,2296,1.98626,0.633562,0,0.148544,0.393632,2.63063,380.136,15000,4736,0.00989066
Suite_14,Forward,0,2297,2.03246,0.626549,0,0.147456,0.396416,2.63576,379.397,15000,4736,0.00994088
Suite_14,Forward,0,2298,2.00626,0.617638,0,0.149344,0.39936,2.67676,373.585,15000,4736,0.00999143
Suite_14,Forward,0,2299,2.01169,0.627116,0,0.147936,0.400384,2.64013,378.769,15000,4736,0.0100423
Suite_14,Forward,0,2300,1.99648,0.596441,0,0.147488,0.397312,2.65386,376.81,15000,4736,0.0100936
Suite_14,Forward,0,2301,1.99915,0.608386,0,0.1488,0.418048,2.61043,383.079,15000,4736,0.0101452
Suite_14,Forward,0,2302,2.03941,0.610219,0,0.147776,0.397376,2.62281,381.27,15000,4736,0.0101971
Suite_14,Forward,0,2303,1.99728,0.602936,0,0.148832,0.397664,2.66382,375.4,15000,4736,0.0102494
Suite_14,Forward,0,2304,2.01265,0.600904,0,0.149472,0.399936,2.61483,382.434,15000,4736,0.0103021
Suite_14,Forward,0,2305,2.02323,0.61026,0,0.1488,0.39696,2.62928,380.332,15000,4608,0.00968772
Suite_14,Forward,0,2306,2.00514,0.60834,0,0.148224,0.401408,2.64876,377.535,15000,4608,0.00973719
Suite_14,Forward,0,2307,2.01786,0.634881,0,0.147712,0.398336,2.63308,379.783,15000,4608,0.00978699
Suite_14,Forward,0,2308,2.0003,0.625084,0,0.149216,0.401344,2.66715,374.932,15000,4608,0.00983713
Suite_14,Forward,0,2309,1.98769,0.630526,0,0.148224,0.39984,2.64385,378.236,15000,4864,0.0100196
Suite_14,Forward,0,2310,2.01942,0.608697,0,0.148096,0.397824,2.63403,379.647,15000,4864,0.010071
Suite_14,Forward,0,2311,2.01367,0.610144,0,0.149504,0.39952,2.64329,378.316,15000,5120,0.0105596
Suite_14,Forward,0,2312,2.01694,0.604696,0,0.14928,0.417792,2.63923,378.899,15000,5120,0.0106137
Suite_14,Forward,0,2313,2.01923,0.601299,0,0.147936,0.397312,2.63867,378.979,15000,5120,0.0106682
Suite_14,Forward,0,2314,2.0051,0.610191,0,0.149504,0.397312,2.63646,379.296,15000,5504,0.0113921
Suite_14,Forward,0,2315,2.03895,0.622203,0,0.149504,0.397312,2.63071,380.126,15000,5632,0.0116232
Suite_14,Forward,0,2316,1.97694,0.638639,0,0.150624,0.399424,2.67623,373.661,15000,5632,0.0116823
Suite_14,Forward,0,2317,1.98713,0.640904,0,0.14928,0.397056,2.63252,379.865,15000,5760,0.0118071
Suite_14,Forward,0,2318,2.02471,0.627743,0,0.149504,0.398432,2.64387,378.233,15000,5888,0.0119208
Suite_14,Forward,0,2319,2.01028,0.626533,0,0.14944,0.400928,2.66723,374.922,15000,5888,0.0119816
Suite_14,Forward,0,2320,2.01905,0.624152,0,0.150016,0.39936,2.65256,376.995,15000,5888,0.0120429
Suite_14,Forward,0,2321,2.00029,0.621117,0,0.150624,0.399072,2.66396,375.381,15000,5888,0.0121045
Suite_14,Forward,0,2322,2.00771,0.612868,0,0.15056,0.42192,2.63876,378.965,15000,5888,0.0121666
Suite_14,Forward,0,2323,2.04448,0.627607,0,0.150912,0.39968,2.63648,379.294,15000,5888,0.012229
Suite_14,Forward,0,2324,2.00342,0.625514,0,0.15056,0.400448,2.68753,372.089,15000,6016,0.0125175
Suite_14,Forward,0,2325,2.02142,0.602969,0,0.150816,0.399584,2.64661,377.841,15000,5888,0.0118715
Suite_14,Forward,0,2326,2.02806,0.60982,0,0.151104,0.400832,2.63992,378.799,15000,6016,0.0120621
Suite_14,Forward,0,2327,2.00424,0.611275,0,0.150528,0.39792,2.65305,376.925,15000,6016,0.0121236
Suite_14,Forward,0,2328,2.01642,0.656762,0,0.14336,0.391296,2.63098,380.086,15000,6016,0.0121854
Suite_14,Forward,0,2329,2.00438,0.639857,0,0.144736,0.3936,2.69034,371.7,15000,6144,0.0123646
Suite_14,Forward,0,2330,1.98981,0.662509,0,0.14352,0.395392,2.66244,375.595,15000,6144,0.0124277
Suite_14,Forward,0,2331,2.02857,0.610929,0,0.144704,0.393088,2.66759,374.869,15000,6528,0.0131471
Suite_14,Forward,0,2332,2.0082,0.625017,0,0.1448,0.394624,2.65437,376.738,15000,6528,0.0126932
Suite_14,Forward,0,2333,2.02474,0.615883,0,0.145216,0.39216,2.65069,377.26,15000,6912,0.0130046
Suite_14,Forward,0,2334,2.03291,0.620368,0,0.144224,0.397312,2.65672,376.404,15000,7040,0.0133365
Suite_14,Forward,0,2335,2.01613,0.648365,0,0.145376,0.397536,2.67001,374.53,15000,6912,0.0130367
Suite_14,Forward,0,2336,2.05286,0.633336,0,0.144,0.393184,2.68186,372.876,15000,7040,0.0133151
Suite_14,Forward,0,2337,2.01231,0.62239,0,0.145312,0.3976,2.70397,369.826,15000,7040,0.0133819
Suite_14,Forward,0,2338,2.0231,0.607629,0,0.145408,0.393248,2.65193,377.083,15000,7040,0.0134492
Suite_14,Forward,0,2339,2.03125,0.64938,0,0.153216,0.40384,2.6457,377.971,15000,7168,0.0136063
Suite_14,Forward,0,2340,2.01823,0.614989,0,0.152416,0.402816,2.69608,370.909,15000,7296,0.0141003
Suite_14,Forward,0,2341,2.03023,0.639655,0,0.153152,0.401408,2.65205,377.067,15000,7296,0.0141712
Suite_14,Forward,0,2342,2.01169,0.64189,0,0.152256,0.405696,2.68654,372.226,15000,7296,0.0142426
Suite_14,Forward,0,2343,2.00232,0.646227,0,0.146592,0.39728,2.67052,374.459,15000,7424,0.0146309
Suite_14,Forward,0,2344,2.03314,0.618121,0,0.139264,0.393216,2.66502,375.232,15000,7552,0.0147692
Suite_14,Forward,0,2345,2.01648,0.621976,0,0.139264,0.388736,2.66837,374.761,15000,7680,0.0150483
Suite_14,Forward,0,2346,2.03037,0.612903,0,0.145408,0.39936,2.65584,376.529,15000,7936,0.0153898
Suite_14,Forward,0,2347,2.02914,0.618124,0,0.139424,0.387392,2.65908,376.069,15000,7808,0.0148429
Suite_14,Forward,0,2348,2.01457,0.605028,0,0.13936,0.387648,2.66255,375.58,15000,8064,0.0153994
Suite_14,Forward,0,2349,2.04968,0.804818,0,1.66093,1.90723,2.64642,377.87,15000,8192,0.0155382
Suite_14,Forward,0,2350,2.01838,0.62342,0,0.139968,0.391136,2.87211,348.176,15000,8192,0.0156162
Suite_14,Forward,0,2351,2.02752,0.615238,0,0.140576,0.391168,2.65998,375.943,15000,8192,0.0156947
Suite_14,Forward,0,2352,2.03309,0.606713,0,0.14096,0.391168,2.65883,376.105,15000,8448,0.0161759
Suite_14,Forward,0,2353,2.01629,0.648479,0,0.140256,0.389632,2.65694,376.373,15000,8576,0.016742
Suite_14,Forward,0,2354,2.03634,0.64401,0,0.140864,0.389344,2.68291,372.729,15000,8960,0.0172814
Suite_14,Forward,0,2355,2.01761,0.645389,0,0.147456,0.3992,2.69601,370.919,15000,9216,0.0180579
Suite_14,Forward,0,2356,2.01063,0.64318,0,0.148832,0.396096,2.68082,373.02,15000,9216,0.0181479
Suite_14,Forward,0,2357,2.04603,0.611627,0,0.15088,0.403264,2.67286,374.132,15000,9728,0.0190394
Suite_14,Forward,0,2358,2.02633,0.620903,0,0.150112,0.399712,2.67529,373.791,15000,10112,0.0195973
Suite_14,Forward,0,2359,2.04206,0.659045,0,0.149536,0.398304,2.66456,375.297,15000,10496,0.0206867
Suite_14,Forward,0,2360,2.0307,0.636143,0,0.149792,0.402144,2.71823,367.887,15000,10624,0.0209165
Suite_14,Forward,0,2361,2.03193,0.622644,0,0.150048,0.423936,2.68691,372.175,15000,10752,0.021523
Suite_14,Forward,0,2362,2.06452,0.62467,0,0.149472,0.39936,2.67228,374.212,15000,11392,0.0237998
Suite_14,Forward,0,2363,2.03302,0.634814,0,0.150624,0.401408,2.706,369.55,15000,11648,0.0245163
Suite_14,Forward,0,2364,2.04111,0.623052,0,0.150784,0.421888,2.68563,372.353,15000,11648,0.0246351
Suite_14,Forward,0,2365,2.04977,0.649558,0,0.151552,0.402336,2.68282,372.741,15000,11776,0.0251095
Suite_14,Forward,0,2366,2.0345,0.627327,0,0.15168,0.404928,2.71736,368.005,15000,12160,0.02572
Suite_14,Forward,0,2367,2.0742,0.67674,0,0.151776,0.404032,2.6796,373.19,15000,12288,0.0259715
Suite_14,Forward,0,2368,2.02982,0.659102,0,0.1536,0.4048,2.77011,360.997,15000,12544,0.0265261
Suite_14,Forward,0,2369,2.05157,0.627777,0,0.153728,0.404928,2.71488,368.34,15000,12800,0.0272665
Suite_14,Forward,0,2370,2.05491,0.614824,0,0.155104,0.404864,2.69801,370.644,15000,12928,0.0274531
Suite_14,Forward,0,2371,2.04109,0.639149,0,0.1536,0.406368,2.68691,372.174,15000,12928,0.0275858
Suite_14,Forward,0,2372,2.05708,0.674099,0,0.15456,0.405792,2.69842,370.588,15000,13184,0.0282609
Suite_14,Forward,0,2373,2.04066,0.685056,0,0.154464,0.405888,2.75276,363.272,15000,13568,0.0287904
Suite_14,Forward,0,2374,2.03536,0.653012,0,0.155648,0.406304,2.74652,364.097,15000,13952,0.0294297
Suite_14,Forward,0,2375,2.06372,0.655913,0,0.164032,0.416096,2.70631,369.507,15000,14336,0.0300517
Suite_14,Forward,0,2376,2.05277,0.632743,0,0.165792,0.418912,2.73785,365.25,15000,14848,0.031204
Suite_14,Forward,0,2377,2.06054,0.647745,0,0.166336,0.417952,2.7066,369.467,15000,15360,0.0326533
Suite_14,Forward,0,2378,2.0482,0.63168,0,0.165888,0.420512,2.73144,366.108,15000,16000,0.033664
Suite_14,Forward,0,2379,2.05827,0.6459,0,0.168224,0.41984,2.69988,370.387,15000,16640,0.0352794
Suite_14,Forward,0,2380,2.07527,0.611108,0,0.169504,0.421888,2.72265,367.29,15000,17024,0.0363889
Suite_14,Forward,0,2381,2.06461,0.637132,0,0.169472,0.419456,2.70725,369.378,15000,17664,0.0377117
Suite_14,Forward,0,2382,2.07491,0.605092,0,0.1688,0.419072,2.72379,367.135,15000,17920,0.0381179
Suite_14,Forward,0,2383,2.07947,0.633561,0,0.169984,0.421984,2.69868,370.552,15000,18304,0.0386367
Suite_14,Forward,0,2384,2.06663,0.602955,0,0.172032,0.44848,2.73383,365.787,15000,18688,0.0395002
Suite_14,Forward,0,2385,2.10144,0.627795,0,0.170656,0.42288,2.69052,371.675,15000,19072,0.0404949
Suite_14,Forward,0,2386,2.06401,0.628273,0,0.17168,0.423936,2.74993,363.646,15000,19712,0.0412502
Suite_14,Forward,0,2387,2.08127,0.611626,0,0.180032,0.45024,2.71226,368.697,15000,20352,0.0424863
Suite_14,Forward,0,2388,2.08954,0.619708,0,0.188416,0.4416,2.71238,368.68,15000,20608,0.0430481
Suite_14,Forward,0,2389,2.07844,0.662584,0,0.205184,0.454656,2.73169,366.073,15000,21504,0.0448399
Suite_14,Forward,0,2390,2.11337,0.635419,0,0.205088,0.456672,2.76327,361.89,15000,21760,0.0454168
Suite_14,Forward,0,2391,2.07883,0.622122,0,0.207296,0.45904,2.77047,360.949,15000,22400,0.0464161
Suite_14,Forward,0,2392,2.09713,0.624101,0,0.217088,0.469216,2.72258,367.299,15000,22784,0.0469139
Suite_14,Forward,0,2393,2.10457,0.620375,0,0.218336,0.468992,2.74386,364.45,15000,23168,0.0472662
Suite_14,Forward,0,2394,2.08644,0.617966,0,0.221184,0.471008,2.74706,364.025,15000,23552,0.0479732
Suite_14,Forward,0,2395,2.12324,0.634818,0,0.220256,0.471488,2.73013,366.283,15000,23808,0.0488426
Suite_14,Forward,0,2396,2.06234,0.670762,0,0.221184,0.47584,2.78021,359.685,15000,24576,0.0503158
Suite_14,Forward,0,2397,2.11046,0.652719,0,0.223232,0.472448,2.75875,362.483,15000,25216,0.0516215
Suite_14,Forward,0,2398,2.1201,0.6394,0,0.223232,0.475232,2.78662,358.858,15000,26624,0.053717
Suite_14,Forward,0,2399,2.10662,0.626971,0,0.22528,0.474656,2.78164,359.5,15000,27520,0.056383
Suite_14,Forward,0,2400,2.15027,0.628842,0,0.231936,0.483424,2.75689,362.728,15000,28544,0.0585711
Suite_14,Forward,0,2401,2.08495,0.658186,0,0.233728,0.488736,2.81043,355.818,15000,29696,0.0608939
Suite_14,Forward,0,2402,2.12947,0.689071,0,0.23552,0.491392,2.76902,361.139,15000,29824,0.0617725
Suite_14,Forward,0,2403,2.17938,0.684302,0,0.237792,0.489984,2.84725,351.216,15000,31360,0.0639466
Suite_14,Forward,0,2404,2.13376,0.621934,0,0.238336,0.493568,2.89346,345.606,15000,32000,0.0654117
Suite_14,Forward,0,2405,2.17129,0.669563,0,0.240288,0.49152,2.78458,359.12,15000,32768,0.0665769
Suite_14,Forward,0,2406,2.13005,0.639361,0,0.259744,0.511904,2.87125,348.28,15000,33536,0.0693755
Suite_14,Forward,0,2407,2.14458,0.635933,0,0.260096,0.532736,2.79484,357.802,15000,33920,0.0707257
Suite_14,Forward,0,2408,2.1501,0.663481,0,0.263808,0.515776,2.80541,356.454,15000,35072,0.0724324
Suite_14,Forward,0,2409,2.16211,0.659759,0,0.267648,0.516096,2.84185,351.883,15000,36992,0.0764232
Suite_14,Forward,0,2410,2.20708,0.647887,0,0.267104,0.51856,2.85165,350.675,15000,38016,0.0780831
Suite_14,Forward,0,2411,2.1553,0.653918,0,0.268192,0.52224,2.88267,346.9,15000,39168,0.0802418
Suite_14,Forward,0,2412,2.17811,0.651004,0,0.268288,0.518208,2.83664,352.53,15000,41088,0.0828629
Suite_14,Forward,0,2413,2.15153,0.64308,0,0.271392,0.524224,2.85806,349.887,15000,41856,0.0843451
Suite_14,Forward,0,2414,2.16547,0.657817,0,0.273568,0.523616,2.82561,353.906,15000,42880,0.0854648
Suite_14,Forward,0,2415,2.18856,0.633259,0,0.274432,0.528384,2.85211,350.618,15000,44416,0.0888785
Suite_14,Forward,0,2416,2.17476,0.642888,0,0.27728,0.5304,2.8501,350.865,15000,45696,0.091759
Suite_14,Forward,0,2417,2.20009,0.660871,0,0.276672,0.53088,2.85043,350.825,15000,47104,0.0948702
Suite_14,Forward,0,2418,2.1906,0.661969,0,0.278528,0.530432,2.89186,345.799,15000,48384,0.0980656
Suite_14,Forward,0,2419,2.18219,0.663984,0,0.280576,0.531008,2.88525,346.59,15000,50176,0.100713
Suite_14,Forward,0,2420,2.24705,0.690987,0,0.283168,0.538624,2.87724,347.555,15000,52224,0.104301
Suite_14,Forward,0,2421,2.23505,0.68423,0,0.294112,0.567264,2.9758,336.044,15000,53504,0.106807
Suite_14,Forward,0,2422,2.27224,0.669871,0,0.305184,0.55936,2.9577,338.1,15000,55040,0.108386
Suite_14,Forward,0,2423,2.22843,0.660068,0,0.309248,0.564096,2.97594,336.028,15000,56576,0.111383
Suite_14,Forward,0,2424,2.24608,0.666803,0,0.32128,0.573376,2.92211,342.219,15000,57984,0.114327
Suite_14,Forward,0,2425,2.22296,0.666476,0,0.331776,0.58368,2.95715,338.164,15000,59264,0.116822
Suite_14,Forward,0,2426,2.22291,0.672227,0,0.338912,0.591392,2.94127,339.989,15000,60672,0.119696
Suite_14,Forward,0,2427,2.25845,0.786275,0,0.354624,0.605248,2.92996,341.301,15000,61568,0.120668
Suite_14,Forward,0,2428,2.24991,0.69168,0,0.342016,0.617312,3.07915,324.765,15000,62592,0.122907
Suite_14,Forward,0,2429,2.28439,0.698992,0,0.344032,0.598144,2.98237,335.304,15000,63872,0.12503
Suite_14,Forward,0,2430,2.25206,0.643757,0,0.344576,0.601312,3.02123,330.99,15000,65536,0.128359
Suite_14,Forward,0,2431,2.27899,0.687214,0,0.362496,0.618496,2.93327,340.917,15000,66560,0.129906
Suite_14,Forward,0,2432,2.25935,0.650658,0,0.359264,0.617216,3.00175,333.139,15000,67712,0.13176
Suite_14,Forward,0,2433,2.25826,0.680972,0,0.370976,0.627712,2.96652,337.095,15000,70144,0.135254
Suite_14,Forward,0,2434,2.29608,0.644739,0,0.386976,0.643616,2.97709,335.898,15000,72064,0.137784
Suite_14,Forward,0,2435,2.28823,0.691884,0,0.385504,0.666048,2.98212,335.332,15000,73856,0.141036
Suite_14,Forward,0,2436,2.34443,0.680511,0,0.403136,0.657408,3.01923,331.211,15000,75904,0.145438
Suite_14,Forward,0,2437,2.30382,0.727742,0,0.40224,0.658784,3.06768,325.979,15000,77184,0.147945
Suite_14,Forward,0,2438,2.32438,0.732309,0,0.417152,0.673792,3.07283,325.433,15000,79232,0.151426
Suite_14,Forward,0,2439,2.28665,0.772691,0,0.416736,0.670976,3.11219,321.317,15000,81536,0.154705
Suite_14,Forward,0,2440,2.34607,0.71839,0,0.430784,0.684832,3.10381,322.185,15000,83584,0.159134
Suite_14,Forward,0,2441,2.36179,0.793496,0,0.442944,0.700832,3.11059,321.482,15000,85504,0.162149
Suite_14,Forward,0,2442,2.35026,0.810694,0,0.446464,0.72256,3.24293,308.363,15000,87040,0.164237
Suite_14,Forward,0,2443,2.3979,0.761411,0,0.451712,0.706656,3.21115,311.415,15000,89216,0.169931
Suite_14,Forward,0,2444,2.36989,0.777928,0,0.44912,0.708608,3.2064,311.876,15000,91264,0.17324
Suite_14,Forward,0,2445,2.39147,0.738061,0,0.456704,0.7128,3.19853,312.644,15000,92416,0.175708
Suite_14,Forward,0,2446,2.37655,0.727342,0,0.462272,0.7384,3.17469,314.991,15000,94208,0.17798
Suite_14,Forward,0,2447,2.46914,0.808515,0,0.46304,0.719648,3.1556,316.897,15000,95872,0.179976
Suite_14,Forward,0,2448,2.40979,0.755351,0,0.468832,0.726144,3.32734,300.541,15000,98560,0.184877
Suite_14,Forward,0,2449,2.44741,0.766051,0,0.4792,0.73728,3.21513,311.03,15000,101888,0.190675
Suite_14,Forward,0,2450,2.41235,0.774198,0,0.499712,0.752416,3.26358,306.412,15000,103680,0.195035
Suite_14,Forward,0,2451,2.4299,0.803308,0,0.497856,0.757632,3.23745,308.885,15000,105216,0.197154
Suite_14,Forward,0,2452,2.39162,0.835066,0,0.796064,1.05136,3.28502,304.413,15000,108800,0.204886
Suite_14,Forward,0,2453,2.44419,0.758049,0,0.53056,0.78848,3.28294,304.605,15000,110976,0.20793
Suite_14,Forward,0,2454,2.42849,0.797884,0,0.535296,0.79136,3.25501,307.219,15000,113920,0.212961
Suite_14,Forward,0,2455,2.46018,0.757755,0,0.54272,0.79712,3.28168,304.722,15000,115968,0.216084
Suite_14,Forward,0,2456,2.46766,0.776052,0,0.55568,0.814912,3.27147,305.673,15000,118528,0.219401
Suite_14,Forward,0,2457,2.48128,0.77229,0,0.56608,0.825376,3.3179,301.395,15000,121088,0.223349
Suite_14,Forward,0,2458,2.49721,0.811953,0,0.569504,0.829152,3.30867,302.236,15000,124288,0.228918
Suite_14,Forward,0,2459,2.4895,0.815598,0,0.571648,0.851968,3.37092,296.655,15000,128896,0.235468
Suite_14,Forward,0,2460,2.5354,0.770936,0,0.589824,0.849568,3.36305,297.349,15000,131584,0.241022
Suite_14,Forward,0,2461,2.50655,0.820292,0,0.59984,0.884128,3.38147,295.73,15000,134912,0.246963
Suite_14,Forward,0,2462,2.55455,0.768237,0,0.602112,0.862208,3.38828,295.135,15000,139264,0.253925
Suite_14,Forward,0,2463,2.55282,0.820492,0,0.610944,0.893888,3.39002,294.983,15000,142592,0.260361
Suite_14,Forward,0,2464,2.58832,0.760495,0,0.616448,0.876544,3.43724,290.931,15000,146688,0.271148
Suite_14,Forward,0,2465,2.5722,0.820261,0,0.6264,0.910976,3.42252,292.182,15000,149888,0.276105
Suite_14,Forward,0,2466,2.59782,0.77629,0,0.630784,0.891136,3.45814,289.173,15000,154240,0.28211
Suite_14,Forward,0,2467,2.59385,0.830927,0,0.639936,0.925376,3.43891,290.79,15000,157568,0.286683
Suite_14,Forward,0,2468,2.62398,0.852095,0,0.6744,0.928544,3.49246,286.331,15000,161408,0.291364
Suite_14,Forward,0,2469,2.62449,0.855492,0,0.666592,0.951392,3.55198,281.533,15000,164992,0.296597
Suite_14,Forward,0,2470,2.65872,0.829078,0,0.696448,0.958464,3.55125,281.591,15000,169472,0.302013
Suite_14,Forward,0,2471,2.66198,0.869133,0,0.708672,0.971616,3.56043,280.865,15000,173184,0.306372
Suite_14,Forward,0,2472,2.69008,0.928268,0,0.704032,0.964608,3.60486,277.403,15000,176000,0.310953
Suite_14,Forward,0,2473,2.70697,0.837509,0,0.712704,0.969632,3.70284,270.063,15000,179840,0.31639
Suite_14,Forward,0,2474,2.72332,0.884953,0,0.732832,0.994432,3.62041,276.212,15000,184960,0.323159
Suite_14,Forward,0,2475,2.73146,0.857433,0,0.733152,0.99328,3.68659,271.254,15000,189056,0.329185
Suite_14,Forward,0,2476,2.72152,0.863471,0,0.739328,1.00333,3.6662,272.762,15000,193152,0.334938
Suite_14,Forward,0,2477,2.74817,0.877399,0,0.768,1.03011,3.66737,272.675,15000,196224,0.341388
Suite_14,Forward,0,2478,2.71465,0.90494,0,0.77824,1.03926,3.72125,268.727,15000,199680,0.345711
Suite_14,Forward,0,2479,2.80148,0.870256,0,0.781408,1.04336,3.70289,270.059,15000,204672,0.354941
Suite_14,Forward,0,2480,2.77009,0.888518,0,1.0121,1.26778,3.76157,265.847,15000,209152,0.360819
Suite_14,Forward,0,2481,2.83938,0.868271,0,0.796672,1.05731,3.74528,267.002,15000,212224,0.366433
Suite_14,Forward,0,2482,2.79764,0.883809,0,0.810816,1.0711,3.79732,263.343,15000,215808,0.373178
Suite_14,Forward,0,2483,2.85777,3.49838,0,0.83392,1.09722,3.76831,265.371,15000,220544,0.379624
Suite_14,Forward,0,2484,2.90271,0.895393,0,0.843904,1.10736,6.44824,155.081,15000,225792,0.387439
Suite_14,Forward,0,2485,2.86338,0.944787,0,0.899904,1.16326,3.8917,256.957,15000,231552,0.395977
Suite_14,Forward,0,2486,2.90612,0.908708,0,0.919552,1.18368,3.90489,256.089,15000,236800,0.403686
Suite_14,Forward,0,2487,2.92777,0.8936,0,0.932544,1.19574,3.96035,252.503,15000,241664,0.411307
Suite_14,Forward,0,2488,2.92429,0.929958,0,0.940928,1.20045,3.92022,255.088,15000,247296,0.420939
Suite_14,Forward,0,2489,2.93529,0.957785,0,0.9496,1.21264,3.95615,252.771,15000,251520,0.427959
Suite_14,Forward,0,2490,2.93264,0.956433,0,1.18579,1.44179,3.99432,250.356,15000,256512,0.436986
Suite_14,Forward,0,2491,3.00179,0.921225,0,0.972224,1.23635,3.99999,250.001,15000,262016,0.444564
Suite_14,Forward,0,2492,2.97417,0.963336,0,0.994624,1.81664,4.03668,247.729,15000,268032,0.456305
Suite_14,Forward,0,2493,3.04244,1.05763,0,1.04826,1.31072,4.04512,247.212,15000,274176,0.46448
Suite_14,Forward,0,2494,3.04293,0.98438,0,1.05882,2.8337,4.21382,237.314,15000,280192,0.471678
Suite_14,Forward,0,2495,3.02159,0.979645,0,1.11427,1.4,4.13579,241.792,15000,285184,0.478308
Suite_14,Forward,0,2496,3.09954,0.941265,0,1.15494,1.59267,4.11713,242.888,15000,290560,0.486191
Suite_14,Forward,0,2497,3.07019,1.01132,0,1.18339,2.00589,4.16876,239.88,15000,296832,0.495255
Suite_14,Forward,0,2498,3.12094,0.998028,0,1.26976,1.70269,4.20245,237.956,15000,301952,0.503715
Suite_14,Forward,0,2499,3.13595,0.986314,0,1.26157,3.04013,4.23965,235.869,15000,307200,0.512155
Suite_14,Forward,0,2500,3.0995,0.998018,0,1.30253,2.12947,4.23913,235.897,15000,312320,0.518624
Suite_14,Forward,0,2501,3.18066,0.965803,0,1.33498,1.77152,4.22491,236.692,15000,319104,0.527592
Suite_14,Forward,0,2502,3.16017,1.015,0,1.3783,2.20374,4.27189,234.089,15000,324352,0.53742
Suite_14,Forward,0,2503,3.20067,1.02188,0,1.38419,1.64454,4.30069,232.521,15000,331520,0.547613
Suite_14,Forward,0,2504,3.24091,1.00214,0,1.41293,1.84947,4.35099,229.833,15000,338176,0.55659
Suite_14,Forward,0,2505,3.21565,1.01691,0,1.5432,1.8016,4.37328,228.661,15000,344832,0.566125
Suite_14,Forward,0,2506,3.25345,1.03502,0,1.49107,1.75514,4.39441,227.562,15000,351232,0.577035
Suite_14,Forward,0,2507,3.27001,1.05945,0,1.54214,3.31923,4.42638,225.918,15000,356992,0.585994
Suite_14,Forward,0,2508,3.24122,1.06666,0,1.57389,2.41066,4.48377,223.027,15000,363904,0.596681
Suite_14,Forward,0,2509,3.34369,1.04254,0,1.63696,1.89715,4.45376,224.529,15000,371712,0.608024
Suite_14,Forward,0,2510,3.34719,1.06912,0,1.66045,3.43699,4.52845,220.826,15000,378112,0.620227
Suite_14,Forward,0,2511,3.32438,1.09156,0,1.86368,2.71584,4.56342,219.134,15000,385152,0.629125
Suite_14,Forward,0,2512,3.42327,1.06944,0,1.74944,2.18742,4.56037,219.281,15000,392320,0.641292
Suite_14,Forward,0,2513,3.41921,1.10018,0,1.7447,3.51405,4.64775,215.158,15000,399488,0.651207
Suite_14,Forward,0,2514,3.39751,1.12353,0,1.79798,2.65786,4.67943,213.701,15000,405888,0.660475
Suite_14,Forward,0,2515,3.45698,1.12631,0,1.80198,2.06438,4.67643,213.838,15000,411520,0.671713
Suite_14,Forward,0,2516,3.46713,1.12243,0,1.82534,3.60454,4.74152,210.903,15000,419328,0.685043
Suite_14,Forward,0,2517,3.43805,1.1702,0,2.08045,2.91261,4.79116,208.718,15000,426112,0.695515
Suite_14,Forward,0,2518,3.53259,1.12731,0,1.90304,2.16432,4.78998,208.769,15000,434048,0.705517
Suite_14,Forward,0,2519,3.52777,1.1577,0,2.00816,2.44122,4.82378,207.306,15000,441984,0.714837
Suite_14,Forward,0,2520,3.55691,1.21461,0,2.05382,2.88154,4.86205,205.675,15000,448512,0.723796
Suite_14,Forward,0,2521,3.58277,1.17188,0,2.52128,3.41197,4.94991,202.024,15000,453760,0.73221
Suite_14,Forward,0,2522,3.63385,1.23812,0,2.16163,2.42467,4.92862,202.897,15000,460672,0.740779
Suite_14,Forward,0,2523,3.6477,1.27098,0,2.16538,2.42278,5.04851,198.078,15000,468480,0.754485
Suite_14,Forward,0,2524,3.64498,1.25838,0,2.19955,5.04832,5.09455,196.288,15000,476288,0.767865
Suite_14,Forward,0,2525,3.73008,1.57418,0,2.22822,3.10029,5.08933,196.49,15000,484864,0.778031
Suite_14,Forward,0,2526,3.74917,1.28708,0,2.26912,4.0489,5.49318,182.044,15000,492928,0.788795
Suite_14,Forward,0,2527,3.74255,1.33258,0,3.4775,3.74,5.24581,190.628,15000,500608,0.79914
Suite_14,Forward,0,2528,3.74565,1.30512,0,2.31219,3.13795,5.26297,190.007,15000,509824,0.813113
Suite_14,Forward,0,2529,3.75629,1.3834,0,2.33091,3.24118,5.26918,189.783,15000,516608,0.824698
Suite_14,Forward,0,2530,3.83533,1.30267,0,2.38797,2.64858,5.33608,187.404,15000,523008,0.838555
Suite_14,Forward,0,2531,3.83984,1.32529,0,2.46682,2.90406,5.33529,187.431,15000,532352,0.854086
Suite_14,Forward,0,2532,3.79665,1.36244,0,3.44877,4.26326,5.39294,185.428,15000,538624,0.863062
Suite_14,Forward,0,2533,3.84449,1.2267,0,2.52854,3.35238,5.35971,186.577,15000,546432,0.874062
Suite_14,Forward,0,2534,3.87474,1.24377,0,2.58867,4.90307,5.28401,189.25,15000,555776,0.887555
Suite_14,Forward,0,2535,3.8943,1.28728,0,3.30752,3.59776,5.32866,187.664,15000,563712,0.901405
Suite_14,Forward,0,2536,3.88887,1.34695,0,2.65264,3.49581,5.39606,185.321,15000,571776,0.912618
Suite_14,Forward,0,2537,3.90499,1.24738,0,2.70461,4.0977,5.45007,183.484,15000,580224,0.92464
Suite_14,Forward,0,2538,3.94514,1.42653,0,2.70323,3.5328,5.36742,186.309,15000,587520,0.933916
Suite_14,Forward,0,2539,4.0179,1.35927,0,2.76685,3.71427,5.58888,178.927,15000,594944,0.945525
Suite_14,Forward,0,2540,4.02636,1.33087,0,2.7648,3.02826,5.61041,178.24,15000,602624,0.961235
Suite_14,Forward,0,2541,3.97818,1.31673,0,2.79805,3.23267,5.58728,178.978,15000,609152,0.972106
Suite_14,Forward,0,2542,3.9855,1.35685,0,2.81856,3.64339,5.5548,180.025,15000,617600,0.986251
Suite_14,Forward,0,2543,4.06107,1.35113,0,2.8631,4.26304,5.60277,178.483,15000,625536,0.994614
Suite_14,Forward,0,2544,4.08566,1.32331,0,2.92762,3.19693,5.64299,177.211,15000,632448,1.00568
Suite_14,Forward,0,2545,4.12516,1.37244,0,2.95731,3.3936,5.65429,176.857,15000,642176,1.02332
Suite_14,Forward,0,2546,4.1386,1.37975,0,3.0208,4.79642,5.72909,174.548,15000,651392,1.03595
Suite_14,Forward,0,2547,4.10445,3.58942,0,4.94838,5.20883,5.78475,172.868,15000,658688,1.04608
Suite_14,Forward,0,2548,4.17051,1.3798,0,3.10893,3.5471,7.94532,125.86,15000,667520,1.05845
Suite_14,Forward,0,2549,4.19082,1.41242,0,3.11686,3.9424,5.80424,172.288,15000,673792,1.06783
Suite_14,Forward,0,2550,4.2218,1.38574,0,3.23827,4.63258,5.90539,169.337,15000,680448,1.07953
Suite_14,Forward,0,2551,4.23729,1.41224,0,3.4193,4.2455,5.86844,170.403,15000,687360,1.08897
Suite_14,Forward,0,2552,4.27635,1.39658,0,3.33034,4.16973,5.91095,169.178,15000,694272,1.10068
Suite_14,Forward,0,2553,4.31783,1.48332,0,3.37638,4.33152,5.96458,167.656,15000,702592,1.11263
Suite_14,Forward,0,2554,4.30591,1.47316,0,4.00371,4.3807,6.05808,165.069,15000,710912,1.12132
Suite_14,Forward,0,2555,4.31554,1.4405,0,3.54461,3.92349,6.04324,165.474,15000,718720,1.13301
Suite_14,Forward,0,2556,4.30096,1.50581,0,3.63446,4.45933,6.02979,165.843,15000,724480,1.14811
Suite_14,Forward,0,2557,4.33706,1.42904,0,3.70896,5.12205,6.06928,164.764,15000,730496,1.16088
Suite_14,Forward,0,2558,4.36521,1.46715,0,3.75664,4.61306,6.05929,165.036,15000,739968,1.17257
Suite_14,Forward,0,2559,4.41467,1.48554,0,3.8303,5.23203,6.10651,163.76,15000,748160,1.18855
Suite_14,Forward,0,2560,4.43417,1.95927,0,3.96902,4.82448,6.17347,161.983,15000,756352,1.20055
Suite_14,Forward,0,2561,4.47565,1.48138,0,3.93245,5.38573,6.67071,149.909,15000,764416,1.21278
Suite_14,Forward,0,2562,4.48453,2.01257,0,3.98938,4.84355,6.23134,160.479,15000,771328,1.22424
Suite_14,Forward,0,2563,4.50035,1.52158,0,5.55363,7.01046,6.91848,144.54,15000,778752,1.23793
Suite_14,Forward,0,2564,4.53469,1.9227,0,4.02432,4.30694,6.32625,158.072,15000,787328,1.25232
Suite_14,Forward,0,2565,4.53893,1.50599,0,4.10029,5.55798,7.07116,141.42,15000,795520,1.27057
Suite_14,Forward,0,2566,4.54691,1.96061,0,4.18013,4.47078,6.33255,157.914,15000,802560,1.28295
Suite_14,Forward,0,2567,4.58311,1.50633,0,4.19226,5.6561,7.13822,140.091,15000,811392,1.30082
Suite_14,Forward,0,2568,4.5839,1.97362,0,4.24554,5.08195,6.38762,156.553,15000,818688,1.31232
Suite_14,Forward,0,2569,4.60715,1.58757,0,5.81741,7.28422,7.25344,137.866,15000,827904,1.32773
Suite_14,Forward,0,2570,4.63317,2.02531,0,4.29654,5.16474,6.50676,153.686,15000,835584,1.33881
Suite_14,Forward,0,2571,4.65786,1.62482,0,4.38829,5.83926,7.42098,134.753,15000,843648,1.353
Suite_14,Forward,0,2572,4.69089,1.84521,0,4.4503,4.74198,6.58318,151.902,15000,851584,1.3649
Suite_14,Forward,0,2573,4.72171,1.57866,0,4.44525,5.89824,7.3634,135.807,15000,859648,1.38138
Suite_14,Forward,0,2574,4.72841,2.14892,0,4.50374,5.37107,6.61704,151.125,15000,866432,1.39266
Suite_14,Forward,0,2575,4.76928,1.56981,0,4.64691,7.52886,7.53881,132.647,15000,875392,1.40642
Suite_14,Forward,0,2576,4.81196,2.11923,0,4.52608,5.38515,6.65161,150.34,15000,882560,1.4224
Suite_14,Forward,0,2577,4.81111,1.61077,0,4.67021,6.12762,7.72267,129.489,15000,890624,1.43585
Suite_14,Forward,0,2578,4.82645,2.13847,0,4.65424,5.5136,6.73941,148.381,15000,895360,1.44489
Suite_14,Forward,0,2579,4.84026,1.62037,0,4.66931,6.0719,7.82664,127.769,15000,902912,1.45734
Suite_14,Forward,0,2580,4.86673,1.90018,0,4.74893,5.5969,6.79842,147.093,15000,910464,1.46896
Suite_14,Forward,0,2581,4.88786,3.88359,0,7.44474,8.33226,7.76367,128.805,15000,918400,1.48116
Suite_14,Forward,0,2582,4.8788,1.70355,0,4.82509,5.6543,9.10531,109.826,15000,925696,1.49344
Suite_14,Forward,0,2583,4.92832,1.66601,0,4.89062,5.78422,6.92053,144.498,15000,933632,1.50579
Suite_14,Forward,0,2584,4.92344,1.89455,0,6.11395,7.06426,6.9669,143.536,15000,939904,1.51414
Suite_14,Forward,0,2585,4.93617,1.85779,0,5.04896,6.53722,7.6982,129.901,15000,947584,1.5326
Suite_14,Forward,0,2586,4.96305,3.58819,0,5.10333,5.95642,7.4948,133.426,15000,953472,1.55041
Suite_14,Forward,0,2587,5.00436,1.68386,0,5.71786,7.12909,9.00973,110.991,15000,961792,1.5636
Suite_14,Forward,0,2588,5.03845,1.68018,0,5.15546,6.584,7.04502,141.944,15000,968064,1.57987
Suite_14,Forward,0,2589,5.04959,2.11884,0,5.22851,6.0744,7.07164,141.41,15000,975104,1.59382
Suite_14,Forward,0,2590,5.05793,1.68338,0,5.82464,7.24509,8.47713,117.964,15000,981376,1.60699
Suite_14,Forward,0,2591,5.08759,1.69311,0,5.39648,6.81328,7.08403,141.163,15000,989056,1.62373
Suite_14,Forward,0,2592,5.10236,2.35534,0,5.31658,6.1911,7.1323,140.207,15000,994560,1.63812
Suite_14,Forward,0,2593,5.07604,1.75289,0,6.54003,7.47101,8.79141,113.747,15000,1001728,1.65484
Suite_14,Forward,0,2594,5.08812,1.71365,0,5.34528,6.83168,7.18417,139.195,15000,1009152,1.6703
Suite_14,Forward,0,2595,5.10426,3.68437,0,5.47021,6.33254,7.54786,132.488,15000,1015424,1.68599
Suite_14,Forward,0,2596,5.13464,1.74324,0,6.1993,7.64323,9.2543,108.058,15000,1023360,1.70024
Suite_14,Forward,0,2597,5.14384,1.75439,0,5.58285,7.0144,7.25395,137.856,15000,1029504,1.71143
Suite_14,Forward,0,2598,5.17475,3.35245,0,5.72669,6.57914,7.65853,130.573,15000,1036160,1.72393
Suite_14,Forward,0,2599,5.17646,1.72358,0,6.90912,8.35994,8.99234,111.206,15000,1040384,1.73664
Suite_14,Forward,0,2600,5.19743,2.00121,0,5.74054,7.22291,7.26697,137.609,15000,1047936,1.75262
Suite_14,Forward,0,2601,5.21905,3.22909,0,5.8864,6.7407,8.55931,116.832,15000,1054976,1.76671
Suite_14,Forward,0,2602,5.23703,1.79391,0,6.3856,7.82131,9.69533,103.142,15000,1060352,1.7794
Suite_14,Forward,0,2603,5.25346,1.81847,0,5.88493,7.32365,7.41108,134.933,15000,1068032,1.79514
Suite_14,Forward,0,2604,5.27525,3.88662,0,6.52698,7.96269,8.03416,124.469,15000,1073536,1.80898
Suite_14,Forward,0,2605,5.28991,1.87609,0,5.9272,8.8105,9.80074,102.033,15000,1080448,1.82387
Suite_14,Forward,0,2606,5.31952,3.09152,0,6.12557,6.97216,8.42373,118.712,15000,1086208,1.83819
Suite_14,Forward,0,2607,5.31895,4.16661,0,6.07232,7.5305,9.39546,106.434,15000,1091328,1.85308
Suite_14,Forward,0,2608,5.35878,1.91997,0,6.17267,7.03693,9.88631,101.15,15000,1096448,1.86594
Suite_14,Forward,0,2609,5.37596,1.84078,0,6.11082,8.92723,8.63478,115.811,15000,1101312,1.87759
Suite_14,Forward,0,2610,5.37094,3.43921,0,7.46038,8.33606,7.66302,130.497,15000,1107584,1.89511
Suite_14,Forward,0,2611,5.38173,2.01716,0,6.19805,7.6384,9.90388,100.97,15000,1112448,1.90974
Suite_14,Forward,0,2612,5.39665,2.10084,0,7.87866,9.3143,8.76994,114.026,15000,1118080,1.92459
Suite_14,Forward,0,2613,5.42549,3.24772,0,6.30189,7.17846,8.65626,115.523,15000,1124096,1.94084
Suite_14,Forward,0,2614,5.42392,1.84891,0,7.47974,8.9368,9.75588,102.502,15000,1128448,1.95607
Suite_14,Forward,0,2615,5.43568,2.56117,0,6.46963,7.95658,7.67858,130.232,15000,1132672,1.97002
Suite_14,Forward,0,2616,5.45597,3.10077,0,6.48378,7.34208,9.35787,106.862,15000,1136896,1.98467
Suite_14,Forward,0,2617,5.46745,1.85986,0,6.54656,8.01197,9.94252,100.578,15000,1143296,1.99702
Suite_14,Forward,0,2618,5.47527,3.1303,0,8.60534,10.1008,7.79134,128.348,15000,1148288,2.00658
Suite_14,Forward,0,2619,5.50035,3.76939,0,6.69562,7.55286,9.01999,110.865,15000,1152896,2.02017
Suite_14,Forward,0,2620,5.51492,1.92566,0,7.85885,9.29382,10.5612,94.6864,15000,1157760,2.03466
Suite_14,Forward,0,2621,5.5304,3.80606,0,6.83392,8.32573,8.00055,124.991,15000,1162624,2.04884
Suite_14,Forward,0,2622,5.54413,3.34354,0,6.86285,7.72854,9.75783,102.482,15000,1164928,2.05648
Suite_14,Forward,0,2623,5.54991,1.9387,0,6.9369,8.38835,10.2899,97.1828,15000,1170048,2.06939
Suite_14,Forward,0,2624,5.55209,3.92345,0,8.48486,9.96787,8.22422,121.592,15000,1174016,2.08563
Suite_14,Forward,0,2625,5.57638,3.46872,0,7.02931,7.89555,9.9,101.01,15000,1178496,2.10165
Suite_14,Forward,0,2626,5.58636,1.96034,0,7.7367,9.18118,10.4341,95.8399,15000,1183616,2.11786
Suite_14,Forward,0,2627,5.6028,3.50918,0,7.29795,8.74906,8.34372,119.851,15000,1187840,2.12908
Suite_14,Forward,0,2628,5.61901,3.74917,0,7.84426,9.20918,9.63931,103.742,15000,1193088,2.14482
Suite_14,Forward,0,2629,5.6527,2.56493,0,7.45805,10.3465,10.795,92.6358,15000,1197696,2.15899
Suite_14,Forward,0,2630,5.64856,4.34359,0,8.64189,9.49658,9.66223,103.496,15000,1203072,2.17201
Suite_14,Forward,0,2631,5.66467,3.55838,0,7.51206,8.97123,10.97,91.158,15000,1207808,2.19
Suite_14,Forward,0,2632,5.68726,2.89603,0,10.2254,11.721,9.93713,100.633,15000,1213056,2.21074
Suite_14,Forward,0,2633,5.69358,5.04528,0,7.67485,8.53821,10.002,99.9804,15000,1218048,2.23109
Suite_14,Forward,0,2634,5.70064,2.00567,0,8.76874,10.216,12.1817,82.0903,15000,1222912,2.2478
Suite_14,Forward,0,2635,5.70479,3.96271,0,7.69638,9.11987,9.01273,110.954,15000,1227136,2.26015
Suite_14,Forward,0,2636,5.7328,3.9333,0,8.40694,9.83898,10.6703,93.7178,15000,1230720,2.277
Suite_14,Forward,0,2637,5.7283,3.10859,0,7.82598,10.6654,11.1312,89.8372,15000,1232896,2.2926
Suite_14,Forward,0,2638,5.72726,4.03454,0,8.57907,9.44653,10.3117,96.9768,15000,1234688,2.30496
Suite_14,Forward,0,2639,5.74473,2.61726,0,7.97958,9.41008,11.2777,88.6708,15000,1236992,2.31973
Suite_14,Forward,0,2640,5.74358,3.17515,0,10.1499,11.6406,9.90007,101.009,15000,1238912,2.32996
Suite_14,Forward,0,2641,5.7621,4.8417,0,8.22074,9.08909,10.4271,95.9041,15000,1241344,2.33815
Suite_14,Forward,0,2642,5.76391,2.20017,0,8.63654,10.0847,12.1341,82.4126,15000,1244288,2.35464
Suite_14,Forward,0,2643,5.76415,3.37608,0,8.14058,9.57226,9.53576,104.868,15000,1246080,2.36726
Suite_14,Forward,0,2644,5.77681,4.26157,0,8.07162,8.93955,10.5408,94.8691,15000,1248256,2.38148
Suite_14,Forward,0,2645,5.77654,2.09917,0,8.0384,9.48006,11.5791,86.3624,15000,1251200,2.39976
Suite_14,Forward,0,2646,5.84065,3.34699,0,9.58874,11.0733,9.43523,105.986,15000,1252480,2.40672
Suite_14,Forward,0,2647,5.85361,4.12516,0,8.0519,8.9151,10.4946,95.2867,15000,1254144,2.41976
Suite_14,Forward,0,2648,5.81984,2.10102,0,8.6817,10.1236,11.549,86.5876,15000,1255808,2.416
Suite_14,Forward,0,2649,5.84405,3.55324,0,8.25274,9.68125,9.37636,106.651,15000,1256832,2.42511
Suite_14,Forward,0,2650,5.86787,4.21597,0,8.35174,9.21587,10.5486,94.7997,15000,1259008,2.43435
Suite_14,Forward,0,2651,5.86728,2.20631,0,8.29645,9.73866,11.6628,85.7424,15000,1258112,2.43243
Suite_14,Forward,0,2652,5.82433,4.47017,0,9.79526,11.2134,9.71093,102.977,15000,1258624,2.44651
Suite_14,Forward,0,2653,5.88883,4.28441,0,8.26134,9.69926,10.7748,92.8094,15000,1259776,2.45907
Suite_14,Forward,0,2654,5.8352,3.26049,0,8.48896,11.3325,11.6442,85.8796,15000,1260928,2.45377
Suite_14,Forward,0,2655,5.87369,4.30072,0,8.2137,9.08083,10.7287,93.2081,15000,1260544,2.46473
Suite_14,Forward,0,2656,5.86168,2.18084,0,8.75053,10.1953,11.8184,84.6142,15000,1262464,2.48425
Suite_14,Forward,0,2657,5.86349,3.22346,0,8.29616,9.79149,9.69803,103.114,15000,1262080,2.49798
Suite_14,Forward,0,2658,5.87017,4.22554,0,8.84736,10.2154,10.6513,93.8853,15000,1262336,2.51104
Suite_14,Forward,0,2659,5.84607,3.14712,0,8.2767,11.1729,11.8014,84.736,15000,1262848,2.52774
Suite_14,Forward,0,2660,5.86686,4.18545,0,8.99674,9.85702,10.6826,93.6103,15000,1264000,2.54397
Suite_14,Forward,0,2661,5.86992,2.74853,0,8.31078,9.77715,11.7276,85.2687,15000,1263744,2.55844
Suite_14,Forward,0,2662,5.86237,3.2018,0,10.3772,11.8866,10.3256,96.8469,15000,1264128,2.56846
Suite_14,Forward,0,2663,5.86951,4.75497,0,8.20432,9.58723,10.7844,92.7267,15000,1263488,2.56857
Suite_14,Forward,0,2664,5.83539,3.01957,0,8.49146,11.3077,12.3935,80.6875,15000,1263616,2.58718
Suite_14,Forward,0,2665,5.87641,4.15116,0,8.252,9.10947,10.5755,94.5583,15000,1263872,2.60848
Suite_14,Forward,0,2666,5.85843,2.60554,0,8.84323,10.2838,11.8076,84.6911,15000,1262848,2.61851
Suite_14,Forward,0,2667,5.85512,3.14366,0,8.30512,9.7961,10.1971,98.0675,15000,1264000,2.64368
Suite_14,Forward,0,2668,5.87412,4.12295,0,8.82064,10.1827,10.7464,93.0545,15000,1263744,2.63318
Suite_14,Forward,0,2669,5.83083,3.04628,0,8.15523,11.0492,11.7933,84.7939,15000,1263360,2.63534
Suite_14,Forward,0,2670,5.86151,3.98185,0,8.86128,9.72362,10.6531,93.8698,15000,1263616,2.65857
Suite_14,Forward,0,2671,5.83463,2.55746,0,8.15606,9.62381,11.6053,86.1673,15000,1263616,2.68011
Suite_14,Forward,0,2672,5.84849,2.98819,0,10.4041,11.8943,10.1918,98.1177,15000,1262848,2.68612
Suite_14,Forward,0,2673,5.83469,4.70981,0,8.15466,9.52237,10.6401,93.9839,15000,1261184,2.69718
Suite_14,Forward,0,2674,5.82491,4.51889,0,8.31462,11.146,12.3505,80.9681,15000,1260672,2.71455
Suite_14,Forward,0,2675,5.8789,3.68839,0,8.14189,9.00477,10.787,92.7041,15000,1259904,2.74298
Suite_14,Forward,0,2676,5.81384,2.49681,0,8.76339,10.2072,11.4198,87.5676,15000,1259392,2.77515
Suite_14,Forward,0,2677,5.83757,2.99916,0,8.20237,9.69098,10.133,98.6872,15000,1258496,2.79745
Suite_14,Forward,0,2678,5.82648,4.51225,0,8.90406,10.2724,10.6664,93.7519,15000,1259264,2.8269
Suite_14,Forward,0,2679,5.80842,3.02437,0,8.17872,11.052,12.2042,81.9389,15000,1257984,2.8677
Suite_14,Forward,0,2680,5.84178,3.94241,0,8.76544,9.61802,10.6954,93.498,15000,1256960,2.89222
Suite_14,Forward,0,2681,5.80429,2.37421,0,8.21206,9.6375,11.6721,85.6747,15000,1254784,2.78058
Suite_14,Forward,0,2682,5.82283,3.04151,0,10.2834,11.7783,10.0329,99.6725,15000,1254272,2.82351
Suite_14,Forward,0,2683,5.79727,4.57431,0,8.13958,8.99555,10.6798,93.6347,15000,1252352,2.83579
Suite_14,Forward,0,2684,5.81104,2.12114,0,8.86726,10.3096,12.2329,81.7467,15000,1250816,2.87337
Suite_14,Forward,0,2685,5.77471,3.70282,0,8.33165,9.75485,9.52661,104.969,15000,1251328,2.89094
Suite_14,Forward,0,2686,5.76339,4.24976,0,8.45606,9.31747,10.67,93.721,15000,1248768,2.94004
Suite_14,Forward,0,2687,5.75012,2.0994,0,8.46234,9.91027,11.9137,83.9367,15000,1245696,2.86496
Suite_14,Forward,0,2688,5.74293,3.52507,0,9.92035,11.374,9.74864,102.578,15000,1244672,2.91585
Suite_14,Forward,0,2689,5.74479,4.16294,0,8.39606,9.8353,10.9491,91.3319,15000,1243008,2.97163
Suite_14,Forward,0,2690,5.73933,3.15868,0,8.60198,11.4391,11.8243,84.5713,15000,1242880,2.99567
Suite_14,Forward,0,2691,5.74195,4.26173,0,8.44182,9.30003,10.8353,92.291,15000,1240192,3.06046
Suite_14,Forward,0,2692,5.78854,2.13866,0,9.40186,10.8462,11.9311,83.8149,15000,1239040,3.07064
Suite_14,Forward,0,2693,5.75104,3.84869,0,8.26451,9.69104,9.91389,100.869,15000,1238528,3.1472
Suite_14,Forward,0,2694,5.77275,3.92048,0,8.84093,10.2666,11.2981,88.5102,15000,1235840,3.23137
Suite_14,Forward,0,2695,5.73609,3.03093,0,8.22346,11.0653,11.6835,85.5905,15000,1233536,3.31917
Suite_14,Forward,0,2696,5.71476,4.59156,0,8.32717,9.18733,10.7162,93.3164,15000,1231744,3.43335
Suite_14,Forward,0,2697,5.72195,2.85289,0,7.97904,9.41952,11.6409,85.9043,15000,1229184,3.55472
Suite_14,Forward,0,2698,5.6906,3.23764,0,9.44013,10.918,9.60195,104.146,15000,1226368,3.65956
Suite_14,Forward,0,2699,5.67983,3.71305,0,7.78771,8.63824,10.4285,95.8908,15000,1222272,3.76154
Suite_14,Forward,0,2700,5.6725,2.01911,0,8.39725,9.83859,11.3575,88.0477,15000,1220352,3.93602
Suite_14,Forward,0,2701,5.65601,3.52135,0,7.78803,9.216,9.10182,109.868,15000,1216512,4.03808
Suite_14,Forward,0,2702,5.65181,3.59326,0,7.78877,8.64061,10.2634,97.4333,15000,1213952,3.57782
Suite_14,Forward,0,2703,5.6292,2.01092,0,8.16144,9.62765,11.2219,89.1118,15000,1208960,3.46802
Suite_14,Forward,0,2704,5.62035,3.8286,0,10.0904,11.5848,9.10925,109.778,15000,1206784,3.84231
Suite_14,Forward,0,2705,5.63359,4.41231,0,7.94438,8.80861,10.6302,94.0714,15000,1204864,4.37477
Suite_14,Forward,0,2706,5.61377,2.00561,0,8.62493,10.0741,12.0418,83.0441,15000,1201408,5.04878
Suite_14,Forward,0,2707,5.60128,3.54943,0,7.89299,9.32659,9.26576,107.924,15000,1198592,5.82054
Suite_14,Forward,0,2708,5.60166,3.75257,0,7.84998,8.71242,10.5409,94.8685,15000,1194880,6.24807
Suite_14,Forward,0,2709,5.58086,1.98886,0,7.84054,9.28358,11.3498,88.1073,15000,1191168,5.97403
Suite_14,Forward,0,2710,5.56907,3.40847,0,9.77533,11.2667,9.16595,109.099,15000,1188608,2.70464
Suite_14,Forward,0,2711,5.57313,4.15036,0,7.70922,8.56688,10.2702,97.3687,15000,1186816,2.79143
Suite_14,Forward,0,2712,5.5552,1.98964,0,8.25485,9.70163,11.7353,85.2131,15000,1183744,2.88758
Suite_14,Forward,0,2713,5.58625,3.32694,0,7.86816,9.30314,9.04126,110.604,15000,1182976,2.98415
Suite_14,Forward,0,2714,5.55395,3.77161,0,7.69296,9.0585,10.1407,98.6121,15000,1181184,3.08265
Suite_14,Forward,0,2715,5.54828,2.03141,0,7.58733,10.4233,11.3096,88.4203,15000,1177728,2.456
Suite_14,Forward,0,2716,5.53219,3.79995,0,8.41318,9.27334,9.55982,104.604,15000,1174400,2.47972
Suite_14,Forward,0,2717,5.51493,2.16173,0,7.63904,9.07674,10.9777,91.0936,15000,1171200,2.47167
Suite_14,Forward,0,2718,5.51342,4.27271,0,9.7833,11.2756,9.71357,102.949,15000,1169792,2.49085
Suite_14,Forward,0,2719,5.52848,4.18756,0,7.76397,8.6185,10.2136,97.9091,15000,1167360,2.53542
Suite_14,Forward,0,2720,5.49474,1.99578,0,8.23968,9.68765,11.6137,86.1049,15000,1162112,2.51536
Suite_14,Forward,0,2721,5.48204,3.32533,0,7.81011,9.25901,9.09513,109.949,15000,1158656,2.56392
Suite_14,Forward,0,2722,5.47587,3.78174,0,8.43821,9.87648,10.1063,98.9484,15000,1156608,2.61689
Suite_14,Forward,0,2723,5.44975,2.81174,0,7.86621,10.7034,11.3047,88.459,15000,1152640,2.29061
Suite_14,Forward,0,2724,5.45514,3.82521,0,8.00864,8.87194,10.3036,97.0532,15000,1149056,2.28745
Suite_14,Forward,0,2725,5.45191,2.00806,0,7.82992,9.28214,11.3032,88.4702,15000,1146752,2.30862
Suite_14,Forward,0,2726,5.43208,3.22797,0,9.90413,11.3931,9.35726,106.869,15000,1142144,2.30434
Suite_14,Forward,0,2727,5.42016,4.39009,0,7.91872,8.78442,10.261,97.4567,15000,1138560,2.31091
Suite_14,Forward,0,2728,5.40785,1.97419,0,8.45677,9.90275,11.8689,84.2541,15000,1135104,2.33019
Suite_14,Forward,0,2729,5.3972,3.34578,0,7.74704,9.18678,9.27309,107.839,15000,1131904,2.34917
Suite_14,Forward,0,2730,5.39808,3.71624,0,8.37837,9.80992,10.3079,97.0129,15000,1128960,2.36644
Suite_14,Forward,0,2731,5.37806,2.78255,0,7.7265,10.5431,11.2116,89.1936,15000,1125504,2.39226
Suite_14,Forward,0,2732,5.37428,3.68514,0,7.8521,8.71219,10.2478,97.5819,15000,1122944,2.42516
Suite_14,Forward,0,2733,5.3645,1.93521,0,7.60963,9.03734,11.1218,89.9138,15000,1119744,2.45274
Suite_14,Forward,0,2734,5.35388,3.0387,0,9.49798,10.9875,9.21033,108.574,15000,1115520,2.43905
Suite_14,Forward,0,2735,5.34712,4.04622,0,7.46006,8.31251,9.98895,100.111,15000,1111680,2.46007
Suite_14,Forward,0,2736,5.32476,1.91935,0,8.41635,9.8761,11.4781,87.1223,15000,1106432,2.3852
Suite_14,Forward,0,2737,5.31282,3.7181,0,7.29197,8.73802,8.79238,113.735,15000,1102464,2.3518
Suite_14,Forward,0,2738,5.30209,3.33855,0,8.42931,9.8751,10.2973,97.1131,15000,1097216,2.36192
Suite_14,Forward,0,2739,5.28651,2.94907,0,7.16138,8.57846,10.76,92.9367,15000,1092224,2.37315
Suite_14,Forward,0,2740,5.3371,3.0823,0,7.69776,9.13309,10.3886,96.2594,15000,1088128,2.37205
Suite_14,Forward,0,2741,5.26413,2.17346,0,7.12698,10.0047,10.582,94.5001,15000,1083904,2.39615
Suite_14,Forward,0,2742,5.34508,4.77915,0,7.75398,9.13427,9.57077,104.485,15000,1078784,2.4184
Suite_14,Forward,0,2743,5.26967,2.25685,0,6.99597,9.89056,10.6639,93.7744,15000,1075712,2.4532
Suite_14,Forward,0,2744,5.29629,3.20487,0,7.02669,8.38486,9.49504,105.318,15000,1072896,2.38757
Suite_14,Forward,0,2745,5.27106,1.91141,0,7.03952,9.87088,10.4712,95.5002,15000,1069824,2.40235
Suite_14,Forward,0,2746,5.20869,4.30006,0,7.30448,8.66864,8.88128,112.596,15000,1065088,2.41841
Suite_14,Forward,0,2747,5.25904,1.89539,0,6.89725,9.71312,10.9155,91.6129,15000,1060864,2.42812
Suite_14,Forward,0,2748,5.18149,3.8658,0,7.05718,7.9208,9.17681,108.97,15000,1056384,2.45965
Suite_14,Forward,0,2749,5.23187,1.83502,0,6.74634,8.17152,10.7638,92.9041,15000,1051776,2.41661
Suite_14,Forward,0,2750,5.20633,2.98148,0,8.74499,10.24,8.36292,119.575,15000,1048704,2.45863
Suite_14,Forward,0,2751,5.15042,3.76256,0,6.81949,8.1879,9.17414,109.002,15000,1044864,2.49507
Suite_14,Forward,0,2752,5.17762,1.78814,0,6.76454,9.59037,10.6901,93.5441,15000,1041024,2.54531
Suite_14,Forward,0,2753,5.18914,3.52567,0,6.59309,7.96339,8.64072,115.731,15000,1036288,2.59782
Suite_14,Forward,0,2754,5.15605,1.83961,0,6.60531,9.43558,10.0336,99.6647,15000,1030400,2.65314
Suite_14,Forward,0,2755,5.15416,3.41892,0,6.40368,7.75747,8.6141,116.089,15000,1025408,2.70061
Suite_14,Forward,0,2756,5.10705,1.88409,0,6.45491,9.27642,9.84732,101.55,15000,1020416,2.77533
Suite_14,Forward,0,2757,5.10344,3.05031,0,6.32422,7.18234,8.8856,112.542,15000,1015040,2.82296
Suite_14,Forward,0,2758,5.09446,1.74763,0,6.12154,7.54893,9.71494,102.934,15000,1010560,2.84873
Suite_14,Forward,0,2759,5.07663,2.82083,0,8.95386,10.4359,7.77948,128.543,15000,1006080,2.94944
Suite_14,Forward,0,2760,5.01379,4.44184,0,5.79277,6.65002,8.60519,116.209,15000,1000448,3.0825
Suite_14,Forward,0,2761,5.05267,1.71762,0,5.66736,7.10285,10.8367,92.2787,15000,996224,3.25728
Suite_14,Forward,0,2762,5.0267,1.75987,0,7.65542,8.56896,7.1327,140.199,15000,989952,3.45321
Suite_14,Forward,0,2763,5.04137,2.97497,0,5.73021,7.11226,8.07595,123.825,15000,985984,3.71872
Suite_14,Forward,0,2764,4.95154,1.77105,0,6.71744,9.60333,9.01604,110.913,15000,980224,3.8587
Suite_14,Forward,0,2765,4.96852,4.64575,0,7.14301,7.99334,8.11906,123.167,15000,973824,4.01504
Suite_14,Forward,0,2766,4.98508,1.77189,0,7.05184,8.4951,10.6638,93.775,15000,970368,4.35734
Suite_14,Forward,0,2767,4.93656,3.70038,0,7.13123,8.61126,8.42979,118.627,15000,964992,4.72163
Suite_14,Forward,0,2768,4.95965,3.55671,0,7.64365,9.00912,10.0248,99.753,15000,960640,4.91139
Suite_14,Forward,0,2769,4.91693,2.46151,0,6.97754,9.80992,10.5814,94.5051,15000,955392,4.92144
Suite_14,Forward,0,2770,4.93051,4.18268,0,6.99754,7.87226,9.43502,105.988,15000,950400,2.80702
Suite_14,Forward,0,2771,4.93102,2.51274,0,8.11459,9.54682,10.4133,96.0313,15000,944896,2.89017
Suite_14,Forward,0,2772,4.84572,3.6757,0,6.93862,8.37242,8.44484,118.415,15000,938624,2.92693
Suite_14,Forward,0,2773,4.83193,3.47303,0,6.79046,8.15514,9.98,100.2,15000,933504,2.99186
Suite_14,Forward,0,2774,4.84157,2.24566,0,6.76851,9.65168,10.3943,96.2062,15000,928128,2.10442
Suite_14,Forward,0,2775,4.80393,3.21371,0,6.66512,7.51978,9.18157,108.914,15000,924032,2.13101
Suite_14,Forward,0,2776,4.78269,1.77048,0,6.52806,7.97315,10.0915,99.0935,15000,918016,2.15231
Suite_14,Forward,0,2777,4.7624,2.90584,0,8.5353,10.0302,8.13975,122.854,15000,913792,2.1784
Suite_14,Forward,0,2778,4.75715,3.6474,0,6.50026,7.35203,8.92039,112.103,15000,908672,2.17676
Suite_14,Forward,0,2779,4.7493,1.68802,0,6.71376,8.17562,10.4646,95.5605,15000,903936,2.21344
Suite_14,Forward,0,2780,4.72314,3.39615,0,8.48074,9.97581,7.78171,128.507,15000,898816,2.25188
Suite_14,Forward,0,2781,4.70763,3.66602,0,6.46829,7.84576,9.176,108.98,15000,893696,2.23881
Suite_14,Forward,0,2782,4.69883,1.67805,0,6.32422,9.14269,10.4305,95.8726,15000,889600,2.2708
Suite_14,Forward,0,2783,4.67981,3.37118,0,6.44189,7.9257,8.31508,120.263,15000,883968,2.29751
Suite_14,Forward,0,2784,4.66489,1.668,0,6.32013,7.17581,9.66769,103.437,15000,877952,2.34763
Suite_14,Forward,0,2785,4.64288,1.61341,0,6.29965,7.74592,8.37484,119.405,15000,872576,2.35292
Suite_14,Forward,0,2786,4.62425,3.0278,0,6.25024,9.1256,7.62909,131.077,15000,866688,2.38167
Suite_14,Forward,0,2787,4.61996,2.86806,0,6.25066,7.10826,8.72136,114.661,15000,861184,2.44925
Suite_14,Forward,0,2788,4.59913,1.65558,0,6.03546,7.48554,9.57875,104.398,15000,854912,2.27643
Suite_14,Forward,0,2789,4.57976,2.25237,0,5.9169,8.81869,8.20853,121.824,15000,848128,2.35101
Suite_14,Forward,0,2790,4.5661,2.7811,0,5.98426,6.84032,8.43119,118.607,15000,842880,2.16087
Suite_14,Forward,0,2791,4.54625,1.56301,0,6.00605,7.44653,9.24524,108.164,15000,838400,2.19487
Suite_14,Forward,0,2792,4.52714,3.43845,0,5.71738,8.53478,7.41307,134.897,15000,831360,2.20681
Suite_14,Forward,0,2793,4.52096,2.39997,0,5.57232,6.43072,8.95933,111.615,15000,826496,2.27733
Suite_14,Forward,0,2794,4.50364,1.54947,0,5.54394,6.98573,8.9708,111.473,15000,821760,2.3049
Suite_14,Forward,0,2795,4.48483,2.77857,0,5.34246,8.21862,7.06541,141.535,15000,816640,2.35673
Suite_14,Forward,0,2796,4.47214,2.60342,0,5.25312,6.10918,7.95933,125.639,15000,811904,2.44613
Suite_14,Forward,0,2797,4.45196,1.54678,0,5.11795,6.05798,8.65154,115.586,15000,805632,2.27365
Suite_14,Forward,0,2798,4.4326,1.72631,0,7.656,9.13856,7.23356,138.244,15000,800384,2.33048
Suite_14,Forward,0,2799,4.42727,4.3088,0,4.9984,5.85117,7.10753,140.696,15000,795136,2.45138
Suite_14,Forward,0,2800,4.41395,1.49436,0,4.9263,6.35699,9.59858,104.182,15000,789888,2.29556
Suite_14,Forward,0,2801,4.39128,3.85072,0,6.6744,8.13648,6.28366,159.143,15000,783360,2.49053
Suite_14,Forward,0,2802,4.40267,2.66717,0,5.17104,6.02995,8.53406,117.178,15000,777216,2.84303
Suite_14,Forward,0,2803,4.36638,1.47312,0,5.25056,6.69085,7.36047,135.861,15000,771712,3.47309
Suite_14,Forward,0,2804,4.34133,3.00986,0,5.25526,8.1367,6.47598,154.417,15000,766848,1.87982
Suite_14,Forward,0,2805,4.33497,2.73242,0,5.27155,6.13376,7.68051,130.2,15000,760704,1.89196
Suite_14,Forward,0,2806,4.31065,1.45003,0,5.30227,6.74563,8.56775,116.717,15000,755840,1.91144
Suite_14,Forward,0,2807,4.29211,2.81926,0,5.35098,8.16858,6.68173,149.662,15000,751232,1.93377
Suite_14,Forward,0,2808,4.28391,2.74295,0,5.376,6.25213,7.73284,129.319,15000,745216,1.87169
Suite_14,Forward,0,2809,4.27171,1.4883,0,5.43539,6.88342,8.61211,116.116,15000,740352,1.88413
Suite_14,Forward,0,2810,4.2934,2.25489,0,5.37533,8.34195,7.38219,135.461,15000,737536,1.91509
Suite_14,Forward,0,2811,4.26076,2.84839,0,5.40294,6.26278,7.87117,127.046,15000,733184,1.94628
Suite_14,Forward,0,2812,4.23996,1.4746,0,5.40262,6.84749,8.78058,113.888,15000,728192,1.9803
Suite_14,Forward,0,2813,4.22008,2.63555,0,5.3289,8.25216,6.93133,144.272,15000,721792,2.00895
Suite_14,Forward,0,2814,4.21429,2.77141,0,5.30022,6.1481,7.79696,128.255,15000,716800,2.03101
Suite_14,Forward,0,2815,4.1886,1.45078,0,5.41078,6.35376,8.67439,115.282,15000,710784,2.03336
Suite_14,Forward,0,2816,4.15867,2.42067,0,5.36371,8.20038,7.25913,137.757,15000,705152,2.07346
Suite_14,Forward,0,2817,4.15462,2.58132,0,5.31069,6.67341,7.8818,126.875,15000,699904,2.11734
Suite_14,Forward,0,2818,4.14803,1.47324,0,5.32051,8.21043,8.66204,115.446,15000,695424,2.16727
Suite_14,Forward,0,2819,4.13012,3.25095,0,5.23469,6.66826,7.28821,137.208,15000,690432,2.19465
Suite_14,Forward,0,2820,4.1157,1.46024,0,5.19107,6.56384,8.74129,114.4,15000,686080,2.27365
Suite_14,Forward,0,2821,4.09488,1.70217,0,5.08016,7.91088,7.1036,140.774,15000,680960,2.33597
Suite_14,Forward,0,2822,4.08291,3.26554,0,5.00179,5.85696,6.9893,143.076,15000,676608,2.02807
Suite_14,Forward,0,2823,4.06879,1.44438,0,5.7303,6.6704,8.5162,117.423,15000,670336,2.06525
Suite_14,Forward,0,2824,4.04474,1.80019,0,5.03939,6.53328,7.0152,142.548,15000,664960,2.06226
Suite_14,Forward,0,2825,4.0377,4.20053,0,5.00518,5.86806,7.05424,141.759,15000,660096,2.10895
Suite_14,Forward,0,2826,4.03772,1.42052,0,5.05418,6.43165,9.53398,104.888,15000,655488,2.18228
Suite_14,Forward,0,2827,4.00994,2.27604,0,5.04861,7.89299,6.30253,158.667,15000,650112,2.27707
Suite_14,Forward,0,2828,4.00155,3.34578,0,5.02189,5.88528,6.82978,146.418,15000,645632,2.38548
Suite_14,Forward,0,2829,3.98421,1.35245,0,4.99917,6.44426,8.46136,118.184,15000,640512,2.52439
Suite_14,Forward,0,2830,3.95583,2.6078,0,4.9631,7.86403,6.49054,154.07,15000,635136,2.69597
Suite_14,Forward,0,2831,3.95141,2.58595,0,4.94963,5.81405,7.44522,134.314,15000,630400,2.9383
Suite_14,Forward,0,2832,3.93528,1.3445,0,4.8783,6.32499,8.26865,120.939,15000,624128,3.12407
Suite_14,Forward,0,2833,3.91153,2.61129,0,4.75546,6.1848,6.38839,156.534,15000,619264,2.67474
Suite_14,Forward,0,2834,3.91134,2.56634,0,4.53379,5.91258,7.3056,136.881,15000,614528,1.77244
Suite_14,Forward,0,2835,3.89591,1.34596,0,4.5681,7.39123,8.16783,122.432,15000,610944,1.79182
Suite_14,Forward,0,2836,3.87916,3.2115,0,4.49946,5.87469,6.36111,157.205,15000,605440,1.82015
Suite_14,Forward,0,2837,3.87579,1.36537,0,4.48842,7.31955,7.92548,126.175,15000,600960,1.78115
Suite_14,Forward,0,2838,3.86015,3.01459,0,4.40525,5.88595,6.51076,153.592,15000,597248,1.76278
Suite_14,Forward,0,2839,3.85717,1.37776,0,4.37043,5.22698,7.85067,127.378,15000,592000,1.70195
Suite_14,Forward,0,2840,3.83848,3.54155,0,4.45005,5.34307,6.37482,156.867,15000,588416,1.70791
Suite_14,Forward,0,2841,3.83692,1.75469,0,4.33837,5.70368,7.60081,131.565,15000,583296,1.72555
Suite_14,Forward,0,2842,3.81169,1.41154,0,4.25696,5.70253,6.46727,154.625,15000,578432,1.75595
Suite_14,Forward,0,2843,3.78598,1.58357,0,4.14106,5.57046,6.15678,162.422,15000,574208,1.79357
Suite_14,Forward,0,2844,3.7829,3.0162,0,4.12877,5.49498,6.13398,163.026,15000,569088,1.85106
Suite_14,Forward,0,2845,3.75028,1.26527,0,4.05802,6.87178,7.55294,132.399,15000,563712,1.56255
Suite_14,Forward,0,2846,3.73425,3.0991,0,4.04166,5.52246,5.9307,168.614,15000,558464,1.55806
Suite_14,Forward,0,2847,3.73847,1.29327,0,4.00595,4.8551,7.41562,134.851,15000,553984,1.52268
Suite_14,Forward,0,2848,3.7148,1.22405,0,3.86122,4.81485,5.97253,167.433,15000,549504,1.50264
Suite_14,Forward,0,2849,3.69291,1.85936,0,3.86902,4.86195,5.29183,188.97,15000,546432,1.50956
Suite_14,Forward,0,2850,3.68476,3.1146,0,3.84205,4.69606,5.75685,173.706,15000,541312,1.48338
Suite_14,Forward,0,2851,3.67663,1.29431,0,3.9383,4.86397,7.31443,136.716,15000,536064,1.48767
Suite_14,Forward,0,2852,3.68225,1.27815,0,3.88096,5.30848,5.17075,193.396,15000,532096,1.4944
Suite_14,Forward,0,2853,3.659,2.97463,0,3.80221,4.66083,5.87061,170.34,15000,528640,1.47551
Suite_14,Forward,0,2854,3.64513,1.21058,0,3.80147,5.16182,7.26303,137.684,15000,524032,1.48438
Suite_14,Forward,0,2855,3.63777,1.74666,0,3.85869,6.76019,5.18899,192.716,15000,520448,1.50121
Suite_14,Forward,0,2856,3.63453,3.27226,0,3.76746,4.07782,5.58547,179.036,15000,516352,1.50012
Suite_14,Forward,0,2857,3.62114,1.22151,0,3.71366,6.02122,7.315,136.705,15000,512896,1.50263
Suite_14,Forward,0,2858,3.60138,2.35644,0,3.73901,4.71965,5.70152,175.392,15000,509824,1.52032
Suite_14,Forward,0,2859,3.59645,1.1817,0,3.79139,4.64118,6.54112,152.879,15000,506624,1.52418
Suite_14,Forward,0,2860,3.55645,1.84975,0,3.73917,6.5721,5.17621,193.192,15000,502528,1.53274
Suite_14,Forward,0,2861,3.54823,3.02256,0,3.73392,4.58547,5.59565,178.71,15000,497280,1.52349
Suite_14,Forward,0,2862,3.54868,1.1919,0,3.76573,5.20192,7.12896,140.273,15000,492544,1.54228
Suite_14,Forward,0,2863,3.52625,2.47646,0,3.86918,6.70758,5.17349,193.293,15000,488832,1.56483
Suite_14,Forward,0,2864,3.5298,2.49406,0,3.84614,4.15427,6.18451,161.694,15000,484096,1.57367
Suite_14,Forward,0,2865,3.51134,1.20239,0,3.84205,6.17882,7.13845,140.086,15000,480000,1.59141
Suite_14,Forward,0,2866,3.49406,2.40317,0,3.7689,4.06317,5.83759,171.303,15000,475520,1.5948
Suite_14,Forward,0,2867,3.47857,1.19153,0,3.64701,4.06483,6.68049,149.69,15000,470400,1.61337
Suite_14,Forward,0,2868,3.44604,1.13287,0,3.67869,6.51059,5.79024,172.704,15000,465792,1.58423
Suite_14,Forward,0,2869,3.44078,3.29693,0,3.61827,4.46941,5.02034,199.19,15000,461440,1.56558
Suite_14,Forward,0,2870,3.43728,1.14213,0,3.68845,5.1241,6.91653,144.581,15000,456960,1.57383
Suite_14,Forward,0,2871,3.41794,2.50645,0,3.62496,5.09642,5.05636,197.771,15000,452480,1.6098
Suite_14,Forward,0,2872,3.43177,2.4001,0,3.67235,3.96397,6.09823,163.982,15000,448000,1.61472
Suite_14,Forward,0,2873,3.42258,1.16768,0,3.64902,4.47152,7.02451,142.359,15000,443776,1.64625
Suite_14,Forward,0,2874,3.39831,1.28596,0,3.64061,6.46144,4.97518,200.998,15000,439168,1.65204
Suite_14,Forward,0,2875,3.3881,3.45251,0,3.65926,4.51379,4.86026,205.75,15000,435584,1.68073
Suite_14,Forward,0,2876,3.37691,1.16362,0,3.67523,5.10586,7.01452,142.562,15000,430976,1.71367
Suite_14,Forward,0,2877,3.36145,2.42364,0,3.57376,5.00176,5.12088,195.279,15000,425600,1.75745
Suite_14,Forward,0,2878,3.34757,2.42373,0,3.56554,4.43482,6.04902,165.316,15000,421376,1.80875
Suite_14,Forward,0,2879,3.32818,1.10454,0,3.48259,3.90138,6.97492,143.371,15000,416640,1.88995
Suite_14,Forward,0,2880,3.28916,1.41738,0,3.46522,4.38477,4.84765,206.286,15000,412160,1.95741
Suite_14,Forward,0,2881,3.27411,3.38265,0,3.45478,4.30131,4.86398,205.593,15000,408192,2.06318
Suite_14,Forward,0,2882,3.28115,1.0907,0,3.39798,4.83184,6.86425,145.682,15000,403584,1.79029
Suite_14,Forward,0,2883,3.25505,2.38956,0,3.3576,5.71011,4.82922,207.073,15000,399872,1.89106
Suite_14,Forward,0,2884,3.24425,1.7972,0,3.28253,3.57453,5.79486,172.567,15000,396416,2.00364
Suite_14,Forward,0,2885,3.23509,1.06526,0,3.29437,4.65328,6.12301,163.318,15000,392064,2.13899
Suite_14,Forward,0,2886,3.20535,1.71043,0,3.1785,6.01088,4.67737,213.795,15000,387712,2.2955
Suite_14,Forward,0,2887,3.21363,2.89002,0,3.04333,3.90307,5.06951,197.258,15000,385024,2.45084
Suite_14,Forward,0,2888,3.21724,1.06158,0,2.97485,3.3928,6.55239,152.616,15000,381312,2.57691
Suite_14,Forward,0,2889,3.18883,1.04997,0,5.55981,6.02726,4.52954,220.773,15000,376576,1.6852
Suite_14,Forward,0,2890,3.18963,3.04684,0,2.99293,3.85264,4.38843,227.872,15000,373248,1.48564
Suite_14,Forward,0,2891,3.18175,1.06455,0,2.97744,5.88186,6.38432,156.634,15000,368768,1.44651
Suite_14,Forward,0,2892,3.17423,2.20102,0,3.04534,3.33619,4.38733,227.929,15000,364672,1.46415
Suite_14,Forward,0,2893,3.15062,1.01971,0,3.01971,3.41606,6.80506,146.949,15000,360704,1.43774
Suite_14,Forward,0,2894,3.10968,1.01651,0,3.09043,4.51994,4.30974,232.032,15000,356224,1.47355
Suite_14,Forward,0,2895,3.09821,3.17064,0,3.1033,4.52464,4.50627,221.913,15000,352384,1.51778
Suite_14,Forward,0,2896,3.10448,1.06729,0,3.116,5.51936,6.4028,156.182,15000,349312,1.56646
Suite_14,Forward,0,2897,3.09629,2.44432,0,3.25226,3.54925,4.98389,200.647,15000,344320,1.62425
Suite_14,Forward,0,2898,3.0787,3.33107,0,3.39763,3.8377,6.01478,166.257,15000,341120,1.72685
Suite_14,Forward,0,2899,3.07258,1.13666,0,3.42192,4.28224,6.5496,152.681,15000,337280,1.73443
Suite_14,Forward,0,2900,3.09566,1.06579,0,3.4927,6.30781,5.62559,177.759,15000,333184,1.89277
Suite_14,Forward,0,2901,3.03899,3.0561,0,3.63075,5.09722,5.27624,189.529,15000,328704,2.09292
Suite_14,Forward,0,2902,3.03071,1.08047,0,2.86906,3.1744,6.82849,146.445,15000,325120,2.44914
Suite_14,Forward,0,2903,3.01482,0.980072,0,2.29376,2.7136,5.5259,180.966,15000,321024,3.04315
Suite_14,Forward,0,2904,3.05173,1.04133,0,2.26579,3.66442,4.22151,236.882,15000,317568,4.21598
Suite_14,Forward,0,2905,3.02228,1.90957,0,2.23437,2.52723,4.22301,236.798,15000,314240,6.64168
Suite_14,Forward,0,2906,2.99096,0.948908,0,2.16698,2.98829,5.05277,197.911,15000,311552,10.9528
Suite_14,Forward,0,2907,2.94398,0.94471,0,2.16701,3.61446,4.05973,246.322,15000,307968,10.9454
Suite_14,Forward,0,2908,2.96269,1.40903,0,2.19395,2.48422,4.00618,249.614,15000,304128,10.8257
Suite_14,Forward,0,2909,2.96946,0.989279,0,2.18522,3.50896,5.03107,198.765,15000,300416,1.16542
Suite_14,Forward,0,2910,2.95042,0.931422,0,2.08288,4.46944,4.08433,244.838,15000,297856,1.19786
Suite_14,Forward,0,2911,2.92716,1.27914,0,2.05056,2.33901,4.00655,249.591,15000,294272,1.19302
Suite_14,Forward,0,2912,2.93132,0.946237,0,2.03994,3.38218,4.94346,202.287,15000,292352,1.22338
Suite_14,Forward,0,2913,2.89237,0.930041,0,2.01523,2.48115,4.00193,249.879,15000,289792,1.16505
Suite_14,Forward,0,2914,2.90318,0.978282,0,2.00909,2.85955,3.93402,254.193,15000,287360,1.19156
Suite_14,Forward,0,2915,2.89386,0.954599,0,2.1112,4.47466,4.32261,231.342,15000,284544,1.20907
Suite_14,Forward,0,2916,2.87364,1.76055,0,1.93437,2.33882,3.96812,252.008,15000,281600,1.23277
Suite_14,Forward,0,2917,2.8681,0.945956,0,1.96144,2.22096,4.75323,210.383,15000,279040,1.25289
Suite_14,Forward,0,2918,2.86302,0.918786,0,1.97837,2.43712,3.92689,254.655,15000,275712,1.13397
Suite_14,Forward,0,2919,2.8581,0.960961,0,1.91894,2.7625,3.89278,256.886,15000,272896,1.14562
Suite_14,Forward,0,2920,2.83886,0.911868,0,1.83501,2.82202,4.28638,233.297,15000,269952,1.17264
Suite_14,Forward,0,2921,2.83364,1.67775,0,1.82467,2.22349,3.8573,259.249,15000,267008,1.16689
Suite_14,Forward,0,2922,2.82564,0.903711,0,1.83328,2.1135,4.676,213.858,15000,264832,1.20219
Suite_14,Forward,0,2923,2.80265,0.932708,0,2.04246,3.83174,3.83388,260.832,15000,262656,1.24324
Suite_14,Forward,0,2924,2.8163,0.943164,0,1.82886,3.1793,3.84162,260.307,15000,260224,1.14312
Suite_14,Forward,0,2925,2.80444,0.814968,0,1.75373,3.60886,4.02344,248.543,15000,257792,1.15671
Suite_14,Forward,0,2926,2.77575,1.27249,0,1.74246,2.58448,3.72539,268.428,15000,254336,1.16661
Suite_14,Forward,0,2927,2.76751,0.755583,0,1.73738,2.03718,4.14806,241.077,15000,251648,1.18562
Suite_14,Forward,0,2928,2.7326,0.738743,0,1.72266,2.0951,3.67198,272.333,15000,248704,1.18881
Suite_14,Forward,0,2929,2.72791,1.50548,0,1.72864,2.01949,3.57234,279.929,15000,246656,1.21903
Suite_14,Forward,0,2930,2.73974,0.756026,0,1.7679,3.54304,4.33297,230.788,15000,244352,1.24704
Suite_14,Forward,0,2931,2.73191,0.882258,0,1.7961,2.64022,3.59156,278.431,15000,241792,1.27065
Suite_14,Forward,0,2932,2.7242,0.756136,0,2.51875,4.33971,4.1255,242.395,15000,239488,1.24042
Suite_14,Forward,0,2933,2.70376,1.37445,0,1.78954,2.6361,3.58256,279.13,15000,235776,1.18608
Suite_14,Forward,0,2934,2.72304,0.777854,0,1.74883,2.03741,4.38069,228.275,15000,233856,1.2324
Suite_14,Forward,0,2935,2.69475,0.727835,0,1.72067,4.01872,3.72725,268.294,15000,231168,1.27187
Suite_14,Forward,0,2936,2.67964,2.0337,0,1.69165,1.97629,3.51815,284.24,15000,228480,1.32098
Suite_14,Forward,0,2937,2.68567,0.74385,0,1.54371,3.42528,4.81588,207.647,15000,226176,1.37823
Suite_14,Forward,0,2938,2.66467,0.781093,0,1.49597,2.34243,3.52632,283.582,15000,223360,1.47063
Suite_14,Forward,0,2939,2.65414,0.737112,0,1.45613,3.21946,4.13929,241.587,15000,220672,1.57479
Suite_14,Forward,0,2940,2.6486,0.770852,0,1.50054,2.34432,3.48404,287.023,15000,217728,1.68112
Suite_14,Forward,0,2941,2.63748,0.736884,0,1.63226,3.44262,3.71581,269.12,15000,214656,1.8512
Suite_14,Forward,0,2942,2.63038,1.07933,0,1.40138,2.24509,3.4641,288.675,15000,212864,1.69114
Suite_14,Forward,0,2943,2.62101,0.732378,0,1.31664,1.74285,3.79561,263.463,15000,210560,1.78675
Suite_14,Forward,0,2944,2.60499,0.856323,0,1.28275,2.12717,3.43785,290.879,15000,205824,1.02268
Suite_14,Forward,0,2945,2.58947,0.71807,0,1.25408,1.68384,3.54746,281.892,15000,201984,1.02886
Suite_14,Forward,0,2946,2.56949,0.724623,0,1.2448,2.09101,3.39485,294.564,15000,199424,0.955922
Suite_14,Forward,0,2947,2.57023,0.718218,0,1.23168,1.65907,3.38184,295.697,15000,196608,0.946835
Suite_14,Forward,0,2948,2.55756,0.726835,0,1.23085,2.10317,3.36946,296.784,15000,194048,0.94627
Suite_14,Forward,0,2949,2.55111,0.712859,0,1.22253,1.65226,3.36961,296.77,15000,191872,0.916357
Suite_14,Forward,0,2950,2.53551,0.715754,0,1.1841,1.46656,3.35001,298.506,15000,188672,0.915793
Suite_14,Forward,0,2951,2.53187,0.716185,0,1.16122,1.58829,3.33478,299.87,15000,186368,0.936232
Suite_14,Forward,0,2952,2.51346,0.738414,0,1.26406,1.54413,3.3259,300.671,15000,183808,0.919819
Suite_14,Forward,0,2953,2.51295,0.708579,0,1.11818,1.54525,3.33038,300.266,15000,181376,0.883393
Suite_14,Forward,0,2954,2.50277,0.732088,0,1.09782,1.34906,3.2971,303.296,15000,177792,0.876834
Suite_14,Forward,0,2955,2.49741,0.717152,0,1.06688,1.49018,3.31101,302.022,15000,175872,0.891648
Suite_14,Forward,0,2956,2.49364,0.728469,0,1.05062,1.32886,3.29052,303.904,15000,173952,0.912312
Suite_14,Forward,0,2957,2.48243,0.711606,0,1.00822,2.76275,3.29879,303.141,15000,171136,0.90699
Suite_14,Forward,0,2958,2.48015,0.728504,0,0.97104,1.25747,3.27174,305.648,15000,169216,0.928296
Suite_14,Forward,0,2959,2.46568,0.706655,0,0.944128,1.19194,3.2805,304.832,15000,166272,0.929468
Suite_14,Forward,0,2960,2.44717,1.11858,0,0.937408,1.22531,3.24374,308.286,15000,162944,0.812688
Suite_14,Forward,0,2961,2.44449,0.711844,0,0.932032,1.18054,3.63903,274.799,15000,160384,0.832195
Suite_14,Forward,0,2962,2.43349,0.733057,0,0.923648,1.17555,3.22406,310.168,15000,158720,0.846505
Suite_14,Forward,0,2963,2.43816,0.698883,0,0.903296,1.15117,3.23544,309.077,15000,156544,0.875455
Suite_14,Forward,0,2964,2.4229,0.687044,0,0.879648,1.1305,3.2039,312.12,15000,153600,0.902693
Suite_14,Forward,0,2965,2.41753,0.737828,0,1.37216,1.616,3.178,314.663,15000,151680,0.910851
Suite_14,Forward,0,2966,2.39633,0.687702,0,0.834464,1.08515,3.22176,310.39,15000,149248,0.927694
Suite_14,Forward,0,2967,2.37961,0.707042,0,0.806496,1.07411,3.14753,317.709,15000,147200,0.795025
Suite_14,Forward,0,2968,2.3734,0.687521,0,0.80896,1.06,3.15307,317.151,15000,144896,0.833348
Suite_14,Forward,0,2969,2.36373,0.702634,0,0.843776,1.09158,3.12494,320.006,15000,143104,0.820628
Suite_14,Forward,0,2970,2.36203,0.681872,0,0.805856,1.05331,3.12964,319.525,15000,141184,0.890351
Suite_14,Forward,0,2971,2.34907,0.690452,0,0.904256,1.18208,3.10656,321.899,15000,139648,1.08846
Suite_14,Forward,0,2972,2.34587,0.686784,0,0.63408,0.880576,3.10197,322.375,15000,137344,1.56266
Suite_14,Forward,0,2973,2.32942,0.678481,0,0.624192,0.869952,3.10153,322.422,15000,134784,2.44489
Suite_14,Forward,0,2974,2.31981,0.680243,0,0.61744,0.886624,3.07011,325.721,15000,131968,0.572663
Suite_14,Forward,0,2975,2.31206,0.678204,0,0.608832,0.856032,3.06608,326.15,15000,130176,0.577406
Suite_14,Forward,0,2976,2.30372,0.681689,0,0.602304,0.845824,3.04828,328.054,15000,127232,0.581894
Suite_14,Forward,0,2977,2.29895,0.675495,0,0.598016,0.843776,3.04964,327.907,15000,125568,0.550701
Suite_14,Forward,0,2978,2.29104,0.681795,0,0.581632,0.826656,3.03146,329.874,15000,123904,0.553707
Suite_14,Forward,0,2979,2.28487,0.686225,0,0.581376,0.823776,3.02934,330.105,15000,121856,0.552532
Suite_14,Forward,0,2980,2.27662,0.693423,0,0.749568,0.989344,3.02647,330.418,15000,120448,0.560195
Suite_14,Forward,0,2981,2.26488,0.673924,0,0.537312,0.782336,3.02804,330.246,15000,117376,0.536329
Suite_14,Forward,0,2982,2.24697,0.665585,0,0.520384,0.763712,2.99387,334.016,15000,115200,0.516867
Suite_14,Forward,0,2983,2.24259,0.679616,0,0.509568,0.752192,2.9669,337.052,15000,113024,0.515709
Suite_14,Forward,0,2984,2.23747,0.659933,0,0.504384,0.746208,2.97577,336.047,15000,111616,0.510225
Suite_14,Forward,0,2985,2.22708,0.682823,0,0.495616,0.739328,2.95193,338.761,15000,108288,0.488984
Suite_14,Forward,0,2986,2.22199,0.661589,0,0.477056,0.718912,2.96489,337.281,15000,107392,0.493594
Suite_14,Forward,0,2987,2.20625,0.711434,0,0.468768,0.70672,2.93382,340.853,15000,105088,0.490715
Suite_14,Forward,0,2988,2.25062,0.72618,0,0.45264,0.701088,2.97222,336.449,15000,103040,0.468902
Suite_14,Forward,0,2989,2.21393,0.668299,0,0.446464,0.6872,3.03149,329.871,15000,100992,0.454598
Suite_14,Forward,0,2990,2.19307,0.659807,0,0.442048,0.682624,2.93172,341.097,15000,99456,0.453898
Suite_14,Forward,0,2991,2.18139,0.652843,0,0.438176,0.67584,2.90633,344.077,15000,98432,0.455996
Suite_14,Forward,0,2992,2.17334,0.655357,0,0.415744,0.656384,2.88299,346.862,15000,97024,0.456933
Suite_14,Forward,0,2993,2.17104,0.655304,0,0.410112,0.64912,2.87879,347.369,15000,96384,0.465389
Suite_14,Forward,0,2994,2.1587,0.651244,0,0.397312,0.633536,2.87387,347.962,15000,94720,0.46722
Suite_14,Forward,0,2995,2.15481,0.674841,0,0.382944,0.642592,2.85546,350.206,15000,92672,0.471363
Suite_14,Forward,0,2996,2.16647,0.677679,0,0.387072,0.62464,2.8795,347.283,15000,91904,0.480868
Suite_14,Forward,0,2997,2.14699,0.662648,0,0.354304,0.593792,2.89401,345.541,15000,89600,0.474335
Suite_14,Forward,0,2998,2.13079,0.649194,0,0.350208,0.587776,2.85596,350.144,15000,87552,0.466166
Suite_14,Forward,0,2999,2.12351,0.648947,0,0.350528,0.59088,2.82631,353.818,15000,86272,0.473731
Suite_14,Forward,0,3000,2.11761,0.680727,0,0.858144,1.09632,2.81582,355.136,15000,85504,0.45888
Suite_14,Deferred_Uber,0,1,2.07387,0.683095,0.110592,0.206752,0.603264,3.94071,253.761,15000,83840,34.5416
Suite_14,Deferred_Uber,0,2,2.07171,0.698074,0.106752,0.208384,0.62464,2.80205,356.882,15000,82176,34.7316
Suite_14,Deferred_Uber,0,3,2.06304,0.680384,0.104672,0.200896,0.593952,2.82511,353.968,15000,80768,34.4653
Suite_14,Deferred_Uber,0,4,2.05106,0.688898,0.10432,0.200224,0.600064,2.78993,358.433,15000,78592,34.646
Suite_14,Deferred_Uber,0,5,2.04855,0.675131,0.104928,0.19808,0.591872,2.7856,358.989,15000,76672,34.8203
Suite_14,Deferred_Uber,0,6,2.04019,0.69423,0.298976,0.19312,0.782496,2.76729,361.364,15000,75648,34.6781
Suite_14,Deferred_Uber,0,7,2.03043,0.683089,0.09216,0.191808,0.594816,2.7773,360.062,15000,73600,34.8404
Suite_14,Deferred_Uber,0,8,2.02925,0.67607,0.092544,0.17696,0.553216,2.75536,362.929,15000,72320,34.6821
Suite_14,Deferred_Uber,0,9,2.01219,0.678716,0.091072,0.165888,0.538624,2.74954,363.697,15000,70400,34.8154
Suite_14,Deferred_Uber,0,10,2.01371,0.665914,0.094208,0.16384,0.551776,2.73463,365.68,15000,69248,34.947
Suite_14,Deferred_Uber,0,11,2.00867,0.670891,0.090048,0.161152,0.538912,2.71923,367.751,15000,67840,35.0577
Suite_14,Deferred_Uber,0,12,2.00191,0.680427,0.08784,0.160736,0.5304,2.71831,367.875,15000,66304,35.1529
Suite_14,Deferred_Uber,0,13,1.99548,0.685881,0.08576,0.15824,0.537984,2.72465,367.02,15000,65152,35.2287
Suite_14,Deferred_Uber,0,14,1.99711,0.685199,0.083264,0.158592,0.533504,2.72415,367.086,15000,63232,35.2531
Suite_14,Deferred_Uber,0,15,1.99041,0.674745,0.084704,0.155552,0.533216,2.72222,367.348,15000,61312,34.9614
Suite_14,Deferred_Uber,0,16,1.98016,0.673223,0.08192,0.153248,0.52464,2.7016,370.151,15000,60160,32.7973
Suite_14,Deferred_Uber,0,17,1.96366,0.666091,0.07936,0.149504,0.522752,2.69127,371.571,15000,59136,32.7072
Suite_14,Deferred_Uber,0,18,1.96651,0.664741,0.078272,0.149856,0.516096,2.66972,374.571,15000,57728,32.6478
Suite_14,Deferred_Uber,0,19,1.95751,0.659239,0.072256,0.146848,0.507904,2.66745,374.889,15000,56960,32.3798
Suite_14,Deferred_Uber,0,20,1.94894,0.668849,0.070176,0.14688,0.531584,2.6511,377.201,15000,55680,32.3295
Suite_14,Deferred_Uber,0,21,1.94587,0.666343,0.07168,0.147584,0.500096,2.65461,376.703,15000,54784,32.2562
Suite_14,Deferred_Uber,0,22,1.93331,0.664193,0.067168,0.14176,0.500448,2.6476,377.7,15000,53376,32.0044
Suite_14,Deferred_Uber,0,23,1.92843,0.665086,0.0648,0.143488,0.490464,2.6375,379.146,15000,52224,31.8697
Suite_14,Deferred_Uber,0,24,1.92709,0.661329,0.062272,0.14128,0.491584,2.62693,380.673,15000,50816,30.087
Suite_14,Deferred_Uber,0,25,1.91505,0.661243,0.059392,0.141216,0.503808,2.62327,381.203,15000,49408,29.9313
Suite_14,Deferred_Uber,0,26,1.91214,0.666948,0.057312,0.139072,0.481984,2.61114,382.974,15000,48256,29.7612
Suite_14,Deferred_Uber,0,27,1.9075,0.659073,0.056256,0.139264,0.483328,2.61298,382.705,15000,47232,29.5766
Suite_14,Deferred_Uber,0,28,1.90027,0.665634,0.052224,0.137216,0.493696,2.59946,384.695,15000,45440,27.9063
Suite_14,Deferred_Uber,0,29,1.8949,0.657739,0.0512,0.134528,0.477408,2.60048,384.544,15000,43520,27.4488
Suite_14,Deferred_Uber,0,30,1.88073,0.65722,0.05136,0.133088,0.471136,2.58457,386.912,15000,42240,26.639
Suite_14,Deferred_Uber,0,31,1.87758,0.652734,0.0512,0.13312,0.474752,2.56858,389.32,15000,41216,26.4189
Suite_14,Deferred_Uber,0,32,1.87402,0.649745,0.045216,0.128704,0.458752,2.56961,389.164,15000,39936,22.0323
Suite_14,Deferred_Uber,0,33,1.86483,0.658136,0.044864,0.15024,0.49152,2.55445,391.474,15000,38784,21.8866
Suite_14,Deferred_Uber,0,34,1.85983,0.679762,0.04432,0.126784,0.456704,2.55458,391.454,15000,37632,21.7415
Suite_14,Deferred_Uber,0,35,1.84953,0.666767,0.043552,0.125152,0.454592,2.56868,389.306,15000,36864,21.6007
Suite_14,Deferred_Uber,0,36,1.86062,0.66857,0.04176,0.124448,0.449888,2.54452,393.002,15000,36480,21.469
Suite_14,Deferred_Uber,0,37,1.8516,0.659442,0.04016,0.125344,0.457536,2.56613,389.692,15000,35968,21.341
Suite_14,Deferred_Uber,0,38,1.84458,0.65047,0.036768,0.121728,0.450592,2.54149,393.47,15000,34816,21.2183
Suite_14,Deferred_Uber,0,39,1.84267,0.665819,0.035456,0.118784,0.440448,2.52234,396.457,15000,33280,20.5593
Suite_14,Deferred_Uber,0,40,1.82814,0.65268,0.037952,0.119392,0.448032,2.53633,394.27,15000,31744,20.4337
Suite_14,Deferred_Uber,0,41,1.82046,0.649254,0.034816,0.118784,0.440544,2.50949,398.488,15000,30848,20.3289
Suite_14,Deferred_Uber,0,42,1.82194,0.650375,0.036864,0.120768,0.438144,2.49748,400.404,15000,30720,20.2361
Suite_14,Deferred_Uber,0,43,1.81446,0.641566,0.032448,0.116736,0.432128,2.49789,400.338,15000,29696,20.1422
Suite_14,Deferred_Uber,0,44,1.80949,0.686525,0.0304,0.145856,0.456704,2.48146,402.989,15000,29312,20.0633
Suite_14,Deferred_Uber,0,45,1.81166,0.66035,0.03072,0.116736,0.43008,2.52474,396.08,15000,28160,19.9895
Suite_14,Deferred_Uber,0,46,1.80053,0.656378,0.027456,0.116064,0.425984,2.49856,400.23,15000,27520,17.8605
Suite_14,Deferred_Uber,0,47,1.796,0.654403,0.026816,0.114432,0.43008,2.4815,402.981,15000,26112,17.8365
Suite_14,Deferred_Uber,0,48,1.79174,0.652048,0.026624,0.11264,0.426752,2.47599,403.88,15000,25088,17.8188
Suite_14,Deferred_Uber,0,49,1.7785,0.674134,0.533376,0.11056,0.927648,2.47023,404.821,15000,24320,17.811
Suite_14,Deferred_Uber,0,50,1.78017,0.655283,0.0232,0.107296,0.444448,2.47738,403.652,15000,23168,17.8058
Suite_14,Deferred_Uber,0,51,1.76787,0.643527,0.023712,0.108544,0.408096,2.45967,406.558,15000,22528,17.8118
Suite_14,Deferred_Uber,0,52,1.76235,0.66993,0.021824,0.108896,0.42048,2.43443,410.774,15000,21120,17.8204
Suite_14,Deferred_Uber,0,53,1.76351,0.678934,0.026624,0.110464,0.425984,2.46055,406.413,15000,20224,17.8336
Suite_14,Deferred_Uber,0,54,1.75843,0.641598,0.02048,0.10656,0.408864,2.46646,405.439,15000,19584,17.8557
Suite_14,Deferred_Uber,0,55,1.74716,0.645914,0.018752,0.104352,0.407552,2.42198,412.886,15000,18944,17.585
Suite_14,Deferred_Uber,0,56,1.74661,0.639228,0.02048,0.1024,0.405248,2.41556,413.982,15000,18688,16.489
Suite_14,Deferred_Uber,0,57,1.74173,0.639556,0.016384,0.104448,0.408064,2.40877,415.149,15000,17920,16.5188
Suite_14,Deferred_Uber,0,58,1.73024,0.668944,0.016384,0.101888,0.405536,2.40354,416.053,15000,17024,16.5512
Suite_14,Deferred_Uber,0,59,1.73149,0.648201,0.016384,0.101824,0.402784,2.42075,413.096,15000,15872,16.5872
Suite_14,Deferred_Uber,0,60,1.71731,0.64031,0.015296,0.100352,0.403744,2.40405,415.965,15000,15232,16.6266
Suite_14,Deferred_Uber,0,61,1.71859,0.655323,0.014432,0.1024,0.413664,2.37995,420.176,15000,14592,16.6637
Suite_14,Deferred_Uber,0,62,1.71624,0.655602,0.014208,0.098592,0.401536,2.39571,417.413,15000,14080,16.7098
Suite_14,Deferred_Uber,0,63,1.70717,0.652135,0.012992,0.096384,0.387104,2.39218,418.029,15000,13824,16.7591
Suite_14,Deferred_Uber,0,64,1.70453,0.639117,0.012288,0.10064,0.4096,2.37903,420.34,15000,12800,16.8044
Suite_14,Deferred_Uber,0,65,1.70203,0.635374,0.011168,0.098176,0.397472,2.36551,422.741,15000,11904,16.8529
Suite_14,Deferred_Uber,0,66,1.69297,0.633881,0.01152,0.101472,0.389344,2.35777,424.13,15000,11392,16.9021
Suite_14,Deferred_Uber,0,67,1.69069,0.632331,0.01072,0.105344,0.413696,2.34575,426.302,15000,11008,16.5205
Suite_14,Deferred_Uber,0,68,1.6866,0.639743,0.01024,0.093504,0.39184,2.34259,426.878,15000,10752,16.5703
Suite_14,Deferred_Uber,0,69,1.67697,0.626665,0.009024,0.09216,0.387072,2.34749,425.987,15000,10112,16.422
Suite_14,Deferred_Uber,0,70,1.67608,0.641808,0.008192,0.09216,0.403072,2.32349,430.388,15000,9088,16.4656
Suite_14,Deferred_Uber,0,71,1.67419,0.633866,0.008192,0.091328,0.38912,2.33745,427.817,15000,8704,14.343
Suite_14,Deferred_Uber,0,72,1.66261,0.639876,0.008224,0.089632,0.382976,2.32684,429.767,15000,8064,14.4485
Suite_14,Deferred_Uber,0,73,1.66336,0.645641,0.008,0.090656,0.377568,2.32219,430.627,15000,7552,14.5531
Suite_14,Deferred_Uber,0,74,1.65677,0.637851,0.006336,0.088064,0.380928,2.33006,429.174,15000,6784,14.653
Suite_14,Deferred_Uber,0,75,1.64908,0.62929,0.006912,0.086144,0.37888,2.31274,432.388,15000,6400,14.5594
Suite_14,Deferred_Uber,0,76,1.64724,0.633645,0.013728,0.0872,0.393248,2.29535,435.664,15000,6016,14.6537
Suite_14,Deferred_Uber,0,77,1.64708,0.634711,0.006144,0.08544,0.378272,2.30214,434.379,15000,5632,14.7437
Suite_14,Deferred_Uber,0,78,1.66404,0.708042,0.006144,0.084992,0.3664,2.30121,434.553,15000,5504,14.8308
Suite_14,Deferred_Uber,0,79,1.64794,0.649241,0.004704,0.083968,0.371872,2.39264,417.948,15000,5248,14.9139
Suite_14,Deferred_Uber,0,80,1.63659,0.634663,0.00576,0.082272,0.369984,2.31587,431.804,15000,4864,14.9912
Suite_14,Deferred_Uber,0,81,1.62751,0.633457,0.004096,0.08192,0.363328,2.28959,436.759,15000,4352,15.0648
Suite_14,Deferred_Uber,0,82,1.62609,0.652181,0.016384,0.079872,0.384768,2.27872,438.844,15000,4096,15.1369
Suite_14,Deferred_Uber,0,83,1.62798,0.62958,0.004096,0.079872,0.36928,2.29559,435.619,15000,3968,15.2051
Suite_14,Deferred_Uber,0,84,1.61812,0.629061,0.004096,0.07808,0.359136,2.27406,439.742,15000,3712,15.269
Suite_14,Deferred_Uber,0,85,1.61767,0.637339,0.003968,0.076544,0.364704,2.26492,441.517,15000,3584,15.3293
Suite_14,Deferred_Uber,0,86,1.61174,0.626335,0.004096,0.07616,0.356096,2.27316,439.915,15000,3200,15.3844
Suite_14,Deferred_Uber,0,87,1.61074,0.62528,0.002304,0.07552,0.362496,2.25412,443.633,15000,2688,15.4365
Suite_14,Deferred_Uber,0,88,1.60482,0.631984,0.002048,0.075776,0.387264,2.25143,444.163,15000,2688,15.4872
Suite_14,Deferred_Uber,0,89,1.6001,0.618899,0.003232,0.073728,0.356352,2.25974,442.528,15000,2688,14.5429
Suite_14,Deferred_Uber,0,90,1.599,0.622251,0.002688,0.073856,0.363872,2.23604,447.22,15000,2560,14.5751
Suite_14,Deferred_Uber,0,91,1.59305,0.62377,0.002048,0.072704,0.356832,2.23706,447.014,15000,2304,14.6049
Suite_14,Deferred_Uber,0,92,1.58972,0.621377,0.002048,0.073024,0.359264,2.23257,447.914,15000,2176,14.6326
Suite_14,Deferred_Uber,0,93,1.58927,0.619088,0.002176,0.07168,0.3496,2.22871,448.69,15000,1792,14.6559
Suite_14,Deferred_Uber,0,94,1.58326,0.652179,0.002048,0.069728,0.352384,2.22451,449.538,15000,1408,14.6763
Suite_14,Deferred_Uber,0,95,1.58541,0.617832,0.002048,0.069632,0.351488,2.25113,444.222,15000,1280,14.6952
Suite_14,Deferred_Uber,0,96,1.5864,0.650118,0.000896,0.069632,0.356352,2.21865,450.724,15000,1280,14.1418
Suite_14,Deferred_Uber,0,97,1.5771,0.623157,0.002048,0.068192,0.350688,2.25565,443.331,15000,1280,14.152
Suite_14,Deferred_Uber,0,98,1.57911,0.628451,0.002048,0.083488,0.373248,2.21697,451.067,15000,1280,14.16
Suite_14,Deferred_Uber,0,99,1.57426,0.617897,0.000608,0.067584,0.352256,2.22267,449.909,15000,1152,14.1654
Suite_14,Deferred_Uber,0,100,1.57055,0.617733,0.002016,0.067456,0.349632,2.20747,453.007,15000,1024,13.577
Suite_14,Deferred_Uber,0,101,1.56243,0.624125,0.001056,0.0672,0.346112,2.20524,453.465,15000,896,13.5744
Suite_14,Deferred_Uber,0,102,1.56279,0.617893,0.001984,0.066304,0.349856,2.20266,453.998,15000,896,13.5709
Suite_14,Deferred_Uber,0,103,1.56011,0.616335,0.001152,0.066624,0.341792,2.19523,455.534,15000,640,13.5642
Suite_14,Deferred_Uber,0,104,1.5579,0.61748,0.001312,0.065184,0.351104,2.19076,456.462,15000,384,11.1989
Suite_14,Deferred_Uber,0,105,1.5562,0.618377,0.00048,0.062176,0.344064,2.1928,456.037,15000,256,11.2239
Suite_14,Deferred_Uber,0,106,1.54395,0.616682,0.000512,0.061504,0.34304,2.19031,456.557,15000,256,8.72719
Suite_14,Deferred_Uber,0,107,1.54731,0.633769,0.000384,0.061888,0.346112,2.17554,459.656,15000,128,8.78511
Suite_14,Deferred_Uber,0,108,1.53914,0.618508,0.000192,0.062528,0.339872,2.19696,455.174,15000,128,8.84269
Suite_14,Deferred_Uber,0,109,1.53662,0.594594,0,0.063072,0.340256,2.17485,459.801,15000,0,8.89838
Suite_14,Deferred_Uber,0,110,1.53688,0.60021,0.001696,0.063488,0.343168,2.14577,466.033,15000,0,8.95429
Suite_14,Deferred_Uber,0,111,1.53618,0.598311,0.001728,0.06144,0.337792,2.1522,464.64,15000,0,9.00939
Suite_14,Deferred_Uber,0,112,1.52506,0.614266,0.001152,0.06096,0.338208,2.14847,465.447,15000,0,9.0637
Suite_14,Deferred_Uber,0,113,1.51803,0.597507,0.00112,0.060672,0.346624,2.15598,463.827,15000,0,9.11724
Suite_14,Deferred_Uber,0,114,1.52575,0.60427,0,0.061376,0.352256,2.13043,469.388,15000,0,9.17002
Suite_14,Deferred_Uber,0,115,1.51667,0.608281,0.000512,0.06144,0.339968,2.14416,466.382,15000,0,9.22208
Suite_14,Deferred_Uber,0,116,1.51855,0.593555,0,0.059648,0.336352,2.13873,467.567,15000,0,9.27344
Suite_14,Deferred_Uber,0,117,1.52126,0.603538,0.001248,0.060768,0.34672,2.13275,468.879,15000,0,9.32413
Suite_14,Deferred_Uber,0,118,1.51219,0.59275,0.0016,0.060928,0.341408,2.14019,467.248,15000,0,9.37418
Suite_14,Deferred_Uber,0,119,1.51157,0.591419,0.001248,0.061024,0.343936,2.11915,471.887,15000,0,9.42363
Suite_14,Deferred_Uber,0,120,1.50303,0.600984,0.00048,0.060288,0.341536,2.11633,472.516,15000,0,9.4725
Suite_14,Deferred_Uber,0,121,1.50442,0.594898,0.000128,0.059808,0.3416,2.12144,471.378,15000,0,8.83452
Suite_14,Deferred_Uber,0,122,1.50171,0.595857,0,0.059424,0.348352,2.11388,473.064,15000,0,8.88009
Suite_14,Deferred_Uber,0,123,1.49785,0.612588,0,0.059392,0.33184,2.11165,473.563,15000,0,8.4871
Suite_14,Deferred_Uber,0,124,1.50033,0.597054,0.000224,0.059712,0.346112,2.12507,470.572,15000,0,8.52947
Suite_14,Deferred_Uber,0,125,1.49399,0.590719,6.4e-05,0.059776,0.345472,2.11392,473.055,15000,0,8.57155
Suite_14,Deferred_Uber,0,126,1.49493,0.595205,0.001312,0.060448,0.34544,2.09952,476.299,15000,0,8.61338
Suite_14,Deferred_Uber,0,127,1.49478,0.604919,0.000384,0.060064,0.362496,2.10472,475.122,15000,0,8.65499
Suite_14,Deferred_Uber,0,128,1.48536,0.608412,3.2e-05,0.059712,0.347136,2.11419,472.994,15000,0,8.69643
Suite_14,Deferred_Uber,0,129,1.4843,0.592626,0.000512,0.059936,0.339968,2.10931,474.089,15000,0,8.3879
Suite_14,Deferred_Uber,0,130,1.48056,0.60693,0.000736,0.060832,0.344032,2.09208,477.993,15000,0,8.42671
Suite_14,Deferred_Uber,0,131,1.47886,0.59666,0.00048,0.059808,0.339968,2.10162,475.822,15000,0,8.46544
Suite_14,Deferred_Uber,0,132,1.4783,0.594753,0.000192,0.059648,0.335552,2.08886,478.73,15000,0,8.5041
Suite_14,Deferred_Uber,0,133,1.47792,0.624235,0.001216,0.059392,0.358496,2.08822,478.876,15000,0,8.10172
Suite_14,Deferred_Uber,0,134,1.476,0.60125,0.000416,0.059552,0.34848,2.11909,471.901,15000,0,8.13626
Suite_14,Deferred_Uber,0,135,1.47189,0.604608,0,0.059648,0.34304,2.09219,477.968,15000,0,8.1708
Suite_14,Deferred_Uber,0,136,1.46866,0.594525,0,0.059264,0.342752,2.09119,478.197,15000,0,6.30728
Suite_14,Deferred_Uber,0,137,1.46971,0.593851,0.001216,0.083232,0.363296,2.07926,480.941,15000,0,6.36506
Suite_14,Deferred_Uber,0,138,1.46928,0.607347,0.001184,0.059264,0.342016,2.07912,480.972,15000,0,6.42297
Suite_14,Deferred_Uber,0,139,1.46163,0.593557,0.000544,0.059392,0.349248,2.09026,478.408,15000,0,6.481
Suite_14,Deferred_Uber,0,140,1.46302,0.600396,0.001536,0.059264,0.340736,2.06864,483.409,15000,0,6.13876
Suite_14,Deferred_Uber,0,141,1.45702,0.596679,0.000576,0.058368,0.333824,2.07942,480.903,15000,0,6.19375
Suite_14,Deferred_Uber,0,142,1.45627,0.596657,0.001504,0.059392,0.341088,2.06812,483.531,15000,0,6.2488
Suite_14,Deferred_Uber,0,143,1.45612,0.643527,0.001088,0.059008,0.354336,2.06607,484.011,15000,0,6.3039
Suite_14,Deferred_Uber,0,144,1.45033,0.599675,0.00032,0.0592,0.346112,2.11623,472.539,15000,0,6.35904
Suite_14,Deferred_Uber,0,145,1.4448,0.594848,0.001632,0.059392,0.346208,2.0659,484.051,15000,0,6.41419
Suite_14,Deferred_Uber,0,146,1.44949,0.592371,0.000672,0.059392,0.331776,2.05891,485.694,15000,0,6.46934
Suite_14,Deferred_Uber,0,147,1.45022,0.593591,0.000736,0.059392,0.366624,2.05566,486.461,15000,0,6.52447
Suite_14,Deferred_Uber,0,148,1.44704,0.589366,0.001696,0.059392,0.335712,2.05751,486.024,15000,0,6.57957
Suite_14,Deferred_Uber,0,149,1.44678,0.601205,0,0.059456,0.34064,2.05152,487.444,15000,0,6.63461
Suite_14,Deferred_Uber,0,150,1.44591,0.597375,0.000192,0.059072,0.337664,2.0686,483.42,15000,0,6.68957
Suite_14,Deferred_Uber,0,151,1.43856,0.590466,0.000672,0.059392,0.340224,2.0573,486.073,15000,0,5.61456
Suite_14,Deferred_Uber,0,152,1.43516,0.591241,0.000128,0.058976,0.346112,2.04315,489.439,15000,0,5.67116
Suite_14,Deferred_Uber,0,153,1.43943,0.594204,0.000736,0.059392,0.339168,2.04119,489.911,15000,0,4.72197
Suite_14,Deferred_Uber,0,154,1.44114,0.607394,0.000576,0.057664,0.344224,2.0498,487.853,15000,0,4.77017
Suite_14,Deferred_Uber,0,155,1.42535,0.607235,0.001056,0.058624,0.340288,2.06201,484.963,15000,0,4.81845
Suite_14,Deferred_Uber,0,156,1.42542,0.593645,0.00016,0.057984,0.337536,2.04656,488.626,15000,0,4.86679
Suite_14,Deferred_Uber,0,157,1.43009,0.601815,0.000256,0.057792,0.335872,2.03445,491.532,15000,0,4.91517
Suite_14,Deferred_Uber,0,158,1.42673,0.59785,0.001248,0.058688,0.343744,2.04684,488.558,15000,0,4.96357
Suite_14,Deferred_Uber,0,159,1.42249,0.599285,0,0.05872,0.342656,2.03814,490.643,15000,0,5.01196
Suite_14,Deferred_Uber,0,160,1.41799,0.609404,0.000672,0.059296,0.337856,2.03492,491.42,15000,0,5.06031
Suite_14,Deferred_Uber,0,161,1.41632,0.593979,9.6e-05,0.058944,0.345472,2.04349,489.358,15000,0,5.1086
Suite_14,Deferred_Uber,0,162,1.41399,0.59503,0.000288,0.057888,0.339264,2.0245,493.949,15000,0,4.56118
Suite_14,Deferred_Uber,0,163,1.41256,0.595106,0.000512,0.058208,0.33936,2.02221,494.509,15000,0,4.60458
Suite_14,Deferred_Uber,0,164,1.41041,0.607933,0.000736,0.059168,0.36384,2.02133,494.725,15000,0,4.64785
Suite_14,Deferred_Uber,0,165,1.40784,0.597334,0.001152,0.05856,0.339584,2.03336,491.797,15000,0,4.69095
Suite_14,Deferred_Uber,0,166,1.40487,0.59303,0.001792,0.05904,0.33792,2.01945,495.184,15000,0,4.73385
Suite_14,Deferred_Uber,0,167,1.40634,0.597971,0.0008,0.0592,0.34528,2.01078,497.32,15000,0,4.77652
Suite_14,Deferred_Uber,0,168,1.40082,0.593109,0,0.057536,0.34592,2.01785,495.577,15000,0,4.81894
Suite_14,Deferred_Uber,0,169,1.40038,0.603445,0,0.058592,0.332608,2.00893,497.778,15000,0,4.86108
Suite_14,Deferred_Uber,0,170,1.39863,0.613393,0.001632,0.058944,0.340352,2.11944,471.823,15000,0,4.90289
Suite_14,Deferred_Uber,0,171,1.40426,0.593145,0.000608,0.058144,0.340352,2.02616,493.545,15000,0,4.94436
Suite_14,Deferred_Uber,0,172,1.39645,0.591176,0.00064,0.058144,0.335872,2.01138,497.17,15000,0,4.98545
Suite_14,Deferred_Uber,0,173,1.39923,0.587928,0.00016,0.057728,0.334368,2.00402,498.997,15000,0,5.02613
Suite_14,Deferred_Uber,0,174,1.3914,0.600406,0.000768,0.058208,0.343264,2.00724,498.198,15000,0,5.06637
Suite_14,Deferred_Uber,0,175,1.3968,0.633272,0.001792,0.059264,0.337344,2.00626,498.44,15000,0,5.10613
Suite_14,Deferred_Uber,0,176,1.3892,0.594106,0.000672,0.058208,0.347744,2.04568,488.835,15000,0,5.14539
Suite_14,Deferred_Uber,0,177,1.38506,0.5944,0.001536,0.059136,0.342432,1.99835,500.413,15000,0,5.18412
Suite_14,Deferred_Uber,0,178,1.38737,0.597836,0.001856,0.05792,0.348992,1.9949,501.279,15000,0,3.67435
Suite_14,Deferred_Uber,0,179,1.38732,0.591635,0.0008,0.05824,0.339968,1.99921,500.196,15000,0,3.70214
Suite_14,Deferred_Uber,0,180,1.37972,0.598706,0.0008,0.05904,0.341088,1.99261,501.855,15000,0,3.72962
Suite_14,Deferred_Uber,0,181,1.38277,0.597127,0,0.057408,0.337088,1.99314,501.721,15000,0,3.75678
Suite_14,Deferred_Uber,0,182,1.37752,0.589564,0.00048,0.057984,0.333824,1.99569,501.081,15000,0,3.78358
Suite_14,Deferred_Uber,0,183,1.37478,0.586231,0.000736,0.0592,0.335872,1.981,504.795,15000,0,3.81002
Suite_14,Deferred_Uber,0,184,1.37048,0.596494,0.001824,0.058848,0.334848,1.9743,506.509,15000,0,3.83608
Suite_14,Deferred_Uber,0,185,1.37207,0.603677,0.000832,0.058016,0.33392,1.98322,504.231,15000,0,3.86173
Suite_14,Deferred_Uber,0,186,1.37019,0.599927,6.4e-05,0.057536,0.342016,1.9901,502.486,15000,0,3.88695
Suite_14,Deferred_Uber,0,187,1.36394,0.592278,9.6e-05,0.057728,0.34016,1.98325,504.223,15000,0,3.91173
Suite_14,Deferred_Uber,0,188,1.36878,0.598323,3.2e-05,0.057344,0.339968,1.96951,507.741,15000,0,3.93606
Suite_14,Deferred_Uber,0,189,1.365,0.594075,0.000704,0.05824,0.34144,1.983,504.286,15000,0,3.9599
Suite_14,Deferred_Uber,0,190,1.36393,0.602789,0.000704,0.05824,0.343264,1.97298,506.848,15000,0,3.98324
Suite_14,Deferred_Uber,0,191,1.36282,0.601622,0.00016,0.05776,0.33792,1.97986,505.086,15000,0,4.00607
Suite_14,Deferred_Uber,0,192,1.36469,0.607778,9.6e-05,0.057472,0.3496,1.97863,505.399,15000,0,4.02837
Suite_14,Deferred_Uber,0,193,1.36148,0.613015,0.000128,0.0576,0.343232,1.99029,502.439,15000,0,4.05012
Suite_14,Deferred_Uber,0,194,1.35414,0.592989,0.00016,0.05776,0.333184,1.98937,502.672,15000,0,4.0713
Suite_14,Deferred_Uber,0,195,1.34902,0.602668,0.00064,0.058112,0.335872,1.96003,510.196,15000,0,4.09191
Suite_14,Deferred_Uber,0,196,1.34925,0.615464,0.001568,0.058848,0.340352,1.96553,508.768,15000,0,4.11192
Suite_14,Deferred_Uber,0,197,1.34788,0.591888,0.001664,0.05872,0.344416,1.98043,504.942,15000,0,4.13132
Suite_14,Deferred_Uber,0,198,1.34395,0.598,0.001888,0.059264,0.333984,1.95426,511.702,15000,0,4.1501
Suite_14,Deferred_Uber,0,199,1.3466,0.598359,0.001056,0.05856,0.343872,1.95613,511.213,15000,0,4.16824
Suite_14,Deferred_Uber,0,200,1.34235,0.593578,0.001184,0.058368,0.340416,1.95893,510.482,15000,0,4.18573
Suite_14,Deferred_Uber,0,201,1.33901,0.60167,0.001344,0.0584,0.344,1.95165,512.388,15000,0,4.20257
Suite_14,Deferred_Uber,0,202,1.34028,0.599626,0.000128,0.05744,0.339872,1.95527,511.438,15000,0,4.21873
Suite_14,Deferred_Uber,0,203,1.33749,0.594635,0.000768,0.05792,0.335872,1.95865,510.555,15000,0,2.82122
Suite_14,Deferred_Uber,0,204,1.33622,0.616301,0.001952,0.058016,0.337984,1.94627,513.803,15000,0,2.82764
Suite_14,Deferred_Uber,0,205,1.3384,0.594846,0.000704,0.058016,0.339968,1.96787,508.164,15000,0,2.23735
Suite_14,Deferred_Uber,0,206,1.34215,0.601682,0.000608,0.082432,0.372736,1.94919,513.034,15000,0,2.24148
Suite_14,Deferred_Uber,0,207,1.33239,0.58737,0.002016,0.059008,0.333312,1.95675,511.052,15000,0,2.24521
Suite_14,Deferred_Uber,0,208,1.33456,0.588848,0.000352,0.057376,0.335872,1.93344,517.213,15000,0,2.24852
Suite_14,Deferred_Uber,0,209,1.32989,0.594832,0.000576,0.057568,0.339584,1.93854,515.852,15000,0,2.25143
Suite_14,Deferred_Uber,0,210,1.33069,0.588334,0.001792,0.058784,0.348128,1.94056,515.316,15000,0,2.25393
Suite_14,Deferred_Uber,0,211,1.32461,0.600837,0.001504,0.057344,0.342848,1.93175,517.666,15000,0,0.761089
Suite_14,Deferred_Uber,0,212,1.32001,0.602612,0.001888,0.058816,0.336064,1.93867,515.818,15000,0,0.764989
Suite_14,Deferred_Uber,0,213,1.32102,0.59913,0.000736,0.057568,0.342016,1.93725,516.195,15000,0,0.768849
Suite_14,Deferred_Uber,0,214,1.32197,0.599215,0.000672,0.057376,0.344064,1.93431,516.981,15000,0,0.772669
Suite_14,Deferred_Uber,0,215,1.31451,0.597742,0.000192,0.057344,0.339968,1.93512,516.764,15000,0,0.776446
Suite_14,Deferred_Uber,0,216,1.31763,0.609126,0.000288,0.057472,0.361664,1.92563,519.31,15000,0,0.780181
Suite_14,Deferred_Uber,0,217,1.30861,0.596565,0.00144,0.057344,0.344064,1.94212,514.9,15000,0,0.783871
Suite_14,Deferred_Uber,0,218,1.30966,0.594777,0.001408,0.057344,0.338848,1.91934,521.013,15000,0,0.787517
Suite_14,Deferred_Uber,0,219,1.30558,0.586655,0.000896,0.057536,0.342016,1.91768,521.463,15000,0,0.791116
Suite_14,Deferred_Uber,0,220,1.31451,0.595234,0.002048,0.057536,0.337312,1.90523,524.871,15000,0,0.794669
Suite_14,Deferred_Uber,0,221,1.30852,0.588916,0.000512,0.057376,0.33792,1.92582,519.26,15000,0,0.798173
Suite_14,Deferred_Uber,0,222,1.30452,0.598515,0.000416,0.057344,0.339968,1.91147,523.157,15000,0,0.801628
Suite_14,Deferred_Uber,0,223,1.31505,0.666879,0.000672,0.057376,0.335104,1.91629,521.843,15000,0,0.805034
Suite_14,Deferred_Uber,0,224,1.30967,0.646997,0.000576,0.058592,0.350528,2.00184,499.541,15000,0,0.808389
Suite_14,Deferred_Uber,0,225,1.30402,0.593426,0.000512,0.057344,0.342016,1.97515,506.291,15000,0,0.811692
Suite_14,Deferred_Uber,0,226,1.2968,0.598046,0.000416,0.057472,0.337024,1.91232,522.924,15000,0,0.814943
Suite_14,Deferred_Uber,0,227,1.29835,0.617868,0.001696,0.058464,0.347008,1.90773,524.182,15000,0,0.818141
Suite_14,Deferred_Uber,0,228,1.29235,0.597323,0.001376,0.057344,0.346112,1.93063,517.966,15000,0,0.821285
Suite_14,Deferred_Uber,0,229,1.29485,0.59326,0.000992,0.05776,0.33392,1.90554,524.787,15000,0,0.824374
Suite_14,Deferred_Uber,0,230,1.28628,0.59349,0.001792,0.058432,0.34256,1.90288,525.519,15000,0,0.827408
Suite_14,Deferred_Uber,0,231,1.29313,0.599399,0.00176,0.057344,0.336704,1.89863,526.695,15000,0,0.830386
Suite_14,Deferred_Uber,0,232,1.28588,0.601355,0.000768,0.057568,0.341312,1.90576,524.726,15000,0,0.833307
Suite_14,Deferred_Uber,0,233,1.28707,0.587629,0.000512,0.057344,0.341312,1.90271,525.565,15000,0,0.83617
Suite_14,Deferred_Uber,0,234,1.28302,0.594464,0.000896,0.057696,0.335584,1.8891,529.353,15000,0,0.838977
Suite_14,Deferred_Uber,0,235,1.2878,0.590336,0.002048,0.057408,0.346048,1.89174,528.615,15000,0,0.841724
Suite_14,Deferred_Uber,0,236,1.27895,0.606687,0.001728,0.058368,0.344,1.89158,528.657,15000,0,0.844413
Suite_14,Deferred_Uber,0,237,1.27419,0.597179,0.000704,0.057408,0.344,1.90093,526.059,15000,0,0.847042
Suite_14,Deferred_Uber,0,238,1.27587,0.601956,0.001568,0.057344,0.33792,1.88562,530.331,15000,0,0.849611
Suite_14,Deferred_Uber,0,239,1.27672,0.593905,0.000832,0.057376,0.345472,1.89168,528.63,15000,0,0.852121
Suite_14,Deferred_Uber,0,240,1.27121,0.592057,0.001632,0.058528,0.341856,1.88453,530.635,15000,0,0.85457
Suite_14,Deferred_Uber,0,241,1.27389,0.587496,0.002048,0.05792,0.33616,1.87813,532.445,15000,0,0.856958
Suite_14,Deferred_Uber,0,242,1.27425,0.595623,0.002048,0.057632,0.339488,1.87573,533.127,15000,0,0.859285
Suite_14,Deferred_Uber,0,243,1.27327,0.59994,0.001664,0.057344,0.335808,1.8834,530.954,15000,0,0.86155
Suite_14,Deferred_Uber,0,244,1.27474,0.591668,0.001696,0.058528,0.346112,1.8863,530.138,15000,0,0.863754
Suite_14,Deferred_Uber,0,245,1.27154,0.630885,0.000736,0.057344,0.341824,1.88173,531.425,15000,0,0.865897
Suite_14,Deferred_Uber,0,246,1.27298,0.603767,0.001984,0.057408,0.343232,1.92009,520.808,15000,0,0.867977
Suite_14,Deferred_Uber,0,247,1.26528,0.595603,0.001824,0.057344,0.339616,1.8902,529.044,15000,0,0.869996
Suite_14,Deferred_Uber,0,248,1.26156,0.602537,0.001888,0.0576,0.339424,1.88012,531.881,15000,0,0.871952
Suite_14,Deferred_Uber,0,249,1.26094,0.601975,0.002016,0.057344,0.333824,1.87864,532.299,15000,0,0.873847
Suite_14,Deferred_Uber,0,250,1.25511,0.593959,0.002048,0.057664,0.348608,1.87788,532.514,15000,0,0.87568
Suite_14,Deferred_Uber,0,251,1.25894,0.587239,0.001984,0.057344,0.336096,1.86181,537.112,15000,0,0.87745
Suite_14,Deferred_Uber,0,252,1.25545,0.587611,0.001952,0.058496,0.343488,1.85937,537.816,15000,0,0.879159
Suite_14,Deferred_Uber,0,253,1.25708,0.610385,0.002112,0.057664,0.339968,1.85925,537.851,15000,0,0.880806
Suite_14,Deferred_Uber,0,254,1.25488,0.59413,0.002048,0.058368,0.338976,1.88248,531.215,15000,0,0.882391
Suite_14,Deferred_Uber,0,255,1.25103,0.592209,0.002048,0.057344,0.334944,1.86228,536.975,15000,0,0.883915
Suite_14,Deferred_Uber,0,256,1.24923,0.604339,0.002048,0.057568,0.336448,1.85664,538.607,15000,0,0.885378
Suite_14,Deferred_Uber,0,257,1.24609,0.594674,0.002048,0.057664,0.367616,1.86912,535.011,15000,0,0.88678
Suite_14,Deferred_Uber,0,258,1.24991,0.620178,0.002048,0.057344,0.336512,1.85506,539.067,15000,0,0.888121
Suite_14,Deferred_Uber,0,259,1.24824,0.596529,0.002048,0.059168,0.34016,1.88883,529.429,15000,0,0.889402
Suite_14,Deferred_Uber,0,260,1.24714,0.61454,0.002048,0.059392,0.34464,1.85816,538.168,15000,0,0.890623
Suite_14,Deferred_Uber,0,261,1.24814,0.596737,0.002368,0.05808,0.338016,1.87979,531.974,15000,0,0.891785
Suite_14,Deferred_Uber,0,262,1.24595,0.609714,0.002336,0.05792,0.347488,1.85929,537.839,15000,0,0.892887
Suite_14,Deferred_Uber,0,263,1.23803,0.592798,0.00256,0.059392,0.344064,1.86917,534.997,15000,0,0.89393
Suite_14,Deferred_Uber,0,264,1.23833,0.613649,0.002432,0.057888,0.33488,1.84367,542.398,15000,0,0.894916
Suite_14,Deferred_Uber,0,265,1.23919,0.590985,0.002528,0.05824,0.345184,1.86858,535.167,15000,0,0.895843
Suite_14,Deferred_Uber,0,266,1.23831,0.902419,0.002592,0.059392,0.342016,1.84559,541.833,15000,0,0.896713
Suite_14,Deferred_Uber,0,267,1.23387,0.59103,0.002304,0.058944,0.342016,2.15394,464.265,15000,0,0.897527
Suite_14,Deferred_Uber,0,268,1.24022,0.596844,0.002624,0.058784,0.36864,1.8384,543.951,15000,0,0.898284
Suite_14,Deferred_Uber,0,269,1.23186,0.604936,0.00352,0.059392,0.338208,1.85371,539.46,15000,0,0.898986
Suite_14,Deferred_Uber,0,270,1.2309,0.594667,0.002432,0.05904,0.335872,1.85073,540.328,15000,0,0.899633
Suite_14,Deferred_Uber,0,271,1.23112,0.5994,0.003936,0.058208,0.3376,1.83847,543.93,15000,0,0.900225
Suite_14,Deferred_Uber,0,272,1.2276,0.593876,0.004,0.059136,0.344896,1.84446,542.165,15000,0,0.900764
Suite_14,Deferred_Uber,0,273,1.22725,0.585747,0.002944,0.057984,0.33792,1.83625,544.587,15000,0,0.90125
Suite_14,Deferred_Uber,0,274,1.22564,0.597167,0.003552,0.059392,0.34176,1.82674,547.424,15000,0,0.901684
Suite_14,Deferred_Uber,0,275,1.23081,0.59321,0.003424,0.063488,0.374784,1.83605,544.648,15000,0,0.902067
Suite_14,Deferred_Uber,0,276,1.22695,0.599535,0.003392,0.059392,0.352256,1.83812,544.033,15000,0,0.902398
Suite_14,Deferred_Uber,0,277,1.22451,0.597588,0.00272,0.059136,0.344064,1.84103,543.175,15000,0,0.902679
Suite_14,Deferred_Uber,0,278,1.22329,0.597647,0.0024,0.059392,0.344064,1.83694,544.382,15000,0,0.902911
Suite_14,Deferred_Uber,0,279,1.22192,0.608804,0.002976,0.05936,0.348192,1.83384,545.303,15000,0,0.903095
Suite_14,Deferred_Uber,0,280,1.22076,0.595497,0.003552,0.059392,0.350208,1.84564,541.818,15000,0,0.903231
Suite_14,Deferred_Uber,0,281,1.22082,0.802523,0.003584,0.059392,0.347168,1.83199,545.855,15000,0,0.90332
Suite_14,Deferred_Uber,0,282,1.21939,0.590993,0.00368,0.059392,0.34768,2.03787,490.709,15000,0,0.903363
Suite_14,Deferred_Uber,0,283,1.21954,0.5969,0.003584,0.060448,0.368608,1.82376,548.317,15000,0,0.903361
Suite_14,Deferred_Uber,0,284,1.21874,0.592587,0.002944,0.059392,0.348288,1.82917,546.696,15000,0,0.903314
Suite_14,Deferred_Uber,0,285,1.21126,0.604434,0.004032,0.060864,0.352256,1.82707,547.324,15000,0,0.903224
Suite_14,Deferred_Uber,0,286,1.21541,0.604049,0.003904,0.06048,0.344064,1.8297,546.536,15000,0,0.903091
Suite_14,Deferred_Uber,0,287,1.21283,0.586379,0.004096,0.06096,0.359616,1.83342,545.428,15000,0,0.902916
Suite_14,Deferred_Uber,0,288,1.21349,0.59375,0.003936,0.05952,0.350208,1.81781,550.113,15000,0,0.9027
Suite_14,Deferred_Uber,0,289,1.20809,0.661635,0.004096,0.059392,0.34832,1.82213,548.808,15000,0,0.902444
Suite_14,Deferred_Uber,0,290,1.21246,0.611511,0.004192,0.059936,0.345728,1.88365,530.884,15000,0,0.902149
Suite_14,Deferred_Uber,0,291,1.20592,0.593384,0.004576,0.059872,0.348416,1.83831,543.978,15000,0,0.901816
Suite_14,Deferred_Uber,0,292,1.20434,0.588708,0.004352,0.059936,0.351328,1.81215,551.832,15000,0,0.901445
Suite_14,Deferred_Uber,0,293,1.20811,0.584359,0.004352,0.060736,0.350208,1.80783,553.148,15000,0,0.901038
Suite_14,Deferred_Uber,0,294,1.20228,0.60002,0.00512,0.060608,0.33856,1.80607,553.688,15000,0,0.900595
Suite_14,Deferred_Uber,0,295,1.20526,0.605,0.00544,0.06032,0.353536,1.81567,550.762,15000,0,0.900117
Suite_14,Deferred_Uber,0,296,1.20247,0.5986,0.004544,0.05952,0.34816,1.82335,548.442,15000,0,0.899606
Suite_14,Deferred_Uber,0,297,1.19761,0.589288,0.004736,0.060256,0.34416,1.81597,550.671,15000,0,0.899061
Suite_14,Deferred_Uber,0,298,1.19898,0.595136,0.004832,0.0608,0.344384,1.80169,555.035,15000,0,0.898484
Suite_14,Deferred_Uber,0,299,1.21047,0.61463,0.00592,0.060896,0.353568,1.80754,553.238,15000,0,0.897876
Suite_14,Deferred_Uber,0,300,1.20162,0.674037,0.004544,0.060768,0.34816,1.84151,543.034,15000,0,0.897238
Suite_14,Deferred_Uber,0,301,1.20057,0.597052,0.006144,0.061056,0.347296,1.8916,528.653,15000,0,0.896571
Suite_14,Deferred_Uber,0,302,1.20264,0.598827,0.006048,0.060992,0.369088,1.81222,551.809,15000,0,0.895875
Suite_14,Deferred_Uber,0,303,1.19519,0.587536,0.00496,0.061056,0.351648,1.81495,550.98,15000,0,0.895151
Suite_14,Deferred_Uber,0,304,1.19933,0.646286,0.005696,0.060096,0.344032,1.79541,556.976,15000,0,0.894401
Suite_14,Deferred_Uber,0,305,1.19924,0.605437,0.00576,0.061536,0.352192,1.86016,537.588,15000,0,0.893624
Suite_14,Deferred_Uber,0,306,1.19197,0.59386,0.006144,0.060416,0.362336,1.81992,549.476,15000,0,0.892823
Suite_14,Deferred_Uber,0,307,1.19516,0.595707,0.00496,0.06144,0.355872,1.79864,555.977,15000,0,0.891997
Suite_14,Deferred_Uber,0,308,1.18974,0.628665,0.006144,0.06144,0.352256,1.80753,553.241,15000,0,0.891148
Suite_14,Deferred_Uber,0,309,1.19387,0.594872,0.006144,0.06144,0.369792,1.8331,545.524,15000,0,0.890277
Suite_14,Deferred_Uber,0,310,1.19666,0.588779,0.006464,0.06128,0.35648,1.80339,554.512,15000,0,0
Suite_14,Deferred_Uber,0,311,1.18756,0.600763,0.006144,0.059392,0.344928,1.79803,556.164,15000,0,0
Suite_14,Deferred_Uber,0,312,1.18827,0.592905,0.006144,0.060672,0.355232,1.80108,555.223,15000,0,0
Suite_14,Deferred_Uber,0,313,1.19076,0.597525,0.006784,0.06016,0.354304,1.7955,556.949,15000,0,0
Suite_14,Deferred_Uber,0,314,1.18925,0.594961,0.00688,0.059936,0.354464,1.80293,554.654,15000,0,0
Suite_14,Deferred_Uber,0,315,1.18483,0.584605,0.006816,0.060832,0.35392,1.79678,556.552,15000,0,0
Suite_14,Deferred_Uber,0,316,1.18535,0.596826,0.00816,0.060896,0.353696,1.78599,559.912,15000,0,0
Suite_14,Deferred_Uber,0,317,1.18835,0.603179,0.0072,0.06128,0.352256,1.79722,556.416,15000,0,0
Suite_14,Deferred_Uber,0,318,1.18299,0.593011,0.007136,0.06144,0.358048,1.80609,553.681,15000,0,0
Suite_14,Deferred_Uber,0,319,1.18339,0.585574,0.007168,0.061088,0.347328,1.78865,559.081,15000,0,0
Suite_14,Deferred_Uber,0,320,1.18758,0.583302,0.006976,0.060896,0.347936,1.78162,561.287,15000,0,0
Suite_14,Deferred_Uber,0,321,1.18339,0.604495,0.008096,0.06128,0.357088,1.78501,560.222,15000,0,0
Suite_14,Deferred_Uber,0,322,1.181,0.599069,0.00816,0.0616,0.352992,1.80215,554.892,15000,0,0
Suite_14,Deferred_Uber,0,323,1.18504,0.774534,0.008192,0.061184,0.350176,1.79335,557.614,15000,0,0
Suite_14,Deferred_Uber,0,324,1.1817,0.588992,0.008192,0.061376,0.348928,1.97229,507.024,15000,0,0
Suite_14,Deferred_Uber,0,325,1.18386,0.598633,0.009376,0.062592,0.3464,1.79056,558.484,15000,0,0
Suite_14,Deferred_Uber,0,326,1.18585,0.602987,0.009248,0.06144,0.357056,1.79741,556.355,15000,0,0
Suite_14,Deferred_Uber,0,327,1.17984,0.658269,0.00896,0.061856,0.34752,1.8018,555,15000,0,0
Suite_14,Deferred_Uber,0,328,1.18114,0.594088,0.009248,0.062464,0.355168,1.85111,540.216,15000,0,0
Suite_14,Deferred_Uber,0,329,1.17898,0.598397,0.009568,0.08672,0.383456,1.79072,558.435,15000,0,0
Suite_14,Deferred_Uber,0,330,1.17739,0.596683,0.008352,0.062752,0.360448,1.79145,558.207,15000,0,0
Suite_14,Deferred_Uber,0,331,1.18471,0.680395,0.009536,0.062848,0.34816,1.78812,559.245,15000,0,0
Suite_14,Deferred_Uber,0,332,1.18443,0.60243,0.008992,0.062656,0.37888,1.87847,532.348,15000,0,0
Suite_14,Deferred_Uber,0,333,1.18077,0.592709,0.009984,0.063488,0.353824,1.8036,554.446,15000,0,0
Suite_14,Deferred_Uber,0,334,1.17722,0.593688,0.01024,0.063072,0.358592,1.78691,559.624,15000,0,0
Suite_14,Deferred_Uber,0,335,1.18109,0.586993,0.010176,0.063488,0.357792,1.78431,560.44,15000,0,0
Suite_14,Deferred_Uber,0,336,1.18599,0.594612,0.01024,0.08704,0.385376,1.78092,561.507,15000,0,0
Suite_14,Deferred_Uber,0,337,1.18335,0.607698,0.010944,0.063328,0.365152,1.7962,556.731,15000,0,0
Suite_14,Deferred_Uber,0,338,1.17547,0.600389,0.01024,0.063424,0.36736,1.80488,554.055,15000,0,0
Suite_14,Deferred_Uber,0,339,1.17837,0.590364,0.010464,0.063744,0.364544,1.78917,558.919,15000,0,0
Suite_14,Deferred_Uber,0,340,1.17687,0.604921,0.011296,0.063488,0.352256,1.78102,561.475,15000,0,0
Suite_14,Deferred_Uber,0,341,1.18025,0.587021,0.01168,0.065344,0.362656,1.79804,556.163,15000,0,0
Suite_14,Deferred_Uber,0,342,1.17587,0.627928,0.01168,0.064256,0.363264,1.7817,561.26,15000,0,0
Suite_14,Deferred_Uber,0,343,1.17734,0.590797,0.01104,0.063488,0.360032,1.81671,550.446,15000,0,0
Suite_14,Deferred_Uber,0,344,1.18395,0.595185,0.012032,0.06416,0.36432,1.7806,561.609,15000,0,0
Suite_14,Deferred_Uber,0,345,1.1771,0.59048,0.012192,0.065472,0.364192,1.80441,554.199,15000,0,0
Suite_14,Deferred_Uber,0,346,1.18128,0.932066,0.012288,0.06464,0.36688,1.78156,561.305,15000,0,0
Suite_14,Deferred_Uber,0,347,1.18116,0.599436,0.012512,0.063712,0.357824,2.12706,470.133,15000,0,0
Suite_14,Deferred_Uber,0,348,1.18033,0.600741,0.012288,0.065376,0.363296,1.79394,557.432,15000,0,0
Suite_14,Deferred_Uber,0,349,1.18102,0.593613,0.012672,0.063904,0.35632,1.79688,556.522,15000,0,0
Suite_14,Deferred_Uber,0,350,1.17691,0.681474,0.01296,0.064064,0.3664,1.78843,559.149,15000,0,0
Suite_14,Deferred_Uber,0,351,1.17648,0.593818,0.013664,0.065536,0.366944,1.87161,534.299,15000,0,0
Suite_14,Deferred_Uber,0,352,1.18014,0.597817,0.014144,0.089632,0.38528,1.78455,560.367,15000,0,0
Suite_14,Deferred_Uber,0,353,1.18068,0.592867,0.014144,0.065536,0.365024,1.79231,557.941,15000,0,0
Suite_14,Deferred_Uber,0,354,1.17646,0.710102,0.014336,0.065408,0.367168,1.78769,559.381,15000,0,0
Suite_14,Deferred_Uber,0,355,1.18744,0.612044,0.014336,0.065504,0.385632,1.90089,526.07,15000,0,0
Suite_14,Deferred_Uber,0,356,1.18348,0.594731,0.014784,0.0656,0.367712,1.81366,551.372,15000,0,0
Suite_14,Deferred_Uber,0,357,1.17808,0.595964,0.014336,0.065568,0.369664,1.79323,557.654,15000,0,0
Suite_14,Deferred_Uber,0,358,1.18352,0.600464,0.01472,0.067392,0.365568,1.78813,559.243,15000,0,0
Suite_14,Deferred_Uber,0,359,1.18405,0.600805,0.014656,0.065536,0.394272,1.79653,556.628,15000,0,0
Suite_14,Deferred_Uber,0,360,1.18198,0.592114,0.01472,0.065696,0.372096,1.79882,555.921,15000,0,0
Suite_14,Deferred_Uber,0,361,1.17878,0.585826,0.014944,0.066752,0.371776,1.78865,559.082,15000,0,0
Suite_14,Deferred_Uber,0,362,1.17226,0.583136,0.01568,0.066176,0.361056,1.77812,562.39,15000,0,0
Suite_14,Deferred_Uber,0,363,1.17577,0.607527,0.015808,0.067488,0.370592,1.77261,564.14,15000,0,0
Suite_14,Deferred_Uber,0,364,1.17949,0.593418,0.016032,0.066144,0.366592,1.79675,556.562,15000,0,0
Suite_14,Deferred_Uber,0,365,1.17916,0.59049,0.016448,0.067232,0.376736,1.78812,559.247,15000,0,0
Suite_14,Deferred_Uber,0,366,1.17975,0.591291,0.016512,0.067584,0.372736,1.7833,560.758,15000,0,0
Suite_14,Deferred_Uber,0,367,1.17893,0.597424,0.016384,0.067584,0.368512,1.78335,560.743,15000,0,0
Suite_14,Deferred_Uber,0,368,1.18403,0.602948,0.016384,0.067584,0.374688,1.78995,558.675,15000,0,0
Suite_14,Deferred_Uber,0,369,1.17637,0.883107,0.017248,0.067488,0.372736,1.80149,555.096,15000,0,0
Suite_14,Deferred_Uber,0,370,1.17751,0.597177,0.018304,0.067968,0.364928,2.07364,482.243,15000,0,0
Suite_14,Deferred_Uber,0,371,1.17883,0.596112,0.017952,0.067584,0.372096,1.78788,559.32,15000,0,0
Suite_14,Deferred_Uber,0,372,1.18354,0.587437,0.018432,0.067584,0.372928,1.7878,559.348,15000,0,0
Suite_14,Deferred_Uber,0,373,1.17552,0.717036,0.018368,0.068064,0.371616,1.78997,558.668,15000,0,0
Suite_14,Deferred_Uber,0,374,1.17983,0.590028,0.018592,0.068288,0.368096,1.90726,524.311,15000,0,0
Suite_14,Deferred_Uber,0,375,1.17846,0.59605,0.019648,0.089792,0.395744,1.78317,560.798,15000,0,0
Suite_14,Deferred_Uber,0,376,1.17804,0.597975,0.018944,0.068288,0.370048,1.7873,559.503,15000,0,0
Suite_14,Deferred_Uber,0,377,1.17623,0.723621,0.018432,0.069184,0.376704,1.79089,558.382,15000,0,0
Suite_14,Deferred_Uber,0,378,1.18076,0.610623,0.019232,0.06896,0.391168,1.91392,522.488,15000,0,0
Suite_14,Deferred_Uber,0,379,1.17879,0.588573,0.020448,0.069248,0.382816,1.80478,554.085,15000,0,0
Suite_14,Deferred_Uber,0,380,1.17909,0.592171,0.019392,0.069536,0.37088,1.7801,561.767,15000,0,0
Suite_14,Deferred_Uber,0,381,1.17867,0.588268,0.020288,0.069632,0.382784,1.78682,559.652,15000,0,0
Suite_14,Deferred_Uber,0,382,1.176,0.597906,0.026624,0.06944,0.38992,1.78038,561.677,15000,0,0
Suite_14,Deferred_Uber,0,383,1.18168,0.585681,0.02048,0.069632,0.37712,1.78731,559.498,15000,0,0
Suite_14,Deferred_Uber,0,384,1.18431,0.598468,0.02208,0.070816,0.381536,1.77975,561.876,15000,0,0
Suite_14,Deferred_Uber,0,385,1.17806,0.58869,0.020736,0.069472,0.385024,1.79744,556.348,15000,0,0
Suite_14,Deferred_Uber,0,386,1.17715,0.596947,0.021824,0.069632,0.380928,1.78083,561.534,15000,0,0
Suite_14,Deferred_Uber,0,387,1.18879,0.674131,0.021824,0.070816,0.372736,1.78823,559.212,15000,0,0
Suite_14,Deferred_Uber,0,388,1.17908,0.619862,0.021472,0.069632,0.380992,1.88165,531.448,15000,0,0
Suite_14,Deferred_Uber,0,389,1.18142,0.598632,0.022528,0.069632,0.373952,1.81636,550.551,15000,0,0
Suite_14,Deferred_Uber,0,390,1.18161,0.611822,0.02256,0.071456,0.380352,1.79389,557.447,15000,0,0
Suite_14,Deferred_Uber,0,391,1.17649,0.593517,0.02288,0.07152,0.387232,1.80753,553.242,15000,0,0
Suite_14,Deferred_Uber,0,392,1.17934,0.795174,0.023712,0.07168,0.379232,1.78277,560.926,15000,0,0
Suite_14,Deferred_Uber,0,393,1.17734,0.596457,0.022816,0.071616,0.389696,1.989,502.766,15000,0,0
Suite_14,Deferred_Uber,0,394,1.17648,0.610717,0.02352,0.069984,0.403264,1.78867,559.076,15000,0,0
Suite_14,Deferred_Uber,0,395,1.18382,0.589748,0.023904,0.07168,0.382976,1.8003,555.463,15000,0,0
Suite_14,Deferred_Uber,0,396,1.17526,0.735017,0.02448,0.07168,0.382976,1.78667,559.701,15000,0,0
Suite_14,Deferred_Uber,0,397,1.18378,0.610161,0.024576,0.07168,0.382528,1.92584,519.255,15000,0,0
Suite_14,Deferred_Uber,0,398,1.17884,0.593263,0.02784,0.070592,0.397312,1.80839,552.979,15000,0,0
Suite_14,Deferred_Uber,0,399,1.17471,0.598862,0.025056,0.072128,0.387072,1.78477,560.296,15000,0,0
Suite_14,Deferred_Uber,0,400,1.178,0.726288,0.024576,0.07168,0.389312,1.7878,559.346,15000,0,0
Suite_14,Deferred_Uber,0,401,1.18587,0.601722,0.024896,0.098304,0.415744,1.91907,521.087,15000,0,0
Suite_14,Deferred_Uber,0,402,1.18007,0.595827,0.026048,0.073216,0.391168,1.80903,552.782,15000,0,0
Suite_14,Deferred_Uber,0,403,1.1797,0.590892,0.026624,0.071776,0.388384,1.78931,558.875,15000,0,0
Suite_14,Deferred_Uber,0,404,1.18288,0.591666,0.026624,0.073472,0.392864,1.78378,560.607,15000,0,0
Suite_14,Deferred_Uber,0,405,1.1791,0.605721,0.026656,0.071744,0.387072,1.78864,559.083,15000,0,0
Suite_14,Deferred_Uber,0,406,1.17995,0.587362,0.026688,0.07312,0.396992,1.79943,555.732,15000,0,0
Suite_14,Deferred_Uber,0,407,1.1747,0.5913,0.027008,0.072992,0.387072,1.78028,561.711,15000,0,0
Suite_14,Deferred_Uber,0,408,1.17968,0.589157,0.028352,0.073376,0.385344,1.77842,562.298,15000,0,0
Suite_14,Deferred_Uber,0,409,1.17528,0.593508,0.026976,0.073728,0.388448,1.78339,560.731,15000,0,0
Suite_14,Deferred_Uber,0,410,1.1815,0.626106,0.027488,0.073696,0.391488,1.78348,560.702,15000,0,0
Suite_14,Deferred_Uber,0,411,1.17868,0.596312,0.030208,0.073728,0.386976,1.82255,548.681,15000,0,0
Suite_14,Deferred_Uber,0,412,1.17629,0.594955,0.028672,0.073728,0.39248,1.78854,559.116,15000,0,0
Suite_14,Deferred_Uber,0,413,1.18308,0.602136,0.029024,0.073792,0.390912,1.78636,559.798,15000,0,0
Suite_14,Deferred_Uber,0,414,1.18219,0.589308,0.028768,0.074368,0.391072,1.79989,555.59,15000,0,0
Suite_14,Deferred_Uber,0,415,1.18132,0.822743,0.028896,0.074848,0.3904,1.78408,560.513,15000,0,0
Suite_14,Deferred_Uber,0,416,1.18368,0.616614,0.028672,0.075712,0.394656,2.01661,495.881,15000,0,0
Suite_14,Deferred_Uber,0,417,1.18232,0.603702,0.029504,0.074016,0.411296,1.81612,550.624,15000,0,0
Suite_14,Deferred_Uber,0,418,1.17762,0.594934,0.029472,0.074976,0.391328,1.80011,555.523,15000,0,0
Suite_14,Deferred_Uber,0,419,1.17554,0.739559,0.03072,0.075104,0.39872,1.78529,560.134,15000,0,0
Suite_14,Deferred_Uber,0,420,1.17731,0.614685,0.030656,0.075776,0.401184,1.92854,518.528,15000,0,0
Suite_14,Deferred_Uber,0,421,1.18142,0.589825,0.034816,0.075584,0.41216,1.80763,553.21,15000,0,0
Suite_14,Deferred_Uber,0,422,1.18312,0.588431,0.031328,0.076224,0.391168,1.78553,560.059,15000,0,0.785526
Suite_14,Deferred_Uber,0,423,1.18309,0.699973,0.032768,0.076352,0.395456,1.78444,560.399,15000,0,0.785198
Suite_14,Deferred_Uber,0,424,1.18207,0.60111,0.032768,0.0984,0.424,1.89621,527.368,15000,0,0.784885
Suite_14,Deferred_Uber,0,425,1.1827,0.592547,0.032768,0.078016,0.40176,1.79858,555.993,15000,0,0.784585
Suite_14,Deferred_Uber,0,426,1.17215,0.621885,0.031648,0.077504,0.398496,1.78923,558.899,15000,0,0.784301
Suite_14,Deferred_Uber,0,427,1.18694,0.58689,0.032448,0.076768,0.398656,1.80719,553.345,15000,0,0.78403
Suite_14,Deferred_Uber,0,428,1.17805,0.601475,0.032704,0.076768,0.405504,1.78661,559.72,15000,0,0.783774
Suite_14,Deferred_Uber,0,429,1.18192,0.59524,0.0328,0.077824,0.403456,1.79555,556.933,15000,0,0.783532
Suite_14,Deferred_Uber,0,430,1.17728,0.599069,0.032768,0.077824,0.413568,1.79724,556.409,15000,0,0.783305
Suite_14,Deferred_Uber,0,431,1.18105,0.593188,0.033344,0.07808,0.405408,1.78984,558.708,15000,0,0.783091
Suite_14,Deferred_Uber,0,432,1.18476,0.597391,0.033344,0.077856,0.407552,1.78692,559.622,15000,0,0.782891
Suite_14,Deferred_Uber,0,433,1.17626,0.591811,0.034048,0.078464,0.401408,1.79855,556.005,15000,0,0.782705
Suite_14,Deferred_Uber,0,434,1.17669,0.592421,0.034336,0.0792,0.405504,1.78216,561.117,15000,0,0.782534
Suite_14,Deferred_Uber,0,435,1.17908,0.589323,0.034624,0.078624,0.413696,1.78218,561.11,15000,0,0.782376
Suite_14,Deferred_Uber,0,436,1.17559,0.605203,0.034688,0.0784,0.402688,1.78141,561.352,15000,0,0.782232
Suite_14,Deferred_Uber,0,437,1.18161,0.587476,0.034816,0.079936,0.413696,1.7963,556.7,15000,0,0.782101
Suite_14,Deferred_Uber,0,438,1.18233,0.837572,0.035232,0.078816,0.405568,1.78365,560.649,15000,0,0.781985
Suite_14,Deferred_Uber,0,439,1.18068,0.594641,0.034816,0.07984,0.409952,2.03377,491.698,15000,0,0.781882
Suite_14,Deferred_Uber,0,440,1.18205,0.599488,0.034816,0.079872,0.431328,1.7889,559.003,15000,0,0.781792
Suite_14,Deferred_Uber,0,441,1.17789,0.598762,0.036704,0.078528,0.40592,1.79639,556.673,15000,0,0.781716
Suite_14,Deferred_Uber,0,442,1.17891,0.787629,0.036256,0.079872,0.405504,1.79136,558.234,15000,0,0.781653
Suite_14,Deferred_Uber,0,443,1.17775,0.596751,0.036608,0.07872,0.425984,1.97983,505.093,15000,0,0.781604
Suite_14,Deferred_Uber,0,444,1.18803,0.588558,0.037888,0.08192,0.411264,1.78817,559.231,15000,0,1.08284
Suite_14,Deferred_Uber,0,445,1.18166,0.596852,0.0368,0.083968,0.411648,1.79169,558.134,15000,0,1.08333
Suite_14,Deferred_Uber,0,446,1.18172,0.67816,0.036864,0.083392,0.414304,1.79342,557.593,15000,0,1.08385
Suite_14,Deferred_Uber,0,447,1.17943,0.612373,0.038752,0.082432,0.428544,1.87302,533.897,15000,0,1.08439
Suite_14,Deferred_Uber,0,448,1.18243,0.591941,0.037568,0.08208,0.41296,1.80565,553.816,15000,0,1.08495
Suite_14,Deferred_Uber,0,449,1.18355,0.585484,0.037408,0.082208,0.415456,1.78902,558.966,15000,0,1.08553
Suite_14,Deferred_Uber,0,450,1.17844,0.590822,0.037152,0.083488,0.413696,1.78323,560.781,15000,0,1.08614
Suite_14,Deferred_Uber,0,451,1.17827,0.599704,0.037344,0.083968,0.407104,1.78198,561.174,15000,0,1.08676
Suite_14,Deferred_Uber,0,452,1.1836,0.603575,0.037248,0.084992,0.423136,1.79172,558.124,15000,0,1.08741
Suite_14,Deferred_Uber,0,453,1.18009,0.5855,0.038688,0.084992,0.417696,1.8025,554.784,15000,0,1.08807
Suite_14,Deferred_Uber,0,454,1.18575,0.584512,0.038656,0.084288,0.41984,1.78022,561.728,15000,0,1.08876
Suite_14,Deferred_Uber,0,455,1.18465,0.598038,0.038912,0.08416,0.41984,1.78295,560.869,15000,0,1.08946
Suite_14,Deferred_Uber,0,456,1.17865,0.59288,0.039168,0.084352,0.421632,1.79747,556.338,15000,0,1.09019
Suite_14,Deferred_Uber,0,457,1.17931,0.595047,0.039328,0.084096,0.413536,1.7866,559.722,15000,0,1.09094
Suite_14,Deferred_Uber,0,458,1.17762,0.591606,0.039072,0.085344,0.41984,1.78832,559.183,15000,0,1.0917
Suite_14,Deferred_Uber,0,459,1.18738,0.604834,0.040032,0.085408,0.422656,1.78602,559.904,15000,0,1.09249
Suite_14,Deferred_Uber,0,460,1.18109,0.593296,0.04096,0.085792,0.4256,1.80558,553.839,15000,0,1.0933
Suite_14,Deferred_Uber,0,461,1.17675,0.811559,0.03968,0.085344,0.421056,1.79008,558.633,15000,0,1.09413
Suite_14,Deferred_Uber,0,462,1.17993,0.611165,0.04096,0.086368,0.428448,2.00208,499.481,15000,0,1.09498
Suite_14,Deferred_Uber,0,463,1.18037,0.593561,0.040864,0.085664,0.444352,1.80486,554.059,15000,0,1.09585
Suite_14,Deferred_Uber,0,464,1.18489,0.58804,0.04064,0.084992,0.417792,1.78724,559.523,15000,0,1.09673
Suite_14,Deferred_Uber,0,465,1.17744,0.796219,0.040832,0.08592,0.417408,1.78773,559.37,15000,0,1.09764
Suite_14,Deferred_Uber,0,466,1.18252,0.620778,0.041184,0.084544,0.446464,1.99025,502.451,15000,0,1.09857
Suite_14,Deferred_Uber,0,467,1.18185,0.603959,0.042016,0.08768,0.4176,1.81754,550.195,15000,0,1.09952
Suite_14,Deferred_Uber,0,468,1.1806,0.59522,0.041344,0.086112,0.419072,1.79871,555.955,15000,0,1.10048
Suite_14,Deferred_Uber,0,469,1.18419,0.7668,0.0416,0.086112,0.41984,1.79051,558.5,15000,0,1.10147
Suite_14,Deferred_Uber,0,470,1.17639,0.596515,0.041184,0.086208,0.423168,1.96487,508.94,15000,0,1.10247
Suite_14,Deferred_Uber,0,471,1.18795,0.586779,0.04208,0.086016,0.4192,1.78676,559.673,15000,0,1.1035
Suite_14,Deferred_Uber,0,472,1.1771,0.600916,0.04176,0.08704,0.421888,1.78744,559.461,15000,0,1.10454
Suite_14,Deferred_Uber,0,473,1.17731,0.594602,0.042304,0.087904,0.423936,1.79256,557.862,15000,0,1.1056
Suite_14,Deferred_Uber,0,474,1.18027,0.603322,0.041728,0.086016,0.426016,1.78592,559.935,15000,0,1.10669
Suite_14,Deferred_Uber,0,475,1.1742,0.58722,0.042688,0.088064,0.434176,1.79745,556.344,15000,0,1.10779
Suite_14,Deferred_Uber,0,476,1.18473,0.587732,0.043008,0.090304,0.430432,1.77458,563.515,15000,0,1.23468
Suite_14,Deferred_Uber,0,477,1.17363,0.589466,0.043264,0.090112,0.424032,1.78749,559.443,15000,0,1.23604
Suite_14,Deferred_Uber,0,478,1.18001,0.622543,0.043264,0.092736,0.427104,1.77675,562.826,15000,0,1.33061
Suite_14,Deferred_Uber,0,479,1.18852,0.593577,0.044448,0.093088,0.427936,1.81661,550.477,15000,0,1.33216
Suite_14,Deferred_Uber,0,480,1.17424,0.895484,0.043008,0.098304,0.444832,1.79543,556.971,15000,0,1.4878
Suite_14,Deferred_Uber,0,481,1.18189,0.594216,0.043808,0.097792,0.443424,2.08441,479.753,15000,0,1.4897
Suite_14,Deferred_Uber,0,482,1.18914,0.595295,0.044064,0.098304,0.450912,1.79056,558.484,15000,0,1.49163
Suite_14,Deferred_Uber,0,483,1.17986,0.602715,0.043552,0.097344,0.434176,1.79736,556.372,15000,0,1.49358
Suite_14,Deferred_Uber,0,484,1.18376,0.798912,0.043616,0.097728,0.433632,1.79575,556.87,15000,0,1.49556
Suite_14,Deferred_Uber,0,485,1.17559,0.603085,0.044512,0.098304,0.462848,1.99754,500.616,15000,0,1.49757
Suite_14,Deferred_Uber,0,486,1.17871,0.592753,0.044512,0.09952,0.444416,1.79339,557.604,15000,0,1.4996
Suite_14,Deferred_Uber,0,487,1.17885,0.590326,0.044832,0.097024,0.442368,1.79169,558.133,15000,0,1.50165
Suite_14,Deferred_Uber,0,488,1.18618,0.745018,0.045056,0.098304,0.436416,1.7825,561.01,15000,0,1.50373
Suite_14,Deferred_Uber,0,489,1.18144,0.601321,0.045056,0.098304,0.442944,1.94627,513.804,15000,0,1.50584
Suite_14,Deferred_Uber,0,490,1.1852,0.595712,0.045184,0.10416,0.441728,1.79745,556.345,15000,0,1.70113
Suite_14,Deferred_Uber,0,491,1.18425,0.593734,0.04608,0.104448,0.443904,1.79418,557.357,15000,0,1.70368
Suite_14,Deferred_Uber,0,492,1.18364,0.59449,0.045312,0.103648,0.44944,1.79095,558.362,15000,0,1.70626
Suite_14,Deferred_Uber,0,493,1.1855,0.603913,0.046144,0.104448,0.446272,1.79381,557.472,15000,0,1.70887
Suite_14,Deferred_Uber,0,494,1.18804,0.595899,0.045056,0.110592,0.443392,1.80423,554.252,15000,0,1.80433
Suite_14,Deferred_Uber,0,495,1.1828,0.592014,0.045088,0.108544,0.4488,1.7974,556.359,15000,0,1.80716
Suite_14,Deferred_Uber,0,496,1.18889,0.592765,0.046912,0.109312,0.45888,1.78812,559.247,15000,0,1.81002
Suite_14,Deferred_Uber,0,497,1.18476,0.59315,0.046848,0.109376,0.445056,1.79626,556.712,15000,0,1.81291
Suite_14,Deferred_Uber,0,498,1.1858,0.599086,0.045984,0.108576,0.446592,1.79352,557.563,15000,0,1.12773
Suite_14,Deferred_Uber,0,499,1.18342,0.92639,0.045888,0.109664,0.45056,1.7981,556.144,15000,0,1.13044
Suite_14,Deferred_Uber,0,500,1.18708,0.600469,0.046784,0.10944,0.453632,2.12356,470.908,15000,0,1.13319
Suite_14,Deferred_Uber,0,501,1.18664,0.597882,0.04704,0.110592,0.464896,1.80458,554.147,15000,0,1.13596
Suite_14,Deferred_Uber,0,502,1.18032,0.598406,0.047104,0.109952,0.450464,1.79948,555.717,15000,0,1.13877
Suite_14,Deferred_Uber,0,503,1.18274,0.850119,0.047232,0.110848,0.458752,1.79178,558.105,15000,0,1.1416
Suite_14,Deferred_Uber,0,504,1.18025,0.614343,0.04848,0.110368,0.475008,2.04627,488.694,15000,0,1.14447
Suite_14,Deferred_Uber,0,505,1.18141,0.587459,0.047104,0.110592,0.448864,1.81088,552.218,15000,0,1.14737
Suite_14,Deferred_Uber,0,506,1.19057,0.59013,0.047424,0.116704,0.468256,1.78352,560.688,15000,0,1.26945
Suite_14,Deferred_Uber,0,507,1.18883,0.648801,0.047104,0.120832,0.46624,1.79454,557.246,15000,0,1.36968
Suite_14,Deferred_Uber,0,508,1.18867,0.604185,0.048352,0.122816,0.461408,1.85151,540.101,15000,0,1.37311
Suite_14,Deferred_Uber,0,509,1.18145,0.629046,0.048256,0.12288,0.467488,1.80935,552.686,15000,0,1.37658
Suite_14,Deferred_Uber,0,510,1.18856,0.591172,0.048768,0.123008,0.470432,1.82509,547.917,15000,0,1.38008
Suite_14,Deferred_Uber,0,511,1.18732,0.588183,0.047136,0.12288,0.47088,1.79323,557.653,15000,0,1.38362
Suite_14,Deferred_Uber,0,512,1.18258,0.603805,0.048256,0.121824,0.4688,1.78912,558.935,15000,0,1.38719
Suite_14,Deferred_Uber,0,513,1.18487,0.592748,0.047968,0.122816,0.473088,1.80242,554.81,15000,0,1.39081
Suite_14,Deferred_Uber,0,514,1.18544,0.603861,0.048864,0.123584,0.46768,1.79205,558.021,15000,0,1.39447
Suite_14,Deferred_Uber,0,515,1.18717,0.587003,0.049152,0.12288,0.46512,1.80628,553.624,15000,0,1.39816
Suite_14,Deferred_Uber,0,516,1.18779,0.597873,0.047968,0.12288,0.46496,1.78731,559.501,15000,0,1.40189
Suite_14,Deferred_Uber,0,517,1.18152,0.593255,0.048896,0.12288,0.472256,1.80114,555.203,15000,0,1.40566
Suite_14,Deferred_Uber,0,518,1.18617,0.896942,0.04896,0.124256,0.47104,1.78983,558.713,15000,0,1.40948
Suite_14,Deferred_Uber,0,519,1.18318,0.603668,0.049152,0.12288,0.465184,2.09676,476.926,15000,0,1.41333
Suite_14,Deferred_Uber,0,520,1.19077,0.641567,0.049152,0.14288,0.485376,1.80054,555.388,15000,0,1.41722
Suite_14,Deferred_Uber,0,521,1.18584,0.600961,0.050272,0.124928,0.469248,1.84933,540.736,15000,0,1.42115
Suite_14,Deferred_Uber,0,522,1.18895,0.859892,0.049152,0.123936,0.4672,1.80219,554.881,15000,0,1.42513
Suite_14,Deferred_Uber,0,523,1.1859,0.598801,0.05056,0.14336,0.501952,2.06238,484.877,15000,0,1.42914
Suite_14,Deferred_Uber,0,524,1.18664,0.58987,0.0504,0.124928,0.465568,1.79907,555.842,15000,0,1.4332
Suite_14,Deferred_Uber,0,525,1.18771,0.60372,0.049856,0.12448,0.479232,1.79234,557.929,15000,0,1.4373
Suite_14,Deferred_Uber,0,526,1.18508,0.592879,0.049568,0.124544,0.468832,1.80577,553.781,15000,0,1.44144
Suite_14,Deferred_Uber,0,527,1.18175,0.599966,0.04928,0.124928,0.473088,1.79197,558.047,15000,0,1.44562
Suite_14,Deferred_Uber,0,528,1.18252,0.588572,0.049216,0.124928,0.472064,1.79589,556.827,15000,0,1.44985
Suite_14,Deferred_Uber,0,529,1.18366,0.590875,0.050784,0.123424,0.469056,1.78676,559.674,15000,0,1.45411
Suite_14,Deferred_Uber,0,530,1.1833,0.60195,0.049472,0.124928,0.475136,1.78869,559.068,15000,0,1.45842
Suite_14,Deferred_Uber,0,531,1.18657,0.602067,0.050784,0.125312,0.469792,1.79827,556.091,15000,0,1.46278
Suite_14,Deferred_Uber,0,532,1.18423,0.592759,0.050528,0.125984,0.476544,1.80285,554.677,15000,0,1.46718
Suite_14,Deferred_Uber,0,533,1.18392,0.592682,0.050144,0.12496,0.470336,1.79252,557.874,15000,0,1.47162
Suite_14,Deferred_Uber,0,534,1.18675,0.588141,0.0512,0.12496,0.481248,1.7908,558.409,15000,0,1.4761
Suite_14,Deferred_Uber,0,535,1.18824,0.609551,0.050976,0.124928,0.475104,1.78806,559.265,15000,0,1.48063
Suite_14,Deferred_Uber,0,536,1.1828,0.596342,0.0512,0.124992,0.469248,1.81194,551.895,15000,0,1.48521
Suite_14,Deferred_Uber,0,537,1.18954,0.865607,0.0512,0.124928,0.4736,1.79479,557.169,15000,0,1.48983
Suite_14,Deferred_Uber,0,538,1.18288,0.608989,0.051456,0.125536,0.470784,2.07063,482.944,15000,0,1.4945
Suite_14,Deferred_Uber,0,539,1.18794,0.594671,0.0512,0.152768,0.5,1.80574,553.791,15000,0,1.49921
Suite_14,Deferred_Uber,0,540,1.19348,0.597196,0.051168,0.125344,0.470304,1.79661,556.604,15000,0,1.50397
Suite_14,Deferred_Uber,0,541,1.18536,0.885607,0.051392,0.125312,0.474976,1.80648,553.563,15000,0,1.50877
Suite_14,Deferred_Uber,0,542,1.18945,0.598337,0.051744,0.141344,0.50208,2.08566,479.464,15000,0,1.51363
Suite_14,Deferred_Uber,0,543,1.18634,0.59146,0.0512,0.126688,0.471072,1.80247,554.795,15000,0,1.51853
Suite_14,Deferred_Uber,0,544,1.18714,0.600563,0.05168,0.125696,0.481312,1.79627,556.709,15000,0,1.52347
Suite_14,Deferred_Uber,0,545,1.17902,0.593068,0.051392,0.13312,0.489472,1.80301,554.628,15000,0,1.69076
Suite_14,Deferred_Uber,0,546,1.18774,0.608357,0.052384,0.133024,0.487776,1.78652,559.748,15000,0,1.69629
Suite_14,Deferred_Uber,0,547,1.18247,0.589712,0.0512,0.132704,0.479456,1.81072,552.266,15000,0,1.70187
Suite_14,Deferred_Uber,0,548,1.19135,0.595647,0.05312,0.132928,0.485504,1.78526,560.144,15000,0,1.70751
Suite_14,Deferred_Uber,0,549,1.18414,0.592726,0.05216,0.132896,0.485376,1.80235,554.83,15000,0,1.7132
Suite_14,Deferred_Uber,0,550,1.1902,0.608954,0.052288,0.13312,0.482368,1.79143,558.214,15000,0,1.71894
Suite_14,Deferred_Uber,0,551,1.18661,0.598932,0.05232,0.13312,0.489472,1.81467,551.066,15000,0,1.72474
Suite_14,Deferred_Uber,0,552,1.18835,0.658949,0.052224,0.133184,0.479232,1.79931,555.77,15000,0,1.73059
Suite_14,Deferred_Uber,0,553,1.19142,0.636338,0.0528,0.134592,0.493088,1.86872,535.127,15000,0,1.73649
Suite_14,Deferred_Uber,0,554,1.19457,0.617291,0.053248,0.133152,0.48288,1.84604,541.7,15000,0,1.74245
Suite_14,Deferred_Uber,0,555,1.18819,0.602428,0.051744,0.139264,0.492672,1.82648,547.5,15000,0,1.85372
Suite_14,Deferred_Uber,0,556,1.18669,0.913581,0.053216,0.146016,0.497312,1.80531,553.922,15000,0,1.95246
Suite_14,Deferred_Uber,0,557,1.1831,0.600105,0.052192,0.145408,0.524288,2.11698,472.372,15000,0,1.95904
Suite_14,Deferred_Uber,0,558,1.18593,0.594803,0.053248,0.145408,0.524288,1.79853,556.009,15000,0,1.96567
Suite_14,Deferred_Uber,0,559,1.18988,0.599881,0.052192,0.146496,0.503808,1.79524,557.029,15000,0,1.97236
Suite_14,Deferred_Uber,0,560,1.19026,0.900316,0.053248,0.146016,0.4952,1.80394,554.341,15000,0,1.97912
Suite_14,Deferred_Uber,0,561,1.1892,0.61003,0.053344,0.146048,0.49152,2.10724,474.555,15000,0,1.98594
Suite_14,Deferred_Uber,0,562,1.1829,0.600466,0.05328,0.146368,0.493568,1.81515,550.92,15000,0,1.99282
Suite_14,Deferred_Uber,0,563,1.19181,0.602978,0.053408,0.146144,0.50512,1.79694,556.501,15000,0,1.99976
Suite_14,Deferred_Uber,0,564,1.18863,0.595337,0.053248,0.147296,0.50048,1.81229,551.787,15000,0,2.00677
Suite_14,Deferred_Uber,0,565,1.18981,0.598782,0.053568,0.146144,0.497664,1.79918,555.808,15000,0,2.01383
Suite_14,Deferred_Uber,0,566,1.18839,0.592434,0.053536,0.147456,0.49568,1.80426,554.244,15000,0,2.02097
Suite_14,Deferred_Uber,0,567,1.1856,0.602843,0.05392,0.146112,0.50192,1.79515,557.056,15000,0,2.02816
Suite_14,Deferred_Uber,0,568,1.18791,0.597258,0.053248,0.147456,0.501504,1.80164,555.048,15000,0,2.03543
Suite_14,Deferred_Uber,0,569,1.18948,0.600251,0.053248,0.1536,0.506688,1.80065,555.355,15000,0,2.12574
Suite_14,Deferred_Uber,0,570,1.19066,0.599491,0.053376,0.1536,0.502976,1.80515,553.971,15000,0,2.13331
Suite_14,Deferred_Uber,0,571,1.18673,0.936092,0.054752,0.152512,0.502144,1.80401,554.321,15000,0,2.14095
Suite_14,Deferred_Uber,0,572,1.18477,0.607105,0.053472,0.154656,0.508928,2.1448,466.243,15000,0,2.14866
Suite_14,Deferred_Uber,0,573,1.19055,0.593283,0.0552,0.1536,0.534656,1.80895,552.806,15000,0,2.15644
Suite_14,Deferred_Uber,0,574,1.19026,0.598497,0.055296,0.153856,0.51424,1.7984,556.05,15000,0,2.16428
Suite_14,Deferred_Uber,0,575,1.19365,0.940515,0.053408,0.154688,0.517248,1.8023,554.847,15000,0,2.17219
Suite_14,Deferred_Uber,0,576,1.19243,0.613876,0.055104,0.154304,0.507456,2.15093,464.915,15000,0,2.18017
Suite_14,Deferred_Uber,0,577,1.19634,0.633991,0.06144,0.1536,0.509312,1.82408,548.221,15000,128,2.18839
Suite_14,Deferred_Uber,0,578,1.19148,0.622423,0.061824,0.16144,0.51984,1.84613,541.675,15000,128,2.35063
Suite_14,Deferred_Uber,0,579,1.19321,0.603326,0.06144,0.160032,0.524832,1.82802,547.039,15000,128,2.35921
Suite_14,Deferred_Uber,0,580,1.19617,0.617794,0.067616,0.161408,0.521056,1.81065,552.288,15000,256,2.36798
Suite_14,Deferred_Uber,0,581,1.19328,0.625763,0.066752,0.167936,0.534528,1.8307,546.239,15000,256,2.60108
Suite_14,Deferred_Uber,0,582,1.19584,1.08344,0.067488,0.168256,0.538208,1.83544,544.83,15000,256,2.6105
Suite_14,Deferred_Uber,0,583,1.2011,0.616431,0.063488,0.168032,0.55712,2.29448,435.829,15000,384,2.62016
Suite_14,Deferred_Uber,0,584,1.20053,0.619502,0.070272,0.168064,0.540576,1.83254,545.69,15000,384,2.62975
Suite_14,Deferred_Uber,0,585,1.20101,0.614865,0.065536,0.168128,0.538912,1.83586,544.703,15000,384,2.63941
Suite_14,Deferred_Uber,0,586,1.2002,0.813403,0.061952,0.168352,0.532096,1.83134,546.048,15000,384,2.64916
Suite_14,Deferred_Uber,0,587,1.20803,0.666452,0.06352,0.168096,0.534528,2.13315,468.789,15000,512,2.65926
Suite_14,Deferred_Uber,0,588,1.20394,0.636778,0.065536,0.168384,0.528768,1.89333,528.169,15000,640,2.66923
Suite_14,Deferred_Uber,0,589,1.19878,0.617111,0.063296,0.168672,0.527392,1.85874,538,15000,640,2.67922
Suite_14,Deferred_Uber,0,590,1.19564,0.638319,0.061888,0.168608,0.526336,1.83139,546.032,15000,768,2.68972
Suite_14,Deferred_Uber,0,591,1.20304,0.629538,0.063488,0.169632,0.53424,1.84871,540.918,15000,896,2.70012
Suite_14,Deferred_Uber,0,592,1.20223,0.625437,0.065536,0.16928,0.5288,1.84938,540.722,15000,1024,2.71053
Suite_14,Deferred_Uber,0,593,1.20182,0.943923,0.06352,0.169376,0.526848,1.85089,540.282,15000,1024,2.72085
Suite_14,Deferred_Uber,0,594,1.19774,0.633865,0.063488,0.169984,0.554528,2.16206,462.522,15000,1024,2.73125
Suite_14,Deferred_Uber,0,595,1.20265,0.629871,0.065408,0.169536,0.537248,1.8472,541.361,15000,1024,2.74174
Suite_14,Deferred_Uber,0,596,1.21839,0.681613,0.063808,0.170016,0.52976,1.8471,541.389,15000,1152,2.75235
Suite_14,Deferred_Uber,0,597,1.20447,0.746383,0.063776,0.169984,0.53232,1.92106,520.546,15000,1280,2.76328
Suite_14,Deferred_Uber,0,598,1.20141,0.629117,0.063648,0.169888,0.5376,1.96798,508.136,15000,1536,2.77454
Suite_14,Deferred_Uber,0,599,1.20331,0.63073,0.064512,0.169984,0.538016,1.84675,541.493,15000,1792,2.78602
Suite_14,Deferred_Uber,0,600,1.20198,0.612157,0.066848,0.169984,0.536928,1.84905,540.82,15000,1920,2.79723
Suite_14,Deferred_Uber,0,601,1.20711,0.617057,0.065632,0.17008,0.540672,1.83455,545.094,15000,2048,2.80855
Suite_14,Deferred_Uber,0,602,1.20515,0.631725,0.064896,0.171456,0.528384,1.84037,543.368,15000,2176,2.81987
Suite_14,Deferred_Uber,0,603,1.20766,0.6315,0.063488,0.170176,0.530432,1.8533,539.578,15000,2304,2.83123
Suite_14,Deferred_Uber,0,604,1.20759,0.90369,0.065216,0.170848,0.530176,1.85463,539.19,15000,2304,2.8425
Suite_14,Deferred_Uber,0,605,1.20546,0.630504,0.064736,0.171648,0.557056,2.1288,469.748,15000,2432,2.85395
Suite_14,Deferred_Uber,0,606,1.20558,0.628958,0.06496,0.17088,0.530784,1.85325,539.593,15000,2432,2.86539
Suite_14,Deferred_Uber,0,607,1.20221,0.622394,0.06768,0.171968,0.548064,1.85006,540.523,15000,2432,2.87692
Suite_14,Deferred_Uber,0,608,1.20582,0.924542,0.068608,0.172032,0.541824,1.83957,543.605,15000,2432,2.88853
Suite_14,Deferred_Uber,0,609,1.20406,0.629915,0.065632,0.172128,0.534208,2.14798,465.553,15000,2432,2.90024
Suite_14,Deferred_Uber,0,610,1.20355,0.616131,0.065536,0.172032,0.538368,1.85165,540.059,15000,2432,2.91203
Suite_14,Deferred_Uber,0,611,1.20615,0.610029,0.06512,0.172128,0.530944,1.83473,545.038,15000,2560,2.92412
Suite_14,Deferred_Uber,0,612,1.21269,0.618856,0.065952,0.173536,0.542688,1.83111,546.116,15000,2560,2.93609
Suite_14,Deferred_Uber,0,613,1.2049,0.62478,0.064448,0.173472,0.538656,1.8484,541.01,15000,2688,2.94819
Suite_14,Deferred_Uber,0,614,1.20342,0.623581,0.064736,0.173056,0.538976,1.84634,541.612,15000,2816,2.9607
Suite_14,Deferred_Uber,0,615,1.20551,0.967501,0.070272,0.174112,0.548864,1.84236,542.783,15000,2944,2.97298
Suite_14,Deferred_Uber,0,616,1.20715,0.63546,0.065536,0.17408,0.546656,2.18843,456.949,15000,3072,2.98534
Suite_14,Deferred_Uber,0,617,1.20985,0.641781,0.065664,0.173984,0.535744,1.86079,537.407,15000,3072,2.99776
Suite_14,Deferred_Uber,0,618,1.20933,0.626444,0.068992,0.174336,0.5464,1.86849,535.191,15000,3200,3.01038
Suite_14,Deferred_Uber,0,619,1.20598,0.744481,0.067008,0.174208,0.53872,1.85128,540.168,15000,3200,3.02298
Suite_14,Deferred_Uber,0,620,1.21092,0.650486,0.065984,0.17408,0.538624,2.01812,495.512,15000,3200,3.03567
Suite_14,Deferred_Uber,0,621,1.21349,0.658375,0.069728,0.17408,0.542496,1.88058,531.75,15000,3072,3.04823
Suite_14,Deferred_Uber,0,622,1.21108,0.630778,0.066336,0.173952,0.536384,1.88882,529.431,15000,3200,3.06131
Suite_14,Deferred_Uber,0,623,1.21078,0.629523,0.070432,0.174144,0.548864,1.85723,538.437,15000,3456,3.07454
Suite_14,Deferred_Uber,0,624,1.21375,0.653275,0.066944,0.175936,0.570592,1.85696,538.514,15000,3584,3.08778
Suite_14,Deferred_Uber,0,625,1.21215,0.635266,0.067584,0.17408,0.547456,1.89143,528.7,15000,3840,3.10142
Suite_14,Deferred_Uber,0,626,1.21096,0.918819,0.067008,0.174816,0.548448,1.86521,536.134,15000,3840,3.11466
Suite_14,Deferred_Uber,0,627,1.2131,0.769434,0.07168,0.182368,0.559744,2.14583,466.021,15000,3840,3.24105
Suite_14,Deferred_Uber,0,628,1.21642,0.669048,0.067904,0.182272,0.552128,2.0036,499.101,15000,3968,3.25493
Suite_14,Deferred_Uber,0,629,1.21754,0.632221,0.069248,0.18224,0.549824,1.90816,524.064,15000,4224,3.26921
Suite_14,Deferred_Uber,0,630,1.21366,0.630252,0.069632,0.182272,0.554272,1.86685,535.663,15000,4224,3.28317
Suite_14,Deferred_Uber,0,631,1.21738,0.633045,0.072224,0.190272,0.557056,1.86017,537.584,15000,4224,3.35075
Suite_14,Deferred_Uber,0,632,1.21402,0.639913,0.069184,0.18944,0.551008,1.86779,535.392,15000,4224,3.36502
Suite_14,Deferred_Uber,0,633,1.21737,1.00721,0.072576,0.189952,0.56304,1.87164,534.291,15000,4352,3.37952
Suite_14,Deferred_Uber,0,634,1.21344,0.629962,0.069376,0.190176,0.582304,2.24218,445.994,15000,4480,3.3942
Suite_14,Deferred_Uber,0,635,1.21864,0.631953,0.07168,0.190464,0.564896,1.86015,537.591,15000,4608,3.40881
Suite_14,Deferred_Uber,0,636,1.21836,0.633112,0.069504,0.190208,0.559104,1.86664,535.723,15000,4608,3.42345
Suite_14,Deferred_Uber,0,637,1.21754,0.889932,0.068928,0.190464,0.5696,1.86968,534.851,15000,4736,3.43849
Suite_14,Deferred_Uber,0,638,1.22147,0.64647,0.070144,0.196768,0.561152,2.17599,459.561,15000,4736,3.52401
Suite_14,Deferred_Uber,0,639,1.21703,0.63897,0.070208,0.190496,0.5632,1.88491,530.531,15000,4736,3.27291
Suite_14,Deferred_Uber,0,640,1.22155,1.15673,0.067584,0.190368,0.561056,1.87263,534.009,15000,4992,3.28789
Suite_14,Deferred_Uber,0,641,1.21657,0.634988,0.072768,0.192288,0.58848,2.39674,417.233,15000,5120,3.3027
Suite_14,Deferred_Uber,0,642,1.22253,0.637197,0.071104,0.190624,0.565344,1.87041,534.643,15000,5120,3.31729
Suite_14,Deferred_Uber,0,643,1.21825,0.62594,0.069632,0.191968,0.570688,1.87704,532.753,15000,5120,3.33197
Suite_14,Deferred_Uber,0,644,1.21672,0.87351,0.068256,0.190496,0.565248,1.86087,537.384,15000,5120,3.34674
Suite_14,Deferred_Uber,0,645,1.22361,0.638363,0.071552,0.182624,0.553856,2.26039,442.402,15000,5504,3.12586
Suite_14,Deferred_Uber,0,646,1.21756,0.645964,0.071168,0.18432,0.561152,1.88094,531.65,15000,5504,3.13978
Suite_14,Deferred_Uber,0,647,1.21892,0.94832,0.069824,0.18416,0.547776,1.88082,531.682,15000,5632,3.15401
Suite_14,Deferred_Uber,0,648,1.22421,0.634763,0.067776,0.184,0.57904,2.23492,447.444,15000,5760,3.16853
Suite_14,Deferred_Uber,0,649,1.22233,0.646409,0.069632,0.183776,0.550784,1.87851,532.335,15000,5632,3.18234
Suite_14,Deferred_Uber,0,650,1.2175,0.626145,0.06992,0.185408,0.555072,1.88628,530.143,15000,5632,3.1966
Suite_14,Deferred_Uber,0,651,1.21678,0.841107,0.071744,0.18432,0.557056,1.86006,537.618,15000,5632,3.21095
Suite_14,Deferred_Uber,0,652,1.22198,0.643554,0.07248,0.18432,0.554368,2.12564,470.447,15000,5504,3.22522
Suite_14,Deferred_Uber,0,653,1.21695,0.662034,0.069632,0.18432,0.553952,1.88547,530.371,15000,5504,3.23973
Suite_14,Deferred_Uber,0,654,1.21951,1.11615,0.072704,0.18432,0.557056,1.8972,527.094,15000,5632,3.25457
Suite_14,Deferred_Uber,0,655,1.21685,0.660391,0.070272,0.184608,0.58368,2.35263,425.057,15000,5632,3.26924
Suite_14,Deferred_Uber,0,656,1.21956,0.635201,0.07136,0.184384,0.560864,1.89492,527.726,15000,5760,3.28408
Suite_14,Deferred_Uber,0,657,1.21915,0.630086,0.069184,0.18448,0.547744,1.87941,532.082,15000,5888,3.29898
Suite_14,Deferred_Uber,0,658,1.22395,0.712267,0.07088,0.185216,0.55424,1.87056,534.6,15000,5888,3.31391
Suite_14,Deferred_Uber,0,659,1.22311,0.656836,0.07168,0.185824,0.551776,2.10483,475.098,15000,5888,3.32891
Suite_14,Deferred_Uber,0,660,1.22058,0.640578,0.072768,0.186176,0.551776,1.89752,527.004,15000,5888,3.34358
Suite_14,Deferred_Uber,0,661,1.21885,1.11492,0.07024,0.18624,0.556416,1.88,531.915,15000,6016,3.35897
Suite_14,Deferred_Uber,0,662,1.22158,0.646509,0.069632,0.186368,0.5776,2.3525,425.079,15000,6016,3.37421
Suite_14,Deferred_Uber,0,663,1.22495,0.646484,0.06784,0.186304,0.550912,1.89181,528.594,15000,6016,3.38947
Suite_14,Deferred_Uber,0,664,1.22349,0.656716,0.074304,0.186784,0.5632,1.88828,529.582,15000,6016,3.40488
Suite_14,Deferred_Uber,0,665,1.22062,0.73681,0.069696,0.187456,0.556448,1.8987,526.676,15000,6016,3.42036
Suite_14,Deferred_Uber,0,666,1.22353,0.660497,0.0696,0.186688,0.5584,2.07683,481.504,15000,6144,3.43599
Suite_14,Deferred_Uber,0,667,1.2204,0.652923,0.071488,0.187008,0.563936,1.90183,525.81,15000,6144,3.45162
Suite_14,Deferred_Uber,0,668,1.21819,1.11852,0.069632,0.188192,0.561408,1.8905,528.961,15000,6144,3.46733
Suite_14,Deferred_Uber,0,669,1.21986,0.648451,0.07168,0.186464,0.582656,2.35583,424.479,15000,6144,3.48312
Suite_14,Deferred_Uber,0,670,1.21945,0.647546,0.07168,0.188416,0.55536,1.88634,530.126,15000,6144,3.49899
Suite_14,Deferred_Uber,0,671,1.22478,0.677444,0.067712,0.180224,0.546464,1.88442,530.666,15000,6144,3.31242
Suite_14,Deferred_Uber,0,672,1.22159,0.656409,0.070208,0.18032,0.546816,1.9202,520.78,15000,6144,3.32779
Suite_14,Deferred_Uber,0,673,1.22395,0.656441,0.070944,0.180288,0.555744,2.04855,488.151,15000,6144,3.34323
Suite_14,Deferred_Uber,0,674,1.21884,0.64631,0.070624,0.180128,0.546976,1.89988,526.35,15000,6144,3.35873
Suite_14,Deferred_Uber,0,675,1.21942,1.0939,0.073344,0.181376,0.558592,1.88222,531.287,15000,6144,3.37431
Suite_14,Deferred_Uber,0,676,1.21734,0.652492,0.077472,0.180288,0.571968,2.3306,429.075,15000,6272,3.39012
Suite_14,Deferred_Uber,0,677,1.2204,0.645529,0.071264,0.180896,0.547296,1.88902,529.375,15000,6272,3.40584
Suite_14,Deferred_Uber,0,678,1.21982,0.678699,0.07408,0.18176,0.562656,1.88369,530.874,15000,6272,3.42162
Suite_14,Deferred_Uber,0,679,1.22422,0.676727,0.071168,0.181088,0.552704,1.91857,521.221,15000,6400,3.43782
Suite_14,Deferred_Uber,0,680,1.22323,0.661434,0.073152,0.180992,0.549504,2.07136,482.775,15000,6400,3.45373
Suite_14,Deferred_Uber,0,681,1.22228,0.639036,0.071328,0.181728,0.555008,1.90434,525.117,15000,6400,3.46971
Suite_14,Deferred_Uber,0,682,1.22354,1.11896,0.068736,0.182272,0.555552,1.87931,532.111,15000,6400,3.48536
Suite_14,Deferred_Uber,0,683,1.21818,0.659024,0.069632,0.182144,0.574208,2.35976,423.771,15000,6272,3.5012
Suite_14,Deferred_Uber,0,684,1.22117,0.645695,0.069504,0.182048,0.55296,1.89457,527.824,15000,6272,3.51736
Suite_14,Deferred_Uber,0,685,1.22045,0.642203,0.075776,0.181856,0.566144,1.88574,530.295,15000,6272,3.53358
Suite_14,Deferred_Uber,0,686,1.2222,0.731407,0.067936,0.182048,0.550528,1.88425,530.716,15000,6272,3.54986
Suite_14,Deferred_Uber,0,687,1.22133,0.660141,0.070016,0.183328,0.550912,2.12251,471.14,15000,6144,3.56583
Suite_14,Deferred_Uber,0,688,1.22038,0.639041,0.069728,0.18256,0.5608,1.90339,525.379,15000,6144,3.58223
Suite_14,Deferred_Uber,0,689,1.22394,1.03658,0.07088,0.183712,0.55504,1.88368,530.876,15000,6144,3.59868
Suite_14,Deferred_Uber,0,690,1.21877,0.64969,0.075264,0.182624,0.584544,2.27867,438.852,15000,6144,3.61519
Suite_14,Deferred_Uber,0,691,1.21775,0.63099,0.068416,0.183712,0.581568,1.88537,530.4,15000,6144,3.63176
Suite_14,Deferred_Uber,0,692,1.22165,0.62791,0.073728,0.182272,0.555776,1.86495,536.206,15000,6144,3.64838
Suite_14,Deferred_Uber,0,693,1.22132,0.863946,0.07136,0.174816,0.553248,1.868,535.332,15000,6272,2.8435
Suite_14,Deferred_Uber,0,694,1.22378,0.641493,0.071392,0.176064,0.542656,2.15386,464.284,15000,6272,2.85772
Suite_14,Deferred_Uber,0,695,1.22681,0.627986,0.069408,0.176224,0.544192,1.88272,531.148,15000,6272,2.87204
Suite_14,Deferred_Uber,0,696,1.21826,0.630902,0.075776,0.176,0.551872,1.87699,532.768,15000,6144,2.88636
Suite_14,Deferred_Uber,0,697,1.21639,0.626537,0.067808,0.176128,0.54656,1.86743,535.494,15000,6144,2.90088
Suite_14,Deferred_Uber,0,698,1.21877,0.63958,0.068928,0.184192,0.571392,1.86103,537.337,15000,6272,2.96534
Suite_14,Deferred_Uber,0,699,1.21601,0.62408,0.072032,0.182976,0.562464,1.87515,533.292,15000,6272,2.98018
Suite_14,Deferred_Uber,0,700,1.2188,0.935988,0.071552,0.183264,0.554432,1.85666,538.602,15000,6272,2.99513
Suite_14,Deferred_Uber,0,701,1.21872,0.644579,0.07056,0.196608,0.57056,2.17383,460.018,15000,6016,3.00965
Suite_14,Deferred_Uber,0,702,1.21966,0.630342,0.069632,0.18432,0.556704,1.88174,531.422,15000,6144,3.02494
Suite_14,Deferred_Uber,0,703,1.21803,0.614524,0.07168,0.18368,0.559936,1.86685,535.661,15000,5888,3.03948
Suite_14,Deferred_Uber,0,704,1.2167,0.679687,0.068128,0.182944,0.556544,1.849,540.833,15000,5888,3.05484
Suite_14,Deferred_Uber,0,705,1.22422,0.622618,0.070912,0.183264,0.558144,1.91487,522.228,15000,5632,3.06969
Suite_14,Deferred_Uber,0,706,1.21498,0.629286,0.071104,0.18384,0.550912,1.86593,535.927,15000,5632,3.08525
Suite_14,Deferred_Uber,0,707,1.21727,1.09886,0.070176,0.18432,0.558976,1.86038,537.524,15000,5632,3.10091
Suite_14,Deferred_Uber,0,708,1.2285,0.706377,0.070528,0.183712,0.57552,2.3325,428.725,15000,5632,3.11667
Suite_14,Deferred_Uber,0,709,1.23277,0.672457,0.071168,0.182976,0.559104,1.96041,510.098,15000,5504,3.13214
Suite_14,Deferred_Uber,0,710,1.22703,0.635539,0.069632,0.18432,0.555808,1.92621,519.155,15000,5504,3.14811
Suite_14,Deferred_Uber,0,711,1.21616,0.66194,0.069824,0.18384,0.558784,1.87996,531.926,15000,5504,3.16418
Suite_14,Deferred_Uber,0,712,1.21689,0.635544,0.072704,0.18352,0.548992,2.04647,488.645,15000,5376,3.18008
Suite_14,Deferred_Uber,0,713,1.21442,0.637546,0.07168,0.184032,0.55088,1.87937,532.093,15000,5248,3.1962
Suite_14,Deferred_Uber,0,714,1.21566,1.10878,0.068608,0.18416,0.548864,1.8704,534.645,15000,5248,3.21258
Suite_14,Deferred_Uber,0,715,1.21776,0.621769,0.069696,0.18432,0.5848,2.34679,426.115,15000,5120,3.22857
Suite_14,Deferred_Uber,0,716,1.21537,0.621728,0.078624,0.192384,0.612224,1.85654,538.637,15000,5120,3.29922
Suite_14,Deferred_Uber,0,717,1.2134,0.627173,0.070048,0.1912,0.560288,1.85557,538.917,15000,5120,3.31605
Suite_14,Deferred_Uber,0,718,1.21272,0.814579,0.072928,0.192352,0.567424,1.85756,538.342,15000,4992,3.3324
Suite_14,Deferred_Uber,0,719,1.21553,0.639131,0.069632,0.19168,0.559456,2.19573,455.43,15000,4864,3.34911
Suite_14,Deferred_Uber,0,720,1.21565,0.617948,0.069984,0.191648,0.565248,1.87159,534.304,15000,4992,3.36655
Suite_14,Deferred_Uber,0,721,1.21462,0.648034,0.07136,0.191168,0.561152,1.85144,540.12,15000,4992,3.3838
Suite_14,Deferred_Uber,0,722,1.21426,0.624025,0.069696,0.18432,0.55888,1.88039,531.804,15000,4992,2.9256
Suite_14,Deferred_Uber,0,723,1.21316,0.62051,0.07168,0.183904,0.575488,1.8547,539.17,15000,4992,2.94112
Suite_14,Deferred_Uber,0,724,1.2211,0.613717,0.068384,0.184064,0.550912,1.84991,540.565,15000,4864,2.95645
Suite_14,Deferred_Uber,0,725,1.21446,0.935941,0.071232,0.183072,0.555712,1.8524,539.84,15000,4864,2.97218
Suite_14,Deferred_Uber,0,726,1.21778,0.639567,0.073728,0.19824,0.578176,2.16831,461.188,15000,4992,2.98816
Suite_14,Deferred_Uber,0,727,1.22011,0.650498,0.073728,0.191552,0.569888,1.87445,533.49,15000,4864,3.07136
Suite_14,Deferred_Uber,0,728,1.21619,0.632599,0.073344,0.192512,0.5632,1.8875,529.801,15000,4864,3.08762
Suite_14,Deferred_Uber,0,729,1.21269,0.711831,0.07168,0.192192,0.557824,1.86675,535.692,15000,4736,3.10391
Suite_14,Deferred_Uber,0,730,1.22314,0.678462,0.070656,0.192512,0.56352,1.94173,515.004,15000,4736,3.1204
Suite_14,Deferred_Uber,0,731,1.21725,0.631681,0.07216,0.200672,0.583136,1.92057,520.678,15000,4736,3.19555
Suite_14,Deferred_Uber,0,732,1.21304,1.07519,0.070528,0.200704,0.575488,1.86586,535.945,15000,4736,3.21241
Suite_14,Deferred_Uber,0,733,1.21178,0.633131,0.072128,0.200768,0.598016,2.30714,433.437,15000,4736,3.22939
Suite_14,Deferred_Uber,0,734,1.21515,0.63041,0.073792,0.207776,0.5768,1.86293,536.789,15000,4736,3.33012
Suite_14,Deferred_Uber,0,735,1.21184,0.616581,0.072992,0.208896,0.584096,1.86245,536.926,15000,4736,3.34758
Suite_14,Deferred_Uber,0,736,1.21292,0.915801,0.07168,0.20848,0.5872,1.84459,542.125,15000,4736,3.36517
Suite_14,Deferred_Uber,0,737,1.21519,0.633596,0.070688,0.208896,0.582112,2.24836,444.768,15000,4608,3.38231
Suite_14,Deferred_Uber,0,738,1.2144,0.63631,0.073344,0.20864,0.589632,1.86747,535.485,15000,4736,3.40021
Suite_14,Deferred_Uber,0,739,1.22188,1.08238,0.075008,0.208896,0.584928,1.86706,535.601,15000,4736,3.41815
Suite_14,Deferred_Uber,0,740,1.21334,0.630112,0.07168,0.20912,0.586432,2.3714,421.691,15000,4736,3.4362
Suite_14,Deferred_Uber,0,741,1.21395,0.625935,0.069632,0.208896,0.57344,1.86295,536.782,15000,4608,3.45402
Suite_14,Deferred_Uber,0,742,1.21122,0.618115,0.071616,0.208896,0.579584,1.85778,538.277,15000,4608,3.4723
Suite_14,Deferred_Uber,0,743,1.21264,0.785798,0.073728,0.209056,0.578336,1.85124,540.179,15000,4608,3.49071
Suite_14,Deferred_Uber,0,744,1.21738,0.645292,0.06848,0.216192,0.57952,2.1775,459.243,15000,4608,3.56581
Suite_14,Deferred_Uber,0,745,1.21451,0.627203,0.073856,0.216576,0.59392,1.88659,530.057,15000,4736,3.58469
Suite_14,Deferred_Uber,0,746,1.21656,1.15088,0.072576,0.216288,0.599232,1.85929,537.838,15000,4736,3.6036
Suite_14,Deferred_Uber,0,747,1.21404,0.639113,0.076032,0.215808,0.587776,2.38408,419.45,15000,4736,3.62262
Suite_14,Deferred_Uber,0,748,1.21438,0.620533,0.072992,0.21696,0.58384,1.87016,534.715,15000,4736,3.64177
Suite_14,Deferred_Uber,0,749,1.21303,0.622573,0.069632,0.21648,0.590816,1.85299,539.668,15000,4608,3.66095
Suite_14,Deferred_Uber,0,750,1.21928,0.765631,0.071424,0.223808,0.599712,1.85288,539.699,15000,4608,3.75122
Suite_14,Deferred_Uber,0,751,1.21682,0.6423,0.073248,0.224192,0.599968,2.20439,453.64,15000,4608,3.77092
Suite_14,Deferred_Uber,0,752,1.21224,0.63052,0.072224,0.223232,0.599136,1.87658,532.886,15000,4608,3.79075
Suite_14,Deferred_Uber,0,753,1.21746,1.16495,0.071296,0.224384,0.592448,1.86065,537.445,15000,4608,3.81069
Suite_14,Deferred_Uber,0,754,1.21393,0.637823,0.070624,0.251232,0.6144,2.39993,416.68,15000,4736,3.83082
Suite_14,Deferred_Uber,0,755,1.2166,0.628289,0.074752,0.224608,0.596288,1.86899,535.048,15000,4736,3.851
Suite_14,Deferred_Uber,0,756,1.21605,0.626419,0.074304,0.223552,0.606208,1.86153,537.191,15000,4608,3.87099
Suite_14,Deferred_Uber,0,757,1.21605,0.772765,0.074656,0.224416,0.606208,1.8608,537.404,15000,4608,3.89141
Suite_14,Deferred_Uber,0,758,1.21265,0.636059,0.074336,0.223904,0.599616,2.20845,452.806,15000,4480,3.91146
Suite_14,Deferred_Uber,0,759,1.21787,0.621509,0.069696,0.224288,0.601856,1.86602,535.901,15000,4480,3.93211
Suite_14,Deferred_Uber,0,760,1.22035,1.08075,0.072544,0.223488,0.600064,1.85551,538.936,15000,4480,3.95233
Suite_14,Deferred_Uber,0,761,1.21523,0.645249,0.070848,0.24576,0.618496,2.37717,420.669,15000,4480,3.97322
Suite_14,Deferred_Uber,0,762,1.21392,0.629506,0.06976,0.22528,0.600064,1.87915,532.155,15000,4480,3.99422
Suite_14,Deferred_Uber,0,763,1.21762,0.624485,0.071872,0.22352,0.598016,1.86056,537.471,15000,4480,4.01534
Suite_14,Deferred_Uber,0,764,1.21924,0.81678,0.07376,0.22528,0.598016,1.85828,538.132,15000,4352,4.03618
Suite_14,Deferred_Uber,0,765,1.21421,0.652612,0.073728,0.224448,0.601824,2.21145,452.192,15000,4224,4.05679
Suite_14,Deferred_Uber,0,766,1.21701,0.621466,0.076512,0.224448,0.600064,1.88501,530.502,15000,4224,4.07825
Suite_14,Deferred_Uber,0,767,1.21308,1.09849,0.071328,0.224032,0.598016,1.85523,539.015,15000,4224,4.09983
Suite_14,Deferred_Uber,0,768,1.21325,0.62738,0.073728,0.23904,0.620032,2.32829,429.5,15000,4224,4.12152
Suite_14,Deferred_Uber,0,769,1.21615,0.62737,0.072416,0.223328,0.60128,1.85914,537.883,15000,4224,4.14333
Suite_14,Deferred_Uber,0,770,1.21672,0.625307,0.075456,0.223872,0.60416,1.86126,537.271,15000,4224,4.16525
Suite_14,Deferred_Uber,0,771,1.21203,0.837637,0.070464,0.224256,0.596128,1.86165,537.157,15000,4224,4.18701
Suite_14,Deferred_Uber,0,772,1.21669,0.636031,0.07408,0.224064,0.59392,2.21792,450.873,15000,4224,4.20915
Suite_14,Deferred_Uber,0,773,1.21557,0.659096,0.073152,0.224,0.600352,1.87132,534.381,15000,4352,4.23161
Suite_14,Deferred_Uber,0,774,1.21679,1.04417,0.07168,0.225024,0.598016,1.89291,528.289,15000,4352,4.25398
Suite_14,Deferred_Uber,0,775,1.21863,0.634113,0.071776,0.241664,0.621312,2.32843,429.474,15000,4480,4.27665
Suite_14,Deferred_Uber,0,776,1.22337,0.650357,0.073152,0.224128,0.595456,1.87004,534.749,15000,4480,4.29924
Suite_14,Deferred_Uber,0,777,1.21651,0.63205,0.071552,0.224032,0.601088,1.8983,526.786,15000,4480,4.32193
Suite_14,Deferred_Uber,0,778,1.21457,0.806242,0.070048,0.223584,0.601792,1.86599,535.909,15000,4480,4.34473
Suite_14,Deferred_Uber,0,779,1.22022,0.635991,0.070048,0.225056,0.598016,2.18905,456.82,15000,4480,4.36763
Suite_14,Deferred_Uber,0,780,1.21451,0.631338,0.074976,0.22496,0.600672,1.87365,533.717,15000,4352,4.38996
Suite_14,Deferred_Uber,0,781,1.22132,1.07363,0.072672,0.2248,0.6064,1.86553,536.04,15000,4352,4.41307
Suite_14,Deferred_Uber,0,782,1.21695,0.641102,0.07152,0.227808,0.608928,2.31505,431.956,15000,4352,4.43628
Suite_14,Deferred_Uber,0,783,1.21344,0.637477,0.073792,0.216256,0.595968,1.87584,533.094,15000,4352,4.23348
Suite_14,Deferred_Uber,0,784,1.21219,0.623982,0.073856,0.21648,0.587776,1.86723,535.553,15000,4352,4.25604
Suite_14,Deferred_Uber,0,785,1.21368,0.856323,0.074048,0.217088,0.598944,1.85414,539.334,15000,4352,4.27871
Suite_14,Deferred_Uber,0,786,1.21526,0.651604,0.07168,0.217088,0.587776,2.18882,456.868,15000,4224,4.30138
Suite_14,Deferred_Uber,0,787,1.21256,0.628671,0.07136,0.224064,0.592544,1.88398,530.792,15000,4224,4.38941
Suite_14,Deferred_Uber,0,788,1.21445,1.12152,0.073984,0.225216,0.598528,1.85736,538.398,15000,4224,4.41254
Suite_14,Deferred_Uber,0,789,1.21164,0.635009,0.076512,0.22432,0.603232,2.35378,424.849,15000,4224,4.43577
Suite_14,Deferred_Uber,0,790,1.21595,0.637402,0.073248,0.224864,0.594208,1.86502,536.187,15000,4352,4.4592
Suite_14,Deferred_Uber,0,791,1.23637,0.625708,0.073728,0.223232,0.60416,1.87038,534.652,15000,4224,4.48243
Suite_14,Deferred_Uber,0,792,1.21671,0.783318,0.07248,0.224448,0.595968,1.87823,532.417,15000,4224,4.50593
Suite_14,Deferred_Uber,0,793,1.21518,0.657606,0.073184,0.224192,0.6048,2.17909,458.907,15000,4224,4.52951
Suite_14,Deferred_Uber,0,794,1.21538,0.631436,0.073312,0.223936,0.598624,1.89157,528.662,15000,4224,4.55319
Suite_14,Deferred_Uber,0,795,1.21287,1.13547,0.075136,0.22528,0.60416,1.86314,536.729,15000,4224,4.57694
Suite_14,Deferred_Uber,0,796,1.21174,0.645125,0.073344,0.243712,0.625696,2.36484,422.862,15000,4096,4.60032
Suite_14,Deferred_Uber,0,797,1.21616,0.632773,0.075392,0.22368,0.606368,1.87689,532.797,15000,4096,4.62424
Suite_14,Deferred_Uber,0,798,1.21244,0.654574,0.073728,0.22496,0.606688,1.86634,535.809,15000,4096,4.64825
Suite_14,Deferred_Uber,0,799,1.21389,0.818457,0.07408,0.224928,0.60848,1.88329,530.986,15000,4096,4.67233
Suite_14,Deferred_Uber,0,800,1.21594,0.64093,0.071648,0.224256,0.598016,2.20429,453.662,15000,4096,4.69649
Suite_14,Deferred_Uber,0,801,1.21386,0.623562,0.074624,0.224576,0.597824,1.87633,532.956,15000,4096,4.72072
Suite_14,Deferred_Uber,0,802,1.21348,1.06357,0.074016,0.22528,0.609024,1.85459,539.202,15000,4224,4.74537
Suite_14,Deferred_Uber,0,803,1.21387,0.628227,0.073728,0.22512,0.596544,2.29337,436.04,15000,4224,4.76975
Suite_14,Deferred_Uber,0,804,1.21433,0.646499,0.075776,0.22528,0.599648,1.85881,537.98,15000,4224,4.79421
Suite_14,Deferred_Uber,0,805,1.215,0.620194,0.075968,0.224544,0.612224,1.87944,532.074,15000,4224,4.81873
Suite_14,Deferred_Uber,0,806,1.21216,0.914371,0.075776,0.225536,0.595968,1.85248,539.818,15000,4224,4.84332
Suite_14,Deferred_Uber,0,807,1.21656,0.645036,0.073152,0.225792,0.598016,2.24419,445.595,15000,4352,4.86832
Suite_14,Deferred_Uber,0,808,1.21465,0.638569,0.07632,0.22512,0.598016,1.87913,532.161,15000,4480,4.89334
Suite_14,Deferred_Uber,0,809,1.213,1.14713,0.07728,0.22512,0.600064,1.87733,532.672,15000,4480,4.91815
Suite_14,Deferred_Uber,0,810,1.21819,0.684235,0.0768,0.23552,0.614784,2.43002,411.519,15000,4480,4.94299
Suite_14,Deferred_Uber,0,811,1.21704,0.63105,0.077824,0.22528,0.610304,1.92032,520.747,15000,4608,4.96813
Suite_14,Deferred_Uber,0,812,1.2188,0.642873,0.076064,0.22512,0.600064,1.86591,535.931,15000,4608,4.99309
Suite_14,Deferred_Uber,0,813,1.21727,0.640268,0.075584,0.224928,0.603072,1.88051,531.771,15000,4736,5.01851
Suite_14,Deferred_Uber,0,814,1.21867,0.633678,0.076896,0.22528,0.6024,2.09365,477.635,15000,4736,5.04357
Suite_14,Deferred_Uber,0,815,1.21334,0.627903,0.07168,0.22528,0.602432,1.86965,534.86,15000,4736,5.06869
Suite_14,Deferred_Uber,0,816,1.21566,1.06769,0.079616,0.225024,0.615456,1.86215,537.014,15000,4736,5.09385
Suite_14,Deferred_Uber,0,817,1.21353,0.639035,0.075232,0.24576,0.61824,2.30124,434.549,15000,4736,5.11906
Suite_14,Deferred_Uber,0,818,1.21719,0.636491,0.074144,0.217088,0.595968,1.8704,534.644,15000,4736,4.35147
Suite_14,Deferred_Uber,0,819,1.21541,0.610544,0.074272,0.216896,0.598176,1.87011,534.728,15000,4992,4.37429
Suite_14,Deferred_Uber,0,820,1.21974,0.868377,0.07504,0.217248,0.59328,1.84255,542.725,15000,5248,4.39726
Suite_14,Deferred_Uber,0,821,1.2183,0.645445,0.074528,0.217088,0.600064,2.20745,453.011,15000,5504,4.42011
Suite_14,Deferred_Uber,0,822,1.21833,0.6165,0.074848,0.218528,0.590784,1.8821,531.32,15000,5504,4.44275
Suite_14,Deferred_Uber,0,823,1.22022,1.064,0.076576,0.217088,0.599328,1.85123,540.182,15000,5504,4.46546
Suite_14,Deferred_Uber,0,824,1.21754,0.636206,0.073312,0.223104,0.598208,2.35294,425,15000,5504,4.48825
Suite_14,Deferred_Uber,0,825,1.21723,0.621835,0.07392,0.217088,0.598016,1.87274,533.977,15000,5504,4.51111
Suite_14,Deferred_Uber,0,826,1.22778,0.618982,0.073728,0.216992,0.58608,1.85666,538.601,15000,5632,4.53413
Suite_14,Deferred_Uber,0,827,1.21882,0.81604,0.077824,0.22528,0.61168,1.86312,536.736,15000,5632,4.63939
Suite_14,Deferred_Uber,0,828,1.22597,0.665723,0.077696,0.225216,0.600288,2.20727,453.048,15000,5760,4.66299
Suite_14,Deferred_Uber,0,829,1.22439,0.630725,0.073728,0.225696,0.607744,1.91236,522.913,15000,5760,4.68637
Suite_14,Deferred_Uber,0,830,1.2206,1.07716,0.07248,0.224992,0.608256,1.87328,533.824,15000,5760,4.7098
Suite_14,Deferred_Uber,0,831,1.22233,0.661818,0.074304,0.243648,0.630784,2.3147,432.022,15000,5760,4.73331
Suite_14,Deferred_Uber,0,832,1.22975,0.631347,0.073728,0.22528,0.602528,1.90368,525.299,15000,5632,4.75677
Suite_14,Deferred_Uber,0,833,1.22497,0.627454,0.075776,0.225472,0.605184,1.88001,531.911,15000,5888,4.781
Suite_14,Deferred_Uber,0,834,1.219,0.829883,0.076064,0.2256,0.608256,1.87007,534.74,15000,5888,4.80469
Suite_14,Deferred_Uber,0,835,1.22471,0.626942,0.076512,0.22528,0.598016,2.16737,461.389,15000,5888,4.82843
Suite_14,Deferred_Uber,0,836,1.21876,0.634455,0.073984,0.227232,0.598016,1.8692,534.989,15000,6016,4.85232
Suite_14,Deferred_Uber,0,837,1.22025,1.07714,0.075008,0.22608,0.606688,1.8722,534.131,15000,6144,4.87629
Suite_14,Deferred_Uber,0,838,1.22159,0.645905,0.07216,0.246048,0.619904,2.31525,431.919,15000,6272,4.90037
Suite_14,Deferred_Uber,0,839,1.22594,0.627863,0.073728,0.22528,0.608544,1.8851,530.476,15000,6400,4.92436
Suite_14,Deferred_Uber,0,840,1.22358,0.627114,0.079328,0.225152,0.61024,1.87065,534.574,15000,6912,4.94911
Suite_14,Deferred_Uber,0,841,1.22445,0.87517,0.076544,0.227392,0.60416,1.87774,532.556,15000,7040,4.97321
Suite_14,Deferred_Uber,0,842,1.23404,0.637933,0.073248,0.225888,0.605056,2.21938,450.576,15000,7296,4.99776
Suite_14,Deferred_Uber,0,843,1.22805,0.632557,0.074976,0.226592,0.604096,1.8906,528.934,15000,7680,5.02324
Suite_14,Deferred_Uber,0,844,1.23052,1.04068,0.077824,0.225312,0.603552,1.87844,532.357,15000,7936,5.04811
Suite_14,Deferred_Uber,0,845,1.23094,0.630237,0.075904,0.241216,0.612352,2.29146,436.402,15000,8064,5.0728
Suite_14,Deferred_Uber,0,846,1.2294,0.622477,0.075584,0.225408,0.599232,1.88039,531.806,15000,8064,5.09708
Suite_14,Deferred_Uber,0,847,1.22869,0.63851,0.077824,0.226752,0.609248,1.86933,534.951,15000,8064,5.12138
Suite_14,Deferred_Uber,0,848,1.22865,0.822351,0.075936,0.225024,0.604384,1.88478,530.566,15000,8320,5.14601
Suite_14,Deferred_Uber,0,849,1.228,0.64052,0.07984,0.226912,0.6144,2.17141,460.53,15000,8448,5.17042
Suite_14,Deferred_Uber,0,850,1.22997,0.645211,0.07616,0.22688,0.60416,1.88894,529.399,15000,8832,5.19586
Suite_14,Deferred_Uber,0,851,1.23364,1.05564,0.077568,0.225056,0.60944,1.89328,528.185,15000,9344,5.22088
Suite_14,Deferred_Uber,0,852,1.23346,0.634497,0.077824,0.239424,0.634592,2.30805,433.267,15000,9600,5.24589
Suite_14,Deferred_Uber,0,853,1.23415,0.636141,0.075776,0.22528,0.610016,1.88914,529.342,15000,9472,5.26936
Suite_14,Deferred_Uber,0,854,1.23273,0.631192,0.075776,0.227392,0.613952,1.88981,529.155,15000,9728,5.29438
Suite_14,Deferred_Uber,0,855,1.23489,0.82262,0.076448,0.229376,0.61552,1.88258,531.187,15000,10112,5.31924
Suite_14,Deferred_Uber,0,856,1.23597,0.660382,0.077824,0.228608,0.602112,2.17693,459.362,15000,10112,5.34378
Suite_14,Deferred_Uber,0,857,1.23575,0.640733,0.080448,0.227168,0.616448,1.92085,520.602,15000,10112,5.36834
Suite_14,Deferred_Uber,0,858,1.23867,0.983475,0.08096,0.228768,0.612096,1.89679,527.208,15000,10240,5.39305
Suite_14,Deferred_Uber,0,859,1.23666,0.841959,0.680896,0.237088,1.2247,2.24093,446.243,15000,10368,5.41777
Suite_14,Deferred_Uber,0,860,1.24468,0.69186,0.080032,0.227488,0.611328,2.09909,476.398,15000,10624,5.44261
Suite_14,Deferred_Uber,0,861,1.26024,0.726787,0.079872,0.22736,0.618496,1.9635,509.294,15000,10752,5.4675
Suite_14,Deferred_Uber,0,862,1.24346,0.646544,0.079872,0.229376,0.615008,2.01137,497.173,15000,10752,5.49211
Suite_14,Deferred_Uber,0,863,1.24266,0.666807,0.083776,0.238656,0.62464,1.91077,523.35,15000,10752,5.61663
Suite_14,Deferred_Uber,0,864,1.23763,0.642228,0.079808,0.23904,0.621504,1.92864,518.499,15000,11136,5.64207
Suite_14,Deferred_Uber,0,865,1.24361,1.00523,0.082944,0.237792,0.620544,1.90724,524.319,15000,11520,5.66756
Suite_14,Deferred_Uber,0,866,1.24384,0.639464,0.08192,0.247808,0.629376,2.26908,440.707,15000,11648,5.79572
Suite_14,Deferred_Uber,0,867,1.24426,0.637486,0.079072,0.246336,0.622976,1.90274,525.559,15000,11904,5.82155
Suite_14,Deferred_Uber,0,868,1.24461,0.644179,0.080864,0.247648,0.626816,1.90083,526.086,15000,12160,5.84689
Suite_14,Deferred_Uber,0,869,1.24435,0.697345,0.079872,0.247808,0.633408,1.90963,523.661,15000,12544,5.87257
Suite_14,Deferred_Uber,0,870,1.24865,0.652011,0.081472,0.247808,0.636896,2.01386,496.56,15000,12672,5.89778
Suite_14,Deferred_Uber,0,871,1.24856,0.641891,0.08192,0.257856,0.648064,1.92188,520.323,15000,13056,5.98042
Suite_14,Deferred_Uber,0,872,1.24937,1.03928,0.08064,0.255776,0.644096,1.91031,523.476,15000,13440,6.00617
Suite_14,Deferred_Uber,0,873,1.24591,0.656023,0.091712,0.25648,0.654816,2.30987,432.924,15000,13568,6.03165
Suite_14,Deferred_Uber,0,874,1.2572,0.662899,0.083424,0.256736,0.64272,1.92359,519.862,15000,13696,6.05697
Suite_14,Deferred_Uber,0,875,1.25493,0.654346,0.082656,0.255168,0.643072,1.94112,515.165,15000,13952,6.08268
Suite_14,Deferred_Uber,0,876,1.25094,0.686843,0.082432,0.254464,0.647488,1.92963,518.234,15000,14464,6.10841
Suite_14,Deferred_Uber,0,877,1.25547,0.701583,0.085856,0.25968,0.668448,2.01175,497.079,15000,14720,6.13391
Suite_14,Deferred_Uber,0,878,1.25916,0.654184,0.086176,0.258144,0.6504,1.97888,505.336,15000,15488,6.16047
Suite_14,Deferred_Uber,0,879,1.26081,1.06645,0.083968,0.258048,0.651776,1.93404,517.052,15000,16000,6.1864
Suite_14,Deferred_Uber,0,880,1.2636,0.665524,0.082912,0.258048,0.649056,2.34768,425.953,15000,16256,6.21197
Suite_14,Deferred_Uber,0,881,1.26319,0.647568,0.081696,0.255776,0.649216,1.95236,512.201,15000,17152,6.23858
Suite_14,Deferred_Uber,0,882,1.27345,0.683447,0.0824,0.256064,0.64512,1.93288,517.363,15000,17536,6.26413
Suite_14,Deferred_Uber,0,883,1.26868,0.649022,0.08592,0.264928,0.651264,1.97966,505.137,15000,17792,6.36557
Suite_14,Deferred_Uber,0,884,1.27156,0.653147,0.083456,0.263968,0.673568,1.9396,515.569,15000,18432,6.39227
Suite_14,Deferred_Uber,0,885,1.26886,0.655112,0.088384,0.264224,0.65536,1.95329,511.957,15000,18688,6.41769
Suite_14,Deferred_Uber,0,886,1.27127,1.01551,0.090112,0.264192,0.660192,1.94691,513.634,15000,19072,6.44311
Suite_14,Deferred_Uber,0,887,1.28235,0.656306,0.083712,0.26288,0.653984,2.35971,423.781,15000,19968,6.46942
Suite_14,Deferred_Uber,0,888,1.27456,0.634775,0.090016,0.26656,0.665024,1.96193,509.701,15000,20096,6.49466
Suite_14,Deferred_Uber,0,889,1.27602,0.654212,0.089376,0.263168,0.659456,1.93325,517.262,15000,20352,6.52016
Suite_14,Deferred_Uber,0,890,1.27233,0.664498,0.090592,0.256192,0.647168,1.96076,510.007,15000,20864,5.60105
Suite_14,Deferred_Uber,0,891,1.27738,0.667508,0.086496,0.26576,0.657408,1.95901,510.462,15000,20992,5.62429
Suite_14,Deferred_Uber,0,892,1.27608,0.662964,0.086368,0.256128,0.655328,1.96764,508.224,15000,21120,5.64754
Suite_14,Deferred_Uber,0,893,1.28056,0.915904,0.086048,0.256896,0.655168,1.96458,509.014,15000,21504,5.67136
Suite_14,Deferred_Uber,0,894,1.28681,0.674433,0.087136,0.26624,0.65936,2.32157,430.742,15000,22528,5.86284
Suite_14,Deferred_Uber,0,895,1.28768,0.662819,0.090112,0.266464,0.666592,1.98497,503.785,15000,23040,5.88791
Suite_14,Deferred_Uber,0,896,1.28858,1.15229,0.088064,0.268288,0.664736,1.97432,506.503,15000,23296,5.91179
Suite_14,Deferred_Uber,0,897,1.28918,0.67488,0.088064,0.267904,0.663552,2.48967,401.659,15000,23936,5.93659
Suite_14,Deferred_Uber,0,898,1.29374,0.657341,0.09008,0.266112,0.661824,1.99014,502.477,15000,24832,5.96167
Suite_14,Deferred_Uber,0,899,1.29631,0.648892,0.091456,0.269344,0.671744,1.97475,506.392,15000,25472,5.98708
Suite_14,Deferred_Uber,0,900,1.29656,0.667179,0.090816,0.266944,0.659456,1.96906,507.857,15000,26368,6.01179
Suite_14,Deferred_Uber,0,901,1.30915,0.679863,0.088704,0.290912,0.681216,2.04075,490.015,15000,27136,6.03634
Suite_14,Deferred_Uber,0,902,1.30169,0.673778,0.093056,0.273152,0.669824,2.01582,496.077,15000,27392,6.12796
Suite_14,Deferred_Uber,0,903,1.30012,1.00018,0.092256,0.276288,0.677056,1.99991,500.023,15000,28160,6.15289
Suite_14,Deferred_Uber,0,904,1.30506,0.689014,0.095904,0.274176,0.667872,2.32516,430.079,15000,28544,6.17669
Suite_14,Deferred_Uber,0,905,1.31514,0.665772,0.0968,0.274016,0.679168,2.02106,494.79,15000,29440,6.20165
Suite_14,Deferred_Uber,0,906,1.31265,1.12631,0.095232,0.274432,0.679712,2.00706,498.241,15000,30720,6.22699
Suite_14,Deferred_Uber,0,907,1.31662,0.681991,0.096256,0.274112,0.676384,2.46522,405.643,15000,31744,6.25335
Suite_14,Deferred_Uber,0,908,1.32259,0.84793,0.100352,0.276128,0.678368,2.02546,493.715,15000,32384,6.27869
Suite_14,Deferred_Uber,0,909,1.35276,0.663118,0.099488,0.277344,0.681984,2.30171,434.46,15000,33664,6.3046
Suite_14,Deferred_Uber,0,910,1.32646,0.653321,0.098304,0.284672,0.705984,2.04545,488.89,15000,35200,6.38916
Suite_14,Deferred_Uber,0,911,1.33518,0.669987,0.11584,0.2856,0.733344,2.00741,498.154,15000,35712,6.41369
Suite_14,Deferred_Uber,0,912,1.34018,0.670112,0.104384,0.288096,0.692096,2.03411,491.615,15000,37120,6.43974
Suite_14,Deferred_Uber,0,913,1.34333,1.12246,0.104576,0.292864,0.70656,2.04574,488.822,15000,38016,6.532
Suite_14,Deferred_Uber,0,914,1.34885,0.706426,0.105184,0.3072,0.7168,2.50044,399.929,15000,39296,6.69775
Suite_14,Deferred_Uber,0,915,1.34804,0.651404,0.102912,0.300704,0.71168,2.08513,479.587,15000,40448,6.72513
Suite_14,Deferred_Uber,0,916,1.35408,1.00464,0.104448,0.299936,0.717952,2.02835,493.012,15000,41472,6.75126
Suite_14,Deferred_Uber,0,917,1.36157,0.668021,0.106496,0.300416,0.730016,2.5417,393.438,15000,42240,6.77705
Suite_14,Deferred_Uber,0,918,1.36053,0.653924,0.109152,0.3032,0.723072,2.0626,484.826,15000,43264,6.80414
Suite_14,Deferred_Uber,0,919,1.36372,1.00709,0.10912,0.301088,0.713888,2.04523,488.942,15000,44416,6.83046
Suite_14,Deferred_Uber,0,920,1.36855,0.715507,0.110112,0.300832,0.718848,2.55305,391.688,15000,45312,6.85595
Suite_14,Deferred_Uber,0,921,1.36784,1.55185,0.11264,0.30016,0.717344,2.11863,472.003,15000,46080,6.88151
Suite_14,Deferred_Uber,0,922,1.39368,0.701839,0.114688,0.303296,0.719008,2.95734,338.142,15000,47232,6.90774
Suite_14,Deferred_Uber,0,923,1.39116,0.681185,0.112768,0.30736,0.748608,2.12815,469.891,15000,48640,6.97894
Suite_14,Deferred_Uber,0,924,1.38834,0.655634,0.114432,0.307392,0.72832,2.10674,474.668,15000,49408,7.00465
Suite_14,Deferred_Uber,0,925,1.38226,0.974384,0.1176,0.310496,0.731136,2.08134,480.461,15000,50176,7.03019
Suite_14,Deferred_Uber,0,926,1.39255,0.712839,0.119488,0.309248,0.731136,2.5424,393.329,15000,52352,7.05767
Suite_14,Deferred_Uber,0,927,1.39668,0.691621,0.118784,0.31744,0.74832,2.13902,467.503,15000,54016,7.1453
Suite_14,Deferred_Uber,0,928,1.39745,0.888966,0.118976,0.325632,0.750944,2.12186,471.284,15000,55424,7.21664
Suite_14,Deferred_Uber,0,929,1.42348,0.709215,0.121248,0.32496,0.753312,2.48091,403.077,15000,57728,7.2448
Suite_14,Deferred_Uber,0,930,1.42433,0.668362,0.12288,0.32688,0.75856,2.17242,460.317,15000,58880,7.27102
Suite_14,Deferred_Uber,0,931,1.41662,1.14011,0.121728,0.325632,0.753408,2.12985,469.517,15000,59904,7.29677
Suite_14,Deferred_Uber,0,932,1.42592,0.729291,0.84512,0.328544,1.47958,2.59309,385.641,15000,62976,7.32592
Suite_14,Deferred_Uber,0,933,1.4347,0.668784,0.126976,0.32992,0.765984,2.19533,455.513,15000,65280,7.35391
Suite_14,Deferred_Uber,0,934,1.43937,0.911353,0.128768,0.330112,0.759904,2.14305,466.625,15000,67200,7.38174
Suite_14,Deferred_Uber,0,935,1.445,0.67667,0.130912,0.328096,0.765856,2.54162,393.451,15000,68480,7.41098
Suite_14,Deferred_Uber,0,936,1.45671,0.672496,0.129376,0.331776,0.777248,2.16181,462.576,15000,70912,7.44013
Suite_14,Deferred_Uber,0,937,1.45626,1.16008,0.133984,0.331232,0.770048,2.1701,460.809,15000,72448,7.46696
Suite_14,Deferred_Uber,0,938,1.4652,0.694582,0.131424,0.339968,0.782272,2.70868,369.184,15000,74496,7.57293
Suite_14,Deferred_Uber,0,939,1.47326,0.676085,0.13312,0.339968,0.77824,2.2034,453.845,15000,76800,7.60265
Suite_14,Deferred_Uber,0,940,1.47723,0.83182,0.137408,0.34144,0.78848,2.19173,456.261,15000,79488,7.63282
Suite_14,Deferred_Uber,0,941,1.48735,0.682356,0.139744,0.34048,0.784704,2.55605,391.228,15000,81280,7.65964
Suite_14,Deferred_Uber,0,942,1.49351,0.680927,0.14272,0.348416,0.803488,2.23,448.43,15000,82816,7.76992
Suite_14,Deferred_Uber,0,943,1.497,0.96949,0.141312,0.349664,0.79952,2.22009,450.432,15000,84480,7.79684
Suite_14,Deferred_Uber,0,944,1.50462,0.699308,0.143232,0.34992,0.796224,2.56107,390.461,15000,86912,7.82575
Suite_14,Deferred_Uber,0,945,1.512,0.690501,0.14272,0.349184,0.801952,2.2528,443.893,15000,88704,7.85377
Suite_14,Deferred_Uber,0,946,1.51644,0.875989,0.146432,0.350176,0.800896,2.25123,444.201,15000,91264,7.88181
Suite_14,Deferred_Uber,0,947,1.53348,0.713117,0.147008,0.3504,0.800512,2.44167,409.555,15000,93696,7.91056
Suite_14,Deferred_Uber,0,948,1.54177,0.68629,0.141312,0.351392,0.805824,2.30224,434.359,15000,96512,7.94099
Suite_14,Deferred_Uber,0,949,1.54018,0.811332,0.151488,0.35984,0.81968,2.27865,438.856,15000,98816,8.12563
Suite_14,Deferred_Uber,0,950,1.55412,0.719187,0.149824,0.36576,0.841696,2.40124,416.452,15000,102144,8.22922
Suite_14,Deferred_Uber,0,951,1.55896,0.685506,0.15936,0.371456,0.839904,2.32534,430.045,15000,103680,8.2985
Suite_14,Deferred_Uber,0,952,1.56348,0.918186,0.15536,0.371616,0.831488,2.29693,435.363,15000,105728,8.32612
Suite_14,Deferred_Uber,0,953,1.58481,0.711495,0.157696,0.395264,0.861056,2.53581,394.351,15000,108672,8.47873
Suite_14,Deferred_Uber,0,954,1.58499,0.705495,0.161792,0.390208,0.857088,2.35005,425.523,15000,111744,8.50889
Suite_14,Deferred_Uber,0,955,1.59857,0.861447,0.164448,0.397312,0.876384,2.34773,425.943,15000,114432,8.58632
Suite_14,Deferred_Uber,0,956,1.61367,0.729691,0.555296,0.401984,1.27219,2.51529,397.569,15000,117120,8.6202
Suite_14,Deferred_Uber,0,957,1.62464,0.695156,0.162432,0.39888,0.8704,2.40108,416.479,15000,120320,8.65098
Suite_14,Deferred_Uber,0,958,1.62015,0.727154,0.167936,0.407264,0.886528,2.38046,420.087,15000,123392,8.76242
Suite_14,Deferred_Uber,0,959,1.64154,0.71793,0.170496,0.407104,0.886784,2.40579,415.663,15000,127104,8.79318
Suite_14,Deferred_Uber,0,960,1.64864,0.70546,0.172128,0.406656,0.89088,2.41829,413.516,15000,129664,8.82189
Suite_14,Deferred_Uber,0,961,1.64648,0.839882,0.165952,0.411616,0.884736,2.4158,413.941,15000,132480,8.8525
Suite_14,Deferred_Uber,0,962,1.67736,0.72671,0.173344,0.409408,0.888832,2.54846,392.394,15000,137216,8.88622
Suite_14,Deferred_Uber,0,963,1.68779,1.32181,0.176704,0.409152,0.899072,2.4664,405.449,15000,142336,8.9222
Suite_14,Deferred_Uber,0,964,1.70357,0.745876,0.176896,0.407552,0.9176,3.07267,325.45,15000,146816,8.95346
Suite_14,Deferred_Uber,0,965,1.71937,0.729169,0.180224,0.4096,0.89712,2.51796,397.147,15000,149376,8.983
Suite_14,Deferred_Uber,0,966,1.71345,0.74019,0.189696,0.40832,0.904928,2.51899,396.984,15000,151424,9.01229
Suite_14,Deferred_Uber,0,967,1.74224,0.739314,0.2072,0.407776,0.933824,2.52166,396.565,15000,154880,9.04392
Suite_14,Deferred_Uber,0,968,1.74769,0.730806,0.18864,0.415872,0.909312,2.55069,392.051,15000,158848,9.23067
Suite_14,Deferred_Uber,0,969,1.7436,0.735096,0.195328,0.432128,0.945824,2.55013,392.137,15000,162560,9.31816
Suite_14,Deferred_Uber,0,970,1.77152,0.743623,0.19456,0.433184,0.932832,2.55178,391.884,15000,167296,9.38512
Suite_14,Deferred_Uber,0,971,1.79813,0.856937,0.211264,0.433184,0.96256,2.6028,384.202,15000,170752,9.41741
Suite_14,Deferred_Uber,0,972,1.80084,0.767067,0.194944,0.429984,0.959936,2.98821,334.649,15000,172800,9.44681
Suite_14,Deferred_Uber,0,973,1.80703,0.747157,0.202752,0.45056,0.967008,2.6465,377.857,15000,177280,9.59573
Suite_14,Deferred_Uber,0,974,1.8096,0.757115,0.208992,0.450528,0.985088,2.63107,380.073,15000,181632,9.62868
Suite_14,Deferred_Uber,0,975,1.84438,0.756322,0.21152,0.451648,0.974272,2.64695,377.793,15000,187264,9.66479
Suite_14,Deferred_Uber,0,976,1.84842,1.38099,0.20768,0.454432,0.970112,2.67996,373.14,15000,190592,9.69666
Suite_14,Deferred_Uber,0,977,1.85665,0.768443,0.214688,0.457312,0.976896,3.3157,301.595,15000,195456,9.73189
Suite_14,Deferred_Uber,0,978,1.87888,0.749458,0.2224,0.472032,1.00186,2.70919,369.114,15000,199808,9.85035
Suite_14,Deferred_Uber,0,979,1.88268,0.765805,0.223072,0.475136,1.01261,2.71445,368.399,15000,204032,9.88404
Suite_14,Deferred_Uber,0,980,1.90678,0.770623,0.228896,0.473312,1.01606,2.73449,365.699,15000,209152,9.91774
Suite_14,Deferred_Uber,0,981,1.91782,0.780596,0.233568,0.480544,1.0281,2.76848,361.209,15000,213888,10.0082
Suite_14,Deferred_Uber,0,982,1.93211,0.799034,0.519232,0.486336,1.32154,3.04291,328.633,15000,219264,10.0418
Suite_14,Deferred_Uber,0,983,1.94864,0.770391,0.234016,0.491488,1.04035,2.82257,354.288,15000,224256,10.1311
Suite_14,Deferred_Uber,0,984,1.95297,0.770616,0.241536,0.510976,1.06086,2.81111,355.731,15000,227456,10.264
Suite_14,Deferred_Uber,0,985,1.98288,0.771348,0.239616,0.516096,1.06109,2.82472,354.017,15000,232064,10.467
Suite_14,Deferred_Uber,0,986,1.99469,0.821177,0.241664,0.54176,1.08797,2.85517,350.242,15000,237696,10.6383
Suite_14,Deferred_Uber,0,987,2.00755,0.782796,0.253312,0.547392,1.10246,2.91357,343.221,15000,241536,10.8891
Suite_14,Deferred_Uber,0,988,2.02868,0.785164,0.2456,0.54656,1.10202,2.89358,345.593,15000,247808,10.9279
Suite_14,Deferred_Uber,0,989,2.03525,0.799907,0.247712,0.563392,1.12832,2.91621,342.911,15000,252672,11.1982
Suite_14,Deferred_Uber,0,990,2.06542,0.884894,0.253952,0.575296,1.14346,2.94469,339.595,15000,257920,11.2959
Suite_14,Deferred_Uber,0,991,2.14477,1.05221,0.791904,0.574208,1.67194,3.05461,327.374,15000,264064,11.333
Suite_14,Deferred_Uber,0,992,2.13916,0.959215,0.262816,0.589824,1.16675,3.31058,302.062,15000,268544,11.5545
Suite_14,Deferred_Uber,0,993,2.13261,0.95271,0.26624,0.608352,1.17728,3.21559,310.985,15000,272768,11.7712
Suite_14,Deferred_Uber,0,994,2.14053,0.972642,0.262144,0.625952,1.19862,3.19556,312.934,15000,278400,11.9092
Suite_14,Deferred_Uber,0,995,2.16013,0.965751,0.268512,0.63488,1.20422,3.23555,309.066,15000,283776,12.0293
Suite_14,Deferred_Uber,0,996,2.17527,0.981755,0.272224,0.65536,2.74995,3.24134,308.514,15000,289664,12.3204
Suite_14,Deferred_Uber,0,997,2.19714,1.01235,0.27376,0.670464,1.36342,3.28069,304.814,15000,296448,12.5177
Suite_14,Deferred_Uber,0,998,2.20695,1.00639,0.285824,0.673376,2.77094,3.33667,299.7,15000,302336,12.5604
Suite_14,Deferred_Uber,0,999,2.23019,1.25955,0.301408,0.671264,1.45219,3.34894,298.602,15000,306688,12.5995
Suite_14,Deferred_Uber,0,1000,2.25664,1.01615,0.292864,0.698368,2.80579,3.62198,276.092,15000,314112,12.8431
Suite_14,Deferred_Uber,0,1001,2.27218,1.17605,0.298304,0.704672,1.42915,3.40086,294.043,15000,320512,12.925
Suite_14,Deferred_Uber,0,1002,2.29323,1.03839,0.302528,0.70688,2.82054,3.57578,279.659,15000,326528,12.9671
Suite_14,Deferred_Uber,0,1003,2.30995,1.07,0.305312,0.730624,1.47427,3.46075,288.955,15000,331904,13.228
Suite_14,Deferred_Uber,0,1004,2.35612,1.07956,0.30976,0.73728,2.87539,3.51309,284.65,15000,338176,13.369
Suite_14,Deferred_Uber,0,1005,2.36198,1.02588,0.313344,0.757216,1.39309,3.57879,279.424,15000,345472,13.6209
Suite_14,Deferred_Uber,0,1006,2.3775,1.08842,0.458688,0.772128,3.06637,3.53201,283.125,15000,352512,14.0289
Suite_14,Deferred_Uber,0,1007,2.38479,1.05408,0.319648,0.786688,1.97837,3.60939,277.055,15000,358144,14.1028
Suite_14,Deferred_Uber,0,1008,2.41244,1.08975,0.321536,0.786432,1.53667,3.5787,279.431,15000,365184,14.1488
Suite_14,Deferred_Uber,0,1009,2.4369,1.05725,0.329952,0.786912,1.98589,3.64598,274.275,15000,371840,14.1978
Suite_14,Deferred_Uber,0,1010,2.45577,1.08499,0.329152,0.811296,1.56877,3.6446,274.379,15000,377216,14.4643
Suite_14,Deferred_Uber,0,1011,2.48045,1.08574,0.358528,0.831488,2.05619,3.69256,270.815,15000,384384,14.5466
Suite_14,Deferred_Uber,0,1012,2.49817,1.10208,1.86573,0.837632,3.18886,3.71553,269.14,15000,390016,14.6232
Suite_14,Deferred_Uber,0,1013,2.5119,1.16006,0.346688,0.858112,2.08803,3.75733,266.146,15000,395904,14.9141
Suite_14,Deferred_Uber,0,1014,2.53001,1.08662,0.348832,0.866304,1.70173,3.82608,261.364,15000,402944,15.0006
Suite_14,Deferred_Uber,0,1015,2.54902,1.11377,0.354432,0.866592,2.09453,3.77706,264.756,15000,410112,15.051
Suite_14,Deferred_Uber,0,1016,2.57744,1.09515,0.360576,0.909824,1.7545,3.82428,261.487,15000,416896,15.4391
Suite_14,Deferred_Uber,0,1017,2.59484,1.13219,0.36384,0.920288,3.09882,3.83961,260.443,15000,423424,15.5195
Suite_14,Deferred_Uber,0,1018,2.62366,1.17503,0.382976,0.933696,1.79702,3.89097,257.005,15000,430464,15.6146
Suite_14,Deferred_Uber,0,1019,2.64204,1.15107,0.376832,0.93184,1.7408,3.96337,252.311,15000,436736,15.6674
Suite_14,Deferred_Uber,0,1020,2.66572,1.15398,0.405504,0.929792,2.20368,3.9596,252.551,15000,444416,15.7188
Suite_14,Deferred_Uber,0,1021,2.68816,1.28208,0.38672,0.939776,1.81178,3.99272,250.456,15000,451200,15.8421
Suite_14,Deferred_Uber,0,1022,2.70429,1.16925,0.390624,0.941984,2.2016,4.1468,241.15,15000,458368,15.8966
Suite_14,Deferred_Uber,0,1023,2.72577,1.16913,0.407936,0.949856,1.85344,4.0485,247.005,15000,465280,16.0009
Suite_14,Deferred_Uber,0,1024,2.75239,1.18611,0.403392,0.956544,1.78589,4.07546,245.371,15000,473344,16.4805
Suite_14,Deferred_Uber,0,1025,2.76844,1.17742,0.404896,0.971776,2.25894,4.13116,242.063,15000,480768,16.6013
Suite_14,Deferred_Uber,0,1026,2.78723,1.19393,0.410144,0.987424,1.87802,4.14384,241.322,15000,487040,16.8421
Suite_14,Deferred_Uber,0,1027,2.81555,1.20033,0.413696,0.989888,2.27942,4.17083,239.761,15000,494592,16.9005
Suite_14,Deferred_Uber,0,1028,2.83425,1.21189,0.428832,0.987136,1.92048,4.20464,237.832,15000,502144,16.9562
Suite_14,Deferred_Uber,0,1029,2.86074,1.24921,0.426656,1.0015,1.85344,4.23654,236.042,15000,510208,17.0973
Suite_14,Deferred_Uber,0,1030,2.89178,1.25057,0.458752,1.01171,2.34752,4.30729,232.164,15000,516480,17.3476
Suite_14,Deferred_Uber,0,1031,2.90951,1.22584,0.439392,1.01376,1.94163,4.34013,230.408,15000,525312,17.4136
Suite_14,Deferred_Uber,0,1032,2.93389,1.25143,0.44,1.01322,3.27862,4.33459,230.702,15000,533632,17.4704
Suite_14,Deferred_Uber,0,1033,2.94964,1.24806,0.6656,1.02605,2.55667,4.39806,227.373,15000,540928,17.5653
Suite_14,Deferred_Uber,0,1034,2.98226,1.2736,0.454592,1.05296,1.93744,4.4047,227.03,15000,548736,17.9691
Suite_14,Deferred_Uber,0,1035,3.00059,2.1489,0.454112,1.05523,3.33443,4.46694,223.867,15000,555520,18.0283
Suite_14,Deferred_Uber,0,1036,3.02922,1.28242,0.960128,1.0528,2.89587,5.36643,186.344,15000,562048,18.0874
Suite_14,Deferred_Uber,0,1037,3.04609,1.30103,0.467584,1.06291,2.00694,4.53442,220.536,15000,569216,18.146
Suite_14,Deferred_Uber,0,1038,3.07897,1.30465,0.475424,1.06518,3.35648,4.5611,219.245,15000,578944,18.2688
Suite_14,Deferred_Uber,0,1039,3.10392,1.29167,0.507904,1.10301,2.48515,4.59883,217.447,15000,586752,18.6126
Suite_14,Deferred_Uber,0,1040,3.12088,1.32545,0.489824,1.13901,2.11603,4.63117,215.928,15000,593664,18.9603
Suite_14,Deferred_Uber,0,1041,3.14233,1.31511,0.488096,1.13584,3.43437,4.67117,214.079,15000,601344,19.0243
Suite_14,Deferred_Uber,0,1042,3.16879,1.32956,0.520192,1.15226,2.54362,4.68588,213.407,15000,608256,19.4447
Suite_14,Deferred_Uber,0,1043,3.19733,1.33168,0.497664,1.1735,2.1792,4.72566,211.611,15000,617856,19.6624
Suite_14,Deferred_Uber,0,1044,3.21855,1.34451,1.19446,1.20173,4.2328,4.76094,210.042,15000,626048,19.8456
Suite_14,Deferred_Uber,0,1045,3.24275,1.34709,0.511936,1.23296,2.6152,4.80869,207.957,15000,633344,20.0523
Suite_14,Deferred_Uber,0,1046,3.25981,1.35365,0.516832,1.22864,2.73226,4.83457,206.843,15000,640640,20.1572
Suite_14,Deferred_Uber,0,1047,3.28811,1.48448,0.518144,1.23904,2.07264,4.85062,206.159,15000,647296,20.2766
Suite_14,Deferred_Uber,0,1048,3.30419,1.36188,2.5975,1.26362,4.29072,5.01143,199.544,15000,654080,20.6105
Suite_14,Deferred_Uber,0,1049,3.32193,1.36004,0.53248,1.2655,2.67888,4.91361,203.516,15000,661888,20.6844
Suite_14,Deferred_Uber,0,1050,3.36134,1.39743,0.53936,1.27907,2.29741,4.93653,202.572,15000,671872,20.8792
Suite_14,Deferred_Uber,0,1051,3.39748,1.44267,0.536384,1.30554,3.65469,5.01371,199.453,15000,679424,20.9797
Suite_14,Deferred_Uber,0,1052,3.4093,1.42233,1.49901,1.30602,3.67683,5.09143,196.408,15000,686208,21.5207
Suite_14,Deferred_Uber,0,1053,3.42317,1.39119,0.55344,1.34563,2.21194,5.09108,196.422,15000,693120,21.8956
Suite_14,Deferred_Uber,0,1054,3.44611,1.43216,0.555168,1.35261,2.34086,5.08941,196.486,15000,700800,22.0478
Suite_14,Deferred_Uber,0,1055,3.47304,1.43715,1.5831,1.34691,4.73178,5.14443,194.385,15000,708992,22.1252
Suite_14,Deferred_Uber,0,1056,3.49094,1.44486,0.562432,1.3568,2.7919,5.17557,193.215,15000,715392,22.2393
Suite_14,Deferred_Uber,0,1057,3.51619,1.43821,0.575936,1.36323,2.25891,5.22109,191.531,15000,723584,22.3167
Suite_14,Deferred_Uber,0,1058,3.54608,1.58705,0.58832,1.36979,2.39002,5.22322,191.453,15000,731904,22.4508
Suite_14,Deferred_Uber,0,1059,3.57199,1.47203,0.585888,1.37216,3.77856,5.40055,185.166,15000,741632,22.5277
Suite_14,Deferred_Uber,0,1060,3.59942,1.48966,0.59312,1.37702,2.84547,5.31871,188.015,15000,750080,22.6385
Suite_14,Deferred_Uber,0,1061,3.61969,1.51842,1.05594,1.38726,3.32054,5.37499,186.047,15000,758656,22.8164
Suite_14,Deferred_Uber,0,1062,3.68454,1.56194,0.606208,1.39264,2.4432,5.42932,184.185,15000,766080,22.8943
Suite_14,Deferred_Uber,0,1063,3.67943,1.53108,0.608256,1.40288,2.43306,5.52891,180.868,15000,773376,23.02
Suite_14,Deferred_Uber,0,1064,3.69797,1.5127,1.82432,1.40154,5.03808,5.49563,181.963,15000,781952,23.1039
Suite_14,Deferred_Uber,0,1065,3.72256,1.52587,0.620544,1.4295,2.92307,5.49749,181.901,15000,791552,23.2806
Suite_14,Deferred_Uber,0,1066,3.74325,1.51433,0.630496,1.432,2.92845,5.54262,180.42,15000,798208,23.8357
Suite_14,Deferred_Uber,0,1067,3.77518,1.67064,0.755904,1.43286,2.63939,5.55705,179.952,15000,806016,23.9218
Suite_14,Deferred_Uber,0,1068,3.79855,1.54262,0.636928,1.43274,2.49856,5.75336,173.811,15000,814080,24.0796
Suite_14,Deferred_Uber,0,1069,3.81742,1.58899,0.646176,1.44147,3.89504,5.64582,177.122,15000,822400,24.2445
Suite_14,Deferred_Uber,0,1070,3.84297,1.60617,0.93984,1.48054,3.30381,5.72207,174.762,15000,831744,24.6167
Suite_14,Deferred_Uber,0,1071,3.87407,1.57224,0.688128,1.51552,3.58195,5.75389,173.795,15000,841472,24.7688
Suite_14,Deferred_Uber,0,1072,3.89267,1.59527,0.664576,1.51549,3.06704,5.75567,173.742,15000,848128,24.8568
Suite_14,Deferred_Uber,0,1073,3.92003,1.60169,0.795168,1.5401,2.78307,5.79969,172.423,15000,855936,24.9883
Suite_14,Deferred_Uber,0,1074,3.93915,2.36124,0.667712,1.53805,2.63312,5.85217,170.877,15000,862208,25.0767
Suite_14,Deferred_Uber,0,1075,3.96668,1.7294,0.66992,1.54269,2.64602,6.62021,151.053,15000,870272,25.1653
Suite_14,Deferred_Uber,0,1076,3.99187,1.61529,1.46182,1.5753,4.85376,6.0109,166.364,15000,879232,25.3678
Suite_14,Deferred_Uber,0,1077,4.01825,1.6201,0.706784,1.60234,3.18669,5.93707,168.433,15000,889088,25.5813
Suite_14,Deferred_Uber,0,1078,4.04104,1.65542,0.68848,1.59936,3.17235,5.96187,167.732,15000,897280,25.6736
Suite_14,Deferred_Uber,0,1079,4.06518,1.63557,1.1223,1.60358,4.11885,6.02617,165.943,15000,905088,25.7616
Suite_14,Deferred_Uber,0,1080,4.08797,1.63738,0.705824,1.61491,3.26042,6.03875,165.597,15000,912384,25.8901
Suite_14,Deferred_Uber,0,1081,4.11538,1.64775,0.712672,1.63027,3.2792,6.05617,165.121,15000,920320,25.9845
Suite_14,Deferred_Uber,0,1082,4.13235,1.67299,0.837568,1.61869,2.88768,6.12005,163.397,15000,927872,26.0779
Suite_14,Deferred_Uber,0,1083,4.1538,1.77392,0.718848,1.61587,2.76531,6.1531,162.52,15000,935552,26.1737
Suite_14,Deferred_Uber,0,1084,4.17896,1.6929,0.723008,1.61178,2.77242,6.26891,159.517,15000,942208,26.2665
Suite_14,Deferred_Uber,0,1085,4.2032,1.71506,2.00909,1.61382,5.45187,6.21627,160.868,15000,948608,26.3644
Suite_14,Deferred_Uber,0,1086,4.22779,1.74628,0.751616,1.62611,3.25206,6.26268,159.676,15000,957312,26.4933
Suite_14,Deferred_Uber,0,1087,4.24082,1.70248,0.74112,1.64077,3.26307,6.33866,157.762,15000,964736,26.6421
Suite_14,Deferred_Uber,0,1088,4.26438,1.70516,1.34458,1.66029,4.39517,6.29156,158.943,15000,972544,26.9624
Suite_14,Deferred_Uber,0,1089,4.28812,1.72176,0.768768,1.65971,3.81456,6.32689,158.056,15000,979328,27.0639
Suite_14,Deferred_Uber,0,1090,4.30039,1.71943,0.755712,1.66112,3.35504,6.39677,156.329,15000,985984,27.164
Suite_14,Deferred_Uber,0,1091,4.32851,1.85776,1.22019,1.66714,3.81747,6.37707,156.812,15000,992896,27.2642
Suite_14,Deferred_Uber,0,1092,4.34642,1.74246,0.761856,1.67891,3.3665,6.56129,152.409,15000,1000064,27.3696
Suite_14,Deferred_Uber,0,1093,4.37621,1.75137,0.768864,1.67936,3.38854,6.4585,154.835,15000,1007872,27.841
Suite_14,Deferred_Uber,0,1094,4.38844,1.76274,0.899744,1.68528,3.01642,6.49899,153.87,15000,1014144,27.9412
Suite_14,Deferred_Uber,0,1095,4.41599,1.76283,0.772384,1.69181,2.89546,6.51897,153.399,15000,1021696,28.1077
Suite_14,Deferred_Uber,0,1096,4.42679,1.78421,0.780288,1.6937,2.90931,6.55711,152.506,15000,1028480,28.2171
Suite_14,Deferred_Uber,0,1097,4.44952,1.78377,2.3081,1.7193,4.45741,6.59905,151.537,15000,1035136,28.3565
Suite_14,Deferred_Uber,0,1098,4.4627,1.91966,0.791264,1.72646,2.95526,6.60751,151.343,15000,1040768,28.4561
Suite_14,Deferred_Uber,0,1099,4.48274,1.80322,2.91117,1.74899,5.09738,6.77165,147.674,15000,1046912,28.5676
Suite_14,Deferred_Uber,0,1100,4.50582,1.81086,0.796672,1.77482,4.40698,6.67102,149.902,15000,1054464,28.813
Suite_14,Deferred_Uber,0,1101,4.52932,1.8827,1.88125,1.79274,3.99706,6.71308,148.963,15000,1059968,28.919
Suite_14,Deferred_Uber,0,1102,4.54448,2.61712,0.80464,1.8232,2.94323,6.81252,146.788,15000,1065344,29.1004
Suite_14,Deferred_Uber,0,1103,4.55734,1.84722,2.9328,1.8328,5.20598,7.55181,132.419,15000,1070720,29.3194
Suite_14,Deferred_Uber,0,1104,4.57715,1.87717,0.80896,1.85293,3.0912,6.80153,147.026,15000,1074688,29.4558
Suite_14,Deferred_Uber,0,1105,4.59599,1.8881,3.06963,1.87834,5.38218,6.85689,145.839,15000,1081728,29.6509
Suite_14,Deferred_Uber,0,1106,4.61124,1.89005,0.825344,1.89645,4.5448,6.87456,145.464,15000,1087616,29.869
Suite_14,Deferred_Uber,0,1107,4.62919,1.89857,1.74006,1.89296,3.94842,6.89162,145.104,15000,1093632,29.983
Suite_14,Deferred_Uber,0,1108,4.63908,1.87076,0.831744,1.91741,3.06787,6.95526,143.776,15000,1099264,30.1751
Suite_14,Deferred_Uber,0,1109,4.6544,1.96405,3.16656,1.916,5.50912,6.92692,144.364,15000,1104896,30.2971
Suite_14,Deferred_Uber,0,1110,4.68318,1.94281,0.834944,1.9359,3.21779,7.03992,142.047,15000,1109504,30.4546
Suite_14,Deferred_Uber,0,1111,4.69213,1.92092,2.94474,1.95994,5.33914,7.03509,142.145,15000,1115008,30.7134
Suite_14,Deferred_Uber,0,1112,4.70779,1.91339,0.854368,1.95584,3.25837,7.02739,142.3,15000,1120000,30.8374
Suite_14,Deferred_Uber,0,1113,4.72002,1.93171,2.45146,1.95776,4.86906,7.03168,142.214,15000,1125632,30.9597
Suite_14,Deferred_Uber,0,1114,4.73579,1.93621,0.851008,1.98966,3.29235,7.05726,141.698,15000,1130880,31.2979
Suite_14,Deferred_Uber,0,1115,4.7495,1.92804,2.37197,2.00704,4.84109,7.09235,140.997,15000,1135616,31.4799
Suite_14,Deferred_Uber,0,1116,4.77255,1.95145,0.858944,2.00704,3.32774,7.08918,141.06,15000,1140224,31.604
Suite_14,Deferred_Uber,0,1117,4.7761,1.95205,0.875584,2.01194,3.35053,7.13602,140.134,15000,1145088,31.7307
Suite_14,Deferred_Uber,0,1118,4.79186,1.94537,0.874592,2.01114,3.34438,7.13816,140.092,15000,1149056,31.8638
Suite_14,Deferred_Uber,0,1119,4.80334,1.98513,1.00352,2.02733,3.45981,7.15377,139.786,15000,1155072,32.0177
Suite_14,Deferred_Uber,0,1120,4.81604,1.94744,0.88064,2.02506,3.84042,7.2342,138.232,15000,1158528,32.1513
Suite_14,Deferred_Uber,0,1121,4.83429,1.97471,1.45408,2.03571,4.43027,7.19618,138.963,15000,1164288,32.2886
Suite_14,Deferred_Uber,0,1122,4.85204,1.99361,0.890624,2.04822,3.89347,7.23113,138.291,15000,1168896,32.4265
Suite_14,Deferred_Uber,0,1123,4.86353,1.97267,1.4935,2.05363,4.47846,7.27542,137.449,15000,1174784,32.6137
Suite_14,Deferred_Uber,0,1124,4.88431,1.9934,0.886784,2.06643,3.84061,7.28291,137.308,15000,1179776,32.7573
Suite_14,Deferred_Uber,0,1125,4.89323,2.00659,1.67322,2.07178,5.14781,7.31995,136.613,15000,1184512,32.8908
Suite_14,Deferred_Uber,0,1126,4.8991,3.26158,0.899488,2.0833,3.87235,7.33626,136.309,15000,1188480,33.0958
Suite_14,Deferred_Uber,0,1127,4.92479,2.02168,1.85811,2.09277,4.83075,8.62867,115.893,15000,1193600,33.2478
Suite_14,Deferred_Uber,0,1128,4.92745,2.01428,0.926016,2.11338,3.91686,7.37947,135.511,15000,1198208,33.5145
Suite_14,Deferred_Uber,0,1129,4.94353,2.09694,1.8903,2.12083,4.33357,7.38563,135.398,15000,1201920,33.6988
Suite_14,Deferred_Uber,0,1130,4.95737,2.0031,0.915456,2.12582,3.35747,7.47763,133.732,15000,1206400,33.8499
Suite_14,Deferred_Uber,0,1131,4.96765,2.04233,2.44346,2.13843,5.52093,7.41199,134.917,15000,1210752,34.3924
Suite_14,Deferred_Uber,0,1132,4.98438,2.04171,0.929632,2.14269,3.39312,7.45602,134.12,15000,1215232,34.5482
Suite_14,Deferred_Uber,0,1133,4.99237,2.02801,1.66707,2.13811,4.75472,7.48976,133.516,15000,1218688,33.9087
Suite_14,Deferred_Uber,0,1134,5.00354,2.04892,0.92704,2.14486,4.02288,7.45949,134.057,15000,1222144,34.0637
Suite_14,Deferred_Uber,0,1135,5.01949,2.05365,1.67466,2.15904,4.77011,7.49586,133.407,15000,1228032,34.2701
Suite_14,Deferred_Uber,0,1136,5.03201,2.04962,0.941568,2.16762,4.50128,7.51126,133.133,15000,1231360,34.4296
Suite_14,Deferred_Uber,0,1137,5.04007,2.07719,1.68141,2.16474,5.24288,7.53681,132.682,15000,1233280,34.5884
Suite_14,Deferred_Uber,0,1138,5.04802,2.08071,0.946976,2.16806,4.06253,7.56002,132.275,15000,1236096,34.7551
Suite_14,Deferred_Uber,0,1139,5.05455,2.09451,1.68746,2.16627,4.73498,7.57903,131.943,15000,1239936,34.9212
Suite_14,Deferred_Uber,0,1140,5.07454,2.07668,0.960512,2.17203,4.1472,7.59724,131.627,15000,1244160,35.1438
Suite_14,Deferred_Uber,0,1141,5.08347,2.08518,1.88826,2.17702,4.38384,7.60999,131.406,15000,1246976,35.3124
Suite_14,Deferred_Uber,0,1142,5.08538,2.05097,0.952096,2.17702,3.44762,7.62933,131.073,15000,1249664,35.4841
Suite_14,Deferred_Uber,0,1143,5.10044,2.09273,2.47126,2.188,5.60867,7.588,131.787,15000,1250816,35.7909
Suite_14,Deferred_Uber,0,1144,5.09875,2.06278,0.962784,2.1896,4.0297,7.65881,130.569,15000,1251712,35.9576
Suite_14,Deferred_Uber,0,1145,5.09972,2.07885,1.86986,2.18758,5.01504,7.6238,131.168,15000,1253888,36.132
Suite_14,Deferred_Uber,0,1146,5.1109,2.09518,0.962528,2.19488,4.55648,7.62635,131.124,15000,1254656,36.3633
Suite_14,Deferred_Uber,0,1147,5.11759,2.07341,1.91011,2.2016,5.5024,7.66778,130.416,15000,1256064,36.5389
Suite_14,Deferred_Uber,0,1148,5.1162,2.8803,0.99328,2.2016,4.21507,7.64707,130.769,15000,1258112,36.7255
Suite_14,Deferred_Uber,0,1149,5.13327,2.09384,1.63664,2.19715,4.71824,8.44847,118.365,15000,1260672,36.9093
Suite_14,Deferred_Uber,0,1150,5.16389,2.11122,0.971456,2.19648,3.48774,7.70385,129.805,15000,1261696,37.0951
Suite_14,Deferred_Uber,0,1151,5.14475,2.08211,1.27562,2.20378,3.91578,7.75442,128.959,15000,1264000,37.3246
Suite_14,Deferred_Uber,0,1152,5.14094,2.09979,0.967968,2.21168,4.11978,7.67696,130.26,15000,1264512,37.4872
Suite_14,Deferred_Uber,0,1153,5.14751,2.1103,1.63043,2.2057,4.7689,7.71147,129.677,15000,1265152,37.6767
Suite_14,Deferred_Uber,0,1154,5.15703,2.10265,0.976256,2.2063,4.69302,7.71456,129.625,15000,1267072,37.8737
Suite_14,Deferred_Uber,0,1155,5.16049,2.09897,1.852,2.21178,5.4623,7.71364,129.64,15000,1267968,38.0724
Suite_14,Deferred_Uber,0,1156,5.17163,2.15236,0.972864,2.20618,4.67309,7.71215,129.665,15000,1269376,38.2634
Suite_14,Deferred_Uber,0,1157,5.16292,2.11664,1.77248,2.21149,4.85968,7.7903,128.365,15000,1270400,38.4611
Suite_14,Deferred_Uber,0,1158,5.17114,2.13217,0.987648,2.20589,4.21069,7.73843,129.225,15000,1270784,38.6663
Suite_14,Deferred_Uber,0,1159,5.16977,2.1203,1.75635,2.20438,4.28733,7.75722,128.912,15000,1272064,38.8619
Suite_14,Deferred_Uber,0,1160,5.1693,2.07414,0.987552,2.21901,3.62864,7.7529,128.984,15000,1272320,39.1205
Suite_14,Deferred_Uber,0,1161,5.17638,2.11468,1.10598,2.21594,4.26803,7.7283,129.395,15000,1273088,39.3336
Suite_14,Deferred_Uber,0,1162,5.18133,2.10085,0.981248,2.21901,4.19632,7.76204,128.832,15000,1273088,39.5467
Suite_14,Deferred_Uber,0,1163,5.1855,2.10698,1.82054,2.24701,5.46816,7.75582,128.935,15000,1272448,39.9043
Suite_14,Deferred_Uber,0,1164,5.17838,2.09221,0.994112,2.24026,4.74067,7.74678,129.086,15000,1272832,40.1213
Suite_14,Deferred_Uber,0,1165,5.18234,2.10581,2.02966,2.23885,5.1479,7.73968,129.204,15000,1273600,40.3201
Suite_14,Deferred_Uber,0,1166,5.1779,2.11541,1.00762,2.2505,4.27213,7.76689,128.752,15000,1273088,40.5456
Suite_14,Deferred_Uber,0,1167,5.18245,2.14453,2.02627,2.25485,4.60627,7.77469,128.622,15000,1273856,40.7792
Suite_14,Deferred_Uber,0,1168,5.18064,2.09259,0.984704,2.25507,3.55766,7.80681,128.093,15000,1272960,40.9974
Suite_14,Deferred_Uber,0,1169,5.18583,2.11978,0.981408,2.2625,4.30301,7.74763,129.072,15000,1270528,41.2206
Suite_14,Deferred_Uber,0,1170,5.18436,2.88581,0.980384,2.2832,4.77424,7.77232,128.662,15000,1269760,41.6614
Suite_14,Deferred_Uber,0,1171,5.18679,2.10269,1.79562,2.27776,5.48454,8.52947,117.241,15000,1268736,41.8942
Suite_14,Deferred_Uber,0,1172,5.18048,2.09726,1.0135,2.29171,4.80128,7.75198,128.999,15000,1268736,42.195
Suite_14,Deferred_Uber,0,1173,5.1782,2.11307,1.64006,2.29238,4.81328,7.73943,129.209,15000,1269248,42.4351
Suite_14,Deferred_Uber,0,1174,5.18419,2.09518,0.996576,2.28966,4.2904,7.74905,129.048,15000,1266560,42.6763
Suite_14,Deferred_Uber,0,1175,5.17844,2.08947,1.67936,2.29376,4.28934,7.73749,129.241,15000,1267200,42.926
Suite_14,Deferred_Uber,0,1176,5.17598,2.09657,0.98544,2.30032,3.71917,7.73699,129.249,15000,1267328,43.2299
Suite_14,Deferred_Uber,0,1177,5.17957,2.0792,0.98256,2.30723,4.34509,7.73397,129.3,15000,1267456,43.5454
Suite_14,Deferred_Uber,0,1178,5.18034,2.09605,0.97264,2.3144,4.28387,7.71828,129.562,15000,1266432,43.7908
Suite_14,Deferred_Uber,0,1179,5.18616,2.11125,1.70378,2.31235,5.48621,7.72746,129.409,15000,1265408,44.0529
Suite_14,Deferred_Uber,0,1180,5.17736,2.07721,0.996736,2.31424,4.82509,7.76517,128.78,15000,1264256,44.3271
Suite_14,Deferred_Uber,0,1181,5.17292,2.1368,2.24032,2.31078,5.49133,7.716,129.601,15000,1261696,44.6039
Suite_14,Deferred_Uber,0,1182,5.17764,2.11076,0.999232,2.30394,4.32742,7.78594,128.437,15000,1261056,44.8921
Suite_14,Deferred_Uber,0,1183,5.16946,2.10618,1.59949,2.31424,4.79395,7.76063,128.855,15000,1259136,45.1426
Suite_14,Deferred_Uber,0,1184,5.16569,2.06512,0.976672,2.31795,3.61472,7.74217,129.163,15000,1258496,45.416
Suite_14,Deferred_Uber,0,1185,5.16636,2.08417,2.4912,2.31424,5.74496,7.69481,129.958,15000,1256320,45.6725
Suite_14,Deferred_Uber,0,1186,5.16423,2.07926,0.966944,2.31014,4.15539,7.71643,129.594,15000,1255040,45.9594
Suite_14,Deferred_Uber,0,1187,5.15459,2.05782,1.80429,2.30544,5.05722,7.70887,129.721,15000,1252736,46.2005
Suite_14,Deferred_Uber,0,1188,5.15793,2.0678,0.965728,2.31309,4.68173,7.66363,130.486,15000,1251968,46.4901
Suite_14,Deferred_Uber,0,1189,5.18885,2.11864,1.90669,2.31744,5.60947,7.68389,130.142,15000,1249152,46.9447
Suite_14,Deferred_Uber,0,1190,5.14806,2.08741,0.95936,2.31629,4.27229,7.75648,128.924,15000,1246464,47.2443
Suite_14,Deferred_Uber,0,1191,5.13931,2.85395,2.35949,2.33091,5.56666,7.69366,129.977,15000,1244800,47.7105
Suite_14,Deferred_Uber,0,1192,5.13606,2.04597,0.951488,2.32662,3.59651,8.44339,118.436,15000,1242240,47.9025
Suite_14,Deferred_Uber,0,1193,5.13315,2.05001,2.46989,2.32176,5.73709,7.63576,130.963,15000,1239552,48.2179
Suite_14,Deferred_Uber,0,1194,5.13709,2.05076,0.957568,2.32733,3.61514,7.62968,131.067,15000,1238528,48.484
Suite_14,Deferred_Uber,0,1195,5.12481,2.08068,1.69536,2.33082,4.95798,7.63709,130.94,15000,1235840,48.5757
Suite_14,Deferred_Uber,0,1196,5.1265,2.03646,0.951552,2.43789,4.26758,7.66742,130.422,15000,1234688,48.6908
Suite_14,Deferred_Uber,0,1197,5.11712,2.07996,1.58134,2.3159,5.34938,7.60692,131.459,15000,1233280,48.9977
Suite_14,Deferred_Uber,0,1198,5.1197,2.06706,0.972064,2.31843,4.80349,7.6444,130.815,15000,1230720,49.2383
Suite_14,Deferred_Uber,0,1199,5.10273,2.07077,2.08486,2.31834,5.28762,7.66291,130.499,15000,1227264,49.578
Suite_14,Deferred_Uber,0,1200,5.09835,2.06499,0.962784,2.32243,4.30669,7.61687,131.287,15000,1223680,49.9031
Suite_14,Deferred_Uber,0,1201,5.08816,2.05076,1.44442,2.32144,4.63824,7.62279,131.185,15000,1220224,50.2586
Suite_14,Deferred_Uber,0,1202,5.08952,2.04939,0.95104,2.31632,3.59014,7.58012,131.924,15000,1218816,50.6156
Suite_14,Deferred_Uber,0,1203,5.08293,2.04708,3.05971,2.31766,6.32355,7.57845,131.953,15000,1215616,50.98
Suite_14,Deferred_Uber,0,1204,5.07187,2.0277,0.956672,2.31581,3.61027,7.58477,131.843,15000,1212288,51.3308
Suite_14,Deferred_Uber,0,1205,5.06303,2.02307,1.55866,2.30906,4.80371,7.54353,132.564,15000,1208704,51.7003
Suite_14,Deferred_Uber,0,1206,5.063,2.02015,0.946176,2.31392,4.20726,7.53426,132.727,15000,1205888,52.084
Suite_14,Deferred_Uber,0,1207,5.05273,2.04896,1.57706,2.30864,4.8312,7.53707,132.678,15000,1203072,52.456
Suite_14,Deferred_Uber,0,1208,5.06367,2.03979,0.947488,2.31424,4.65306,7.54652,132.511,15000,1201408,52.8109
Suite_14,Deferred_Uber,0,1209,5.04566,2.04192,1.65683,2.30925,5.35142,7.5423,132.586,15000,1198720,53.1974
Suite_14,Deferred_Uber,0,1210,5.03711,2.04204,0.9416,2.30512,4.74714,7.53505,132.713,15000,1196416,53.5715
Suite_14,Deferred_Uber,0,1211,5.03474,2.02681,1.58515,2.29786,4.75536,7.51111,133.136,15000,1193856,53.9845
Suite_14,Deferred_Uber,0,1212,5.02619,2.01622,0.948224,2.30518,4.13341,7.5096,133.163,15000,1190784,54.395
Suite_14,Deferred_Uber,0,1213,5.02083,2.80285,2.27558,2.29472,4.8887,7.47904,133.707,15000,1187200,54.8022
Suite_14,Deferred_Uber,0,1214,5.00955,2.00296,0.926048,2.28762,3.64954,8.25686,121.111,15000,1182720,52.359
Suite_14,Deferred_Uber,0,1215,5.00987,1.99959,2.42074,2.28352,5.65024,7.44182,134.376,15000,1180800,52.8051
Suite_14,Deferred_Uber,0,1216,5.00918,1.98738,0.906912,2.26122,4.05014,7.4337,134.523,15000,1177728,52.5875
Suite_14,Deferred_Uber,0,1217,4.98493,1.94981,1.4367,2.26701,4.6407,7.43173,134.558,15000,1174400,53.0111
Suite_14,Deferred_Uber,0,1218,4.98732,1.97767,0.905504,2.27315,4.12602,7.37413,135.609,15000,1171712,53.4487
Suite_14,Deferred_Uber,0,1219,4.98298,2.00171,1.44893,2.26768,4.65382,7.39357,135.253,15000,1168512,53.9014
Suite_14,Deferred_Uber,0,1220,4.97578,1.9806,0.892928,2.27651,4.62454,7.40577,135.03,15000,1166208,53.8235
Suite_14,Deferred_Uber,0,1221,4.9684,1.98801,1.4863,2.25091,5.18102,7.37862,135.527,15000,1161856,53.916
Suite_14,Deferred_Uber,0,1222,4.96211,1.98128,0.909536,2.26211,4.56262,7.39659,135.197,15000,1159040,54.3252
Suite_14,Deferred_Uber,0,1223,4.95313,1.99168,1.56262,2.25075,5.20035,7.36101,135.851,15000,1156352,54.7679
Suite_14,Deferred_Uber,0,1224,4.94606,1.98391,0.869248,2.25075,3.99946,7.36995,135.686,15000,1153152,55.2389
Suite_14,Deferred_Uber,0,1225,4.9329,1.98199,1.72579,2.2455,4.84413,7.35453,135.971,15000,1149312,55.5458
Suite_14,Deferred_Uber,0,1226,4.93119,1.96063,0.88064,2.25651,4.0265,7.35219,136.014,15000,1145600,56.0847
Suite_14,Deferred_Uber,0,1227,4.91436,1.99089,1.3216,2.23866,4.43638,7.32835,136.456,15000,1140992,54.0829
Suite_14,Deferred_Uber,0,1228,4.89998,1.94206,0.861664,2.23949,3.53453,7.31655,136.676,15000,1136384,54.5623
Suite_14,Deferred_Uber,0,1229,4.9178,1.97216,1.92307,2.22486,5.9904,7.28303,137.305,15000,1132416,54.5012
Suite_14,Deferred_Uber,0,1230,4.88321,1.96351,0.854688,2.22003,3.38781,7.30678,136.859,15000,1128576,53.6301
Suite_14,Deferred_Uber,0,1231,4.8714,1.90786,1.00429,2.21709,3.54531,7.2727,137.501,15000,1124224,54.1388
Suite_14,Deferred_Uber,0,1232,4.86368,1.95013,0.843776,2.21702,4.00384,7.19713,138.944,15000,1119872,54.621
Suite_14,Deferred_Uber,0,1233,4.86231,1.92965,1.70822,2.21805,4.24941,7.21966,138.511,15000,1116672,55.1472
Suite_14,Deferred_Uber,0,1234,4.84666,1.92238,0.844128,2.21075,3.49798,7.19546,138.977,15000,1112576,55.6474
Suite_14,Deferred_Uber,0,1235,4.8474,1.95684,0.852768,2.21594,4.00768,7.18317,139.214,15000,1108992,56.1663
Suite_14,Deferred_Uber,0,1236,4.83738,1.90254,0.840448,2.20803,3.93536,7.22079,138.489,15000,1105792,56.7034
Suite_14,Deferred_Uber,0,1237,4.82924,17.1627,16.5558,2.2144,20.1617,7.14135,140.03,15000,1102976,57.2489
Suite_14,Deferred_Uber,0,1238,4.81689,1.87438,0.842144,2.20627,5.97741,22.4002,44.6426,15000,1099264,57.7908
Suite_14,Deferred_Uber,0,1239,4.81838,1.90459,1.46403,2.20451,5.0729,7.08854,141.073,15000,1095424,58.3385
Suite_14,Deferred_Uber,0,1240,4.7978,1.91203,0.85584,2.17958,4.48307,7.14191,140.019,15000,1091456,58.0821
Suite_14,Deferred_Uber,0,1241,4.7935,1.89725,1.33363,2.17846,4.90496,7.11562,140.536,15000,1087104,58.6392
Suite_14,Deferred_Uber,0,1242,4.77736,1.85629,0.854528,2.19546,4.43914,7.09915,140.862,15000,1083136,59.2312
Suite_14,Deferred_Uber,0,1243,4.76552,1.87482,1.33667,2.18739,4.90496,7.04209,142.003,15000,1078656,59.7905
Suite_14,Deferred_Uber,0,1244,4.76307,1.84943,0.854272,2.17757,4.4255,7.05393,141.765,15000,1075072,60.3567
Suite_14,Deferred_Uber,0,1245,4.74935,1.85713,1.30064,2.17226,4.8599,7.01614,142.529,15000,1070848,60.4934
Suite_14,Deferred_Uber,0,1246,4.74047,1.83797,0.848576,2.15898,4.3968,6.99573,142.944,15000,1066240,61.0668
Suite_14,Deferred_Uber,0,1247,4.72899,1.87722,1.33939,2.16678,4.88931,6.98331,143.199,15000,1060736,61.6382
Suite_14,Deferred_Uber,0,1248,4.71539,1.83031,0.841728,2.16262,4.40003,6.9924,143.012,15000,1056384,62.1967
Suite_14,Deferred_Uber,0,1249,4.70744,1.84024,1.252,2.16474,4.79965,6.94786,143.929,15000,1052800,62.7911
Suite_14,Deferred_Uber,0,1250,4.69608,1.8305,0.846208,2.16675,4.39821,6.93807,144.132,15000,1048960,63.357
Suite_14,Deferred_Uber,0,1251,4.67941,1.84902,1.22426,2.15046,4.76365,6.93072,144.285,15000,1043456,63.3651
Suite_14,Deferred_Uber,0,1252,4.66682,1.79387,0.839936,2.16064,4.39901,6.93738,144.147,15000,1039104,63.9677
Suite_14,Deferred_Uber,0,1253,4.65876,1.81859,1.18608,2.13606,4.72384,6.84896,146.008,15000,1034496,64.1585
Suite_14,Deferred_Uber,0,1254,4.65121,1.78908,0.837312,2.13469,4.3681,6.86276,145.714,15000,1029888,64.7614
Suite_14,Deferred_Uber,0,1255,4.64124,1.80162,1.16298,2.13629,4.69482,6.8177,146.677,15000,1025152,65.3437
Suite_14,Deferred_Uber,0,1256,4.63147,1.77315,0.844672,2.14016,4.37696,6.83556,146.294,15000,1020800,65.948
Suite_14,Deferred_Uber,0,1257,4.61638,1.76768,0.81136,2.12224,4.33875,6.79356,147.198,15000,1017088,65.7951
Suite_14,Deferred_Uber,0,1258,4.60128,1.77656,1.11197,2.12198,4.69462,6.76008,147.927,15000,1011840,66.4285
Suite_14,Deferred_Uber,0,1259,4.59543,1.7463,0.80896,2.13533,3.8833,6.74547,148.248,15000,1005696,67.0671
Suite_14,Deferred_Uber,0,1260,4.58711,1.74412,0.80864,2.14861,3.90022,6.70751,149.087,15000,1001344,67.7572
Suite_14,Deferred_Uber,0,1261,4.573,1.75608,0.932736,2.15424,4.02838,6.71042,149.022,15000,996992,68.4096
Suite_14,Deferred_Uber,0,1262,4.57041,1.75331,0.803808,2.16054,3.88736,6.69508,149.363,15000,989312,69.0358
Suite_14,Deferred_Uber,0,1263,4.5451,1.71467,0.798528,2.15382,3.89034,6.68222,149.651,15000,983296,69.4717
Suite_14,Deferred_Uber,0,1264,4.52843,4.32106,3.44883,2.16013,6.9992,6.62592,150.922,15000,977792,70.1383
Suite_14,Deferred_Uber,0,1265,4.52857,1.71005,0.820032,2.16038,4.3743,9.21835,108.479,15000,972160,70.8094
Suite_14,Deferred_Uber,0,1266,4.52493,1.72546,0.816928,2.15654,4.36182,6.61918,151.076,15000,967808,70.9381
Suite_14,Deferred_Uber,0,1267,4.50123,1.72126,0.96896,2.15072,4.50726,6.63719,150.666,15000,962304,71.493
Suite_14,Deferred_Uber,0,1268,4.48152,1.69422,0.781248,2.1463,3.85584,6.59251,151.687,15000,957952,72.026
Suite_14,Deferred_Uber,0,1269,4.48637,1.74815,0.777504,2.12858,3.84867,6.53982,152.909,15000,953984,71.6417
Suite_14,Deferred_Uber,0,1270,4.46967,1.73219,0.903648,2.11606,3.95478,6.59773,151.567,15000,948352,71.5058
Suite_14,Deferred_Uber,0,1271,4.44549,1.68955,0.76928,2.11917,3.81712,6.56106,152.414,15000,941952,72.0512
Suite_14,Deferred_Uber,0,1272,4.43384,1.66688,0.765952,2.11968,3.84819,6.48258,154.26,15000,936576,72.5918
Suite_14,Deferred_Uber,0,1273,4.42265,1.67179,1.42022,2.10534,3.84035,6.44638,155.126,15000,931584,72.8416
Suite_14,Deferred_Uber,0,1274,4.4072,1.63961,0.76912,2.1009,3.18528,6.45495,154.92,15000,927360,73.361
Suite_14,Deferred_Uber,0,1275,4.40759,1.66264,0.765728,2.08282,4.67354,6.38676,156.574,15000,922624,73.7636
Suite_14,Deferred_Uber,0,1276,4.38874,1.66495,0.911776,2.0847,3.87856,6.42855,155.556,15000,916992,74.2433
Suite_14,Deferred_Uber,0,1277,4.3727,1.65027,0.784384,2.0824,3.79987,6.39386,156.4,15000,910336,74.7125
Suite_14,Deferred_Uber,0,1278,4.3627,1.63318,0.769472,2.0777,3.72736,6.36089,157.211,15000,906624,75.1713
Suite_14,Deferred_Uber,0,1279,4.35041,1.64085,1.14688,2.07258,4.60387,6.34857,157.516,15000,902784,74.8886
Suite_14,Deferred_Uber,0,1280,4.33638,1.62583,0.79376,2.0673,4.25574,6.33136,157.944,15000,896128,75.2926
Suite_14,Deferred_Uber,0,1281,4.3247,1.61377,0.772064,2.0625,3.77075,6.29698,158.806,15000,890112,75.6569
Suite_14,Deferred_Uber,0,1282,4.31098,1.62199,0.771904,2.04627,3.80797,6.27546,159.351,15000,883840,75.8954
Suite_14,Deferred_Uber,0,1283,4.30108,1.60661,0.768352,2.04656,3.13139,6.26781,159.545,15000,878336,76.2367
Suite_14,Deferred_Uber,0,1284,4.27764,1.57919,0.766784,2.0473,3.1369,6.23054,160.5,15000,872704,74.3286
Suite_14,Deferred_Uber,0,1285,4.27614,1.60579,2.90816,2.04189,5.40912,6.17458,161.954,15000,867200,74.6945
Suite_14,Deferred_Uber,0,1286,4.257,1.60154,0.776192,2.04186,3.69312,6.21668,160.858,15000,861696,75.0807
Suite_14,Deferred_Uber,0,1287,4.23932,1.60617,0.775104,2.04394,3.70074,6.19034,161.542,15000,856704,74.8439
Suite_14,Deferred_Uber,0,1288,4.23037,1.56174,1.98861,2.05107,6.38182,6.15977,162.344,15000,851456,75.1345
Suite_14,Deferred_Uber,0,1289,4.21778,1.56398,0.775552,2.03043,4.1943,6.1012,163.902,15000,846336,74.334
Suite_14,Deferred_Uber,0,1290,4.20504,1.57946,0.751616,2.02138,3.64982,6.09489,164.072,15000,840448,73.4643
Suite_14,Deferred_Uber,0,1291,4.19339,1.57319,0.755712,2.01725,3.76458,6.10459,163.811,15000,834688,73.7918
Suite_14,Deferred_Uber,0,1292,4.18181,1.55108,0.737376,2.02342,3.07018,6.07887,164.504,15000,829312,74.1403
Suite_14,Deferred_Uber,0,1293,4.17883,1.56933,0.731584,2.02173,3.072,6.03926,165.583,15000,824960,74.523
Suite_14,Deferred_Uber,0,1294,4.16248,3.76259,3.69677,2.02387,6.14998,6.05169,165.243,15000,820096,74.9312
Suite_14,Deferred_Uber,0,1295,4.15691,1.55419,0.713504,2.00736,3.16813,8.24007,121.358,15000,815744,75.376
Suite_14,Deferred_Uber,0,1296,4.13716,1.5379,0.700416,1.99421,4.52886,6.05446,165.167,15000,811136,75.6799
Suite_14,Deferred_Uber,0,1297,4.12228,1.54187,1.40243,1.9968,4.27024,5.98331,167.131,15000,806272,74.9319
Suite_14,Deferred_Uber,0,1298,4.10514,1.49246,0.683104,1.98656,5.00768,5.97685,167.312,15000,801408,75.2867
Suite_14,Deferred_Uber,0,1299,4.09789,1.5007,0.703328,1.97437,4.0736,5.89406,169.662,15000,796672,74.3499
Suite_14,Deferred_Uber,0,1300,4.09361,1.52653,0.68416,1.96883,3.64582,5.89296,169.694,15000,792576,74.4693
Suite_14,Deferred_Uber,0,1301,4.08315,1.52782,0.669984,1.96992,2.97267,5.91333,169.109,15000,787584,74.8491
Suite_14,Deferred_Uber,0,1302,4.06207,1.48087,0.673792,1.96198,2.95187,5.90135,169.453,15000,781184,73.893
Suite_14,Deferred_Uber,0,1303,4.05043,1.51562,1.39878,1.95379,4.2265,5.84124,171.196,15000,776576,74.322
Suite_14,Deferred_Uber,0,1304,4.03637,1.49225,0.657408,1.95379,3.49245,5.85283,170.858,15000,771584,74.792
Suite_14,Deferred_Uber,0,1305,4.02152,1.45814,0.674688,1.93277,3.99974,5.81636,171.929,15000,765568,74.9546
Suite_14,Deferred_Uber,0,1306,4.00338,1.47255,0.654688,1.94656,3.59014,5.76421,173.484,15000,759808,75.4986
Suite_14,Deferred_Uber,0,1307,3.99661,1.47332,0.632832,1.93946,2.90877,5.75441,173.78,15000,754432,75.8606
Suite_14,Deferred_Uber,0,1308,3.98316,1.46388,0.638592,1.93587,2.88768,5.749,173.943,15000,749952,76.2237
Suite_14,Deferred_Uber,0,1309,3.97476,1.48456,1.35533,1.9329,4.16122,5.73507,174.366,15000,744320,76.4748
Suite_14,Deferred_Uber,0,1310,3.96248,1.49957,0.634432,1.90928,3.41597,5.74426,174.087,15000,737536,77.0782
Suite_14,Deferred_Uber,0,1311,3.95047,1.43358,0.634464,1.91139,3.92666,5.74845,173.96,15000,733184,77.7114
Suite_14,Deferred_Uber,0,1312,3.93324,1.46863,0.640736,1.91261,3.55222,5.66515,176.518,15000,729344,78.3721
Suite_14,Deferred_Uber,0,1313,3.9339,1.45576,0.630848,1.93536,2.88154,5.68507,175.899,15000,724352,79.1496
Suite_14,Deferred_Uber,0,1314,3.91304,1.43557,0.63024,1.90883,2.84877,5.65768,176.751,15000,719360,78.9056
Suite_14,Deferred_Uber,0,1315,3.88692,1.45407,0.876768,1.91146,3.66,5.61537,178.083,15000,712448,79.449
Suite_14,Deferred_Uber,0,1316,3.8771,1.42223,0.63904,1.89542,3.92166,5.61335,178.147,15000,707072,80.0092
Suite_14,Deferred_Uber,0,1317,3.87412,1.41127,0.614656,1.89392,3.49997,5.56224,179.784,15000,702464,80.9894
Suite_14,Deferred_Uber,0,1318,3.86741,1.41974,1.14243,1.89565,3.34659,5.55773,179.93,15000,699136,82.0634
Suite_14,Deferred_Uber,0,1319,3.88623,1.4626,0.616,1.87549,2.808,5.55318,180.077,15000,693504,81.6913
Suite_14,Deferred_Uber,0,1320,3.84222,1.42259,0.596416,1.86595,3.33581,5.61327,178.149,15000,688384,80.1358
Suite_14,Deferred_Uber,0,1321,3.8289,1.40342,0.801632,1.82445,4.02262,5.52145,181.112,15000,683136,78.4385
Suite_14,Deferred_Uber,0,1322,3.82246,1.402,0.592256,1.80429,3.40582,5.49691,181.92,15000,678912,79.7498
Suite_14,Deferred_Uber,0,1323,3.80814,1.40057,0.60416,1.81427,2.73798,5.48369,182.359,15000,673920,81.2439
Suite_14,Deferred_Uber,0,1324,3.79069,1.35981,0.599808,1.78448,2.81418,5.46664,182.928,15000,668288,81.8963
Suite_14,Deferred_Uber,0,1325,3.77681,1.37979,1.41312,1.78288,4.07514,5.40416,185.043,15000,664192,83.6053
Suite_14,Deferred_Uber,0,1326,3.76437,1.36313,0.595968,1.78381,3.2624,5.42038,184.489,15000,658560,85.4401
Suite_14,Deferred_Uber,0,1327,3.75139,1.36985,0.59456,1.78797,3.37878,5.37548,186.03,15000,653568,87.4314
Suite_14,Deferred_Uber,0,1328,3.75151,1.39294,0.59392,1.792,2.704,5.36326,186.454,15000,648064,89.5579
Suite_14,Deferred_Uber,0,1329,3.72615,1.34725,2.14426,1.77562,4.86077,5.402,185.117,15000,643840,91.8635
Suite_14,Deferred_Uber,0,1330,3.71816,1.35595,0.618816,1.78128,3.79699,5.31451,188.164,15000,638592,94.3503
Suite_14,Deferred_Uber,0,1331,3.71302,1.35504,0.592224,1.78019,3.36237,5.31271,188.228,15000,633856,96.9977
Suite_14,Deferred_Uber,0,1332,3.69671,1.35123,0.589824,1.78995,2.70048,5.31829,188.03,15000,629632,99.9092
Suite_14,Deferred_Uber,0,1333,3.68585,3.61297,2.24294,1.79514,4.34531,5.28467,189.227,15000,624256,102.988
Suite_14,Deferred_Uber,0,1334,3.68406,1.33764,0.59472,1.79254,4.20365,7.55641,132.338,15000,617984,106.282
Suite_14,Deferred_Uber,0,1335,3.68366,1.34133,0.599936,1.81088,3.28294,5.25296,190.369,15000,613632,109.801
Suite_14,Deferred_Uber,0,1336,3.65115,1.30421,0.598016,1.81814,3.29536,5.29364,188.906,15000,609792,113.78
Suite_14,Deferred_Uber,0,1337,3.63418,1.32603,0.615872,1.80922,3.3616,5.18691,192.793,15000,605056,117.834
Suite_14,Deferred_Uber,0,1338,3.6239,1.32733,0.593856,1.81453,2.71974,5.1888,192.723,15000,600192,122.497
Suite_14,Deferred_Uber,0,1339,3.61,1.29446,0.582592,1.74694,4.65718,5.18503,192.863,15000,595712,127.552
Suite_14,Deferred_Uber,0,1340,3.59685,1.56428,0.57504,1.72051,3.23789,5.15025,194.165,15000,592512,132.757
Suite_14,Deferred_Uber,0,1341,3.594,1.31361,2.10608,1.7247,4.82522,5.38638,185.654,15000,588544,138.972
Suite_14,Deferred_Uber,0,1342,3.58177,1.30262,0.599392,1.71117,2.62144,5.13268,194.83,15000,583296,145.429
Suite_14,Deferred_Uber,0,1343,3.57108,1.25654,0.598112,1.71402,4.63834,5.11673,195.437,15000,579456,154.306
Suite_14,Deferred_Uber,0,1344,3.55822,1.72357,0.61072,1.7319,3.27603,5.05117,197.974,15000,575360,159.879
Suite_14,Deferred_Uber,0,1345,3.55295,1.2974,2.14221,1.74694,4.88022,5.49929,181.842,15000,569856,162.802
Suite_14,Deferred_Uber,0,1346,3.55345,1.31892,0.586336,1.76483,2.6624,5.07446,197.065,15000,565888,160.952
Suite_14,Deferred_Uber,0,1347,3.52691,1.26797,0.538464,1.72253,3.2215,5.09591,196.236,15000,560000,165.4
Suite_14,Deferred_Uber,0,1348,3.50677,1.25377,0.532288,1.71267,3.2545,5.00448,199.821,15000,555520,167.221
Suite_14,Deferred_Uber,0,1349,3.50117,1.27312,1.10778,1.72621,3.15136,4.98136,200.748,15000,552448,171.098
Suite_14,Deferred_Uber,0,1350,3.49361,1.23293,0.548864,1.74122,3.2297,4.9838,200.65,15000,547712,175.071
Suite_14,Deferred_Uber,0,1351,3.47927,1.24373,0.529984,1.74464,3.14778,4.94327,202.295,15000,543360,177.346
Suite_14,Deferred_Uber,0,1352,3.46978,1.25856,0.512,1.70189,3.21539,4.92712,202.958,15000,539392,176.296
Suite_14,Deferred_Uber,0,1353,3.45705,1.26717,1.42269,1.70054,3.43654,4.94334,202.293,15000,534272,172.221
Suite_14,Deferred_Uber,0,1354,3.44341,1.22437,0.524224,1.66714,3.5881,4.93445,202.657,15000,528512,164.522
Suite_14,Deferred_Uber,0,1355,3.41774,1.21357,0.491616,1.60979,3.09043,4.86831,205.41,15000,523520,162.438
Suite_14,Deferred_Uber,0,1356,3.40738,1.23906,0.47792,1.56698,2.36544,4.83712,206.734,15000,519552,160.236
Suite_14,Deferred_Uber,0,1357,3.41213,1.22317,1.26643,1.54394,5.15021,4.84622,206.346,15000,515584,157.906
Suite_14,Deferred_Uber,0,1358,3.40067,1.22841,0.462944,1.54522,2.94502,4.84598,206.356,15000,512256,155.177
Suite_14,Deferred_Uber,0,1359,3.40287,1.23819,0.462944,1.54253,2.43302,4.822,207.383,15000,508032,151.039
Suite_14,Deferred_Uber,0,1360,3.38141,1.23107,0.460672,1.54419,2.88538,4.97829,200.872,15000,504448,148.62
Suite_14,Deferred_Uber,0,1361,3.36725,1.20014,0.462848,1.52714,2.86726,4.80603,208.072,15000,500352,146.396
Suite_14,Deferred_Uber,0,1362,3.36218,1.22647,1.97018,1.52522,4.5015,4.76516,209.856,15000,495744,144.653
Suite_14,Deferred_Uber,0,1363,3.35372,1.21158,0.479328,1.52566,2.87914,4.77757,209.312,15000,490880,143.336
Suite_14,Deferred_Uber,0,1364,3.33652,1.17949,0.4608,1.51709,2.85341,4.75763,210.189,15000,485760,140.389
Suite_14,Deferred_Uber,0,1365,3.32088,1.19733,0.47504,1.49805,2.92454,4.70369,212.599,15000,482432,139.916
Suite_14,Deferred_Uber,0,1366,3.30993,1.19963,0.467296,1.50528,2.84467,4.72049,211.842,15000,478592,140.328
Suite_14,Deferred_Uber,0,1367,3.31987,1.20645,1.17555,1.48621,3.53107,4.69386,213.045,15000,475520,139.565
Suite_14,Deferred_Uber,0,1368,3.29525,1.16735,0.471296,1.45648,2.86925,4.70935,212.343,15000,471424,139.381
Suite_14,Deferred_Uber,0,1369,3.27782,1.18265,0.473792,1.46022,2.24051,4.65294,214.918,15000,466944,142.341
Suite_14,Deferred_Uber,0,1370,3.27677,1.14549,0.49152,1.44589,2.82029,4.64226,215.412,15000,462720,146.183
Suite_14,Deferred_Uber,0,1371,3.24579,1.14674,0.48128,1.4335,2.8583,4.60295,217.252,15000,458880,151.567
Suite_14,Deferred_Uber,0,1372,3.23617,1.16727,1.03958,1.4377,3.34138,4.56874,218.879,15000,455552,158.726
Suite_14,Deferred_Uber,0,1373,3.23521,1.12695,0.497504,1.44189,2.80573,4.58661,218.026,15000,451840,167.927
Suite_14,Deferred_Uber,0,1374,3.21406,1.14731,0.468992,1.44589,2.33955,4.53966,220.281,15000,447488,179.744
Suite_14,Deferred_Uber,0,1375,3.21571,1.15063,0.48768,1.43757,2.79923,4.55303,219.634,15000,444416,194.813
Suite_14,Deferred_Uber,0,1376,3.21094,1.12747,0.497376,1.41971,2.91488,4.54372,220.084,15000,438912,212.974
Suite_14,Deferred_Uber,0,1377,3.20268,1.15568,0.733728,1.41312,2.46083,4.51047,221.706,15000,435712,236.702
Suite_14,Deferred_Uber,0,1378,3.18707,1.12607,0.481152,1.40525,2.82592,4.52826,220.835,15000,432256,265.949
Suite_14,Deferred_Uber,0,1379,3.20553,1.19543,0.456704,1.40698,2.79552,4.47948,223.24,15000,426368,299.983
Suite_14,Deferred_Uber,0,1380,3.18364,1.14092,0.456704,1.3824,2.2681,4.5679,218.919,15000,423680,337.221
Suite_14,Deferred_Uber,0,1381,3.15742,1.1316,0.453024,1.36717,2.69926,4.49163,222.636,15000,418816,371.535
Suite_14,Deferred_Uber,0,1382,3.14545,1.11162,0.459808,1.35555,2.81162,4.4541,224.512,15000,414976,395.596
Suite_14,Deferred_Uber,0,1383,3.13158,1.11932,0.444992,1.31584,2.07376,4.41763,226.366,15000,410880,400.609
Suite_14,Deferred_Uber,0,1384,3.11536,1.09575,0.438272,1.32006,4.08595,4.4243,226.024,15000,408064,385.215
Suite_14,Deferred_Uber,0,1385,3.10779,1.45856,0.438496,1.30464,2.67469,4.37024,228.82,15000,404736,354.284
Suite_14,Deferred_Uber,0,1386,3.09832,1.10577,0.438528,1.28205,3.5369,4.87566,205.101,15000,401280,316.626
Suite_14,Deferred_Uber,0,1387,3.0984,3.72602,0.431712,1.27952,2.12771,4.36396,229.15,15000,397056,278.868
Suite_14,Deferred_Uber,0,1388,3.11482,1.11436,1.36669,1.24906,2.95283,6.98198,143.226,15000,393856,243.88
Suite_14,Deferred_Uber,0,1389,3.11795,1.13821,0.407392,1.23107,2.64189,4.40864,226.827,15000,390528,216.085
Suite_14,Deferred_Uber,0,1390,3.0793,1.09912,0.407168,1.2288,2.50211,4.44072,225.189,15000,386048,193.602
Suite_14,Deferred_Uber,0,1391,3.06112,1.06731,0.397408,1.17965,2.44736,4.32991,230.952,15000,382080,171.813
Suite_14,Deferred_Uber,0,1392,3.02365,1.09689,0.380032,1.1785,1.97811,4.28597,233.319,15000,378112,157.388
Suite_14,Deferred_Uber,0,1393,3.0521,1.14027,0.378208,1.14109,2.38765,4.27335,234.008,15000,374272,145.658
Suite_14,Deferred_Uber,0,1394,3.03989,1.12526,0.970752,1.11709,4.44394,4.34364,230.221,15000,370048,135.407
Suite_14,Deferred_Uber,0,1395,3.02744,1.07238,0.350432,1.10592,1.76282,4.31974,231.495,15000,366464,127.751
Suite_14,Deferred_Uber,0,1396,2.99504,1.05475,0.370272,1.11027,2.35411,4.24505,235.568,15000,362880,121.277
Suite_14,Deferred_Uber,0,1397,2.98875,1.05253,0.347648,1.12118,1.94515,4.20362,237.89,15000,358656,115.754
Suite_14,Deferred_Uber,0,1398,2.972,1.06465,0.344128,1.13962,2.3511,4.18737,238.813,15000,354048,111.39
Suite_14,Deferred_Uber,0,1399,2.96618,1.03282,0.339968,1.15043,2.48109,4.17697,239.408,15000,350208,107.368
Suite_14,Deferred_Uber,0,1400,2.94827,1.07439,1.06294,1.136,2.50611,4.14055,241.514,15000,346624,104.218
Suite_14,Deferred_Uber,0,1401,2.9455,1.02249,0.376896,1.07782,2.33987,4.16507,240.092,15000,342144,101.725
Suite_14,Deferred_Uber,0,1402,2.92294,1.02404,0.353888,1.08691,1.86115,4.10675,243.501,15000,339584,99.7898
Suite_14,Deferred_Uber,0,1403,2.91564,1.04871,0.356352,1.0689,2.2863,4.08052,245.067,15000,336384,98.0278
Suite_14,Deferred_Uber,0,1404,2.92107,1.01796,0.360448,1.07232,2.43347,4.10148,243.814,15000,333312,94.5513
Suite_14,Deferred_Uber,0,1405,2.90508,1.02279,0.351968,1.07542,1.73277,4.0745,245.429,15000,330368,93.0669
Suite_14,Deferred_Uber,0,1406,2.90541,0.997731,0.35328,1.05776,2.28438,4.06086,246.253,15000,326528,89.2813
Suite_14,Deferred_Uber,0,1407,2.8685,1.01706,0.360448,1.05424,1.83763,4.03799,247.648,15000,322688,88.1402
Suite_14,Deferred_Uber,0,1408,2.86307,1.01046,0.347744,1.05126,1.7128,4.01356,249.155,15000,319616,84.2193
Suite_14,Deferred_Uber,0,1409,2.86655,1.0138,0.352416,1.05677,1.89357,4.00518,249.677,15000,316288,83.3807
Suite_14,Deferred_Uber,0,1410,2.85797,1.00684,0.350208,1.064,2.2831,4.01421,249.115,15000,313472,80.2009
Suite_14,Deferred_Uber,0,1411,2.84904,1.00487,0.35648,1.06291,2.40845,3.99075,250.579,15000,310656,77.045
Suite_14,Deferred_Uber,0,1412,2.84674,1.00658,0.350592,1.06048,1.72032,3.97754,251.411,15000,306688,75.4344
Suite_14,Deferred_Uber,0,1413,2.83729,1.00507,0.356448,1.06454,2.29171,3.97867,251.34,15000,304256,74.9054
Suite_14,Deferred_Uber,0,1414,2.83084,0.996557,0.366592,1.05037,1.84278,3.96703,252.078,15000,302080,73.9506
Suite_14,Deferred_Uber,0,1415,2.82119,1.01976,0.354176,1.03638,1.70157,3.95087,253.109,15000,299392,71.5514
Suite_14,Deferred_Uber,0,1416,2.82538,1.00357,0.346112,1.02733,1.84931,3.96497,252.209,15000,296064,71.2118
Suite_14,Deferred_Uber,0,1417,2.81456,0.999769,0.346016,1.02851,2.24506,3.95347,252.942,15000,293888,71.0848
Suite_14,Deferred_Uber,0,1418,2.79754,0.967447,0.340704,1.01786,2.34675,3.93521,254.116,15000,290048,70.9621
Suite_14,Deferred_Uber,0,1419,2.78692,0.98719,0.333824,1.01376,1.66067,3.88155,257.629,15000,287360,70.9111
Suite_14,Deferred_Uber,0,1420,2.77275,0.963369,0.331008,1.00621,2.20717,3.89074,257.021,15000,284544,70.5441
Suite_14,Deferred_Uber,0,1421,2.74163,0.959397,0.325696,0.990176,1.73478,3.85821,259.187,15000,281472,70.4555
Suite_14,Deferred_Uber,0,1422,2.74195,0.974799,1.02707,0.960512,2.85834,3.81603,262.052,15000,277888,70.2811
Suite_14,Deferred_Uber,0,1423,2.74583,0.960416,0.3176,0.95264,1.68883,3.82978,261.111,15000,273920,70.0913
Suite_14,Deferred_Uber,0,1424,2.72948,0.983131,0.32208,0.9472,1.60358,3.82222,261.628,15000,270464,70.1663
Suite_14,Deferred_Uber,0,1425,2.74203,0.968812,0.323584,0.959488,1.76362,3.83357,260.853,15000,267008,70.2703
Suite_14,Deferred_Uber,0,1426,2.72192,0.967096,0.317792,0.953408,2.14016,3.82602,261.368,15000,263680,68.5795
Suite_14,Deferred_Uber,0,1427,2.71268,0.94245,0.325632,0.922848,1.74397,3.79819,263.283,15000,260096,66.6536
Suite_14,Deferred_Uber,0,1428,2.6864,0.807018,0.3376,0.919328,2.12739,3.766,265.534,15000,255232,66.7702
Suite_14,Deferred_Uber,0,1429,2.68039,0.777067,0.319488,0.90112,2.21757,3.6013,277.678,15000,252416,66.4377
Suite_14,Deferred_Uber,0,1430,2.67405,0.803945,0.668384,0.890752,2.42483,3.56129,280.797,15000,249472,66.5394
Suite_14,Deferred_Uber,0,1431,2.65905,0.778174,0.316256,0.89056,1.50643,3.58263,279.125,15000,247808,64.7692
Suite_14,Deferred_Uber,0,1432,2.62758,0.77838,0.311648,0.880992,2.12378,3.53856,282.601,15000,245120,62.7264
Suite_14,Deferred_Uber,0,1433,2.62343,0.776388,0.307296,0.884736,1.63616,3.51237,284.708,15000,242432,62.9894
Suite_14,Deferred_Uber,0,1434,2.61889,0.902589,0.305056,0.884928,3.00531,3.5082,285.046,15000,239232,63.2548
Suite_14,Deferred_Uber,0,1435,2.62655,1.04568,0.299008,0.848256,2.01229,3.62431,275.915,15000,236544,60.9276
Suite_14,Deferred_Uber,0,1436,2.62192,0.901038,0.292992,0.843456,1.55792,3.93094,254.392,15000,233472,61.1345
Suite_14,Deferred_Uber,0,1437,2.60273,0.878697,0.290816,0.83328,1.98666,3.6237,275.961,15000,229888,61.4091
Suite_14,Deferred_Uber,0,1438,2.60865,0.910388,0.286112,0.836448,1.53994,3.5804,279.299,15000,226944,61.6526
Suite_14,Deferred_Uber,0,1439,2.59496,0.786886,0.759584,0.80448,2.43555,3.62172,276.112,15000,223488,57.6182
Suite_14,Deferred_Uber,0,1440,2.60531,0.808646,0.276672,0.796672,1.49216,3.47666,287.633,15000,222464,57.9134
Suite_14,Deferred_Uber,0,1441,2.58489,0.781365,0.282624,0.790112,1.93984,3.5127,284.681,15000,219136,55.5397
Suite_14,Deferred_Uber,0,1442,2.57892,0.768061,0.284672,0.811008,1.52234,3.46329,288.743,15000,216320,55.7175
Suite_14,Deferred_Uber,0,1443,2.55688,0.770103,0.279232,0.818688,1.95994,3.43721,290.933,15000,213504,53.7121
Suite_14,Deferred_Uber,0,1444,2.54998,0.783893,0.281984,0.827232,1.53805,3.41642,292.704,15000,211200,52.4703
Suite_14,Deferred_Uber,0,1445,2.53065,0.814494,0.289504,0.861632,2.01523,3.42426,292.034,15000,208896,52.9462
Suite_14,Deferred_Uber,0,1446,2.52614,0.861059,0.256864,0.641024,1.19808,3.44075,290.635,15000,206208,53.527
Suite_14,Deferred_Uber,0,1447,2.51343,0.865074,0.277216,0.609248,1.18579,3.48302,287.107,15000,203520,54.4379
Suite_14,Deferred_Uber,0,1448,2.52273,0.859302,0.268448,0.60416,1.1776,3.46598,288.519,15000,201728,56.1535
Suite_14,Deferred_Uber,0,1449,2.50571,0.857019,0.839648,0.614912,1.75712,3.47423,287.833,15000,198912,59.9129
Suite_14,Deferred_Uber,0,1450,2.49514,0.876071,0.260096,0.597376,1.15786,3.44939,289.907,15000,197376,60.1482
Suite_14,Deferred_Uber,0,1451,2.50545,0.866224,0.250016,0.590752,1.13869,3.45766,289.213,15000,194048,60.3871
Suite_14,Deferred_Uber,0,1452,2.49425,0.773107,0.243712,0.558912,1.09827,3.45872,289.124,15000,191872,50.3373
Suite_14,Deferred_Uber,0,1453,2.47098,0.738719,0.232064,0.515776,1.06906,3.35497,298.065,15000,189056,49.7101
Suite_14,Deferred_Uber,0,1454,2.46188,0.772224,0.230912,0.503968,1.04125,3.30084,302.953,15000,186112,49.7055
Suite_14,Deferred_Uber,0,1455,2.45897,0.816533,0.229216,0.49952,1.02435,3.31508,301.651,15000,182656,49.899
Suite_14,Deferred_Uber,0,1456,2.4842,0.808766,0.219488,0.486528,1.00352,3.36167,297.471,15000,180224,49.3755
Suite_14,Deferred_Uber,0,1457,2.45052,0.815798,0.21504,0.4608,0.978368,3.38386,295.521,15000,177408,48.7174
Suite_14,Deferred_Uber,0,1458,2.4175,0.758611,0.226816,0.438816,0.962176,3.34747,298.733,15000,174720,48.8035
Suite_14,Deferred_Uber,0,1459,2.40354,0.775653,0.207488,0.41072,0.91136,3.25533,307.188,15000,172416,48.8797
Suite_14,Deferred_Uber,0,1460,2.39561,0.827533,0.200704,0.411648,0.905536,3.25431,307.285,15000,169472,49.0288
Suite_14,Deferred_Uber,0,1461,2.39293,0.832039,0.210944,0.410816,0.9216,3.29978,303.051,15000,167296,49.1933
Suite_14,Deferred_Uber,0,1462,2.38674,0.834367,0.204992,0.401408,0.923648,3.30235,302.814,15000,165120,48.0916
Suite_14,Deferred_Uber,0,1463,2.38421,0.813279,0.196448,0.382976,0.872896,3.29599,303.399,15000,162944,47.7497
Suite_14,Deferred_Uber,0,1464,2.35766,0.820831,0.201184,0.38016,0.872384,3.26913,305.892,15000,160896,47.8399
Suite_14,Deferred_Uber,0,1465,2.36188,0.736698,0.188416,0.380928,0.871552,3.25314,307.395,15000,158080,47.9587
Suite_14,Deferred_Uber,0,1466,2.34342,0.731911,0.19552,0.385024,0.880768,3.17059,315.399,15000,154752,48.0886
Suite_14,Deferred_Uber,0,1467,2.34551,0.726288,0.189728,0.375744,0.859008,3.14845,317.617,15000,152960,47.9938
Suite_14,Deferred_Uber,0,1468,2.34241,0.720246,0.18896,0.380896,0.87984,3.14017,318.454,15000,150912,48.1203
Suite_14,Deferred_Uber,0,1469,2.33248,0.734762,0.19056,0.370816,0.859296,3.13491,318.988,15000,149376,48.1143
Suite_14,Deferred_Uber,0,1470,2.33237,0.761952,0.187456,0.370016,0.859104,3.13678,318.798,15000,147584,48.2027
Suite_14,Deferred_Uber,0,1471,2.32948,0.750036,0.192512,0.356128,0.866848,3.1625,316.205,15000,145280,46.4377
Suite_14,Deferred_Uber,0,1472,2.31169,0.715793,0.184352,0.352928,0.835584,3.14703,317.76,15000,142848,46.5263
Suite_14,Deferred_Uber,0,1473,2.28928,0.783285,0.180224,0.354176,0.845536,3.09478,323.124,15000,140160,46.6118
Suite_14,Deferred_Uber,0,1474,2.29346,0.797915,0.167872,0.34816,0.815936,3.14143,318.326,15000,138496,45.9619
Suite_14,Deferred_Uber,0,1475,2.27531,0.800963,0.8128,0.342016,1.46022,3.15861,316.595,15000,135296,45.8643
Suite_14,Deferred_Uber,0,1476,2.2789,0.784628,0.14384,0.344384,0.781952,3.14086,318.384,15000,134016,45.9395
Suite_14,Deferred_Uber,0,1477,2.26963,0.786477,0.1536,0.34208,0.788896,3.13233,319.251,15000,132096,46.0221
Suite_14,Deferred_Uber,0,1478,2.26545,0.789007,0.145408,0.341856,0.78448,3.11968,320.546,15000,129664,45.7482
Suite_14,Deferred_Uber,0,1479,2.25551,0.711377,0.15872,0.336896,0.791136,3.11548,320.978,15000,128000,45.4676
Suite_14,Deferred_Uber,0,1480,2.24455,0.72838,0.172544,0.323584,0.786432,3.02674,330.388,15000,125824,45.0891
Suite_14,Deferred_Uber,0,1481,2.23328,0.944836,0.167936,0.321536,0.783264,3.03435,329.56,15000,123008,45.1321
Suite_14,Deferred_Uber,0,1482,2.22781,0.727219,0.16928,0.31216,0.779392,3.23885,308.751,15000,121344,43.5176
Suite_14,Deferred_Uber,0,1483,2.2412,0.768512,0.155264,0.29776,0.748736,3.02158,330.952,15000,119296,43.585
Suite_14,Deferred_Uber,0,1484,2.22322,0.780942,0.151552,0.288352,0.742976,3.0686,325.882,15000,116992,40.077
Suite_14,Deferred_Uber,0,1485,2.20672,0.764238,0.147936,0.279072,0.71696,3.06506,326.258,15000,114432,40.1647
Suite_14,Deferred_Uber,0,1486,2.19583,0.711703,0.13952,0.27648,0.717824,3.02754,330.301,15000,112384,40.2522
Suite_14,Deferred_Uber,0,1487,2.19268,0.708379,0.138624,0.270496,0.69904,2.96442,337.334,15000,110080,40.1317
Suite_14,Deferred_Uber,0,1488,2.18801,0.697796,0.13296,0.267936,0.6936,2.95845,338.014,15000,108288,40.2264
Suite_14,Deferred_Uber,0,1489,2.17359,0.716015,0.131072,0.28672,0.716704,2.94077,340.047,15000,106112,40.314
Suite_14,Deferred_Uber,0,1490,2.16592,0.693814,0.127488,0.262016,0.679936,2.94745,339.277,15000,103936,40.4144
Suite_14,Deferred_Uber,0,1491,2.15013,0.699687,0.133952,0.253312,0.679936,2.91412,343.157,15000,101888,40.2827
Suite_14,Deferred_Uber,0,1492,2.14826,0.7325,0.129024,0.253152,0.67584,2.90203,344.587,15000,99968,40.4037
Suite_14,Deferred_Uber,0,1493,2.14442,0.758137,0.761536,0.250144,1.33027,2.93464,340.757,15000,98048,40.528
Suite_14,Deferred_Uber,0,1494,2.14099,0.751942,0.13312,0.243392,0.661728,2.95491,338.42,15000,96384,38.4694
Suite_14,Deferred_Uber,0,1495,2.13175,0.691191,0.127008,0.237568,0.653312,2.94187,339.92,15000,94720,38.6748
Suite_14,Deferred_Uber,0,1496,2.12074,0.691802,0.129536,0.235264,0.65872,2.87222,348.162,15000,92672,38.8833
Suite_14,Deferred_Uber,0,1497,2.11551,0.676205,0.123808,0.224608,0.634272,2.86194,349.413,15000,91008,37.1489
Suite_14,Deferred_Uber,0,1498,2.10073,0.68808,0.139264,0.223488,0.657344,2.84128,351.954,15000,89344,37.3864
Suite_14,Deferred_Uber,0,1499,2.10327,0.689449,0.121504,0.212992,0.620544,2.83632,352.57,15000,87936,37.6231
Suite_14,Deferred_Uber,0,1500,2.10107,0.697258,0.118784,0.206848,0.61664,2.83922,352.209,15000,86784,37.3203
Suite_14,Deferred_Uber,0,1501,2.09509,0.702807,0.115264,0.203488,0.63616,2.84699,351.249,15000,85120,37.5477
Suite_14,Deferred_Uber,0,1502,2.08686,0.678286,0.111328,0.20064,0.601984,2.84712,351.232,15000,83712,37.7784
Suite_14,Deferred_Uber,0,1503,2.0709,0.681235,0.110592,0.196608,0.59744,2.81053,355.805,15000,82432,38.0112
Suite_14,Deferred_Uber,0,1504,2.08696,0.717868,0.104544,0.188896,0.579584,2.80011,357.129,15000,81152,38.2305
Suite_14,Deferred_Uber,0,1505,2.07319,0.675748,0.1024,0.18432,0.56992,2.85529,350.227,15000,79488,38.1872
Suite_14,Deferred_Uber,0,1506,2.05367,0.688746,0.099968,0.1808,0.594784,2.79291,358.049,15000,77952,38.409
Suite_14,Deferred_Uber,0,1507,2.05187,0.676522,0.098304,0.177568,0.563136,2.78573,358.973,15000,76160,37.5551
Suite_14,Deferred_Uber,0,1508,2.04609,0.680213,0.099168,0.169504,0.556128,2.76995,361.017,15000,74880,37.7612
Suite_14,Deferred_Uber,0,1509,2.03757,0.682609,0.09504,0.16384,0.548768,2.76958,361.066,15000,73472,37.3942
Suite_14,Deferred_Uber,0,1510,2.03047,0.682773,0.091552,0.162208,0.536864,2.76348,361.863,15000,72320,37.5758
Suite_14,Deferred_Uber,0,1511,2.0231,0.674931,0.089248,0.161312,0.555008,2.7568,362.74,15000,70272,37.7272
Suite_14,Deferred_Uber,0,1512,2.01368,0.667699,0.086176,0.161792,0.534528,2.74336,364.516,15000,68736,37.8387
Suite_14,Deferred_Uber,0,1513,1.99938,0.666591,0.086048,0.157696,0.536576,2.72141,367.456,15000,67328,36.2314
Suite_14,Deferred_Uber,0,1514,2.00287,0.677903,0.0824,0.154048,0.52224,2.70613,369.531,15000,65920,35.873
Suite_14,Deferred_Uber,0,1515,1.99596,0.660324,0.081408,0.15232,0.526688,2.72239,367.324,15000,64768,35.9597
Suite_14,Deferred_Uber,0,1516,1.99303,0.678855,0.077728,0.149344,0.51712,2.69356,371.256,15000,63104,35.6891
Suite_14,Deferred_Uber,0,1517,1.98391,0.664458,0.075648,0.150496,0.515904,2.71202,368.729,15000,61184,35.748
Suite_14,Deferred_Uber,0,1518,1.97147,0.657444,0.067584,0.149504,0.52864,2.68536,372.39,15000,59648,35.7883
Suite_14,Deferred_Uber,0,1519,1.97258,0.697674,0.999712,0.143712,1.43498,2.66555,375.157,15000,58752,31.6257
Suite_14,Deferred_Uber,0,1520,1.96027,0.665281,0.069792,0.144576,0.504,2.70602,369.546,15000,56576,31.7281
Suite_14,Deferred_Uber,0,1521,1.9499,0.674775,0.068,0.141312,0.50176,2.66148,375.73,15000,55040,31.8194
Suite_14,Deferred_Uber,0,1522,1.94792,0.666593,0.065504,0.142976,0.499104,2.66142,375.74,15000,53376,31.8744
Suite_14,Deferred_Uber,0,1523,1.93345,0.654512,0.063648,0.14144,0.492928,2.64796,377.649,15000,51584,31.9297
Suite_14,Deferred_Uber,0,1524,1.93348,0.663375,0.059616,0.141312,0.516096,2.62024,381.645,15000,50688,31.9743
Suite_14,Deferred_Uber,0,1525,1.9234,0.660121,0.059392,0.138624,0.487424,2.6336,379.708,15000,48896,31.5308
Suite_14,Deferred_Uber,0,1526,1.91264,0.654991,0.073728,0.138816,0.499712,2.61664,382.17,15000,48256,31.5455
Suite_14,Deferred_Uber,0,1527,1.91535,0.661399,0.058944,0.137184,0.482336,2.59954,384.683,15000,47488,31.5499
Suite_14,Deferred_Uber,0,1528,1.90736,0.686183,0.056416,0.13888,0.477184,2.61014,383.121,15000,46080,31.5474
Suite_14,Deferred_Uber,0,1529,1.90132,0.658937,0.05648,0.13584,0.485856,2.62604,380.802,15000,44672,31.536
Suite_14,Deferred_Uber,0,1530,1.89512,0.659592,0.053056,0.135936,0.473696,2.59399,385.506,15000,42880,31.5055
Suite_14,Deferred_Uber,0,1531,1.88405,0.651461,0.0512,0.13456,0.472096,2.58651,386.622,15000,40832,31.3121
Suite_14,Deferred_Uber,0,1532,1.87992,0.666691,0.049152,0.132256,0.48624,2.56436,389.961,15000,39808,31.2916
Suite_14,Deferred_Uber,0,1533,1.87895,0.651826,0.046912,0.130816,0.462848,2.57956,387.663,15000,38272,30.7863
Suite_14,Deferred_Uber,0,1534,1.86732,0.641424,0.04304,0.1536,0.485024,2.5606,390.534,15000,37504,29.4235
Suite_14,Deferred_Uber,0,1535,1.8665,0.676826,0.047104,0.12688,0.4608,2.5358,394.353,15000,36352,29.3933
Suite_14,Deferred_Uber,0,1536,1.85513,0.645831,0.0416,0.124576,0.453856,2.5716,388.864,15000,35072,29.3596
Suite_14,Deferred_Uber,0,1537,1.84706,0.656179,0.039552,0.123904,0.444768,2.5301,395.242,15000,33792,28.9302
Suite_14,Deferred_Uber,0,1538,1.84389,3.10173,0.04096,0.120832,0.444768,2.53189,394.962,15000,32896,28.9107
Suite_14,Deferred_Uber,0,1539,1.85204,0.665495,0.037216,0.120512,0.448512,4.9798,200.811,15000,32128,28.5648
Suite_14,Deferred_Uber,0,1540,1.8668,0.657291,0.033504,0.116736,0.42848,2.54558,392.838,15000,31616,26.377
Suite_14,Deferred_Uber,0,1541,1.8613,0.67682,0.034784,0.11344,0.440608,2.56298,390.171,15000,30336,24.1987
Suite_14,Deferred_Uber,0,1542,1.83388,0.665488,0.031104,0.114176,0.452064,2.59415,385.482,15000,30080,24.2452
Suite_14,Deferred_Uber,0,1543,1.82568,0.646707,0.029504,0.11264,0.428192,2.5269,395.742,15000,29312,24.2906
Suite_14,Deferred_Uber,0,1544,1.81671,0.659089,0.029472,0.138848,0.456736,2.49754,400.394,15000,28416,24.3371
Suite_14,Deferred_Uber,0,1545,1.81673,0.644476,0.031456,0.11184,0.428704,2.5036,399.425,15000,27264,24.3833
Suite_14,Deferred_Uber,0,1546,1.79912,0.647731,0.028032,0.111456,0.423296,2.48749,402.011,15000,25600,24.4268
Suite_14,Deferred_Uber,0,1547,1.79138,0.659745,0.026624,0.112608,0.421888,2.471,404.695,15000,24832,24.475
Suite_14,Deferred_Uber,0,1548,1.78816,0.643459,0.026304,0.112672,0.428352,2.48156,402.973,15000,24320,24.5276
Suite_14,Deferred_Uber,0,1549,1.78449,0.634251,0.025696,0.11072,0.427616,2.45733,406.946,15000,22784,24.5653
Suite_14,Deferred_Uber,0,1550,1.7768,0.647998,0.023552,0.107904,0.421408,2.44167,409.556,15000,22144,24.6157
Suite_14,Deferred_Uber,0,1551,1.77622,0.634124,0.02256,0.109216,0.415232,2.44816,408.47,15000,21760,24.6637
Suite_14,Deferred_Uber,0,1552,1.76633,0.635207,0.022528,0.106688,0.411584,2.43285,411.04,15000,20352,24.7
Suite_14,Deferred_Uber,0,1553,1.7657,0.666212,0.02048,0.106016,0.41776,2.42519,412.339,15000,20096,24.7469
Suite_14,Deferred_Uber,0,1554,1.76302,0.639147,0.019968,0.10896,0.41456,2.45522,407.295,15000,19200,24.7889
Suite_14,Deferred_Uber,0,1555,1.74965,0.632864,0.020288,0.104608,0.410208,2.42449,412.457,15000,18432,24.8277
Suite_14,Deferred_Uber,0,1556,1.75407,0.642688,0.019584,0.106016,0.407584,2.40343,416.073,15000,17920,24.8648
Suite_14,Deferred_Uber,0,1557,1.74887,0.641167,0.016384,0.104448,0.408544,2.42044,413.148,15000,17536,24.8997
Suite_14,Deferred_Uber,0,1558,1.74002,0.629397,0.015744,0.107584,0.404512,2.41241,414.524,15000,16640,24.929
Suite_14,Deferred_Uber,0,1559,1.74204,0.642207,0.014656,0.101984,0.41968,2.39018,418.379,15000,16128,24.9596
Suite_14,Deferred_Uber,0,1560,1.73126,0.644721,0.014368,0.103104,0.40752,2.4058,415.663,15000,15232,24.9856
Suite_14,Deferred_Uber,0,1561,1.73393,0.629418,0.014272,0.10272,0.403456,2.39931,416.786,15000,14848,25.0117
Suite_14,Deferred_Uber,0,1562,1.76014,0.715184,0.02048,0.101344,0.417792,2.3847,419.34,15000,13952,23.8412
Suite_14,Deferred_Uber,0,1563,1.73468,0.668059,0.0136,0.0992,0.39856,2.50163,399.74,15000,13440,23.8603
Suite_14,Deferred_Uber,0,1564,1.71987,0.664413,0.012768,0.109056,0.421344,2.42389,412.559,15000,12672,23.8721
Suite_14,Deferred_Uber,0,1565,1.71688,0.648197,0.011744,0.09872,0.401408,2.40803,415.277,15000,12672,23.8892
Suite_14,Deferred_Uber,0,1566,1.7127,0.646631,0.010848,0.096064,0.3912,2.38618,419.08,15000,11776,23.8987
Suite_14,Deferred_Uber,0,1567,1.70104,0.641174,0.011456,0.097088,0.387744,2.37802,420.518,15000,11520,23.911
Suite_14,Deferred_Uber,0,1568,1.70146,0.632942,0.01024,0.093632,0.380928,2.36674,422.522,15000,10496,23.9176
Suite_14,Deferred_Uber,0,1569,1.69829,0.637039,0.01024,0.093376,0.378912,2.35501,424.626,15000,9984,23.9273
Suite_14,Deferred_Uber,0,1570,1.68615,0.640354,0.00864,0.090144,0.379136,2.35458,424.704,15000,9344,20.9871
Suite_14,Deferred_Uber,0,1571,1.69474,0.62843,0.008192,0.090016,0.376832,2.34512,426.418,15000,9088,21.0554
Suite_14,Deferred_Uber,0,1572,1.69106,0.632031,0.008192,0.091744,0.38688,2.34074,427.216,15000,8704,21.1215
Suite_14,Deferred_Uber,0,1573,1.67802,0.640016,0.008192,0.086016,0.379392,2.3429,426.821,15000,8192,21.1852
Suite_14,Deferred_Uber,0,1574,1.68144,0.642116,0.007712,0.0864,0.372736,2.33779,427.754,15000,7680,21.248
Suite_14,Deferred_Uber,0,1575,1.67249,0.64032,0.008192,0.084192,0.370528,2.34205,426.977,15000,7040,20.9723
Suite_14,Deferred_Uber,0,1576,1.66604,0.646429,0.007584,0.085984,0.377408,2.33007,429.172,15000,6784,21.0294
Suite_14,Deferred_Uber,0,1577,1.67072,0.626071,0.006176,0.085824,0.382976,2.33281,428.667,15000,6400,21.0844
Suite_14,Deferred_Uber,0,1578,1.66384,0.631168,0.006144,0.085088,0.375008,2.31531,431.908,15000,5888,21.1371
Suite_14,Deferred_Uber,0,1579,1.65733,0.638553,0.005664,0.082528,0.367552,2.31159,432.602,15000,5888,21.1917
Suite_14,Deferred_Uber,0,1580,1.65948,0.628187,0.00432,0.079072,0.362336,2.3138,432.19,15000,5376,19.442
Suite_14,Deferred_Uber,0,1581,1.65729,0.622292,0.005376,0.077248,0.35664,2.30617,433.62,15000,5120,19.2121
Suite_14,Deferred_Uber,0,1582,1.64526,0.65851,0.004096,0.075776,0.361056,2.30091,434.611,15000,4864,19.255
Suite_14,Deferred_Uber,0,1583,1.65077,0.646861,0.004096,0.07408,0.361792,2.32359,430.369,15000,4608,18.779
Suite_14,Deferred_Uber,0,1584,1.64514,0.627118,0.004096,0.073728,0.35888,2.31458,432.043,15000,3968,18.8159
Suite_14,Deferred_Uber,0,1585,1.63715,0.638787,0.003584,0.071616,0.349088,2.28959,436.759,15000,3840,18.8555
Suite_14,Deferred_Uber,0,1586,1.6313,0.648186,0.002048,0.07168,0.360448,2.29393,435.932,15000,3328,18.8937
Suite_14,Deferred_Uber,0,1587,1.63147,0.63081,0.003712,0.0704,0.349696,2.29554,435.627,15000,3072,18.932
Suite_14,Deferred_Uber,0,1588,1.631,0.637927,0.002048,0.071392,0.360288,2.27849,438.888,15000,2688,18.2111
Suite_14,Deferred_Uber,0,1589,1.62348,0.630248,0.003296,0.071008,0.354976,2.28717,437.221,15000,2432,18.2437
Suite_14,Deferred_Uber,0,1590,1.61809,0.635269,0.003072,0.07072,0.356256,2.27062,440.409,15000,2176,18.2758
Suite_14,Deferred_Uber,0,1591,1.61614,0.626158,0.001952,0.069376,0.351232,2.26862,440.798,15000,2048,18.3064
Suite_14,Deferred_Uber,0,1592,1.61484,0.629162,0.001664,0.069856,0.359904,2.2582,442.831,15000,1792,18.3357
Suite_14,Deferred_Uber,0,1593,1.60568,0.625109,0.000768,0.069632,0.35792,2.26061,442.359,15000,1536,18.3633
Suite_14,Deferred_Uber,0,1594,1.60649,0.622439,0.001632,0.091072,0.371264,2.247,445.037,15000,896,18.3875
Suite_14,Deferred_Uber,0,1595,1.60072,0.623197,0.001888,0.066112,0.355904,2.24412,445.608,15000,896,18.4134
Suite_14,Deferred_Uber,0,1596,1.59698,0.626193,0.001248,0.065472,0.349088,2.24724,444.99,15000,384,18.4351
Suite_14,Deferred_Uber,0,1597,1.59122,0.614982,0.000448,0.065344,0.344064,2.23962,446.505,15000,384,18.4574
Suite_14,Deferred_Uber,0,1598,1.59062,0.622118,0.001184,0.065024,0.363168,2.22271,449.902,15000,384,18.4777
Suite_14,Deferred_Uber,0,1599,1.58854,0.608988,0.000352,0.063744,0.341056,2.22746,448.942,15000,256,16.1752
Suite_14,Deferred_Uber,0,1600,1.58967,0.609435,0.00016,0.064,0.351616,2.21238,452.002,15000,128,16.2352
Suite_14,Deferred_Uber,0,1601,1.58822,0.629495,0.001536,0.064832,0.34688,2.21945,450.562,15000,128,16.2932
Suite_14,Deferred_Uber,0,1602,1.5755,0.619067,0.000832,0.064128,0.346112,2.23483,447.461,15000,128,16.3485
Suite_14,Deferred_Uber,0,1603,1.58253,0.605182,0.000192,0.06384,0.347584,2.20966,452.558,15000,128,16.4011
Suite_14,Deferred_Uber,0,1604,1.58113,0.622145,0.001824,0.064096,0.346272,2.20261,454.008,15000,128,16.451
Suite_14,Deferred_Uber,0,1605,1.57707,0.601732,0.001376,0.06144,0.33632,2.2212,450.208,15000,0,16.497
Suite_14,Deferred_Uber,0,1606,1.57007,0.595641,0.00016,0.06144,0.34816,2.19456,455.673,15000,0,16.5419
Suite_14,Deferred_Uber,0,1607,1.56873,0.604259,0.001504,0.06144,0.337888,2.17984,458.749,15000,0,16.5843
Suite_14,Deferred_Uber,0,1608,1.56478,0.595249,0.000768,0.060256,0.341472,2.18776,457.089,15000,0,13.851
Suite_14,Deferred_Uber,0,1609,1.57378,0.595776,0,0.0616,0.346112,2.17607,459.545,15000,0,13.9258
Suite_14,Deferred_Uber,0,1610,1.5889,0.682377,0.001216,0.06144,0.340608,2.18526,457.611,15000,0,13.9976
Suite_14,Deferred_Uber,0,1611,1.56335,0.611589,0.00144,0.06144,0.341792,2.29092,436.506,15000,0,13.4728
Suite_14,Deferred_Uber,0,1612,1.56444,0.603197,0.001024,0.061024,0.334656,2.19102,456.407,15000,0,13.5371
Suite_14,Deferred_Uber,0,1613,1.55773,0.59818,0,0.061056,0.335872,2.18381,457.916,15000,0,13.5992
Suite_14,Deferred_Uber,0,1614,1.5564,0.594107,0.000608,0.059744,0.342016,2.17241,460.319,15000,0,13.3859
Suite_14,Deferred_Uber,0,1615,1.55498,0.59187,0.001472,0.060992,0.342528,2.16412,462.081,15000,0,13.4429
Suite_14,Deferred_Uber,0,1616,1.54975,0.602347,0.000544,0.060224,0.36352,2.1603,462.899,15000,0,13.4983
Suite_14,Deferred_Uber,0,1617,1.55022,0.600483,0.001536,0.06144,0.364128,2.16786,461.285,15000,0,13.5523
Suite_14,Deferred_Uber,0,1618,1.54722,0.60186,0.001344,0.06144,0.342432,2.16531,461.828,15000,0,13.6051
Suite_14,Deferred_Uber,0,1619,1.54631,0.590026,0,0.060928,0.34096,2.16245,462.438,15000,0,13.6569
Suite_14,Deferred_Uber,0,1620,1.54811,0.594585,0.001056,0.060672,0.332416,2.15015,465.084,15000,0,13.7078
Suite_14,Deferred_Uber,0,1621,1.54923,0.591191,0.000672,0.060352,0.34816,2.15803,463.386,15000,0,13.7579
Suite_14,Deferred_Uber,0,1622,1.54071,0.592381,0.00032,0.061024,0.335872,2.15569,463.889,15000,0,13.8074
Suite_14,Deferred_Uber,0,1623,1.54348,0.599883,0.00144,0.06128,0.344512,2.14642,465.891,15000,0,13.8564
Suite_14,Deferred_Uber,0,1624,1.53989,0.595798,0.000224,0.060832,0.339968,2.15832,463.323,15000,0,13.1158
Suite_14,Deferred_Uber,0,1625,1.53513,0.594082,0.000704,0.060288,0.335872,2.16008,462.945,15000,0,13.1605
Suite_14,Deferred_Uber,0,1626,1.53253,0.596939,6.4e-05,0.05968,0.344064,2.14411,466.395,15000,0,13.205
Suite_14,Deferred_Uber,0,1627,1.53634,0.58761,0.0008,0.060384,0.347584,2.14384,466.454,15000,0,13.2493
Suite_14,Deferred_Uber,0,1628,1.54192,0.618254,0.000768,0.060928,0.346112,2.13788,467.754,15000,0,13.2934
Suite_14,Deferred_Uber,0,1629,1.53345,0.603604,0.001152,0.060608,0.35728,2.17876,458.977,15000,0,13.3374
Suite_14,Deferred_Uber,0,1630,1.52748,0.601514,9.6e-05,0.0608,0.344064,2.15906,463.165,15000,0,13.3811
Suite_14,Deferred_Uber,0,1631,1.52604,0.594343,0.000608,0.060192,0.343968,2.14323,466.587,15000,0,13.4246
Suite_14,Deferred_Uber,0,1632,1.52046,0.599037,0.001536,0.060992,0.329344,2.13421,468.557,15000,0,13.4679
Suite_14,Deferred_Uber,0,1633,1.52817,0.595539,0,0.059616,0.335872,2.13586,468.195,15000,0,12.3758
Suite_14,Deferred_Uber,0,1634,1.52945,0.591477,0,0.059648,0.342048,2.13909,467.489,15000,0,12.4087
Suite_14,Deferred_Uber,0,1635,1.51896,0.586165,0.00016,0.059872,0.346112,2.1354,468.295,15000,0,12.4412
Suite_14,Deferred_Uber,0,1636,1.52059,0.606773,0.000736,0.060288,0.336064,2.11879,471.967,15000,0,12.4733
Suite_14,Deferred_Uber,0,1637,1.51252,0.593959,9.6e-05,0.059392,0.335872,2.14379,466.464,15000,0,12.5049
Suite_14,Deferred_Uber,0,1638,1.513,0.592353,0.001024,0.060928,0.339968,2.12192,471.271,15000,0,12.5358
Suite_14,Deferred_Uber,0,1639,1.51648,0.609107,0.000736,0.060576,0.339648,2.11867,471.994,15000,0,12.5661
Suite_14,Deferred_Uber,0,1640,1.51456,0.590714,0.00016,0.059552,0.344064,2.14137,466.991,15000,0,12.5956
Suite_14,Deferred_Uber,0,1641,1.51234,0.588797,0,0.059488,0.336,2.12127,471.416,15000,0,11.9654
Suite_14,Deferred_Uber,0,1642,1.51336,0.591748,0.001504,0.086016,0.361856,2.11612,472.564,15000,0,11.9894
Suite_14,Deferred_Uber,0,1643,1.51272,0.592026,0.001088,0.08336,0.365344,2.11956,471.797,15000,0,12.0124
Suite_14,Deferred_Uber,0,1644,1.51349,0.596918,0.000704,0.059744,0.344064,2.11846,472.042,15000,0,12.0343
Suite_14,Deferred_Uber,0,1645,1.50136,0.59773,0.001504,0.059392,0.340352,2.12663,470.228,15000,0,11.6639
Suite_14,Deferred_Uber,0,1646,1.50589,0.60484,0.001408,0.059392,0.346176,2.11492,472.831,15000,0,11.6814
Suite_14,Deferred_Uber,0,1647,1.50095,0.596809,3.2e-05,0.059392,0.347744,2.12498,470.594,15000,0,11.6976
Suite_14,Deferred_Uber,0,1648,1.49842,0.592992,0.000288,0.059584,0.344064,2.11145,473.608,15000,0,11.7123
Suite_14,Deferred_Uber,0,1649,1.50488,0.596559,0,0.0592,0.339968,2.10648,474.726,15000,0,10.9359
Suite_14,Deferred_Uber,0,1650,1.50401,0.59223,0.001024,0.059392,0.34432,2.11696,472.376,15000,0,8.86375
Suite_14,Deferred_Uber,0,1651,1.49821,0.590625,0,0.059136,0.340864,2.11065,473.789,15000,0,8.91495
Suite_14,Deferred_Uber,0,1652,1.49689,0.595466,0.000128,0.058976,0.33792,2.10275,475.567,15000,0,8.96347
Suite_14,Deferred_Uber,0,1653,1.49322,0.596944,0.000512,0.058112,0.337632,2.1165,472.478,15000,0,9.00931
Suite_14,Deferred_Uber,0,1654,1.49034,0.60011,0,0.059264,0.34288,2.1057,474.901,15000,0,9.05246
Suite_14,Deferred_Uber,0,1655,1.48732,0.593981,0.00112,0.059008,0.339712,2.1044,475.195,15000,0,7.23937
Suite_14,Deferred_Uber,0,1656,1.48664,0.60142,0.000768,0.058272,0.343488,2.09538,477.241,15000,0,7.27058
Suite_14,Deferred_Uber,0,1657,1.48202,0.596796,0.000512,0.058144,0.344064,2.10418,475.244,15000,0,7.29977
Suite_14,Deferred_Uber,0,1658,1.48797,0.589648,0.001504,0.059136,0.336032,2.09368,477.628,15000,0,7.32695
Suite_14,Deferred_Uber,0,1659,1.48929,0.592252,0,0.058912,0.341216,2.09103,478.234,15000,0,7.35218
Suite_14,Deferred_Uber,0,1660,1.48746,0.589424,0,0.058816,0.336672,2.09581,477.143,15000,0,7.37549
Suite_14,Deferred_Uber,0,1661,1.48971,0.584765,0.000544,0.058144,0.335776,2.09362,477.643,15000,0,7.39694
Suite_14,Deferred_Uber,0,1662,1.48128,0.59429,0.000736,0.059392,0.339712,2.0889,478.721,15000,0,7.41657
Suite_14,Deferred_Uber,0,1663,1.48353,0.592777,0.001408,0.059392,0.336832,2.09009,478.447,15000,0,7.43445
Suite_14,Deferred_Uber,0,1664,1.48109,0.591556,0.000448,0.05808,0.343104,2.09042,478.372,15000,0,7.45064
Suite_14,Deferred_Uber,0,1665,1.4737,0.590617,0.001376,0.059232,0.35664,2.08762,479.014,15000,0,7.46519
Suite_14,Deferred_Uber,0,1666,1.48174,0.59691,0.001408,0.05888,0.33648,2.07897,481.007,15000,0,7.47818
Suite_14,Deferred_Uber,0,1667,1.47948,0.591093,0.000416,0.057856,0.339968,2.09229,477.946,15000,0,7.48967
Suite_14,Deferred_Uber,0,1668,1.47332,0.591364,0.001216,0.058784,0.335776,2.08456,479.717,15000,0,7.49971
Suite_14,Deferred_Uber,0,1669,1.47395,0.598536,0.00128,0.058912,0.344832,2.07993,480.786,15000,0,7.50838
Suite_14,Deferred_Uber,0,1670,1.4764,0.588897,0.001504,0.05936,0.338208,2.0876,479.018,15000,0,7.51574
Suite_14,Deferred_Uber,0,1671,1.46979,0.584083,0.001248,0.058976,0.336384,2.07918,480.958,15000,0,7.52185
Suite_14,Deferred_Uber,0,1672,1.47001,0.595481,0.000416,0.057984,0.335872,2.0671,483.769,15000,0,7.52678
Suite_14,Deferred_Uber,0,1673,1.47286,0.5884,0.0016,0.060736,0.348576,2.08152,480.419,15000,0,7.53057
Suite_14,Deferred_Uber,0,1674,1.47477,0.587565,0,0.059392,0.336512,2.07555,481.801,15000,0,7.53329
Suite_14,Deferred_Uber,0,1675,1.46891,0.595364,0,0.05952,0.336768,2.0754,481.835,15000,0,7.53498
Suite_14,Deferred_Uber,0,1676,1.47046,0.623753,0.001152,0.059392,0.346304,2.08013,480.739,15000,0,7.5357
Suite_14,Deferred_Uber,0,1677,1.46515,0.596546,0.00144,0.059392,0.336288,2.11223,473.434,15000,0,7.5355
Suite_14,Deferred_Uber,0,1678,1.4611,0.591289,6.4e-05,0.05968,0.339968,2.07592,481.715,15000,0,7.5344
Suite_14,Deferred_Uber,0,1679,1.46014,0.604382,0.000448,0.059616,0.335872,2.06533,484.184,15000,0,7.53246
Suite_14,Deferred_Uber,0,1680,1.46696,0.596121,0.001504,0.059392,0.34016,2.07875,481.057,15000,0,7.5297
Suite_14,Deferred_Uber,0,1681,1.46122,0.593022,0.001472,0.059392,0.339712,2.07835,481.152,15000,0,7.52615
Suite_14,Deferred_Uber,0,1682,1.46191,0.605707,0.000128,0.059392,0.333824,2.07579,481.745,15000,0,6.14214
Suite_14,Deferred_Uber,0,1683,1.46254,0.586843,0.001536,0.059392,0.345248,2.08159,480.402,15000,0,6.13983
Suite_14,Deferred_Uber,0,1684,1.46347,0.589508,0.001728,0.059392,0.343456,2.06233,484.889,15000,0,6.13709
Suite_14,Deferred_Uber,0,1685,1.46806,0.584324,0.000512,0.059392,0.33984,2.0684,483.465,15000,0,6.13392
Suite_14,Deferred_Uber,0,1686,1.46368,0.594441,0.001152,0.059392,0.34192,2.06706,483.778,15000,0,6.13032
Suite_14,Deferred_Uber,0,1687,1.46823,0.589061,0.000832,0.059488,0.340096,2.07113,482.827,15000,0,6.12631
Suite_14,Deferred_Uber,0,1688,1.46706,0.584583,0.000768,0.059392,0.344064,2.07019,483.048,15000,0,6.12187
Suite_14,Deferred_Uber,0,1689,1.46634,0.602424,0.001792,0.059392,0.344256,2.06682,483.835,15000,0,6.117
Suite_14,Deferred_Uber,0,1690,1.45999,0.597491,9.6e-05,0.05904,0.339968,2.08409,479.826,15000,0,6.11171
Suite_14,Deferred_Uber,0,1691,1.4598,0.593367,0.00032,0.059424,0.335872,2.0709,482.881,15000,0,6.10597
Suite_14,Deferred_Uber,0,1692,1.45874,0.599311,0,0.059424,0.343808,2.06675,483.852,15000,0,6.09977
Suite_14,Deferred_Uber,0,1693,1.45671,0.595129,0.000704,0.059616,0.344288,2.07463,482.014,15000,0,6.09311
Suite_14,Deferred_Uber,0,1694,1.45797,0.593686,0.00176,0.059392,0.335616,2.06606,484.012,15000,0,6.08597
Suite_14,Deferred_Uber,0,1695,1.45747,0.588722,9.6e-05,0.059328,0.346112,2.06443,484.395,15000,0,6.07833
Suite_14,Deferred_Uber,0,1696,1.45954,0.602862,0,0.059136,0.341856,2.0592,485.626,15000,0,6.07018
Suite_14,Deferred_Uber,0,1697,1.45986,0.590785,0.001344,0.059392,0.341728,2.07744,481.361,15000,0,6.06149
Suite_14,Deferred_Uber,0,1698,1.46149,0.590376,0.00144,0.059392,0.34448,2.06476,484.317,15000,0,6.05224
Suite_14,Deferred_Uber,0,1699,1.46224,0.59578,0.001472,0.059392,0.338752,2.06469,484.335,15000,0,6.04243
Suite_14,Deferred_Uber,0,1700,1.45445,0.599897,0.001792,0.059392,0.336032,2.07173,482.688,15000,0,6.03202
Suite_14,Deferred_Uber,0,1701,1.47704,0.659737,0.000704,0.059296,0.337568,2.07375,482.219,15000,0,6.02101
Suite_14,Deferred_Uber,0,1702,1.45782,0.609321,0.00096,0.059392,0.337248,2.15589,463.845,15000,0,6.00937
Suite_14,Deferred_Uber,0,1703,1.45537,0.600136,0.00048,0.059392,0.352064,2.08236,480.224,15000,0,5.99708
Suite_14,Deferred_Uber,0,1704,1.4525,0.594779,0.001792,0.059392,0.33728,2.06896,483.334,15000,0,5.98413
Suite_14,Deferred_Uber,0,1705,1.45045,0.594589,0.000576,0.059264,0.344064,2.06199,484.968,15000,0,5.9705
Suite_14,Deferred_Uber,0,1706,1.44878,0.601527,0.001952,0.05824,0.345984,2.0596,485.532,15000,0,5.95619
Suite_14,Deferred_Uber,0,1707,1.45176,0.594435,0.00096,0.05824,0.347232,2.06344,484.629,15000,0,5.94117
Suite_14,Deferred_Uber,0,1708,1.45024,0.59155,0.001184,0.059392,0.344928,2.0596,485.531,15000,0,5.92543
Suite_14,Deferred_Uber,0,1709,1.45618,0.600663,0.000832,0.059232,0.342016,2.05671,486.214,15000,0,5.90897
Suite_14,Deferred_Uber,0,1710,1.44947,0.597321,0.000736,0.059264,0.347264,2.07937,480.915,15000,0,4.28177
Suite_14,Deferred_Uber,0,1711,1.45926,0.58683,0.001248,0.0592,0.336544,2.06007,485.419,15000,0,4.2897
Suite_14,Deferred_Uber,0,1712,1.45867,0.588917,0.000384,0.083968,0.374784,2.05885,485.708,15000,0,4.29639
Suite_14,Deferred_Uber,0,1713,1.45527,0.592074,0.000224,0.058816,0.344064,2.06292,484.749,15000,0,4.30187
Suite_14,Deferred_Uber,0,1714,1.4609,0.605238,0.00064,0.058976,0.333792,2.06246,484.858,15000,0,4.30612
Suite_14,Deferred_Uber,0,1715,1.44807,0.598091,0.00112,0.058816,0.331776,2.36364,423.076,15000,0,4.30916
Suite_14,Deferred_Uber,0,1716,1.45204,0.600671,0.00128,0.059392,0.346112,2.06047,485.326,15000,0,4.311
Suite_14,Deferred_Uber,0,1717,1.44738,0.593038,0.00192,0.058208,0.344288,2.06804,483.549,15000,0,4.31165
Suite_14,Deferred_Uber,0,1718,1.45263,0.589251,0.000928,0.057952,0.344064,2.05556,486.485,15000,0,4.31112
Suite_14,Deferred_Uber,0,1719,1.45443,0.615072,0.002048,0.058176,0.33824,2.05533,486.54,15000,0,3.38052
Suite_14,Deferred_Uber,0,1720,1.45706,0.599261,0.000416,0.05872,0.344064,2.085,479.616,15000,0,3.37578
Suite_14,Deferred_Uber,0,1721,1.44965,0.644526,0.000416,0.058496,0.344064,2.07238,482.537,15000,0,2.44525
Suite_14,Deferred_Uber,0,1722,1.45526,0.597184,0.001184,0.05872,0.343904,2.10924,474.105,15000,0,2.43627
Suite_14,Deferred_Uber,0,1723,1.45251,0.59012,0.001504,0.059392,0.347872,2.06708,483.774,15000,0,2.42651
Suite_14,Deferred_Uber,0,1724,1.45351,0.617472,0.001216,0.058944,0.343584,2.05616,486.343,15000,0,2.41598
Suite_14,Deferred_Uber,0,1725,1.45418,0.590438,0.000288,0.05856,0.342016,2.08906,478.685,15000,0,2.40472
Suite_14,Deferred_Uber,0,1726,1.45381,0.600826,0.001888,0.059392,0.344672,2.05982,485.479,15000,0,2.39275
Suite_14,Deferred_Uber,0,1727,1.45371,0.596453,0.00032,0.058752,0.344064,2.06846,483.452,15000,0,2.3801
Suite_14,Deferred_Uber,0,1728,1.45075,0.593456,0.000672,0.058624,0.342016,2.06377,484.549,15000,0,2.3668
Suite_14,Deferred_Uber,0,1729,1.45185,0.601483,0.001312,0.05856,0.345664,2.05865,485.756,15000,0,2.35288
Suite_14,Deferred_Uber,0,1730,1.45311,0.591261,0.002048,0.059552,0.346784,2.06808,483.54,15000,0,2.33838
Suite_14,Deferred_Uber,0,1731,1.44894,0.592243,0.00192,0.059392,0.34384,2.05685,486.181,15000,0,2.32331
Suite_14,Deferred_Uber,0,1732,1.45365,0.594073,0.001376,0.083328,0.36448,2.05394,486.869,15000,0,2.30772
Suite_14,Deferred_Uber,0,1733,1.44982,0.596181,0.000576,0.059136,0.362432,2.06273,484.793,15000,0,2.29164
Suite_14,Deferred_Uber,0,1734,1.45351,0.592561,0.00144,0.059104,0.347808,2.06059,485.298,15000,0,2.27509
Suite_14,Deferred_Uber,0,1735,1.45472,0.589231,0.000736,0.058976,0.342016,2.05871,485.741,15000,0,2.25811
Suite_14,Deferred_Uber,0,1736,1.44938,0.600561,0.001952,0.057632,0.346592,2.05655,486.252,15000,0,2.24072
Suite_14,Deferred_Uber,0,1737,1.44705,0.585946,0.002048,0.057952,0.342464,2.06505,484.25,15000,0,0
Suite_14,Deferred_Uber,0,1738,1.45279,0.586218,0.000992,0.057696,0.343264,2.04768,488.357,15000,0,0
Suite_14,Deferred_Uber,0,1739,1.45226,0.592691,0.002048,0.058048,0.33936,2.05893,485.689,15000,0,0
Suite_14,Deferred_Uber,0,1740,1.46128,0.589552,0.002048,0.057728,0.34064,2.05879,485.722,15000,0,0
Suite_14,Deferred_Uber,0,1741,1.45727,0.586991,0.002048,0.058176,0.33632,2.0659,484.05,15000,0,0
Suite_14,Deferred_Uber,0,1742,1.45871,0.586382,0.00192,0.059392,0.336512,2.05823,485.854,15000,0,0
Suite_14,Deferred_Uber,0,1743,1.46448,0.594789,0.001024,0.05856,0.337792,2.05754,486.017,15000,0,0
Suite_14,Deferred_Uber,0,1744,1.45158,0.600795,0.000832,0.058912,0.349792,2.07202,482.62,15000,0,0
Suite_14,Deferred_Uber,0,1745,1.45535,0.589313,0.002048,0.057952,0.341888,2.07093,482.875,15000,0,0
Suite_14,Deferred_Uber,0,1746,1.45539,0.608706,0.001792,0.059392,0.339968,2.05824,485.851,15000,0,0
Suite_14,Deferred_Uber,0,1747,1.45574,0.593896,0.001824,0.059392,0.341568,2.07838,481.144,15000,0,0
Suite_14,Deferred_Uber,0,1748,1.45877,0.594116,0.001824,0.058912,0.346112,2.06267,484.809,15000,0,0
Suite_14,Deferred_Uber,0,1749,1.45604,0.598853,0.002048,0.05792,0.346304,2.06711,483.768,15000,0,0
Suite_14,Deferred_Uber,0,1750,1.45893,0.596384,0.002048,0.058752,0.341632,2.06956,483.194,15000,0,0
Suite_14,Deferred_Uber,0,1751,1.45815,0.592937,0.002048,0.058144,0.341792,2.06812,483.531,15000,0,0
Suite_14,Deferred_Uber,0,1752,1.46486,0.587519,0.00192,0.059392,0.333824,2.06373,484.559,15000,0,0
Suite_14,Deferred_Uber,0,1753,1.46874,0.593686,0.001984,0.059168,0.338016,2.06704,483.784,15000,0,0
Suite_14,Deferred_Uber,0,1754,1.46614,0.589935,0.002048,0.058944,0.344704,2.07742,481.366,15000,0,0
Suite_14,Deferred_Uber,0,1755,1.46272,0.582759,0.002048,0.058112,0.3352,2.06864,483.409,15000,0,0
Suite_14,Deferred_Uber,0,1756,1.46145,0.593175,0.002048,0.059328,0.344064,2.05772,485.974,15000,0,0
Suite_14,Deferred_Uber,0,1757,1.46386,0.587165,0.002112,0.059392,0.344064,2.07013,483.062,15000,0,0
Suite_14,Deferred_Uber,0,1758,1.46595,0.62551,0.003136,0.059392,0.344128,2.06535,484.18,15000,0,0
Suite_14,Deferred_Uber,0,1759,1.46517,0.604767,0.00224,0.059488,0.3432,2.10377,475.337,15000,0,0
Suite_14,Deferred_Uber,0,1760,1.46637,0.594352,0.002048,0.06144,0.353792,2.08389,479.871,15000,0,0
Suite_14,Deferred_Uber,0,1761,1.46219,0.599228,0.002336,0.059552,0.342016,2.07505,481.915,15000,0,0
Suite_14,Deferred_Uber,0,1762,1.46596,0.618176,0.003104,0.059392,0.342336,2.07668,481.537,15000,0,0
Suite_14,Deferred_Uber,0,1763,1.47473,0.606111,0.002368,0.059136,0.339968,2.09834,476.566,15000,0,0
Suite_14,Deferred_Uber,0,1764,1.46894,0.59586,0.002048,0.059392,0.351968,2.09415,477.521,15000,0,0
Suite_14,Deferred_Uber,0,1765,1.47161,0.583616,0.002528,0.060416,0.346144,2.07991,480.791,15000,0,0
Suite_14,Deferred_Uber,0,1766,1.47958,0.595678,0.002048,0.059488,0.349824,2.06863,483.411,15000,0,0
Suite_14,Deferred_Uber,0,1767,1.47066,0.587373,0.002048,0.059392,0.34704,2.09505,477.315,15000,0,0
Suite_14,Deferred_Uber,0,1768,1.47609,0.603077,0.002528,0.059552,0.341696,2.0708,482.906,15000,0,0
Suite_14,Deferred_Uber,0,1769,1.47961,0.592932,0.002688,0.0592,0.344064,2.09341,477.689,15000,0,0
Suite_14,Deferred_Uber,0,1770,1.4796,0.592553,0.003616,0.059904,0.346912,2.08703,479.15,15000,0,0
Suite_14,Deferred_Uber,0,1771,1.47552,0.588644,0.00384,0.059264,0.339712,2.08487,479.646,15000,0,0
Suite_14,Deferred_Uber,0,1772,1.47349,0.605357,0.003904,0.059488,0.339808,2.07723,481.411,15000,0,0
Suite_14,Deferred_Uber,0,1773,1.48826,0.619077,0.003264,0.059392,0.344768,2.09796,476.653,15000,0,0
Suite_14,Deferred_Uber,0,1774,1.48623,0.59809,0.0024,0.059392,0.33792,2.12396,470.819,15000,0,0
Suite_14,Deferred_Uber,0,1775,1.48141,0.589482,0.003456,0.059392,0.340256,2.09698,476.876,15000,0,0
Suite_14,Deferred_Uber,0,1776,1.48467,0.604393,0.00256,0.059424,0.339968,2.08324,480.022,15000,0,0
Suite_14,Deferred_Uber,0,1777,1.49223,0.589525,0.002336,0.059392,0.347872,2.10557,474.931,15000,0,0
Suite_14,Deferred_Uber,0,1778,1.49481,0.58983,0.002912,0.059488,0.351584,2.09577,477.153,15000,0,0
Suite_14,Deferred_Uber,0,1779,1.49054,0.591987,0.0024,0.059392,0.346112,2.09709,476.851,15000,0,0
Suite_14,Deferred_Uber,0,1780,1.49647,0.598128,0.003744,0.05984,0.354304,2.09681,476.914,15000,0,0
Suite_14,Deferred_Uber,0,1781,1.49168,0.589799,0.002784,0.059488,0.346112,2.10869,474.227,15000,0,0
Suite_14,Deferred_Uber,0,1782,1.49602,0.591143,0.00272,0.059392,0.339968,2.09506,477.312,15000,0,0
Suite_14,Deferred_Uber,0,1783,1.4963,0.595233,0.004096,0.059584,0.343776,2.10036,476.11,15000,0,0
Suite_14,Deferred_Uber,0,1784,1.4943,0.593806,0.004096,0.05984,0.352256,2.10471,475.124,15000,0,0
Suite_14,Deferred_Uber,0,1785,1.4986,0.588436,0.004096,0.059392,0.352352,2.1023,475.67,15000,0,0
Suite_14,Deferred_Uber,0,1786,1.50358,0.594204,0.003968,0.060032,0.34144,2.10034,476.114,15000,0,0
Suite_14,Deferred_Uber,0,1787,1.50844,0.586589,0.00384,0.06064,0.34352,2.11165,473.563,15000,0,0
Suite_14,Deferred_Uber,0,1788,1.50564,0.586606,0.004096,0.060416,0.346112,2.10828,474.32,15000,0,0
Suite_14,Deferred_Uber,0,1789,1.50782,0.592259,0.003904,0.059776,0.351808,2.10713,474.579,15000,0,0
Suite_14,Deferred_Uber,0,1790,1.50984,0.591194,0.005248,0.061152,0.347872,2.11523,472.761,15000,0,0
Suite_14,Deferred_Uber,0,1791,1.51271,0.591196,0.004096,0.05952,0.34208,2.11375,473.093,15000,0,0
Suite_14,Deferred_Uber,0,1792,1.50827,0.592325,0.004352,0.0688,0.364544,2.11681,472.409,15000,0,0
Suite_14,Deferred_Uber,0,1793,1.51548,0.594784,0.004544,0.060128,0.3504,2.11576,472.644,15000,0,0
Suite_14,Deferred_Uber,0,1794,1.51109,0.599196,0.004448,0.059904,0.34992,2.12489,470.612,15000,0,0
Suite_14,Deferred_Uber,0,1795,1.52207,0.587515,0.004384,0.059744,0.3432,2.13088,469.291,15000,0,0
Suite_14,Deferred_Uber,0,1796,1.5256,0.592725,0.00512,0.06064,0.349024,2.12319,470.99,15000,0,0
Suite_14,Deferred_Uber,0,1797,1.51838,0.584111,0.004096,0.06112,0.355232,2.13376,468.655,15000,0,0
Suite_14,Deferred_Uber,0,1798,1.52757,0.602464,0.004096,0.061184,0.352384,2.11667,472.441,15000,0,0
Suite_14,Deferred_Uber,0,1799,1.52811,0.603074,0.004928,0.05952,0.34,2.14326,466.579,15000,0,0
Suite_14,Deferred_Uber,0,1800,1.52987,0.592999,0.004864,0.061056,0.352256,2.14494,466.214,15000,0,0
Suite_14,Deferred_Uber,0,1801,1.52711,0.592069,0.00528,0.061376,0.351296,2.13805,467.716,15000,0,0
Suite_14,Deferred_Uber,0,1802,1.53676,0.595197,0.0056,0.060352,0.347008,2.13337,468.741,15000,0,0
Suite_14,Deferred_Uber,0,1803,1.53678,0.585538,0.005888,0.05984,0.349472,2.14613,465.956,15000,0,0
Suite_14,Deferred_Uber,0,1804,1.54153,0.590422,0.005568,0.060064,0.34576,2.13542,468.292,15000,0,0
Suite_14,Deferred_Uber,0,1805,1.54191,0.596115,0.006144,0.08384,0.371168,2.14751,465.654,15000,0,0
Suite_14,Deferred_Uber,0,1806,1.54504,0.601596,0.006144,0.086016,0.377472,2.15301,464.465,15000,0,0
Suite_14,Deferred_Uber,0,1807,1.53856,0.593474,0.00592,0.06032,0.34928,2.16554,461.778,15000,0,0
Suite_14,Deferred_Uber,0,1808,1.54607,0.594136,0.006016,0.060416,0.350144,2.14513,466.172,15000,0,0
Suite_14,Deferred_Uber,0,1809,1.54932,0.593381,0.006144,0.06144,0.356352,2.1556,463.908,15000,0,0
Suite_14,Deferred_Uber,0,1810,1.55653,0.588674,0.006144,0.060832,0.353152,2.15714,463.576,15000,0,0
Suite_14,Deferred_Uber,0,1811,1.55707,0.588788,0.006144,0.06144,0.346432,2.15881,463.219,15000,0,0
Suite_14,Deferred_Uber,0,1812,1.55039,0.597621,0.007392,0.06144,0.34448,2.15802,463.387,15000,0,0
Suite_14,Deferred_Uber,0,1813,1.55503,0.590991,0.006656,0.059744,0.354304,2.16312,462.296,15000,0,0
Suite_14,Deferred_Uber,0,1814,1.56174,0.592528,0.006144,0.06144,0.342848,2.15971,463.025,15000,0,0
Suite_14,Deferred_Uber,0,1815,1.5711,0.594476,0.007296,0.06144,0.353088,2.1669,461.488,15000,0,0
Suite_14,Deferred_Uber,0,1816,1.57116,0.591155,0.006272,0.062912,0.357952,2.17889,458.95,15000,0,0
Suite_14,Deferred_Uber,0,1817,1.57227,0.591902,0.006144,0.06144,0.354304,2.17757,459.228,15000,0,0
Suite_14,Deferred_Uber,0,1818,1.57624,0.599232,0.008064,0.06112,0.350528,2.17752,459.237,15000,0,0
Suite_14,Deferred_Uber,0,1819,1.57566,0.5915,0.007904,0.061888,0.35568,2.18926,456.776,15000,0,0
Suite_14,Deferred_Uber,0,1820,1.58857,0.617311,0.007072,0.06144,0.356352,2.18011,458.692,15000,0,0
Suite_14,Deferred_Uber,0,1821,1.58734,0.597848,0.007936,0.086816,0.393184,2.2227,449.903,15000,0,0
Suite_14,Deferred_Uber,0,1822,1.58623,0.601138,0.008192,0.06352,0.366816,2.20174,454.185,15000,0,0
Suite_14,Deferred_Uber,0,1823,1.58893,0.607649,0.008192,0.0632,0.358048,2.20049,454.445,15000,0,0
Suite_14,Deferred_Uber,0,1824,1.59127,0.598562,0.008192,0.061472,0.352864,2.21731,450.998,15000,0,0
Suite_14,Deferred_Uber,0,1825,1.59766,0.593369,0.008192,0.061664,0.372736,2.20571,453.369,15000,0,0
Suite_14,Deferred_Uber,0,1826,1.59064,0.588726,0.008384,0.061888,0.355392,2.2052,453.473,15000,0,0
Suite_14,Deferred_Uber,0,1827,1.59872,0.590042,0.009728,0.061856,0.349632,2.19175,456.256,15000,0,0
Suite_14,Deferred_Uber,0,1828,1.59882,0.602785,0.0088,0.061792,0.3584,2.20096,454.347,15000,0,0
Suite_14,Deferred_Uber,0,1829,1.59894,0.594137,0.008864,0.061664,0.3584,2.21646,451.17,15000,0,0
Suite_14,Deferred_Uber,0,1830,1.61539,0.584978,0.008384,0.063264,0.349856,2.20706,453.092,15000,0,0
Suite_14,Deferred_Uber,0,1831,1.61394,0.594714,0.01024,0.06176,0.358496,2.21255,451.967,15000,0,0
Suite_14,Deferred_Uber,0,1832,1.61469,0.591573,0.008352,0.063008,0.356352,2.2223,449.985,15000,0,0
Suite_14,Deferred_Uber,0,1833,1.61672,0.590433,0.009024,0.06304,0.361664,2.22098,450.251,15000,0,0
Suite_14,Deferred_Uber,0,1834,1.62189,0.599509,0.01024,0.063168,0.358016,2.22109,450.229,15000,0,0
Suite_14,Deferred_Uber,0,1835,1.63271,0.590081,0.010112,0.06336,0.359392,2.23528,447.372,15000,0,0
Suite_14,Deferred_Uber,0,1836,1.63017,0.592478,0.010592,0.064576,0.352256,2.24196,446.039,15000,0,0
Suite_14,Deferred_Uber,0,1837,1.62857,0.60621,0.011712,0.063584,0.356416,2.23774,446.88,15000,0,0
Suite_14,Deferred_Uber,0,1838,1.63126,0.604045,0.011328,0.064992,0.36288,2.25052,444.342,15000,0,0
Suite_14,Deferred_Uber,0,1839,1.64296,0.591063,0.010528,0.063744,0.352256,2.24949,444.545,15000,0,0
Suite_14,Deferred_Uber,0,1840,1.64589,0.610746,0.01136,0.064672,0.35856,2.24666,445.105,15000,0,0
Suite_14,Deferred_Uber,0,1841,1.63838,0.593389,0.011136,0.064608,0.36848,2.27302,439.943,15000,0,0
Suite_14,Deferred_Uber,0,1842,1.64887,0.587435,0.0104,0.063488,0.361696,2.24577,445.282,15000,0,0
Suite_14,Deferred_Uber,0,1843,1.67442,0.657828,0.01088,0.063488,0.360448,2.24907,444.628,15000,0,0
Suite_14,Deferred_Uber,0,1844,1.66066,0.598613,0.012288,0.06464,0.365536,2.34964,425.598,15000,0,0
Suite_14,Deferred_Uber,0,1845,1.65351,0.59256,0.011872,0.065024,0.360192,2.27521,439.519,15000,0,0
Suite_14,Deferred_Uber,0,1846,1.66357,0.595854,0.012288,0.063648,0.35312,2.25962,442.553,15000,0,0
Suite_14,Deferred_Uber,0,1847,1.66103,0.592179,0.012288,0.065536,0.359936,2.27384,439.785,15000,0,0
Suite_14,Deferred_Uber,0,1848,1.65753,0.592671,0.012448,0.064832,0.369952,2.26595,441.316,15000,0,0
Suite_14,Deferred_Uber,0,1849,1.66273,0.596403,0.012704,0.064512,0.356416,2.2641,441.676,15000,0,0
Suite_14,Deferred_Uber,0,1850,1.67391,0.588604,0.013856,0.066048,0.363712,2.27396,439.761,15000,0,0
Suite_14,Deferred_Uber,0,1851,1.67219,0.5915,0.013824,0.065536,0.36592,2.27505,439.55,15000,0,0
Suite_14,Deferred_Uber,0,1852,1.66993,0.603243,0.012576,0.06528,0.36,2.28556,437.53,15000,0,0
Suite_14,Deferred_Uber,0,1853,1.68024,0.589939,0.014336,0.065536,0.366368,2.28924,436.826,15000,0,0
Suite_14,Deferred_Uber,0,1854,1.67995,0.589116,0.014336,0.065568,0.360192,2.28475,437.685,15000,0,0
Suite_14,Deferred_Uber,0,1855,1.68421,0.591885,0.013984,0.065536,0.397312,2.28197,438.218,15000,0,0
Suite_14,Deferred_Uber,0,1856,1.68668,0.596006,0.015104,0.070848,0.3752,2.28945,436.787,15000,0,0
Suite_14,Deferred_Uber,0,1857,1.69414,0.585808,0.014336,0.066624,0.360096,2.29791,435.179,15000,0,0
Suite_14,Deferred_Uber,0,1858,1.69039,0.597092,0.015392,0.09152,0.384672,2.29409,435.902,15000,0,0
Suite_14,Deferred_Uber,0,1859,1.69129,0.594838,0.01664,0.07152,0.374784,2.30105,434.583,15000,0,0
Suite_14,Deferred_Uber,0,1860,1.69237,0.587115,0.01472,0.065536,0.362176,2.29953,434.872,15000,0,0
Suite_14,Deferred_Uber,0,1861,1.69878,0.595477,0.01632,0.066048,0.37248,2.29449,435.826,15000,0,0
Suite_14,Deferred_Uber,0,1862,1.70079,0.596508,0.015232,0.0656,0.39456,2.30919,433.052,15000,0,0
Suite_14,Deferred_Uber,0,1863,1.70767,0.587893,0.015872,0.066048,0.364608,2.31018,432.867,15000,0,0
Suite_14,Deferred_Uber,0,1864,1.70865,0.626992,0.016192,0.089248,0.393216,2.30823,433.232,15000,0,0
Suite_14,Deferred_Uber,0,1865,1.71139,0.598693,0.018432,0.071104,0.382976,2.35275,425.034,15000,0,0
Suite_14,Deferred_Uber,0,1866,1.7097,0.589085,0.016448,0.067584,0.372736,2.32459,430.183,15000,0,0
Suite_14,Deferred_Uber,0,1867,1.71643,0.594569,0.017472,0.093888,0.393312,2.31128,432.66,15000,0,0
Suite_14,Deferred_Uber,0,1868,1.71412,0.59836,0.018432,0.07168,0.382624,2.33093,429.013,15000,0,0
Suite_14,Deferred_Uber,0,1869,1.7162,0.586725,0.017888,0.066272,0.371296,2.32748,429.649,15000,0,0
Suite_14,Deferred_Uber,0,1870,1.71578,0.597648,0.018016,0.089056,0.405536,2.31648,431.689,15000,0,0
Suite_14,Deferred_Uber,0,1871,1.72471,0.594863,0.022112,0.072288,0.376928,2.32682,429.772,15000,0,0
Suite_14,Deferred_Uber,0,1872,1.72748,0.587096,0.018432,0.067488,0.37088,2.33211,428.796,15000,0,0
Suite_14,Deferred_Uber,0,1873,1.72747,0.59155,0.02032,0.068608,0.390272,2.32854,429.453,15000,0,0
Suite_14,Deferred_Uber,0,1874,1.73334,0.596775,0.018432,0.068256,0.37424,2.33415,428.422,15000,0,0
Suite_14,Deferred_Uber,0,1875,1.73375,0.587186,0.018976,0.06944,0.376832,2.34288,426.825,15000,0,0
Suite_14,Deferred_Uber,0,1876,1.73942,0.592518,0.018848,0.067968,0.376512,2.3335,428.54,15000,0,0
Suite_14,Deferred_Uber,0,1877,1.7389,0.595122,0.019072,0.069152,0.382784,2.35235,425.106,15000,0,0
Suite_14,Deferred_Uber,0,1878,1.74609,0.599131,0.019936,0.069408,0.375296,2.34862,425.783,15000,0,0
Suite_14,Deferred_Uber,0,1879,1.74592,0.600234,0.02016,0.06848,0.382944,2.35927,423.861,15000,0,0
Suite_14,Deferred_Uber,0,1880,1.74881,0.595849,0.01904,0.069472,0.38112,2.36076,423.592,15000,0,0
Suite_14,Deferred_Uber,0,1881,1.74771,0.587431,0.02048,0.06816,0.379488,2.36579,422.692,15000,0,0
Suite_14,Deferred_Uber,0,1882,1.75137,0.600586,0.020736,0.069632,0.374112,2.34946,425.63,15000,0,0
Suite_14,Deferred_Uber,0,1883,1.75004,0.595967,0.024192,0.069632,0.38912,2.36617,422.624,15000,0,0
Suite_14,Deferred_Uber,0,1884,1.75789,0.598885,0.02048,0.069248,0.377376,2.35951,423.816,15000,0,0
Suite_14,Deferred_Uber,0,1885,1.76384,0.599966,0.022016,0.068544,0.375296,2.37426,421.185,15000,0,0
Suite_14,Deferred_Uber,0,1886,1.75854,0.589562,0.022304,0.0696,0.374976,2.37918,420.313,15000,0,0
Suite_14,Deferred_Uber,0,1887,1.76592,0.5851,0.022336,0.06992,0.381504,2.36132,423.491,15000,0,0
Suite_14,Deferred_Uber,0,1888,1.7619,0.605056,0.021216,0.070688,0.378784,2.36402,423.007,15000,0,0
Suite_14,Deferred_Uber,0,1889,1.76192,0.595571,0.022528,0.069504,0.373152,2.38379,419.501,15000,0,0
Suite_14,Deferred_Uber,0,1890,1.76918,0.593389,0.022528,0.069536,0.375616,2.37229,421.534,15000,0,0
Suite_14,Deferred_Uber,0,1891,1.76774,0.60011,0.023872,0.069696,0.378336,2.37561,420.944,15000,0,0
Suite_14,Deferred_Uber,0,1892,1.77282,0.589179,0.022528,0.069632,0.3832,2.38232,419.758,15000,0,0
Suite_14,Deferred_Uber,0,1893,1.78106,0.591762,0.024256,0.070048,0.37456,2.3776,420.592,15000,0,0
Suite_14,Deferred_Uber,0,1894,1.7834,0.59777,0.024416,0.069824,0.387488,2.38677,418.976,15000,0,0
Suite_14,Deferred_Uber,0,1895,1.7802,0.590294,0.023008,0.069632,0.38912,2.39514,417.513,15000,0,0
Suite_14,Deferred_Uber,0,1896,1.784,0.589074,0.024576,0.07072,0.389344,2.38368,419.519,15000,0,0
Suite_14,Deferred_Uber,0,1897,1.78884,0.594132,0.024544,0.070208,0.386912,2.38702,418.933,15000,0,0
Suite_14,Deferred_Uber,0,1898,1.79022,0.592903,0.024576,0.069856,0.377376,2.398,417.015,15000,0,0
Suite_14,Deferred_Uber,0,1899,1.79177,0.583071,0.025888,0.07168,0.383456,2.39703,417.182,15000,0,0
Suite_14,Deferred_Uber,0,1900,1.7909,0.596439,0.025152,0.070912,0.38912,2.38759,418.832,15000,0,0
Suite_14,Deferred_Uber,0,1901,1.79472,0.591859,0.025152,0.071584,0.38912,2.40314,416.123,15000,0,0
Suite_14,Deferred_Uber,0,1902,1.79369,0.582875,0.025824,0.07168,0.376832,2.40081,416.526,15000,0,0
Suite_14,Deferred_Uber,0,1903,1.79634,0.59733,0.02624,0.07168,0.38256,2.38955,418.489,15000,0,0
Suite_14,Deferred_Uber,0,1904,1.79449,0.588115,0.026624,0.07168,0.383424,2.40743,415.381,15000,0,0
Suite_14,Deferred_Uber,0,1905,1.80779,0.587787,0.026624,0.071552,0.40432,2.39745,417.11,15000,0,0
Suite_14,Deferred_Uber,0,1906,1.8069,0.60291,0.027008,0.098112,0.417728,2.40885,415.136,15000,0,0
Suite_14,Deferred_Uber,0,1907,1.81972,0.619721,0.026624,0.07168,0.391584,2.42382,412.572,15000,0,0
Suite_14,Deferred_Uber,0,1908,1.81771,0.605425,0.026848,0.077472,0.395008,2.45448,407.418,15000,0,0
Suite_14,Deferred_Uber,0,1909,1.81107,0.593191,0.028672,0.072768,0.395872,2.44605,408.823,15000,0,0
Suite_14,Deferred_Uber,0,1910,1.8195,0.595777,0.028672,0.072864,0.393856,2.41852,413.477,15000,0,0
Suite_14,Deferred_Uber,0,1911,1.8146,0.593524,0.028672,0.073152,0.398176,2.42812,411.841,15000,0,0
Suite_14,Deferred_Uber,0,1912,1.82133,0.594161,0.029824,0.073696,0.393344,2.42124,413.011,15000,0,0
Suite_14,Deferred_Uber,0,1913,1.81669,0.590546,0.028672,0.073184,0.39936,2.42981,411.555,15000,0,0
Suite_14,Deferred_Uber,0,1914,1.83052,0.594938,0.029984,0.072672,0.395648,2.42076,413.093,15000,0,0
Suite_14,Deferred_Uber,0,1915,1.82891,0.592011,0.029216,0.073888,0.393216,2.43955,409.911,15000,0,0
Suite_14,Deferred_Uber,0,1916,1.82895,0.586028,0.029376,0.07392,0.387168,2.43401,410.845,15000,0,0
Suite_14,Deferred_Uber,0,1917,1.83816,0.600642,0.030464,0.073888,0.398912,2.43006,411.512,15000,0,0
Suite_14,Deferred_Uber,0,1918,1.83675,0.592475,0.029312,0.073728,0.397312,2.45992,406.517,15000,0,0
Suite_14,Deferred_Uber,0,1919,1.83814,0.5888,0.030528,0.07392,0.397312,2.44305,409.324,15000,0,0
Suite_14,Deferred_Uber,0,1920,1.83769,0.601706,0.030816,0.073856,0.38912,2.4396,409.904,15000,0,0
Suite_14,Deferred_Uber,0,1921,1.83888,0.592869,0.030848,0.075392,0.397248,2.45503,407.326,15000,0,0
Suite_14,Deferred_Uber,0,1922,1.8435,0.596963,0.031072,0.074144,0.393216,2.44609,408.815,15000,0,0
Suite_14,Deferred_Uber,0,1923,1.84389,0.598532,0.031008,0.07376,0.41984,2.45389,407.517,15000,0,0
Suite_14,Deferred_Uber,0,1924,1.84841,0.600916,0.03184,0.07552,0.391712,2.45685,407.025,15000,0,0
Suite_14,Deferred_Uber,0,1925,1.84407,0.591489,0.032608,0.100896,0.417376,2.46471,405.728,15000,0,0
Suite_14,Deferred_Uber,0,1926,1.84965,0.603846,0.031392,0.075776,0.398464,2.4507,408.047,15000,0,0
Suite_14,Deferred_Uber,0,1927,1.8486,0.594978,0.032512,0.075776,0.404864,2.46797,405.191,15000,0,0
Suite_14,Deferred_Uber,0,1928,1.85204,0.603976,0.032736,0.075776,0.405504,2.45739,406.936,15000,0,0
Suite_14,Deferred_Uber,0,1929,1.86029,0.587622,0.033824,0.075776,0.403616,2.47246,404.455,15000,0,0
Suite_14,Deferred_Uber,0,1930,1.85565,0.592022,0.032928,0.075776,0.405504,2.46237,406.114,15000,0,0
Suite_14,Deferred_Uber,0,1931,1.85604,0.594352,0.033536,0.076256,0.399424,2.46049,406.422,15000,0,0
Suite_14,Deferred_Uber,0,1932,1.86971,0.594426,0.033824,0.075776,0.39936,2.46461,405.743,15000,0,0
Suite_14,Deferred_Uber,0,1933,1.86796,0.58823,0.033376,0.075776,0.403328,2.47998,403.229,15000,0,0
Suite_14,Deferred_Uber,0,1934,1.87097,0.599796,0.034816,0.075776,0.40208,2.46993,404.87,15000,0,0
Suite_14,Deferred_Uber,0,1935,1.86731,0.59311,0.033536,0.075776,0.403168,2.48438,402.514,15000,0,0
Suite_14,Deferred_Uber,0,1936,1.87549,0.589285,0.034656,0.077408,0.403264,2.47369,404.255,15000,0,0
Suite_14,Deferred_Uber,0,1937,1.8654,0.596606,0.0352,0.076416,0.407552,2.47995,403.234,15000,0,0
Suite_14,Deferred_Uber,0,1938,1.87484,0.588614,0.0352,0.076224,0.404736,2.48517,402.387,15000,0,0
Suite_14,Deferred_Uber,0,1939,1.87495,0.590507,0.035168,0.075968,0.425984,2.47741,403.648,15000,0,0
Suite_14,Deferred_Uber,0,1940,1.88512,0.596229,0.03488,0.077056,0.408768,2.47829,403.505,15000,0,0
Suite_14,Deferred_Uber,0,1941,1.88368,0.592344,0.035232,0.077696,0.403456,2.49749,400.401,15000,0,0
Suite_14,Deferred_Uber,0,1942,1.88323,0.596986,0.03664,0.076512,0.404096,2.49038,401.545,15000,0,0
Suite_14,Deferred_Uber,0,1943,1.88288,0.592725,0.036672,0.076352,0.40432,2.49442,400.895,15000,0,0
Suite_14,Deferred_Uber,0,1944,1.8893,0.598097,0.036608,0.077536,0.410784,2.48928,401.723,15000,0,0
Suite_14,Deferred_Uber,0,1945,1.88889,0.606408,0.0368,0.079328,0.407552,2.50315,399.496,15000,0,0
Suite_14,Deferred_Uber,0,1946,1.88859,0.591358,0.036864,0.077568,0.406208,2.51135,398.193,15000,0,0
Suite_14,Deferred_Uber,0,1947,1.89368,0.600771,0.03728,0.078176,0.411104,2.49362,401.023,15000,0,0
Suite_14,Deferred_Uber,0,1948,1.90246,0.615259,0.0384,0.078208,0.405792,2.50967,398.458,15000,0,0
Suite_14,Deferred_Uber,0,1949,1.8958,0.594156,0.036864,0.077824,0.405504,2.53521,394.445,15000,0,0
Suite_14,Deferred_Uber,0,1950,1.90323,0.589865,0.038848,0.077824,0.405504,2.50445,399.29,15000,0,0
Suite_14,Deferred_Uber,0,1951,1.89627,0.601464,0.038048,0.079232,0.413696,2.5061,399.026,15000,0,0
Suite_14,Deferred_Uber,0,1952,1.90048,0.597105,0.038336,0.078112,0.40704,2.51153,398.163,15000,0,0
Suite_14,Deferred_Uber,0,1953,1.89626,0.597324,0.0376,0.079424,0.41376,2.51304,397.924,15000,0,0
Suite_14,Deferred_Uber,0,1954,1.89839,0.592136,0.038944,0.078816,0.407552,2.50864,398.623,15000,0,0
Suite_14,Deferred_Uber,0,1955,1.89559,0.591651,0.038912,0.078336,0.4096,2.50391,399.375,15000,0,0
Suite_14,Deferred_Uber,0,1956,1.89718,0.612303,0.038912,0.079392,0.40848,2.49956,400.071,15000,0,0
Suite_14,Deferred_Uber,0,1957,1.89523,0.592078,0.038912,0.079872,0.409952,2.52486,396.062,15000,0,0
Suite_14,Deferred_Uber,0,1958,1.90758,0.591672,0.040192,0.079872,0.411392,2.50124,399.802,15000,0,0
Suite_14,Deferred_Uber,0,1959,1.90373,0.599602,0.038976,0.079872,0.418976,2.51202,398.086,15000,0,0
Suite_14,Deferred_Uber,0,1960,1.90446,0.599273,0.038944,0.079744,0.414688,2.51737,397.24,15000,0,0
Suite_14,Deferred_Uber,0,1961,1.90596,0.596068,0.039328,0.079872,0.411616,2.51914,396.961,15000,0,0
Suite_14,Deferred_Uber,0,1962,1.90878,0.606035,0.040352,0.079776,0.435936,2.51766,397.195,15000,0,0
Suite_14,Deferred_Uber,0,1963,1.91426,0.595542,0.040448,0.079776,0.4168,2.52903,395.408,15000,0,0
Suite_14,Deferred_Uber,0,1964,1.91205,0.59467,0.054848,0.084896,0.436224,2.52397,396.202,15000,0,0
Suite_14,Deferred_Uber,0,1965,1.9136,0.600958,0.04096,0.079904,0.42256,2.52315,396.33,15000,0,0
Suite_14,Deferred_Uber,0,1966,1.91174,0.600364,0.04096,0.079584,0.413984,2.53748,394.091,15000,0,0
Suite_14,Deferred_Uber,0,1967,1.91793,0.60518,0.04128,0.080448,0.421408,2.52601,395.881,15000,0,0
Suite_14,Deferred_Uber,0,1968,1.93229,0.661357,0.04096,0.081088,0.415904,2.53901,393.854,15000,0,0
Suite_14,Deferred_Uber,0,1969,1.92478,0.591062,0.04096,0.081152,0.416512,2.6139,382.571,15000,0,0
Suite_14,Deferred_Uber,0,1970,1.91823,0.607791,0.041504,0.082208,0.421888,2.53064,395.157,15000,0,0.152971
Suite_14,Deferred_Uber,0,1971,1.91912,0.59679,0.042784,0.082592,0.421024,2.54035,393.647,15000,0,0.153258
Suite_14,Deferred_Uber,0,1972,1.90906,0.592798,0.04192,0.083584,0.41984,2.52964,395.314,15000,0,0.153549
Suite_14,Deferred_Uber,0,1973,1.91857,0.600963,0.042304,0.083968,0.421888,2.51669,397.347,15000,0,0.153844
Suite_14,Deferred_Uber,0,1974,1.91773,0.597356,0.043008,0.082112,0.427872,2.53444,394.565,15000,0,0.154142
Suite_14,Deferred_Uber,0,1975,1.92389,0.60892,0.043008,0.083936,0.420704,2.52864,395.469,15000,0,0.154445
Suite_14,Deferred_Uber,0,1976,1.92281,0.592308,0.042784,0.083552,0.417792,2.54817,392.438,15000,0,0.154751
Suite_14,Deferred_Uber,0,1977,1.91939,0.592954,0.0432,0.0824,0.421408,2.53085,395.124,15000,0,0.155061
Suite_14,Deferred_Uber,0,1978,1.9201,0.600687,0.043008,0.083264,0.424,2.52681,395.755,15000,0,0.155374
Suite_14,Deferred_Uber,0,1979,1.92679,0.59381,0.043168,0.08464,0.429088,2.53532,394.428,15000,0,0.329982
Suite_14,Deferred_Uber,0,1980,1.92046,0.588314,0.043488,0.086336,0.428032,2.53419,394.603,15000,0,0.330658
Suite_14,Deferred_Uber,0,1981,1.92499,0.601754,0.044256,0.086016,0.426496,2.52424,396.16,15000,0,0.331343
Suite_14,Deferred_Uber,0,1982,1.93941,0.591028,0.044352,0.089952,0.428512,2.5419,393.407,15000,0,0.429205
Suite_14,Deferred_Uber,0,1983,1.92957,0.593323,0.04368,0.088096,0.450016,2.54505,392.92,15000,0,0.430066
Suite_14,Deferred_Uber,0,1984,1.93548,0.600305,0.044224,0.11264,0.454656,2.53612,394.302,15000,0,0.430939
Suite_14,Deferred_Uber,0,1985,1.92685,0.595393,0.043712,0.089888,0.428032,2.55207,391.839,15000,0,0.431821
Suite_14,Deferred_Uber,0,1986,1.93075,0.60031,0.043872,0.090112,0.4384,2.53699,394.168,15000,0,0.432714
Suite_14,Deferred_Uber,0,1987,1.93405,0.619148,0.044768,0.090112,0.428032,2.54464,392.982,15000,0,0.433618
Suite_14,Deferred_Uber,0,1988,1.93184,0.599954,0.045056,0.090112,0.432416,2.56862,389.315,15000,0,0.434533
Suite_14,Deferred_Uber,0,1989,1.92654,0.595943,0.045056,0.089984,0.426848,2.54771,392.509,15000,0,0.43546
Suite_14,Deferred_Uber,0,1990,1.93235,0.601009,0.045088,0.09408,0.432128,2.538,394.01,15000,0,0.584573
Suite_14,Deferred_Uber,0,1991,1.93461,0.585291,0.045312,0.094304,0.437984,2.54752,392.539,15000,0,0.585838
Suite_14,Deferred_Uber,0,1992,1.93653,0.60199,0.045056,0.095264,0.436544,2.53332,394.739,15000,0,0.587118
Suite_14,Deferred_Uber,0,1993,1.92346,0.590787,0.045056,0.094208,0.432928,2.55431,391.496,15000,0,0.588414
Suite_14,Deferred_Uber,0,1994,1.93795,0.59231,0.045696,0.094336,0.43008,2.52884,395.438,15000,0,0.589724
Suite_14,Deferred_Uber,0,1995,1.93546,0.597058,0.046368,0.094208,0.44096,2.55006,392.148,15000,0,0.591049
Suite_14,Deferred_Uber,0,1996,1.92988,0.605288,0.045056,0.094208,0.444416,2.54743,392.552,15000,0,0.59239
Suite_14,Deferred_Uber,0,1997,1.93162,0.601262,0.045696,0.099488,0.446144,2.55063,392.06,15000,0,0.775792
Suite_14,Deferred_Uber,0,1998,1.92952,0.594236,0.045312,0.104448,0.45024,2.54735,392.565,15000,0,0.86995
Suite_14,Deferred_Uber,0,1999,1.94252,0.592063,0.045568,0.104448,0.448512,2.54089,393.563,15000,0,0.871919
Suite_14,Deferred_Uber,0,2000,1.93819,0.59653,0.046624,0.104288,0.455648,2.54736,392.564,15000,0,0.873909
Suite_14,Deferred_Uber,0,2001,1.93329,0.593414,0.047072,0.104672,0.449184,2.55064,392.058,15000,0,0.875923
Suite_14,Deferred_Uber,0,2002,1.93419,0.586521,0.046752,0.105472,0.456384,2.54115,393.523,15000,0,0.877959
Suite_14,Deferred_Uber,0,2003,1.93934,0.603674,0.048256,0.10576,0.47136,2.53401,394.632,15000,0,0.880018
Suite_14,Deferred_Uber,0,2004,1.93855,0.598132,0.047104,0.105504,0.445856,2.56316,390.143,15000,0,0.8821
Suite_14,Deferred_Uber,0,2005,1.93277,0.594487,0.047104,0.105568,0.451552,2.55351,391.617,15000,0,0.884206
Suite_14,Deferred_Uber,0,2006,1.93788,0.598282,0.047424,0.106496,0.450688,2.54253,393.31,15000,0,0.886335
Suite_14,Deferred_Uber,0,2007,1.93957,0.595977,0.047104,0.104448,0.445408,2.55013,392.136,15000,0,0.888488
Suite_14,Deferred_Uber,0,2008,1.93529,0.603562,0.048544,0.106368,0.450816,2.54905,392.303,15000,0,0.890664
Suite_14,Deferred_Uber,0,2009,1.93617,0.589214,0.047104,0.110592,0.453792,2.55481,391.418,15000,0,0.973233
Suite_14,Deferred_Uber,0,2010,1.93645,0.592981,0.048,0.110656,0.458624,2.54067,393.597,15000,0,0.975595
Suite_14,Deferred_Uber,0,2011,1.94337,0.595228,0.0488,0.11072,0.458976,2.54291,393.249,15000,0,0.977983
Suite_14,Deferred_Uber,0,2012,1.94564,0.59709,0.04768,0.1168,0.4608,2.55315,391.674,15000,0,1.13698
Suite_14,Deferred_Uber,0,2013,1.93523,0.58738,0.049152,0.116608,0.47936,2.55864,390.833,15000,0,1.13978
Suite_14,Deferred_Uber,0,2014,1.93727,0.602161,0.04784,0.134048,0.474336,2.53688,394.186,15000,0,1.14261
Suite_14,Deferred_Uber,0,2015,1.9424,0.590843,0.048448,0.128928,0.475136,2.55335,391.642,15000,0,1.4621
Suite_14,Deferred_Uber,0,2016,1.94411,0.605117,0.049152,0.127296,0.469536,2.54664,392.673,15000,0,1.46575
Suite_14,Deferred_Uber,0,2017,1.94125,0.594222,0.049152,0.127168,0.475264,2.56552,389.785,15000,0,1.46943
Suite_14,Deferred_Uber,0,2018,1.93659,0.5957,0.049152,0.1288,0.471136,2.54978,392.191,15000,0,1.47316
Suite_14,Deferred_Uber,0,2019,1.94477,0.605163,0.049152,0.128896,0.477728,2.54557,392.84,15000,0,1.47693
Suite_14,Deferred_Uber,0,2020,1.93461,0.596203,0.04912,0.12736,0.469792,2.56887,389.275,15000,0,1.48073
Suite_14,Deferred_Uber,0,2021,1.94465,0.59795,0.049152,0.133504,0.486208,2.54678,392.653,15000,0,1.55822
Suite_14,Deferred_Uber,0,2022,1.93701,0.601405,0.049152,0.135104,0.486944,2.5571,391.068,15000,0,1.56224
Suite_14,Deferred_Uber,0,2023,1.9344,0.598082,0.049376,0.13456,0.473088,2.55964,390.68,15000,0,1.56631
Suite_14,Deferred_Uber,0,2024,1.938,0.591139,0.049568,0.135616,0.512,2.54639,392.713,15000,0,1.57042
Suite_14,Deferred_Uber,0,2025,1.94293,0.601897,0.049152,0.135136,0.487424,2.54424,393.045,15000,0,1.57457
Suite_14,Deferred_Uber,0,2026,1.92981,0.599841,0.049504,0.1352,0.487552,2.56074,390.511,15000,0,1.57876
Suite_14,Deferred_Uber,0,2027,1.94511,0.639485,0.050368,0.136832,0.488192,2.54422,393.047,15000,0,1.583
Suite_14,Deferred_Uber,0,2028,1.94349,0.599455,0.049696,0.135264,0.481216,2.60067,384.516,15000,0,1.58728
Suite_14,Deferred_Uber,0,2029,1.94351,0.597673,0.04928,0.141312,0.48736,2.56007,390.614,15000,0,1.66471
Suite_14,Deferred_Uber,0,2030,1.94397,0.610436,0.050144,0.141504,0.492704,2.55598,391.24,15000,0,1.66922
Suite_14,Deferred_Uber,0,2031,1.9385,0.591431,0.050336,0.142784,0.495616,2.56917,389.231,15000,0,1.67377
Suite_14,Deferred_Uber,0,2032,1.94329,0.595341,0.050752,0.148352,0.516896,2.54362,393.14,15000,0,1.7839
Suite_14,Deferred_Uber,0,2033,1.93592,0.595948,0.049824,0.16384,0.506912,2.55371,391.588,15000,0,1.78877
Suite_14,Deferred_Uber,0,2034,1.9343,0.596833,0.050144,0.149152,0.497408,2.54765,392.519,15000,0,1.7937
Suite_14,Deferred_Uber,0,2035,1.9462,0.599725,0.050816,0.148192,0.503808,2.54479,392.96,15000,0,1.79867
Suite_14,Deferred_Uber,0,2036,1.93807,0.595749,0.050848,0.149504,0.499008,2.56038,390.567,15000,0,1.80369
Suite_14,Deferred_Uber,0,2037,1.9402,0.594869,0.05088,0.149472,0.50512,2.54879,392.343,15000,0,1.80876
Suite_14,Deferred_Uber,0,2038,1.94328,0.595653,0.0512,0.149536,0.5,2.54968,392.206,15000,0,1.81389
Suite_14,Deferred_Uber,0,2039,1.94096,0.594489,0.0512,0.149696,0.502464,2.55413,391.522,15000,0,1.81906
Suite_14,Deferred_Uber,0,2040,1.94174,0.586554,0.0512,0.151232,0.501088,2.55004,392.151,15000,0,1.82429
Suite_14,Deferred_Uber,0,2041,1.93691,0.603589,0.051552,0.157696,0.505632,2.54293,393.247,15000,0,1.91744
Suite_14,Deferred_Uber,0,2042,1.95049,0.595382,0.051488,0.156448,0.507904,2.55613,391.217,15000,0,1.92296
Suite_14,Deferred_Uber,0,2043,1.93778,0.593249,0.0512,0.171936,0.52928,2.55952,390.699,15000,0,1.92854
Suite_14,Deferred_Uber,0,2044,1.94742,0.616019,0.0512,0.157472,0.508896,2.54447,393.009,15000,0,1.93417
Suite_14,Deferred_Uber,0,2045,1.93653,0.597202,0.05184,0.157952,0.508128,2.58594,386.706,15000,0,1.93986
Suite_14,Deferred_Uber,0,2046,1.93982,0.606561,0.051904,0.15776,0.505952,2.5492,392.281,15000,0,1.9456
Suite_14,Deferred_Uber,0,2047,1.93849,0.592288,0.051648,0.1576,0.507904,2.56175,390.358,15000,0,1.95139
Suite_14,Deferred_Uber,0,2048,1.93687,0.594129,0.052096,0.164384,0.50912,2.54465,392.982,15000,0,2.03715
Suite_14,Deferred_Uber,0,2049,1.94367,0.598558,0.05184,0.164096,0.507904,2.54674,392.659,15000,0,2.04322
Suite_14,Deferred_Uber,0,2050,1.9386,0.602476,0.052576,0.164352,0.508448,2.55754,391,15000,0,2.04935
Suite_14,Deferred_Uber,0,2051,1.93649,0.588263,0.052576,0.165568,0.510336,2.56174,390.36,15000,0,2.05554
Suite_14,Deferred_Uber,0,2052,1.94736,0.603085,0.051584,0.182272,0.535808,2.53821,393.978,15000,0,2.06178
Suite_14,Deferred_Uber,0,2053,1.94636,0.598021,0.052672,0.170912,0.520864,2.56722,389.527,15000,0,2.12879
Suite_14,Deferred_Uber,0,2054,1.93668,0.603997,0.053248,0.171584,0.525696,2.5595,390.702,15000,0,2.13527
Suite_14,Deferred_Uber,0,2055,1.94249,0.596009,0.052128,0.171488,0.52224,2.55506,391.38,15000,0,2.14182
Suite_14,Deferred_Uber,0,2056,1.93626,0.590429,0.051744,0.172032,0.525696,2.55279,391.728,15000,0,2.14842
Suite_14,Deferred_Uber,0,2057,1.94406,0.59995,0.052064,0.173216,0.524128,2.54235,393.337,15000,0,2.15509
Suite_14,Deferred_Uber,0,2058,1.95113,0.588452,0.053248,0.172,0.524,2.55969,390.673,15000,0,2.16182
Suite_14,Deferred_Uber,0,2059,1.94134,0.590647,0.05296,0.173088,0.517184,2.554,391.543,15000,0,2.16862
Suite_14,Deferred_Uber,0,2060,1.94565,0.598409,0.053056,0.172512,0.530432,2.54592,392.785,15000,0,2.17548
Suite_14,Deferred_Uber,0,2061,1.94787,0.593997,0.053184,0.172128,0.525344,2.56094,390.481,15000,0,2.1824
Suite_14,Deferred_Uber,0,2062,1.94311,0.586443,0.05328,0.186848,0.54272,2.55685,391.106,15000,0,2.18939
Suite_14,Deferred_Uber,0,2063,1.94419,0.603404,0.053248,0.173152,0.531328,2.54713,392.599,15000,0,2.19644
Suite_14,Deferred_Uber,0,2064,1.94699,0.63207,0.053248,0.172032,0.527168,2.56208,390.308,15000,0,2.20356
Suite_14,Deferred_Uber,0,2065,1.95775,0.639111,0.05328,0.179904,0.540672,2.598,384.911,15000,0,2.34639
Suite_14,Deferred_Uber,0,2066,1.94415,0.630439,0.053792,0.179008,0.536128,2.61614,382.242,15000,0,2.35401
Suite_14,Deferred_Uber,0,2067,1.94375,0.592182,0.05328,0.18,0.529248,2.59205,385.795,15000,0,2.36171
Suite_14,Deferred_Uber,0,2068,1.93869,0.613982,0.054592,0.180224,0.534912,2.5502,392.126,15000,0,2.36948
Suite_14,Deferred_Uber,0,2069,1.95617,0.600789,0.053248,0.180192,0.534528,2.56975,389.142,15000,0,2.37732
Suite_14,Deferred_Uber,0,2070,1.94924,0.614884,0.061344,0.180224,0.561152,2.57741,387.987,15000,128,2.38528
Suite_14,Deferred_Uber,0,2071,1.9499,0.629282,0.061952,0.180352,0.566976,2.57809,387.885,15000,128,2.39327
Suite_14,Deferred_Uber,0,2072,1.97524,0.675302,0.061184,0.181568,0.544768,2.59436,385.451,15000,128,2.40132
Suite_14,Deferred_Uber,0,2073,1.96043,0.635664,0.06144,0.180224,0.547296,2.67089,374.407,15000,128,2.40946
Suite_14,Deferred_Uber,0,2074,1.95128,0.621969,0.06544,0.180704,0.547104,2.6146,382.467,15000,128,2.41766
Suite_14,Deferred_Uber,0,2075,1.94625,0.606011,0.059392,0.180224,0.542816,2.5881,386.384,15000,128,2.42595
Suite_14,Deferred_Uber,0,2076,1.94744,0.626549,0.062976,0.18112,0.54416,2.56615,389.69,15000,128,2.4343
Suite_14,Deferred_Uber,0,2077,1.9491,0.611254,0.069376,0.181984,0.546656,2.59106,385.942,15000,128,2.44273
Suite_14,Deferred_Uber,0,2078,1.94786,0.611023,0.061184,0.182016,0.567296,2.57613,388.178,15000,128,2.45124
Suite_14,Deferred_Uber,0,2079,1.95263,0.615659,0.05968,0.194048,0.55632,2.57293,388.662,15000,128,2.45983
Suite_14,Deferred_Uber,0,2080,1.95426,0.627268,0.062304,0.182272,0.550368,2.59722,385.028,15000,128,2.46849
Suite_14,Deferred_Uber,0,2081,1.94614,0.631201,0.066688,0.182272,0.553568,2.59761,384.969,15000,128,2.47723
Suite_14,Deferred_Uber,0,2082,1.95148,0.623059,0.062368,0.182272,0.551008,2.59445,385.438,15000,128,2.48605
Suite_14,Deferred_Uber,0,2083,1.94209,0.62722,0.063488,0.182624,0.550112,2.58958,386.163,15000,384,2.49508
Suite_14,Deferred_Uber,0,2084,1.95002,0.632394,0.063488,0.182272,0.552768,2.58377,387.032,15000,384,2.50406
Suite_14,Deferred_Uber,0,2085,1.9563,0.697877,0.063904,0.182816,0.552928,2.59886,384.785,15000,384,2.51312
Suite_14,Deferred_Uber,0,2086,1.9619,0.684542,0.061664,0.190016,0.574816,2.67702,373.549,15000,768,2.61694
Suite_14,Deferred_Uber,0,2087,1.96328,0.640567,0.065536,0.190464,0.56208,2.66478,375.265,15000,1024,2.62672
Suite_14,Deferred_Uber,0,2088,1.95866,0.630832,0.0672,0.190464,0.56176,2.61921,381.795,15000,1024,2.63627
Suite_14,Deferred_Uber,0,2089,1.95405,0.633073,0.063136,0.190464,0.555008,2.60606,383.721,15000,1024,2.6459
Suite_14,Deferred_Uber,0,2090,1.95168,0.621668,0.064544,0.190464,0.546624,2.60389,384.04,15000,1024,2.65562
Suite_14,Deferred_Uber,0,2091,1.95529,0.631186,0.063488,0.190464,0.555744,2.58876,386.286,15000,1152,2.66589
Suite_14,Deferred_Uber,0,2092,1.95556,0.636214,0.06192,0.190464,0.557056,2.60248,384.249,15000,1280,2.67596
Suite_14,Deferred_Uber,0,2093,1.95466,0.627965,0.066592,0.192032,0.558752,2.61008,383.13,15000,1408,2.68623
Suite_14,Deferred_Uber,0,2094,1.95617,0.623373,0.064032,0.19088,0.58112,2.59958,384.678,15000,1408,2.6963
Suite_14,Deferred_Uber,0,2095,1.95921,0.631242,0.064288,0.192,0.575488,2.59486,385.378,15000,1664,2.7068
Suite_14,Deferred_Uber,0,2096,1.95506,0.629588,0.064,0.19104,0.551104,2.60667,383.631,15000,1664,2.71705
Suite_14,Deferred_Uber,0,2097,1.96121,0.628251,0.064096,0.192448,0.555008,2.60109,384.454,15000,2048,2.72789
Suite_14,Deferred_Uber,0,2098,1.95594,0.629207,0.065824,0.19216,0.552032,2.60653,383.652,15000,2048,2.73832
Suite_14,Deferred_Uber,0,2099,1.96202,0.623819,0.063488,0.192512,0.56128,2.60016,384.592,15000,2048,2.74884
Suite_14,Deferred_Uber,0,2100,1.96276,0.633143,0.06528,0.199136,0.569536,2.60021,384.584,15000,2176,2.90412
Suite_14,Deferred_Uber,0,2101,1.96135,0.644006,0.065536,0.19968,0.562656,2.61337,382.647,15000,2176,2.91528
Suite_14,Deferred_Uber,0,2102,1.95983,0.621024,0.065568,0.198944,0.59104,2.62215,381.366,15000,2176,2.92653
Suite_14,Deferred_Uber,0,2103,1.96313,0.636945,0.067584,0.199168,0.579904,2.59594,385.217,15000,2176,2.93789
Suite_14,Deferred_Uber,0,2104,1.96354,0.654161,0.066016,0.199136,0.569344,2.61563,382.317,15000,2304,2.9494
Suite_14,Deferred_Uber,0,2105,1.9671,0.661644,0.063616,0.19952,0.570496,2.63758,379.136,15000,2432,2.9612
Suite_14,Deferred_Uber,0,2106,1.96407,0.643645,0.064768,0.200512,0.5616,2.64732,377.74,15000,2560,2.97306
Suite_14,Deferred_Uber,0,2107,1.96592,0.641811,0.067584,0.200704,0.56272,2.6239,381.113,15000,2816,2.98534
Suite_14,Deferred_Uber,0,2108,1.97054,0.643711,0.06544,0.201312,0.570784,2.62945,380.307,15000,2816,2.99719
Suite_14,Deferred_Uber,0,2109,1.96957,0.630232,0.064832,0.202752,0.57424,2.63371,379.693,15000,2816,3.00915
Suite_14,Deferred_Uber,0,2110,1.96409,0.623132,0.067296,0.213664,0.587776,2.61673,382.157,15000,2944,3.02159
Suite_14,Deferred_Uber,0,2111,1.96367,0.638147,0.065632,0.202016,0.577536,2.60726,383.544,15000,2944,3.03376
Suite_14,Deferred_Uber,0,2112,1.96102,0.626605,0.06672,0.20272,0.570944,2.618,381.971,15000,2944,3.04603
Suite_14,Deferred_Uber,0,2113,1.96697,0.631877,0.07088,0.201696,0.569536,2.605,383.877,15000,2944,3.05841
Suite_14,Deferred_Uber,0,2114,1.9618,0.627868,0.06896,0.202752,0.573408,2.61624,382.228,15000,2944,3.07089
Suite_14,Deferred_Uber,0,2115,1.96244,0.623146,0.067584,0.202432,0.565792,2.60533,383.829,15000,2944,3.08348
Suite_14,Deferred_Uber,0,2116,1.96335,0.630631,0.066144,0.20256,0.566272,2.6007,384.512,15000,2944,3.09617
Suite_14,Deferred_Uber,0,2117,1.96746,0.628148,0.067584,0.202752,0.56976,2.61187,382.868,15000,2944,3.10898
Suite_14,Deferred_Uber,0,2118,1.96519,0.631283,0.083584,0.209824,0.59024,2.61243,382.786,15000,3072,3.18699
Suite_14,Deferred_Uber,0,2119,1.96546,0.635122,0.0656,0.209504,0.575488,2.75244,363.313,15000,3328,3.20046
Suite_14,Deferred_Uber,0,2120,1.96802,0.643463,0.063712,0.21088,0.579584,2.61679,382.148,15000,3584,3.21395
Suite_14,Deferred_Uber,0,2121,1.97937,0.652221,0.066048,0.210464,0.577536,2.62942,380.312,15000,3840,3.22753
Suite_14,Deferred_Uber,0,2122,1.97399,0.641478,0.064416,0.210752,0.581344,2.65102,377.214,15000,3968,3.2414
Suite_14,Deferred_Uber,0,2123,1.97317,0.626461,0.066368,0.210496,0.574816,2.63277,379.828,15000,3968,3.25504
Suite_14,Deferred_Uber,0,2124,1.97175,0.637418,0.069504,0.209728,0.605952,2.61566,382.312,15000,3968,3.26879
Suite_14,Deferred_Uber,0,2125,1.96794,0.628962,0.065696,0.209888,0.573216,2.62834,380.468,15000,3968,3.28265
Suite_14,Deferred_Uber,0,2126,1.971,0.627015,0.065824,0.209568,0.575264,2.61504,382.403,15000,3968,3.29663
Suite_14,Deferred_Uber,0,2127,1.97167,0.629391,0.06608,0.210944,0.577536,2.61415,382.534,15000,3968,3.31073
Suite_14,Deferred_Uber,0,2128,1.97463,0.631423,0.06768,0.211584,0.581632,2.61745,382.052,15000,4224,3.32546
Suite_14,Deferred_Uber,0,2129,1.97144,0.634449,0.067584,0.210944,0.575488,2.62368,381.145,15000,4352,3.33989
Suite_14,Deferred_Uber,0,2130,1.96868,0.636719,0.067584,0.210944,0.583968,2.62388,381.115,15000,4352,3.35434
Suite_14,Deferred_Uber,0,2131,1.9722,0.624662,0.065568,0.210944,0.569312,2.62179,381.419,15000,4480,3.36897
Suite_14,Deferred_Uber,0,2132,1.97618,0.635316,0.065888,0.210944,0.577408,2.61328,382.66,15000,4480,3.38367
Suite_14,Deferred_Uber,0,2133,1.97665,0.630836,0.067296,0.213216,0.585632,2.6305,380.156,15000,4608,3.39866
Suite_14,Deferred_Uber,0,2134,1.9764,0.63761,0.067648,0.213632,0.582752,2.62534,380.904,15000,4736,3.4138
Suite_14,Deferred_Uber,0,2135,1.9715,0.624839,0.067584,0.212992,0.586624,2.63185,379.961,15000,4736,3.42887
Suite_14,Deferred_Uber,0,2136,1.97277,0.629127,0.069504,0.21376,0.58816,2.61296,382.707,15000,4608,3.44385
Suite_14,Deferred_Uber,0,2137,1.96864,0.628787,0.0672,0.2136,0.579584,2.62682,380.688,15000,4608,3.45918
Suite_14,Deferred_Uber,0,2138,1.97243,0.633214,0.07072,0.214208,0.585152,2.61592,382.275,15000,4736,3.47478
Suite_14,Deferred_Uber,0,2139,1.97554,0.621421,0.067584,0.213152,0.6072,2.62285,381.264,15000,4736,3.49036
Suite_14,Deferred_Uber,0,2140,1.9819,0.653493,0.068608,0.22464,0.60352,2.61316,382.678,15000,4736,3.50606
Suite_14,Deferred_Uber,0,2141,1.97402,0.638464,0.066016,0.21488,0.5848,2.65669,376.408,15000,4736,3.52189
Suite_14,Deferred_Uber,0,2142,1.97228,0.638682,0.072864,0.213856,0.584288,2.63133,380.036,15000,4736,3.53786
Suite_14,Deferred_Uber,0,2143,1.98343,0.653489,0.069696,0.215392,0.589824,2.62774,380.555,15000,4736,3.55395
Suite_14,Deferred_Uber,0,2144,1.97598,0.632517,0.069024,0.214016,0.591104,2.65554,376.572,15000,4864,3.57028
Suite_14,Deferred_Uber,0,2145,1.97768,0.63961,0.068864,0.215872,0.583936,2.62694,380.671,15000,4992,3.58674
Suite_14,Deferred_Uber,0,2146,1.97467,0.635414,0.070176,0.215168,0.581632,2.63573,379.402,15000,5120,3.60335
Suite_14,Deferred_Uber,0,2147,1.97455,0.623828,0.069984,0.228768,0.618496,2.62644,380.743,15000,5376,3.62031
Suite_14,Deferred_Uber,0,2148,1.98026,0.63702,0.069536,0.215392,0.591872,2.61437,382.501,15000,5504,3.63737
Suite_14,Deferred_Uber,0,2149,1.9778,0.626817,0.072992,0.223648,0.60048,2.63578,379.395,15000,5504,3.7106
Suite_14,Deferred_Uber,0,2150,1.97809,0.641711,0.069728,0.22336,0.593856,2.62269,381.288,15000,5504,3.72777
Suite_14,Deferred_Uber,0,2151,1.97719,0.730969,1.58928,0.223328,2.11888,2.63745,379.154,15000,5504,3.74508
Suite_14,Deferred_Uber,0,2152,1.98157,0.627191,0.069632,0.224544,0.59552,2.72587,366.855,15000,5504,3.76253
Suite_14,Deferred_Uber,0,2153,1.98241,0.638148,0.069024,0.223872,0.612352,2.627,380.663,15000,5504,3.78012
Suite_14,Deferred_Uber,0,2154,1.97563,0.627574,0.07168,0.223264,0.603808,2.63967,378.836,15000,5632,3.79814
Suite_14,Deferred_Uber,0,2155,1.9777,0.623729,0.070336,0.2248,0.599488,2.62038,381.624,15000,5760,3.81636
Suite_14,Deferred_Uber,0,2156,1.98239,0.637119,0.07168,0.22512,0.604128,2.61875,381.861,15000,5760,3.83437
Suite_14,Deferred_Uber,0,2157,1.97432,0.631397,0.069632,0.225184,0.602272,2.63965,378.839,15000,5760,3.85253
Suite_14,Deferred_Uber,0,2158,1.98201,0.644887,0.070848,0.232672,0.606272,2.62363,381.152,15000,5760,3.92741
Suite_14,Deferred_Uber,0,2159,1.98321,0.641391,0.069632,0.231424,0.606208,2.64563,377.981,15000,5760,3.946
Suite_14,Deferred_Uber,0,2160,1.98025,0.636363,0.071712,0.232768,0.60032,2.64268,378.404,15000,5760,3.96473
Suite_14,Deferred_Uber,0,2161,1.97915,0.63784,0.0712,0.257824,0.62256,2.63564,379.415,15000,5760,3.98361
Suite_14,Deferred_Uber,0,2162,1.97535,0.636621,0.072736,0.233152,0.612352,2.63684,379.243,15000,5760,4.00264
Suite_14,Deferred_Uber,0,2163,1.97908,0.6376,0.071552,0.231808,0.598528,2.62899,380.375,15000,5888,4.02195
Suite_14,Deferred_Uber,0,2164,1.98099,0.631283,0.0696,0.231648,0.610304,2.63406,379.642,15000,6016,4.04153
Suite_14,Deferred_Uber,0,2165,1.97677,0.622736,0.070912,0.232224,0.606848,2.63654,379.285,15000,6016,4.06101
Suite_14,Deferred_Uber,0,2166,1.97507,0.645224,0.07216,0.233376,0.611904,2.61691,382.131,15000,6016,4.08064
Suite_14,Deferred_Uber,0,2167,1.98283,0.629016,0.07168,0.23344,0.608256,2.64333,378.311,15000,6016,4.10042
Suite_14,Deferred_Uber,0,2168,1.98045,0.630131,0.071424,0.231872,0.631328,2.62837,380.464,15000,6016,4.12036
Suite_14,Deferred_Uber,0,2169,1.98023,0.640402,0.070112,0.241664,0.619744,2.62907,380.363,15000,6016,4.14045
Suite_14,Deferred_Uber,0,2170,1.97727,0.627068,0.07168,0.234816,0.605152,2.63924,378.897,15000,6016,4.16069
Suite_14,Deferred_Uber,0,2171,1.97992,0.635961,0.073536,0.23376,0.607712,2.621,381.534,15000,6144,4.18131
Suite_14,Deferred_Uber,0,2172,1.98672,0.633884,0.067584,0.23456,0.604352,2.63319,379.767,15000,6144,4.20187
Suite_14,Deferred_Uber,0,2173,1.97937,0.621219,0.069632,0.234656,0.606752,2.63997,378.792,15000,6144,4.22258
Suite_14,Deferred_Uber,0,2174,1.98155,0.638781,0.070208,0.233984,0.598016,2.61835,381.919,15000,6144,4.24345
Suite_14,Deferred_Uber,0,2175,1.97672,0.622913,0.069056,0.234336,0.604768,2.63793,379.085,15000,6144,4.26448
Suite_14,Deferred_Uber,0,2176,1.98242,0.629798,0.06928,0.244416,0.622144,2.61612,382.246,15000,6272,4.28589
Suite_14,Deferred_Uber,0,2177,1.9828,0.636005,0.070624,0.235104,0.604128,2.63063,380.138,15000,6272,4.30724
Suite_14,Deferred_Uber,0,2178,1.98008,0.628303,0.072896,0.23552,0.6072,2.63751,379.145,15000,6272,4.32874
Suite_14,Deferred_Uber,0,2179,1.98282,0.63888,0.068128,0.2352,0.60976,2.62499,380.954,15000,6272,4.35041
Suite_14,Deferred_Uber,0,2180,1.98362,0.632744,0.07168,0.23552,0.611232,2.63908,378.921,15000,6272,4.37224
Suite_14,Deferred_Uber,0,2181,1.98319,0.646957,0.07136,0.234176,0.606848,2.63519,379.479,15000,6272,4.39424
Suite_14,Deferred_Uber,0,2182,1.98427,0.645872,0.07392,0.236672,0.614112,2.64998,377.362,15000,6400,4.41648
Suite_14,Deferred_Uber,0,2183,1.98656,0.656732,0.0696,0.235904,0.612096,2.64818,377.617,15000,6016,4.43793
Suite_14,Deferred_Uber,0,2184,1.99018,0.682978,0.072864,0.237344,0.612512,2.66277,375.548,15000,6144,4.46051
Suite_14,Deferred_Uber,0,2185,1.99029,0.654735,0.073216,0.236384,0.61424,2.69418,371.17,15000,6144,4.48315
Suite_14,Deferred_Uber,0,2186,1.9889,0.679547,0.06768,0.237536,0.610688,2.66579,375.124,15000,6144,4.50596
Suite_14,Deferred_Uber,0,2187,1.99373,0.693503,0.069632,0.237408,0.606752,2.68914,371.866,15000,6144,4.52893
Suite_14,Deferred_Uber,0,2188,1.99336,0.703855,0.07168,0.237248,0.610976,2.70939,369.086,15000,6144,4.55207
Suite_14,Deferred_Uber,0,2189,1.98685,0.687316,0.071616,0.2464,0.63488,2.72139,367.46,15000,6144,4.57538
Suite_14,Deferred_Uber,0,2190,1.99818,0.693687,0.07152,0.2376,0.606048,2.69718,370.758,15000,6144,4.59886
Suite_14,Deferred_Uber,0,2191,1.99271,0.681346,0.068288,0.237632,0.612096,2.71428,368.422,15000,6272,4.62271
Suite_14,Deferred_Uber,0,2192,2.00357,0.721295,0.073696,0.237952,0.622592,2.69414,371.177,15000,6272,4.64653
Suite_14,Deferred_Uber,0,2193,1.99485,0.694317,0.073792,0.238016,0.618496,2.78072,359.619,15000,6144,4.67009
Suite_14,Deferred_Uber,0,2194,2.01039,0.725996,0.070112,0.238432,0.6104,2.72358,367.164,15000,6144,4.69424
Suite_14,Deferred_Uber,0,2195,2.00872,0.708928,0.074944,0.238432,0.630656,2.76569,361.573,15000,6144,4.71855
Suite_14,Deferred_Uber,0,2196,1.99433,0.701781,0.071488,0.239904,0.614688,2.74097,364.835,15000,6144,4.74304
Suite_14,Deferred_Uber,0,2197,1.99855,0.709478,0.073728,0.240864,0.6144,2.72107,367.502,15000,6144,4.7677
Suite_14,Deferred_Uber,0,2198,1.99076,0.67467,0.07168,0.240672,0.618432,2.7322,366.005,15000,6144,4.79253
Suite_14,Deferred_Uber,0,2199,2.01246,0.727687,0.072864,0.241664,0.614976,2.68683,372.186,15000,6016,4.81684
Suite_14,Deferred_Uber,0,2200,2.01384,0.737585,0.070464,0.250016,0.616672,2.76381,361.82,15000,6144,4.84226
Suite_14,Deferred_Uber,0,2201,1.99393,0.704132,0.069472,0.239872,0.613248,2.84492,351.504,15000,6144,4.8676
Suite_14,Deferred_Uber,0,2202,1.99749,0.689,0.075552,0.24064,0.618112,2.72182,367.401,15000,6272,4.89334
Suite_14,Deferred_Uber,0,2203,2.00766,0.705416,0.072832,0.241568,0.609056,2.70863,369.19,15000,6400,4.91936
Suite_14,Deferred_Uber,0,2204,1.98584,0.643623,0.073728,0.240416,0.624,2.73604,365.492,15000,6400,4.94521
Suite_14,Deferred_Uber,0,2205,1.98689,0.646465,0.069344,0.240096,0.612128,2.65022,377.327,15000,6272,4.97113
Suite_14,Deferred_Uber,0,2206,1.98492,0.638536,0.07232,0.241664,0.6144,2.65339,376.877,15000,6272,4.99711
Suite_14,Deferred_Uber,0,2207,1.98204,0.627761,0.073728,0.240288,0.623424,2.64153,378.569,15000,6272,5.02347
Suite_14,Deferred_Uber,0,2208,1.98284,0.651488,0.073216,0.240416,0.616448,2.62729,380.62,15000,6016,5.04872
Suite_14,Deferred_Uber,0,2209,1.97975,0.639883,0.07216,0.241664,0.6136,2.65481,376.675,15000,5760,5.07481
Suite_14,Deferred_Uber,0,2210,1.97438,0.651441,0.07424,0.240448,0.618624,2.63751,379.145,15000,6016,5.10192
Suite_14,Deferred_Uber,0,2211,1.97739,0.637182,0.07344,0.24016,0.61456,2.64312,378.341,15000,6016,5.12897
Suite_14,Deferred_Uber,0,2212,1.98232,0.650374,0.07488,0.242784,0.617856,2.63182,379.965,15000,6144,5.15637
Suite_14,Deferred_Uber,0,2213,1.98583,0.647339,0.07168,0.241184,0.612864,2.65129,377.175,15000,6272,5.18386
Suite_14,Deferred_Uber,0,2214,1.98569,0.644205,0.071872,0.241184,0.618208,2.6521,377.059,15000,6272,5.21141
Suite_14,Deferred_Uber,0,2215,1.9788,0.653185,0.072992,0.240576,0.61232,2.65386,376.809,15000,6272,5.23914
Suite_14,Deferred_Uber,0,2216,1.98532,0.63738,0.070912,0.241664,0.6192,2.65001,377.357,15000,6272,5.26704
Suite_14,Deferred_Uber,0,2217,1.9835,0.637856,0.07648,0.241312,0.626944,2.64152,378.571,15000,6272,5.29511
Suite_14,Deferred_Uber,0,2218,1.99198,0.694794,0.073696,0.24128,0.616384,2.63973,378.826,15000,6272,5.32335
Suite_14,Deferred_Uber,0,2219,1.98698,0.652254,0.073984,0.24208,0.62464,2.70759,369.331,15000,6272,5.35176
Suite_14,Deferred_Uber,0,2220,1.98209,0.642004,0.071648,0.250464,0.630144,2.65809,376.21,15000,6272,5.38033
Suite_14,Deferred_Uber,0,2221,1.98168,0.660251,0.072,0.241664,0.6144,2.64441,378.156,15000,6272,5.40907
Suite_14,Deferred_Uber,0,2222,1.97925,0.637948,0.073728,0.241664,0.626368,2.66531,375.192,15000,6272,5.43798
Suite_14,Deferred_Uber,0,2223,1.98056,0.650007,0.072096,0.24128,0.6144,2.63426,379.614,15000,6272,5.46707
Suite_14,Deferred_Uber,0,2224,1.9818,0.639264,0.073728,0.241728,0.610944,2.64798,377.647,15000,6272,5.49631
Suite_14,Deferred_Uber,0,2225,1.97753,0.631075,0.071936,0.241568,0.616448,2.63963,378.841,15000,6272,5.52572
Suite_14,Deferred_Uber,0,2226,1.98553,0.650985,0.075776,0.241664,0.617888,2.62617,380.783,15000,6272,5.5553
Suite_14,Deferred_Uber,0,2227,1.98082,0.639918,0.075776,0.241728,0.628736,2.65427,376.751,15000,6272,5.58504
Suite_14,Deferred_Uber,0,2228,1.98031,0.631467,0.071264,0.241728,0.618464,2.6378,379.104,15000,6144,5.61477
Suite_14,Deferred_Uber,0,2229,1.98155,0.648542,0.072224,0.241664,0.616448,2.63035,380.178,15000,6272,5.64489
Suite_14,Deferred_Uber,0,2230,1.98474,0.644759,0.07168,0.235456,0.611296,2.64876,377.535,15000,6272,5.43703
Suite_14,Deferred_Uber,0,2231,1.98088,0.645351,0.072224,0.233888,0.60416,2.64636,377.878,15000,6272,5.4664
Suite_14,Deferred_Uber,0,2232,1.98329,0.655098,0.073248,0.233984,0.608256,2.64404,378.209,15000,6272,5.49592
Suite_14,Deferred_Uber,0,2233,1.98011,0.632122,0.073184,0.234464,0.627328,2.65907,376.071,15000,6016,5.52499
Suite_14,Deferred_Uber,0,2234,1.9785,0.656785,0.07312,0.251904,0.62464,2.63448,379.582,15000,6016,5.55482
Suite_14,Deferred_Uber,0,2235,1.97906,0.647027,0.07168,0.234496,0.608544,2.65363,376.842,15000,6144,5.58497
Suite_14,Deferred_Uber,0,2236,1.98115,0.642041,0.072512,0.23456,0.610176,2.64389,378.231,15000,6144,5.61509
Suite_14,Deferred_Uber,0,2237,1.98436,0.64028,0.072896,0.234304,0.61648,2.64364,378.266,15000,6144,5.64536
Suite_14,Deferred_Uber,0,2238,1.98135,0.640032,0.072128,0.227072,0.595872,2.64753,377.711,15000,6144,5.19309
Suite_14,Deferred_Uber,0,2239,1.98062,0.64274,0.07168,0.227168,0.599968,2.63804,379.069,15000,6016,5.2211
Suite_14,Deferred_Uber,0,2240,1.98176,0.639786,0.07168,0.227328,0.600064,2.64076,378.678,15000,6016,5.24953
Suite_14,Deferred_Uber,0,2241,1.97591,0.63359,0.071232,0.24416,0.62336,2.64031,378.743,15000,5888,5.2776
Suite_14,Deferred_Uber,0,2242,1.97777,0.639147,0.091904,0.227328,0.644704,2.62729,380.62,15000,5888,5.30613
Suite_14,Deferred_Uber,0,2243,1.97819,0.633514,0.072704,0.227328,0.602624,2.63364,379.702,15000,5888,5.33497
Suite_14,Deferred_Uber,0,2244,1.97744,0.643683,0.073728,0.226976,0.604608,2.62875,380.409,15000,5888,5.36395
Suite_14,Deferred_Uber,0,2245,1.9782,0.63189,0.07248,0.227104,0.603392,2.63989,378.804,15000,5760,5.3928
Suite_14,Deferred_Uber,0,2246,1.97772,0.633497,0.073728,0.227328,0.596384,2.62819,380.49,15000,5760,5.42205
Suite_14,Deferred_Uber,0,2247,1.97997,0.632847,0.072224,0.227264,0.595104,2.62714,380.642,15000,5632,5.4508
Suite_14,Deferred_Uber,0,2248,1.97577,0.635812,0.073312,0.225984,0.602624,2.63018,380.202,15000,5504,5.47986
Suite_14,Deferred_Uber,0,2249,1.96759,0.625269,0.072,0.233472,0.615488,2.62996,380.233,15000,5504,5.50951
Suite_14,Deferred_Uber,0,2250,1.9802,0.63192,0.075616,0.227296,0.610368,2.60984,383.165,15000,5504,5.53928
Suite_14,Deferred_Uber,0,2251,1.97801,0.629787,0.072256,0.227328,0.608096,2.6348,379.536,15000,5504,5.56918
Suite_14,Deferred_Uber,0,2252,1.97253,0.639301,0.07632,0.219072,0.589856,2.62396,381.103,15000,5504,5.03951
Suite_14,Deferred_Uber,0,2253,1.9774,0.622297,0.071264,0.219008,0.596864,2.63117,380.058,15000,5248,5.06597
Suite_14,Deferred_Uber,0,2254,1.97383,0.626806,0.073408,0.219168,0.601952,2.61736,382.064,15000,5248,5.09369
Suite_14,Deferred_Uber,0,2255,1.9742,0.632174,0.073504,0.21936,0.593856,2.61672,382.157,15000,4992,5.12114
Suite_14,Deferred_Uber,0,2256,1.97138,0.646394,0.076032,0.218976,0.595136,2.62343,381.18,15000,5120,5.14934
Suite_14,Deferred_Uber,0,2257,1.97999,0.647835,0.070592,0.219136,0.596,2.63897,378.936,15000,5120,5.17744
Suite_14,Deferred_Uber,0,2258,1.97915,0.644437,0.07024,0.220288,0.601696,2.64592,377.94,15000,5120,5.20567
Suite_14,Deferred_Uber,0,2259,1.97444,0.632935,0.075456,0.219456,0.596224,2.64085,378.666,15000,5248,5.23409
Suite_14,Deferred_Uber,0,2260,1.97354,0.641788,0.07504,0.219136,0.599328,2.6235,381.17,15000,5248,5.26256
Suite_14,Deferred_Uber,0,2261,1.97059,0.624349,0.07264,0.21936,0.59392,2.63337,379.742,15000,5248,5.29114
Suite_14,Deferred_Uber,0,2262,1.97766,0.632327,0.073728,0.219136,0.593824,2.61297,382.706,15000,5248,5.31984
Suite_14,Deferred_Uber,0,2263,1.97889,0.63361,0.073856,0.219136,0.622592,2.62619,380.78,15000,5248,5.34866
Suite_14,Deferred_Uber,0,2264,1.97432,0.632534,0.072256,0.219264,0.593312,2.62978,380.261,15000,5248,5.37758
Suite_14,Deferred_Uber,0,2265,1.97054,0.62613,0.072128,0.21936,0.589952,2.62481,380.98,15000,5120,5.40621
Suite_14,Deferred_Uber,0,2266,1.96975,0.64185,0.07504,0.220672,0.590528,2.61417,382.53,15000,5120,5.43536
Suite_14,Deferred_Uber,0,2267,1.9834,0.644601,0.07424,0.219616,0.595584,2.62895,380.38,15000,4992,5.46391
Suite_14,Deferred_Uber,0,2268,1.97362,0.642734,0.072288,0.219264,0.59392,2.64531,378.028,15000,4992,5.49327
Suite_14,Deferred_Uber,0,2269,1.97427,0.627801,0.07168,0.21936,0.596384,2.63644,379.299,15000,4864,5.52237
Suite_14,Deferred_Uber,0,2270,1.97439,0.627664,0.07168,0.219136,0.610624,2.61959,381.739,15000,4864,5.55192
Suite_14,Deferred_Uber,0,2271,1.9741,0.632655,0.073728,0.231232,0.607616,2.61789,381.987,15000,4736,5.58094
Suite_14,Deferred_Uber,0,2272,1.9726,0.652163,0.070048,0.220288,0.595968,2.6235,381.17,15000,4736,5.61069
Suite_14,Deferred_Uber,0,2273,1.97249,0.639389,0.070784,0.219136,0.594624,2.64449,378.145,15000,4608,5.64039
Suite_14,Deferred_Uber,0,2274,1.97533,0.6275,0.072608,0.219488,0.592,2.63035,380.178,15000,4608,5.67031
Suite_14,Deferred_Uber,0,2275,1.96678,0.625266,0.072544,0.211296,0.583744,2.61905,381.818,15000,4480,5.20655
Suite_14,Deferred_Uber,0,2276,1.96889,0.639132,0.07408,0.211648,0.589088,2.60772,383.477,15000,4480,5.23435
Suite_14,Deferred_Uber,0,2277,1.97448,0.626137,0.070528,0.212064,0.590176,2.62629,380.766,15000,4608,5.26246
Suite_14,Deferred_Uber,0,2278,1.96465,0.625003,0.076448,0.237824,0.6144,2.61792,381.983,15000,4608,5.29042
Suite_14,Deferred_Uber,0,2279,1.97675,0.633507,0.073728,0.21104,0.598176,2.61113,382.976,15000,4608,5.31847
Suite_14,Deferred_Uber,0,2280,1.97542,0.631051,0.073504,0.211296,0.588736,2.62706,380.653,15000,4608,5.3466
Suite_14,Deferred_Uber,0,2281,1.97048,0.641943,0.073472,0.212512,0.581632,2.62425,381.061,15000,4608,5.37479
Suite_14,Deferred_Uber,0,2282,1.9732,0.627806,0.070688,0.22032,0.59056,2.6308,380.113,15000,4608,5.50704
Suite_14,Deferred_Uber,0,2283,1.97146,0.624814,0.073728,0.212256,0.595968,2.61795,381.978,15000,4608,4.80481
Suite_14,Deferred_Uber,0,2284,1.96928,0.644176,0.073408,0.211552,0.581856,2.61171,382.891,15000,4608,4.83061
Suite_14,Deferred_Uber,0,2285,1.97241,0.627428,0.07232,0.2048,0.587264,2.63236,379.888,15000,4736,4.52266
Suite_14,Deferred_Uber,0,2286,1.96504,0.629219,0.071424,0.21376,0.590016,2.61734,382.067,15000,4736,4.54715
Suite_14,Deferred_Uber,0,2287,1.97427,0.633147,0.072576,0.204704,0.58144,2.61036,383.088,15000,4608,4.57152
Suite_14,Deferred_Uber,0,2288,1.97387,0.631196,0.0728,0.2048,0.581248,2.62458,381.014,15000,4608,4.59619
Suite_14,Deferred_Uber,0,2289,1.97124,0.635691,0.07088,0.204544,0.581792,2.62288,381.261,15000,4608,4.62094
Suite_14,Deferred_Uber,0,2290,1.96991,0.625997,0.070528,0.2048,0.581664,2.62537,380.898,15000,4736,4.64589
Suite_14,Deferred_Uber,0,2291,1.96636,0.62626,0.073728,0.20448,0.58128,2.61221,382.817,15000,4736,4.6708
Suite_14,Deferred_Uber,0,2292,1.97491,0.638744,0.070784,0.2048,0.574656,2.60829,383.394,15000,4736,4.69581
Suite_14,Deferred_Uber,0,2293,1.96995,0.622425,0.07168,0.2048,0.581952,2.63289,379.811,15000,4608,4.72032
Suite_14,Deferred_Uber,0,2294,1.97181,0.625827,0.078336,0.205088,0.598016,2.6096,383.2,15000,4736,4.74554
Suite_14,Deferred_Uber,0,2295,1.9856,0.66139,0.073824,0.203552,0.579488,2.6138,382.585,15000,4736,4.77078
Suite_14,Deferred_Uber,0,2296,1.97141,0.637033,0.07168,0.204768,0.57648,2.66555,375.157,15000,4736,4.79608
Suite_14,Deferred_Uber,0,2297,1.97325,0.65184,0.07024,0.2048,0.57504,2.62661,380.719,15000,4736,4.82147
Suite_14,Deferred_Uber,0,2298,1.96997,0.627828,0.075488,0.20448,0.585024,2.6439,378.229,15000,4736,4.84692
Suite_14,Deferred_Uber,0,2299,1.97221,0.626153,0.074272,0.20368,0.585056,2.61422,382.524,15000,4736,4.87243
Suite_14,Deferred_Uber,0,2300,1.97594,0.641271,0.071072,0.2048,0.601792,2.61475,382.446,15000,4736,4.89802
Suite_14,Deferred_Uber,0,2301,1.96748,0.623382,0.0752,0.20512,0.590112,2.63652,379.287,15000,4736,4.92366
Suite_14,Deferred_Uber,0,2302,1.97039,0.630671,0.077536,0.204416,0.59072,2.60854,383.356,15000,4736,4.94937
Suite_14,Deferred_Uber,0,2303,1.97346,0.630744,0.072192,0.204384,0.581632,2.61763,382.025,15000,4736,4.97514
Suite_14,Deferred_Uber,0,2304,1.96925,0.629397,0.075456,0.203648,0.58784,2.62145,381.469,15000,4736,5.00096
Suite_14,Deferred_Uber,0,2305,1.97084,0.63565,0.071616,0.2048,0.583328,2.61765,382.022,15000,4608,5.02617
Suite_14,Deferred_Uber,0,2306,1.9721,0.627267,0.073728,0.20432,0.584256,2.62522,380.92,15000,4608,5.0521
Suite_14,Deferred_Uber,0,2307,1.9701,0.625559,0.071584,0.2048,0.583488,2.62407,381.087,15000,4608,5.07807
Suite_14,Deferred_Uber,0,2308,1.9708,0.648162,0.07168,0.2048,0.600608,2.61193,382.858,15000,4608,5.10409
Suite_14,Deferred_Uber,0,2309,1.96809,0.627505,0.072864,0.2048,0.586144,2.63698,379.222,15000,4864,5.1303
Suite_14,Deferred_Uber,0,2310,1.97002,0.635166,0.07168,0.204416,0.581632,2.61399,382.557,15000,4864,5.15641
Suite_14,Deferred_Uber,0,2311,1.97493,0.636125,0.071872,0.204768,0.5808,2.62175,381.424,15000,5120,5.183
Suite_14,Deferred_Uber,0,2312,1.97361,0.638077,0.073728,0.204832,0.587776,2.62887,380.391,15000,5120,5.20919
Suite_14,Deferred_Uber,0,2313,1.97157,0.64351,0.072672,0.204864,0.57776,2.63104,380.077,15000,5120,5.23542
Suite_14,Deferred_Uber,0,2314,1.98155,0.687948,0.071264,0.2048,0.581632,2.63394,379.659,15000,5504,5.26235
Suite_14,Deferred_Uber,0,2315,1.98853,0.686024,0.075776,0.205824,0.592384,2.69305,371.327,15000,5632,5.28882
Suite_14,Deferred_Uber,0,2316,1.97888,0.651903,0.073728,0.20448,0.587776,2.69443,371.136,15000,5632,5.31515
Suite_14,Deferred_Uber,0,2317,1.97873,0.629234,0.073536,0.205184,0.580928,2.65227,377.036,15000,5760,5.34157
Suite_14,Deferred_Uber,0,2318,1.97431,0.656709,0.075584,0.204928,0.5864,2.6262,380.778,15000,5888,5.36801
Suite_14,Deferred_Uber,0,2319,1.97798,0.637053,0.074144,0.204608,0.589824,2.64841,377.586,15000,5888,5.39441
Suite_14,Deferred_Uber,0,2320,1.97121,0.638013,0.071712,0.204992,0.577536,2.63241,379.879,15000,5888,5.42084
Suite_14,Deferred_Uber,0,2321,1.97769,0.645883,0.07408,0.205344,0.577536,2.62705,380.656,15000,5888,5.44727
Suite_14,Deferred_Uber,0,2322,1.97356,0.638527,0.076224,0.20528,0.587872,2.64201,378.5,15000,5888,5.47373
Suite_14,Deferred_Uber,0,2323,1.97021,0.634008,0.073568,0.2048,0.589888,2.63401,379.65,15000,5888,5.50019
Suite_14,Deferred_Uber,0,2324,1.97792,0.647865,0.074208,0.204992,0.57728,2.62067,381.582,15000,6016,5.5269
Suite_14,Deferred_Uber,0,2325,1.97421,0.633338,0.073728,0.205856,0.58464,2.64548,378.003,15000,5888,5.55268
Suite_14,Deferred_Uber,0,2326,1.9798,0.648847,0.073728,0.2048,0.578432,2.62558,380.868,15000,6016,5.5793
Suite_14,Deferred_Uber,0,2327,1.97653,0.636385,0.07472,0.2048,0.588192,2.64632,377.883,15000,6016,5.6058
Suite_14,Deferred_Uber,0,2328,1.97271,0.632587,0.074208,0.197696,0.575488,2.62943,380.311,15000,6016,4.74206
Suite_14,Deferred_Uber,0,2329,1.97897,0.648022,0.07168,0.197856,0.563744,2.62288,381.26,15000,6144,4.76607
Suite_14,Deferred_Uber,0,2330,1.97745,0.653894,0.071872,0.200896,0.579584,2.64537,378.019,15000,6144,4.79002
Suite_14,Deferred_Uber,0,2331,1.97822,0.636022,0.073856,0.196608,0.57344,2.64911,377.485,15000,6528,4.81467
Suite_14,Deferred_Uber,0,2332,1.98124,0.650705,0.073376,0.197312,0.575488,2.63226,379.901,15000,6528,4.83822
Suite_14,Deferred_Uber,0,2333,1.98448,0.677997,0.07168,0.1984,0.571648,2.65176,377.108,15000,6912,4.86258
Suite_14,Deferred_Uber,0,2334,1.98222,0.656788,0.073088,0.198656,0.575328,2.68225,372.821,15000,7040,4.88701
Suite_14,Deferred_Uber,0,2335,1.98756,0.652324,0.072896,0.198656,0.575488,2.65814,376.202,15000,6912,4.91086
Suite_14,Deferred_Uber,0,2336,1.97906,0.633282,0.073728,0.197056,0.599744,2.66131,375.755,15000,7040,4.93533
Suite_14,Deferred_Uber,0,2337,1.97907,0.648727,0.073696,0.211424,0.59392,2.63634,379.313,15000,7040,4.95965
Suite_14,Deferred_Uber,0,2338,1.98092,0.649738,0.0736,0.199008,0.575488,2.64678,377.817,15000,7040,4.98402
Suite_14,Deferred_Uber,0,2339,1.97998,0.64621,0.073408,0.205248,0.580384,2.64776,377.678,15000,7168,5.06973
Suite_14,Deferred_Uber,0,2340,1.98429,0.642795,0.075776,0.2048,0.580224,2.64389,378.23,15000,7296,5.09476
Suite_14,Deferred_Uber,0,2341,1.97995,0.635763,0.074752,0.20672,0.591168,2.64616,377.907,15000,7296,5.11942
Suite_14,Deferred_Uber,0,2342,1.98334,0.648879,0.075104,0.205696,0.586272,2.63329,379.754,15000,7296,5.14412
Suite_14,Deferred_Uber,0,2343,1.98795,0.642565,0.075488,0.198752,0.577152,2.65035,377.309,15000,7424,4.29256
Suite_14,Deferred_Uber,0,2344,1.97967,0.638374,0.073312,0.20528,0.585728,2.64788,377.66,15000,7552,3.71286
Suite_14,Deferred_Uber,0,2345,1.98297,0.645095,0.072896,0.190944,0.566144,2.63639,379.306,15000,7680,3.73253
Suite_14,Deferred_Uber,0,2346,1.9822,0.638509,0.07296,0.191616,0.567296,2.64697,377.79,15000,7936,3.75236
Suite_14,Deferred_Uber,0,2347,1.98304,0.646846,0.074688,0.191904,0.575968,2.6378,379.103,15000,7808,3.7714
Suite_14,Deferred_Uber,0,2348,1.98452,0.634703,0.074656,0.190464,0.565568,2.64783,377.668,15000,8064,3.79163
Suite_14,Deferred_Uber,0,2349,1.98864,0.630584,0.075776,0.190688,0.564096,2.64007,378.778,15000,8192,3.81155
Suite_14,Deferred_Uber,0,2350,1.98587,0.639997,0.075008,0.191104,0.569824,2.63732,379.172,15000,8192,3.83151
Suite_14,Deferred_Uber,0,2351,1.98347,0.627184,0.0768,0.191552,0.565632,2.64381,378.242,15000,8192,3.85157
Suite_14,Deferred_Uber,0,2352,1.98599,0.629215,0.07696,0.192512,0.573216,2.62851,380.444,15000,8448,3.87212
Suite_14,Deferred_Uber,0,2353,1.98266,0.649635,0.075776,0.191968,0.566048,2.63386,379.671,15000,8576,3.89287
Suite_14,Deferred_Uber,0,2354,1.98991,0.641948,0.073728,0.190464,0.572736,2.65135,377.167,15000,8960,3.91368
Suite_14,Deferred_Uber,0,2355,1.98934,0.655362,0.076704,0.200224,0.587808,2.64955,377.422,15000,9216,4.01234
Suite_14,Deferred_Uber,0,2356,1.99191,0.648423,0.075776,0.198656,0.584032,2.66376,375.41,15000,9216,4.0331
Suite_14,Deferred_Uber,0,2357,1.99466,0.633955,0.076832,0.198656,0.60416,2.6608,375.827,15000,9728,4.05476
Suite_14,Deferred_Uber,0,2358,1.99828,0.647746,0.077408,0.21504,0.595584,2.6477,377.686,15000,10112,4.07619
Suite_14,Deferred_Uber,0,2359,1.99496,0.629046,0.077312,0.19936,0.585888,2.66478,375.266,15000,10496,4.09826
Suite_14,Deferred_Uber,0,2360,1.99233,0.643767,0.069632,0.20192,0.569984,2.64205,378.494,15000,10624,4.11955
Suite_14,Deferred_Uber,0,2361,2.00005,0.629524,0.075776,0.200704,0.57696,2.657,376.365,15000,10752,4.14134
Suite_14,Deferred_Uber,0,2362,2.00024,0.640657,0.079872,0.200704,0.587936,2.64868,377.547,15000,11392,4.16488
Suite_14,Deferred_Uber,0,2363,2.00212,0.652784,0.074464,0.200288,0.571424,2.65872,376.121,15000,11648,4.18696
Suite_14,Deferred_Uber,0,2364,1.99944,0.646407,0.07584,0.200512,0.583232,2.67883,373.297,15000,11648,4.20855
Suite_14,Deferred_Uber,0,2365,1.99874,0.644074,0.09872,0.202752,0.60208,2.66666,375.001,15000,11776,4.23059
Suite_14,Deferred_Uber,0,2366,2.00456,0.66239,0.076096,0.20064,0.579584,2.66322,375.485,15000,12160,4.25286
Suite_14,Deferred_Uber,0,2367,2.00381,0.648078,0.079872,0.200704,0.588608,2.68666,372.209,15000,12288,4.27488
Suite_14,Deferred_Uber,0,2368,2.00171,0.654866,0.079008,0.20064,0.583168,2.67052,374.458,15000,12544,4.2973
Suite_14,Deferred_Uber,0,2369,2.00674,0.652627,0.0768,0.201792,0.588064,2.67815,373.392,15000,12800,4.32
Suite_14,Deferred_Uber,0,2370,2.00428,0.64628,0.077824,0.202752,0.612352,2.67948,373.207,15000,12928,4.34225
Suite_14,Deferred_Uber,0,2371,2.02317,0.683004,0.077824,0.210944,0.594176,2.66904,374.667,15000,12928,4.36454
Suite_14,Deferred_Uber,0,2372,2.00591,0.656791,0.081312,0.201344,0.584224,2.72812,366.553,15000,13184,4.38747
Suite_14,Deferred_Uber,0,2373,2.01237,0.667611,0.077824,0.202528,0.581312,2.68429,372.539,15000,13568,4.41036
Suite_14,Deferred_Uber,0,2374,2.0121,0.641887,0.07984,0.202368,0.581632,2.70176,370.13,15000,13952,4.43346
Suite_14,Deferred_Uber,0,2375,2.01066,0.6295,0.079872,0.208896,0.598016,2.6782,373.385,15000,14336,4.54484
Suite_14,Deferred_Uber,0,2376,2.0148,0.65594,0.079872,0.208896,0.596192,2.65923,376.049,15000,14848,4.56889
Suite_14,Deferred_Uber,0,2377,2.01256,0.636454,0.08192,0.212992,0.60288,2.6931,371.319,15000,15360,4.59333
Suite_14,Deferred_Uber,0,2378,2.01307,0.632601,0.080192,0.210944,0.601312,2.66984,374.555,15000,16000,4.61743
Suite_14,Deferred_Uber,0,2379,2.02305,0.647756,0.080512,0.215232,0.600128,2.66562,375.147,15000,16640,4.64224
Suite_14,Deferred_Uber,0,2380,2.02268,0.640993,0.08144,0.211616,0.60304,2.69161,371.525,15000,17024,4.66664
Suite_14,Deferred_Uber,0,2381,2.02268,0.639999,0.083968,0.21104,0.596384,2.68684,372.184,15000,17664,4.69136
Suite_14,Deferred_Uber,0,2382,2.02595,0.639484,0.08304,0.212288,0.602112,2.68491,372.453,15000,17920,4.71525
Suite_14,Deferred_Uber,0,2383,2.02328,0.632952,0.083776,0.230816,0.610912,2.68615,372.28,15000,18304,4.73936
Suite_14,Deferred_Uber,0,2384,2.02893,0.641928,0.091104,0.212992,0.614528,2.67648,373.625,15000,18688,4.76392
Suite_14,Deferred_Uber,0,2385,2.02729,0.643235,0.086208,0.212992,0.60416,2.69382,371.22,15000,19072,4.7887
Suite_14,Deferred_Uber,0,2386,2.03401,0.66396,0.082144,0.210976,0.600064,2.69367,371.241,15000,19712,4.81334
Suite_14,Deferred_Uber,0,2387,2.03642,0.637388,0.083968,0.221184,0.617664,2.72057,367.57,15000,20352,4.88447
Suite_14,Deferred_Uber,0,2388,2.03809,0.638573,0.085248,0.228352,0.614816,2.69549,370.99,15000,20608,4.95811
Suite_14,Deferred_Uber,0,2389,2.04229,0.651362,0.087264,0.244576,0.656384,2.70019,370.345,15000,21504,5.13781
Suite_14,Deferred_Uber,0,2390,2.04031,0.643526,0.085664,0.250304,0.64512,2.71859,367.838,15000,21760,5.16325
Suite_14,Deferred_Uber,0,2391,2.04074,0.64126,0.086304,0.24576,0.636576,2.70585,369.57,15000,22400,5.18921
Suite_14,Deferred_Uber,0,2392,2.04719,0.651388,0.08432,0.2568,0.652576,2.70538,369.634,15000,22784,5.26207
Suite_14,Deferred_Uber,0,2393,2.04445,0.79962,0.331616,0.2544,1.01258,2.72997,366.304,15000,23168,5.28768
Suite_14,Deferred_Uber,0,2394,2.0474,0.651817,0.089344,0.256224,0.670624,2.86793,348.684,15000,23552,5.31375
Suite_14,Deferred_Uber,0,2395,2.04915,0.638502,0.088512,0.256,0.64512,2.72321,367.214,15000,23808,5.34008
Suite_14,Deferred_Uber,0,2396,2.05027,0.641673,0.086016,0.256,0.651072,2.71065,368.915,15000,24576,5.36713
Suite_14,Deferred_Uber,0,2397,2.05642,0.653614,0.091328,0.255968,0.653312,2.71774,367.952,15000,25216,5.3941
Suite_14,Deferred_Uber,0,2398,2.0614,0.640537,0.088224,0.254624,0.65328,2.73522,365.602,15000,26624,5.42197
Suite_14,Deferred_Uber,0,2399,2.06258,0.647326,0.090304,0.256032,0.651264,2.72595,366.845,15000,27520,5.4505
Suite_14,Deferred_Uber,0,2400,2.06911,0.646431,0.091552,0.26432,0.65344,2.73444,365.706,15000,28544,5.53104
Suite_14,Deferred_Uber,0,2401,2.07116,0.64382,0.093152,0.264192,0.663776,2.74254,364.626,15000,29696,5.55956
Suite_14,Deferred_Uber,0,2402,2.07888,0.667101,0.089984,0.263744,0.657408,2.74124,364.798,15000,29824,5.58673
Suite_14,Deferred_Uber,0,2403,2.08353,0.664707,0.092288,0.262272,0.663552,2.77207,360.741,15000,31360,5.6153
Suite_14,Deferred_Uber,0,2404,2.08183,0.678499,0.094368,0.261824,0.662912,2.77434,360.446,15000,32000,5.64326
Suite_14,Deferred_Uber,0,2405,2.0812,0.647263,0.093088,0.262688,0.663648,2.78933,358.51,15000,32768,5.67102
Suite_14,Deferred_Uber,0,2406,2.08487,0.648886,0.094464,0.281536,0.678016,2.75541,362.923,15000,33536,5.81488
Suite_14,Deferred_Uber,0,2407,2.09156,0.654299,0.0976,0.280288,0.684032,2.76099,362.189,15000,33920,5.84327
Suite_14,Deferred_Uber,0,2408,2.10405,0.685176,0.098784,0.282144,0.681984,2.77376,360.522,15000,35072,5.87214
Suite_14,Deferred_Uber,0,2409,2.10413,0.673091,0.098624,0.278976,0.679936,2.81985,354.628,15000,36992,5.90339
Suite_14,Deferred_Uber,0,2410,2.10599,0.660895,0.100448,0.28,0.684032,2.80809,356.113,15000,38016,5.93241
Suite_14,Deferred_Uber,0,2411,2.10238,0.668355,0.102592,0.282592,0.692224,2.79528,357.746,15000,39168,5.96204
Suite_14,Deferred_Uber,0,2412,2.11228,0.656606,0.101664,0.282688,0.688192,2.79953,357.203,15000,41088,5.99224
Suite_14,Deferred_Uber,0,2413,2.11647,0.65323,0.1024,0.281632,0.6824,2.80134,356.973,15000,41856,6.0214
Suite_14,Deferred_Uber,0,2414,2.11609,0.666243,0.102272,0.282496,0.691968,2.80044,357.087,15000,42880,6.05031
Suite_14,Deferred_Uber,0,2415,2.12772,0.657054,0.104,0.282208,0.687072,2.8139,355.379,15000,44416,6.08162
Suite_14,Deferred_Uber,0,2416,2.12256,0.655539,0.105888,0.282432,0.698368,2.81464,355.285,15000,45696,6.1125
Suite_14,Deferred_Uber,0,2417,2.13584,0.660782,0.105184,0.284672,0.700416,2.81026,355.839,15000,47104,6.14372
Suite_14,Deferred_Uber,0,2418,2.13939,0.65458,0.105696,0.282848,0.688896,2.82964,353.401,15000,48384,6.17514
Suite_14,Deferred_Uber,0,2419,2.14774,0.669707,0.107232,0.282688,0.722944,2.82549,353.921,15000,50176,6.20612
Suite_14,Deferred_Uber,0,2420,2.14951,0.66264,0.112544,0.282464,0.700256,2.85017,350.857,15000,52224,6.23814
Suite_14,Deferred_Uber,0,2421,2.15091,0.66431,0.110592,0.2928,0.71008,2.85589,350.154,15000,53504,6.31766
Suite_14,Deferred_Uber,0,2422,2.16952,0.679031,0.116736,0.299008,0.716704,2.85041,350.826,15000,55040,6.39042
Suite_14,Deferred_Uber,0,2423,2.17405,0.659214,0.11264,0.299008,0.715456,2.88391,346.751,15000,56576,6.42235
Suite_14,Deferred_Uber,0,2424,2.17884,0.670209,0.135168,0.30832,0.776608,2.86784,348.695,15000,57984,6.5088
Suite_14,Deferred_Uber,0,2425,2.17983,0.657869,0.117184,0.315392,0.73072,2.88693,346.389,15000,59264,6.58881
Suite_14,Deferred_Uber,0,2426,2.22953,0.721273,0.117504,0.315392,0.734624,2.8758,347.729,15000,60672,6.62114
Suite_14,Deferred_Uber,0,2427,2.20225,0.706529,0.123712,0.315552,0.741376,2.99155,334.274,15000,61568,6.6517
Suite_14,Deferred_Uber,0,2428,2.18544,0.712778,0.12032,0.316896,0.744544,2.9457,339.478,15000,62592,6.68363
Suite_14,Deferred_Uber,0,2429,2.19469,0.714767,0.121536,0.316768,0.745152,2.93782,340.389,15000,63872,6.71556
Suite_14,Deferred_Uber,0,2430,2.20002,0.669046,0.122432,0.31712,0.744928,2.94812,339.2,15000,65536,6.74882
Suite_14,Deferred_Uber,0,2431,2.20493,0.681497,0.12624,0.331264,0.75776,2.90815,343.862,15000,66560,6.92556
Suite_14,Deferred_Uber,0,2432,2.20601,0.671172,0.129888,0.325632,0.761024,2.92529,341.847,15000,67712,6.95796
Suite_14,Deferred_Uber,0,2433,2.21127,0.677057,0.12864,0.332384,0.759808,2.9181,342.689,15000,70144,7.09113
Suite_14,Deferred_Uber,0,2434,2.22431,0.675851,0.129024,0.339968,0.772832,2.92964,341.339,15000,72064,7.20881
Suite_14,Deferred_Uber,0,2435,2.22674,0.665803,0.153472,0.342496,0.79872,2.94058,340.069,15000,73856,7.24338
Suite_14,Deferred_Uber,0,2436,2.24022,0.71264,0.127296,0.347872,0.785504,2.93499,340.717,15000,75904,7.45797
Suite_14,Deferred_Uber,0,2437,2.23826,0.721087,0.133056,0.347776,0.778112,2.99724,333.641,15000,77184,7.49256
Suite_14,Deferred_Uber,0,2438,2.25042,0.777583,0.608128,0.357056,1.29024,3.00393,332.897,15000,79232,7.58303
Suite_14,Deferred_Uber,0,2439,2.2573,0.678656,0.13536,0.358432,0.802816,3.07124,325.602,15000,81536,7.61876
Suite_14,Deferred_Uber,0,2440,2.25954,0.693304,0.13488,0.3672,0.810336,2.9789,335.695,15000,83584,7.74043
Suite_14,Deferred_Uber,0,2441,2.2701,0.679811,0.136288,0.374016,0.816832,2.99955,333.383,15000,85504,7.83229
Suite_14,Deferred_Uber,0,2442,2.26525,0.710268,0.139424,0.377024,0.825344,2.99678,333.691,15000,87040,7.86752
Suite_14,Deferred_Uber,0,2443,2.3023,0.731619,0.13808,0.374784,0.817216,3.0263,330.436,15000,89216,7.9065
Suite_14,Deferred_Uber,0,2444,2.3004,0.695992,0.142688,0.375712,0.845824,3.08337,324.32,15000,91264,7.94322
Suite_14,Deferred_Uber,0,2445,2.30073,0.710075,0.16032,0.377152,0.840768,3.04912,327.964,15000,92416,7.97924
Suite_14,Deferred_Uber,0,2446,2.29546,0.709005,0.147456,0.375872,0.830016,3.05972,326.827,15000,94208,8.01521
Suite_14,Deferred_Uber,0,2447,2.30386,0.707684,0.14848,0.37568,0.82944,3.05253,327.597,15000,95872,8.05104
Suite_14,Deferred_Uber,0,2448,2.31532,0.741244,0.147776,0.37888,0.831488,3.06298,326.48,15000,98560,8.08993
Suite_14,Deferred_Uber,0,2449,2.3161,0.738012,0.148576,0.380928,0.837568,3.11001,321.543,15000,101888,8.12985
Suite_14,Deferred_Uber,0,2450,2.32565,0.808952,0.152864,0.393408,0.84352,3.10925,321.621,15000,103680,8.25776
Suite_14,Deferred_Uber,0,2451,2.32706,0.744249,0.153856,0.393568,0.847872,3.18498,313.974,15000,105216,8.29444
Suite_14,Deferred_Uber,0,2452,2.34144,0.765143,0.155648,0.396224,0.854112,3.12282,320.223,15000,108800,8.33689
Suite_14,Deferred_Uber,0,2453,2.35313,0.753128,0.158688,0.417536,0.882784,3.16238,316.217,15000,110976,8.55384
Suite_14,Deferred_Uber,0,2454,2.36367,0.774485,0.16432,0.413824,0.876544,3.1612,316.335,15000,113920,8.59428
Suite_14,Deferred_Uber,0,2455,2.3718,0.777099,0.15952,0.415296,0.877856,3.19523,312.966,15000,115968,8.63297
Suite_14,Deferred_Uber,0,2456,2.38602,0.783672,0.16384,0.429248,0.913088,3.20473,312.039,15000,118528,8.83954
Suite_14,Deferred_Uber,0,2457,2.38514,0.770893,0.167104,0.424064,0.894976,3.23357,309.255,15000,121088,8.87978
Suite_14,Deferred_Uber,0,2458,2.39443,0.786219,0.168704,0.423936,0.917504,3.21684,310.865,15000,124288,8.92183
Suite_14,Deferred_Uber,0,2459,2.41096,0.794824,0.6912,0.423936,1.42131,3.24186,308.465,15000,128896,8.96501
Suite_14,Deferred_Uber,0,2460,2.41371,0.773266,0.17392,0.43664,0.91136,3.2647,306.307,15000,131584,9.16239
Suite_14,Deferred_Uber,0,2461,2.41928,0.778553,0.178176,0.432128,0.920384,3.25738,306.995,15000,134912,9.2057
Suite_14,Deferred_Uber,0,2462,2.43406,0.785251,0.180672,0.43056,0.917664,3.26242,306.521,15000,139264,9.25021
Suite_14,Deferred_Uber,0,2463,2.45752,0.791467,0.182272,0.432128,0.9216,3.28811,304.126,15000,142592,9.29436
Suite_14,Deferred_Uber,0,2464,2.47053,0.816598,0.186048,0.43264,0.92672,3.31608,301.561,15000,146688,9.34305
Suite_14,Deferred_Uber,0,2465,2.47958,0.805199,0.190784,0.432096,0.927744,3.35656,297.924,15000,149888,9.38611
Suite_14,Deferred_Uber,0,2466,2.48955,0.803851,0.190336,0.431296,0.931712,3.35391,298.16,15000,154240,9.43038
Suite_14,Deferred_Uber,0,2467,2.50582,0.807543,0.194016,0.431936,0.9296,3.36484,297.191,15000,157568,9.47342
Suite_14,Deferred_Uber,0,2468,2.51461,0.825664,0.197536,0.440416,0.944608,3.38339,295.561,15000,161408,9.5698
Suite_14,Deferred_Uber,0,2469,2.52912,0.817919,0.193504,0.444416,0.944416,3.41414,292.9,15000,164992,9.61396
Suite_14,Deferred_Uber,0,2470,2.53479,0.828852,0.206784,0.457888,0.976896,3.42011,292.389,15000,169472,9.80426
Suite_14,Deferred_Uber,0,2471,2.56075,0.831462,0.20416,0.460672,0.9712,3.44183,290.543,15000,173184,9.84821
Suite_14,Deferred_Uber,0,2472,2.55449,0.823504,0.208896,0.458816,0.966656,3.46851,288.308,15000,176000,9.89259
Suite_14,Deferred_Uber,0,2473,2.575,0.882624,1.7177,0.458944,2.48397,3.45794,289.189,15000,179840,9.93802
Suite_14,Deferred_Uber,0,2474,2.59896,0.871749,0.213504,0.467104,0.990208,3.53947,282.528,15000,184960,10.1043
Suite_14,Deferred_Uber,0,2475,2.61919,0.859748,0.217088,0.468992,0.995264,3.552,281.531,15000,189056,10.1511
Suite_14,Deferred_Uber,0,2476,2.61414,0.853171,0.217088,0.468352,0.98384,3.56098,280.822,15000,193152,10.1977
Suite_14,Deferred_Uber,0,2477,2.62938,0.854559,0.216992,0.477312,0.991936,3.55385,281.385,15000,196224,10.3017
Suite_14,Deferred_Uber,0,2478,2.62705,0.858001,0.227328,0.484448,1.01171,3.57194,279.96,15000,199680,10.4809
Suite_14,Deferred_Uber,0,2479,2.64821,0.869438,0.226976,0.48176,1.00762,3.57083,280.047,15000,204672,10.5321
Suite_14,Deferred_Uber,0,2480,2.65885,0.869804,0.229376,0.48128,1.02323,3.60346,277.511,15000,209152,10.5802
Suite_14,Deferred_Uber,0,2481,2.66761,0.871775,0.231712,0.482112,1.01952,3.62111,276.158,15000,212224,10.6282
Suite_14,Deferred_Uber,0,2482,2.68146,0.882798,0.237472,0.49008,1.03366,3.62798,275.635,15000,215808,10.8335
Suite_14,Deferred_Uber,0,2483,2.69916,0.867467,0.234176,0.497664,1.0424,3.65418,273.659,15000,220544,11.1443
Suite_14,Deferred_Uber,0,2484,2.70699,0.916253,0.739296,0.506976,1.57322,3.66528,272.83,15000,225792,11.2546
Suite_14,Deferred_Uber,0,2485,2.74241,0.896079,0.247424,0.53104,1.08749,3.7271,268.305,15000,231552,11.5649
Suite_14,Deferred_Uber,0,2486,2.74834,0.904496,0.264512,0.549888,1.11206,3.7422,267.223,15000,236800,11.8605
Suite_14,Deferred_Uber,0,2487,2.75585,0.88645,0.252864,0.548864,1.12835,3.75079,266.611,15000,241664,11.9142
Suite_14,Deferred_Uber,0,2488,2.78631,0.926981,0.255296,0.549568,1.11722,3.74903,266.736,15000,247296,11.9702
Suite_14,Deferred_Uber,0,2489,2.79534,0.905813,0.260448,0.550304,1.11382,4.0967,244.099,15000,251520,12.0239
Suite_14,Deferred_Uber,0,2490,2.80151,0.928436,0.257728,0.559008,1.12822,3.80681,262.687,15000,256512,12.1858
Suite_14,Deferred_Uber,0,2491,2.81648,0.965123,0.264416,0.558176,1.1345,3.83516,260.745,15000,262016,12.2407
Suite_14,Deferred_Uber,0,2492,2.84132,0.963234,0.26672,0.56304,1.13802,3.89291,256.877,15000,268032,12.3002
Suite_14,Deferred_Uber,0,2493,2.85291,0.974571,0.78848,0.587168,1.68346,3.91635,255.34,15000,274176,12.5201
Suite_14,Deferred_Uber,0,2494,2.87011,0.960081,0.27984,0.590688,1.18144,3.94375,253.566,15000,280192,12.5759
Suite_14,Deferred_Uber,0,2495,2.88444,0.975288,0.2848,0.624608,1.2159,3.9442,253.537,15000,285184,12.9108
Suite_14,Deferred_Uber,0,2496,2.90306,0.970104,0.302912,0.64144,1.81856,3.97464,251.595,15000,290560,13.1093
Suite_14,Deferred_Uber,0,2497,2.91942,0.989931,0.287936,0.650976,1.3641,4.00016,249.99,15000,296832,13.2327
Suite_14,Deferred_Uber,0,2498,2.93429,1.01154,0.290816,0.689952,1.2889,4.0297,248.157,15000,301952,13.4532
Suite_14,Deferred_Uber,0,2499,2.96553,1.00549,0.287072,0.688128,1.27792,4.06727,245.865,15000,307200,13.5129
Suite_14,Deferred_Uber,0,2500,2.9922,1.04366,0.292864,0.704512,1.88566,4.09588,244.148,15000,312320,13.6805
Suite_14,Deferred_Uber,0,2501,3.00592,1.01967,0.508096,0.717216,1.52573,4.16749,239.953,15000,319104,13.8027
Suite_14,Deferred_Uber,0,2502,3.00803,1.02712,0.306656,0.733632,1.46592,4.15674,240.573,15000,324352,13.9569
Suite_14,Deferred_Uber,0,2503,3.02149,1.02155,0.3072,0.741152,1.35242,4.1692,239.854,15000,331520,14.1069
Suite_14,Deferred_Uber,0,2504,3.05216,1.03218,0.310176,0.741024,1.35507,4.17368,239.597,15000,338176,14.1695
Suite_14,Deferred_Uber,0,2505,3.05879,1.03649,0.335968,0.751232,1.96608,4.22373,236.758,15000,344832,14.2617
Suite_14,Deferred_Uber,0,2506,3.0731,1.03725,0.317632,0.776448,1.95946,4.23475,236.141,15000,351232,15.4993
Suite_14,Deferred_Uber,0,2507,3.09434,1.06126,0.325312,0.790976,1.54202,4.25934,234.778,15000,356992,15.6748
Suite_14,Deferred_Uber,0,2508,3.11049,1.08473,0.867584,0.799424,1.99274,4.29916,232.604,15000,363904,16.0355
Suite_14,Deferred_Uber,0,2509,3.13484,1.0729,0.338464,0.825504,1.49408,4.34296,230.257,15000,371712,16.2221
Suite_14,Deferred_Uber,0,2510,3.14876,1.08301,0.336352,0.823968,2.96547,4.36325,229.187,15000,378112,16.2932
Suite_14,Deferred_Uber,0,2511,3.17344,1.08523,0.344064,0.824992,1.4711,4.37998,228.312,15000,385152,16.3615
Suite_14,Deferred_Uber,0,2512,3.23909,1.14959,0.345952,0.841984,1.50192,4.40927,226.795,15000,392320,16.5387
Suite_14,Deferred_Uber,0,2513,3.22266,1.11001,0.346112,0.849696,3.01923,4.54458,220.042,15000,399488,16.6627
Suite_14,Deferred_Uber,0,2514,3.23188,1.12572,1.23197,0.860064,2.39907,4.50176,222.135,15000,405888,16.7915
Suite_14,Deferred_Uber,0,2515,3.24801,1.11508,0.3552,0.86176,1.51962,4.51766,221.353,15000,411520,16.8643
Suite_14,Deferred_Uber,0,2516,3.26145,1.12431,0.38224,0.862464,2.11558,4.5209,221.195,15000,419328,16.9396
Suite_14,Deferred_Uber,0,2517,3.27876,1.11829,0.385024,0.884736,2.1463,4.56346,219.132,15000,426112,17.2881
Suite_14,Deferred_Uber,0,2518,3.29908,1.15076,0.371008,0.886464,1.67936,4.57136,218.753,15000,434048,17.3616
Suite_14,Deferred_Uber,0,2519,3.31984,1.15974,0.97344,0.930336,2.77728,4.61491,216.689,15000,441984,17.956
Suite_14,Deferred_Uber,0,2520,3.33439,1.14635,0.389248,0.946176,2.2025,4.65252,214.937,15000,448512,18.1147
Suite_14,Deferred_Uber,0,2521,3.35369,1.16078,0.397312,0.965952,1.77962,4.65655,214.751,15000,453760,18.3532
Suite_14,Deferred_Uber,0,2522,3.36961,1.16569,0.4112,0.975648,2.26013,4.69035,213.204,15000,460672,18.4603
Suite_14,Deferred_Uber,0,2523,3.40066,1.20514,0.401472,0.980992,1.69334,4.71142,212.25,15000,468480,18.571
Suite_14,Deferred_Uber,0,2524,3.41623,1.19982,0.533152,0.981856,1.82045,4.7946,208.568,15000,476288,18.6525
Suite_14,Deferred_Uber,0,2525,3.42089,1.19358,0.40848,1.00557,3.22691,4.8015,208.268,15000,484864,19.172
Suite_14,Deferred_Uber,0,2526,3.45071,3.72377,0.415136,1.01837,1.7391,4.80192,208.25,15000,492928,19.3413
Suite_14,Deferred_Uber,0,2527,3.4755,1.19595,0.442368,1.02726,2.40045,7.36898,135.704,15000,500608,19.4224
Suite_14,Deferred_Uber,0,2528,3.4994,1.20583,0.421824,1.02621,2.37414,4.87387,205.176,15000,509824,19.5076
Suite_14,Deferred_Uber,0,2529,3.52758,1.25349,0.436224,1.04038,1.89725,4.90682,203.798,15000,516608,19.7044
Suite_14,Deferred_Uber,0,2530,3.53389,1.24692,0.459328,1.05805,2.39325,5.01852,199.262,15000,523008,19.8575
Suite_14,Deferred_Uber,0,2531,3.54849,1.23998,0.438848,1.07725,1.82416,4.98605,200.56,15000,532352,20.1343
Suite_14,Deferred_Uber,0,2532,3.5734,1.25022,0.44416,1.08704,1.84938,4.99673,200.131,15000,538624,20.2178
Suite_14,Deferred_Uber,0,2533,3.5873,1.29436,1.97696,1.08957,3.4881,5.03479,198.618,15000,546432,20.3495
Suite_14,Deferred_Uber,0,2534,3.60564,1.27349,0.453088,1.10944,2.43098,5.09815,196.15,15000,555776,20.4988
Suite_14,Deferred_Uber,0,2535,3.62548,1.27297,0.49152,1.10771,2.52058,5.09938,196.102,15000,563712,20.5892
Suite_14,Deferred_Uber,0,2536,3.6482,1.30913,0.468992,1.11392,1.91805,5.11728,195.417,15000,571776,20.6776
Suite_14,Deferred_Uber,0,2537,3.67436,1.3106,1.14118,1.11626,4.06589,5.17484,193.243,15000,580224,20.7676
Suite_14,Deferred_Uber,0,2538,3.6833,1.31018,0.47872,1.12278,2.48067,5.2031,192.193,15000,587520,20.9726
Suite_14,Deferred_Uber,0,2539,3.70764,1.29679,0.503808,1.14074,2.51062,5.21318,191.822,15000,594944,21.1548
Suite_14,Deferred_Uber,0,2540,3.71574,1.31732,0.488896,1.14262,2.05414,5.23165,191.144,15000,602624,21.251
Suite_14,Deferred_Uber,0,2541,3.74876,1.35587,2.01536,1.13638,3.57901,5.25942,190.135,15000,609152,21.3432
Suite_14,Deferred_Uber,0,2542,3.77862,1.37646,0.50176,1.15917,2.53171,5.33328,187.502,15000,617600,21.5982
Suite_14,Deferred_Uber,0,2543,3.78745,1.34667,0.512224,1.15917,2.00294,5.39605,185.321,15000,625536,21.6897
Suite_14,Deferred_Uber,0,2544,3.80328,1.3499,0.507904,1.17555,1.99587,5.36687,186.328,15000,632448,22.3053
Suite_14,Deferred_Uber,0,2545,3.82317,1.38564,0.52672,1.18301,2.13606,5.39382,185.397,15000,642176,22.6858
Suite_14,Deferred_Uber,0,2546,3.85636,1.3743,0.524,1.21395,3.5599,5.44672,183.597,15000,651392,22.9403
Suite_14,Deferred_Uber,0,2547,3.86293,1.39597,0.526656,1.2247,2.06234,5.47876,182.523,15000,658688,23.1271
Suite_14,Deferred_Uber,0,2548,3.88859,1.39482,0.568448,1.21722,2.67651,5.50293,181.721,15000,667520,23.2287
Suite_14,Deferred_Uber,0,2549,3.90025,1.40496,0.823488,1.22003,2.97984,5.53157,180.781,15000,673792,23.3281
Suite_14,Deferred_Uber,0,2550,3.92227,1.41344,0.538048,1.25405,2.22045,5.55773,179.93,15000,680448,23.5717
Suite_14,Deferred_Uber,0,2551,3.94148,1.40901,0.549216,1.27418,3.6327,5.59436,178.751,15000,687360,23.7017
Suite_14,Deferred_Uber,0,2552,3.95511,1.42684,0.557056,1.27507,2.70826,5.60315,178.471,15000,694272,23.8476
Suite_14,Deferred_Uber,0,2553,3.96987,1.40964,1.74739,1.28637,5.38829,5.64911,177.019,15000,702592,23.9878
Suite_14,Deferred_Uber,0,2554,3.98781,1.42614,0.561408,1.3105,2.18522,5.63678,177.406,15000,710912,24.1654
Suite_14,Deferred_Uber,0,2555,4.01185,1.44402,0.56528,1.36669,2.24467,5.68177,176.001,15000,718720,24.5094
Suite_14,Deferred_Uber,0,2556,4.02745,1.4591,2.1585,1.3888,3.99914,5.7323,174.45,15000,724480,24.7779
Suite_14,Deferred_Uber,0,2557,4.03906,1.45732,0.599104,1.40442,2.87347,5.76291,173.523,15000,730496,24.973
Suite_14,Deferred_Uber,0,2558,4.06884,1.46142,0.581568,1.42573,2.88864,5.76657,173.413,15000,739968,25.3851
Suite_14,Deferred_Uber,0,2559,4.09202,1.48373,1.86246,1.44976,4.2705,5.80498,172.266,15000,748160,25.7018
Suite_14,Deferred_Uber,0,2560,4.11409,1.51337,0.590464,1.46022,2.97898,5.8532,170.847,15000,756352,25.8169
Suite_14,Deferred_Uber,0,2561,4.13539,1.51835,0.602304,1.47782,3.0144,5.90709,169.288,15000,764416,26.7752
Suite_14,Deferred_Uber,0,2562,4.15008,1.51466,2.12138,1.48915,4.5568,5.93996,168.351,15000,771328,26.9226
Suite_14,Deferred_Uber,0,2563,4.16608,1.52034,0.612992,1.49405,2.41869,5.96047,167.772,15000,778752,27.1682
Suite_14,Deferred_Uber,0,2564,4.18292,1.53692,0.63488,1.50118,3.07763,5.98037,167.214,15000,787328,27.2915
Suite_14,Deferred_Uber,0,2565,4.20343,1.52845,0.929792,1.51686,3.32346,6.02634,165.938,15000,795520,27.4923
Suite_14,Deferred_Uber,0,2566,4.22698,1.55161,0.626656,1.5224,3.03456,6.04265,165.49,15000,802560,27.8852
Suite_14,Deferred_Uber,0,2567,4.24605,1.54683,0.653312,1.52787,3.12493,6.08219,164.414,15000,811392,28.0537
Suite_14,Deferred_Uber,0,2568,4.28557,4.24328,3.63117,1.53562,6.0416,6.09824,163.982,15000,818688,28.2549
Suite_14,Deferred_Uber,0,2569,4.29714,1.58378,0.643072,1.55414,3.07091,8.83249,113.218,15000,827904,28.6454
Suite_14,Deferred_Uber,0,2570,4.31339,1.58371,0.685664,1.55296,3.10682,6.2294,160.529,15000,835584,28.7745
Suite_14,Deferred_Uber,0,2571,4.32632,1.59613,1.07418,1.56262,3.57133,6.21116,161,15000,843648,28.9395
Suite_14,Deferred_Uber,0,2572,4.34727,1.59696,0.665792,1.57683,3.17638,6.22915,160.535,15000,851584,29.1234
Suite_14,Deferred_Uber,0,2573,4.36215,1.5953,0.669664,1.57456,3.17619,6.27376,159.394,15000,859648,29.2623
Suite_14,Deferred_Uber,0,2574,4.3791,1.60211,0.67712,1.57549,3.19603,6.27128,159.457,15000,866432,29.3973
Suite_14,Deferred_Uber,0,2575,4.40325,1.61199,0.682432,1.58106,2.576,6.30416,158.625,15000,875392,29.5711
Suite_14,Deferred_Uber,0,2576,4.425,1.64647,0.686016,1.58326,2.58141,6.33998,157.729,15000,882560,29.7139
Suite_14,Deferred_Uber,0,2577,4.43969,1.64673,0.702464,1.59773,3.23584,6.42405,155.665,15000,890624,29.928
Suite_14,Deferred_Uber,0,2578,4.44697,1.63581,0.71456,1.60358,3.19898,6.41659,155.846,15000,895360,30.0671
Suite_14,Deferred_Uber,0,2579,4.46576,1.63215,0.694784,1.59949,3.17402,6.42971,155.528,15000,902912,30.2429
Suite_14,Deferred_Uber,0,2580,4.48868,1.63251,2.3031,1.61382,4.85786,6.43566,155.384,15000,910464,30.4153
Suite_14,Deferred_Uber,0,2581,4.49954,1.62862,0.70832,1.61949,3.26051,6.46643,154.645,15000,918400,30.6029
Suite_14,Deferred_Uber,0,2582,4.52724,1.67367,0.719424,1.63226,3.29523,6.47356,154.475,15000,925696,30.835
Suite_14,Deferred_Uber,0,2583,4.54482,1.68951,1.4295,1.64454,4.00586,6.54025,152.899,15000,933632,31.0684
Suite_14,Deferred_Uber,0,2584,4.56531,1.67728,0.748736,1.68538,3.37162,6.59105,151.721,15000,939904,31.4594
Suite_14,Deferred_Uber,0,2585,4.58333,1.67938,0.73072,1.7256,3.33283,6.59661,151.593,15000,947584,31.7764
Suite_14,Deferred_Uber,0,2586,4.59324,1.70923,1.27523,1.72438,3.94035,6.61717,151.122,15000,953472,31.9388
Suite_14,Deferred_Uber,0,2587,4.62183,1.70008,0.737792,1.73475,3.39968,6.65488,150.266,15000,961792,32.0985
Suite_14,Deferred_Uber,0,2588,4.63386,1.71159,0.743424,1.75712,3.42662,6.67348,149.847,15000,968064,32.3207
Suite_14,Deferred_Uber,0,2589,4.64409,1.72026,0.909312,1.76128,3.59888,6.70995,149.032,15000,975104,32.485
Suite_14,Deferred_Uber,0,2590,4.66426,1.7334,0.751616,1.7753,3.45805,6.72322,148.738,15000,981376,32.6505
Suite_14,Deferred_Uber,0,2591,4.69433,1.7644,0.753664,1.78339,3.47747,6.76869,147.739,15000,989056,32.8215
Suite_14,Deferred_Uber,0,2592,4.69863,1.72926,1.49299,1.79507,3.60448,6.83276,146.354,15000,994560,33.0273
Suite_14,Deferred_Uber,0,2593,4.70955,1.70881,0.77344,1.79293,2.89098,6.80887,146.867,15000,1001728,33.2025
Suite_14,Deferred_Uber,0,2594,4.72485,1.7536,0.774016,1.80819,3.51629,6.78693,147.342,15000,1009152,33.4104
Suite_14,Deferred_Uber,0,2595,4.74296,1.76001,1.52893,1.82877,3.69533,6.85391,145.902,15000,1015424,33.6668
Suite_14,Deferred_Uber,0,2596,4.76218,1.75716,0.787008,1.83491,2.96112,6.86728,145.618,15000,1023360,33.8461
Suite_14,Deferred_Uber,0,2597,4.79136,4.01064,0.807808,1.84246,3.58726,6.8913,145.111,15000,1029504,34.0534
Suite_14,Deferred_Uber,0,2598,4.8258,1.81176,1.58515,1.86573,4.37725,9.19106,108.801,15000,1036160,34.3644
Suite_14,Deferred_Uber,0,2599,4.80923,1.78889,0.813888,1.86806,3.56774,7.05428,141.758,15000,1040384,34.5492
Suite_14,Deferred_Uber,0,2600,4.83897,1.80422,1.58506,1.8663,4.35219,6.9936,142.988,15000,1047936,34.7396
Suite_14,Deferred_Uber,0,2601,4.84166,1.80739,0.825664,1.87606,4.10214,7.0308,142.231,15000,1054976,34.9306
Suite_14,Deferred_Uber,0,2602,4.85743,1.84198,1.65494,1.87811,4.93978,7.04071,142.031,15000,1060352,35.1227
Suite_14,Deferred_Uber,0,2603,4.88243,1.83643,0.814048,1.88211,3.6335,7.1078,140.69,15000,1068032,35.3203
Suite_14,Deferred_Uber,0,2604,4.89213,1.85346,2.0377,1.88419,4.8599,7.12264,140.397,15000,1073536,35.5186
Suite_14,Deferred_Uber,0,2605,4.91521,1.88835,0.825472,1.89613,3.59418,7.14702,139.918,15000,1080448,35.7803
Suite_14,Deferred_Uber,0,2606,4.92726,1.8802,1.7225,1.90493,4.51379,7.21686,138.564,15000,1086208,35.9844
Suite_14,Deferred_Uber,0,2607,4.93846,1.86768,0.83968,1.91078,3.63546,7.2021,138.848,15000,1091328,36.2263
Suite_14,Deferred_Uber,0,2608,4.9512,1.89898,1.42627,1.92272,4.22662,7.21631,138.575,15000,1096448,36.5161
Suite_14,Deferred_Uber,0,2609,4.95982,1.88928,0.874016,1.93101,3.68061,7.25398,137.855,15000,1101312,36.7261
Suite_14,Deferred_Uber,0,2610,4.97582,1.87768,0.8736,1.94765,3.7608,7.24534,138.02,15000,1107584,36.9853
Suite_14,Deferred_Uber,0,2611,4.98402,1.8972,0.872448,1.97427,3.7335,7.26471,137.652,15000,1112448,37.2446
Suite_14,Deferred_Uber,0,2612,5.0462,1.95123,2.07053,1.98579,4.37453,7.29214,137.134,15000,1118080,37.6005
Suite_14,Deferred_Uber,0,2613,5.02718,1.87685,0.862208,2.01462,3.19773,7.40816,134.986,15000,1124096,37.8716
Suite_14,Deferred_Uber,0,2614,5.02814,1.9185,1.7601,2.02563,4.1001,7.31858,136.638,15000,1128448,38.1007
Suite_14,Deferred_Uber,0,2615,5.03746,1.91281,0.860768,2.04595,3.22733,7.3623,135.827,15000,1132672,38.6671
Suite_14,Deferred_Uber,0,2616,5.04784,1.90498,1.7152,2.05357,4.09002,7.35661,135.932,15000,1136896,38.9029
Suite_14,Deferred_Uber,0,2617,5.06719,1.90995,0.868352,2.06803,3.87318,7.36434,135.789,15000,1143296,39.2477
Suite_14,Deferred_Uber,0,2618,5.08279,1.94267,1.45818,2.07622,4.47488,7.40692,135.009,15000,1148288,39.4855
Suite_14,Deferred_Uber,0,2619,5.10578,1.96794,0.880896,2.0951,3.91363,7.43652,134.471,15000,1152896,39.7994
Suite_14,Deferred_Uber,0,2620,5.11024,1.94239,1.74509,2.10589,4.72986,7.50433,133.256,15000,1157760,40.0808
Suite_14,Deferred_Uber,0,2621,5.11766,1.96094,0.891744,2.11558,3.88493,7.47422,133.793,15000,1162624,40.4612
Suite_14,Deferred_Uber,0,2622,5.12188,4.26097,4.3111,2.13606,8.80358,7.5146,133.074,15000,1164928,40.757
Suite_14,Deferred_Uber,0,2623,5.13534,1.97224,0.896256,2.14656,3.49462,9.82527,101.778,15000,1170048,41.1078
Suite_14,Deferred_Uber,0,2624,5.16687,1.98347,1.65498,2.14768,4.11853,7.57309,132.046,15000,1174016,41.375
Suite_14,Deferred_Uber,0,2625,5.15947,1.97047,0.89824,2.15638,3.9977,7.59248,131.709,15000,1178496,41.646
Suite_14,Deferred_Uber,0,2626,5.1754,1.96961,1.55949,2.17878,4.67814,7.55488,132.365,15000,1183616,41.9597
Suite_14,Deferred_Uber,0,2627,5.18491,1.97071,0.935936,2.19363,4.05978,7.57823,131.957,15000,1187840,42.3097
Suite_14,Deferred_Uber,0,2628,5.19928,1.99603,1.75514,2.19309,5.34186,7.58471,131.844,15000,1193088,42.5931
Suite_14,Deferred_Uber,0,2629,5.20609,1.98277,0.923648,2.22182,4.08378,7.62381,131.168,15000,1197696,42.9104
Suite_14,Deferred_Uber,0,2630,5.21506,2.00562,1.38723,2.22925,4.49152,7.63164,131.033,15000,1203072,43.2
Suite_14,Deferred_Uber,0,2631,5.23346,2.00573,0.949248,2.80682,4.07344,7.66612,130.444,15000,1207808,43.499
Suite_14,Deferred_Uber,0,2632,5.25169,2.01909,1.90854,2.26918,4.49126,7.67759,130.249,15000,1213056,43.9615
Suite_14,Deferred_Uber,0,2633,5.25743,2.00136,0.946112,2.27834,4.18656,7.71902,129.55,15000,1218048,44.2725
Suite_14,Deferred_Uber,0,2634,5.27127,2.01285,1.66416,2.28442,4.88381,7.70035,129.864,15000,1222912,44.5847
Suite_14,Deferred_Uber,0,2635,5.28127,2.00822,0.940832,2.2969,4.1719,7.72089,129.519,15000,1227136,44.9438
Suite_14,Deferred_Uber,0,2636,5.29258,2.03313,1.77395,2.3297,5.04541,7.72737,129.41,15000,1230720,45.3889
Suite_14,Deferred_Uber,0,2637,5.29555,2.02099,0.970752,2.33882,4.82128,7.79302,128.32,15000,1232896,45.7509
Suite_14,Deferred_Uber,0,2638,5.30633,2.0313,1.7496,2.34701,4.97254,7.76273,128.821,15000,1234688,46.0797
Suite_14,Deferred_Uber,0,2639,5.30808,2.02213,0.978944,2.35546,4.28051,7.80721,128.087,15000,1236992,46.4681
Suite_14,Deferred_Uber,0,2640,5.30832,2.03597,1.86259,2.39203,5.13267,7.77308,128.649,15000,1238912,47.2562
Suite_14,Deferred_Uber,0,2641,5.31518,2.0409,0.960512,2.39616,3.69325,7.80274,128.16,15000,1241344,47.7887
Suite_14,Deferred_Uber,0,2642,5.32116,2.03016,1.64275,2.40026,4.98285,7.81836,127.904,15000,1244288,48.1453
Suite_14,Deferred_Uber,0,2643,5.33106,2.02393,0.950432,2.40246,4.23117,7.79404,128.303,15000,1246080,48.5041
Suite_14,Deferred_Uber,0,2644,5.33502,4.19975,3.89328,2.40845,7.18432,7.8051,128.121,15000,1248256,48.8705
Suite_14,Deferred_Uber,0,2645,5.3664,2.08967,0.983424,2.40659,4.27578,9.98958,100.104,15000,1251200,49.247
Suite_14,Deferred_Uber,0,2646,5.34809,2.02426,1.9497,2.40845,4.67968,7.94765,125.823,15000,1252480,49.6185
Suite_14,Deferred_Uber,0,2647,5.3495,2.04911,0.964032,2.41821,4.26064,7.82787,127.749,15000,1254144,50.0387
Suite_14,Deferred_Uber,0,2648,5.34771,2.05975,1.68944,2.42278,5.04435,7.86022,127.223,15000,1255808,50.4124
Suite_14,Deferred_Uber,0,2649,5.36366,2.05608,0.974304,2.44192,4.41344,7.86972,127.069,15000,1256832,50.9982
Suite_14,Deferred_Uber,0,2650,5.36289,2.04277,1.7129,2.44646,5.60573,7.88796,126.776,15000,1259008,51.3988
Suite_14,Deferred_Uber,0,2651,5.39048,2.08957,0.977696,2.43917,4.29386,7.86423,127.158,15000,1258112,51.7951
Suite_14,Deferred_Uber,0,2652,5.36151,2.0679,1.70317,2.4415,5.02941,7.93401,126.04,15000,1258624,52.2145
Suite_14,Deferred_Uber,0,2653,5.36105,2.02965,1.00877,2.4391,4.32538,7.90521,126.499,15000,1259776,52.6394
Suite_14,Deferred_Uber,0,2654,5.37176,2.05674,1.93126,2.43856,5.30282,7.84085,127.537,15000,1260928,53.0537
Suite_14,Deferred_Uber,0,2655,5.36854,2.05452,0.986784,2.43808,4.48518,8.02627,124.591,15000,1260544,53.4918
Suite_14,Deferred_Uber,0,2656,5.36485,2.06069,1.42182,2.43917,4.81485,7.87377,127.004,15000,1262464,53.9457
Suite_14,Deferred_Uber,0,2657,5.37904,2.09705,1.01222,2.44541,5.01482,7.89248,126.703,15000,1262080,54.4017
Suite_14,Deferred_Uber,0,2658,5.36919,2.07894,1.83443,2.44374,5.14848,7.93697,125.993,15000,1262336,54.8647
Suite_14,Deferred_Uber,0,2659,5.36405,2.06229,0.999424,2.44326,4.31776,7.91582,126.329,15000,1262848,55.3391
Suite_14,Deferred_Uber,0,2660,5.36744,2.04503,1.1712,2.43904,4.49741,7.89589,126.648,15000,1264000,55.8211
Suite_14,Deferred_Uber,0,2661,5.36519,2.04564,1.00077,2.43194,3.77008,7.88457,126.83,15000,1263744,55.2788
Suite_14,Deferred_Uber,0,2662,5.37186,2.08333,1.73014,2.42352,5.09181,7.86901,127.081,15000,1264128,55.7704
Suite_14,Deferred_Uber,0,2663,5.36899,2.06901,0.9976,2.42893,4.38611,7.90953,126.43,15000,1263488,56.2603
Suite_14,Deferred_Uber,0,2664,5.37336,2.06472,1.79466,2.42602,5.68262,7.9038,126.521,15000,1263616,56.777
Suite_14,Deferred_Uber,0,2665,5.37132,2.05335,1.00762,2.43091,4.4248,7.90644,126.479,15000,1263872,57.3047
Suite_14,Deferred_Uber,0,2666,5.36644,4.5974,3.76355,2.43344,6.52077,7.91602,126.326,15000,1262848,57.9066
Suite_14,Deferred_Uber,0,2667,5.38346,2.02401,1.01165,2.4335,4.3783,10.4205,95.9649,15000,1264000,58.4549
Suite_14,Deferred_Uber,0,2668,5.36444,2.04587,1.67629,2.43021,5.05533,7.87425,126.996,15000,1263744,58.9758
Suite_14,Deferred_Uber,0,2669,5.3665,2.04006,1.03424,2.4248,5.02646,7.87707,126.951,15000,1263360,59.5175
Suite_14,Deferred_Uber,0,2670,5.38527,2.06691,1.8175,2.42486,5.11712,7.8664,127.123,15000,1263616,60.0885
Suite_14,Deferred_Uber,0,2671,5.36046,2.06692,1.01533,2.42902,4.32538,7.90404,126.518,15000,1263616,60.7618
Suite_14,Deferred_Uber,0,2672,5.35561,2.06414,1.71626,2.42522,5.0168,7.88809,126.773,15000,1262848,61.332
Suite_14,Deferred_Uber,0,2673,5.34814,2.0275,1.01584,2.41862,3.78173,7.89576,126.65,15000,1261184,61.9149
Suite_14,Deferred_Uber,0,2674,5.35088,2.06217,1.66336,2.4184,5.0096,7.83642,127.609,15000,1260672,62.5117
Suite_14,Deferred_Uber,0,2675,5.34692,2.0748,1.00614,2.42387,4.36333,7.8749,126.986,15000,1259904,63.1879
Suite_14,Deferred_Uber,0,2676,5.35022,2.04176,1.76742,2.42688,5.13434,7.87127,127.044,15000,1259392,63.814
Suite_14,Deferred_Uber,0,2677,5.3552,2.047,1.01392,2.42262,4.42806,7.84608,127.452,15000,1258496,64.437
Suite_14,Deferred_Uber,0,2678,5.35207,2.05737,1.77699,2.42483,5.07862,7.85816,127.256,15000,1259264,65.0734
Suite_14,Deferred_Uber,0,2679,5.33977,2.04605,1.03424,2.4185,4.39997,7.85913,127.241,15000,1257984,65.727
Suite_14,Deferred_Uber,0,2680,5.33382,2.0522,2.49245,2.41821,5.37395,7.86248,127.186,15000,1256960,66.3698
Suite_14,Deferred_Uber,0,2681,5.33643,2.04563,1.02528,2.40093,3.74022,7.84279,127.506,15000,1254784,66.8811
Suite_14,Deferred_Uber,0,2682,5.3324,2.05338,1.81373,2.41251,5.15277,7.84153,127.526,15000,1254272,67.6079
Suite_14,Deferred_Uber,0,2683,5.33145,2.04656,1.024,2.40349,4.37581,7.83515,127.63,15000,1252352,68.2505
Suite_14,Deferred_Uber,0,2684,5.32329,2.0587,1.784,2.41382,5.65043,7.84237,127.512,15000,1250816,68.9798
Suite_14,Deferred_Uber,0,2685,5.32165,2.03003,1.04819,2.40976,4.44403,7.83091,127.699,15000,1251328,69.6318
Suite_14,Deferred_Uber,0,2686,5.32276,2.06906,1.42192,2.40176,4.70051,7.83181,127.684,15000,1248768,70.3159
Suite_14,Deferred_Uber,0,2687,5.3077,4.86064,1.04496,2.42688,4.3968,7.85811,127.257,15000,1245696,71.1617
Suite_14,Deferred_Uber,0,2688,5.33908,2.17019,1.92339,2.42074,5.22598,10.6191,94.1697,15000,1244672,71.8463
Suite_14,Deferred_Uber,0,2689,5.31477,2.0518,1.07302,2.43766,5.01555,7.98521,125.232,15000,1243008,72.5941
Suite_14,Deferred_Uber,0,2690,5.30373,2.04042,1.75456,2.44112,5.07466,7.81445,127.968,15000,1242880,73.2445
Suite_14,Deferred_Uber,0,2691,5.29462,2.01818,1.05078,2.44762,4.44544,7.79324,128.316,15000,1240192,74.0274
Suite_14,Deferred_Uber,0,2692,5.28908,2.04547,1.9513,2.45136,5.28438,7.7848,128.455,15000,1239040,74.6512
Suite_14,Deferred_Uber,0,2693,5.28802,2.04061,1.04291,2.45702,3.83386,7.79988,128.207,15000,1238528,75.3326
Suite_14,Deferred_Uber,0,2694,5.28753,2.02478,1.59814,2.45757,4.98141,7.77377,128.638,15000,1235840,76.0112
Suite_14,Deferred_Uber,0,2695,5.28763,2.0628,1.03014,2.45699,4.35482,7.77206,128.666,15000,1233536,76.6812
Suite_14,Deferred_Uber,0,2696,5.27663,2.04807,1.65533,2.48192,5.07094,7.80921,128.054,15000,1231744,77.5576
Suite_14,Deferred_Uber,0,2697,5.27088,2.03629,1.05722,2.48336,5.03526,7.77915,128.549,15000,1229184,78.2327
Suite_14,Deferred_Uber,0,2698,5.26493,2.04162,1.73638,2.47578,5.08787,7.75057,129.023,15000,1226368,78.8737
Suite_14,Deferred_Uber,0,2699,5.25505,2.02501,1.03629,2.46579,4.44045,7.75396,128.966,15000,1222272,78.1509
Suite_14,Deferred_Uber,0,2700,5.23634,2.04514,1.93414,2.46579,5.27578,7.73008,129.365,15000,1220352,78.8215
Suite_14,Deferred_Uber,0,2701,5.23009,2.01846,1.0199,2.47238,4.38144,7.72969,129.371,15000,1216512,79.4917
Suite_14,Deferred_Uber,0,2702,5.22215,2.00811,1.66502,2.47965,5.07904,7.705,129.786,15000,1213952,79.4828
Suite_14,Deferred_Uber,0,2703,5.21313,2.00604,0.98048,2.52506,4.55344,7.69435,129.965,15000,1208960,79.7997
Suite_14,Deferred_Uber,0,2704,5.20396,2.01049,0.970752,2.53619,4.54717,7.65977,130.552,15000,1206784,80.5751
Suite_14,Deferred_Uber,0,2705,5.20176,1.99009,0.961984,2.53021,4.43187,7.65132,130.696,15000,1204864,81.482
Suite_14,Deferred_Uber,0,2706,5.19259,2.01845,1.46525,2.53235,5.45418,7.62976,131.066,15000,1201408,82.5028
Suite_14,Deferred_Uber,0,2707,5.1812,1.98659,0.95232,2.70746,4.53837,7.65102,130.702,15000,1198592,83.5937
Suite_14,Deferred_Uber,0,2708,5.18268,2.03539,1.65248,2.51872,5.04422,7.59846,131.606,15000,1194880,83.0605
Suite_14,Deferred_Uber,0,2709,5.16504,4.86766,0.951296,2.52387,4.40998,7.67363,130.316,15000,1191168,83.0432
Suite_14,Deferred_Uber,0,2710,5.16484,2.00757,1.34458,2.51786,4.80595,10.464,95.5655,15000,1188608,80.0022
Suite_14,Deferred_Uber,0,2711,5.17056,1.99255,0.944832,2.52064,4.40902,7.60107,131.56,15000,1186816,80.3373
Suite_14,Deferred_Uber,0,2712,5.16522,2.00623,1.44179,2.51485,5.40701,7.61788,131.27,15000,1183744,80.6064
Suite_14,Deferred_Uber,0,2713,5.14092,1.98642,0.954464,2.50717,5.04189,7.62044,131.226,15000,1182976,80.849
Suite_14,Deferred_Uber,0,2714,5.13571,1.98455,1.62643,2.5047,5.01341,7.57186,132.068,15000,1181184,81.0678
Suite_14,Deferred_Uber,0,2715,5.12456,1.97626,0.947136,2.47414,4.4313,7.5589,132.294,15000,1177728,80.3061
Suite_14,Deferred_Uber,0,2716,5.11525,1.98077,1.80262,2.46989,5.15222,7.54474,132.543,15000,1174400,80.4007
Suite_14,Deferred_Uber,0,2717,5.10888,1.98329,0.952032,2.45085,4.28851,7.53478,132.718,15000,1171200,80.3274
Suite_14,Deferred_Uber,0,2718,5.1021,1.96215,1.87926,2.44816,4.64083,7.51967,132.984,15000,1169792,80.3739
Suite_14,Deferred_Uber,0,2719,5.10147,1.96789,0.921824,2.44682,4.3223,7.48344,133.628,15000,1167360,80.4264
Suite_14,Deferred_Uber,0,2720,5.08456,2.0016,1.3927,2.43568,4.77024,7.48972,133.516,15000,1162112,79.7032
Suite_14,Deferred_Uber,0,2721,5.09292,1.98067,0.909216,2.42291,4.26429,7.50843,133.184,15000,1158656,79.5
Suite_14,Deferred_Uber,0,2722,5.06846,1.96638,1.77402,2.42483,5.07699,7.49759,133.376,15000,1156608,79.5079
Suite_14,Deferred_Uber,0,2723,5.05199,1.94308,0.905216,2.41162,4.26803,7.46501,133.958,15000,1152640,77.9509
Suite_14,Deferred_Uber,0,2724,5.05141,1.96545,1.32515,2.41424,4.62643,7.41883,134.792,15000,1149056,78.0027
Suite_14,Deferred_Uber,0,2725,5.04806,1.96365,0.925696,2.41696,4.79117,7.44739,134.275,15000,1146752,77.9432
Suite_14,Deferred_Uber,0,2726,5.03104,1.94146,1.8857,2.41869,5.29827,7.45398,134.157,15000,1142144,77.8499
Suite_14,Deferred_Uber,0,2727,5.02311,2.04234,0.902304,2.42522,4.20682,7.39828,135.167,15000,1138560,77.815
Suite_14,Deferred_Uber,0,2728,5.02016,2.00426,1.30589,2.41917,4.59942,7.49748,133.378,15000,1135104,77.733
Suite_14,Deferred_Uber,0,2729,5.00638,1.92481,0.909248,2.4064,4.31398,7.46012,134.046,15000,1131904,77.0575
Suite_14,Deferred_Uber,0,2730,4.99486,1.92611,1.74643,2.41056,5.03837,7.34996,136.055,15000,1128960,76.9641
Suite_14,Deferred_Uber,0,2731,4.98717,1.93878,0.90272,2.40509,4.18778,7.34832,136.086,15000,1125504,76.8774
Suite_14,Deferred_Uber,0,2732,4.98055,5.51643,4.94688,2.39533,8.28432,7.33214,136.386,15000,1122944,76.6597
Suite_14,Deferred_Uber,0,2733,4.9924,1.90091,0.906464,2.39411,4.74317,10.9123,91.6401,15000,1119744,76.5741
Suite_14,Deferred_Uber,0,2734,4.97183,1.95144,1.78701,2.37034,5.08198,7.3128,136.746,15000,1115520,74.2404
Suite_14,Deferred_Uber,0,2735,4.94892,1.89329,0.883328,2.38163,4.14621,7.34168,136.209,15000,1111680,74.169
Suite_14,Deferred_Uber,0,2736,4.93897,1.88664,1.55238,2.37434,4.79933,7.27484,137.46,15000,1106432,74.0049
Suite_14,Deferred_Uber,0,2737,4.92886,1.88782,0.86016,2.36954,4.11258,7.22882,138.335,15000,1102464,73.8863
Suite_14,Deferred_Uber,0,2738,4.91447,1.89574,1.29818,2.36906,4.5488,7.21842,138.535,15000,1097216,73.8159
Suite_14,Deferred_Uber,0,2739,4.89744,1.871,0.880224,2.36013,4.23526,7.22684,138.373,15000,1092224,73.6571
Suite_14,Deferred_Uber,0,2740,4.88939,1.85622,1.70054,2.3511,4.93114,7.17738,139.327,15000,1088128,73.2472
Suite_14,Deferred_Uber,0,2741,4.87591,1.85235,0.884736,2.35491,4.11539,7.13958,140.064,15000,1083904,73.2063
Suite_14,Deferred_Uber,0,2742,4.86196,1.8511,0.884736,2.35203,4.22883,7.12738,140.304,15000,1078784,73.1705
Suite_14,Deferred_Uber,0,2743,4.85683,1.84115,0.874496,2.34701,4.10211,7.1068,140.71,15000,1075712,73.0376
Suite_14,Deferred_Uber,0,2744,4.84457,1.85905,1.18515,2.35178,4.41344,7.0831,141.181,15000,1072896,72.9285
Suite_14,Deferred_Uber,0,2745,4.8403,1.8662,0.865792,2.35165,4.09232,7.094,140.964,15000,1069824,72.908
Suite_14,Deferred_Uber,0,2746,4.8289,1.83132,1.1817,2.3511,4.41392,7.10887,140.669,15000,1065088,72.8971
Suite_14,Deferred_Uber,0,2747,4.81569,1.85159,0.85536,2.35734,4.10624,7.05017,141.84,15000,1060864,72.8886
Suite_14,Deferred_Uber,0,2748,4.80745,1.87658,0.866304,2.35632,4.18141,7.06099,141.623,15000,1056384,72.9109
Suite_14,Deferred_Uber,0,2749,4.79104,1.84248,0.84576,2.36605,5.5536,7.09779,140.889,15000,1051776,72.8679
Suite_14,Deferred_Uber,0,2750,4.78122,1.82246,1.60157,2.3505,4.27152,7.02394,142.37,15000,1048704,72.8001
Suite_14,Deferred_Uber,0,2751,4.77162,1.8329,0.850016,2.3535,3.52051,7.0036,142.784,15000,1044864,72.855
Suite_14,Deferred_Uber,0,2752,4.75921,1.80621,1.50931,2.34781,4.30429,6.99541,142.951,15000,1041024,72.9333
Suite_14,Deferred_Uber,0,2753,4.75295,1.79474,0.854016,2.34906,5.56019,6.95361,143.81,15000,1036288,73.0238
Suite_14,Deferred_Uber,0,2754,4.73587,1.79838,1.60394,2.34224,4.25984,6.93376,144.222,15000,1030400,72.9106
Suite_14,Deferred_Uber,0,2755,4.72081,1.76837,0.845824,2.33088,3.48973,6.92059,144.496,15000,1025408,73.015
Suite_14,Deferred_Uber,0,2756,4.70871,1.78613,0.850176,2.32019,3.61798,6.86357,145.697,15000,1020416,72.8602
Suite_14,Deferred_Uber,0,2757,4.6989,1.79018,1.65888,2.31846,4.28749,6.86583,145.649,15000,1015040,72.9835
Suite_14,Deferred_Uber,0,2758,4.68504,1.75861,0.839392,2.32499,4.11862,6.85873,145.8,15000,1010560,73.0952
Suite_14,Deferred_Uber,0,2759,4.67128,4.11422,0.839232,2.32595,4.1001,6.81624,146.709,15000,1006080,73.2921
Suite_14,Deferred_Uber,0,2760,4.67954,1.72097,0.828192,2.2999,4.05914,9.15138,109.273,15000,1000448,73.0755
Suite_14,Deferred_Uber,0,2761,4.67076,1.74763,0.811296,2.30288,4.04154,6.78373,147.411,15000,996224,73.3653
Suite_14,Deferred_Uber,0,2762,4.63716,1.81617,0.820576,2.284,4.03456,6.80472,146.957,15000,989952,73.3319
Suite_14,Deferred_Uber,0,2763,4.63174,1.73404,0.812672,2.27293,3.9609,6.82106,146.605,15000,985984,73.7313
Suite_14,Deferred_Uber,0,2764,4.6097,1.70279,0.821248,2.28333,4.02512,6.72296,148.744,15000,980224,74.0157
Suite_14,Deferred_Uber,0,2765,4.58903,1.71851,2.9143,2.29162,6.13715,6.66924,149.942,15000,973824,74.0772
Suite_14,Deferred_Uber,0,2766,4.58164,1.71553,0.810528,2.28406,3.40787,6.67663,149.776,15000,970368,74.5842
Suite_14,Deferred_Uber,0,2767,4.57205,1.70879,0.800416,2.27789,3.39194,6.65706,150.217,15000,964992,75.1238
Suite_14,Deferred_Uber,0,2768,4.55752,1.722,0.81488,2.26899,4.01613,6.63679,150.675,15000,960640,75.4999
Suite_14,Deferred_Uber,0,2769,4.55018,1.73533,0.800896,2.27738,3.95469,6.64021,150.598,15000,955392,75.7071
Suite_14,Deferred_Uber,0,2770,4.54488,1.76402,0.790592,2.26304,3.93136,6.64772,150.427,15000,950400,73.8008
Suite_14,Deferred_Uber,0,2771,4.52015,1.70904,0.796672,2.24666,4.03456,6.67738,149.759,15000,944896,72.3901
Suite_14,Deferred_Uber,0,2772,4.50693,1.66551,0.77424,2.25446,3.90554,6.58431,151.876,15000,938624,72.666
Suite_14,Deferred_Uber,0,2773,4.4854,1.69201,0.761248,2.26307,3.89325,6.51479,153.497,15000,933504,72.9818
Suite_14,Deferred_Uber,0,2774,4.4818,1.6729,1.62797,2.24666,6.26694,6.52631,153.226,15000,928128,71.8411
Suite_14,Deferred_Uber,0,2775,4.46746,1.66932,0.759008,2.2433,3.8871,6.49284,154.016,15000,924032,71.9864
Suite_14,Deferred_Uber,0,2776,4.45193,1.67015,0.776096,2.22762,4.46054,6.47263,154.497,15000,918016,72.1911
Suite_14,Deferred_Uber,0,2777,4.4401,1.69099,0.784384,2.1807,3.96256,6.46244,154.74,15000,913792,69.6609
Suite_14,Deferred_Uber,0,2778,4.4402,1.67132,0.759808,2.18045,3.81926,6.47261,154.497,15000,908672,69.9868
Suite_14,Deferred_Uber,0,2779,4.4124,1.62322,0.754112,2.17533,3.8721,6.44956,155.049,15000,903936,70.3642
Suite_14,Deferred_Uber,0,2780,4.40326,1.64584,1.49222,2.16358,3.97312,6.36663,157.069,15000,898816,68.8152
Suite_14,Deferred_Uber,0,2781,4.38567,1.62016,0.750912,2.14826,3.20397,6.4029,156.179,15000,893696,69.2092
Suite_14,Deferred_Uber,0,2782,4.37982,1.64761,0.748992,2.12851,5.23834,6.34626,157.573,15000,889600,69.1514
Suite_14,Deferred_Uber,0,2783,4.37173,1.64153,1.2601,2.11821,4.25974,6.3655,157.097,15000,883968,69.441
Suite_14,Deferred_Uber,0,2784,4.34424,1.61872,0.768,2.1112,3.74813,6.3449,157.607,15000,877952,67.6517
Suite_14,Deferred_Uber,0,2785,4.33378,1.60804,0.756,2.08506,3.8393,6.29226,158.925,15000,872576,68.1693
Suite_14,Deferred_Uber,0,2786,4.32173,1.60603,1.5872,2.08893,4.54938,6.2621,159.691,15000,866688,67.2109
Suite_14,Deferred_Uber,0,2787,4.30734,1.57146,0.749568,2.09101,3.83984,6.24583,160.107,15000,861184,67.8281
Suite_14,Deferred_Uber,0,2788,4.29468,3.92033,0.72896,2.07331,3.67002,6.19907,161.314,15000,854912,68.0962
Suite_14,Deferred_Uber,0,2789,4.29697,1.61257,0.741376,2.06858,3.80621,8.54807,116.986,15000,848128,68.0699
Suite_14,Deferred_Uber,0,2790,4.26428,1.56989,0.726944,2.07133,3.10467,6.2308,160.493,15000,842880,68.4728
Suite_14,Deferred_Uber,0,2791,4.24409,1.54329,0.7424,2.06643,3.79866,6.14963,162.612,15000,838400,69.1168
Suite_14,Deferred_Uber,0,2792,4.2309,1.57381,1.44384,2.07459,4.38989,6.11031,163.658,15000,831360,69.7564
Suite_14,Deferred_Uber,0,2793,4.22424,1.58603,0.710656,2.08832,3.11542,6.1242,163.287,15000,826496,70.4731
Suite_14,Deferred_Uber,0,2794,4.21612,1.57154,0.702016,2.06125,3.7007,6.11983,163.403,15000,821760,69.5673
Suite_14,Deferred_Uber,0,2795,4.19957,1.55503,1.3719,2.05635,4.30349,6.09088,164.18,15000,816640,69.8694
Suite_14,Deferred_Uber,0,2796,4.1856,1.5431,0.718848,2.06234,3.65734,6.05952,165.03,15000,811904,70.6703
Suite_14,Deferred_Uber,0,2797,4.16771,1.53421,0.684416,2.0809,3.77037,6.02882,165.87,15000,805632,71.2311
Suite_14,Deferred_Uber,0,2798,4.15975,1.54169,1.81504,2.1111,4.86346,5.99899,166.695,15000,800384,72.0439
Suite_14,Deferred_Uber,0,2799,4.13814,1.50593,0.73296,2.1159,3.83795,6.00397,166.557,15000,795136,72.9444
Suite_14,Deferred_Uber,0,2800,4.12786,1.52252,0.707008,2.11955,3.7064,5.93486,168.496,15000,789888,73.5926
Suite_14,Deferred_Uber,0,2801,4.1107,1.49357,0.67936,2.08976,3.70634,5.94497,168.21,15000,783360,74.6168
Suite_14,Deferred_Uber,0,2802,4.09618,1.52136,0.659456,2.06438,3.04294,5.8918,169.727,15000,777216,75.8246
Suite_14,Deferred_Uber,0,2803,4.08078,1.48201,0.673248,2.07325,3.63034,5.91477,169.068,15000,771712,77.3371
Suite_14,Deferred_Uber,0,2804,4.07065,1.49319,2.80563,2.06701,5.868,5.85428,170.815,15000,766848,74.7677
Suite_14,Deferred_Uber,0,2805,4.06064,1.49916,0.671296,2.07533,3.62906,5.86451,170.517,15000,760704,75.7579
Suite_14,Deferred_Uber,0,2806,4.0446,1.46853,0.6568,2.07306,3.72736,5.84202,171.174,15000,755840,76.1352
Suite_14,Deferred_Uber,0,2807,4.03205,1.48722,1.20582,2.08758,3.61062,5.80263,172.336,15000,751232,77.19
Suite_14,Deferred_Uber,0,2808,4.01901,1.463,0.661504,2.0992,3.08154,5.79673,172.511,15000,745216,78.1903
Suite_14,Deferred_Uber,0,2809,4.00196,1.46738,0.676192,2.11197,3.72531,5.77754,173.084,15000,740352,79.2951
Suite_14,Deferred_Uber,0,2810,4.0011,1.51014,1.49309,2.11379,4.48883,5.74395,174.096,15000,737536,80.0181
Suite_14,Deferred_Uber,0,2811,3.99812,1.48602,0.67344,2.11536,3.72326,5.79669,172.512,15000,733184,79.922
Suite_14,Deferred_Uber,0,2812,3.9912,1.48598,0.661248,2.12157,3.78048,5.7634,173.509,15000,728192,81.1282
Suite_14,Deferred_Uber,0,2813,3.9724,1.48542,0.938784,2.11094,3.37526,5.76144,173.568,15000,721792,78.9518
Suite_14,Deferred_Uber,0,2814,3.94944,1.46376,0.658368,2.09827,3.08019,5.73789,174.28,15000,716800,80.223
Suite_14,Deferred_Uber,0,2815,3.93596,1.46717,0.651584,2.11174,3.71098,5.69165,175.696,15000,710784,81.5043
Suite_14,Deferred_Uber,0,2816,3.91986,1.42921,1.77782,2.1025,4.1943,5.66736,176.449,15000,705152,80.8514
Suite_14,Deferred_Uber,0,2817,3.90503,1.42893,0.63744,2.10979,3.75987,5.61325,178.15,15000,699904,82.246
Suite_14,Deferred_Uber,0,2818,3.89758,1.45886,0.6416,2.10266,3.06176,5.60666,178.359,15000,695424,83.6712
Suite_14,Deferred_Uber,0,2819,3.90344,1.47027,0.642624,2.09571,3.70003,5.63396,177.495,15000,690432,85.0949
Suite_14,Deferred_Uber,0,2820,3.87506,1.44555,0.621408,2.09101,3.59629,5.63541,177.449,15000,686080,85.5372
Suite_14,Deferred_Uber,0,2821,3.8589,1.3948,0.61568,2.08557,3.70339,5.58445,179.069,15000,680960,87.0253
Suite_14,Deferred_Uber,0,2822,3.8434,1.40162,0.612288,2.06298,3.54509,5.50815,181.549,15000,676608,87.6742
Suite_14,Deferred_Uber,0,2823,3.82725,1.36939,2.16474,2.06438,5.16678,5.4982,181.878,15000,670336,89.1468
Suite_14,Deferred_Uber,0,2824,3.81154,1.38162,0.610304,2.07027,2.99245,5.44441,183.675,15000,664960,90.5762
Suite_14,Deferred_Uber,0,2825,3.80729,3.62786,0.612352,2.05859,2.98,5.45218,183.413,15000,660096,90.5296
Suite_14,Deferred_Uber,0,2826,3.80046,1.39679,0.629312,2.05846,3.62531,7.69592,129.939,15000,655488,92.0188
Suite_14,Deferred_Uber,0,2827,3.8022,1.35543,0.60752,2.05414,3.54538,5.44411,183.685,15000,650112,93.507
Suite_14,Deferred_Uber,0,2828,3.77918,1.40552,0.630816,2.02134,3.67133,5.43609,183.956,15000,645632,93.7776
Suite_14,Deferred_Uber,0,2829,3.76298,1.36354,0.603168,2.02035,2.93088,5.4328,184.067,15000,640512,95.2382
Suite_14,Deferred_Uber,0,2830,3.73929,1.33906,0.612352,1.97837,3.52666,5.36722,186.316,15000,635136,96.1497
Suite_14,Deferred_Uber,0,2831,3.7142,1.3408,0.591872,1.96941,3.4409,5.32236,187.887,15000,630400,97.6234
Suite_14,Deferred_Uber,0,2832,3.71303,1.36151,0.585888,1.95533,3.43597,5.29293,188.931,15000,624128,98.9901
Suite_14,Deferred_Uber,0,2833,3.70981,1.35402,0.560064,1.93331,3.49584,5.31307,188.215,15000,619264,99.4902
Suite_14,Deferred_Uber,0,2834,3.6945,1.34818,1.14496,1.88397,3.34563,5.30553,188.483,15000,614528,98.9631
Suite_14,Deferred_Uber,0,2835,3.67002,1.33425,0.546816,1.87699,3.30237,5.28456,189.23,15000,610944,99.9932
Suite_14,Deferred_Uber,0,2836,3.6677,1.31093,0.562656,1.86637,3.30896,5.23414,191.053,15000,605440,100.978
Suite_14,Deferred_Uber,0,2837,3.65157,1.29588,0.541248,1.8391,3.31754,5.20785,192.018,15000,600960,100.066
Suite_14,Deferred_Uber,0,2838,3.63376,1.31409,1.37216,1.8391,3.5287,5.18799,192.753,15000,597248,100.931
Suite_14,Deferred_Uber,0,2839,3.62446,1.2916,0.527776,1.82662,3.3423,5.17881,193.094,15000,592000,101.706
Suite_14,Deferred_Uber,0,2840,3.61663,1.30014,0.55376,1.8264,3.26451,5.14822,194.242,15000,588416,102.504
Suite_14,Deferred_Uber,0,2841,3.60099,1.27964,0.52224,1.81622,3.28266,5.14044,194.536,15000,583296,103.274
Suite_14,Deferred_Uber,0,2842,3.58326,1.30099,1.55853,1.78989,3.66045,5.10701,195.809,15000,578432,103.301
Suite_14,Deferred_Uber,0,2843,3.57998,1.26004,0.50064,1.76957,3.26042,5.11691,195.43,15000,574208,104.017
Suite_14,Deferred_Uber,0,2844,3.57179,1.27436,0.50176,1.77296,3.15446,5.0629,197.515,15000,569088,104.721
Suite_14,Deferred_Uber,0,2845,3.54908,1.24804,0.489312,1.73309,3.15597,5.06566,197.408,15000,563712,105.05
Suite_14,Deferred_Uber,0,2846,3.53479,1.2896,1.2263,1.7473,3.84278,5.01135,199.547,15000,558464,105.633
Suite_14,Deferred_Uber,0,2847,3.53006,1.28938,0.489952,1.72282,4.61619,5.04753,198.117,15000,553984,105.691
Suite_14,Deferred_Uber,0,2848,3.52927,1.42362,0.486752,1.70893,3.06739,5.03687,198.536,15000,549504,105.147
Suite_14,Deferred_Uber,0,2849,3.51377,1.2572,0.489888,1.70538,3.13344,5.16529,193.6,15000,546432,105.636
Suite_14,Deferred_Uber,0,2850,3.49628,1.30624,0.618176,1.65309,3.1375,4.97784,200.89,15000,541312,104.368
Suite_14,Deferred_Uber,0,2851,3.48502,1.21663,0.505856,1.64877,3.02096,5.01518,199.395,15000,536064,104.763
Suite_14,Deferred_Uber,0,2852,3.46496,1.23772,0.481056,1.64477,3.06381,4.90303,203.955,15000,532096,105.116
Suite_14,Deferred_Uber,0,2853,3.4716,1.2465,0.48768,1.62182,2.98598,4.9078,203.757,15000,528640,104.204
Suite_14,Deferred_Uber,0,2854,3.46217,1.2273,1.26157,1.62154,5.29434,4.92721,202.955,15000,524032,104.458
Suite_14,Deferred_Uber,0,2855,3.45271,1.30089,0.49008,1.60358,2.97334,4.88864,204.556,15000,520448,104.665
Suite_14,Deferred_Uber,0,2856,3.43714,1.20359,0.479232,1.58006,3.88854,4.95181,201.946,15000,516352,104.441
Suite_14,Deferred_Uber,0,2857,3.41004,1.22428,0.480736,1.56464,2.90701,4.83942,206.636,15000,512896,104.181
Suite_14,Deferred_Uber,0,2858,3.4046,1.21534,1.1569,1.57078,3.60291,4.83971,206.624,15000,509824,104.206
Suite_14,Deferred_Uber,0,2859,3.39329,1.19676,0.475072,1.57968,2.51085,4.8195,207.49,15000,506624,104.157
Suite_14,Deferred_Uber,0,2860,3.37997,1.20753,0.475136,1.57491,2.92317,4.7892,208.803,15000,502528,104.054
Suite_14,Deferred_Uber,0,2861,3.37482,1.19443,0.487424,1.57808,2.92579,4.78887,208.818,15000,497280,103.879
Suite_14,Deferred_Uber,0,2862,3.37434,1.20758,0.477888,1.57898,2.98717,4.76656,209.795,15000,492544,103.681
Suite_14,Deferred_Uber,0,2863,3.35679,1.21661,0.817152,1.60374,3.27888,4.78399,209.03,15000,488832,103.44
Suite_14,Deferred_Uber,0,2864,3.348,1.17548,0.483328,1.56637,2.5112,4.76091,210.044,15000,484096,103.147
Suite_14,Deferred_Uber,0,2865,3.32106,1.1864,0.47712,1.56915,2.98006,4.71721,211.99,15000,480000,102.691
Suite_14,Deferred_Uber,0,2866,3.30163,1.19246,0.481696,1.56947,2.91942,4.69341,213.065,15000,475520,100.232
Suite_14,Deferred_Uber,0,2867,3.31338,1.1652,0.477184,1.54829,4.44499,4.67594,213.861,15000,470400,99.6115
Suite_14,Deferred_Uber,0,2868,3.30297,1.86627,0.471296,1.52979,2.99213,4.65817,214.676,15000,465792,98.963
Suite_14,Deferred_Uber,0,2869,3.28923,1.15743,0.476928,1.52592,3.84445,5.3534,186.797,15000,461440,98.569
Suite_14,Deferred_Uber,0,2870,3.26731,1.17076,0.488704,1.5401,2.89859,4.62996,215.985,15000,456960,98.2051
Suite_14,Deferred_Uber,0,2871,3.25949,1.14568,0.464896,1.55763,2.89142,4.66545,214.342,15000,452480,97.8787
Suite_14,Deferred_Uber,0,2872,3.24153,1.12933,0.475136,1.53558,2.43712,4.58055,218.314,15000,448000,97.4513
Suite_14,Deferred_Uber,0,2873,3.22109,1.13595,0.657952,1.55286,2.53578,4.54801,219.877,15000,443776,97.1583
Suite_14,Deferred_Uber,0,2874,3.22829,3.45771,0.4672,1.54624,2.33814,4.53106,220.699,15000,439168,96.482
Suite_14,Deferred_Uber,0,2875,3.24676,1.14694,0.470432,1.56717,2.9737,6.86015,145.769,15000,435584,96.2447
Suite_14,Deferred_Uber,0,2876,3.23899,1.14249,0.517536,1.55648,2.94502,4.56891,218.871,15000,430976,96.0492
Suite_14,Deferred_Uber,0,2877,3.19648,1.16624,0.47104,1.55136,4.43082,4.5947,217.642,15000,425600,95.6787
Suite_14,Deferred_Uber,0,2878,3.21305,1.67641,0.467168,1.51757,2.9655,4.53797,220.363,15000,421376,95.5035
Suite_14,Deferred_Uber,0,2879,3.17014,1.10555,0.452608,1.51152,3.79504,5.06482,197.441,15000,416640,95.2122
Suite_14,Deferred_Uber,0,2880,3.13178,1.34724,0.452608,1.48829,2.25453,4.44557,224.943,15000,412160,95.1632
Suite_14,Deferred_Uber,0,2881,3.13677,1.12499,0.452832,1.48662,2.25194,4.79431,208.581,15000,408192,95.0595
Suite_14,Deferred_Uber,0,2882,3.11874,1.09612,0.4776,1.46432,2.8815,4.42156,226.165,15000,403584,93.2629
Suite_14,Deferred_Uber,0,2883,3.09677,1.09297,1.59334,1.49504,3.3985,4.3772,228.456,15000,399872,93.4877
Suite_14,Deferred_Uber,0,2884,3.10683,1.10946,0.440576,1.4889,2.86627,4.34547,230.125,15000,396416,92.0006
Suite_14,Deferred_Uber,0,2885,3.09264,1.10172,0.436224,1.47456,2.77299,4.37414,228.616,15000,392064,92.3392
Suite_14,Deferred_Uber,0,2886,3.07726,1.07214,0.425728,1.47661,2.78118,4.35386,229.681,15000,387712,92.7623
Suite_14,Deferred_Uber,0,2887,3.06623,1.06217,0.417792,1.47213,2.31066,4.30983,232.028,15000,385024,93.3409
Suite_14,Deferred_Uber,0,2888,3.04457,1.08255,0.409376,1.47267,2.18934,4.28341,233.459,15000,381312,93.9564
Suite_14,Deferred_Uber,0,2889,3.05282,1.11005,0.410784,1.45581,2.86349,4.2845,233.4,15000,376576,93.6204
Suite_14,Deferred_Uber,0,2890,3.06362,1.12026,0.420608,1.46432,2.75661,4.31427,231.789,15000,373248,94.0419
Suite_14,Deferred_Uber,0,2891,3.04604,1.05842,0.41984,1.47472,2.76947,4.33449,230.708,15000,368768,94.6882
Suite_14,Deferred_Uber,0,2892,3.0099,1.06277,0.404864,1.48502,2.82845,4.24872,235.365,15000,364672,95.4544
Suite_14,Deferred_Uber,0,2893,2.98803,1.12587,0.405952,1.48685,2.20288,4.23512,236.121,15000,360704,95.9739
Suite_14,Deferred_Uber,0,2894,2.98983,1.04949,0.40752,1.50378,2.21958,4.32513,231.207,15000,356224,92.1867
Suite_14,Deferred_Uber,0,2895,2.97167,1.04653,0.419296,1.49187,2.3449,4.18124,239.163,15000,352384,93.2842
Suite_14,Deferred_Uber,0,2896,2.95872,1.04621,0.415584,1.50778,2.35366,4.15815,240.491,15000,349312,94.1865
Suite_14,Deferred_Uber,0,2897,2.96202,1.05424,0.416,1.52166,2.87651,4.14636,241.175,15000,344320,95.3951
Suite_14,Deferred_Uber,0,2898,2.95095,1.3912,0.432576,1.55533,2.85485,4.15688,240.565,15000,341120,96.6951
Suite_14,Deferred_Uber,0,2899,2.94233,1.02915,0.425984,1.56672,2.85958,4.48318,223.056,15000,337280,97.3872
Suite_14,Deferred_Uber,0,2900,2.92298,1.02221,0.434176,1.55443,2.41606,4.10782,243.438,15000,333184,98.3724
Suite_14,Deferred_Uber,0,2901,2.90255,1.09697,0.421792,1.55475,2.93904,4.08089,245.044,15000,328704,99.8946
Suite_14,Deferred_Uber,0,2902,2.92129,1.06362,0.569344,1.32301,4.23085,4.13408,241.892,15000,325120,101.303
Suite_14,Deferred_Uber,0,2903,2.90559,1.42705,0.335872,1.30621,2.51085,4.11821,242.824,15000,321024,103.017
Suite_14,Deferred_Uber,0,2904,2.88811,0.994547,0.322048,1.28205,2.47933,4.46906,223.761,15000,317568,103.547
Suite_14,Deferred_Uber,0,2905,2.85474,0.993378,0.3232,1.24778,1.99709,4.02535,248.425,15000,314240,107.476
Suite_14,Deferred_Uber,0,2906,2.84332,0.983516,0.317792,1.21645,2.01011,3.9842,250.991,15000,311552,113.216
Suite_14,Deferred_Uber,0,2907,2.84955,1.02003,0.319616,1.20611,1.96198,3.95742,252.69,15000,307968,114.57
Suite_14,Deferred_Uber,0,2908,2.8441,1.01222,1.00877,1.17837,2.51904,4.00217,249.865,15000,304128,115.062
Suite_14,Deferred_Uber,0,2909,2.83255,0.987887,0.310368,1.20182,2.43302,3.98822,250.739,15000,300416,106.868
Suite_14,Deferred_Uber,0,2910,2.82654,0.99317,0.317216,1.16099,2.34554,3.94991,253.17,15000,297856,108.005
Suite_14,Deferred_Uber,0,2911,2.81767,0.974194,0.308128,1.14813,2.31789,3.94208,253.673,15000,294272,108.904
Suite_14,Deferred_Uber,0,2912,2.7942,0.982197,0.336736,1.15002,2.41869,3.91075,255.705,15000,292352,110.156
Suite_14,Deferred_Uber,0,2913,2.78679,0.954079,0.325632,1.13869,2.39638,3.89716,256.597,15000,289792,108.802
Suite_14,Deferred_Uber,0,2914,2.78452,0.989658,0.308736,1.14499,1.87818,3.86464,258.756,15000,287360,109.753
Suite_14,Deferred_Uber,0,2915,2.80571,1.02554,1.01376,1.13085,2.4432,3.89128,256.985,15000,284544,105.855
Suite_14,Deferred_Uber,0,2916,2.79628,0.982788,0.305152,1.10797,2.37194,3.94984,253.175,15000,281600,106.079
Suite_14,Deferred_Uber,0,2917,2.77653,0.978409,0.317856,1.10301,1.73261,3.89726,256.591,15000,279040,104.913
Suite_14,Deferred_Uber,0,2918,2.76377,0.95516,0.315648,1.08544,1.73261,3.87296,258.201,15000,275712,105.281
Suite_14,Deferred_Uber,0,2919,2.729,0.944812,0.32768,1.05677,2.32394,3.83594,260.693,15000,272896,104.841
Suite_14,Deferred_Uber,0,2920,2.71761,0.941561,0.313344,1.02605,2.20765,3.78408,264.265,15000,269952,103.609
Suite_14,Deferred_Uber,0,2921,2.71589,0.970509,0.325984,1.01786,2.22358,3.78001,264.549,15000,267008,103.742
Suite_14,Deferred_Uber,0,2922,2.72214,0.948132,0.31616,0.993568,2.29178,3.81025,262.45,15000,264832,104.034
Suite_14,Deferred_Uber,0,2923,2.71486,0.96903,0.99744,0.99744,2.29581,3.7789,264.628,15000,262656,104.38
Suite_14,Deferred_Uber,0,2924,2.70546,0.938279,0.312928,0.958528,3.68752,3.79416,263.563,15000,260224,103.86
Suite_14,Deferred_Uber,0,2925,2.69915,1.59914,0.307616,0.944896,1.55872,3.76249,265.781,15000,257792,102.785
Suite_14,Deferred_Uber,0,2926,2.6875,0.785798,0.312384,0.933824,1.56477,4.45908,224.262,15000,254336,101.201
Suite_14,Deferred_Uber,0,2927,2.65004,0.782637,0.304928,0.900672,1.64755,3.57917,279.395,15000,251648,101.279
Suite_14,Deferred_Uber,0,2928,2.64574,0.790838,0.31936,0.893024,1.53584,3.54107,282.4,15000,248704,101.849
Suite_14,Deferred_Uber,0,2929,2.65853,0.793269,0.310816,0.873088,1.6064,3.54231,282.302,15000,246656,102.212
Suite_14,Deferred_Uber,0,2930,2.64636,0.790358,0.32352,0.864,1.49235,3.55692,281.142,15000,244352,103.495
Suite_14,Deferred_Uber,0,2931,2.64165,0.793589,0.324032,0.863424,2.1256,3.54102,282.404,15000,241792,104.854
Suite_14,Deferred_Uber,0,2932,2.62695,0.805679,0.831488,0.864256,1.99978,3.53891,282.573,15000,239488,106.184
Suite_14,Deferred_Uber,0,2933,2.62107,0.776992,0.323584,0.876544,1.50531,3.54592,282.014,15000,235776,106.813
Suite_14,Deferred_Uber,0,2934,2.6063,0.773129,0.307776,0.868352,2.10534,3.49687,285.97,15000,233856,107.963
Suite_14,Deferred_Uber,0,2935,2.58762,0.758,0.31312,0.862496,1.47946,3.48042,287.322,15000,231168,109.004
Suite_14,Deferred_Uber,0,2936,2.58057,0.76787,0.292288,0.85504,1.45613,3.44082,290.628,15000,228480,109.689
Suite_14,Deferred_Uber,0,2937,2.5828,0.778294,0.277376,0.837632,2.10662,3.4458,290.208,15000,226176,107.887
Suite_14,Deferred_Uber,0,2938,2.57705,0.787503,0.280576,0.828608,1.43213,3.45793,289.191,15000,223360,107.735
Suite_14,Deferred_Uber,0,2939,2.57554,0.772334,0.27104,0.796544,1.36397,3.46343,288.731,15000,220672,105.709
Suite_14,Deferred_Uber,0,2940,2.54493,0.780037,0.280576,0.790528,1.93866,3.44596,290.195,15000,217728,105.016
Suite_14,Deferred_Uber,0,2941,2.55682,0.780469,0.743296,0.7496,1.78701,3.42094,292.318,15000,214656,103.775
Suite_14,Deferred_Uber,0,2942,2.55068,0.805229,0.292,0.727456,1.92154,3.43711,290.942,15000,212864,101.674
Suite_14,Deferred_Uber,0,2943,2.55593,0.779549,0.290784,0.679264,1.27418,3.45153,289.726,15000,210560,98.9262
Suite_14,Deferred_Uber,0,2944,2.52202,0.773999,0.279488,0.683296,1.98042,3.4396,290.732,15000,205824,96.2829
Suite_14,Deferred_Uber,0,2945,2.52049,0.762971,0.273024,0.668928,1.24131,3.38658,295.283,15000,201984,94.3184
Suite_14,Deferred_Uber,0,2946,2.50108,0.743358,0.278048,0.657568,1.23494,3.371,296.648,15000,199424,92.2456
Suite_14,Deferred_Uber,0,2947,2.46894,0.740927,0.269408,0.662432,1.35194,3.33137,300.177,15000,196608,90.2599
Suite_14,Deferred_Uber,0,2948,2.46544,0.749328,0.270112,0.667744,1.24656,3.29676,303.328,15000,194048,88.3447
Suite_14,Deferred_Uber,0,2949,2.47399,0.741072,0.265408,0.65616,1.22093,3.30182,302.864,15000,191872,86.1578
Suite_14,Deferred_Uber,0,2950,2.46434,0.760362,0.258048,0.649216,1.21018,3.30362,302.698,15000,188672,84.4367
Suite_14,Deferred_Uber,0,2951,2.46426,0.762602,0.255904,0.633856,1.1992,3.30823,302.276,15000,186368,82.8514
Suite_14,Deferred_Uber,0,2952,2.45763,0.763998,1.01581,0.62464,1.94659,3.31143,301.984,15000,183808,80.768
Suite_14,Deferred_Uber,0,2953,2.45197,0.760009,0.237568,0.62464,1.16736,3.30441,302.626,15000,181376,79.3544
Suite_14,Deferred_Uber,0,2954,2.43502,0.752604,0.250336,0.62464,1.1776,3.29271,303.701,15000,177792,78.0799
Suite_14,Deferred_Uber,0,2955,2.43892,0.837435,0.22848,0.620992,1.15178,3.27111,305.706,15000,175872,76.5317
Suite_14,Deferred_Uber,0,2956,2.45746,0.797946,0.25168,0.615648,1.17498,3.36096,297.534,15000,173952,75.4734
Suite_14,Deferred_Uber,0,2957,2.43601,0.770796,0.223232,0.59216,1.11251,3.44065,290.643,15000,171136,72.2016
Suite_14,Deferred_Uber,0,2958,2.42008,0.744864,0.22176,0.578016,1.1121,3.28929,304.017,15000,169216,69.8449
Suite_14,Deferred_Uber,0,2959,2.39173,0.73852,0.214208,0.560384,1.10173,3.24503,308.164,15000,166272,67.6722
Suite_14,Deferred_Uber,0,2960,2.37874,0.725865,0.212352,0.568,1.08474,3.20984,311.542,15000,162944,66.7928
Suite_14,Deferred_Uber,0,2961,2.35522,0.728155,0.207872,0.571392,1.10416,3.17821,314.642,15000,160384,66.0925
Suite_14,Deferred_Uber,0,2962,2.36648,0.731084,0.206848,0.571552,1.07939,3.16413,316.043,15000,158720,65.4232
Suite_14,Deferred_Uber,0,2963,2.3539,0.726441,0.202048,0.579072,1.10426,3.17155,315.303,15000,156544,64.7987
Suite_14,Deferred_Uber,0,2964,2.35363,0.733371,0.192512,0.5656,1.05539,3.15509,316.948,15000,153600,64.1977
Suite_14,Deferred_Uber,0,2965,2.34293,0.733123,0.24752,0.555008,1.09658,3.1605,316.406,15000,151680,63.287
Suite_14,Deferred_Uber,0,2966,2.31862,0.717968,0.190048,0.536736,1.0248,3.15017,317.443,15000,149248,60.8092
Suite_14,Deferred_Uber,0,2967,2.31378,0.719356,0.18944,0.526336,1.00771,3.11063,321.478,15000,147200,59.8903
Suite_14,Deferred_Uber,0,2968,2.31356,0.746035,0.189856,0.514528,0.9984,3.10422,322.142,15000,144896,59.1609
Suite_14,Deferred_Uber,0,2969,2.30698,1.0557,0.182176,0.54944,1.02605,3.12846,319.646,15000,143104,58.6109
Suite_14,Deferred_Uber,0,2970,2.30585,0.739262,0.184416,0.575488,1.05818,3.43134,291.432,15000,141184,55.2765
Suite_14,Deferred_Uber,0,2971,2.29979,0.724535,0.202432,0.65344,1.15846,3.11249,321.286,15000,139648,55.0481
Suite_14,Deferred_Uber,0,2972,2.28608,0.742429,0.165024,0.438272,0.892928,3.09397,323.209,15000,137344,54.9037
Suite_14,Deferred_Uber,0,2973,2.29015,0.754199,0.155648,0.387072,0.831488,3.09656,322.939,15000,134784,53.6284
Suite_14,Deferred_Uber,0,2974,2.28197,0.720255,0.160896,0.369696,0.824,3.11187,321.35,15000,131968,51.3982
Suite_14,Deferred_Uber,0,2975,2.27228,0.724944,0.157664,0.368192,0.8192,3.06494,326.271,15000,130176,51.0593
Suite_14,Deferred_Uber,0,2976,2.25226,0.701164,0.155712,0.362432,0.81248,3.05904,326.9,15000,127232,50.7353
Suite_14,Deferred_Uber,0,2977,2.2291,0.705972,0.155552,0.36816,0.815264,3.01438,331.743,15000,125568,50.3915
Suite_14,Deferred_Uber,0,2978,2.22459,0.757192,0.151584,0.356352,0.821248,2.99503,333.887,15000,123904,49.6566
Suite_14,Deferred_Uber,0,2979,2.22552,0.720685,0.152288,0.374336,0.8192,3.04265,328.661,15000,121856,49.3738
Suite_14,Deferred_Uber,0,2980,2.21904,0.706032,0.152832,0.336096,0.778816,3.01014,332.211,15000,120448,48.7849
Suite_14,Deferred_Uber,0,2981,2.21091,0.737577,0.737184,0.325216,1.36192,2.98401,335.119,15000,117376,48.2205
Suite_14,Deferred_Uber,0,2982,2.21301,3.1175,0.169984,0.31744,0.778752,3.00939,332.293,15000,115200,47.6803
Suite_14,Deferred_Uber,0,2983,2.2005,0.712896,0.197664,0.313088,0.80128,5.38985,185.534,15000,113024,46.452
Suite_14,Deferred_Uber,0,2984,2.19215,0.695495,0.145152,0.295648,0.735232,2.96833,336.89,15000,111616,45.6507
Suite_14,Deferred_Uber,0,2985,2.19423,0.70924,0.146848,0.30112,0.735424,2.94373,339.705,15000,108288,45.439
Suite_14,Deferred_Uber,0,2986,2.17682,0.707658,0.143904,0.288768,0.733184,2.99736,333.627,15000,107392,43.4529
Suite_14,Deferred_Uber,0,2987,2.16254,0.706201,0.14336,0.282624,0.721408,2.93769,340.403,15000,105088,43.1021
Suite_14,Deferred_Uber,0,2988,2.16346,0.703798,0.139264,0.274432,0.709984,2.92186,342.247,15000,103040,42.6283
Suite_14,Deferred_Uber,0,2989,2.15272,0.690963,0.13312,0.27872,0.705344,2.92151,342.288,15000,100992,41.968
Suite_14,Deferred_Uber,0,2990,2.14494,0.705135,0.138656,0.279296,0.709408,2.90204,344.585,15000,99456,41.8868
Suite_14,Deferred_Uber,0,2991,2.14061,0.691909,0.136864,0.264192,0.690176,2.90112,344.694,15000,98432,41.4686
Suite_14,Deferred_Uber,0,2992,2.1317,0.692289,0.13728,0.253184,0.68384,2.88509,346.609,15000,97024,38.2605
Suite_14,Deferred_Uber,0,2993,2.13275,0.677602,0.131072,0.262112,0.67856,2.88082,347.123,15000,96384,38.3183
Suite_14,Deferred_Uber,0,2994,2.12513,0.672653,0.127904,0.249856,0.67584,2.86135,349.485,15000,94720,36.1925
Suite_14,Deferred_Uber,0,2995,2.11501,0.924698,0.124928,0.243712,0.666304,2.84501,351.493,15000,92672,36.1209
Suite_14,Deferred_Uber,0,2996,2.11042,0.682529,0.12192,0.242496,0.657952,3.08909,323.72,15000,91904,36.2683
Suite_14,Deferred_Uber,0,2997,2.08845,0.67547,0.118784,0.228832,0.63952,2.84178,351.892,15000,89600,34.2399
Suite_14,Deferred_Uber,0,2998,2.0835,0.678621,0.11504,0.224896,0.626752,2.81061,355.794,15000,87552,34.3991
Suite_14,Deferred_Uber,0,2999,2.07804,0.678046,0.116448,0.2168,0.62896,2.80805,356.119,15000,86272,34.3936
Suite_14,Deferred_Uber,0,3000,2.07802,0.678487,0.11264,0.206848,0.612512,2.80138,356.967,15000,85504,34.3618
Suite_14,Deferred_Volume,0,1,2.07574,0.729946,0.110592,0.567296,0.961888,4.50098,222.174,15000,83840,34.5416
Suite_14,Deferred_Volume,0,2,2.07157,0.728553,0.106496,0.565248,0.96288,2.85176,350.661,15000,82176,34.7316
Suite_14,Deferred_Volume,0,3,2.06223,0.717463,0.10768,0.555456,0.957856,2.8482,351.099,15000,80768,34.4653
Suite_14,Deferred_Volume,0,4,2.05274,0.730571,0.104704,0.567296,0.967744,2.82512,353.967,15000,78592,34.646
Suite_14,Deferred_Volume,0,5,2.05301,0.728492,0.10016,0.546336,0.937984,2.83193,353.116,15000,76672,34.8203
Suite_14,Deferred_Volume,0,6,2.03495,1.24087,0.097568,0.539072,0.923456,2.82542,353.93,15000,75648,34.6781
Suite_14,Deferred_Volume,0,7,2.03558,0.725162,0.09472,0.552576,0.933248,3.37057,296.686,15000,73600,34.8404
Suite_14,Deferred_Volume,0,8,2.0251,0.718941,0.091936,0.512256,0.900992,2.80333,356.719,15000,72320,34.6821
Suite_14,Deferred_Volume,0,9,2.0173,0.724703,0.110976,0.479232,0.882144,2.78687,358.826,15000,70400,34.8154
Suite_14,Deferred_Volume,0,10,2.01141,0.710533,0.089728,0.4736,0.858112,2.78476,359.097,15000,69248,34.947
Suite_14,Deferred_Volume,0,11,2.00751,0.758725,0.102368,0.472416,0.868512,2.76377,361.825,15000,67840,35.0577
Suite_14,Deferred_Volume,0,12,2.00452,0.710557,0.089376,0.467456,0.85024,2.80834,356.082,15000,66304,35.1529
Suite_14,Deferred_Volume,0,13,1.98967,0.710119,0.085984,0.465024,0.843968,2.75576,362.877,15000,65152,35.2287
Suite_14,Deferred_Volume,0,14,1.98904,0.711755,0.098304,0.475136,0.893856,2.73863,365.146,15000,63232,35.2531
Suite_14,Deferred_Volume,0,15,1.97611,0.716669,0.082016,0.458752,0.829088,2.74519,364.273,15000,61312,34.9614
Suite_14,Deferred_Volume,0,16,1.97434,0.731733,0.082976,0.44,0.816512,2.73901,365.096,15000,60160,32.7973
Suite_14,Deferred_Volume,0,17,1.97076,0.718725,0.077824,0.417792,0.779616,2.79767,357.44,15000,59136,32.7072
Suite_14,Deferred_Volume,0,18,1.95974,0.712764,0.075232,0.415328,0.776192,2.72684,366.725,15000,57728,32.6478
Suite_14,Deferred_Volume,0,19,1.96065,0.723571,0.073728,0.435328,0.819552,2.71308,368.585,15000,56960,32.3798
Suite_14,Deferred_Volume,0,20,1.95121,0.716023,0.071296,0.4072,0.771072,2.72117,367.489,15000,55680,32.3295
Suite_14,Deferred_Volume,0,21,1.9436,0.918664,0.070688,0.403616,0.768192,2.70574,369.585,15000,54784,32.2562
Suite_14,Deferred_Volume,0,22,1.93886,0.710456,0.064192,0.38752,0.745472,2.90129,344.675,15000,53376,32.0044
Suite_14,Deferred_Volume,0,23,1.92462,0.709594,0.063744,0.377952,0.736672,2.68768,372.068,15000,52224,31.8697
Suite_14,Deferred_Volume,0,24,1.94484,0.751893,0.0608,0.398144,0.741376,2.66971,374.572,15000,50816,30.087
Suite_14,Deferred_Volume,0,25,1.92731,0.709767,0.059104,0.36624,0.7168,2.73599,365.499,15000,49408,29.9313
Suite_14,Deferred_Volume,0,26,1.91261,1.13267,0.057344,0.366592,0.715392,2.67249,374.182,15000,48256,29.7612
Suite_14,Deferred_Volume,0,27,1.9098,0.701621,0.055296,0.3584,0.707808,3.07895,324.786,15000,47232,29.5766
Suite_14,Deferred_Volume,0,28,1.89859,0.698458,0.053632,0.345984,0.689952,2.64344,378.296,15000,45440,27.9063
Suite_14,Deferred_Volume,0,29,1.89484,0.70823,0.049824,0.342016,0.701696,2.63025,380.192,15000,43520,27.4488
Suite_14,Deferred_Volume,0,30,1.87979,0.696182,0.048352,0.366432,0.703072,2.63559,379.422,15000,42240,26.639
Suite_14,Deferred_Volume,0,31,1.87195,0.697757,0.048704,0.33792,0.679648,2.60585,383.752,15000,41216,26.4189
Suite_14,Deferred_Volume,0,32,1.87362,0.693916,0.06176,0.334912,0.687872,2.59969,384.662,15000,39936,22.0323
Suite_14,Deferred_Volume,0,33,1.8667,0.693837,0.045856,0.333536,0.663648,2.59976,384.651,15000,38784,21.8866
Suite_14,Deferred_Volume,0,34,1.90134,0.797328,0.044704,0.331776,0.664032,2.59003,386.095,15000,37632,21.7415
Suite_14,Deferred_Volume,0,35,1.8703,0.694313,0.04096,0.329728,0.653312,2.73224,366,15000,36864,21.6007
Suite_14,Deferred_Volume,0,36,1.84783,0.693423,0.04096,0.327616,0.657088,2.59337,385.599,15000,36480,21.469
Suite_14,Deferred_Volume,0,37,1.84851,0.696618,0.040256,0.324288,0.678624,2.57255,388.72,15000,35968,21.341
Suite_14,Deferred_Volume,0,38,1.84407,0.687774,0.037024,0.349824,0.677888,2.57593,388.209,15000,34816,21.2183
Suite_14,Deferred_Volume,0,39,1.82953,0.691543,0.037088,0.321056,0.641024,2.5598,390.655,15000,33280,20.5593
Suite_14,Deferred_Volume,0,40,1.83328,0.701241,0.0512,0.318912,0.65152,2.54838,392.406,15000,31744,20.4337
Suite_14,Deferred_Volume,0,41,1.8221,0.688826,0.033504,0.316352,0.632992,2.56395,390.024,15000,30848,20.3289
Suite_14,Deferred_Volume,0,42,1.81187,0.699093,0.034144,0.315136,0.640992,2.53835,393.957,15000,30720,20.2361
Suite_14,Deferred_Volume,0,43,1.8173,0.714719,0.03168,0.313216,0.634688,2.53781,394.041,15000,29696,20.1422
Suite_14,Deferred_Volume,0,44,1.80925,0.680808,0.032064,0.311328,0.629856,2.55972,390.668,15000,29312,20.0633
Suite_14,Deferred_Volume,0,45,1.8075,0.697441,0.03072,0.309216,0.629696,2.51855,397.054,15000,28160,19.9895
Suite_14,Deferred_Volume,0,46,1.80069,0.678746,0.028672,0.3072,0.62464,2.53255,394.858,15000,27520,17.8605
Suite_14,Deferred_Volume,0,47,1.7899,0.685558,0.02832,0.30336,0.62512,2.50969,398.455,15000,26112,17.8365
Suite_14,Deferred_Volume,0,48,1.79134,0.697179,0.028576,0.304288,0.639136,2.49989,400.017,15000,25088,17.8188
Suite_14,Deferred_Volume,0,49,1.78225,0.68576,0.025856,0.325344,0.637952,2.51523,397.578,15000,24320,17.811
Suite_14,Deferred_Volume,0,50,1.77517,0.679167,0.025024,0.30128,0.612448,2.49318,401.094,15000,23168,17.8058
Suite_14,Deferred_Volume,0,51,1.77383,0.69642,0.030624,0.299136,0.622368,2.47738,403.653,15000,22528,17.8118
Suite_14,Deferred_Volume,0,52,1.76823,0.674842,0.022528,0.299008,0.606688,2.49391,400.976,15000,21120,17.8204
Suite_14,Deferred_Volume,0,53,1.758,0.724745,0.021024,0.30032,0.608448,2.46907,405.01,15000,20224,17.8336
Suite_14,Deferred_Volume,0,54,1.75611,0.678639,0.028416,0.301056,0.614944,2.50777,398.761,15000,19584,17.8557
Suite_14,Deferred_Volume,0,55,1.75061,0.732564,0.018848,1.8015,2.10922,2.457,407,15000,18944,17.585
Suite_14,Deferred_Volume,0,56,1.74167,0.690061,0.017024,0.293984,0.60112,2.50559,399.108,15000,18688,16.489
Suite_14,Deferred_Volume,0,57,1.7431,0.68193,0.01664,0.292448,0.591552,2.45553,407.245,15000,17920,16.5188
Suite_14,Deferred_Volume,0,58,1.73274,0.703791,0.01712,0.29088,0.594016,2.4477,408.546,15000,17024,16.5512
Suite_14,Deferred_Volume,0,59,1.72896,0.698632,0.01504,0.288704,0.591872,2.45784,406.861,15000,15872,16.5872
Suite_14,Deferred_Volume,0,60,1.72121,0.674109,0.015072,0.287072,0.579712,2.44915,408.305,15000,15232,16.6266
Suite_14,Deferred_Volume,0,61,1.71348,0.67316,0.014336,0.287936,0.57648,2.41749,413.653,15000,14592,16.6637
Suite_14,Deferred_Volume,0,62,1.71701,0.701348,0.013984,0.278976,0.583424,2.40774,415.328,15000,14080,16.7098
Suite_14,Deferred_Volume,0,63,1.71775,0.708614,0.012288,0.256928,0.575936,2.44037,409.774,15000,13824,16.7591
Suite_14,Deferred_Volume,0,64,1.71072,0.681187,0.012288,0.256,0.556096,2.44828,408.449,15000,12800,16.8044
Suite_14,Deferred_Volume,0,65,1.697,0.688002,0.011264,0.253696,0.571232,2.41405,414.242,15000,11904,16.8529
Suite_14,Deferred_Volume,0,66,1.6968,0.668715,0.011296,0.273248,0.570048,2.40622,415.589,15000,11392,16.9021
Suite_14,Deferred_Volume,0,67,1.68981,0.684444,0.01024,0.249632,0.54576,2.38477,419.327,15000,11008,16.5205
Suite_14,Deferred_Volume,0,68,1.69013,0.693784,0.009952,0.272576,0.565088,2.39485,417.563,15000,10752,16.5703
Suite_14,Deferred_Volume,0,69,1.68115,0.673413,0.010048,0.243392,0.540672,2.40608,415.613,15000,10112,16.422
Suite_14,Deferred_Volume,0,70,1.66884,0.67874,0.008768,0.241248,0.531584,2.37475,421.096,15000,9088,16.4656
Suite_14,Deferred_Volume,0,71,1.6756,0.69543,0.008864,0.239616,0.571392,2.3658,422.689,15000,8704,14.343
Suite_14,Deferred_Volume,0,72,1.67024,0.674198,0.007968,0.237888,0.526336,2.39091,418.251,15000,8064,14.4485
Suite_14,Deferred_Volume,0,73,1.66238,0.682988,0.007072,0.233472,0.526432,2.36483,422.863,15000,7552,14.5531
Suite_14,Deferred_Volume,0,74,1.65732,0.670918,0.007616,0.230848,0.526784,2.36555,422.736,15000,6784,14.653
Suite_14,Deferred_Volume,0,75,1.65455,0.670887,0.007712,0.227328,0.514784,2.35254,425.073,15000,6400,14.5594
Suite_14,Deferred_Volume,0,76,1.6455,0.668954,0.007488,0.224,0.508288,2.34268,426.861,15000,6016,14.6537
Suite_14,Deferred_Volume,0,77,1.64537,0.674571,0.006144,0.222912,0.516096,2.33319,428.598,15000,5632,14.7437
Suite_14,Deferred_Volume,0,78,1.64316,0.678305,0.005504,0.220416,0.513056,2.33921,427.494,15000,5504,14.8308
Suite_14,Deferred_Volume,0,79,1.63178,0.668984,0.004992,0.221056,0.503808,2.33906,427.522,15000,5248,14.9139
Suite_14,Deferred_Volume,0,80,1.63499,0.674711,0.0048,0.217952,0.50336,2.31723,431.55,15000,4864,14.9912
Suite_14,Deferred_Volume,0,81,1.62978,0.670302,0.004512,0.217024,0.505856,2.32944,429.289,15000,4352,15.0648
Suite_14,Deferred_Volume,0,82,1.62286,0.670862,0.004256,0.213248,0.49888,2.31745,431.51,15000,4096,15.1369
Suite_14,Deferred_Volume,0,83,1.62667,0.672075,0.004032,0.210272,0.50384,2.31052,432.802,15000,3968,15.2051
Suite_14,Deferred_Volume,0,84,1.62198,0.666034,0.003936,0.202112,0.491488,2.31614,431.754,15000,3712,15.269
Suite_14,Deferred_Volume,0,85,1.61671,0.667185,0.003776,0.194528,0.487072,2.3069,433.481,15000,3584,15.3293
Suite_14,Deferred_Volume,0,86,1.61423,0.676981,0.003424,0.186688,0.476704,2.30072,434.646,15000,3200,15.3844
Suite_14,Deferred_Volume,0,87,1.60774,0.65781,0.003904,0.180832,0.467456,2.30837,433.206,15000,2688,15.4365
Suite_14,Deferred_Volume,0,88,1.6014,0.656455,0.002304,0.17792,0.4608,2.28119,438.368,15000,2688,15.4872
Suite_14,Deferred_Volume,0,89,1.60505,0.677531,0.0024,0.172672,0.466112,2.27543,439.477,15000,2688,14.5429
Suite_14,Deferred_Volume,0,90,1.59926,0.652316,0.00224,0.169984,0.453632,2.30061,434.667,15000,2560,14.5751
Suite_14,Deferred_Volume,0,91,1.60032,0.667601,0.002048,0.167936,0.451232,2.26742,441.03,15000,2304,14.6049
Suite_14,Deferred_Volume,0,92,1.59158,0.681915,0.002112,0.165216,0.451776,2.28337,437.95,15000,2176,14.6326
Suite_14,Deferred_Volume,0,93,1.59483,0.661882,0.002304,0.16256,0.448512,2.29779,435.201,15000,1792,14.6559
Suite_14,Deferred_Volume,0,94,1.58258,0.654159,0.002048,0.1608,0.443072,2.27336,439.877,15000,1408,14.6763
Suite_14,Deferred_Volume,0,95,1.5766,0.674642,0.002112,0.185088,0.472096,2.25231,443.989,15000,1280,14.6952
Suite_14,Deferred_Volume,0,96,1.57946,0.664434,0.002048,0.15728,0.432512,2.26703,441.105,15000,1280,14.1418
Suite_14,Deferred_Volume,0,97,1.57665,0.652156,0.001696,0.1544,0.442368,2.26105,442.273,15000,1280,14.152
Suite_14,Deferred_Volume,0,98,1.57795,0.671905,0.002048,0.149504,0.442112,2.24511,445.412,15000,1280,14.16
Suite_14,Deferred_Volume,0,99,1.56831,0.657093,0.00192,0.168576,0.449024,2.26582,441.341,15000,1152,14.1654
Suite_14,Deferred_Volume,0,100,1.56499,0.660523,0.001312,0.136832,0.425472,2.24057,446.316,15000,1024,13.577
Suite_14,Deferred_Volume,0,101,1.57006,0.669332,0.002048,0.127232,0.411648,2.24398,445.637,15000,896,13.5744
Suite_14,Deferred_Volume,0,102,1.56847,0.657746,0.001664,0.12288,0.424512,2.25665,443.135,15000,896,13.5709
Suite_14,Deferred_Volume,0,103,1.55558,0.656959,0.00064,0.119392,0.407104,2.24093,446.244,15000,640,13.5642
Suite_14,Deferred_Volume,0,104,1.55523,0.665281,0.001984,0.119296,0.403456,2.23175,448.08,15000,384,11.1989
Suite_14,Deferred_Volume,0,105,1.55848,0.65114,0.00112,0.116736,0.399904,2.23815,446.797,15000,256,11.2239
Suite_14,Deferred_Volume,0,106,1.54638,0.648581,0.00032,0.115872,0.403456,2.22492,449.453,15000,256,8.72719
Suite_14,Deferred_Volume,0,107,1.5598,0.698714,0.000736,0.115456,0.401408,2.20933,452.625,15000,128,8.78511
Suite_14,Deferred_Volume,0,108,1.53944,0.65511,0.000416,0.114144,0.39936,2.27614,439.34,15000,128,8.84269
Suite_14,Deferred_Volume,0,109,1.53199,0.638217,3.2e-05,0.11264,0.398048,2.21133,452.217,15000,0,8.89838
Suite_14,Deferred_Volume,0,110,1.53801,0.635929,0.000512,0.111072,0.395232,2.18587,457.484,15000,0,8.95429
Suite_14,Deferred_Volume,0,111,1.53331,0.647461,0.00176,0.111744,0.397536,2.18905,456.819,15000,0,9.00939
Suite_14,Deferred_Volume,0,112,1.52679,0.646766,0.001088,0.11024,0.393984,2.1952,455.54,15000,0,9.0637
Suite_14,Deferred_Volume,0,113,1.52217,0.638921,0,0.108544,0.38784,2.19036,456.546,15000,0,9.11724
Suite_14,Deferred_Volume,0,114,1.52517,0.648651,0.001632,0.108928,0.39824,2.17597,459.566,15000,0,9.17002
Suite_14,Deferred_Volume,0,115,1.52022,0.632999,0.001632,0.107392,0.387072,2.18848,456.938,15000,0,9.22208
Suite_14,Deferred_Volume,0,116,1.52076,0.63368,0.000576,0.107936,0.387072,2.16736,461.392,15000,0,9.27344
Suite_14,Deferred_Volume,0,117,1.52029,0.651563,0.001248,0.107168,0.396672,2.17078,460.663,15000,0,9.32413
Suite_14,Deferred_Volume,0,118,1.5126,0.642887,0,0.106432,0.382976,2.18891,456.848,15000,0,9.37418
Suite_14,Deferred_Volume,0,119,1.50803,0.652428,0.001568,0.106496,0.389408,2.16974,460.884,15000,0,9.42363
Suite_14,Deferred_Volume,0,120,1.50988,0.646659,0.0008,0.105248,0.405504,2.17518,459.732,15000,0,9.4725
Suite_14,Deferred_Volume,0,121,1.51122,0.647484,9.6e-05,0.10448,0.413696,2.17376,460.033,15000,0,8.83452
Suite_14,Deferred_Volume,0,122,1.50918,0.665861,0.000736,0.104384,0.386944,2.1741,459.96,15000,0,8.88009
Suite_14,Deferred_Volume,0,123,1.50499,0.660639,0,0.104224,0.381216,2.20222,454.087,15000,0,8.4871
Suite_14,Deferred_Volume,0,124,1.49917,0.64065,0.000736,0.103072,0.388416,2.18125,458.452,15000,0,8.52947
Suite_14,Deferred_Volume,0,125,1.49581,0.652271,0.000672,0.103264,0.390208,2.15599,463.824,15000,0,8.57155
Suite_14,Deferred_Volume,0,126,1.49763,0.643591,0.001472,0.104448,0.385344,2.1635,462.214,15000,0,8.61338
Suite_14,Deferred_Volume,0,127,1.49341,0.635243,3.2e-05,0.1024,0.38848,2.15643,463.729,15000,0,8.65499
Suite_14,Deferred_Volume,0,128,1.49059,0.630094,0.000704,0.102368,0.384736,2.14292,466.652,15000,0,8.69643
Suite_14,Deferred_Volume,0,129,1.49247,0.637655,0.001632,0.1024,0.38144,2.13697,467.953,15000,0,8.3879
Suite_14,Deferred_Volume,0,130,1.48331,0.643373,0.000192,0.10352,0.395264,2.14473,466.258,15000,0,8.42671
Suite_14,Deferred_Volume,0,131,1.48569,0.639091,0.00128,0.102176,0.389792,2.14102,467.068,15000,0,8.46544
Suite_14,Deferred_Volume,0,132,1.47733,0.639209,0.00112,0.100352,0.383104,2.14731,465.7,15000,0,8.5041
Suite_14,Deferred_Volume,0,133,1.47622,0.641956,0,0.128128,0.410592,2.13277,468.874,15000,0,8.10172
Suite_14,Deferred_Volume,0,134,1.47882,0.634926,0.001024,0.100864,0.401344,2.13419,468.562,15000,0,8.13626
Suite_14,Deferred_Volume,0,135,1.47464,0.637217,0.000352,0.100992,0.386272,2.12839,469.838,15000,0,8.1708
Suite_14,Deferred_Volume,0,136,1.47713,0.644463,0.000736,0.100352,0.382208,2.12607,470.352,15000,0,6.30728
Suite_14,Deferred_Volume,0,137,1.46711,0.644871,0.000608,0.100416,0.37888,2.13865,467.586,15000,0,6.36506
Suite_14,Deferred_Volume,0,138,1.45972,0.639594,0.001184,0.100256,0.373504,2.12731,470.077,15000,0,6.42297
Suite_14,Deferred_Volume,0,139,1.45823,0.656236,0.0008,0.099296,0.377888,2.11395,473.049,15000,0,6.481
Suite_14,Deferred_Volume,0,140,1.45848,0.637107,0.001568,0.100096,0.386464,2.12981,469.526,15000,0,6.13876
Suite_14,Deferred_Volume,0,141,1.46168,0.647483,0.001504,0.099904,0.381184,2.1122,473.44,15000,0,6.19375
Suite_14,Deferred_Volume,0,142,1.45858,0.637374,0.00016,0.098656,0.385344,2.12617,470.33,15000,0,6.2488
Suite_14,Deferred_Volume,0,143,1.45781,0.647969,0.000736,0.098816,0.386784,2.11108,473.691,15000,0,6.3039
Suite_14,Deferred_Volume,0,144,1.45074,0.629248,0.000704,0.096896,0.382976,2.12115,471.442,15000,0,6.35904
Suite_14,Deferred_Volume,0,145,1.4546,0.637516,0.000736,0.096736,0.382432,2.096,477.099,15000,0,6.41419
Suite_14,Deferred_Volume,0,146,1.45073,0.653374,0.00112,0.09776,0.405888,2.11219,473.443,15000,0,6.46934
Suite_14,Deferred_Volume,0,147,1.45166,0.638833,0.000608,0.0968,0.393216,2.11959,471.789,15000,0,6.52447
Suite_14,Deferred_Volume,0,148,1.44657,0.634842,0.000672,0.096672,0.378688,2.10496,475.068,15000,0,6.57957
Suite_14,Deferred_Volume,0,149,1.43751,0.647576,0.001216,0.096256,0.373152,2.09843,476.546,15000,0,6.63461
Suite_14,Deferred_Volume,0,150,1.44326,0.635766,0.001056,0.096256,0.383712,2.1014,475.873,15000,0,6.68957
Suite_14,Deferred_Volume,0,151,1.43478,0.643453,0,0.096256,0.373792,2.09302,477.779,15000,0,5.61456
Suite_14,Deferred_Volume,0,152,1.4418,0.630619,0.000768,0.09504,0.378272,2.09206,477.998,15000,0,5.67116
Suite_14,Deferred_Volume,0,153,1.43517,0.664723,6.4e-05,0.096256,0.38608,2.08786,478.958,15000,0,4.72197
Suite_14,Deferred_Volume,0,154,1.4403,0.652975,0.00112,0.094208,0.36912,2.11842,472.049,15000,0,4.77017
Suite_14,Deferred_Volume,0,155,1.43223,0.651589,0.000256,0.09424,0.380064,2.10704,474.6,15000,0,4.81845
Suite_14,Deferred_Volume,0,156,1.42821,0.64802,0.00016,0.094208,0.375776,2.09756,476.744,15000,0,4.86679
Suite_14,Deferred_Volume,0,157,1.42803,0.645345,0,0.11888,0.395264,2.09324,477.729,15000,0,4.91517
Suite_14,Deferred_Volume,0,158,1.4206,0.638896,3.2e-05,0.093856,0.382976,2.09273,477.846,15000,0,4.96357
Suite_14,Deferred_Volume,0,159,1.42192,0.645806,0.0016,0.094208,0.372384,2.0731,482.369,15000,0,5.01196
Suite_14,Deferred_Volume,0,160,1.41937,0.64716,0.00032,0.093664,0.37888,2.08213,480.277,15000,0,5.06031
Suite_14,Deferred_Volume,0,161,1.41881,0.644643,0,0.09216,0.376736,2.08644,479.285,15000,0,5.1086
Suite_14,Deferred_Volume,0,162,1.41513,0.630349,0,0.092192,0.379744,2.07827,481.169,15000,0,4.56118
Suite_14,Deferred_Volume,0,163,1.41909,0.640173,0.001504,0.092512,0.380928,2.05883,485.712,15000,0,4.60458
Suite_14,Deferred_Volume,0,164,1.41165,0.638992,0.00112,0.092128,0.371456,2.0744,482.068,15000,0,4.64785
Suite_14,Deferred_Volume,0,165,1.41293,0.634844,0.00112,0.09216,0.373376,2.06652,483.905,15000,0,4.69095
Suite_14,Deferred_Volume,0,166,1.41621,0.733361,0.001632,0.092096,0.370912,2.06231,484.894,15000,0,4.73385
Suite_14,Deferred_Volume,0,167,1.41004,0.694669,0,0.11472,0.40496,2.16951,460.934,15000,0,4.77652
Suite_14,Deferred_Volume,0,168,1.40429,0.644249,0.00176,0.092,0.374944,2.12099,471.477,15000,0,4.81894
Suite_14,Deferred_Volume,0,169,1.40156,0.659821,0.001504,0.090112,0.366592,2.06454,484.369,15000,0,4.86108
Suite_14,Deferred_Volume,0,170,1.40193,0.636146,0.000768,0.09152,0.378304,2.07771,481.299,15000,0,4.90289
Suite_14,Deferred_Volume,0,171,1.39549,0.63641,0.0008,0.090112,0.372736,2.05179,487.381,15000,0,4.94436
Suite_14,Deferred_Volume,0,172,1.39353,0.633986,0.00144,0.090048,0.372992,2.04615,488.722,15000,0,4.98545
Suite_14,Deferred_Volume,0,173,1.39349,0.64577,0,0.090112,0.378656,2.04327,489.413,15000,0,5.02613
Suite_14,Deferred_Volume,0,174,1.38855,0.644909,0.00128,0.088064,0.371008,2.0546,486.713,15000,0,5.06637
Suite_14,Deferred_Volume,0,175,1.38961,0.635819,0.001632,0.088352,0.368928,2.04699,488.522,15000,0,5.10613
Suite_14,Deferred_Volume,0,176,1.39343,0.648499,0.000608,0.088352,0.364544,2.03893,490.454,15000,0,5.14539
Suite_14,Deferred_Volume,0,177,1.38778,0.635493,0.001728,0.089088,0.364512,2.0593,485.603,15000,0,5.18412
Suite_14,Deferred_Volume,0,178,1.38262,0.632752,0,0.088032,0.365504,2.0376,490.773,15000,0,3.67435
Suite_14,Deferred_Volume,0,179,1.38199,0.654886,0.000672,0.086688,0.367776,2.02869,492.928,15000,0,3.70214
Suite_14,Deferred_Volume,0,180,1.38446,0.669482,0.000512,0.086464,0.37408,2.05148,487.452,15000,0,3.72962
Suite_14,Deferred_Volume,0,181,1.38405,0.645041,0.001184,0.087776,0.365408,2.07036,483.008,15000,0,3.75678
Suite_14,Deferred_Volume,0,182,1.3843,0.637343,0.001024,0.087168,0.364928,2.04481,489.043,15000,0,3.78358
Suite_14,Deferred_Volume,0,183,1.38048,0.664147,3.2e-05,0.088064,0.376832,2.03543,491.298,15000,0,3.81002
Suite_14,Deferred_Volume,0,184,1.3704,0.636822,0.000384,0.086304,0.366592,2.06449,484.38,15000,0,3.83608
Suite_14,Deferred_Volume,0,185,1.37227,0.645668,0.000352,0.086176,0.374112,2.02312,494.286,15000,0,3.86173
Suite_14,Deferred_Volume,0,186,1.37106,0.646357,0,0.086016,0.373344,2.03329,491.813,15000,0,3.88695
Suite_14,Deferred_Volume,0,187,1.36948,0.648026,0,0.086016,0.366464,2.0319,492.149,15000,0,3.91173
Suite_14,Deferred_Volume,0,188,1.36935,0.653379,0.000736,0.084864,0.364224,2.03202,492.122,15000,0,3.93606
Suite_14,Deferred_Volume,0,189,1.36651,0.638767,0,0.085248,0.375776,2.04307,489.459,15000,0,3.9599
Suite_14,Deferred_Volume,0,190,1.36366,0.65153,0.000192,0.086016,0.37888,2.02108,494.786,15000,0,3.98324
Suite_14,Deferred_Volume,0,191,1.36279,0.635992,0.000672,0.084576,0.37264,2.02998,492.617,15000,0,4.00607
Suite_14,Deferred_Volume,0,192,1.36299,0.635719,0.001568,0.085152,0.360064,2.01284,496.811,15000,0,4.02837
Suite_14,Deferred_Volume,0,193,1.35467,0.656619,9.6e-05,0.084032,0.370432,2.01429,496.453,15000,0,4.05012
Suite_14,Deferred_Volume,0,194,1.35681,0.644812,0.001472,0.083968,0.36928,2.02683,493.382,15000,0,4.0713
Suite_14,Deferred_Volume,0,195,1.35037,0.646316,0.001152,0.083968,0.3696,2.016,496.031,15000,0,4.09191
Suite_14,Deferred_Volume,0,196,1.34879,0.647051,0.000128,0.083968,0.366592,2.01051,497.385,15000,0,4.11192
Suite_14,Deferred_Volume,0,197,1.34746,0.664745,6.4e-05,0.083968,0.374784,2.01305,496.759,15000,0,4.13132
Suite_14,Deferred_Volume,0,198,1.34642,0.634031,0.001856,0.083968,0.370944,2.02705,493.327,15000,0,4.1501
Suite_14,Deferred_Volume,0,199,1.34977,0.636627,0.000192,0.083616,0.370688,1.9941,501.479,15000,0,4.16824
Suite_14,Deferred_Volume,0,200,1.34282,0.64365,0.001088,0.083744,0.38992,1.99991,500.024,15000,0,4.18573
Suite_14,Deferred_Volume,0,201,1.34153,0.643487,0.00176,0.083936,0.36576,2.00269,499.328,15000,0,4.20257
Suite_14,Deferred_Volume,0,202,1.34062,0.658839,0.000736,0.082624,0.362496,1.99959,500.102,15000,0,4.21873
Suite_14,Deferred_Volume,0,203,1.34269,0.669211,0.001184,0.083648,0.359104,2.01632,495.954,15000,0,2.82122
Suite_14,Deferred_Volume,0,204,1.33843,0.638546,0.001504,0.083968,0.364832,2.02777,493.153,15000,0,2.82764
Suite_14,Deferred_Volume,0,205,1.33347,0.636324,0.001216,0.083968,0.369088,1.99266,501.843,15000,0,2.23735
Suite_14,Deferred_Volume,0,206,1.33076,0.742961,0.001408,0.083968,0.360864,1.98421,503.979,15000,0,2.24148
Suite_14,Deferred_Volume,0,207,1.32975,0.657321,0.000384,0.102432,0.38912,2.13854,467.609,15000,0,2.24521
Suite_14,Deferred_Volume,0,208,1.32866,0.641624,0.000704,0.11024,0.385024,2.00123,499.692,15000,0,2.24852
Suite_14,Deferred_Volume,0,209,1.32663,0.633907,0.000384,0.083616,0.36864,1.98557,503.633,15000,0,2.25143
Suite_14,Deferred_Volume,0,210,1.32403,0.644842,0.001184,0.083904,0.368448,1.97504,506.319,15000,0,2.25393
Suite_14,Deferred_Volume,0,211,1.32466,0.648577,0.000896,0.082496,0.366304,1.98325,504.223,15000,0,0.761089
Suite_14,Deferred_Volume,0,212,1.32261,0.634617,0.001216,0.08192,0.366656,1.98645,503.41,15000,0,0.764989
Suite_14,Deferred_Volume,0,213,1.32032,0.646293,0.000224,0.08192,0.368064,1.97336,506.749,15000,0,0.768849
Suite_14,Deferred_Volume,0,214,1.31709,0.64411,0.002048,0.10896,0.393216,1.98109,504.772,15000,0,0.772669
Suite_14,Deferred_Volume,0,215,1.31498,0.641691,0.000576,0.082112,0.372736,1.97505,506.317,15000,0,0.776446
Suite_14,Deferred_Volume,0,216,1.31298,0.645515,0.002016,0.082208,0.371104,1.97021,507.561,15000,0,0.780181
Suite_14,Deferred_Volume,0,217,1.3132,0.646975,0.001312,0.083424,0.36544,1.97409,506.563,15000,0,0.783871
Suite_14,Deferred_Volume,0,218,1.30701,0.644664,0.00016,0.08192,0.36864,1.98257,504.395,15000,0,0.787517
Suite_14,Deferred_Volume,0,219,1.30976,0.636052,0.001184,0.08192,0.362496,1.96508,508.884,15000,0,0.791116
Suite_14,Deferred_Volume,0,220,1.3081,0.745388,0.00128,0.08192,0.367552,1.95907,510.447,15000,0,0.794669
Suite_14,Deferred_Volume,0,221,1.3076,0.660323,0.000832,0.108544,0.390368,2.06867,483.403,15000,0,0.798173
Suite_14,Deferred_Volume,0,222,1.30783,0.634568,0.001376,0.082944,0.372736,1.98323,504.227,15000,0,0.801628
Suite_14,Deferred_Volume,0,223,1.299,0.63552,0.001856,0.083424,0.36848,1.95581,511.296,15000,0,0.805034
Suite_14,Deferred_Volume,0,224,1.30112,0.64164,0.00048,0.08208,0.365728,1.94789,513.377,15000,0,0.808389
Suite_14,Deferred_Volume,0,225,1.29886,0.682271,0.00128,0.08192,0.370688,1.95914,510.427,15000,0,0.811692
Suite_14,Deferred_Volume,0,226,1.29825,0.638147,0.001408,0.083072,0.366592,1.996,501.002,15000,0,0.814943
Suite_14,Deferred_Volume,0,227,1.29487,0.772103,0.000736,0.08224,0.364544,1.95008,512.798,15000,0,0.818141
Suite_14,Deferred_Volume,0,228,1.2957,0.645695,0.001888,0.082304,0.370848,2.08047,480.661,15000,0,0.821285
Suite_14,Deferred_Volume,0,229,1.29439,0.644406,0.00096,0.082528,0.388992,1.95793,510.744,15000,0,0.824374
Suite_14,Deferred_Volume,0,230,1.28785,0.644131,0.001728,0.08336,0.36832,1.95298,512.037,15000,0,0.827408
Suite_14,Deferred_Volume,0,231,1.2889,0.640362,0.001344,0.08192,0.36864,1.94966,512.91,15000,0,0.830386
Suite_14,Deferred_Volume,0,232,1.29017,0.641517,0.000544,0.081952,0.36864,1.94365,514.496,15000,0,0.833307
Suite_14,Deferred_Volume,0,233,1.28717,0.640904,0.000512,0.08192,0.368384,1.94656,513.728,15000,0,0.83617
Suite_14,Deferred_Volume,0,234,1.29395,0.642997,0.002048,0.08272,0.367008,1.94419,514.353,15000,0,0.838977
Suite_14,Deferred_Volume,0,235,1.29199,0.652601,0.000896,0.08192,0.366112,1.95103,512.55,15000,0,0.841724
Suite_14,Deferred_Volume,0,236,1.28785,0.63169,0.002048,0.082368,0.370816,1.95855,510.582,15000,0,0.844413
Suite_14,Deferred_Volume,0,237,1.27626,0.635768,0.001984,0.082752,0.3688,1.93481,516.846,15000,0,0.847042
Suite_14,Deferred_Volume,0,238,1.27487,0.647823,0.002048,0.082336,0.365888,1.92659,519.052,15000,0,0.849611
Suite_14,Deferred_Volume,0,239,1.27641,0.645166,0.000704,0.083968,0.376224,1.93682,516.311,15000,0,0.852121
Suite_14,Deferred_Volume,0,240,1.27246,0.634562,0.0016,0.083072,0.364544,1.93483,516.841,15000,0,0.85457
Suite_14,Deferred_Volume,0,241,1.27586,0.647899,0.001792,0.082304,0.366656,1.92245,520.168,15000,0,0.856958
Suite_14,Deferred_Volume,0,242,1.27549,0.640429,0.000448,0.08192,0.372736,1.93833,515.907,15000,0,0.859285
Suite_14,Deferred_Volume,0,243,1.27128,0.638141,0.001824,0.082688,0.366592,1.93005,518.121,15000,0,0.86155
Suite_14,Deferred_Volume,0,244,1.26911,0.644103,0.002048,0.081984,0.370656,1.92256,520.141,15000,0,0.863754
Suite_14,Deferred_Volume,0,245,1.26756,0.640758,0.002048,0.08272,0.362656,1.9299,518.162,15000,0,0.865897
Suite_14,Deferred_Volume,0,246,1.26162,0.648243,0.001952,0.106528,0.386816,1.92845,518.551,15000,0,0.867977
Suite_14,Deferred_Volume,0,247,1.27027,0.636815,0.000832,0.11056,0.398432,1.92453,519.606,15000,0,0.869996
Suite_14,Deferred_Volume,0,248,1.26286,0.635718,0.000992,0.08192,0.364704,1.92048,520.703,15000,0,0.871952
Suite_14,Deferred_Volume,0,249,1.26449,0.645554,0.001024,0.08192,0.364576,1.91374,522.537,15000,0,0.873847
Suite_14,Deferred_Volume,0,250,1.26283,0.631038,0.001888,0.083424,0.362496,1.92583,519.256,15000,0,0.87568
Suite_14,Deferred_Volume,0,251,1.2589,0.644867,0.002048,0.082496,0.368864,1.90695,524.397,15000,0,0.87745
Suite_14,Deferred_Volume,0,252,1.25527,0.634571,0.002048,0.082048,0.362784,1.91703,521.639,15000,0,0.879159
Suite_14,Deferred_Volume,0,253,1.25184,0.650669,0.002112,0.083552,0.362496,1.90452,525.067,15000,0,0.880806
Suite_14,Deferred_Volume,0,254,1.25673,0.662301,0.002048,0.083168,0.36816,1.91847,521.249,15000,0,0.882391
Suite_14,Deferred_Volume,0,255,1.25387,0.646754,0.002048,0.083968,0.360448,1.93432,516.977,15000,0,0.883915
Suite_14,Deferred_Volume,0,256,1.25265,0.648194,0.002048,0.082432,0.371392,1.91436,522.369,15000,0,0.885378
Suite_14,Deferred_Volume,0,257,1.25317,0.644584,0.002048,0.08448,0.378272,1.91686,521.687,15000,0,0.88678
Suite_14,Deferred_Volume,0,258,1.24904,0.636205,0.002112,0.0824,0.368192,1.91179,523.069,15000,0,0.888121
Suite_14,Deferred_Volume,0,259,1.24827,0.634001,0.002176,0.08592,0.36864,1.89878,526.654,15000,0,0.889402
Suite_14,Deferred_Volume,0,260,1.242,0.639659,0.002048,0.086016,0.370656,1.89559,527.539,15000,0,0.890623
Suite_14,Deferred_Volume,0,261,1.24873,0.635999,0.002048,0.083968,0.375104,1.89863,526.696,15000,0,0.891785
Suite_14,Deferred_Volume,0,262,1.23705,0.656156,0.002048,0.083968,0.366496,1.89882,526.641,15000,0,0.892887
Suite_14,Deferred_Volume,0,263,1.23523,0.816236,0.003296,0.085344,0.36608,1.90692,524.406,15000,0,0.89393
Suite_14,Deferred_Volume,0,264,1.24001,0.6532,0.003232,0.08576,0.374272,2.06518,484.22,15000,0,0.894916
Suite_14,Deferred_Volume,0,265,1.23606,0.635949,0.002368,0.084288,0.395264,1.90905,523.82,15000,0,0.895843
Suite_14,Deferred_Volume,0,266,1.23566,0.633862,0.002368,0.084832,0.368736,1.88642,530.104,15000,0,0.896713
Suite_14,Deferred_Volume,0,267,1.23344,0.660804,0.002144,0.085312,0.377248,1.88296,531.077,15000,0,0.897527
Suite_14,Deferred_Volume,0,268,1.23037,0.639018,0.004096,0.086528,0.375776,1.90884,523.877,15000,0,0.898284
Suite_14,Deferred_Volume,0,269,1.23205,0.634158,0.003872,0.084576,0.36864,1.88518,530.453,15000,0,0.898986
Suite_14,Deferred_Volume,0,270,1.23491,0.629892,0.00256,0.083904,0.372736,1.88027,531.837,15000,0,0.899633
Suite_14,Deferred_Volume,0,271,1.2293,0.643252,0.002048,0.083968,0.367296,1.87844,532.358,15000,0,0.900225
Suite_14,Deferred_Volume,0,272,1.22961,0.642145,0.003104,0.085184,0.376768,1.88656,530.065,15000,0,0.900764
Suite_14,Deferred_Volume,0,273,1.22545,0.639411,0.002816,0.084128,0.372736,1.88682,529.992,15000,0,0.90125
Suite_14,Deferred_Volume,0,274,1.22881,0.67665,0.003136,0.086016,0.373632,1.87959,532.032,15000,0,0.901684
Suite_14,Deferred_Volume,0,275,1.22616,0.649143,0.003904,0.083968,0.395648,1.92293,520.04,15000,0,0.902067
Suite_14,Deferred_Volume,0,276,1.22187,0.647447,0.002496,0.083968,0.387072,1.88993,529.121,15000,0,0.902398
Suite_14,Deferred_Volume,0,277,1.22492,0.638039,0.003584,0.084704,0.3672,1.8852,530.447,15000,0,0.902679
Suite_14,Deferred_Volume,0,278,1.2223,0.647191,0.002752,0.083968,0.372736,1.8779,532.511,15000,0,0.902911
Suite_14,Deferred_Volume,0,279,1.22447,0.632601,0.004096,0.087104,0.376832,1.88392,530.808,15000,0,0.903095
Suite_14,Deferred_Volume,0,280,1.22619,0.628072,0.00336,0.085504,0.365888,1.87028,534.678,15000,0,0.903231
Suite_14,Deferred_Volume,0,281,1.2173,0.647166,0.003552,0.08528,0.37056,1.87008,534.736,15000,0,0.90332
Suite_14,Deferred_Volume,0,282,1.21971,0.637289,0.004096,0.084,0.37296,1.87882,532.25,15000,0,0.903363
Suite_14,Deferred_Volume,0,283,1.2217,0.646852,0.004096,0.086496,0.377376,1.87124,534.405,15000,0,0.903361
Suite_14,Deferred_Volume,0,284,1.21245,0.633059,0.003808,0.086528,0.377632,1.88234,531.253,15000,0,0.903314
Suite_14,Deferred_Volume,0,285,1.21535,0.85545,0.004096,0.08672,0.375168,1.86061,537.459,15000,0,0.903224
Suite_14,Deferred_Volume,0,286,1.21773,0.654471,0.003872,0.086848,0.38912,2.0889,478.721,15000,0,0.903091
Suite_14,Deferred_Volume,0,287,1.21112,0.643995,0.004096,0.085824,0.397344,1.88649,530.084,15000,0,0.902916
Suite_14,Deferred_Volume,0,288,1.21392,0.640668,0.004096,0.086016,0.374304,1.86843,535.209,15000,0,0.9027
Suite_14,Deferred_Volume,0,289,1.21413,0.651409,0.004032,0.087744,0.370144,1.87121,534.413,15000,0,0.902444
Suite_14,Deferred_Volume,0,290,1.21343,0.638957,0.004288,0.08752,0.384224,1.88165,531.448,15000,0,0.902149
Suite_14,Deferred_Volume,0,291,1.20303,0.634914,0.004256,0.086016,0.380224,1.86569,535.996,15000,0,0.901816
Suite_14,Deferred_Volume,0,292,1.20545,0.647661,0.004256,0.086432,0.378464,1.85078,540.312,15000,0,0.901445
Suite_14,Deferred_Volume,0,293,1.2074,0.643068,0.005472,0.086016,0.366592,1.86896,535.057,15000,0,0.901038
Suite_14,Deferred_Volume,0,294,1.20774,0.648602,0.004096,0.087168,0.381728,1.86634,535.807,15000,0,0.900595
Suite_14,Deferred_Volume,0,295,1.20413,0.631938,0.004512,0.087584,0.374688,1.86977,534.826,15000,0,0.900117
Suite_14,Deferred_Volume,0,296,1.20858,0.914278,0.005504,0.089024,0.374784,1.84958,540.664,15000,0,0.899606
Suite_14,Deferred_Volume,0,297,1.20351,0.655169,0.005216,0.088064,0.399744,2.13909,467.488,15000,0,0.899061
Suite_14,Deferred_Volume,0,298,1.20406,0.647511,0.005184,0.088032,0.39728,1.8739,533.646,15000,0,0.898484
Suite_14,Deferred_Volume,0,299,1.20793,0.637954,0.004096,0.087648,0.37936,1.86539,536.082,15000,0,0.897876
Suite_14,Deferred_Volume,0,300,1.20196,0.647065,0.00528,0.08704,0.377472,1.85938,537.813,15000,0,0.897238
Suite_14,Deferred_Volume,0,301,1.19671,0.641359,0.006144,0.089984,0.388032,1.86569,535.994,15000,0,0.896571
Suite_14,Deferred_Volume,0,302,1.19847,0.645026,0.005312,0.089376,0.373792,1.85281,539.722,15000,0,0.895875
Suite_14,Deferred_Volume,0,303,1.19483,0.642464,0.006144,0.08608,0.382464,1.86069,537.435,15000,0,0.895151
Suite_14,Deferred_Volume,0,304,1.19398,0.642236,0.004928,0.088064,0.376832,1.85061,540.363,15000,0,0.894401
Suite_14,Deferred_Volume,0,305,1.19328,0.651643,0.006112,0.087744,0.379648,1.86479,536.254,15000,0,0.893624
Suite_14,Deferred_Volume,0,306,1.2032,0.635161,0.006144,0.089344,0.373504,1.85989,537.665,15000,0,0.892823
Suite_14,Deferred_Volume,0,307,1.19534,0.670652,0.005984,0.086592,0.376832,1.85215,539.913,15000,0,0.891997
Suite_14,Deferred_Volume,0,308,1.19814,0.648748,0.006176,0.089408,0.378272,1.8815,531.489,15000,0,0.891148
Suite_14,Deferred_Volume,0,309,1.19423,0.639424,0.006176,0.08944,0.382496,1.86479,536.254,15000,0,0.890277
Suite_14,Deferred_Volume,0,310,1.19253,0.616096,0.006144,0.088224,0.377792,1.84832,541.032,15000,0,0
Suite_14,Deferred_Volume,0,311,1.19042,0.623242,0.006144,0.08992,0.383328,1.82174,548.927,15000,0,0
Suite_14,Deferred_Volume,0,312,1.19769,0.618616,0.00752,0.089152,0.392832,1.82692,547.371,15000,0,0
Suite_14,Deferred_Volume,0,313,1.19082,0.615723,0.007232,0.089952,0.369088,1.83159,545.974,15000,0,0
Suite_14,Deferred_Volume,0,314,1.19149,0.618122,0.007424,0.089568,0.3816,1.82106,549.131,15000,0,0
Suite_14,Deferred_Volume,0,315,1.1872,0.627014,0.007232,0.090112,0.383008,1.82229,548.759,15000,0,0
Suite_14,Deferred_Volume,0,316,1.18839,0.622723,0.008192,0.090592,0.382752,1.82919,546.691,15000,0,0
Suite_14,Deferred_Volume,0,317,1.18628,0.621569,0.007136,0.106592,0.405792,1.83398,545.263,15000,0,0
Suite_14,Deferred_Volume,0,318,1.19203,0.617633,0.008192,0.088096,0.382368,1.82247,548.706,15000,0,0
Suite_14,Deferred_Volume,0,319,1.18757,0.631687,0.006752,0.090112,0.37856,1.82311,548.514,15000,0,0
Suite_14,Deferred_Volume,0,320,1.1859,0.623225,0.008928,0.091136,0.385024,1.83425,545.183,15000,0,0
Suite_14,Deferred_Volume,0,321,1.18866,0.69731,0.006944,0.090112,0.378336,1.82374,548.325,15000,0,0
Suite_14,Deferred_Volume,0,322,1.19372,0.666948,0.007936,0.090688,0.380288,1.90597,524.666,15000,0,0
Suite_14,Deferred_Volume,0,323,1.18567,0.632104,0.008192,0.090112,0.377216,1.87645,532.921,15000,0,0
Suite_14,Deferred_Volume,0,324,1.18792,0.613735,0.008224,0.090912,0.37888,1.8321,545.822,15000,0,0
Suite_14,Deferred_Volume,0,325,1.18443,0.617944,0.008352,0.0912,0.387072,1.81762,550.169,15000,0,0
Suite_14,Deferred_Volume,0,326,1.18411,0.813545,0.008192,0.092096,0.381184,1.81667,550.458,15000,0,0
Suite_14,Deferred_Volume,0,327,1.17993,0.636988,0.009632,0.092352,0.409952,2.01051,497.386,15000,0,0
Suite_14,Deferred_Volume,0,328,1.17614,0.617576,0.009504,0.091712,0.378784,1.83081,546.206,15000,0,0
Suite_14,Deferred_Volume,0,329,1.17664,0.615178,0.008832,0.091968,0.383136,1.80898,552.799,15000,0,0
Suite_14,Deferred_Volume,0,330,1.18284,0.645877,0.01008,0.091808,0.378912,1.80575,553.787,15000,0,0
Suite_14,Deferred_Volume,0,331,1.18763,0.615769,0.011712,0.092352,0.397312,1.84624,541.641,15000,0,0
Suite_14,Deferred_Volume,0,332,1.18254,0.622925,0.009792,0.09216,0.38912,1.81645,550.523,15000,0,0
Suite_14,Deferred_Volume,0,333,1.17426,0.615268,0.009024,0.092,0.38912,1.8202,549.391,15000,0,0
Suite_14,Deferred_Volume,0,334,1.17552,0.623539,0.010016,0.092576,0.387552,1.80371,554.413,15000,0,0
Suite_14,Deferred_Volume,0,335,1.17733,0.619465,0.01024,0.092992,0.395264,1.8128,551.633,15000,0,0
Suite_14,Deferred_Volume,0,336,1.1774,0.609595,0.01024,0.09216,0.391552,1.80965,552.593,15000,0,0
Suite_14,Deferred_Volume,0,337,1.18889,0.618443,0.01024,0.09216,0.383328,1.80168,555.038,15000,0,0
Suite_14,Deferred_Volume,0,338,1.17714,0.619461,0.010624,0.092576,0.394816,1.82126,549.069,15000,0,0
Suite_14,Deferred_Volume,0,339,1.17707,0.62239,0.01152,0.092992,0.38704,1.81024,552.412,15000,0,0
Suite_14,Deferred_Volume,0,340,1.18074,0.612621,0.01168,0.091008,0.391264,1.81236,551.766,15000,0,0
Suite_14,Deferred_Volume,0,341,1.18157,0.61679,0.011008,0.091904,0.382976,1.80851,552.943,15000,0,0
Suite_14,Deferred_Volume,0,342,1.17816,0.616327,0.01104,0.092288,0.384192,1.81266,551.675,15000,0,0
Suite_14,Deferred_Volume,0,343,1.17966,0.626917,0.011616,0.09216,0.393216,1.80852,552.937,15000,0,0
Suite_14,Deferred_Volume,0,344,1.17719,0.61785,0.012288,0.092288,0.393024,1.81948,549.606,15000,0,0
Suite_14,Deferred_Volume,0,345,1.17537,0.906318,0.012,0.094208,0.390144,1.8105,552.333,15000,0,0
Suite_14,Deferred_Volume,0,346,1.18236,0.630223,0.013504,0.09216,0.415744,2.09599,477.101,15000,0,0
Suite_14,Deferred_Volume,0,347,1.18006,0.614192,0.012288,0.09216,0.387488,1.82639,547.529,15000,0,0
Suite_14,Deferred_Volume,0,348,1.17231,0.619675,0.012544,0.093152,0.393408,1.80683,553.456,15000,0,0
Suite_14,Deferred_Volume,0,349,1.183,0.650996,0.012288,0.094208,0.399808,1.81282,551.626,15000,0,0
Suite_14,Deferred_Volume,0,350,1.18174,0.622228,0.014528,0.096352,0.405504,1.85522,539.021,15000,0,0
Suite_14,Deferred_Volume,0,351,1.18137,0.615918,0.0136,0.1192,0.419232,1.81695,550.373,15000,0,0
Suite_14,Deferred_Volume,0,352,1.1764,0.619023,0.013376,0.095392,0.391168,1.81011,552.451,15000,0,0
Suite_14,Deferred_Volume,0,353,1.18378,0.620585,0.013632,0.095936,0.39936,1.81032,552.389,15000,0,0
Suite_14,Deferred_Volume,0,354,1.1801,0.613132,0.015232,0.096256,0.406272,1.81909,549.725,15000,0,0
Suite_14,Deferred_Volume,0,355,1.17878,0.613481,0.014336,0.094208,0.397024,1.80634,553.607,15000,0,0
Suite_14,Deferred_Volume,0,356,1.17645,0.616637,0.014304,0.094272,0.393216,1.80548,553.87,15000,0,0
Suite_14,Deferred_Volume,0,357,1.18187,0.620945,0.014336,0.096256,0.393824,1.80778,553.166,15000,0,0
Suite_14,Deferred_Volume,0,358,1.17687,0.621721,0.015488,0.096256,0.3952,1.81785,550.099,15000,0,0
Suite_14,Deferred_Volume,0,359,1.17475,0.606611,0.014336,0.09568,0.397728,1.81147,552.037,15000,0,0
Suite_14,Deferred_Volume,0,360,1.18056,0.61328,0.014336,0.095744,0.391744,1.79994,555.573,15000,0,0
Suite_14,Deferred_Volume,0,361,1.17241,0.61902,0.01472,0.096256,0.397312,1.80847,552.953,15000,0,0
Suite_14,Deferred_Volume,0,362,1.18803,0.658716,0.015136,0.096384,0.403456,1.80619,553.653,15000,0,0
Suite_14,Deferred_Volume,0,363,1.17779,0.62116,0.016384,0.096,0.405344,1.86198,537.063,15000,0,0
Suite_14,Deferred_Volume,0,364,1.18194,0.843044,0.016032,0.097376,0.405504,1.81282,551.628,15000,0,0
Suite_14,Deferred_Volume,0,365,1.17974,0.623984,0.01664,0.095776,0.41984,2.03974,490.258,15000,0,0
Suite_14,Deferred_Volume,0,366,1.18138,0.610853,0.016384,0.096192,0.400544,1.81826,549.976,15000,0,0
Suite_14,Deferred_Volume,0,367,1.17508,0.618165,0.017728,0.096256,0.397376,1.80519,553.957,15000,0,0
Suite_14,Deferred_Volume,0,368,1.1735,0.703034,0.017984,0.097024,0.405504,1.80621,553.645,15000,0,0
Suite_14,Deferred_Volume,0,369,1.182,0.618739,0.018816,0.098304,0.410048,1.89196,528.553,15000,0,0
Suite_14,Deferred_Volume,0,370,1.17737,0.616623,0.016832,0.120832,0.420896,1.81457,551.094,15000,0,0
Suite_14,Deferred_Volume,0,371,1.1772,0.609457,0.01824,0.096992,0.40016,1.80662,553.519,15000,0,0
Suite_14,Deferred_Volume,0,372,1.18226,0.628785,0.018432,0.098176,0.405984,1.79942,555.736,15000,0,0
Suite_14,Deferred_Volume,0,373,1.17209,0.619295,0.021568,0.099072,0.408352,1.82716,547.299,15000,0,0
Suite_14,Deferred_Volume,0,374,1.1791,0.623953,0.018432,0.098304,0.40352,1.80555,553.848,15000,0,0
Suite_14,Deferred_Volume,0,375,1.17525,0.615189,0.018432,0.098464,0.401408,1.8156,550.783,15000,0,0
Suite_14,Deferred_Volume,0,376,1.18568,0.615144,0.018528,0.0984,0.405504,1.80367,554.426,15000,0,0
Suite_14,Deferred_Volume,0,377,1.17914,0.61793,0.020096,0.0984,0.407552,1.81724,550.284,15000,0,0
Suite_14,Deferred_Volume,0,378,1.17725,0.613995,0.019072,0.098304,0.411648,1.81143,552.049,15000,0,0
Suite_14,Deferred_Volume,0,379,1.17722,0.623282,0.01968,0.10032,0.412928,1.80442,554.195,15000,0,0
Suite_14,Deferred_Volume,0,380,1.17553,0.621298,0.02048,0.099392,0.411616,1.81429,551.178,15000,0,0
Suite_14,Deferred_Volume,0,381,1.18024,0.617994,0.02048,0.100096,0.413728,1.82173,548.928,15000,0,0
Suite_14,Deferred_Volume,0,382,1.17912,0.613928,0.02048,0.099616,0.406016,1.81211,551.843,15000,0,0
Suite_14,Deferred_Volume,0,383,1.18331,0.828863,0.02048,0.100352,0.409088,1.80611,553.676,15000,0,0
Suite_14,Deferred_Volume,0,384,1.17859,0.619494,0.020672,0.100288,0.436224,2.02513,493.795,15000,0,0
Suite_14,Deferred_Volume,0,385,1.17941,0.614233,0.021152,0.099808,0.411648,1.8133,551.481,15000,0,0
Suite_14,Deferred_Volume,0,386,1.17694,0.615572,0.02096,0.100352,0.403456,1.8072,553.343,15000,0,0
Suite_14,Deferred_Volume,0,387,1.17483,0.693804,0.021216,0.1024,0.417792,1.80526,553.938,15000,0,0
Suite_14,Deferred_Volume,0,388,1.18033,0.650876,0.024576,0.1024,0.417792,1.88695,529.955,15000,0,0
Suite_14,Deferred_Volume,0,389,1.18549,0.612007,0.022496,0.125216,0.44224,1.84789,541.159,15000,0,0
Suite_14,Deferred_Volume,0,390,1.18522,0.610505,0.02256,0.100832,0.408704,1.81208,551.852,15000,0,0
Suite_14,Deferred_Volume,0,391,1.18308,0.667313,0.022784,0.102816,0.410624,1.80906,552.774,15000,0,0
Suite_14,Deferred_Volume,0,392,1.18362,0.627583,0.026208,0.103968,0.421856,1.8646,536.309,15000,0,0
Suite_14,Deferred_Volume,0,393,1.17903,0.616804,0.022976,0.1024,0.411648,1.82613,547.607,15000,0,0
Suite_14,Deferred_Volume,0,394,1.17397,0.611176,0.023264,0.102304,0.413696,1.80948,552.644,15000,0,0
Suite_14,Deferred_Volume,0,395,1.17846,0.620872,0.023904,0.103392,0.417792,1.79786,556.216,15000,0,0
Suite_14,Deferred_Volume,0,396,1.17892,0.618922,0.024576,0.103488,0.416192,1.81359,551.393,15000,0,0
Suite_14,Deferred_Volume,0,397,1.17915,0.625205,0.024512,0.104448,0.421888,1.81307,551.552,15000,0,0
Suite_14,Deferred_Volume,0,398,1.17489,0.615092,0.024768,0.104192,0.413696,1.81842,549.928,15000,0,0
Suite_14,Deferred_Volume,0,399,1.18058,0.614345,0.025152,0.105152,0.41984,1.80265,554.74,15000,0,0
Suite_14,Deferred_Volume,0,400,1.18295,0.61055,0.025952,0.105632,0.418208,1.81246,551.735,15000,0,0
Suite_14,Deferred_Volume,0,401,1.18006,0.614277,0.026144,0.1056,0.420608,1.80793,553.119,15000,0,0
Suite_14,Deferred_Volume,0,402,1.18124,0.797943,0.026016,0.106496,0.42672,1.80832,552.999,15000,0,0
Suite_14,Deferred_Volume,0,403,1.1784,0.631799,0.026624,0.104864,0.451392,1.99224,501.947,15000,0,0
Suite_14,Deferred_Volume,0,404,1.17392,0.615394,0.026848,0.104672,0.417824,1.82447,548.104,15000,0,0
Suite_14,Deferred_Volume,0,405,1.17414,0.618109,0.026688,0.105408,0.428032,1.80433,554.221,15000,0,0
Suite_14,Deferred_Volume,0,406,1.17601,0.739177,0.026624,0.105984,0.42352,1.80655,553.54,15000,0,0
Suite_14,Deferred_Volume,0,407,1.18327,0.624579,0.030464,0.106016,0.430496,1.9289,518.43,15000,0,0
Suite_14,Deferred_Volume,0,408,1.18097,0.624397,0.030048,0.106048,0.443936,1.8212,549.089,15000,0,0
Suite_14,Deferred_Volume,0,409,1.17256,0.620012,0.027072,0.107616,0.425984,1.82009,549.422,15000,0,0
Suite_14,Deferred_Volume,0,410,1.17593,0.677889,0.027392,0.107808,0.423936,1.80633,553.609,15000,0,0
Suite_14,Deferred_Volume,0,411,1.17616,0.619697,0.030848,0.106272,0.423776,1.86727,535.541,15000,0,0
Suite_14,Deferred_Volume,0,412,1.17733,0.609339,0.028288,0.107648,0.42784,1.80888,552.83,15000,0,0
Suite_14,Deferred_Volume,0,413,1.18162,0.619339,0.028544,0.107328,0.435584,1.80836,552.987,15000,0,0
Suite_14,Deferred_Volume,0,414,1.17633,0.621606,0.028672,0.106496,0.429056,1.81485,551.009,15000,0,0
Suite_14,Deferred_Volume,0,415,1.17781,0.617365,0.030208,0.107296,0.4304,1.81164,551.986,15000,0,0
Suite_14,Deferred_Volume,0,416,1.17926,0.626267,0.029376,0.106784,0.426016,1.80809,553.071,15000,0,0
Suite_14,Deferred_Volume,0,417,1.18153,0.63694,0.028704,0.108544,0.436096,1.82428,548.163,15000,0,0
Suite_14,Deferred_Volume,0,418,1.18308,0.629812,0.030368,0.108224,0.425984,1.83868,543.868,15000,0,0
Suite_14,Deferred_Volume,0,419,1.18705,0.614139,0.03072,0.108224,0.426496,1.82695,547.36,15000,0,0
Suite_14,Deferred_Volume,0,420,1.18149,0.615047,0.03072,0.108544,0.428608,1.81381,551.326,15000,0,0
Suite_14,Deferred_Volume,0,421,1.17894,0.729567,0.031392,0.109216,0.434176,1.8115,552.027,15000,0,0
Suite_14,Deferred_Volume,0,422,1.17827,0.667203,0.032736,0.133664,0.461056,1.9224,520.182,15000,0,0.785526
Suite_14,Deferred_Volume,0,423,1.17798,0.644409,0.031616,0.109024,0.448512,1.85978,537.698,15000,0,0.785198
Suite_14,Deferred_Volume,0,424,1.18213,0.62786,0.031072,0.108832,0.429152,1.83593,544.685,15000,0,0.784885
Suite_14,Deferred_Volume,0,425,1.18665,0.720845,0.032768,0.110592,0.432352,1.82482,547.998,15000,0,0.784585
Suite_14,Deferred_Volume,0,426,1.18688,0.648263,0.034816,0.109824,0.440864,1.92339,519.915,15000,0,0.784301
Suite_14,Deferred_Volume,0,427,1.18481,0.674314,0.032768,0.109056,0.436064,1.84896,540.845,15000,0,0.78403
Suite_14,Deferred_Volume,0,428,1.18231,0.667574,0.032736,0.110592,0.439456,1.8751,533.305,15000,0,0.783774
Suite_14,Deferred_Volume,0,429,1.18704,0.67807,0.033792,0.112096,0.441984,1.86743,535.496,15000,0,0.783532
Suite_14,Deferred_Volume,0,430,1.18655,0.641864,0.03312,0.110432,0.44224,1.88229,531.267,15000,0,0.783305
Suite_14,Deferred_Volume,0,431,1.17888,0.630869,0.033408,0.11056,0.442368,1.84168,542.983,15000,0,0.783091
Suite_14,Deferred_Volume,0,432,1.18549,1.02665,0.034208,0.11264,0.432544,1.8235,548.397,15000,0,0.782891
Suite_14,Deferred_Volume,0,433,1.17754,0.663589,0.033504,0.112032,0.444352,2.23544,447.34,15000,0,0.782705
Suite_14,Deferred_Volume,0,434,1.17983,0.63143,0.03376,0.11264,0.462976,1.85614,538.753,15000,0,0.782534
Suite_14,Deferred_Volume,0,435,1.18167,0.629178,0.03456,0.111424,0.446464,1.82479,548.009,15000,0,0.782376
Suite_14,Deferred_Volume,0,436,1.18213,0.76888,0.034816,0.11264,0.444416,1.82398,548.25,15000,0,0.782232
Suite_14,Deferred_Volume,0,437,1.18435,0.657613,0.037664,0.11264,0.448224,1.96893,507.891,15000,0,0.782101
Suite_14,Deferred_Volume,0,438,1.19862,0.7199,0.035936,0.11264,0.442336,1.85708,538.481,15000,0,0.781985
Suite_14,Deferred_Volume,0,439,1.18746,0.662874,0.035424,0.112384,0.436224,1.93571,516.606,15000,0,0.781882
Suite_14,Deferred_Volume,0,440,1.18348,0.652112,0.035008,0.11264,0.439584,1.86466,536.29,15000,0,0.781792
Suite_14,Deferred_Volume,0,441,1.18521,0.63973,0.035744,0.112672,0.446464,1.85143,540.122,15000,0,0.781716
Suite_14,Deferred_Volume,0,442,1.18299,0.640373,0.035648,0.112576,0.444416,1.83936,543.666,15000,0,0.781653
Suite_14,Deferred_Volume,0,443,1.18765,0.973774,0.035616,0.11376,0.448512,1.83682,544.419,15000,0,0.781604
Suite_14,Deferred_Volume,0,444,1.17932,0.6489,0.036864,0.11264,0.446752,2.17505,459.758,15000,0,1.08284
Suite_14,Deferred_Volume,0,445,1.18556,0.64143,0.036864,0.11264,0.472832,1.84941,540.712,15000,0,1.08333
Suite_14,Deferred_Volume,0,446,1.18282,0.631437,0.036864,0.114688,0.448288,1.84129,543.098,15000,0,1.08385
Suite_14,Deferred_Volume,0,447,1.1842,0.77043,0.03824,0.114688,0.452288,1.82764,547.154,15000,0,1.08439
Suite_14,Deferred_Volume,0,448,1.17936,0.643174,0.039136,0.114688,0.446304,1.96933,507.787,15000,0,1.08495
Suite_14,Deferred_Volume,0,449,1.17897,0.652191,0.037504,0.114528,0.45056,1.83789,544.101,15000,0,1.08553
Suite_14,Deferred_Volume,0,450,1.18236,0.644339,0.038208,0.116192,0.4528,1.84581,541.768,15000,0,1.08614
Suite_14,Deferred_Volume,0,451,1.18397,0.644644,0.0384,0.115072,0.451264,1.84038,543.367,15000,0,1.08676
Suite_14,Deferred_Volume,0,452,1.18701,0.643539,0.038912,0.11504,0.45104,1.84334,542.492,15000,0,1.08741
Suite_14,Deferred_Volume,0,453,1.18136,0.637062,0.037632,0.116736,0.446464,1.84648,541.571,15000,0,1.08807
Suite_14,Deferred_Volume,0,454,1.18162,0.63866,0.037856,0.115776,0.452608,1.8326,545.674,15000,0,1.08876
Suite_14,Deferred_Volume,0,455,1.17949,0.650317,0.038912,0.114848,0.444832,1.83355,545.389,15000,0,1.08946
Suite_14,Deferred_Volume,0,456,1.18021,0.642734,0.039136,0.114656,0.450368,1.84425,542.226,15000,0,1.09019
Suite_14,Deferred_Volume,0,457,1.18009,0.632399,0.040128,0.11776,0.456032,1.83791,544.097,15000,0,1.09094
Suite_14,Deferred_Volume,0,458,1.18613,0.773591,0.038912,0.118624,0.461024,1.82682,547.399,15000,0,1.0917
Suite_14,Deferred_Volume,0,459,1.18515,0.642621,0.038944,0.114688,0.456704,1.97304,506.831,15000,0,1.09249
Suite_14,Deferred_Volume,0,460,1.18008,0.641863,0.039456,0.115936,0.47104,1.84228,542.806,15000,0,1.0933
Suite_14,Deferred_Volume,0,461,1.18037,0.648623,0.0392,0.11856,0.459936,1.83778,544.135,15000,0,1.09413
Suite_14,Deferred_Volume,0,462,1.18184,0.773546,0.04096,0.118432,0.45184,1.84457,542.132,15000,0,1.09498
Suite_14,Deferred_Volume,0,463,1.17968,0.64641,0.039936,0.116736,0.455008,1.96992,507.634,15000,0,1.09585
Suite_14,Deferred_Volume,0,464,1.17871,0.63984,0.03984,0.116736,0.45568,1.83956,543.608,15000,0,1.09673
Suite_14,Deferred_Volume,0,465,1.17655,0.677664,0.04096,0.117824,0.456064,1.84073,543.262,15000,0,1.09764
Suite_14,Deferred_Volume,0,466,1.18072,0.642354,0.041216,0.11776,0.452064,1.86918,534.995,15000,0,1.09857
Suite_14,Deferred_Volume,0,467,1.18377,0.643388,0.041216,0.11728,0.45216,1.83804,544.057,15000,0,1.09952
Suite_14,Deferred_Volume,0,468,1.18061,0.633252,0.04096,0.116736,0.455552,1.84093,543.204,15000,0,1.10048
Suite_14,Deferred_Volume,0,469,1.17946,1.01612,0.042656,0.118592,0.456192,1.82966,546.549,15000,0,1.10147
Suite_14,Deferred_Volume,0,470,1.18522,0.691016,0.043008,0.141664,0.480352,2.21048,452.391,15000,0,1.10247
Suite_14,Deferred_Volume,0,471,1.18314,0.650258,0.041088,0.11776,0.473632,1.89278,528.325,15000,0,1.1035
Suite_14,Deferred_Volume,0,472,1.17849,0.641782,0.042848,0.119136,0.458336,1.84692,541.441,15000,0,1.10454
Suite_14,Deferred_Volume,0,473,1.18328,0.773993,0.041568,0.120672,0.462848,1.8358,544.721,15000,0,1.1056
Suite_14,Deferred_Volume,0,474,1.18553,0.642204,0.041536,0.118752,0.458752,1.9792,505.255,15000,0,1.10669
Suite_14,Deferred_Volume,0,475,1.1843,0.643403,0.042944,0.117088,0.462656,1.841,543.183,15000,0,1.10779
Suite_14,Deferred_Volume,0,476,1.1793,0.6684,0.042976,0.119296,0.458752,1.84122,543.117,15000,0,1.23468
Suite_14,Deferred_Volume,0,477,1.17776,0.678246,0.043008,0.118784,0.457568,1.86368,536.574,15000,0,1.23604
Suite_14,Deferred_Volume,0,478,1.17864,0.643486,0.044192,0.120832,0.458848,1.87204,534.176,15000,0,1.33061
Suite_14,Deferred_Volume,0,479,1.17579,0.644542,0.043008,0.120032,0.456928,1.83609,544.637,15000,0,1.33216
Suite_14,Deferred_Volume,0,480,1.18477,1.0131,0.043008,0.118784,0.457696,1.8343,545.168,15000,0,1.4878
Suite_14,Deferred_Volume,0,481,1.18197,0.650113,0.044032,0.120832,0.47104,2.21314,451.847,15000,0,1.4897
Suite_14,Deferred_Volume,0,482,1.18437,0.644124,0.043104,0.120832,0.482528,1.84741,541.3,15000,0,1.49163
Suite_14,Deferred_Volume,0,483,1.1818,0.650546,0.043936,0.12096,0.460256,1.84183,542.938,15000,0,1.49358
Suite_14,Deferred_Volume,0,484,1.20861,0.776086,0.044384,0.122624,0.467776,1.8461,541.682,15000,0,1.49556
Suite_14,Deferred_Volume,0,485,1.18576,0.672021,0.045056,0.121152,0.455168,2.00909,497.738,15000,0,1.49757
Suite_14,Deferred_Volume,0,486,1.18956,0.629937,0.04368,0.121952,0.464896,1.87427,533.541,15000,0,1.4996
Suite_14,Deferred_Volume,0,487,1.18813,0.657846,0.044768,0.12304,0.466656,1.83351,545.401,15000,0,1.50165
Suite_14,Deferred_Volume,0,488,1.17957,0.661571,0.044,0.124928,0.458752,1.86667,535.712,15000,0,1.50373
Suite_14,Deferred_Volume,0,489,1.18394,0.648075,0.045216,0.123904,0.46608,1.85839,538.1,15000,0,1.50584
Suite_14,Deferred_Volume,0,490,1.18692,0.645031,0.045088,0.12512,0.463744,1.84662,541.531,15000,0,1.70113
Suite_14,Deferred_Volume,0,491,1.1802,0.980368,0.045504,0.124864,0.477056,1.8458,541.769,15000,0,1.70368
Suite_14,Deferred_Volume,0,492,1.18631,0.654055,0.045536,0.123552,0.47104,2.17457,459.861,15000,0,1.70626
Suite_14,Deferred_Volume,0,493,1.18782,0.642578,0.046272,0.123872,0.485184,1.85687,538.54,15000,0,1.70887
Suite_14,Deferred_Volume,0,494,1.17997,0.638805,0.046304,0.125952,0.475744,1.8449,542.035,15000,0,1.80433
Suite_14,Deferred_Volume,0,495,1.18455,0.812132,0.04608,0.128032,0.475424,1.83279,545.615,15000,0,1.80716
Suite_14,Deferred_Volume,0,496,1.18713,0.641046,0.046848,0.12544,0.471328,2.0119,497.043,15000,0,1.81002
Suite_14,Deferred_Volume,0,497,1.18577,0.637669,0.045888,0.126752,0.47104,1.844,542.3,15000,0,1.81291
Suite_14,Deferred_Volume,0,498,1.18044,0.651503,0.046624,0.126976,0.47664,1.83787,544.108,15000,0,1.12773
Suite_14,Deferred_Volume,0,499,1.18632,0.644492,0.045696,0.12816,0.477184,1.84618,541.659,15000,0,1.13044
Suite_14,Deferred_Volume,0,500,1.18662,0.647928,0.047104,0.126976,0.477088,1.84594,541.73,15000,0,1.13319
Suite_14,Deferred_Volume,0,501,1.18008,0.650443,0.04672,0.1272,0.480832,1.85068,540.341,15000,0,1.13596
Suite_14,Deferred_Volume,0,502,1.1887,1.01595,0.047104,0.129024,0.483008,1.84945,540.7,15000,0,1.13877
Suite_14,Deferred_Volume,0,503,1.18498,0.651857,0.047264,0.127104,0.477728,2.21909,450.635,15000,0,1.1416
Suite_14,Deferred_Volume,0,504,1.18007,0.648442,0.048192,0.128,0.495904,1.85176,540.026,15000,0,1.14447
Suite_14,Deferred_Volume,0,505,1.18795,0.643124,0.047104,0.128352,0.47104,1.84407,542.279,15000,0,1.14737
Suite_14,Deferred_Volume,0,506,1.18719,0.792985,0.047456,0.129344,0.468992,1.84592,541.735,15000,0,1.26945
Suite_14,Deferred_Volume,0,507,1.18828,0.660631,0.047104,0.130144,0.48112,1.99533,501.17,15000,0,1.36968
Suite_14,Deferred_Volume,0,508,1.18493,0.637512,0.047232,0.130464,0.476352,1.86345,536.64,15000,0,1.37311
Suite_14,Deferred_Volume,0,509,1.18176,0.65053,0.048672,0.13328,0.477856,1.83774,544.147,15000,0,1.37658
Suite_14,Deferred_Volume,0,510,1.18907,0.645053,0.048832,0.132864,0.479392,1.84763,541.234,15000,0,1.38008
Suite_14,Deferred_Volume,0,511,1.18981,0.645487,0.048576,0.131872,0.484992,1.84908,540.809,15000,0,1.38362
Suite_14,Deferred_Volume,0,512,1.19088,0.644502,0.047552,0.13312,0.47888,1.8491,540.804,15000,0,1.38719
Suite_14,Deferred_Volume,0,513,1.18856,1.00457,0.049152,0.134688,0.491936,1.85114,540.209,15000,0,1.39081
Suite_14,Deferred_Volume,0,514,1.18738,0.648822,0.048704,0.134528,0.485376,2.20853,452.789,15000,0,1.39447
Suite_14,Deferred_Volume,0,515,1.18636,0.633505,0.049152,0.13328,0.498112,1.85107,540.229,15000,0,1.39816
Suite_14,Deferred_Volume,0,516,1.18584,0.635309,0.048768,0.135456,0.489344,1.83349,545.408,15000,0,1.40189
Suite_14,Deferred_Volume,0,517,1.18208,0.828215,0.048896,0.135904,0.484832,1.83755,544.203,15000,0,1.40566
Suite_14,Deferred_Volume,0,518,1.18254,0.649721,0.04896,0.137216,0.485376,2.02638,493.491,15000,0,1.40948
Suite_14,Deferred_Volume,0,519,1.1837,0.641321,0.049152,0.137344,0.48528,1.84687,541.456,15000,0,1.41333
Suite_14,Deferred_Volume,0,520,1.18387,0.637291,0.049248,0.137408,0.492608,1.8386,543.893,15000,0,1.41722
Suite_14,Deferred_Volume,0,521,1.18639,0.651405,0.049152,0.138944,0.487936,1.83729,544.279,15000,0,1.42115
Suite_14,Deferred_Volume,0,522,1.18692,0.646597,0.049152,0.139232,0.490368,1.86265,536.87,15000,0,1.42513
Suite_14,Deferred_Volume,0,523,1.17918,0.690144,0.049728,0.139488,0.493568,1.8472,541.36,15000,0,1.42914
Suite_14,Deferred_Volume,0,524,1.19307,1.00062,0.049152,0.142368,0.492096,1.88605,530.208,15000,0,1.4332
Suite_14,Deferred_Volume,0,525,1.18976,0.647768,0.050976,0.162272,0.513088,2.21014,452.46,15000,0,1.4373
Suite_14,Deferred_Volume,0,526,1.18573,0.653518,0.050688,0.164544,0.514048,1.85366,539.472,15000,0,1.44144
Suite_14,Deferred_Volume,0,527,1.18656,0.643942,0.04992,0.141504,0.49888,1.85315,539.621,15000,0,1.44562
Suite_14,Deferred_Volume,0,528,1.17895,0.856975,0.05088,0.143104,0.487712,1.84437,542.191,15000,0,1.44985
Suite_14,Deferred_Volume,0,529,1.19041,0.645598,0.050816,0.143072,0.489088,2.05249,487.214,15000,0,1.45411
Suite_14,Deferred_Volume,0,530,1.18407,0.651594,0.050528,0.144096,0.498432,1.85123,540.182,15000,0,1.45842
Suite_14,Deferred_Volume,0,531,1.18579,0.644533,0.049984,0.145056,0.49568,1.85309,539.639,15000,0,1.46278
Suite_14,Deferred_Volume,0,532,1.18189,0.644033,0.049792,0.145408,0.49536,1.84414,542.259,15000,0,1.46718
Suite_14,Deferred_Volume,0,533,1.18924,0.637172,0.050976,0.145824,0.500512,1.84301,542.591,15000,0,1.47162
Suite_14,Deferred_Volume,0,534,1.18747,0.646332,0.050784,0.147744,0.493376,1.84126,543.106,15000,0,1.4761
Suite_14,Deferred_Volume,0,535,1.18651,0.883457,0.0512,0.147456,0.50592,1.84798,541.131,15000,0,1.48063
Suite_14,Deferred_Volume,0,536,1.18063,0.658742,0.0512,0.14752,0.497536,2.08431,479.774,15000,0,1.48521
Suite_14,Deferred_Volume,0,537,1.18664,0.64232,0.0512,0.147488,0.516992,1.86212,537.021,15000,0,1.48983
Suite_14,Deferred_Volume,0,538,1.18694,0.636601,0.051168,0.149504,0.50176,1.84388,542.336,15000,0,1.4945
Suite_14,Deferred_Volume,0,539,1.18424,0.874978,0.0512,0.149504,0.494048,1.83717,544.317,15000,0,1.49921
Suite_14,Deferred_Volume,0,540,1.18266,0.650151,0.0512,0.150976,0.500384,2.07397,482.168,15000,0,1.50397
Suite_14,Deferred_Volume,0,541,1.17759,0.639255,0.0512,0.150816,0.495744,1.8488,540.892,15000,0,1.50877
Suite_14,Deferred_Volume,0,542,1.18568,0.631639,0.0512,0.151712,0.505312,1.83194,545.871,15000,0,1.51363
Suite_14,Deferred_Volume,0,543,1.18488,0.658655,0.051552,0.15168,0.505856,1.83094,546.168,15000,0,1.51853
Suite_14,Deferred_Volume,0,544,1.18776,0.648348,0.051936,0.152064,0.503808,1.85849,538.072,15000,0,1.52347
Suite_14,Deferred_Volume,0,545,1.18587,0.651705,0.053056,0.153376,0.502016,1.85158,540.08,15000,0,1.69076
Suite_14,Deferred_Volume,0,546,1.18321,1.01351,0.0528,0.15568,0.514304,1.85291,539.691,15000,0,1.69629
Suite_14,Deferred_Volume,0,547,1.18396,0.646839,0.053216,0.176448,0.528384,2.21097,452.291,15000,0,1.70187
Suite_14,Deferred_Volume,0,548,1.18339,0.636527,0.051328,0.161792,0.52384,1.8457,541.8,15000,0,1.70751
Suite_14,Deferred_Volume,0,549,1.18446,0.651757,0.052608,0.156672,0.507872,1.83644,544.531,15000,0,1.7132
Suite_14,Deferred_Volume,0,550,1.18529,0.866827,0.05248,0.157696,0.504736,1.85113,540.21,15000,0,1.71894
Suite_14,Deferred_Volume,0,551,1.18512,0.650208,0.051936,0.157696,0.515712,2.06762,483.649,15000,0,1.72474
Suite_14,Deferred_Volume,0,552,1.18237,0.640775,0.052864,0.158528,0.516704,1.84936,540.727,15000,0,1.73059
Suite_14,Deferred_Volume,0,553,1.18873,0.64234,0.05312,0.157952,0.516544,1.83857,543.902,15000,0,1.73649
Suite_14,Deferred_Volume,0,554,1.18938,0.659632,0.053248,0.15904,0.51216,1.84609,541.687,15000,0,1.74245
Suite_14,Deferred_Volume,0,555,1.18721,0.654649,0.053248,0.15952,0.518048,1.86498,536.198,15000,0,1.85372
Suite_14,Deferred_Volume,0,556,1.18054,0.644641,0.053024,0.161632,0.512,1.85584,538.838,15000,0,1.95246
Suite_14,Deferred_Volume,0,557,1.18882,0.92885,0.051904,0.160672,0.516096,1.84148,543.041,15000,0,1.95904
Suite_14,Deferred_Volume,0,558,1.1831,0.654407,0.05312,0.17904,0.523552,2.13338,468.739,15000,0,1.96567
Suite_14,Deferred_Volume,0,559,1.18783,0.644754,0.053184,0.188128,0.548864,1.85619,538.738,15000,0,1.97236
Suite_14,Deferred_Volume,0,560,1.18912,0.639671,0.053152,0.164416,0.52224,1.84639,541.597,15000,0,1.97912
Suite_14,Deferred_Volume,0,561,1.19344,0.914155,0.053472,0.163488,0.524288,1.84431,542.208,15000,0,1.98594
Suite_14,Deferred_Volume,0,562,1.18733,0.670429,0.053248,0.16384,0.518688,2.1242,470.766,15000,0,1.99282
Suite_14,Deferred_Volume,0,563,1.1899,0.645392,0.053248,0.16384,0.52032,1.87157,534.31,15000,0,1.99976
Suite_14,Deferred_Volume,0,564,1.18435,0.638858,0.05456,0.165888,0.520608,1.84964,540.646,15000,0,2.00677
Suite_14,Deferred_Volume,0,565,1.18909,0.64861,0.0536,0.164256,0.522016,1.84008,543.455,15000,0,2.01383
Suite_14,Deferred_Volume,0,566,1.187,0.656146,0.054624,0.165888,0.522432,1.85407,539.353,15000,0,2.02097
Suite_14,Deferred_Volume,0,567,1.18812,0.641971,0.053856,0.166464,0.525536,1.85773,538.292,15000,0,2.02816
Suite_14,Deferred_Volume,0,568,1.18482,0.908609,0.053248,0.167936,0.517088,1.84396,542.311,15000,0,2.03543
Suite_14,Deferred_Volume,0,569,1.19125,0.65601,0.053248,0.19456,0.547776,2.11489,472.839,15000,0,2.12574
Suite_14,Deferred_Volume,0,570,1.18656,0.640501,0.053856,0.181792,0.538624,1.86314,536.728,15000,0,2.13331
Suite_14,Deferred_Volume,0,571,1.18224,0.637867,0.054624,0.171264,0.520288,1.84082,543.235,15000,0,2.14095
Suite_14,Deferred_Volume,0,572,1.19053,0.912286,0.053536,0.169984,0.523456,1.83425,545.181,15000,0,2.14866
Suite_14,Deferred_Volume,0,573,1.1965,0.65351,0.055072,0.16832,0.526784,2.11993,471.713,15000,0,2.15644
Suite_14,Deferred_Volume,0,574,1.1905,0.632362,0.054912,0.168352,0.529088,1.86571,535.99,15000,0,2.16428
Suite_14,Deferred_Volume,0,575,1.18877,0.648073,0.053824,0.171008,0.518144,1.83663,544.475,15000,0,2.17219
Suite_14,Deferred_Volume,0,576,1.1923,0.682506,0.054176,0.171936,0.520192,1.85075,540.321,15000,0,2.18017
Suite_14,Deferred_Volume,0,577,1.19806,0.680944,0.061472,0.171808,0.538624,1.89384,528.027,15000,128,2.18839
Suite_14,Deferred_Volume,0,578,1.19527,0.655338,0.063488,0.172064,0.53312,1.89488,527.738,15000,128,2.35063
Suite_14,Deferred_Volume,0,579,1.19668,0.885175,0.061664,0.174368,0.540192,1.86531,536.104,15000,128,2.35921
Suite_14,Deferred_Volume,0,580,1.19522,0.665877,0.062656,0.1728,0.537056,2.09638,477.013,15000,256,2.36798
Suite_14,Deferred_Volume,0,581,1.19599,0.699497,0.061376,0.17248,0.536576,1.87905,532.185,15000,256,2.60108
Suite_14,Deferred_Volume,0,582,1.19422,0.670739,0.06416,0.17408,0.548608,1.91144,523.167,15000,256,2.6105
Suite_14,Deferred_Volume,0,583,1.19878,0.87111,0.06144,0.173536,0.540992,1.88059,531.748,15000,384,2.62016
Suite_14,Deferred_Volume,0,584,1.19845,0.665348,0.065024,0.176,0.534528,2.08639,479.296,15000,384,2.62975
Suite_14,Deferred_Volume,0,585,1.20232,0.658445,0.065952,0.176128,0.549984,1.88044,531.789,15000,384,2.63941
Suite_14,Deferred_Volume,0,586,1.19631,0.96833,0.066112,0.350304,0.722016,1.87678,532.828,15000,384,2.64916
Suite_14,Deferred_Volume,0,587,1.20472,0.677704,0.061536,0.194816,0.5648,2.18365,457.948,15000,512,2.65926
Suite_14,Deferred_Volume,0,588,1.19986,0.669437,0.06144,0.2048,0.563584,1.89969,526.401,15000,640,2.66923
Suite_14,Deferred_Volume,0,589,1.19546,0.674719,0.064672,0.178176,0.548256,1.88659,530.056,15000,640,2.67922
Suite_14,Deferred_Volume,0,590,1.20149,0.8918,0.06144,0.177568,0.53968,1.88699,529.944,15000,768,2.68972
Suite_14,Deferred_Volume,0,591,1.19926,0.679573,0.063808,0.178336,0.54272,2.11057,473.805,15000,896,2.70012
Suite_14,Deferred_Volume,0,592,1.19738,0.661273,0.062848,0.179136,0.540672,1.89439,527.874,15000,1024,2.71053
Suite_14,Deferred_Volume,0,593,1.19957,1.12297,0.063616,0.180448,0.54912,1.87548,533.198,15000,1024,2.72085
Suite_14,Deferred_Volume,0,594,1.20463,0.667224,0.063488,0.198688,0.555168,2.33874,427.58,15000,1024,2.73125
Suite_14,Deferred_Volume,0,595,1.1995,0.657464,0.06144,0.202272,0.570304,1.88765,529.76,15000,1024,2.74174
Suite_14,Deferred_Volume,0,596,1.19701,0.668209,0.063488,0.181984,0.549504,1.87166,534.285,15000,1152,2.75235
Suite_14,Deferred_Volume,0,597,1.20141,0.913022,0.062624,0.181152,0.540896,1.88248,531.214,15000,1280,2.76328
Suite_14,Deferred_Volume,0,598,1.20142,0.668242,0.065504,0.181728,0.551776,2.13194,469.057,15000,1536,2.77454
Suite_14,Deferred_Volume,0,599,1.2023,0.676544,0.06144,0.183552,0.548512,1.88447,530.655,15000,1792,2.78602
Suite_14,Deferred_Volume,0,600,1.20101,1.13478,0.063744,0.18304,0.55296,1.8941,527.955,15000,1920,2.79723
Suite_14,Deferred_Volume,0,601,1.2049,0.683909,0.067648,0.208896,0.584896,2.35414,424.784,15000,2048,2.80855
Suite_14,Deferred_Volume,0,602,1.20448,0.666113,0.064832,0.212992,0.58512,1.90633,524.567,15000,2176,2.81987
Suite_14,Deferred_Volume,0,603,1.20248,0.70226,0.06192,0.18432,0.540672,1.88559,530.339,15000,2304,2.83123
Suite_14,Deferred_Volume,0,604,1.20691,0.884031,0.063776,0.18448,0.55424,1.92065,520.658,15000,2304,2.8425
Suite_14,Deferred_Volume,0,605,1.20498,0.670743,0.067296,0.186272,0.549088,2.10928,474.095,15000,2432,2.85395
Suite_14,Deferred_Volume,0,606,1.21008,0.676003,0.06656,0.185152,0.559104,1.89218,528.492,15000,2432,2.86539
Suite_14,Deferred_Volume,0,607,1.20656,1.05717,0.065536,0.188352,0.56128,1.90152,525.896,15000,2432,2.87692
Suite_14,Deferred_Volume,0,608,1.20483,0.665402,0.066816,0.211648,0.57392,2.27948,438.697,15000,2432,2.88853
Suite_14,Deferred_Volume,0,609,1.20462,0.679141,0.063744,0.217088,0.587872,1.88867,529.474,15000,2432,2.90024
Suite_14,Deferred_Volume,0,610,1.2005,0.664296,0.065536,0.188416,0.56048,1.89972,526.394,15000,2432,2.91203
Suite_14,Deferred_Volume,0,611,1.20672,0.942082,0.065248,0.188192,0.559168,1.88014,531.875,15000,2560,2.92412
Suite_14,Deferred_Volume,0,612,1.20635,0.677585,0.064384,0.188416,0.561152,2.1654,461.809,15000,2560,2.93609
Suite_14,Deferred_Volume,0,613,1.20801,0.672345,0.06672,0.18944,0.559232,1.90175,525.831,15000,2688,2.94819
Suite_14,Deferred_Volume,0,614,1.20758,1.04464,0.06544,0.190432,0.56192,1.8974,527.038,15000,2816,2.9607
Suite_14,Deferred_Volume,0,615,1.21091,0.682079,0.067936,0.21504,0.583584,2.26842,440.835,15000,2944,2.97298
Suite_14,Deferred_Volume,0,616,1.20846,0.687141,0.07376,0.191584,0.57488,1.9138,522.521,15000,3072,2.98534
Suite_14,Deferred_Volume,0,617,1.20905,0.68819,0.065408,0.19072,0.556384,1.91389,522.497,15000,3072,2.99776
Suite_14,Deferred_Volume,0,618,1.2088,0.878028,0.069632,0.190464,0.561536,1.91475,522.26,15000,3200,3.01038
Suite_14,Deferred_Volume,0,619,1.21375,0.697609,0.067584,0.190464,0.558688,2.10368,475.358,15000,3200,3.02298
Suite_14,Deferred_Volume,0,620,1.20884,0.68084,0.069888,0.191616,0.558752,1.92755,518.794,15000,3200,3.03567
Suite_14,Deferred_Volume,0,621,1.20966,0.980208,0.068864,0.193248,0.565248,1.91513,522.157,15000,3072,3.04823
Suite_14,Deferred_Volume,0,622,1.21109,0.713886,0.068768,0.190464,0.584352,2.20666,453.173,15000,3200,3.06131
Suite_14,Deferred_Volume,0,623,1.21328,0.687933,0.090272,0.191744,0.581536,1.94191,514.957,15000,3456,3.07454
Suite_14,Deferred_Volume,0,624,1.2081,0.689718,0.067584,0.19456,0.561984,1.91712,521.615,15000,3584,3.08778
Suite_14,Deferred_Volume,0,625,1.20918,0.894843,0.068672,0.193344,0.556832,1.91592,521.942,15000,3840,3.10142
Suite_14,Deferred_Volume,0,626,1.21402,0.696492,0.067712,0.192896,0.561088,2.1225,471.143,15000,3840,3.11466
Suite_14,Deferred_Volume,0,627,1.21704,0.759975,0.068768,0.193152,0.569344,1.92679,518.998,15000,3840,3.24105
Suite_14,Deferred_Volume,0,628,1.21746,0.847867,0.067712,0.195392,0.569344,1.99592,501.023,15000,3968,3.25493
Suite_14,Deferred_Volume,0,629,1.2183,0.697524,0.06944,0.19424,0.59552,2.08436,479.764,15000,4224,3.26921
Suite_14,Deferred_Volume,0,630,1.21353,0.691137,0.087168,0.194176,0.587616,1.93414,517.025,15000,4224,3.28317
Suite_14,Deferred_Volume,0,631,1.21552,0.679877,0.067392,0.194848,0.569856,1.92124,520.499,15000,4224,3.35075
Suite_14,Deferred_Volume,0,632,1.21206,0.902712,0.067584,0.196224,0.56736,1.91166,523.106,15000,4224,3.36502
Suite_14,Deferred_Volume,0,633,1.21523,0.711136,0.07168,0.197344,0.565792,2.13382,468.644,15000,4352,3.37952
Suite_14,Deferred_Volume,0,634,1.21538,0.692369,0.071264,0.197056,0.577568,1.94392,514.424,15000,4480,3.3942
Suite_14,Deferred_Volume,0,635,1.21864,0.890567,0.071424,0.198784,0.570112,1.92471,519.559,15000,4608,3.40881
Suite_14,Deferred_Volume,0,636,1.21824,0.697294,0.070144,0.196608,0.583296,2.12581,470.41,15000,4608,3.42345
Suite_14,Deferred_Volume,0,637,1.21661,0.678295,0.08704,0.198016,0.592832,1.94052,515.327,15000,4736,3.43849
Suite_14,Deferred_Volume,0,638,1.21944,0.687437,0.07168,0.200704,0.578048,1.9129,522.767,15000,4736,3.52401
Suite_14,Deferred_Volume,0,639,1.21557,0.912108,0.069824,0.198656,0.575488,1.92392,519.773,15000,4736,3.27291
Suite_14,Deferred_Volume,0,640,1.2483,0.777219,0.068224,0.198656,0.567296,2.14572,466.044,15000,4992,3.28789
Suite_14,Deferred_Volume,0,641,1.22136,0.697823,0.072384,0.198592,0.579072,2.04821,488.23,15000,5120,3.3027
Suite_14,Deferred_Volume,0,642,1.22653,0.840956,0.070816,0.200704,0.573696,1.93842,515.883,15000,5120,3.31729
Suite_14,Deferred_Volume,0,643,1.22181,0.69951,0.070208,0.197824,0.573536,2.0845,479.732,15000,5120,3.33197
Suite_14,Deferred_Volume,0,644,1.2171,0.684666,0.070112,0.199744,0.56864,1.94353,514.529,15000,5120,3.34674
Suite_14,Deferred_Volume,0,645,1.21769,0.68422,0.070528,0.200704,0.579712,1.92067,520.652,15000,5504,3.12586
Suite_14,Deferred_Volume,0,646,1.2174,0.833295,0.070272,0.2,0.569344,1.91946,520.979,15000,5504,3.13978
Suite_14,Deferred_Volume,0,647,1.22116,0.681756,0.071264,0.200448,0.56896,2.06871,483.394,15000,5632,3.15401
Suite_14,Deferred_Volume,0,648,1.21929,0.670782,0.069984,0.201952,0.571392,1.91963,520.933,15000,5760,3.16853
Suite_14,Deferred_Volume,0,649,1.22323,0.894953,0.069632,0.202752,0.572448,1.90904,523.824,15000,5632,3.18234
Suite_14,Deferred_Volume,0,650,1.21934,0.689908,0.077824,0.200704,0.581728,2.13591,468.185,15000,5632,3.1966
Suite_14,Deferred_Volume,0,651,1.21726,0.682779,0.069632,0.200672,0.570016,1.93212,517.566,15000,5632,3.21095
Suite_14,Deferred_Volume,0,652,1.2193,0.664198,0.06896,0.201696,0.569824,1.91683,521.695,15000,5504,3.22522
Suite_14,Deferred_Volume,0,653,1.22434,0.884921,0.072512,0.200704,0.58144,1.90199,525.765,15000,5504,3.23973
Suite_14,Deferred_Volume,0,654,1.22708,0.686609,0.071584,0.200704,0.569728,2.13726,467.89,15000,5632,3.25457
Suite_14,Deferred_Volume,0,655,1.22375,0.662189,0.071552,0.20208,0.57344,1.9307,517.948,15000,5632,3.26924
Suite_14,Deferred_Volume,0,656,1.22443,0.889334,0.072,0.203264,0.581632,1.90208,525.741,15000,5760,3.28408
Suite_14,Deferred_Volume,0,657,1.22737,0.692018,0.069824,0.202752,0.595968,2.13253,468.927,15000,5888,3.29898
Suite_14,Deferred_Volume,0,658,1.22316,0.674485,0.086688,0.203104,0.597312,1.93874,515.798,15000,5888,3.31391
Suite_14,Deferred_Volume,0,659,1.22455,0.704176,0.07168,0.202368,0.579904,1.91408,522.443,15000,5888,3.32891
Suite_14,Deferred_Volume,0,660,1.22106,0.892216,0.071296,0.203136,0.577536,1.94529,514.063,15000,5888,3.34358
Suite_14,Deferred_Volume,0,661,1.22662,0.705583,0.069184,0.20352,0.57344,2.13405,468.593,15000,6016,3.35897
Suite_14,Deferred_Volume,0,662,1.22663,0.694697,0.071104,0.20464,0.581632,1.95022,512.762,15000,6016,3.37421
Suite_14,Deferred_Volume,0,663,1.22364,0.854882,0.07136,0.2048,0.57648,1.94035,515.37,15000,6016,3.38947
Suite_14,Deferred_Volume,0,664,1.22948,0.695193,0.07744,0.20416,0.590304,2.09701,476.87,15000,6016,3.40488
Suite_14,Deferred_Volume,0,665,1.22427,0.675901,0.069344,0.202752,0.571936,1.94521,514.084,15000,6016,3.42036
Suite_14,Deferred_Volume,0,666,1.21606,0.691896,0.0696,0.20592,0.585728,1.91771,521.454,15000,6144,3.43599
Suite_14,Deferred_Volume,0,667,1.21972,0.906438,0.068448,0.206176,0.581568,1.92578,519.27,15000,6144,3.45162
Suite_14,Deferred_Volume,0,668,1.22551,0.677304,0.0704,0.20512,0.581696,2.1445,466.31,15000,6144,3.46733
Suite_14,Deferred_Volume,0,669,1.21938,0.680681,0.07168,0.20624,0.581792,1.92861,518.509,15000,6144,3.48312
Suite_14,Deferred_Volume,0,670,1.21997,0.911565,0.072928,0.204704,0.580128,1.91795,521.391,15000,6144,3.49899
Suite_14,Deferred_Volume,0,671,1.22114,0.735924,0.07168,0.203776,0.584448,2.14854,465.432,15000,6144,3.31242
Suite_14,Deferred_Volume,0,672,1.21965,0.686148,0.07168,0.20384,0.582112,1.97737,505.721,15000,6144,3.32779
Suite_14,Deferred_Volume,0,673,1.21858,0.687974,0.070144,0.205568,0.58288,1.9304,518.028,15000,6144,3.34323
Suite_14,Deferred_Volume,0,674,1.21764,0.844344,0.07008,0.2048,0.577536,1.9252,519.427,15000,6144,3.35873
Suite_14,Deferred_Volume,0,675,1.22019,0.692844,0.075904,0.204448,0.579168,2.07969,480.842,15000,6144,3.37431
Suite_14,Deferred_Volume,0,676,1.22064,0.679315,0.07072,0.205728,0.57184,1.92947,518.278,15000,6272,3.39012
Suite_14,Deferred_Volume,0,677,1.22044,0.894886,0.069504,0.205504,0.575488,1.91887,521.14,15000,6272,3.40584
Suite_14,Deferred_Volume,0,678,1.23231,0.764252,0.073728,0.204672,0.579648,2.1337,468.669,15000,6272,3.42162
Suite_14,Deferred_Volume,0,679,1.23186,0.697586,0.069632,0.2048,0.58144,2.01649,495.912,15000,6400,3.43782
Suite_14,Deferred_Volume,0,680,1.21951,0.675893,0.07168,0.205664,0.579616,1.94652,513.737,15000,6400,3.45373
Suite_14,Deferred_Volume,0,681,1.21824,0.800502,0.069632,0.20608,0.581632,1.91383,522.512,15000,6400,3.46971
Suite_14,Deferred_Volume,0,682,1.22454,0.688705,0.069632,0.2048,0.580992,2.03833,490.597,15000,6400,3.48536
Suite_14,Deferred_Volume,0,683,1.21822,0.696228,0.069728,0.205216,0.582816,1.93027,518.061,15000,6272,3.5012
Suite_14,Deferred_Volume,0,684,1.21805,0.886054,0.069632,0.205408,0.584256,1.93149,517.734,15000,6272,3.51736
Suite_14,Deferred_Volume,0,685,1.22441,0.707484,0.07008,0.20592,0.5712,2.12272,471.094,15000,6272,3.53358
Suite_14,Deferred_Volume,0,686,1.22364,0.691416,0.069632,0.2056,0.579104,1.95135,512.465,15000,6272,3.54986
Suite_14,Deferred_Volume,0,687,1.21818,0.685309,0.068064,0.205568,0.581504,1.93207,517.578,15000,6144,3.56583
Suite_14,Deferred_Volume,0,688,1.21507,0.845656,0.075456,0.20688,0.582336,1.92065,520.658,15000,6144,3.58223
Suite_14,Deferred_Volume,0,689,1.21872,0.699564,0.07232,0.20496,0.575488,2.08077,480.591,15000,6144,3.59868
Suite_14,Deferred_Volume,0,690,1.21869,0.681067,0.069632,0.206848,0.58368,1.93674,516.332,15000,6144,3.61519
Suite_14,Deferred_Volume,0,691,1.22013,0.901452,0.071328,0.207328,0.583488,1.91654,521.773,15000,6144,3.63176
Suite_14,Deferred_Volume,0,692,1.21783,0.687561,0.083072,0.203424,0.6056,2.13829,467.664,15000,6144,3.64838
Suite_14,Deferred_Volume,0,693,1.21754,0.671362,0.073184,0.205024,0.585728,1.92591,519.236,15000,6272,2.8435
Suite_14,Deferred_Volume,0,694,1.21659,0.675078,0.069056,0.207168,0.587776,1.90625,524.59,15000,6272,2.85772
Suite_14,Deferred_Volume,0,695,1.21975,0.919919,0.070944,0.208736,0.57872,1.90825,524.04,15000,6272,2.87204
Suite_14,Deferred_Volume,0,696,1.21998,0.674742,0.069632,0.206208,0.580416,2.15807,463.377,15000,6144,2.88636
Suite_14,Deferred_Volume,0,697,1.21814,0.6743,0.068928,0.205024,0.585728,1.91305,522.727,15000,6144,2.90088
Suite_14,Deferred_Volume,0,698,1.21986,0.928127,0.071136,0.206752,0.575776,1.9108,523.34,15000,6272,2.96534
Suite_14,Deferred_Volume,0,699,1.2193,0.70873,0.09328,0.205568,0.624416,2.16513,461.865,15000,6272,2.98018
Suite_14,Deferred_Volume,0,700,1.22002,0.677372,0.071296,0.206848,0.581344,1.94678,513.668,15000,6272,2.99513
Suite_14,Deferred_Volume,0,701,1.21678,0.675016,0.072,0.205792,0.585536,1.91966,520.924,15000,6016,3.00965
Suite_14,Deferred_Volume,0,702,1.21901,0.906874,0.068832,0.206848,0.583008,1.90922,523.774,15000,6144,3.02494
Suite_14,Deferred_Volume,0,703,1.21713,0.683692,0.069632,0.206208,0.584736,2.14345,466.538,15000,5888,3.03948
Suite_14,Deferred_Volume,0,704,1.21677,0.680094,0.068064,0.208224,0.583104,1.9172,521.595,15000,5888,3.05484
Suite_14,Deferred_Volume,0,705,1.2214,0.92082,0.07184,0.208896,0.58368,1.91695,521.661,15000,5632,3.06969
Suite_14,Deferred_Volume,0,706,1.21884,0.684264,0.067712,0.206112,0.571392,2.1606,462.834,15000,5632,3.08525
Suite_14,Deferred_Volume,0,707,1.21831,0.674087,0.069568,0.206848,0.578752,1.9208,520.617,15000,5632,3.10091
Suite_14,Deferred_Volume,0,708,1.21883,0.67033,0.070016,0.208576,0.591872,1.90894,523.85,15000,5632,3.11667
Suite_14,Deferred_Volume,0,709,1.22047,0.887335,0.07168,0.206816,0.582272,1.91626,521.849,15000,5504,3.13214
Suite_14,Deferred_Volume,0,710,1.22202,0.687359,0.070912,0.205184,0.57792,2.12738,470.063,15000,5504,3.14811
Suite_14,Deferred_Volume,0,711,1.21706,0.689882,0.070816,0.205664,0.587872,1.92697,518.95,15000,5504,3.16418
Suite_14,Deferred_Volume,0,712,1.2225,0.897075,0.067584,0.208064,0.573568,1.92393,519.769,15000,5376,3.18008
Suite_14,Deferred_Volume,0,713,1.21714,0.675199,0.073696,0.207936,0.591872,2.13836,467.648,15000,5248,3.1962
Suite_14,Deferred_Volume,0,714,1.21678,0.657412,0.07168,0.2048,0.579392,1.9116,523.121,15000,5248,3.21258
Suite_14,Deferred_Volume,0,715,1.21621,0.663391,0.071392,0.206752,0.589472,1.89045,528.976,15000,5120,3.22857
Suite_14,Deferred_Volume,0,716,1.21943,0.947367,0.073248,0.205248,0.582176,1.89617,527.379,15000,5120,3.29922
Suite_14,Deferred_Volume,0,717,1.21914,0.676909,0.07536,0.205568,0.580256,2.18628,457.399,15000,5120,3.31605
Suite_14,Deferred_Volume,0,718,1.21676,0.665703,0.0688,0.206848,0.580832,1.91346,522.614,15000,4992,3.3324
Suite_14,Deferred_Volume,0,719,1.21901,0.931178,0.072128,0.20768,0.585728,1.8991,526.566,15000,4864,3.34911
Suite_14,Deferred_Volume,0,720,1.21907,0.675828,0.0704,0.20592,0.59936,2.1669,461.489,15000,4992,3.36655
Suite_14,Deferred_Volume,0,721,1.21721,0.657341,0.074272,0.206368,0.60288,1.91404,522.454,15000,4992,3.3838
Suite_14,Deferred_Volume,0,722,1.21105,0.652393,0.073728,0.208096,0.581152,1.89228,528.464,15000,4992,2.9256
Suite_14,Deferred_Volume,0,723,1.21498,0.957946,0.07264,0.206816,0.585408,1.87952,532.05,15000,4992,2.94112
Suite_14,Deferred_Volume,0,724,1.21902,0.675454,0.072064,0.205152,0.589056,2.19025,456.569,15000,4864,2.95645
Suite_14,Deferred_Volume,0,725,1.21113,0.685184,0.073728,0.2048,0.585344,1.91291,522.764,15000,4864,2.97218
Suite_14,Deferred_Volume,0,726,1.21586,0.91741,0.074944,0.205696,0.579904,1.91366,522.559,15000,4992,2.98816
Suite_14,Deferred_Volume,0,727,1.21622,0.677336,0.074912,0.229792,0.607968,2.14947,465.23,15000,4864,3.07136
Suite_14,Deferred_Volume,0,728,1.21455,0.685454,0.092672,0.2048,0.60128,1.91092,523.308,15000,4864,3.08762
Suite_14,Deferred_Volume,0,729,1.21583,0.685026,0.07104,0.205344,0.58048,1.91981,520.884,15000,4736,3.10391
Suite_14,Deferred_Volume,0,730,1.21469,0.912219,0.073408,0.205184,0.57344,1.92309,519.996,15000,4736,3.1204
Suite_14,Deferred_Volume,0,731,1.21446,0.677245,0.073632,0.204768,0.586272,2.14411,466.394,15000,4736,3.19555
Suite_14,Deferred_Volume,0,732,1.21262,0.67762,0.07168,0.20656,0.582144,1.90823,524.046,15000,4736,3.21241
Suite_14,Deferred_Volume,0,733,1.21302,0.97365,0.070208,0.206848,0.585216,1.90825,524.041,15000,4736,3.22939
Suite_14,Deferred_Volume,0,734,1.21383,0.667988,0.070528,0.215872,0.595968,2.20384,453.753,15000,4736,3.33012
Suite_14,Deferred_Volume,0,735,1.21246,0.709133,0.077472,0.206784,0.599232,1.89895,526.607,15000,4736,3.34758
Suite_14,Deferred_Volume,0,736,1.21401,0.669656,0.07552,0.205184,0.581632,1.93881,515.78,15000,4736,3.36517
Suite_14,Deferred_Volume,0,737,1.21487,0.955147,0.073664,0.204352,0.579584,1.90195,525.776,15000,4608,3.38231
Suite_14,Deferred_Volume,0,738,1.21427,0.684086,0.073728,0.204672,0.579648,2.18866,456.901,15000,4736,3.40021
Suite_14,Deferred_Volume,0,739,1.2145,0.666466,0.075456,0.20592,0.579936,1.91533,522.103,15000,4736,3.41815
Suite_14,Deferred_Volume,0,740,1.21489,0.932522,0.074272,0.20512,0.585024,1.89731,527.063,15000,4736,3.4362
Suite_14,Deferred_Volume,0,741,1.21531,0.677515,0.072224,0.205024,0.600064,2.17185,460.438,15000,4608,3.45402
Suite_14,Deferred_Volume,0,742,1.21657,0.665615,0.068928,0.204512,0.577536,1.91204,523.002,15000,4608,3.4723
Suite_14,Deferred_Volume,0,743,1.21449,0.699016,0.069632,0.204832,0.580384,1.89828,526.792,15000,4608,3.49071
Suite_14,Deferred_Volume,0,744,1.21553,0.922403,0.072896,0.205056,0.582496,1.9301,518.108,15000,4608,3.56581
Suite_14,Deferred_Volume,0,745,1.21321,0.68207,0.076704,0.202592,0.581632,2.15735,463.531,15000,4736,3.58469
Suite_14,Deferred_Volume,0,746,1.21573,0.666216,0.07072,0.203776,0.57792,1.9129,522.767,15000,4736,3.6036
Suite_14,Deferred_Volume,0,747,1.21642,0.917791,0.069984,0.204544,0.576672,1.89807,526.851,15000,4736,3.62262
Suite_14,Deferred_Volume,0,748,1.21733,0.689561,0.069632,0.202848,0.604928,2.15062,464.982,15000,4736,3.64177
Suite_14,Deferred_Volume,0,749,1.21331,0.673796,0.06976,0.203168,0.595616,1.92573,519.284,15000,4608,3.66095
Suite_14,Deferred_Volume,0,750,1.21352,0.666796,0.071328,0.203072,0.583808,1.90446,525.085,15000,4608,3.75122
Suite_14,Deferred_Volume,0,751,1.21627,0.97391,0.069632,0.204256,0.570976,1.89659,527.263,15000,4608,3.77092
Suite_14,Deferred_Volume,0,752,1.21492,0.70557,0.07296,0.202656,0.58352,2.20745,453.011,15000,4608,3.79075
Suite_14,Deferred_Volume,0,753,1.2174,0.673996,0.076,0.2024,0.585728,1.93873,515.801,15000,4608,3.81069
Suite_14,Deferred_Volume,0,754,1.216,0.934798,0.07168,0.203744,0.586176,1.90877,523.897,15000,4736,3.83082
Suite_14,Deferred_Volume,0,755,1.21782,0.689775,0.088096,0.201216,0.612,2.16737,461.389,15000,4736,3.851
Suite_14,Deferred_Volume,0,756,1.21571,0.679788,0.069632,0.202752,0.58048,1.92606,519.194,15000,4608,3.87099
Suite_14,Deferred_Volume,0,757,1.2133,0.666138,0.069216,0.2032,0.580736,1.91439,522.361,15000,4608,3.89141
Suite_14,Deferred_Volume,0,758,1.21652,0.893232,0.074592,0.202944,0.583584,1.9008,526.094,15000,4480,3.91146
Suite_14,Deferred_Volume,0,759,1.21591,0.685209,0.07104,0.203456,0.582784,2.12773,469.985,15000,4480,3.93211
Suite_14,Deferred_Volume,0,760,1.21321,0.668637,0.07168,0.2024,0.577184,1.91754,521.5,15000,4480,3.95233
Suite_14,Deferred_Volume,0,761,1.21516,0.929385,0.071648,0.204768,0.585536,1.90057,526.158,15000,4480,3.97322
Suite_14,Deferred_Volume,0,762,1.214,0.705719,0.076992,0.20208,0.584064,2.16196,462.543,15000,4480,3.99422
Suite_14,Deferred_Volume,0,763,1.2134,0.682738,0.074528,0.200672,0.581408,1.93689,516.291,15000,4480,4.01534
Suite_14,Deferred_Volume,0,764,1.21344,0.671331,0.077824,0.202752,0.587776,1.91245,522.889,15000,4352,4.03618
Suite_14,Deferred_Volume,0,765,1.21454,0.930675,0.072448,0.200544,0.569344,1.90324,525.42,15000,4224,4.05679
Suite_14,Deferred_Volume,0,766,1.21432,0.68117,0.06976,0.20176,0.575488,2.16398,462.111,15000,4224,4.07825
Suite_14,Deferred_Volume,0,767,1.21121,0.702434,0.07152,0.201088,0.575552,1.91141,523.173,15000,4224,4.09983
Suite_14,Deferred_Volume,0,768,1.21453,0.90103,0.07168,0.204224,0.585952,1.9298,518.188,15000,4224,4.12152
Suite_14,Deferred_Volume,0,769,1.21885,0.695434,0.07168,0.200704,0.600832,2.13374,468.66,15000,4224,4.14333
Suite_14,Deferred_Volume,0,770,1.21301,0.67213,0.07168,0.2008,0.571872,1.93307,517.311,15000,4224,4.16525
Suite_14,Deferred_Volume,0,771,1.21235,0.676125,0.075136,0.202784,0.582112,1.90143,525.919,15000,4224,4.18701
Suite_14,Deferred_Volume,0,772,1.21432,0.92987,0.07168,0.20064,0.57584,1.90416,525.166,15000,4224,4.20915
Suite_14,Deferred_Volume,0,773,1.21721,0.705673,0.070112,0.200256,0.573664,2.1697,460.893,15000,4352,4.23161
Suite_14,Deferred_Volume,0,774,1.21323,0.658791,0.074656,0.202304,0.58912,1.94095,515.211,15000,4352,4.25398
Suite_14,Deferred_Volume,0,775,1.21636,0.941469,0.073728,0.202336,0.579584,1.88846,529.533,15000,4480,4.27665
Suite_14,Deferred_Volume,0,776,1.21586,0.69086,0.077824,0.200672,0.585216,2.17431,459.915,15000,4480,4.29924
Suite_14,Deferred_Volume,0,777,1.21185,0.662908,0.073824,0.200256,0.581632,1.92653,519.069,15000,4480,4.32193
Suite_14,Deferred_Volume,0,778,1.2156,0.657866,0.075424,0.201952,0.5816,1.89212,528.507,15000,4480,4.34473
Suite_14,Deferred_Volume,0,779,1.22395,0.929034,0.073728,0.200064,0.57808,1.89004,529.09,15000,4480,4.36763
Suite_14,Deferred_Volume,0,780,1.21602,0.679767,0.07168,0.200128,0.577536,2.17796,459.145,15000,4352,4.38996
Suite_14,Deferred_Volume,0,781,1.21801,0.670627,0.07328,0.198944,0.578176,1.91494,522.21,15000,4352,4.41307
Suite_14,Deferred_Volume,0,782,1.21289,0.93226,0.069632,0.200704,0.579136,1.90593,524.679,15000,4352,4.43628
Suite_14,Deferred_Volume,0,783,1.21696,0.689848,0.073696,0.198304,0.601504,2.16121,462.704,15000,4352,4.23348
Suite_14,Deferred_Volume,0,784,1.21681,0.662898,0.075136,0.19936,0.581632,1.9237,519.831,15000,4352,4.25604
Suite_14,Deferred_Volume,0,785,1.21602,0.660821,0.07168,0.200704,0.579456,1.89755,526.995,15000,4352,4.27871
Suite_14,Deferred_Volume,0,786,1.2151,0.952768,0.07376,0.199424,0.579584,1.89393,528.002,15000,4224,4.30138
Suite_14,Deferred_Volume,0,787,1.21479,0.679824,0.072544,0.198656,0.577152,2.18913,456.802,15000,4224,4.38941
Suite_14,Deferred_Volume,0,788,1.21549,0.661254,0.074432,0.20032,0.58368,1.9106,523.397,15000,4224,4.41254
Suite_14,Deferred_Volume,0,789,1.21435,0.946412,0.075776,0.200704,0.585664,1.89542,527.586,15000,4224,4.43577
Suite_14,Deferred_Volume,0,790,1.22074,0.680007,0.075776,0.197216,0.598272,2.17859,459.012,15000,4352,4.4592
Suite_14,Deferred_Volume,0,791,1.21325,0.703786,0.070944,0.197504,0.57344,1.91776,521.441,15000,4224,4.48243
Suite_14,Deferred_Volume,0,792,1.23408,0.737954,0.070624,0.20032,0.569344,1.93834,515.906,15000,4224,4.50593
Suite_14,Deferred_Volume,0,793,1.21602,0.805065,0.077824,0.199776,0.579584,1.99407,501.487,15000,4224,4.52951
Suite_14,Deferred_Volume,0,794,1.21678,0.711343,0.071616,0.197568,0.57552,2.0405,490.075,15000,4224,4.55319
Suite_14,Deferred_Volume,0,795,1.21462,0.675014,0.070208,0.200352,0.57568,1.94435,514.31,15000,4224,4.57694
Suite_14,Deferred_Volume,0,796,1.21473,0.924091,0.07168,0.200352,0.573216,1.9058,524.715,15000,4096,4.60032
Suite_14,Deferred_Volume,0,797,1.2129,0.69063,0.073728,0.198656,0.591776,2.15662,463.688,15000,4096,4.62424
Suite_14,Deferred_Volume,0,798,1.21431,0.671485,0.075424,0.19888,0.581792,1.92202,520.287,15000,4096,4.64825
Suite_14,Deferred_Volume,0,799,1.21049,0.71401,0.075776,0.2,0.586048,1.90169,525.848,15000,4096,4.67233
Suite_14,Deferred_Volume,0,800,1.21495,0.893904,0.072768,0.198656,0.569568,1.94116,515.156,15000,4096,4.69649
Suite_14,Deferred_Volume,0,801,1.21331,0.684138,0.07216,0.19856,0.578848,2.12872,469.766,15000,4096,4.72072
Suite_14,Deferred_Volume,0,802,1.20851,0.671388,0.07424,0.198208,0.570688,1.91481,522.244,15000,4224,4.74537
Suite_14,Deferred_Volume,0,803,1.21399,0.939379,0.073728,0.198656,0.579392,1.89595,527.441,15000,4224,4.76975
Suite_14,Deferred_Volume,0,804,1.21519,0.684522,0.074208,0.197344,0.598848,2.16967,460.901,15000,4224,4.79421
Suite_14,Deferred_Volume,0,805,1.21286,0.857715,1.02195,0.196608,1.52342,1.9247,519.56,15000,4224,4.81873
Suite_14,Deferred_Volume,0,806,1.2116,0.673695,0.072704,0.202752,0.583776,2.08799,478.93,15000,4224,4.84332
Suite_14,Deferred_Volume,0,807,1.21453,0.701485,0.073472,0.197504,0.57344,1.90226,525.691,15000,4352,4.86832
Suite_14,Deferred_Volume,0,808,1.21513,0.687644,0.076544,0.19712,0.581632,1.93395,517.077,15000,4480,4.89334
Suite_14,Deferred_Volume,0,809,1.21347,0.667609,0.072064,0.197504,0.5808,1.92221,520.236,15000,4480,4.91815
Suite_14,Deferred_Volume,0,810,1.2156,0.94812,0.072864,0.199488,0.57344,1.89857,526.711,15000,4480,4.94299
Suite_14,Deferred_Volume,0,811,1.23897,0.747421,0.097056,0.198656,0.632896,2.18851,456.931,15000,4608,4.96813
Suite_14,Deferred_Volume,0,812,1.21736,0.687596,0.071392,0.19904,0.580512,2.00831,497.932,15000,4608,4.99309
Suite_14,Deferred_Volume,0,813,1.2146,0.663322,0.07152,0.19904,0.57072,1.92387,519.786,15000,4736,5.01851
Suite_14,Deferred_Volume,0,814,1.21465,0.86056,0.073728,0.196608,0.576768,1.89534,527.61,15000,4736,5.04357
Suite_14,Deferred_Volume,0,815,1.21965,0.722894,0.077696,0.198976,0.580608,2.09733,476.796,15000,4736,5.06869
Suite_14,Deferred_Volume,0,816,1.21723,0.667084,0.07168,0.200192,0.579744,1.95921,510.409,15000,4736,5.09385
Suite_14,Deferred_Volume,0,817,1.21617,0.946239,0.070144,0.197216,0.579104,1.90241,525.65,15000,4736,5.11906
Suite_14,Deferred_Volume,0,818,1.21731,0.687715,0.075072,0.198496,0.586528,2.18,458.715,15000,4736,4.35147
Suite_14,Deferred_Volume,0,819,1.21634,0.707228,0.073728,0.200672,0.57312,1.92223,520.23,15000,4992,4.37429
Suite_14,Deferred_Volume,0,820,1.21804,0.665843,0.077824,0.200608,0.58784,1.9406,515.303,15000,5248,4.39726
Suite_14,Deferred_Volume,0,821,1.21863,0.876567,0.078112,0.198656,0.57952,1.9034,525.376,15000,5504,4.42011
Suite_14,Deferred_Volume,0,822,1.2222,0.680055,0.075776,0.198656,0.581504,2.11395,473.049,15000,5504,4.44275
Suite_14,Deferred_Volume,0,823,1.21758,0.678419,0.075776,0.200128,0.585728,1.91998,520.838,15000,5504,4.46546
Suite_14,Deferred_Volume,0,824,1.21716,0.922129,0.07184,0.199296,0.5856,1.91242,522.898,15000,5504,4.48825
Suite_14,Deferred_Volume,0,825,1.21988,0.686816,0.076384,0.197472,0.60736,2.15777,463.442,15000,5504,4.51111
Suite_14,Deferred_Volume,0,826,1.21686,0.675514,0.072736,0.199552,0.5808,1.9266,519.05,15000,5632,4.53413
Suite_14,Deferred_Volume,0,827,1.21733,0.676375,0.076704,0.200704,0.589824,1.90924,523.769,15000,5632,4.63939
Suite_14,Deferred_Volume,0,828,1.21894,0.917937,0.077824,0.199936,0.584224,1.91073,523.36,15000,5760,4.66299
Suite_14,Deferred_Volume,0,829,1.22179,0.683388,0.07744,0.19936,0.577824,2.15742,463.517,15000,5760,4.68637
Suite_14,Deferred_Volume,0,830,1.22167,0.69859,0.075072,0.199488,0.5816,1.92334,519.928,15000,5760,4.7098
Suite_14,Deferred_Volume,0,831,1.22191,0.895558,0.077632,0.202592,0.577216,1.93945,515.611,15000,5760,4.73331
Suite_14,Deferred_Volume,0,832,1.22211,0.677239,0.077408,0.200128,0.598304,2.13491,468.403,15000,5632,4.75677
Suite_14,Deferred_Volume,0,833,1.2208,0.671294,0.073728,0.200224,0.58032,1.91877,521.166,15000,5888,4.781
Suite_14,Deferred_Volume,0,834,1.2165,0.664061,0.07568,0.202016,0.587968,1.90983,523.608,15000,5888,4.80469
Suite_14,Deferred_Volume,0,835,1.22537,0.91612,0.073248,0.198976,0.577056,1.89684,527.192,15000,5888,4.82843
Suite_14,Deferred_Volume,0,836,1.22384,0.710697,0.07184,0.19904,0.577536,2.16113,462.722,15000,6016,4.85232
Suite_14,Deferred_Volume,0,837,1.22069,0.664847,0.07424,0.202208,0.578784,1.95963,510.301,15000,6144,4.87629
Suite_14,Deferred_Volume,0,838,1.22475,0.910791,0.07376,0.202656,0.582048,1.90331,525.401,15000,6272,4.90037
Suite_14,Deferred_Volume,0,839,1.22454,0.704163,0.09584,0.19904,0.618496,2.15262,464.55,15000,6400,4.92436
Suite_14,Deferred_Volume,0,840,1.22242,0.668078,0.072864,0.203296,0.58368,1.94791,513.371,15000,6912,4.94911
Suite_14,Deferred_Volume,0,841,1.22507,0.666089,0.073312,0.204,0.588032,1.91395,522.48,15000,7040,4.97321
Suite_14,Deferred_Volume,0,842,1.22695,0.867306,0.076384,0.202752,0.579584,1.91047,523.432,15000,7296,4.99776
Suite_14,Deferred_Volume,0,843,1.2289,0.721409,0.077216,0.203456,0.59136,2.11773,472.204,15000,7680,5.02324
Suite_14,Deferred_Volume,0,844,1.22772,0.666052,0.077664,0.202784,0.58368,1.97441,506.48,15000,7936,5.04811
Suite_14,Deferred_Volume,0,845,1.23001,0.896732,0.073728,0.20496,0.583744,1.91368,522.555,15000,8064,5.0728
Suite_14,Deferred_Volume,0,846,1.23237,0.683808,0.073728,0.204672,0.583072,2.14563,466.064,15000,8064,5.09708
Suite_14,Deferred_Volume,0,847,1.22571,0.676102,0.076032,0.20384,0.588896,1.93943,515.615,15000,8064,5.12138
Suite_14,Deferred_Volume,0,848,1.23159,0.661172,0.075648,0.204928,0.585728,1.91956,520.952,15000,8320,5.14601
Suite_14,Deferred_Volume,0,849,1.22904,0.842586,0.078464,0.2048,0.582816,1.91216,522.969,15000,8448,5.17042
Suite_14,Deferred_Volume,0,850,1.23651,0.673811,0.079872,0.2048,0.587104,2.09161,478.101,15000,8832,5.19586
Suite_14,Deferred_Volume,0,851,1.23376,0.679862,0.076544,0.208896,0.595968,1.92837,518.573,15000,9344,5.22088
Suite_14,Deferred_Volume,0,852,1.23505,0.884149,0.077312,0.207136,0.58448,1.93179,517.654,15000,9600,5.24589
Suite_14,Deferred_Volume,0,853,1.23618,0.687776,0.091424,0.205728,0.614944,2.13975,467.344,15000,9472,5.26936
Suite_14,Deferred_Volume,0,854,1.23646,0.682618,0.08016,0.208352,0.598016,1.94409,514.38,15000,9728,5.29438
Suite_14,Deferred_Volume,0,855,1.2375,0.685243,0.08272,0.210944,0.60128,1.93735,516.169,15000,10112,5.31924
Suite_14,Deferred_Volume,0,856,1.23301,0.834166,0.080992,0.208928,0.598176,1.94121,515.143,15000,10112,5.34378
Suite_14,Deferred_Volume,0,857,1.24048,0.71094,0.07808,0.207712,0.591872,2.08869,478.768,15000,10112,5.36834
Suite_14,Deferred_Volume,0,858,1.24135,0.677543,0.075936,0.211968,0.59392,1.97153,507.22,15000,10240,5.39305
Suite_14,Deferred_Volume,0,859,1.23621,0.87698,0.080192,0.21296,0.607648,1.93841,515.886,15000,10368,5.41777
Suite_14,Deferred_Volume,0,860,1.24332,0.716385,0.077824,0.210944,0.597888,2.13194,469.057,15000,10624,5.44261
Suite_14,Deferred_Volume,0,861,1.24241,0.687847,0.079744,0.211584,0.59392,1.98106,504.781,15000,10752,5.4675
Suite_14,Deferred_Volume,0,862,1.2425,0.680168,0.075776,0.215264,0.600096,1.95084,512.599,15000,10752,5.49211
Suite_14,Deferred_Volume,0,863,1.24039,0.704689,0.079872,0.212992,0.60192,1.94651,513.739,15000,10752,5.61663
Suite_14,Deferred_Volume,0,864,1.24225,0.69061,0.082016,0.212992,0.60128,1.96563,508.743,15000,11136,5.64207
Suite_14,Deferred_Volume,0,865,1.24111,0.688227,0.081344,0.215392,0.60512,1.95386,511.808,15000,11520,5.66756
Suite_14,Deferred_Volume,0,866,1.24152,0.889316,0.079552,0.216608,0.60256,1.95007,512.801,15000,11648,5.79572
Suite_14,Deferred_Volume,0,867,1.24776,0.693815,0.082592,0.216544,0.60768,2.15093,464.916,15000,11904,5.82155
Suite_14,Deferred_Volume,0,868,1.24496,0.68852,0.079872,0.217088,0.60416,1.96157,509.796,15000,12160,5.84689
Suite_14,Deferred_Volume,0,869,1.24291,0.714505,0.081792,0.219136,0.610208,1.95444,511.655,15000,12544,5.87257
Suite_14,Deferred_Volume,0,870,1.24587,0.699661,0.079872,0.219104,0.60304,1.97849,505.435,15000,12672,5.89778
Suite_14,Deferred_Volume,0,871,1.25022,0.691729,0.08192,0.219136,0.59824,1.96636,508.554,15000,13056,5.98042
Suite_14,Deferred_Volume,0,872,1.24984,0.68949,0.082368,0.222624,0.602112,1.96583,508.692,15000,13440,6.00617
Suite_14,Deferred_Volume,0,873,1.24888,0.889034,0.0848,0.222304,0.613696,1.96073,510.014,15000,13568,6.03165
Suite_14,Deferred_Volume,0,874,1.25244,0.708417,0.079808,0.221248,0.605184,2.15863,463.257,15000,13696,6.05697
Suite_14,Deferred_Volume,0,875,1.25227,0.699065,0.081472,0.223456,0.60816,1.98148,504.673,15000,13952,6.08268
Suite_14,Deferred_Volume,0,876,1.25262,0.714715,0.086048,0.22512,0.618496,1.97119,507.307,15000,14464,6.10841
Suite_14,Deferred_Volume,0,877,1.25267,0.7369,0.084736,0.22528,0.618272,1.99438,501.408,15000,14720,6.13391
Suite_14,Deferred_Volume,0,878,1.25797,0.708055,0.086016,0.22528,0.612992,2.01193,497.035,15000,15488,6.16047
Suite_14,Deferred_Volume,0,879,1.25784,0.708134,0.082848,0.22896,0.612416,1.99123,502.202,15000,16000,6.1864
Suite_14,Deferred_Volume,0,880,1.26193,0.881714,0.08208,0.229632,0.617888,1.9868,503.321,15000,16256,6.21197
Suite_14,Deferred_Volume,0,881,1.27875,0.716711,0.084288,0.229376,0.622592,2.17026,460.774,15000,17152,6.23858
Suite_14,Deferred_Volume,0,882,1.27511,0.685717,0.082944,0.229504,0.624192,2.01835,495.455,15000,17536,6.26413
Suite_14,Deferred_Volume,0,883,1.2715,0.687783,0.082464,0.233088,0.624288,1.9874,503.171,15000,17792,6.36557
Suite_14,Deferred_Volume,0,884,1.27625,0.709067,0.08336,0.231712,0.64368,1.98077,504.854,15000,18432,6.39227
Suite_14,Deferred_Volume,0,885,1.27303,0.679551,0.08496,0.235072,0.645088,2.01061,497.362,15000,18688,6.41769
Suite_14,Deferred_Volume,0,886,1.27455,0.675009,0.086016,0.237568,0.631456,1.97546,506.212,15000,19072,6.44311
Suite_14,Deferred_Volume,0,887,1.28,0.84995,0.084992,0.23776,0.631136,1.97075,507.421,15000,19968,6.46942
Suite_14,Deferred_Volume,0,888,1.27832,0.677255,0.08736,0.23808,0.63488,2.15296,464.477,15000,20096,6.49466
Suite_14,Deferred_Volume,0,889,1.27877,0.693982,0.086176,0.243136,0.644736,1.97912,505.276,15000,20352,6.52016
Suite_14,Deferred_Volume,0,890,1.28035,1.04368,0.086464,0.24576,0.64272,1.99598,501.008,15000,20864,5.60105
Suite_14,Deferred_Volume,0,891,1.27773,0.705763,0.094208,0.243712,0.676832,2.3466,426.149,15000,20992,5.62429
Suite_14,Deferred_Volume,0,892,1.27817,0.711763,0.085664,0.244736,0.630784,2.00796,498.017,15000,21120,5.64754
Suite_14,Deferred_Volume,0,893,1.28076,0.708346,0.089696,0.247712,0.649216,2.01487,496.31,15000,21504,5.67136
Suite_14,Deferred_Volume,0,894,1.28604,0.711389,0.08656,0.248992,0.643072,2.01313,496.739,15000,22528,5.86284
Suite_14,Deferred_Volume,0,895,1.29046,0.690681,0.090112,0.249216,0.645568,2.02153,494.676,15000,23040,5.88791
Suite_14,Deferred_Volume,0,896,1.28469,0.696593,0.087936,0.251872,0.649216,2.00467,498.834,15000,23296,5.91179
Suite_14,Deferred_Volume,0,897,1.28584,0.908689,0.086016,0.253952,0.64512,2.00627,498.438,15000,23936,5.93659
Suite_14,Deferred_Volume,0,898,1.29258,0.731845,0.088192,0.2552,0.656672,2.22106,450.236,15000,24832,5.96167
Suite_14,Deferred_Volume,0,899,1.2973,0.698927,0.092192,0.25472,0.658816,2.04869,488.116,15000,25472,5.98708
Suite_14,Deferred_Volume,0,900,1.29573,0.708991,0.09216,0.257664,0.654208,2.02589,493.611,15000,26368,6.01179
Suite_14,Deferred_Volume,0,901,1.30332,0.762094,0.092448,0.282144,0.684032,2.03163,492.216,15000,27136,6.03634
Suite_14,Deferred_Volume,0,902,1.30569,0.711323,0.091936,0.289792,0.679936,2.09273,477.845,15000,27392,6.12796
Suite_14,Deferred_Volume,0,903,1.30599,0.692405,0.09552,0.263072,0.66432,2.04241,489.617,15000,28160,6.15289
Suite_14,Deferred_Volume,0,904,1.30872,0.890506,0.093216,0.266112,0.668032,2.02303,494.309,15000,28544,6.17669
Suite_14,Deferred_Volume,0,905,1.31051,0.699916,0.094688,0.270336,0.666848,2.2277,448.894,15000,29440,6.20165
Suite_14,Deferred_Volume,0,906,1.31392,0.723475,0.095904,0.269856,0.67648,2.03667,490.997,15000,30720,6.22699
Suite_14,Deferred_Volume,0,907,1.31428,0.844535,0.096992,0.278528,0.685312,2.06364,484.582,15000,31744,6.25335
Suite_14,Deferred_Volume,0,908,1.32232,0.732878,0.096256,0.275456,0.682208,2.18525,457.613,15000,32384,6.27869
Suite_14,Deferred_Volume,0,909,1.33021,0.710121,0.098304,0.279904,0.693984,2.08534,479.538,15000,33664,6.3046
Suite_14,Deferred_Volume,0,910,1.32869,1.32546,0.09968,0.281088,0.696128,2.06829,483.492,15000,35200,6.38916
Suite_14,Deferred_Volume,0,911,1.33573,0.709051,0.102304,0.287136,0.698368,2.68252,372.784,15000,35712,6.41369
Suite_14,Deferred_Volume,0,912,1.33573,0.711056,0.10224,0.289408,0.692224,2.07246,482.52,15000,37120,6.43974
Suite_14,Deferred_Volume,0,913,1.33633,1.35988,0.105536,0.295424,0.711488,2.07638,481.606,15000,38016,6.532
Suite_14,Deferred_Volume,0,914,1.34569,0.73668,0.107552,0.29328,0.709248,2.728,366.569,15000,39296,6.69775
Suite_14,Deferred_Volume,0,915,1.3494,0.720005,0.106496,0.299456,0.714976,2.11325,473.206,15000,40448,6.72513
Suite_14,Deferred_Volume,0,916,1.35472,1.36141,0.10992,0.301664,0.72368,2.09904,476.409,15000,41472,6.75126
Suite_14,Deferred_Volume,0,917,1.35886,0.728431,0.105152,0.303136,0.712704,2.7496,363.689,15000,42240,6.77705
Suite_14,Deferred_Volume,0,918,1.36394,0.811784,0.78896,0.308192,1.40902,2.12491,470.609,15000,43264,6.80414
Suite_14,Deferred_Volume,0,919,1.36273,0.716251,0.11264,0.311296,0.734304,2.20708,453.088,15000,44416,6.83046
Suite_14,Deferred_Volume,0,920,1.36762,0.730029,0.111968,0.3344,0.755264,2.10967,474.008,15000,45312,6.85595
Suite_14,Deferred_Volume,0,921,1.36955,0.740145,0.114368,0.315968,0.741312,2.1311,469.242,15000,46080,6.88151
Suite_14,Deferred_Volume,0,922,1.3729,1.78032,0.114976,0.31888,0.749568,2.1414,466.984,15000,47232,6.90774
Suite_14,Deferred_Volume,0,923,1.38482,0.708155,0.1168,0.323584,0.745472,3.18677,313.797,15000,48640,6.97894
Suite_14,Deferred_Volume,0,924,1.38254,0.707056,0.114016,0.325376,0.738208,2.13069,469.331,15000,49408,7.00465
Suite_14,Deferred_Volume,0,925,1.38449,1.2597,0.11552,0.327712,0.749568,2.12961,469.569,15000,50176,7.03019
Suite_14,Deferred_Volume,0,926,1.39759,0.748317,0.11856,0.331072,0.760256,2.67971,373.174,15000,52352,7.05767
Suite_14,Deferred_Volume,0,927,1.40671,0.770053,0.118784,0.333824,0.763776,2.18396,457.885,15000,54016,7.1453
Suite_14,Deferred_Volume,0,928,1.4111,1.24688,0.120832,0.34144,0.768,2.21265,451.946,15000,55424,7.21664
Suite_14,Deferred_Volume,0,929,1.4176,0.7353,0.12176,0.339968,0.774144,2.69983,370.394,15000,57728,7.2448
Suite_14,Deferred_Volume,0,930,1.40948,0.745151,0.123968,0.346752,0.78192,2.18984,456.655,15000,58880,7.27102
Suite_14,Deferred_Volume,0,931,1.41513,1.12223,0.126976,0.350976,0.782368,2.19014,456.591,15000,59904,7.29677
Suite_14,Deferred_Volume,0,932,1.4319,0.741154,0.124928,0.354464,0.784384,2.5745,388.425,15000,62976,7.32592
Suite_14,Deferred_Volume,0,933,1.43277,0.731193,0.13072,0.358752,0.80304,2.21404,451.664,15000,65280,7.35391
Suite_14,Deferred_Volume,0,934,1.43609,1.07453,0.13184,0.363328,0.81056,2.20331,453.862,15000,67200,7.38174
Suite_14,Deferred_Volume,0,935,1.45207,0.737485,0.129056,0.36592,0.80624,2.55099,392.004,15000,68480,7.41098
Suite_14,Deferred_Volume,0,936,1.45452,0.721704,0.131072,0.370208,0.809024,2.23065,448.3,15000,70912,7.44013
Suite_14,Deferred_Volume,0,937,1.46333,1.01164,0.13312,0.372928,0.819648,2.21808,450.841,15000,72448,7.46696
Suite_14,Deferred_Volume,0,938,1.49899,0.778212,0.134144,0.374624,0.814752,2.52469,396.088,15000,74496,7.57293
Suite_14,Deferred_Volume,0,939,1.48857,0.744062,0.13696,0.37952,0.824704,2.32069,430.906,15000,76800,7.60265
Suite_14,Deferred_Volume,0,940,1.47597,0.930841,0.138912,0.383488,0.835584,2.27465,439.629,15000,79488,7.63282
Suite_14,Deferred_Volume,0,941,1.49418,0.747028,0.143008,0.387104,0.831488,2.45156,407.903,15000,81280,7.65964
Suite_14,Deferred_Volume,0,942,1.49027,0.762828,0.142784,0.391264,0.842624,2.28665,437.321,15000,82816,7.76992
Suite_14,Deferred_Volume,0,943,1.49355,1.00377,0.144864,0.395072,0.852992,2.29651,435.442,15000,84480,7.79684
Suite_14,Deferred_Volume,0,944,1.50892,0.769673,0.141664,0.397952,0.873888,2.54699,392.62,15000,86912,7.82575
Suite_14,Deferred_Volume,0,945,1.51069,0.739187,0.143424,0.40432,0.856064,2.32576,429.967,15000,88704,7.85377
Suite_14,Deferred_Volume,0,946,1.52102,1.60416,0.144832,0.42864,0.878592,2.29697,435.357,15000,91264,7.88181
Suite_14,Deferred_Volume,0,947,1.55971,0.739801,0.149952,0.411648,0.876544,3.17776,314.687,15000,93696,7.91056
Suite_14,Deferred_Volume,0,948,1.55422,0.75959,1.67402,0.415744,2.40038,2.34855,425.795,15000,96512,7.94099
Suite_14,Deferred_Volume,0,949,1.54795,0.94993,0.152736,0.452928,0.94864,2.37165,421.648,15000,98816,8.12563
Suite_14,Deferred_Volume,0,950,1.56306,0.732762,0.155328,0.426144,0.89568,2.55044,392.089,15000,102144,8.22922
Suite_14,Deferred_Volume,0,951,1.56427,1.48479,0.155552,0.428032,0.8872,2.34754,425.977,15000,103680,8.2985
Suite_14,Deferred_Volume,0,952,1.57949,0.754563,0.154016,0.430304,0.89056,3.10143,322.432,15000,105728,8.32612
Suite_14,Deferred_Volume,0,953,1.5866,0.756544,0.160096,0.436224,0.908512,2.3909,418.253,15000,108672,8.47873
Suite_14,Deferred_Volume,0,954,1.58534,0.857272,0.161536,0.440128,0.91232,2.39793,417.027,15000,111744,8.50889
Suite_14,Deferred_Volume,0,955,1.60617,0.751524,0.15968,0.4408,0.937312,2.49791,400.335,15000,114432,8.58632
Suite_14,Deferred_Volume,0,956,1.60881,0.747647,0.159744,0.45056,0.91344,2.41196,414.601,15000,117120,8.6202
Suite_14,Deferred_Volume,0,957,1.61785,0.912394,0.166848,0.45376,0.933888,2.41926,413.349,15000,120320,8.65098
Suite_14,Deferred_Volume,0,958,1.63122,0.758334,0.169376,0.481312,0.960672,2.58917,386.224,15000,123392,8.76242
Suite_14,Deferred_Volume,0,959,1.639,0.751064,0.167296,0.46112,0.936288,2.4491,408.314,15000,127104,8.79318
Suite_14,Deferred_Volume,0,960,1.64662,0.83694,0.168608,0.493568,0.980704,2.45141,407.928,15000,129664,8.82189
Suite_14,Deferred_Volume,0,961,1.66566,0.758036,0.169696,0.481568,0.968608,2.54684,392.644,15000,132480,8.8525
Suite_14,Deferred_Volume,0,962,1.66745,1.50314,0.176128,0.483488,0.969856,2.48494,402.424,15000,137216,8.88622
Suite_14,Deferred_Volume,0,963,1.69424,0.779784,0.17632,0.49152,0.99728,3.23662,308.965,15000,142336,8.9222
Suite_14,Deferred_Volume,0,964,1.70682,0.760028,0.179744,0.506368,0.999424,2.54041,393.638,15000,146816,8.95346
Suite_14,Deferred_Volume,0,965,1.7074,0.84399,0.19424,0.505856,1.02483,2.53443,394.566,15000,149376,8.983
Suite_14,Deferred_Volume,0,966,1.71814,0.775492,0.208736,0.514304,1.03475,2.62128,381.493,15000,151424,9.01229
Suite_14,Deferred_Volume,0,967,1.72304,0.79493,0.190272,0.520192,1.02605,2.56138,390.415,15000,154880,9.04392
Suite_14,Deferred_Volume,0,968,1.76905,0.808975,0.192544,0.533824,1.03834,2.591,385.952,15000,158848,9.23067
Suite_14,Deferred_Volume,0,969,1.77539,0.781117,0.194816,0.530432,1.04016,2.65249,377.004,15000,162560,9.31816
Suite_14,Deferred_Volume,0,970,1.76663,1.15923,0.19456,0.538336,1.04134,2.63042,380.168,15000,167296,9.38512
Suite_14,Deferred_Volume,0,971,1.7879,0.797476,0.194592,0.56768,1.07626,3.00195,333.117,15000,170752,9.41741
Suite_14,Deferred_Volume,0,972,1.78384,0.800062,0.201216,0.553024,1.07238,2.66236,375.606,15000,172800,9.44681
Suite_14,Deferred_Volume,0,973,1.80353,0.804994,0.200704,0.610304,1.12275,2.66301,375.515,15000,177280,9.59573
Suite_14,Deferred_Volume,0,974,1.81796,0.781809,0.202976,0.5656,1.08106,2.68708,372.151,15000,181632,9.62868
Suite_14,Deferred_Volume,0,975,1.83303,1.14735,0.206208,0.572928,1.07962,2.67747,373.488,15000,187264,9.66479
Suite_14,Deferred_Volume,0,976,1.84884,0.803465,0.208896,0.59584,1.11789,3.06113,326.677,15000,190592,9.69666
Suite_14,Deferred_Volume,0,977,1.85366,0.817213,1.79814,0.581408,2.688,2.74128,364.793,15000,195456,9.73189
Suite_14,Deferred_Volume,0,978,1.8684,0.811793,0.244096,0.595968,1.1487,2.75731,362.672,15000,199808,9.85035
Suite_14,Deferred_Volume,0,979,1.89047,0.807425,0.222176,0.59392,1.1305,2.76458,361.718,15000,204032,9.88404
Suite_14,Deferred_Volume,0,980,1.89562,1.12396,0.225888,0.59616,1.13174,2.78256,359.381,15000,209152,9.91774
Suite_14,Deferred_Volume,0,981,1.92192,0.826198,0.2464,0.605696,1.16531,3.11357,321.175,15000,213888,10.0082
Suite_14,Deferred_Volume,0,982,1.93087,0.81879,0.233984,0.611616,1.15859,2.84028,352.078,15000,219264,10.0418
Suite_14,Deferred_Volume,0,983,1.95452,0.831096,0.23552,0.616448,1.18813,2.84124,351.96,15000,224256,10.1311
Suite_14,Deferred_Volume,0,984,1.95914,0.844682,0.232224,0.626688,1.17555,2.88269,346.898,15000,227456,10.264
Suite_14,Deferred_Volume,0,985,1.97505,0.889105,0.237632,0.662016,1.20832,2.89958,344.878,15000,232064,10.467
Suite_14,Deferred_Volume,0,986,2.00105,0.823821,0.239776,0.640832,1.19322,2.96579,337.179,15000,237696,10.6383
Suite_14,Deferred_Volume,0,987,2.00575,1.207,0.256,0.8192,1.38246,2.92102,342.346,15000,241536,10.8891
Suite_14,Deferred_Volume,0,988,2.0355,0.84374,0.266912,0.65984,1.8017,3.31345,301.801,15000,247808,10.9279
Suite_14,Deferred_Volume,0,989,2.04263,0.86604,0.248704,0.669568,1.2288,2.99503,333.886,15000,252672,11.1982
Suite_14,Deferred_Volume,0,990,2.06589,0.991073,0.25568,0.69648,1.82768,3.01406,331.778,15000,257920,11.2959
Suite_14,Deferred_Volume,0,991,2.08962,1.00991,0.261632,0.691424,1.44768,3.16244,316.211,15000,264064,11.333
Suite_14,Deferred_Volume,0,992,2.10756,1.00998,0.256096,0.696288,1.2841,3.20895,311.628,15000,268544,11.5545
Suite_14,Deferred_Volume,0,993,2.12297,1.00718,0.268096,0.708192,1.47046,3.2286,309.731,15000,272768,11.7712
Suite_14,Deferred_Volume,0,994,2.14014,1.04064,0.288896,0.726368,1.87773,3.24187,308.464,15000,278400,11.9092
Suite_14,Deferred_Volume,0,995,2.1632,1.02641,1.79331,0.729536,2.84058,3.30001,303.029,15000,283776,12.0293
Suite_14,Deferred_Volume,0,996,2.17176,1.03754,0.272192,0.763904,1.9055,3.30729,302.363,15000,289664,12.3204
Suite_14,Deferred_Volume,0,997,2.20038,1.04795,0.278528,0.741856,1.50781,3.33182,300.137,15000,296448,12.5177
Suite_14,Deferred_Volume,0,998,2.21185,1.05534,0.280384,0.801408,1.95584,3.37178,296.579,15000,302336,12.5604
Suite_14,Deferred_Volume,0,999,2.23197,1.04664,0.289184,0.763808,1.54141,3.39012,294.975,15000,306688,12.5995
Suite_14,Deferred_Volume,0,1000,2.25228,1.06326,0.292384,0.806848,1.97424,3.40863,293.373,15000,314112,12.8431
Suite_14,Deferred_Volume,0,1001,2.2858,1.09681,0.301248,0.786432,1.56816,3.44545,290.237,15000,320512,12.925
Suite_14,Deferred_Volume,0,1002,2.30079,1.22421,0.831488,0.835584,2.54874,3.5223,283.905,15000,326528,12.9671
Suite_14,Deferred_Volume,0,1003,2.31978,1.06483,0.303008,0.810784,1.60522,3.66008,273.218,15000,331904,13.228
Suite_14,Deferred_Volume,0,1004,2.3217,1.07392,0.304832,1.4295,2.04573,3.52481,283.704,15000,338176,13.369
Suite_14,Deferred_Volume,0,1005,2.36107,1.07637,0.31536,1.0199,1.64563,3.53905,282.562,15000,345472,13.6209
Suite_14,Deferred_Volume,0,1006,2.36758,1.09166,0.331776,1.41517,2.07542,3.58082,279.265,15000,352512,14.0289
Suite_14,Deferred_Volume,0,1007,2.39485,1.10343,0.321536,1.04765,1.68733,3.59865,277.882,15000,358144,14.1028
Suite_14,Deferred_Volume,0,1008,2.42046,1.14635,1.27181,0.903168,2.49645,3.64659,274.229,15000,365184,14.1488
Suite_14,Deferred_Volume,0,1009,2.43518,1.11322,0.330048,1.06656,1.70416,3.72577,268.401,15000,371840,14.1978
Suite_14,Deferred_Volume,0,1010,2.44911,1.12814,0.329408,1.48854,2.13034,3.7002,270.256,15000,377216,14.4643
Suite_14,Deferred_Volume,0,1011,2.47412,1.11788,0.336032,1.09738,1.74694,3.72613,268.375,15000,384384,14.5466
Suite_14,Deferred_Volume,0,1012,2.49112,1.15777,0.362496,1.50314,2.18506,3.74363,267.12,15000,390016,14.6232
Suite_14,Deferred_Volume,0,1013,2.5089,1.14203,0.341952,0.972224,1.62246,3.80598,262.744,15000,395904,14.9141
Suite_14,Deferred_Volume,0,1014,2.53378,1.1611,1.2841,2.48422,4.08582,3.8177,261.938,15000,402944,15.0006
Suite_14,Deferred_Volume,0,1015,2.55098,1.1658,0.352256,1.58464,2.25277,3.85005,259.737,15000,410112,15.051
Suite_14,Deferred_Volume,0,1016,2.57597,1.16639,0.362656,1.16941,1.84218,3.88841,257.174,15000,416896,15.4391
Suite_14,Deferred_Volume,0,1017,2.61005,1.18768,0.391264,1.59968,2.31213,3.90608,256.011,15000,423424,15.5195
Suite_14,Deferred_Volume,0,1018,2.6279,1.1715,0.366592,1.19907,1.87674,3.97215,251.753,15000,430464,15.6146
Suite_14,Deferred_Volume,0,1019,2.6402,1.21208,0.573152,1.63658,2.51904,3.96959,251.915,15000,436736,15.6674
Suite_14,Deferred_Volume,0,1020,2.66187,1.29385,0.381312,1.06502,1.7857,4.02441,248.484,15000,444416,15.7188
Suite_14,Deferred_Volume,0,1021,2.68487,1.23415,0.380832,2.5951,3.29523,4.12808,242.243,15000,451200,15.8421
Suite_14,Deferred_Volume,0,1022,2.71614,1.23492,0.384032,1.696,2.41491,4.09408,244.255,15000,458368,15.8966
Suite_14,Deferred_Volume,0,1023,2.72149,1.22513,0.397312,1.28544,1.99475,4.146,241.196,15000,465280,16.0009
Suite_14,Deferred_Volume,0,1024,2.75428,1.27893,0.560544,1.70394,2.57498,4.12744,242.281,15000,473344,16.4805
Suite_14,Deferred_Volume,0,1025,2.77542,1.23725,0.403328,1.17363,1.89536,4.22101,236.91,15000,480768,16.6013
Suite_14,Deferred_Volume,0,1026,2.78932,1.25971,0.405504,2.66445,3.38774,4.20252,237.952,15000,487040,16.8421
Suite_14,Deferred_Volume,0,1027,2.82373,1.30052,0.437952,1.7657,2.52282,4.23973,235.864,15000,494592,16.9005
Suite_14,Deferred_Volume,0,1028,2.84531,1.24636,0.417792,1.37421,2.10544,4.31804,231.586,15000,502144,16.9562
Suite_14,Deferred_Volume,0,1029,2.8618,1.29618,0.77824,1.80198,2.91946,4.28381,233.437,15000,510208,17.0973
Suite_14,Deferred_Volume,0,1030,2.87841,1.27755,0.424768,1.8417,2.57846,4.35467,229.639,15000,516480,17.3476
Suite_14,Deferred_Volume,0,1031,2.90718,1.27168,0.43248,1.44685,2.19741,4.3583,229.447,15000,525312,17.4136
Suite_14,Deferred_Volume,0,1032,2.9319,1.32925,0.441568,1.87251,2.63485,4.38271,228.169,15000,533632,17.4704
Suite_14,Deferred_Volume,0,1033,2.99518,1.37783,0.454048,2.02054,2.79552,4.47426,223.501,15000,540928,17.5653
Suite_14,Deferred_Volume,0,1034,2.98766,1.31702,0.448608,1.30662,2.07053,4.58583,218.063,15000,548736,17.9691
Suite_14,Deferred_Volume,0,1035,2.99559,1.31959,0.457792,3.35898,4.13696,4.51765,221.354,15000,555520,18.0283
Suite_14,Deferred_Volume,0,1036,3.00505,1.56799,0.459136,1.37213,2.17088,4.52135,221.173,15000,562048,18.0874
Suite_14,Deferred_Volume,0,1037,3.0378,2.40094,1.98861,1.55578,3.86243,4.79036,208.752,15000,569216,18.146
Suite_14,Deferred_Volume,0,1038,3.07773,1.33776,0.490016,1.95859,2.7689,5.66343,176.572,15000,578944,18.2688
Suite_14,Deferred_Volume,0,1039,3.09477,1.35321,0.499008,1.98502,2.8033,4.63297,215.844,15000,586752,18.6126
Suite_14,Deferred_Volume,0,1040,3.11917,1.35872,0.48336,1.61382,2.4105,4.66757,214.244,15000,593664,18.9603
Suite_14,Deferred_Volume,0,1041,3.14356,1.41471,1.42074,2.94934,4.68906,4.71212,212.219,15000,601344,19.0243
Suite_14,Deferred_Volume,0,1042,3.16575,1.41408,0.511232,2.02342,2.85082,4.78362,209.047,15000,608256,19.4447
Suite_14,Deferred_Volume,0,1043,3.19211,1.37019,0.492256,2.18726,2.99139,4.81953,207.489,15000,617856,19.6624
Suite_14,Deferred_Volume,0,1044,3.21899,1.39343,0.499712,1.536,2.35286,4.79525,208.54,15000,626048,19.8456
Suite_14,Deferred_Volume,0,1045,3.23604,1.44134,1.47661,3.5649,5.3625,4.848,206.27,15000,633344,20.0523
Suite_14,Deferred_Volume,0,1046,3.2545,1.46044,0.5088,1.57245,2.96352,4.91376,203.51,15000,640640,20.1572
Suite_14,Deferred_Volume,0,1047,3.28121,1.41891,0.508544,1.75309,2.57181,4.95334,201.884,15000,647296,20.2766
Suite_14,Deferred_Volume,0,1048,3.30819,1.49226,0.544896,2.14861,3.01472,4.94695,202.145,15000,654080,20.6105
Suite_14,Deferred_Volume,0,1049,3.33101,1.47383,0.547744,2.33728,3.2056,5.06148,197.571,15000,661888,20.6844
Suite_14,Deferred_Volume,0,1050,3.36755,1.49064,0.531456,1.61421,2.46189,5.05276,197.912,15000,671872,20.8792
Suite_14,Deferred_Volume,0,1051,3.38109,1.56309,0.537952,1.64458,2.61002,5.10628,195.837,15000,679424,20.9797
Suite_14,Deferred_Volume,0,1052,3.40815,1.47692,0.980992,2.24317,3.54509,5.21582,191.724,15000,686208,21.5207
Suite_14,Deferred_Volume,0,1053,3.4295,1.46872,0.540512,2.27386,3.13344,5.14457,194.38,15000,693120,21.8956
Suite_14,Deferred_Volume,0,1054,3.44998,1.45768,0.554272,2.39667,3.26992,5.15706,193.909,15000,700800,22.0478
Suite_14,Deferred_Volume,0,1055,3.4716,1.49128,0.806912,1.7103,2.84253,5.17051,193.404,15000,708992,22.1252
Suite_14,Deferred_Volume,0,1056,3.48686,1.45653,0.56352,2.35174,3.23994,5.22648,191.333,15000,715392,22.2393
Suite_14,Deferred_Volume,0,1057,3.51061,1.47696,0.577856,2.31629,3.20931,5.20665,192.062,15000,723584,22.3167
Suite_14,Deferred_Volume,0,1058,3.54144,1.5012,0.589824,2.44122,3.34406,5.2582,190.179,15000,731904,22.4508
Suite_14,Deferred_Volume,0,1059,3.56949,1.51787,0.576928,1.75955,2.65626,5.32113,187.93,15000,741632,22.5277
Suite_14,Deferred_Volume,0,1060,3.59373,1.4964,0.58352,2.4128,3.31469,5.35968,186.578,15000,750080,22.6385
Suite_14,Deferred_Volume,0,1061,3.62089,1.68534,1.74371,2.42688,4.49085,5.37522,186.039,15000,758656,22.8164
Suite_14,Deferred_Volume,0,1062,3.64778,1.54243,0.591776,2.42074,3.3319,5.59188,178.831,15000,766080,22.8943
Suite_14,Deferred_Volume,0,1063,3.67051,1.54958,0.606208,2.57894,3.49853,5.48318,182.376,15000,773376,23.02
Suite_14,Deferred_Volume,0,1064,3.69472,1.55442,0.876544,1.8944,3.09584,5.52653,180.945,15000,781952,23.1039
Suite_14,Deferred_Volume,0,1065,3.71923,1.54793,0.608992,2.53226,3.4631,5.56137,179.812,15000,791552,23.2806
Suite_14,Deferred_Volume,0,1066,3.73831,1.57533,0.614656,2.50266,3.4345,5.56683,179.635,15000,798208,23.8357
Suite_14,Deferred_Volume,0,1067,3.76341,1.61673,0.636928,2.63578,3.584,5.6222,177.866,15000,806016,23.9218
Suite_14,Deferred_Volume,0,1068,3.79109,1.59577,0.633088,1.98246,2.95734,5.68637,175.859,15000,814080,24.0796
Suite_14,Deferred_Volume,0,1069,3.80981,1.57321,0.63488,2.11824,3.06995,5.69423,175.616,15000,822400,24.2445
Suite_14,Deferred_Volume,0,1070,3.84004,1.74189,1.50934,3.51526,5.33955,5.68899,175.778,15000,831744,24.6167
Suite_14,Deferred_Volume,0,1071,3.87093,1.62508,0.6712,2.58467,3.5799,5.89995,169.493,15000,841472,24.7688
Suite_14,Deferred_Volume,0,1072,3.88912,1.60674,0.650816,2.62102,3.58758,5.81095,172.089,15000,848128,24.8568
Suite_14,Deferred_Volume,0,1073,3.90666,1.64926,0.673376,3.29933,4.28646,5.80429,172.286,15000,855936,24.9883
Suite_14,Deferred_Volume,0,1074,3.93617,2.49255,0.664544,2.65088,3.63533,5.87011,170.355,15000,862208,25.0767
Suite_14,Deferred_Volume,0,1075,3.96206,1.65528,0.66528,2.81354,3.82362,6.75512,148.036,15000,870272,25.1653
Suite_14,Deferred_Volume,0,1076,3.99338,1.67724,1.43328,2.13638,3.88509,5.94599,168.18,15000,879232,25.3678
Suite_14,Deferred_Volume,0,1077,4.01585,1.69628,0.67552,2.25306,3.25222,6.00295,166.585,15000,889088,25.5813
Suite_14,Deferred_Volume,0,1078,4.0411,1.78058,0.68,3.66781,4.69098,6.042,165.508,15000,897280,25.6736
Suite_14,Deferred_Volume,0,1079,4.06895,1.70213,1.40528,2.75661,4.4831,6.15329,162.515,15000,905088,25.7616
Suite_14,Deferred_Volume,0,1080,4.08799,1.65409,0.691712,4.25984,5.2736,6.0998,163.94,15000,912384,25.8901
Suite_14,Deferred_Volume,0,1081,4.1066,1.6857,0.728096,2.82195,3.87536,6.09576,164.048,15000,920320,25.9845
Suite_14,Deferred_Volume,0,1082,4.13407,1.70833,0.720896,3.47955,4.52589,6.12897,163.16,15000,927872,26.0779
Suite_14,Deferred_Volume,0,1083,4.15347,1.70482,0.715968,2.83501,3.8953,6.18647,161.643,15000,935552,26.1737
Suite_14,Deferred_Volume,0,1084,4.17301,1.7323,0.71232,2.98189,4.02128,6.20415,161.182,15000,942208,26.2665
Suite_14,Deferred_Volume,0,1085,4.19158,1.73572,1.49613,2.29862,4.11238,6.25711,159.818,15000,948608,26.3644
Suite_14,Deferred_Volume,0,1086,4.22066,1.83278,0.729216,2.42483,3.47341,6.27159,159.449,15000,957312,26.4933
Suite_14,Deferred_Volume,0,1087,4.23648,1.75243,0.722944,2.53747,3.5881,6.40231,156.194,15000,964736,26.6421
Suite_14,Deferred_Volume,0,1088,4.31456,1.82269,1.52803,3.83939,5.71264,6.33681,157.808,15000,972544,26.9624
Suite_14,Deferred_Volume,0,1089,4.28742,1.78881,0.769952,2.92058,4.01555,6.51766,153.429,15000,979328,27.0639
Suite_14,Deferred_Volume,0,1090,4.2996,1.76684,0.7336,2.99418,4.05504,6.43993,155.281,15000,985984,27.164
Suite_14,Deferred_Volume,0,1091,4.32811,1.80425,1.55069,2.9736,4.84781,6.42157,155.725,15000,992896,27.2642
Suite_14,Deferred_Volume,0,1092,4.33771,1.79017,0.751424,3.02291,4.09395,6.49633,153.933,15000,1000064,27.3696
Suite_14,Deferred_Volume,0,1093,4.36736,1.93448,0.772768,3.04947,4.14454,6.49178,154.041,15000,1007872,27.841
Suite_14,Deferred_Volume,0,1094,4.38509,1.84397,2.46909,3.03974,5.83603,6.66646,150.005,15000,1014144,27.9412
Suite_14,Deferred_Volume,0,1095,4.40491,1.82831,0.792576,3.05466,4.17219,6.60622,151.372,15000,1021696,28.1077
Suite_14,Deferred_Volume,0,1096,4.43105,1.84071,2.94707,3.71072,6.97584,6.61899,151.081,15000,1028480,28.2171
Suite_14,Deferred_Volume,0,1097,4.44565,1.83527,0.786048,2.54726,4.22912,6.64856,150.409,15000,1035136,28.3565
Suite_14,Deferred_Volume,0,1098,4.45658,1.84434,0.780288,3.12,4.2233,6.66621,150.01,15000,1040768,28.4561
Suite_14,Deferred_Volume,0,1099,4.48896,1.89004,0.791904,3.25363,4.37366,6.67971,149.707,15000,1046912,28.5676
Suite_14,Deferred_Volume,0,1100,4.50695,1.87311,0.788544,3.14173,4.2496,6.77875,147.52,15000,1054464,28.813
Suite_14,Deferred_Volume,0,1101,4.51945,1.89298,0.810912,3.28662,4.42186,6.77159,147.676,15000,1059968,28.919
Suite_14,Deferred_Volume,0,1102,4.53754,2.75504,0.797376,3.1928,4.31632,6.80055,147.047,15000,1065344,29.1004
Suite_14,Deferred_Volume,0,1103,4.55835,1.9139,0.80896,3.8169,4.95008,7.68765,130.079,15000,1070720,29.3194
Suite_14,Deferred_Volume,0,1104,4.57043,1.92181,0.805376,3.21251,4.34586,6.87683,145.416,15000,1074688,29.4558
Suite_14,Deferred_Volume,0,1105,4.58611,1.92166,0.817152,3.84797,4.98493,6.89477,145.038,15000,1081728,29.6509
Suite_14,Deferred_Volume,0,1106,4.60764,1.93234,0.81312,3.28915,4.42742,6.92668,144.369,15000,1087616,29.869
Suite_14,Deferred_Volume,0,1107,4.62233,1.9481,0.833408,3.89875,5.04774,6.93727,144.149,15000,1093632,29.983
Suite_14,Deferred_Volume,0,1108,4.64431,1.94701,0.825184,3.30051,4.4481,6.96606,143.553,15000,1099264,30.1751
Suite_14,Deferred_Volume,0,1109,4.65482,1.97373,0.840672,3.96083,5.13021,6.99994,142.858,15000,1104896,30.2971
Suite_14,Deferred_Volume,0,1110,4.67221,1.94758,0.826272,3.35462,4.50394,7.03986,142.048,15000,1109504,30.4546
Suite_14,Deferred_Volume,0,1111,4.68454,1.94682,0.846336,3.98554,5.1553,7.01721,142.507,15000,1115008,30.7134
Suite_14,Deferred_Volume,0,1112,4.70389,1.98082,0.839424,3.33811,4.49891,7.03756,142.095,15000,1120000,30.8374
Suite_14,Deferred_Volume,0,1113,4.7175,1.95762,0.855776,3.98154,5.16096,7.08837,141.076,15000,1125632,30.9597
Suite_14,Deferred_Volume,0,1114,4.74227,2.03791,0.868352,3.3559,4.54902,7.08288,141.185,15000,1130880,31.2979
Suite_14,Deferred_Volume,0,1115,4.74696,1.98565,0.874976,4.01408,5.21626,7.18768,139.127,15000,1135616,31.4799
Suite_14,Deferred_Volume,0,1116,4.754,1.9817,0.874944,3.38944,4.59555,7.14611,139.936,15000,1140224,31.604
Suite_14,Deferred_Volume,0,1117,4.773,2.0379,1.06346,3.38038,4.76298,7.16638,139.54,15000,1145088,31.7307
Suite_14,Deferred_Volume,0,1118,4.78935,2.02866,0.858112,3.3953,4.57466,7.2257,138.395,15000,1149056,31.8638
Suite_14,Deferred_Volume,0,1119,4.80268,2.02108,2.05594,4.89866,7.28035,7.22759,138.359,15000,1155072,32.0177
Suite_14,Deferred_Volume,0,1120,4.81464,2.0304,0.902464,3.47539,4.69984,7.24889,137.952,15000,1158528,32.1513
Suite_14,Deferred_Volume,0,1121,4.8298,2.02177,3.49862,2.97776,6.81114,7.27694,137.42,15000,1164288,32.2886
Suite_14,Deferred_Volume,0,1122,4.84286,2.06122,0.90304,3.44938,4.67674,7.26881,137.574,15000,1168896,32.4265
Suite_14,Deferred_Volume,0,1123,4.86359,2.01961,0.887072,3.51738,4.73293,7.32652,136.49,15000,1174784,32.6137
Suite_14,Deferred_Volume,0,1124,4.87864,2.06144,0.876544,4.41754,5.61651,7.32309,136.554,15000,1179776,32.7573
Suite_14,Deferred_Volume,0,1125,4.88926,2.90065,2.19366,2.94707,5.46419,7.36497,135.778,15000,1184512,32.8908
Suite_14,Deferred_Volume,0,1126,4.90634,2.03117,0.893536,3.55549,4.79757,8.22666,121.556,15000,1188480,33.0958
Suite_14,Deferred_Volume,0,1127,4.91613,2.11571,0.907136,3.6352,4.86691,7.38089,135.485,15000,1193600,33.2478
Suite_14,Deferred_Volume,0,1128,4.93532,2.04304,0.897024,3.57741,4.7968,7.47836,133.719,15000,1198208,33.5145
Suite_14,Deferred_Volume,0,1129,4.94564,2.06783,0.91136,4.20454,5.44531,7.40684,135.01,15000,1201920,33.6988
Suite_14,Deferred_Volume,0,1130,4.9585,2.08215,0.904352,3.56003,4.82099,7.45581,134.124,15000,1206400,33.8499
Suite_14,Deferred_Volume,0,1131,4.99856,2.14045,1.12026,3.59933,5.04797,7.4741,133.795,15000,1210752,34.3924
Suite_14,Deferred_Volume,0,1132,4.98577,2.05019,0.935808,3.63478,4.90144,7.58328,131.869,15000,1215232,34.5482
Suite_14,Deferred_Volume,0,1133,4.99162,2.10471,3.22835,3.65568,7.2009,7.47795,133.726,15000,1218688,33.9087
Suite_14,Deferred_Volume,0,1134,5.00629,2.09622,0.94032,3.63251,4.89642,7.54624,132.516,15000,1222144,34.0637
Suite_14,Deferred_Volume,0,1135,5.01908,2.08797,0.938752,3.66285,4.94976,7.56953,132.109,15000,1228032,34.2701
Suite_14,Deferred_Volume,0,1136,5.03325,2.082,0.930368,3.78061,5.05014,7.56279,132.226,15000,1231360,34.4296
Suite_14,Deferred_Volume,0,1137,5.03655,2.13264,1.89171,3.06022,5.28237,7.56958,132.108,15000,1233280,34.5884
Suite_14,Deferred_Volume,0,1138,5.05369,2.09442,0.940032,3.69869,4.96314,7.61543,131.312,15000,1236096,34.7551
Suite_14,Deferred_Volume,0,1139,5.05629,2.1202,0.954048,3.65978,5.12,7.59787,131.616,15000,1239936,34.9212
Suite_14,Deferred_Volume,0,1140,5.07229,2.13228,0.940032,3.66797,4.93363,7.63632,130.953,15000,1244160,35.1438
Suite_14,Deferred_Volume,0,1141,5.08213,2.17348,1.14896,3.69686,5.17514,7.65287,130.67,15000,1246976,35.3124
Suite_14,Deferred_Volume,0,1142,5.08387,2.12387,0.95584,3.70899,5.56656,7.7114,129.678,15000,1249664,35.4841
Suite_14,Deferred_Volume,0,1143,5.09129,2.13303,0.975424,3.2207,5.1512,7.68091,130.193,15000,1250816,35.7909
Suite_14,Deferred_Volume,0,1144,5.09484,2.11182,0.973856,3.21946,5.08314,7.68638,130.1,15000,1251712,35.9576
Suite_14,Deferred_Volume,0,1145,5.10275,2.1082,0.961888,3.25046,5.16054,7.67342,130.32,15000,1253888,36.132
Suite_14,Deferred_Volume,0,1146,5.10679,2.135,0.955136,3.69869,5.14627,7.66594,130.447,15000,1254656,36.3633
Suite_14,Deferred_Volume,0,1147,5.11458,10.4242,9.76691,3.75194,13.8404,7.68808,130.071,15000,1256064,36.5389
Suite_14,Deferred_Volume,0,1148,5.11792,2.10246,0.962336,3.75754,7.0816,16.0154,62.4401,15000,1258112,36.7255
Suite_14,Deferred_Volume,0,1149,5.13045,2.12169,0.991232,3.67392,4.99165,7.67154,130.352,15000,1260672,36.9093
Suite_14,Deferred_Volume,0,1150,5.12498,2.12351,0.989184,3.24157,5.12205,7.73298,129.316,15000,1261696,37.0951
Suite_14,Deferred_Volume,0,1151,5.14805,2.12259,3.61904,3.26595,7.21331,7.70423,129.799,15000,1264000,37.3246
Suite_14,Deferred_Volume,0,1152,5.14224,2.1095,0.964512,3.8176,6.62246,7.73303,129.315,15000,1264512,37.4872
Suite_14,Deferred_Volume,0,1153,5.14968,2.14777,1.53395,3.23994,5.10566,7.73149,129.341,15000,1265152,37.6767
Suite_14,Deferred_Volume,0,1154,5.14448,2.08716,0.964096,3.81174,5.22854,7.75667,128.921,15000,1267072,37.8737
Suite_14,Deferred_Volume,0,1155,5.15455,2.13185,0.980992,3.72179,5.20227,7.68122,130.188,15000,1267968,38.0724
Suite_14,Deferred_Volume,0,1156,5.15978,2.12417,0.964608,3.71712,5.1752,7.77049,128.692,15000,1269376,38.2634
Suite_14,Deferred_Volume,0,1157,5.15867,2.13573,0.9976,3.71306,5.73053,7.75417,128.963,15000,1270400,38.4611
Suite_14,Deferred_Volume,0,1158,5.16518,2.12035,0.982496,3.82976,5.70163,7.7629,128.818,15000,1270784,38.6663
Suite_14,Deferred_Volume,0,1159,5.1731,2.12384,0.99328,3.12582,5.06266,7.75432,128.96,15000,1272064,38.8619
Suite_14,Deferred_Volume,0,1160,5.1712,2.09143,0.994848,3.27235,5.15482,7.76557,128.774,15000,1272320,39.1205
Suite_14,Deferred_Volume,0,1161,5.16947,2.10378,0.978944,3.3016,5.2345,7.72488,129.452,15000,1273088,39.3336
Suite_14,Deferred_Volume,0,1162,5.1744,2.12227,0.977824,3.74502,5.22378,7.75546,128.941,15000,1273088,39.5467
Suite_14,Deferred_Volume,0,1163,5.18502,2.12073,2.50192,4.36019,7.18848,7.75449,128.958,15000,1272448,39.9043
Suite_14,Deferred_Volume,0,1164,5.17865,2.11583,0.968384,3.72112,5.01539,7.76321,128.813,15000,1272832,40.1213
Suite_14,Deferred_Volume,0,1165,5.17987,2.11951,1.1561,3.74941,5.23264,7.77663,128.59,15000,1273600,40.3201
Suite_14,Deferred_Volume,0,1166,5.18671,2.13779,0.989184,3.71712,5.59014,7.78004,128.534,15000,1273088,40.5456
Suite_14,Deferred_Volume,0,1167,5.18165,2.13505,1.64013,3.76832,5.73645,7.8032,128.153,15000,1273856,40.7792
Suite_14,Deferred_Volume,0,1168,5.18225,2.97481,0.974848,3.24608,4.6633,7.7695,128.708,15000,1272960,40.9974
Suite_14,Deferred_Volume,0,1169,5.20317,2.16955,3.0848,3.8392,7.25763,8.63059,115.867,15000,1270528,41.2206
Suite_14,Deferred_Volume,0,1170,5.17947,2.12914,0.973856,3.1473,5.02989,7.83722,127.596,15000,1269760,41.6614
Suite_14,Deferred_Volume,0,1171,5.17441,2.09682,1.09773,3.76976,5.18758,7.7651,128.781,15000,1268736,41.8942
Suite_14,Deferred_Volume,0,1172,5.17779,2.11577,0.968704,3.72333,5.01802,7.72443,129.459,15000,1268736,42.195
Suite_14,Deferred_Volume,0,1173,5.18086,2.15488,1.17331,3.70195,5.20147,7.78364,128.475,15000,1269248,42.4351
Suite_14,Deferred_Volume,0,1174,5.17334,2.11628,0.985088,3.68637,5.58298,7.81112,128.023,15000,1266560,42.6763
Suite_14,Deferred_Volume,0,1175,5.17924,2.15741,0.99888,3.2408,5.18982,7.75543,128.942,15000,1267200,42.926
Suite_14,Deferred_Volume,0,1176,5.18182,2.12472,0.966656,5.13174,6.57235,7.79323,128.316,15000,1267328,43.2299
Suite_14,Deferred_Volume,0,1177,5.18294,2.11816,1.66061,3.14608,5.13174,7.76222,128.829,15000,1267456,43.5454
Suite_14,Deferred_Volume,0,1178,5.17372,2.13376,0.964608,3.82566,5.24576,7.78575,128.44,15000,1266432,43.7908
Suite_14,Deferred_Volume,0,1179,5.18398,2.15751,2.49254,4.3552,7.17619,7.77678,128.588,15000,1265408,44.0529
Suite_14,Deferred_Volume,0,1180,5.18652,2.10364,0.970336,3.7417,5.03603,7.79411,128.302,15000,1264256,44.3271
Suite_14,Deferred_Volume,0,1181,5.16934,2.12934,1.1511,3.74365,5.21539,7.74432,129.127,15000,1261696,44.6039
Suite_14,Deferred_Volume,0,1182,5.17595,2.12415,0.98864,3.71917,5.59651,7.75042,129.025,15000,1261056,44.8921
Suite_14,Deferred_Volume,0,1183,5.16557,2.14832,1.62883,3.72646,5.67923,7.76295,128.817,15000,1259136,45.1426
Suite_14,Deferred_Volume,0,1184,5.16491,2.1193,0.966176,3.34061,4.74768,7.77367,128.639,15000,1258496,45.416
Suite_14,Deferred_Volume,0,1185,5.16629,2.15406,2.19536,5.20102,7.74144,7.74404,129.132,15000,1256320,45.6725
Suite_14,Deferred_Volume,0,1186,5.16635,2.12294,0.961888,3.17235,5.02678,7.80856,128.065,15000,1255040,45.9594
Suite_14,Deferred_Volume,0,1187,5.15121,2.12383,0.975904,3.78064,5.25398,7.7599,128.868,15000,1252736,46.2005
Suite_14,Deferred_Volume,0,1188,5.16389,2.14176,0.958016,3.84832,5.12858,7.72911,129.381,15000,1251968,46.4901
Suite_14,Deferred_Volume,0,1189,5.15309,3.01818,1.75283,3.73501,5.80371,7.75672,128.92,15000,1249152,46.9447
Suite_14,Deferred_Volume,0,1190,5.14207,2.10908,0.953152,3.74182,5.58253,8.6436,115.693,15000,1246464,47.2443
Suite_14,Deferred_Volume,0,1191,5.14275,2.15216,0.980992,3.36355,5.28877,7.70864,129.725,15000,1244800,47.7105
Suite_14,Deferred_Volume,0,1192,5.1417,2.1117,0.941472,3.29728,4.56294,7.74403,129.132,15000,1242240,47.9025
Suite_14,Deferred_Volume,0,1193,5.1316,2.10723,0.95312,3.31776,5.21946,7.70548,129.778,15000,1239552,48.2179
Suite_14,Deferred_Volume,0,1194,5.12962,2.09859,0.944512,3.95379,5.22554,7.70269,129.825,15000,1238528,48.484
Suite_14,Deferred_Volume,0,1195,5.12395,2.11013,1.63776,3.83798,5.80122,7.70458,129.793,15000,1235840,48.5757
Suite_14,Deferred_Volume,0,1196,5.12019,2.07137,0.947584,4.36637,5.63152,7.6745,130.302,15000,1234688,48.6908
Suite_14,Deferred_Volume,0,1197,5.1126,2.12707,0.957056,3.78448,5.23882,7.65085,130.704,15000,1233280,48.9977
Suite_14,Deferred_Volume,0,1198,5.10816,2.10455,0.961152,3.76813,5.61475,7.68755,130.08,15000,1230720,49.2383
Suite_14,Deferred_Volume,0,1199,5.10576,2.16631,0.990848,3.81952,5.76442,7.67679,130.263,15000,1227264,49.578
Suite_14,Deferred_Volume,0,1200,5.09372,2.08229,0.971456,3.30522,6.61459,7.72266,129.489,15000,1223680,49.9031
Suite_14,Deferred_Volume,0,1201,5.09252,2.12644,1.58701,3.72848,5.6361,7.63305,131.009,15000,1220224,50.2586
Suite_14,Deferred_Volume,0,1202,5.08297,2.06211,0.950688,3.29504,4.68378,7.67941,130.218,15000,1218816,50.6156
Suite_14,Deferred_Volume,0,1203,5.08069,2.09117,3.0615,3.95674,7.34291,7.62179,131.203,15000,1215616,50.98
Suite_14,Deferred_Volume,0,1204,5.0683,2.12482,0.936096,3.29498,5.12205,7.62618,131.127,15000,1212288,51.3308
Suite_14,Deferred_Volume,0,1205,5.06313,2.0653,0.950272,3.87107,5.14867,7.67304,130.326,15000,1208704,51.7003
Suite_14,Deferred_Volume,0,1206,5.0572,2.065,0.944128,3.82304,5.09005,7.58915,131.767,15000,1205888,52.084
Suite_14,Deferred_Volume,0,1207,5.04971,2.13551,0.950208,4.46013,5.73693,7.5802,131.923,15000,1203072,52.456
Suite_14,Deferred_Volume,0,1208,5.0596,2.07514,0.940768,3.83722,5.0975,7.62989,131.064,15000,1201408,52.8109
Suite_14,Deferred_Volume,0,1209,5.03954,2.03232,0.971776,3.82771,5.792,7.57622,131.992,15000,1198720,53.1974
Suite_14,Deferred_Volume,0,1210,5.04214,2.06365,0.966816,3.29021,6.58349,7.50408,133.261,15000,1196416,53.5715
Suite_14,Deferred_Volume,0,1211,5.03166,2.9829,2.22672,5.22445,7.79805,7.54756,132.493,15000,1193856,53.9845
Suite_14,Deferred_Volume,0,1212,5.03258,2.03908,0.925312,3.15526,4.97318,8.44225,118.452,15000,1190784,54.395
Suite_14,Deferred_Volume,0,1213,5.01632,2.04118,2.46784,3.91021,6.70659,7.51166,133.126,15000,1187200,54.8022
Suite_14,Deferred_Volume,0,1214,5.01272,2.03563,0.916256,3.22419,5.01498,7.4951,133.421,15000,1182720,52.359
Suite_14,Deferred_Volume,0,1215,4.99874,2.03199,0.914912,3.91027,5.15216,7.49239,133.469,15000,1180800,52.8051
Suite_14,Deferred_Volume,0,1216,5.00244,2.04739,0.903616,3.83078,5.06061,7.46639,133.933,15000,1177728,52.5875
Suite_14,Deferred_Volume,0,1217,4.98717,2.05295,0.903232,4.48496,5.70973,7.4717,133.838,15000,1174400,53.0111
Suite_14,Deferred_Volume,0,1218,4.98923,2.04105,0.890912,3.84384,5.0568,7.47089,133.853,15000,1171712,53.4487
Suite_14,Deferred_Volume,0,1219,4.9786,2.03521,0.916672,4.47107,5.71293,7.44965,134.235,15000,1168512,53.9014
Suite_14,Deferred_Volume,0,1220,4.9709,2.02974,0.899072,3.81658,5.04035,7.4428,134.358,15000,1166208,53.8235
Suite_14,Deferred_Volume,0,1221,4.95847,2.00436,0.896288,4.45421,5.67386,7.42094,134.754,15000,1161856,53.916
Suite_14,Deferred_Volume,0,1222,4.95022,2.0107,0.8704,3.87347,5.09338,7.39593,135.209,15000,1159040,54.3252
Suite_14,Deferred_Volume,0,1223,4.94557,2.03483,0.903424,3.88512,5.1191,7.37677,135.561,15000,1156352,54.7679
Suite_14,Deferred_Volume,0,1224,4.94326,2.02687,0.884224,3.89555,5.10646,7.40512,135.042,15000,1153152,55.2389
Suite_14,Deferred_Volume,0,1225,4.92591,1.99168,0.878752,3.92368,5.15392,7.42004,134.77,15000,1149312,55.5458
Suite_14,Deferred_Volume,0,1226,4.92635,1.99857,0.862208,5.32275,6.51699,7.33273,136.375,15000,1145600,56.0847
Suite_14,Deferred_Volume,0,1227,4.90932,2.03326,1.54829,3.38125,5.83066,7.35348,135.99,15000,1140992,54.0829
Suite_14,Deferred_Volume,0,1228,4.89846,1.95319,0.842816,4.04544,5.20282,7.35701,135.925,15000,1136384,54.5623
Suite_14,Deferred_Volume,0,1229,4.88985,2.01816,1.5913,3.38534,5.85347,7.26208,137.702,15000,1132416,54.5012
Suite_14,Deferred_Volume,0,1230,4.87898,1.94914,0.846208,3.99366,5.15686,7.32156,136.583,15000,1128576,53.6301
Suite_14,Deferred_Volume,0,1231,4.88368,2.02528,1.41101,3.95872,5.6937,7.25264,137.881,15000,1124224,54.1388
Suite_14,Deferred_Volume,0,1232,4.86177,1.94684,0.841728,4.56195,5.7247,7.33261,136.377,15000,1119872,54.621
Suite_14,Deferred_Volume,0,1233,4.85741,1.98268,1.4704,3.91296,5.70752,7.21034,138.69,15000,1116672,55.1472
Suite_14,Deferred_Volume,0,1234,4.84054,5.23421,0.854656,3.9073,5.0864,7.24601,138.007,15000,1112576,55.6474
Suite_14,Deferred_Volume,0,1235,4.84495,1.93615,0.846976,4.00371,5.17779,10.4937,95.2949,15000,1108992,56.1663
Suite_14,Deferred_Volume,0,1236,4.83306,1.93297,0.82944,3.9079,5.06224,7.18781,139.124,15000,1105792,56.7034
Suite_14,Deferred_Volume,0,1237,4.82367,1.94039,0.847616,3.45882,4.63587,7.16869,139.495,15000,1102976,57.2489
Suite_14,Deferred_Volume,0,1238,4.81354,1.92482,0.831552,5.35626,6.52493,7.17179,139.435,15000,1099264,57.7908
Suite_14,Deferred_Volume,0,1239,4.81079,2.01971,1.52371,3.27744,5.12627,7.14044,140.047,15000,1095424,58.3385
Suite_14,Deferred_Volume,0,1240,4.79319,1.87741,0.830048,4.0032,5.14669,7.25663,137.805,15000,1091456,58.0821
Suite_14,Deferred_Volume,0,1241,4.78795,1.92986,1.40547,3.41382,5.14218,7.07185,141.406,15000,1087104,58.6392
Suite_14,Deferred_Volume,0,1242,4.77818,1.87515,0.828128,3.93011,5.10362,7.11848,140.48,15000,1083136,59.2312
Suite_14,Deferred_Volume,0,1243,4.76844,1.91895,1.45402,3.40362,5.17424,7.04948,141.855,15000,1078656,59.7905
Suite_14,Deferred_Volume,0,1244,4.75688,1.89546,0.82368,3.91574,5.07859,7.08737,141.096,15000,1075072,60.3567
Suite_14,Deferred_Volume,0,1245,4.76222,1.95145,1.72893,3.27885,5.33094,7.05249,141.794,15000,1070848,60.4934
Suite_14,Deferred_Volume,0,1246,4.73784,1.89877,0.819456,3.85402,5.01555,7.11927,140.464,15000,1066240,61.0668
Suite_14,Deferred_Volume,0,1247,4.72621,1.91184,1.25338,3.28378,4.86909,7.02277,142.394,15000,1060736,61.6382
Suite_14,Deferred_Volume,0,1248,4.74407,1.96553,0.815104,3.88301,5.03091,7.01929,142.464,15000,1056384,62.1967
Suite_14,Deferred_Volume,0,1249,4.70995,1.95023,1.30618,3.25869,4.87786,7.11455,140.557,15000,1052800,62.7911
Suite_14,Deferred_Volume,0,1250,4.6902,1.87589,0.811296,3.9424,5.07683,7.05187,141.806,15000,1048960,63.357
Suite_14,Deferred_Volume,0,1251,4.67893,1.88553,1.71645,3.2632,5.29408,6.96869,143.499,15000,1043456,63.3651
Suite_14,Deferred_Volume,0,1252,4.66327,1.85329,0.815104,3.93171,5.06691,6.96408,143.594,15000,1039104,63.9677
Suite_14,Deferred_Volume,0,1253,4.66113,1.89037,1.63674,3.25235,5.20106,6.89294,145.076,15000,1034496,64.1585
Suite_14,Deferred_Volume,0,1254,4.64457,1.82374,0.81104,3.94458,5.07494,6.94651,143.957,15000,1029888,64.7614
Suite_14,Deferred_Volume,0,1255,4.63894,1.8854,1.55034,3.2497,5.12218,6.83916,146.217,15000,1025152,65.3437
Suite_14,Deferred_Volume,0,1256,4.63004,1.81721,0.804352,3.83418,4.9704,6.8938,145.058,15000,1020800,65.948
Suite_14,Deferred_Volume,0,1257,4.62023,1.85674,1.56781,3.24294,5.13638,6.83184,146.373,15000,1017088,65.7951
Suite_14,Deferred_Volume,0,1258,4.6017,1.79195,0.805088,3.87504,5.02989,6.85952,145.783,15000,1011840,66.4285
Suite_14,Deferred_Volume,0,1259,4.58865,4.36482,3.94554,3.76237,8.02611,6.76686,147.779,15000,1005696,67.0671
Suite_14,Deferred_Volume,0,1260,4.59768,1.79211,0.796672,4.48102,5.60128,9.31822,107.317,15000,1001344,67.7572
Suite_14,Deferred_Volume,0,1261,4.57331,1.83525,0.796672,3.88637,5.00202,6.79506,147.166,15000,996992,68.4096
Suite_14,Deferred_Volume,0,1262,4.5518,1.77215,0.794624,4.42544,5.54358,6.77643,147.57,15000,989312,69.0358
Suite_14,Deferred_Volume,0,1263,4.54088,1.79174,0.794816,3.76013,4.87834,6.68452,149.599,15000,983296,69.4717
Suite_14,Deferred_Volume,0,1264,4.52164,1.74824,2.33581,4.4487,7.11133,6.68769,149.529,15000,977792,70.1383
Suite_14,Deferred_Volume,0,1265,4.51534,2.00614,0.78336,3.84042,4.95002,6.64135,150.572,15000,972160,70.8094
Suite_14,Deferred_Volume,0,1266,4.50544,1.7321,0.78848,4.47789,5.59312,6.87587,145.436,15000,967808,70.9381
Suite_14,Deferred_Volume,0,1267,4.49748,2.0713,0.796672,3.84794,4.96285,6.59237,151.691,15000,962304,71.493
Suite_14,Deferred_Volume,0,1268,4.47797,1.72496,0.779808,3.99328,5.09594,6.92062,144.496,15000,957952,72.026
Suite_14,Deferred_Volume,0,1269,4.4745,1.78103,0.7696,3.25162,4.34448,6.55911,152.46,15000,953984,71.6417
Suite_14,Deferred_Volume,0,1270,4.46134,1.72704,2.87706,3.91184,7.11302,6.63218,150.78,15000,948352,71.5058
Suite_14,Deferred_Volume,0,1271,4.44214,2.03856,0.759968,3.31779,4.39715,6.55165,152.633,15000,941952,72.0512
Suite_14,Deferred_Volume,0,1272,4.43063,1.70341,0.75824,3.85843,4.96589,6.83938,146.212,15000,936576,72.5918
Suite_14,Deferred_Volume,0,1273,4.41513,2.14649,1.38586,3.30723,5.03747,6.49943,153.86,15000,931584,72.8416
Suite_14,Deferred_Volume,0,1274,4.40848,1.72597,0.761856,3.85434,4.9295,6.90068,144.913,15000,927360,73.361
Suite_14,Deferred_Volume,0,1275,4.407,2.28927,0.774144,3.2911,4.37462,6.47544,154.43,15000,922624,73.7636
Suite_14,Deferred_Volume,0,1276,4.38635,1.69434,2.89693,3.22957,6.45286,7.03219,142.203,15000,916992,74.2433
Suite_14,Deferred_Volume,0,1277,4.36682,1.7871,0.79872,3.71427,4.83139,6.42416,155.662,15000,910336,74.7125
Suite_14,Deferred_Volume,0,1278,4.36423,1.66951,0.775936,3.80368,4.89245,6.48731,154.147,15000,906624,75.1713
Suite_14,Deferred_Volume,0,1279,4.34296,2.28246,0.791616,3.65949,5.39526,6.37657,156.824,15000,902784,74.8886
Suite_14,Deferred_Volume,0,1280,4.3363,1.66883,0.784512,3.7679,4.87014,6.96668,143.54,15000,896128,75.2926
Suite_14,Deferred_Volume,0,1281,4.32019,2.22523,0.786656,3.73488,4.8416,6.35977,157.238,15000,890112,75.6569
Suite_14,Deferred_Volume,0,1282,4.31245,1.6811,2.86739,4.27846,7.46618,6.87371,145.482,15000,883840,75.8954
Suite_14,Deferred_Volume,0,1283,4.29596,2.33475,0.768,3.70074,4.7847,6.33752,157.79,15000,878336,76.2367
Suite_14,Deferred_Volume,0,1284,4.2817,1.66164,0.785184,4.27152,5.37997,6.95752,143.729,15000,872704,74.3286
Suite_14,Deferred_Volume,0,1285,4.27054,2.36309,0.770048,3.65158,4.74006,6.26716,159.562,15000,867200,74.6945
Suite_14,Deferred_Volume,0,1286,4.25487,1.61848,0.755712,4.33261,5.4064,6.95441,143.794,15000,861696,75.0807
Suite_14,Deferred_Volume,0,1287,4.2404,2.33707,0.755712,3.62086,4.69859,6.21295,160.954,15000,856704,74.8439
Suite_14,Deferred_Volume,0,1288,4.2285,3.89273,3.38112,3.64624,7.33754,6.90844,144.751,15000,851456,75.1345
Suite_14,Deferred_Volume,0,1289,4.24576,1.64152,0.737568,4.29827,5.35347,8.45449,118.28,15000,846336,74.334
Suite_14,Deferred_Volume,0,1290,4.2039,2.23457,0.747808,3.61677,4.68173,6.20929,161.049,15000,840448,73.4643
Suite_14,Deferred_Volume,0,1291,4.18506,1.58934,2.32915,4.26064,6.90794,6.75209,148.102,15000,834688,73.7918
Suite_14,Deferred_Volume,0,1292,4.18079,2.44267,0.728448,3.5904,4.64125,6.09606,164.04,15000,829312,74.1403
Suite_14,Deferred_Volume,0,1293,4.1712,1.64175,0.73328,3.68813,4.74058,6.94544,143.979,15000,824960,74.523
Suite_14,Deferred_Volume,0,1294,4.15795,1.75004,0.733376,3.20717,4.82707,6.11774,163.459,15000,820096,74.9312
Suite_14,Deferred_Volume,0,1295,4.14133,1.56617,0.714784,3.6873,4.71373,6.22149,160.733,15000,815744,75.376
Suite_14,Deferred_Volume,0,1296,4.12697,2.60432,0.696704,3.16752,4.18202,6.0036,166.567,15000,811136,75.6799
Suite_14,Deferred_Volume,0,1297,4.11792,1.56234,3.2983,3.24403,6.8591,7.0449,141.947,15000,806272,74.9319
Suite_14,Deferred_Volume,0,1298,4.10514,2.16859,0.698368,3.66298,4.68266,5.98216,167.164,15000,801408,75.2867
Suite_14,Deferred_Volume,0,1299,4.09751,1.54419,0.692224,3.76176,4.77584,6.60409,151.421,15000,796672,74.3499
Suite_14,Deferred_Volume,0,1300,4.08574,2.69973,0.704672,3.71507,5.35347,5.93254,168.562,15000,792576,74.4693
Suite_14,Deferred_Volume,0,1301,4.07778,1.54151,0.680704,4.28646,5.29542,7.09245,140.995,15000,787584,74.8491
Suite_14,Deferred_Volume,0,1302,4.05619,2.80686,0.6656,3.70842,4.69274,5.90906,169.232,15000,781184,73.893
Suite_14,Deferred_Volume,0,1303,4.05179,1.54881,1.32045,5.73152,7.36877,7.15944,139.676,15000,776576,74.322
Suite_14,Deferred_Volume,0,1304,4.04092,2.83117,0.65408,3.67968,4.65306,5.89041,169.767,15000,771584,74.792
Suite_14,Deferred_Volume,0,1305,4.02825,1.54262,0.646912,4.29616,5.25517,7.16144,139.637,15000,765568,74.9546
Suite_14,Deferred_Volume,0,1306,4.00845,2.8353,0.655712,3.65075,4.62771,5.85306,170.851,15000,759808,75.4986
Suite_14,Deferred_Volume,0,1307,3.99454,1.50435,0.634272,3.76954,4.7287,7.13175,140.218,15000,754432,75.8606
Suite_14,Deferred_Volume,0,1308,3.98657,2.25942,0.632896,3.2217,4.19226,5.77923,173.033,15000,749952,76.2237
Suite_14,Deferred_Volume,0,1309,3.96714,1.50342,1.30864,5.06266,6.69955,6.53081,153.12,15000,744320,76.4748
Suite_14,Deferred_Volume,0,1310,3.96122,2.33362,0.633184,3.62291,4.58138,5.75455,173.776,15000,737536,77.0782
Suite_14,Deferred_Volume,0,1311,3.94384,1.48147,0.649664,3.64506,4.62029,6.58341,151.897,15000,733184,77.7114
Suite_14,Deferred_Volume,0,1312,3.92966,1.49876,2.75046,4.27008,7.34288,5.69437,175.612,15000,729344,78.3721
Suite_14,Deferred_Volume,0,1313,3.92822,2.99637,0.618496,3.67296,4.60806,5.69788,175.504,15000,724352,79.1496
Suite_14,Deferred_Volume,0,1314,3.91356,1.48115,0.624608,5.67891,6.61984,7.24449,138.036,15000,719360,78.9056
Suite_14,Deferred_Volume,0,1315,3.8964,2.9047,0.636928,3.64653,4.7175,5.65961,176.69,15000,712448,79.449
Suite_14,Deferred_Volume,0,1316,3.88239,1.47289,0.61616,5.08109,6.02122,7.12361,140.378,15000,707072,80.0092
Suite_14,Deferred_Volume,0,1317,3.87436,2.42852,0.612352,3.03296,3.96688,5.62085,177.909,15000,702464,80.9894
Suite_14,Deferred_Volume,0,1318,3.86389,1.46967,0.61872,3.584,4.52198,6.61957,151.067,15000,699136,82.0634
Suite_14,Deferred_Volume,0,1319,3.84334,1.44897,0.596992,3.6401,4.55494,5.66006,176.677,15000,693504,81.6913
Suite_14,Deferred_Volume,0,1320,3.82543,2.37486,0.617696,3.52883,4.46451,5.56345,179.745,15000,688384,80.1358
Suite_14,Deferred_Volume,0,1321,3.83512,1.50029,1.25338,5.51904,7.08595,6.47162,154.521,15000,683136,78.4385
Suite_14,Deferred_Volume,0,1322,3.82035,2.79139,0.588032,3.51648,4.42368,5.605,178.412,15000,678912,79.7498
Suite_14,Deferred_Volume,0,1323,3.81781,1.53161,0.593216,5.53309,6.44301,6.93014,144.297,15000,673920,81.2439
Suite_14,Deferred_Volume,0,1324,3.81636,3.71456,1.43798,3.4729,5.232,5.60817,178.311,15000,668288,81.8963
Suite_14,Deferred_Volume,0,1325,3.79324,1.45203,0.598208,3.63158,4.54666,7.78399,128.469,15000,664192,83.6053
Suite_14,Deferred_Volume,0,1326,3.76811,2.23464,0.589568,2.99971,3.90144,5.51842,181.211,15000,658560,85.4401
Suite_14,Deferred_Volume,0,1327,3.75284,1.40639,0.592256,3.52061,4.99907,6.33533,157.845,15000,653568,87.4314
Suite_14,Deferred_Volume,0,1328,3.73005,1.40092,0.605792,3.49011,4.42163,5.40831,184.901,15000,648064,89.5579
Suite_14,Deferred_Volume,0,1329,3.72682,2.4566,0.5864,3.43984,4.3479,5.38458,185.716,15000,643840,91.8635
Suite_14,Deferred_Volume,0,1330,3.71651,1.37384,0.592448,5.44973,6.35904,6.4746,154.45,15000,638592,94.3503
Suite_14,Deferred_Volume,0,1331,3.7058,2.8795,0.604384,3.41379,4.44627,5.32726,187.714,15000,633856,96.9977
Suite_14,Deferred_Volume,0,1332,3.69457,1.37028,0.601088,4.84893,5.76912,6.87644,145.424,15000,629632,99.9092
Suite_14,Deferred_Volume,0,1333,3.68185,2.36796,0.595968,2.77814,3.68525,5.31685,188.081,15000,624256,102.988
Suite_14,Deferred_Volume,0,1334,3.66717,1.34891,0.589824,3.29318,4.19117,6.39072,156.477,15000,617984,106.282
Suite_14,Deferred_Volume,0,1335,3.64262,1.35468,2.20941,3.79904,6.31712,5.24671,190.596,15000,613632,109.801
Suite_14,Deferred_Volume,0,1336,3.63638,2.2831,0.598016,3.21638,4.12451,5.23226,191.122,15000,609792,113.78
Suite_14,Deferred_Volume,0,1337,3.63129,1.40772,0.60416,4.65101,5.5681,6.23342,160.425,15000,605056,117.834
Suite_14,Deferred_Volume,0,1338,3.63621,2.04868,0.597152,2.58125,3.48842,5.28521,189.207,15000,600192,122.497
Suite_14,Deferred_Volume,0,1339,3.61827,1.35814,1.20269,3.20502,4.72883,6.02348,166.017,15000,595712,127.552
Suite_14,Deferred_Volume,0,1340,3.59914,1.32906,0.579584,3.81206,4.70781,5.19958,192.323,15000,592512,132.757
Suite_14,Deferred_Volume,0,1341,3.58848,2.28293,0.576864,3.22365,4.11443,5.15421,194.016,15000,588544,138.972
Suite_14,Deferred_Volume,0,1342,3.61898,1.39792,0.59264,4.61619,5.51936,6.21746,160.837,15000,583296,145.429
Suite_14,Deferred_Volume,0,1343,3.58023,2.08445,0.616448,2.52518,4.12877,5.24286,190.736,15000,579456,154.306
Suite_14,Deferred_Volume,0,1344,3.56247,1.31359,0.622336,3.08646,4.0249,5.98428,167.104,15000,575360,159.879
Suite_14,Deferred_Volume,0,1345,3.53421,1.29533,0.635488,3.71165,4.66125,5.1533,194.05,15000,569856,162.802
Suite_14,Deferred_Volume,0,1346,3.54102,2.27953,0.585696,3.27078,4.16925,5.04932,198.047,15000,565888,160.952
Suite_14,Deferred_Volume,0,1347,3.51996,1.31004,1.18525,4.91523,6.4232,6.03852,165.604,15000,560000,165.4
Suite_14,Deferred_Volume,0,1348,3.52056,2.56173,0.5312,2.88358,3.73738,5.03986,198.418,15000,555520,167.221
Suite_14,Deferred_Volume,0,1349,3.50474,1.28252,0.551552,3.40173,4.27635,6.40457,156.138,15000,552448,171.098
Suite_14,Deferred_Volume,0,1350,3.48068,1.31747,0.524288,5.48861,6.32646,5.00704,199.719,15000,547712,175.071
Suite_14,Deferred_Volume,0,1351,3.47808,3.20556,0.534016,3.46582,4.4992,5.11118,195.649,15000,543360,177.346
Suite_14,Deferred_Volume,0,1352,3.46766,1.29042,0.514048,3.47136,4.32826,6.89819,144.965,15000,539392,176.296
Suite_14,Deferred_Volume,0,1353,3.44418,1.44646,0.503808,3.50618,4.3241,4.97966,200.817,15000,534272,172.221
Suite_14,Deferred_Volume,0,1354,3.43426,3.16037,0.49408,2.87744,3.69434,5.25064,190.453,15000,528512,164.522
Suite_14,Deferred_Volume,0,1355,3.43172,1.2787,0.689408,3.33235,4.34582,6.81252,146.789,15000,523520,162.438
Suite_14,Deferred_Volume,0,1356,3.42191,1.2759,0.477184,3.95741,4.75171,4.91734,203.362,15000,519552,160.236
Suite_14,Deferred_Volume,0,1357,3.41592,3.12451,0.469952,2.70275,4.05821,4.90098,204.041,15000,515584,157.906
Suite_14,Deferred_Volume,0,1358,3.40453,1.2556,0.467232,4.2495,5.03754,6.89511,145.03,15000,512256,155.177
Suite_14,Deferred_Volume,0,1359,3.38714,1.98231,0.500352,2.66838,4.68307,4.85892,205.807,15000,508032,151.039
Suite_14,Deferred_Volume,0,1360,3.37469,1.36821,0.455072,3.33414,4.104,5.71906,174.854,15000,504448,148.62
Suite_14,Deferred_Volume,0,1361,3.35566,1.23523,0.464064,5.32266,6.10173,5.0972,196.186,15000,500352,146.396
Suite_14,Deferred_Volume,0,1362,3.35235,3.37328,0.46464,2.7177,4.08515,4.78083,209.169,15000,495744,144.653
Suite_14,Deferred_Volume,0,1363,3.34956,1.25178,1.12083,4.19949,5.65658,6.91758,144.559,15000,490880,143.336
Suite_14,Deferred_Volume,0,1364,3.3343,2.23378,0.464768,3.21859,4.00006,4.78756,208.875,15000,485760,140.389
Suite_14,Deferred_Volume,0,1365,3.33593,1.39028,0.4608,3.2256,4.00195,5.90897,169.234,15000,482432,139.916
Suite_14,Deferred_Volume,0,1366,3.31224,1.21184,0.46432,3.91066,4.69104,5.12325,195.189,15000,478592,140.328
Suite_14,Deferred_Volume,0,1367,3.3096,3.49022,0.468992,2.68432,4.0513,4.70604,212.493,15000,475520,139.565
Suite_14,Deferred_Volume,0,1368,3.29891,1.22527,1.1223,4.10611,5.56794,7.0418,142.009,15000,471424,139.381
Suite_14,Deferred_Volume,0,1369,3.28263,2.12306,0.499712,3.17645,3.99974,4.70945,212.339,15000,466944,142.341
Suite_14,Deferred_Volume,0,1370,3.27433,1.43212,0.476064,3.20432,3.99155,5.77723,173.093,15000,462720,146.183
Suite_14,Deferred_Volume,0,1371,3.24718,3.43916,0.467776,3.26042,4.04685,5.08506,196.655,15000,458880,151.567
Suite_14,Deferred_Volume,0,1372,3.26206,1.20082,0.48128,4.62029,5.41021,6.86655,145.634,15000,455552,158.726
Suite_14,Deferred_Volume,0,1373,3.26626,2.76292,0.489248,2.57574,4.06038,4.63932,215.549,15000,451840,167.927
Suite_14,Deferred_Volume,0,1374,3.23744,1.43751,0.485376,3.12317,3.9303,6.35376,157.387,15000,447488,179.744
Suite_14,Deferred_Volume,0,1375,3.21931,1.18637,0.479552,3.77277,4.56704,5.05451,197.843,15000,444416,194.813
Suite_14,Deferred_Volume,0,1376,3.20826,2.84046,0.474528,2.58416,3.9487,4.57587,218.538,15000,438912,212.974
Suite_14,Deferred_Volume,0,1377,3.18913,1.16741,0.466816,4.07805,4.85581,6.32779,158.033,15000,435712,236.702
Suite_14,Deferred_Volume,0,1378,3.16906,2.20513,0.507168,2.53229,4.54042,4.52703,220.895,15000,432256,265.949
Suite_14,Deferred_Volume,0,1379,3.16967,1.40947,0.459616,3.1232,3.90051,5.75085,173.887,15000,426368,299.983
Suite_14,Deferred_Volume,0,1380,3.15507,1.1512,0.454336,4.62835,5.39702,4.94596,202.185,15000,423680,337.221
Suite_14,Deferred_Volume,0,1381,3.16511,2.87898,0.447488,2.49856,3.24813,4.47387,223.52,15000,418816,371.535
Suite_14,Deferred_Volume,0,1382,3.15419,1.14508,0.47296,3.00947,3.79494,6.31732,158.295,15000,414976,395.596
Suite_14,Deferred_Volume,0,1383,3.11355,1.17528,0.45424,4.94288,5.83523,4.45879,224.276,15000,410880,400.609
Suite_14,Deferred_Volume,0,1384,3.11407,2.94252,0.448512,3.03718,3.81315,4.62565,216.186,15000,408064,385.215
Suite_14,Deferred_Volume,0,1385,3.12388,1.16436,0.446464,3.86048,4.64173,6.21722,160.844,15000,404736,354.284
Suite_14,Deferred_Volume,0,1386,3.11367,2.07829,0.446656,2.88973,3.65005,4.44773,224.834,15000,401280,316.626
Suite_14,Deferred_Volume,0,1387,3.10161,1.22933,0.434176,2.83443,3.57034,5.61295,178.159,15000,397056,278.868
Suite_14,Deferred_Volume,0,1388,3.07625,1.13176,2.53562,2.93776,5.79789,4.73539,211.176,15000,393856,243.88
Suite_14,Deferred_Volume,0,1389,3.06241,2.72008,0.4072,2.31722,3.0304,4.36902,228.884,15000,390528,216.085
Suite_14,Deferred_Volume,0,1390,3.0612,1.10835,0.393248,2.78358,3.4816,5.93671,168.443,15000,386048,193.602
Suite_14,Deferred_Volume,0,1391,3.03206,1.10458,0.387264,2.8631,3.56762,4.32101,231.428,15000,382080,171.813
Suite_14,Deferred_Volume,0,1392,3.02681,2.22961,0.37888,2.24173,2.92499,4.28496,233.374,15000,378112,157.388
Suite_14,Deferred_Volume,0,1393,3.02531,1.12806,0.363136,2.72195,3.39968,5.66146,176.633,15000,374272,145.658
Suite_14,Deferred_Volume,0,1394,3.02527,1.13859,2.45347,2.78365,5.54755,4.30361,232.363,15000,370048,135.407
Suite_14,Deferred_Volume,0,1395,3.00896,2.02557,0.354432,2.19462,2.85651,4.31417,231.794,15000,366464,127.751
Suite_14,Deferred_Volume,0,1396,2.99752,1.08229,0.3456,2.7095,3.36829,5.44024,183.815,15000,362880,121.277
Suite_14,Deferred_Volume,0,1397,2.95893,1.07411,0.34848,2.78829,3.44579,4.23288,236.246,15000,358656,115.754
Suite_14,Deferred_Volume,0,1398,2.96699,2.16431,0.3424,2.23418,2.88691,4.17478,239.534,15000,354048,111.39
Suite_14,Deferred_Volume,0,1399,2.99474,1.14885,0.356352,2.71171,3.38275,5.55498,180.019,15000,350208,107.368
Suite_14,Deferred_Volume,0,1400,2.95761,1.08808,2.4576,2.80576,5.57562,4.30481,232.298,15000,346624,104.218
Suite_14,Deferred_Volume,0,1401,2.93841,2.24838,0.36832,2.14995,2.82419,4.18873,238.736,15000,342144,101.725
Suite_14,Deferred_Volume,0,1402,2.93388,1.05863,0.369984,2.61782,3.29946,5.57783,179.281,15000,339584,99.7898
Suite_14,Deferred_Volume,0,1403,2.90995,1.06092,0.358784,2.7232,3.39498,4.13592,241.784,15000,336384,98.0278
Suite_14,Deferred_Volume,0,1404,2.91095,2.14732,0.357696,2.10515,2.77299,4.10457,243.631,15000,333312,94.5513
Suite_14,Deferred_Volume,0,1405,2.92634,1.06139,0.35232,2.59802,3.27475,5.4975,181.901,15000,330368,93.0669
Suite_14,Deferred_Volume,0,1406,2.88399,1.06248,2.47373,2.65651,5.44723,4.12155,242.627,15000,326528,89.2813
Suite_14,Deferred_Volume,0,1407,2.88874,2.14356,0.358688,2.06042,2.73331,4.07655,245.305,15000,322688,88.1402
Suite_14,Deferred_Volume,0,1408,2.90238,1.0498,0.34944,2.50253,3.15802,5.45789,183.221,15000,319616,84.2193
Suite_14,Deferred_Volume,0,1409,2.86326,1.04861,0.358016,2.63027,3.3239,4.08266,244.939,15000,316288,83.3807
Suite_14,Deferred_Volume,0,1410,2.85481,2.06944,0.35824,2.01898,2.69299,4.03877,247.6,15000,313472,80.2009
Suite_14,Deferred_Volume,0,1411,2.85558,1.03298,0.35392,2.47814,3.14314,5.35363,186.789,15000,310656,77.045
Suite_14,Deferred_Volume,0,1412,2.81989,1.01857,0.365088,2.06525,2.74554,4.02105,248.691,15000,306688,75.4344
Suite_14,Deferred_Volume,0,1413,2.8142,1.60805,0.356544,2.43712,3.67821,3.96495,252.21,15000,304256,74.9054
Suite_14,Deferred_Volume,0,1414,2.82167,1.0343,0.360032,3.94675,4.61824,4.85009,206.182,15000,302080,73.9506
Suite_14,Deferred_Volume,0,1415,2.83179,2.13891,0.356352,1.81981,2.48832,4.12851,242.218,15000,299392,71.5514
Suite_14,Deferred_Volume,0,1416,2.82333,1.04136,0.347328,2.39094,3.04349,5.12649,195.065,15000,296064,71.2118
Suite_14,Deferred_Volume,0,1417,2.8001,1.02075,0.352288,3.91632,4.57933,3.98874,250.705,15000,293888,71.0848
Suite_14,Deferred_Volume,0,1418,2.79376,2.15057,0.346112,1.79856,2.46019,3.99069,250.584,15000,290048,70.9621
Suite_14,Deferred_Volume,0,1419,2.7873,1.01342,0.337632,2.3952,3.04128,5.065,197.433,15000,287360,70.9111
Suite_14,Deferred_Volume,0,1420,2.75701,1.00702,0.98464,3.28941,4.58138,3.91959,255.129,15000,284544,70.5441
Suite_14,Deferred_Volume,0,1421,2.75217,1.38819,0.333824,2.31629,2.96109,3.88591,257.34,15000,281472,70.4555
Suite_14,Deferred_Volume,0,1422,2.75769,1.02534,0.333792,1.75718,2.97453,4.56307,219.151,15000,277888,70.2811
Suite_14,Deferred_Volume,0,1423,2.75303,0.998603,0.321504,1.81517,2.44851,4.051,246.852,15000,273920,70.0913
Suite_14,Deferred_Volume,0,1424,2.72959,1.73183,0.316256,2.22522,2.85264,3.86476,258.748,15000,270464,70.1663
Suite_14,Deferred_Volume,0,1425,2.72506,1.00494,0.321504,3.14198,3.79894,4.57864,218.406,15000,267008,70.2703
Suite_14,Deferred_Volume,0,1426,2.71768,1.25573,0.346112,2.22483,2.88358,3.8432,260.2,15000,263680,68.5795
Suite_14,Deferred_Volume,0,1427,2.70289,1.00744,0.32144,1.6031,2.23626,4.39679,227.439,15000,260096,66.6536
Suite_14,Deferred_Volume,0,1428,2.67506,0.858856,2.37363,1.69302,4.37677,3.97836,251.36,15000,255232,66.7702
Suite_14,Deferred_Volume,0,1429,2.66682,1.76152,0.320128,2.16192,2.79142,3.64141,274.619,15000,252416,66.4377
Suite_14,Deferred_Volume,0,1430,2.6638,0.836665,0.315648,3.07002,3.70189,4.53775,220.373,15000,249472,66.5394
Suite_14,Deferred_Volume,0,1431,2.66052,1.37346,0.313056,2.13853,2.76563,3.60399,277.47,15000,247808,64.7692
Suite_14,Deferred_Volume,0,1432,2.65908,0.86386,0.311296,1.54813,2.17728,4.44149,225.149,15000,245120,62.7264
Suite_14,Deferred_Volume,0,1433,2.6419,0.830319,0.317376,3.5881,4.21725,3.89473,256.757,15000,242432,62.9894
Suite_14,Deferred_Volume,0,1434,2.62301,2.06866,0.30464,1.57738,2.2016,3.57291,279.884,15000,239232,63.2548
Suite_14,Deferred_Volume,0,1435,2.62475,0.947974,0.300032,2.9863,3.59741,4.79388,208.599,15000,236544,60.9276
Suite_14,Deferred_Volume,0,1436,2.60873,1.33675,0.300896,2.00138,2.77987,3.67111,272.397,15000,233472,61.1345
Suite_14,Deferred_Volume,0,1437,2.60934,0.940971,0.284672,2.8951,3.49184,4.32425,231.254,15000,229888,61.4091
Suite_14,Deferred_Volume,0,1438,2.59046,1.07534,0.280384,1.91424,2.51072,3.65311,273.739,15000,226944,61.6526
Suite_14,Deferred_Volume,0,1439,2.58127,0.843305,0.284928,1.32637,1.92624,4.06447,246.035,15000,223488,57.6182
Suite_14,Deferred_Volume,0,1440,2.5801,0.841969,0.290432,3.36717,3.97456,3.61986,276.254,15000,222464,57.9134
Suite_14,Deferred_Volume,0,1441,2.57636,1.96725,0.288768,1.31994,1.94822,3.55139,281.58,15000,219136,55.5397
Suite_14,Deferred_Volume,0,1442,2.56022,0.825935,0.284672,2.85082,3.44774,4.64313,215.372,15000,216320,55.7175
Suite_14,Deferred_Volume,0,1443,2.55075,1.24973,0.290816,1.91488,2.52704,3.47874,287.461,15000,213504,53.7121
Suite_14,Deferred_Volume,0,1444,2.55363,0.825,0.289056,2.85389,3.45674,4.18837,238.757,15000,211200,52.4703
Suite_14,Deferred_Volume,0,1445,2.53242,1.19049,0.294112,1.92442,2.6992,3.47763,287.552,15000,208896,52.9462
Suite_14,Deferred_Volume,0,1446,2.52841,0.910348,0.262144,2.6271,3.19632,4.1221,242.595,15000,206208,53.527
Suite_14,Deferred_Volume,0,1447,2.51457,0.930056,0.275808,1.73469,2.31651,3.52676,283.546,15000,203520,54.4379
Suite_14,Deferred_Volume,0,1448,2.5151,0.900742,0.279968,1.13005,1.71722,3.78572,264.151,15000,201728,56.1535
Suite_14,Deferred_Volume,0,1449,2.49028,0.877992,0.280576,1.6937,2.2817,3.50718,285.129,15000,198912,59.9129
Suite_14,Deferred_Volume,0,1450,2.46941,0.884729,0.264768,1.29024,1.86358,3.45312,289.593,15000,197376,60.1482
Suite_14,Deferred_Volume,0,1451,2.47473,1.03336,0.260096,1.67786,2.24803,3.44254,290.483,15000,194048,60.3871
Suite_14,Deferred_Volume,0,1452,2.48133,0.791235,0.246368,1.29075,1.8432,3.59306,278.314,15000,191872,50.3373
Suite_14,Deferred_Volume,0,1453,2.46449,1.05154,0.235584,1.6681,2.21376,3.36022,297.599,15000,189056,49.7101
Suite_14,Deferred_Volume,0,1454,2.46205,2.978,0.233472,1.09568,1.64874,3.60117,277.687,15000,186112,49.7055
Suite_14,Deferred_Volume,0,1455,2.49106,0.837213,0.376256,2.58685,3.26381,5.5266,180.943,15000,182656,49.899
Suite_14,Deferred_Volume,0,1456,2.45429,0.962959,0.231008,1.09792,1.6224,3.42077,292.331,15000,180224,49.3755
Suite_14,Deferred_Volume,0,1457,2.43317,0.800789,0.213664,2.57334,3.08573,3.53051,283.245,15000,177408,48.7174
Suite_14,Deferred_Volume,0,1458,2.42083,1.03404,0.213728,1.04342,1.58272,3.31265,301.873,15000,174720,48.8035
Suite_14,Deferred_Volume,0,1459,2.41776,0.834785,0.210144,2.52317,3.03581,3.53637,282.776,15000,172416,48.8797
Suite_14,Deferred_Volume,0,1460,2.40233,1.07479,0.209792,1.01677,1.55002,3.33125,300.188,15000,169472,49.0288
Suite_14,Deferred_Volume,0,1461,2.39653,0.865618,0.200544,2.51085,3.0167,3.55753,281.094,15000,167296,49.1933
Suite_14,Deferred_Volume,0,1462,2.38466,1.11868,0.202752,1.00352,1.5265,3.33947,299.449,15000,165120,48.0916
Suite_14,Deferred_Volume,0,1463,2.38833,0.868059,0.196512,2.49565,2.9991,3.57952,279.367,15000,162944,47.7497
Suite_14,Deferred_Volume,0,1464,2.37256,1.12295,0.200096,0.989184,1.47952,3.33464,299.883,15000,160896,47.8399
Suite_14,Deferred_Volume,0,1465,2.35958,0.80009,0.19456,2.4735,2.9777,3.56961,280.143,15000,158080,47.9587
Suite_14,Deferred_Volume,0,1466,2.35616,1.26093,0.197088,0.97808,1.47811,3.23257,309.352,15000,154752,48.0886
Suite_14,Deferred_Volume,0,1467,2.34685,0.818854,1.07638,2.4848,3.85795,3.68822,271.133,15000,152960,47.9938
Suite_14,Deferred_Volume,0,1468,2.357,1.11092,0.19872,0.9728,1.47251,3.23596,309.028,15000,150912,48.1203
Suite_14,Deferred_Volume,0,1469,2.34643,0.802343,0.187552,2.4704,2.95149,3.68525,271.352,15000,149376,48.1143
Suite_14,Deferred_Volume,0,1470,2.33178,1.2327,0.191392,0.961344,1.45142,3.21972,310.586,15000,147584,48.2027
Suite_14,Deferred_Volume,0,1471,2.31733,0.790529,0.186944,2.45142,2.9344,3.73473,267.757,15000,145280,46.4377
Suite_14,Deferred_Volume,0,1472,2.31067,1.16667,0.187744,0.95216,1.43536,3.17502,314.959,15000,142848,46.5263
Suite_14,Deferred_Volume,0,1473,2.29584,0.829798,0.176128,0.94208,2.91389,3.74901,266.737,15000,140160,46.6118
Suite_14,Deferred_Volume,0,1474,2.31459,1.10209,0.172224,0.940896,1.40902,3.1931,313.175,15000,138496,45.9619
Suite_14,Deferred_Volume,0,1475,2.30641,0.872418,0.160032,0.92928,2.89117,3.73968,267.403,15000,135296,45.8643
Suite_14,Deferred_Volume,0,1476,2.29679,1.20166,0.141312,0.913312,1.35373,3.24431,308.232,15000,134016,45.9395
Suite_14,Deferred_Volume,0,1477,2.2764,0.855531,0.13872,0.905632,2.84531,3.66867,272.578,15000,132096,46.0221
Suite_14,Deferred_Volume,0,1478,2.26884,1.25115,0.149504,0.876544,1.4393,3.19638,312.854,15000,129664,45.7482
Suite_14,Deferred_Volume,0,1479,2.25741,0.79587,0.16112,0.906816,1.49546,3.68359,271.474,15000,128000,45.4676
Suite_14,Deferred_Volume,0,1480,2.24085,0.755519,0.17408,0.908896,1.55354,3.11525,321.002,15000,125824,45.0891
Suite_14,Deferred_Volume,0,1481,2.2385,0.79901,0.795488,0.894656,2.54349,3.05871,326.935,15000,123008,45.1321
Suite_14,Deferred_Volume,0,1482,2.23085,0.766515,0.167968,0.842944,1.48874,3.10005,322.575,15000,121344,43.5176
Suite_14,Deferred_Volume,0,1483,2.22623,0.806896,0.155776,0.851008,1.86573,3.0554,327.29,15000,119296,43.585
Suite_14,Deferred_Volume,0,1484,2.21469,0.811406,0.147456,0.813792,1.43661,3.09209,323.406,15000,116992,40.077
Suite_14,Deferred_Volume,0,1485,2.19673,0.818872,0.147456,0.799648,1.26701,3.08477,324.173,15000,114432,40.1647
Suite_14,Deferred_Volume,0,1486,2.19681,0.751025,0.141312,0.792576,1.34429,3.07471,325.233,15000,112384,40.2522
Suite_14,Deferred_Volume,0,1487,2.18891,0.756081,0.141504,0.75936,1.19398,3.00479,332.803,15000,110080,40.1317
Suite_14,Deferred_Volume,0,1488,2.18636,0.767934,0.14816,0.741376,1.18717,3.09982,322.599,15000,108288,40.2264
Suite_14,Deferred_Volume,0,1489,2.17535,0.743325,0.136512,0.735296,1.16979,3.01114,332.1,15000,106112,40.314
Suite_14,Deferred_Volume,0,1490,2.16516,0.743138,0.135168,0.746432,1.17965,2.97229,336.441,15000,103936,40.4144
Suite_14,Deferred_Volume,0,1491,2.15491,0.741873,0.129024,0.720512,1.14534,2.96085,337.741,15000,101888,40.2827
Suite_14,Deferred_Volume,0,1492,2.14185,0.77142,0.13296,0.710656,1.16333,2.94791,339.223,15000,99968,40.4037
Suite_14,Deferred_Volume,0,1493,2.1436,0.79096,0.130848,0.70608,1.1295,2.96869,336.849,15000,98048,40.528
Suite_14,Deferred_Volume,0,1494,2.13426,0.78437,0.128544,0.704864,1.1305,2.98568,334.932,15000,96384,38.4694
Suite_14,Deferred_Volume,0,1495,2.12719,0.747163,0.124768,0.717024,1.13843,2.97005,336.694,15000,94720,38.6748
Suite_14,Deferred_Volume,0,1496,2.12053,0.725555,0.128224,0.686176,1.1105,2.92407,341.99,15000,92672,38.8833
Suite_14,Deferred_Volume,0,1497,2.11295,0.738679,0.123072,0.714208,1.1264,2.89855,345,15000,91008,37.1489
Suite_14,Deferred_Volume,0,1498,2.10517,0.726118,0.120864,0.67152,1.08893,2.90706,343.991,15000,89344,37.3864
Suite_14,Deferred_Volume,0,1499,2.09245,0.7563,0.12224,0.664096,1.07914,2.87929,347.308,15000,87936,37.6231
Suite_14,Deferred_Volume,0,1500,2.10968,0.772201,0.957024,0.655136,1.90061,2.89921,344.922,15000,86784,37.3203
Suite_14,Deferred_Volume,0,1501,2.09831,1.03644,0.116736,0.649216,1.06179,2.93811,340.355,15000,85120,37.5477
Suite_14,Deferred_Volume,0,1502,2.07997,0.729665,0.112256,0.669088,1.07376,3.18047,314.419,15000,83712,37.7784
Suite_14,Deferred_Volume,0,1503,2.0822,0.712443,0.108544,0.632832,1.03466,2.85604,350.135,15000,82432,38.0112
Suite_14,Deferred_Volume,0,1504,2.06969,0.723757,0.104224,0.637504,1.03216,2.83997,352.116,15000,81152,38.2305
Suite_14,Deferred_Volume,0,1505,2.06591,0.722327,0.104192,0.581408,0.974368,2.84058,352.04,15000,79488,38.1872
Suite_14,Deferred_Volume,0,1506,2.05226,0.719558,0.103552,0.57584,0.973024,2.83263,353.028,15000,77952,38.409
Suite_14,Deferred_Volume,0,1507,2.05607,0.720957,0.100288,0.591872,0.982336,2.81787,354.878,15000,76160,37.5551
Suite_14,Deferred_Volume,0,1508,2.04377,0.705711,0.098304,0.565216,0.958048,2.82015,354.591,15000,74880,37.7612
Suite_14,Deferred_Volume,0,1509,2.0371,0.732243,0.094208,0.584672,1.01062,2.79325,358.006,15000,73472,37.3942
Suite_14,Deferred_Volume,0,1510,2.0358,0.722931,0.090816,0.557344,0.939616,2.81291,355.503,15000,72320,37.5758
Suite_14,Deferred_Volume,0,1511,2.01942,0.716872,0.088288,0.544768,0.9216,2.7999,357.156,15000,70272,37.7272
Suite_14,Deferred_Volume,0,1512,2.01658,0.715069,0.082816,0.555008,0.925792,2.77651,360.165,15000,68736,37.8387
Suite_14,Deferred_Volume,0,1513,2.01303,0.705893,0.084576,0.516,0.894464,2.77337,360.572,15000,67328,36.2314
Suite_14,Deferred_Volume,0,1514,2.00676,0.717725,0.083328,0.533248,0.917504,2.75936,362.402,15000,65920,35.873
Suite_14,Deferred_Volume,0,1515,1.99955,0.709311,0.078432,0.512,0.880288,2.76425,361.761,15000,64768,35.9597
Suite_14,Deferred_Volume,0,1516,1.98376,0.717083,0.076704,0.513568,0.874848,2.75431,363.067,15000,63104,35.6891
Suite_14,Deferred_Volume,0,1517,1.98613,0.71145,0.072224,0.53248,0.897024,2.74146,364.769,15000,61184,35.748
Suite_14,Deferred_Volume,0,1518,1.97582,0.711331,0.073728,0.50608,0.864352,2.7365,365.43,15000,59648,35.7883
Suite_14,Deferred_Volume,0,1519,1.97008,0.712719,0.066144,0.530432,0.891072,2.72444,367.048,15000,58752,31.6257
Suite_14,Deferred_Volume,0,1520,1.96237,0.702648,0.06624,0.497664,0.8536,2.71997,367.651,15000,56576,31.7281
Suite_14,Deferred_Volume,0,1521,1.94846,0.700003,0.067616,0.495776,0.855488,2.70224,370.063,15000,55040,31.8194
Suite_14,Deferred_Volume,0,1522,1.94666,0.704761,0.082016,0.488608,0.862464,2.68389,372.594,15000,53376,31.8744
Suite_14,Deferred_Volume,0,1523,1.93478,0.707035,0.063136,0.483424,0.840128,2.68588,372.317,15000,51584,31.9297
Suite_14,Deferred_Volume,0,1524,1.92885,0.699497,0.064768,0.481856,0.837344,2.67585,373.713,15000,50688,31.9743
Suite_14,Deferred_Volume,0,1525,1.93179,0.700577,0.06144,0.477184,0.832,2.66512,375.217,15000,48896,31.5308
Suite_14,Deferred_Volume,0,1526,1.92308,0.991309,0.059392,0.472416,0.819136,2.67267,374.158,15000,48256,31.5455
Suite_14,Deferred_Volume,0,1527,1.91549,0.71306,0.075648,0.470368,0.850336,2.94761,339.257,15000,47488,31.5499
Suite_14,Deferred_Volume,0,1528,1.90429,0.712201,0.054592,0.464896,0.806912,2.66109,375.786,15000,46080,31.5474
Suite_14,Deferred_Volume,0,1529,1.90286,0.740234,0.358816,0.454656,1.10589,2.65018,377.333,15000,44672,31.536
Suite_14,Deferred_Volume,0,1530,1.89689,0.696645,0.051488,0.430272,0.77776,2.67685,373.574,15000,42880,31.5055
Suite_14,Deferred_Volume,0,1531,1.88492,1.31717,0.051104,0.423936,0.761856,2.62746,380.596,15000,40832,31.3121
Suite_14,Deferred_Volume,0,1532,1.88176,0.695586,0.066464,0.421504,0.801696,3.23093,309.509,15000,39808,31.2916
Suite_14,Deferred_Volume,0,1533,1.8742,0.690199,0.046048,0.417856,0.7552,2.60954,383.21,15000,38272,30.7863
Suite_14,Deferred_Volume,0,1534,1.86824,0.704792,0.04512,0.413056,0.745472,2.59452,385.428,15000,37504,29.4235
Suite_14,Deferred_Volume,0,1535,1.86337,0.697078,0.044448,0.43008,0.75776,2.6023,384.275,15000,36352,29.3933
Suite_14,Deferred_Volume,0,1536,1.86404,0.731327,0.044544,0.399968,0.73232,2.58962,386.157,15000,35072,29.3596
Suite_14,Deferred_Volume,0,1537,1.86317,0.707063,0.0416,0.397248,0.743424,2.62592,380.818,15000,33792,28.9302
Suite_14,Deferred_Volume,0,1538,1.84987,0.697945,0.038656,0.393728,0.724832,2.60007,384.605,15000,32896,28.9107
Suite_14,Deferred_Volume,0,1539,1.83689,0.704288,0.037472,0.39488,0.712768,2.58475,386.885,15000,32128,28.5648
Suite_14,Deferred_Volume,0,1540,1.83236,0.700504,0.04864,0.390464,0.74352,2.61886,381.845,15000,31616,26.377
Suite_14,Deferred_Volume,0,1541,1.8345,0.699187,0.03312,0.385056,0.699616,2.56374,390.056,15000,30336,24.1987
Suite_14,Deferred_Volume,0,1542,1.82651,0.685293,0.032288,0.38432,0.712384,2.56108,390.461,15000,30080,24.2452
Suite_14,Deferred_Volume,0,1543,1.82243,0.706422,0.032768,0.407552,0.729952,2.53848,393.937,15000,29312,24.2906
Suite_14,Deferred_Volume,0,1544,1.8163,0.678316,0.029088,0.3808,0.70144,2.55429,391.498,15000,28416,24.3371
Suite_14,Deferred_Volume,0,1545,1.80387,0.693477,0.03072,0.37888,0.695904,2.52095,396.676,15000,27264,24.3833
Suite_14,Deferred_Volume,0,1546,1.80289,0.681971,0.027584,0.37616,0.69008,2.52363,396.254,15000,25600,24.4268
Suite_14,Deferred_Volume,0,1547,1.79554,0.682377,0.027904,0.372608,0.691968,2.5092,398.533,15000,24832,24.475
Suite_14,Deferred_Volume,0,1548,1.79142,0.684975,0.025792,0.369568,0.708736,2.50206,399.671,15000,24320,24.5276
Suite_14,Deferred_Volume,0,1549,1.78946,0.691424,0.023968,0.36704,0.669696,2.5026,399.584,15000,22784,24.5653
Suite_14,Deferred_Volume,0,1550,1.78181,0.676503,0.024576,0.364544,0.680928,2.50546,399.128,15000,22144,24.6157
Suite_14,Deferred_Volume,0,1551,1.7774,0.688269,0.0296,0.360448,0.696832,2.48111,403.045,15000,21760,24.6637
Suite_14,Deferred_Volume,0,1552,1.77333,0.675516,0.02272,0.3584,0.661536,2.48961,401.669,15000,20352,24.7
Suite_14,Deferred_Volume,0,1553,1.7657,0.683538,0.018688,0.35696,0.659456,2.47304,404.361,15000,20096,24.7469
Suite_14,Deferred_Volume,0,1554,1.76367,0.687665,0.025856,0.35472,0.692512,2.47234,404.476,15000,19200,24.7889
Suite_14,Deferred_Volume,0,1555,1.75965,0.689426,0.018432,0.350144,0.651264,2.47986,403.248,15000,18432,24.8277
Suite_14,Deferred_Volume,0,1556,1.75086,0.683133,0.016608,0.348928,0.65536,2.47081,404.726,15000,17920,24.8648
Suite_14,Deferred_Volume,0,1557,1.75615,0.682145,0.016736,0.369888,0.677792,2.45862,406.733,15000,17536,24.8997
Suite_14,Deferred_Volume,0,1558,1.74769,0.680405,0.015712,0.342336,0.64512,2.46068,406.391,15000,16640,24.929
Suite_14,Deferred_Volume,0,1559,1.73982,0.675778,0.014784,0.340992,0.638976,2.44891,408.345,15000,16128,24.9596
Suite_14,Deferred_Volume,0,1560,1.73177,0.67913,0.014336,0.334784,0.638944,2.44133,409.613,15000,15232,24.9856
Suite_14,Deferred_Volume,0,1561,1.7339,0.67371,0.014784,0.307616,0.608256,2.43272,411.062,15000,14848,25.0117
Suite_14,Deferred_Volume,0,1562,1.72726,0.685428,0.014112,0.304704,0.6008,2.42901,411.691,15000,13952,23.8412
Suite_14,Deferred_Volume,0,1563,1.72325,0.696202,0.01296,0.301056,0.600128,2.43404,410.84,15000,13440,23.8603
Suite_14,Deferred_Volume,0,1564,1.71587,0.685276,0.012672,0.297984,0.601568,2.43899,410.005,15000,12672,23.8721
Suite_14,Deferred_Volume,0,1565,1.71114,0.706965,0.01152,0.29696,0.592928,2.42317,412.682,15000,12672,23.8892
Suite_14,Deferred_Volume,0,1566,1.71092,0.679073,0.01024,0.293632,0.59552,2.43989,409.855,15000,11776,23.8987
Suite_14,Deferred_Volume,0,1567,1.70254,0.675717,0.010752,0.290816,0.593536,2.40915,415.084,15000,11520,23.911
Suite_14,Deferred_Volume,0,1568,1.69872,0.67439,0.010304,0.315392,0.612352,2.39664,417.252,15000,10496,23.9176
Suite_14,Deferred_Volume,0,1569,1.69656,0.673125,0.008544,0.283424,0.58352,2.39379,417.747,15000,9984,23.9273
Suite_14,Deferred_Volume,0,1570,1.68762,0.682033,0.009088,0.284384,0.57344,2.38906,418.575,15000,9344,20.9871
Suite_14,Deferred_Volume,0,1571,1.68884,0.691775,0.009696,0.281184,0.573248,2.38833,418.703,15000,9088,21.0554
Suite_14,Deferred_Volume,0,1572,1.6846,0.682592,0.008256,0.277664,0.571392,2.39936,416.779,15000,8704,21.1215
Suite_14,Deferred_Volume,0,1573,1.67806,0.674635,0.008128,0.272384,0.566208,2.38827,418.712,15000,8192,21.1852
Suite_14,Deferred_Volume,0,1574,1.6762,0.690891,0.006688,0.272384,0.5656,2.37145,421.683,15000,7680,21.248
Suite_14,Deferred_Volume,0,1575,1.66535,0.682794,0.006368,0.268288,0.559104,2.38497,419.293,15000,7040,20.9723
Suite_14,Deferred_Volume,0,1576,1.67134,0.687813,0.007104,0.265504,0.554528,2.36551,422.742,15000,6784,21.0294
Suite_14,Deferred_Volume,0,1577,1.6722,0.708596,0.006208,0.263808,0.546816,2.38089,420.01,15000,6400,21.0844
Suite_14,Deferred_Volume,0,1578,1.66012,0.674982,0.005888,0.26112,0.5544,2.40117,416.464,15000,5888,21.1371
Suite_14,Deferred_Volume,0,1579,1.65909,0.668879,0.005024,0.259232,0.540128,2.35188,425.192,15000,5888,21.1917
Suite_14,Deferred_Volume,0,1580,1.65401,0.674481,0.004672,0.256864,0.548448,2.34556,426.338,15000,5376,19.442
Suite_14,Deferred_Volume,0,1581,1.65178,0.671625,0.004448,0.253024,0.540192,2.34699,426.079,15000,5120,19.2121
Suite_14,Deferred_Volume,0,1582,1.64943,0.665164,0.003008,0.250688,0.536864,2.34155,427.068,15000,4864,19.255
Suite_14,Deferred_Volume,0,1583,1.64507,0.676844,0.003712,0.247808,0.560608,2.34522,426.4,15000,4608,18.779
Suite_14,Deferred_Volume,0,1584,1.63673,0.672244,0.00256,0.24576,0.534464,2.33789,427.736,15000,3968,18.8159
Suite_14,Deferred_Volume,0,1585,1.63496,0.674644,0.003296,0.243712,0.528768,2.32661,429.81,15000,3840,18.8555
Suite_14,Deferred_Volume,0,1586,1.66075,0.743255,0.003616,0.239936,0.532544,2.33518,428.233,15000,3328,18.8937
Suite_14,Deferred_Volume,0,1587,1.63674,0.680878,0.002816,0.238016,0.517504,2.42349,412.627,15000,3072,18.932
Suite_14,Deferred_Volume,0,1588,1.62642,0.669218,0.002208,0.228896,0.518048,2.33383,428.48,15000,2688,18.2111
Suite_14,Deferred_Volume,0,1589,1.62407,0.690183,0.00224,0.210944,0.505856,2.31469,432.023,15000,2432,18.2437
Suite_14,Deferred_Volume,0,1590,1.62302,0.679648,0.00224,0.196896,0.483328,2.33204,428.809,15000,2176,18.2758
Suite_14,Deferred_Volume,0,1591,1.61407,0.678738,0.002016,0.188832,0.477184,2.31832,431.346,15000,2048,18.3064
Suite_14,Deferred_Volume,0,1592,1.61173,0.678236,0.002016,0.181824,0.487424,2.30872,433.141,15000,1792,18.3357
Suite_14,Deferred_Volume,0,1593,1.6057,0.669275,0.001792,0.172704,0.45056,2.30729,433.41,15000,1536,18.3633
Suite_14,Deferred_Volume,0,1594,1.60149,0.660897,0.001024,0.170368,0.454208,2.29112,436.468,15000,896,18.3875
Suite_14,Deferred_Volume,0,1595,1.60455,0.673015,0.000384,0.169056,0.475136,2.27833,438.918,15000,896,18.4134
Suite_14,Deferred_Volume,0,1596,1.59374,0.668011,0.00176,0.168224,0.45728,2.29295,436.12,15000,384,18.4351
Suite_14,Deferred_Volume,0,1597,1.59672,0.654727,0.00128,0.167264,0.445088,2.27973,438.649,15000,384,18.4574
Suite_14,Deferred_Volume,0,1598,1.59964,0.661141,0.000608,0.165344,0.4504,2.26802,440.914,15000,384,18.4777
Suite_14,Deferred_Volume,0,1599,1.58489,0.658423,0.001344,0.165376,0.445408,2.27583,439.399,15000,256,16.1752
Suite_14,Deferred_Volume,0,1600,1.58907,0.654037,0.000768,0.164224,0.445664,2.25785,442.9,15000,128,16.2352
Suite_14,Deferred_Volume,0,1601,1.58792,0.65465,0.00016,0.16704,0.450592,2.25956,442.565,15000,128,16.2932
Suite_14,Deferred_Volume,0,1602,1.58191,0.652457,0.000576,0.164384,0.446464,2.25781,442.906,15000,128,16.3485
Suite_14,Deferred_Volume,0,1603,1.58154,0.654511,0.000288,0.164928,0.45392,2.24881,444.679,15000,128,16.4011
Suite_14,Deferred_Volume,0,1604,1.58279,0.660762,0.000896,0.16384,0.446752,2.2504,444.365,15000,128,16.451
Suite_14,Deferred_Volume,0,1605,1.57608,0.641855,0.0008,0.160512,0.442368,2.26042,442.395,15000,0,16.497
Suite_14,Deferred_Volume,0,1606,1.57541,0.640071,0.001728,0.160736,0.44192,2.2341,447.608,15000,0,16.5419
Suite_14,Deferred_Volume,0,1607,1.5761,0.65037,0.00144,0.160544,0.44032,2.23013,448.404,15000,0,16.5843
Suite_14,Deferred_Volume,0,1608,1.56028,0.638518,0.0008,0.160192,0.440256,2.24085,446.26,15000,0,13.851
Suite_14,Deferred_Volume,0,1609,1.57042,0.634763,0.000736,0.160448,0.446464,2.21425,451.621,15000,0,13.9258
Suite_14,Deferred_Volume,0,1610,1.56611,0.641376,0.000256,0.15936,0.459872,2.22077,450.294,15000,0,13.9976
Suite_14,Deferred_Volume,0,1611,1.56197,0.643573,0.001344,0.159744,0.440928,2.23006,448.419,15000,0,13.4728
Suite_14,Deferred_Volume,0,1612,1.55665,0.641872,0.000128,0.159424,0.437888,2.22067,450.315,15000,0,13.5371
Suite_14,Deferred_Volume,0,1613,1.55458,0.646798,0.000256,0.158048,0.436224,2.21433,451.604,15000,0,13.5992
Suite_14,Deferred_Volume,0,1614,1.55585,0.632821,0.000768,0.158464,0.436512,2.21681,451.099,15000,0,13.3859
Suite_14,Deferred_Volume,0,1615,1.55571,0.634292,9.6e-05,0.157984,0.44224,2.20297,453.933,15000,0,13.4429
Suite_14,Deferred_Volume,0,1616,1.54847,0.642271,0.000224,0.15776,0.441248,2.20858,452.78,15000,0,13.4983
Suite_14,Deferred_Volume,0,1617,1.54764,0.65202,0.001088,0.157696,0.445248,2.20741,453.02,15000,0,13.5523
Suite_14,Deferred_Volume,0,1618,1.54155,0.640224,0.000544,0.15744,0.44016,2.21484,451.499,15000,0,13.6051
Suite_14,Deferred_Volume,0,1619,1.54541,0.634909,0.000256,0.15808,0.439616,2.19603,455.367,15000,0,13.6569
Suite_14,Deferred_Volume,0,1620,1.55174,0.648756,0.000768,0.181248,0.475136,2.19516,455.548,15000,0,13.7078
Suite_14,Deferred_Volume,0,1621,1.54887,0.679656,0.000384,0.157632,0.441984,2.22398,449.644,15000,0,13.7579
Suite_14,Deferred_Volume,0,1622,1.53854,0.647127,0.001696,0.159456,0.438432,2.24641,445.155,15000,0,13.8074
Suite_14,Deferred_Volume,0,1623,1.54295,0.645266,0.001696,0.159744,0.470496,2.20069,454.402,15000,0,13.8564
Suite_14,Deferred_Volume,0,1624,1.53807,0.634423,0.001536,0.161056,0.450048,2.20265,453.998,15000,0,13.1158
Suite_14,Deferred_Volume,0,1625,1.54438,0.647874,0.001344,0.161664,0.44064,2.18787,457.066,15000,0,13.1605
Suite_14,Deferred_Volume,0,1626,1.53204,0.645688,0,0.161792,0.448288,2.20845,452.806,15000,0,13.205
Suite_14,Deferred_Volume,0,1627,1.53118,0.639207,0.000416,0.161632,0.44032,2.1919,456.225,15000,0,13.2493
Suite_14,Deferred_Volume,0,1628,1.52582,0.636502,0.000544,0.16064,0.444416,2.18414,457.846,15000,0,13.2934
Suite_14,Deferred_Volume,0,1629,1.53518,0.640229,6.4e-05,0.184224,0.46896,2.17792,459.153,15000,0,13.3374
Suite_14,Deferred_Volume,0,1630,1.52734,0.634734,0.001184,0.159744,0.444416,2.19113,456.386,15000,0,13.3811
Suite_14,Deferred_Volume,0,1631,1.52488,0.640328,0.001344,0.159744,0.444128,2.17661,459.429,15000,0,13.4246
Suite_14,Deferred_Volume,0,1632,1.52088,0.645161,0.00128,0.159744,0.432384,2.17954,458.812,15000,0,13.4679
Suite_14,Deferred_Volume,0,1633,1.52045,0.639862,6.4e-05,0.157824,0.44032,2.18317,458.05,15000,0,12.3758
Suite_14,Deferred_Volume,0,1634,1.5318,0.631079,6.4e-05,0.15776,0.436128,2.1757,459.622,15000,0,12.4087
Suite_14,Deferred_Volume,0,1635,1.52001,0.640535,0.001344,0.157696,0.442016,2.17716,459.313,15000,0,12.4412
Suite_14,Deferred_Volume,0,1636,1.52221,0.640555,0.001408,0.157696,0.43856,2.17533,459.7,15000,0,12.4733
Suite_14,Deferred_Volume,0,1637,1.51992,0.641251,0.001248,0.149504,0.432608,2.17985,458.748,15000,0,12.5049
Suite_14,Deferred_Volume,0,1638,1.51723,0.637525,0.000576,0.131424,0.411648,2.17684,459.381,15000,0,12.5358
Suite_14,Deferred_Volume,0,1639,1.51638,0.645157,0.000736,0.13104,0.432128,2.16947,460.943,15000,0,12.5661
Suite_14,Deferred_Volume,0,1640,1.51766,0.632625,0.001536,0.131072,0.41408,2.18297,458.091,15000,0,12.5956
Suite_14,Deferred_Volume,0,1641,1.51204,0.636746,0.001024,0.130912,0.4144,2.16657,461.559,15000,0,11.9654
Suite_14,Deferred_Volume,0,1642,1.51347,0.647844,0.000704,0.130528,0.415872,2.16494,461.906,15000,0,11.9894
Suite_14,Deferred_Volume,0,1643,1.5084,0.640965,0.001344,0.130688,0.40608,2.17546,459.673,15000,0,12.0124
Suite_14,Deferred_Volume,0,1644,1.50322,0.642789,0.000704,0.12944,0.41312,2.16363,462.186,15000,0,12.0343
Suite_14,Deferred_Volume,0,1645,1.50497,0.662968,0.000544,0.129312,0.41408,2.16419,462.066,15000,0,11.6639
Suite_14,Deferred_Volume,0,1646,1.51019,0.6374,0.001376,0.128864,0.413984,2.18528,457.607,15000,0,11.6814
Suite_14,Deferred_Volume,0,1647,1.49897,0.633913,0,0.128096,0.412608,2.16208,462.517,15000,0,11.6976
Suite_14,Deferred_Volume,0,1648,1.50255,0.644973,0,0.128544,0.405504,2.14705,465.755,15000,0,11.7123
Suite_14,Deferred_Volume,0,1649,1.5004,0.638053,0.001184,0.126976,0.405856,2.16404,462.099,15000,0,10.9359
Suite_14,Deferred_Volume,0,1650,1.49379,0.637767,0.000608,0.125856,0.409696,2.15381,464.294,15000,0,8.86375
Suite_14,Deferred_Volume,0,1651,1.50088,0.648813,0.00048,0.126624,0.415296,2.14561,466.068,15000,0,8.91495
Suite_14,Deferred_Volume,0,1652,1.4993,0.633301,0.001312,0.1264,0.407808,2.16405,462.096,15000,0,8.96347
Suite_14,Deferred_Volume,0,1653,1.49729,0.642475,0.001088,0.124928,0.40832,2.14859,465.423,15000,0,9.00931
Suite_14,Deferred_Volume,0,1654,1.49323,0.645671,0.00112,0.124928,0.41216,2.15531,463.971,15000,0,9.05246
Suite_14,Deferred_Volume,0,1655,1.48581,0.6397,0.000256,0.125216,0.432128,2.15342,464.377,15000,0,7.23937
Suite_14,Deferred_Volume,0,1656,1.48754,0.636255,0.000768,0.125152,0.413696,2.13892,467.525,15000,0,7.27058
Suite_14,Deferred_Volume,0,1657,1.48975,0.636522,0.001408,0.124928,0.411648,2.13893,467.523,15000,0,7.29977
Suite_14,Deferred_Volume,0,1658,1.48693,0.645663,0,0.124928,0.413696,2.14084,467.107,15000,0,7.32695
Suite_14,Deferred_Volume,0,1659,1.49204,0.631661,0,0.12448,0.41376,2.1468,465.809,15000,0,7.35218
Suite_14,Deferred_Volume,0,1660,1.48849,0.629977,0.001664,0.123808,0.41168,2.13766,467.801,15000,0,7.37549
Suite_14,Deferred_Volume,0,1661,1.49063,0.642903,0,0.124544,0.428032,2.13312,468.796,15000,0,7.39694
Suite_14,Deferred_Volume,0,1662,1.48311,0.634404,0.000256,0.123072,0.403456,2.14914,465.302,15000,0,7.41657
Suite_14,Deferred_Volume,0,1663,1.4787,0.683676,0.000128,0.12288,0.402048,2.13099,469.266,15000,0,7.43445
Suite_14,Deferred_Volume,0,1664,1.47956,0.640663,0.000864,0.123104,0.413696,2.17582,459.597,15000,0,7.45064
Suite_14,Deferred_Volume,0,1665,1.47812,0.637944,0.000576,0.12336,0.4096,2.13596,468.174,15000,0,7.46519
Suite_14,Deferred_Volume,0,1666,1.48233,0.63229,0.000288,0.123136,0.40672,2.13047,469.381,15000,0,7.47818
Suite_14,Deferred_Volume,0,1667,1.48514,0.653568,0.000448,0.1232,0.398752,2.12796,469.934,15000,0,7.48967
Suite_14,Deferred_Volume,0,1668,1.48433,0.654111,9.6e-05,0.122624,0.419328,2.16249,462.429,15000,0,7.49971
Suite_14,Deferred_Volume,0,1669,1.4743,0.639845,0.001312,0.12288,0.405984,2.15646,463.723,15000,0,7.50838
Suite_14,Deferred_Volume,0,1670,1.47279,0.635632,9.6e-05,0.12272,0.3992,2.12877,469.756,15000,0,7.51574
Suite_14,Deferred_Volume,0,1671,1.47083,0.645457,0.00016,0.12288,0.409856,2.12221,471.207,15000,0,7.52185
Suite_14,Deferred_Volume,0,1672,1.47273,0.636904,0.000736,0.121664,0.404992,2.13015,469.45,15000,0,7.52678
Suite_14,Deferred_Volume,0,1673,1.47141,0.629865,0.000512,0.121632,0.399264,2.12492,470.607,15000,0,7.53057
Suite_14,Deferred_Volume,0,1674,1.47054,0.637647,0.000576,0.117504,0.417824,2.11538,472.729,15000,0,7.53329
Suite_14,Deferred_Volume,0,1675,1.47208,0.631956,0,0.11072,0.391168,2.12285,471.064,15000,0,7.53498
Suite_14,Deferred_Volume,0,1676,1.46718,0.707488,0.00176,0.104448,0.389184,2.11808,472.125,15000,0,7.5357
Suite_14,Deferred_Volume,0,1677,1.46274,0.643148,0.001504,0.100096,0.374272,2.1896,456.704,15000,0,7.5355
Suite_14,Deferred_Volume,0,1678,1.46221,0.634546,0.001344,0.098304,0.378624,2.12118,471.436,15000,0,7.5344
Suite_14,Deferred_Volume,0,1679,1.46293,0.636325,0.000352,0.096672,0.382976,2.11048,473.826,15000,0,7.53246
Suite_14,Deferred_Volume,0,1680,1.46468,0.632925,0.001664,0.097792,0.375008,2.11309,473.241,15000,0,7.5297
Suite_14,Deferred_Volume,0,1681,1.46915,0.639011,0,0.095904,0.378112,2.11304,473.251,15000,0,7.52615
Suite_14,Deferred_Volume,0,1682,1.4656,0.635097,0.000608,0.096064,0.380512,2.12334,470.956,15000,0,6.14214
Suite_14,Deferred_Volume,0,1683,1.46768,0.636494,0.000832,0.0952,0.378368,2.11492,472.831,15000,0,6.13983
Suite_14,Deferred_Volume,0,1684,1.46572,0.641425,0.0008,0.096416,0.385344,2.11869,471.99,15000,0,6.13709
Suite_14,Deferred_Volume,0,1685,1.46171,0.638061,0.001504,0.095936,0.376384,2.12331,470.962,15000,0,6.13392
Suite_14,Deferred_Volume,0,1686,1.46327,0.637109,0.000768,0.094944,0.372736,2.11415,473.004,15000,0,6.13032
Suite_14,Deferred_Volume,0,1687,1.45765,0.654565,0.001728,0.096256,0.381632,2.11385,473.07,15000,0,6.12631
Suite_14,Deferred_Volume,0,1688,1.45822,0.6376,0.000224,0.094496,0.374368,2.1272,470.102,15000,0,6.12187
Suite_14,Deferred_Volume,0,1689,1.46337,0.646134,0.001152,0.095232,0.377216,2.11118,473.668,15000,0,6.117
Suite_14,Deferred_Volume,0,1690,1.46228,0.632708,0.0016,0.094336,0.368832,2.12404,470.8,15000,0,6.11171
Suite_14,Deferred_Volume,0,1691,1.46519,0.637734,0.001408,0.118784,0.415776,2.10873,474.22,15000,0,6.10597
Suite_14,Deferred_Volume,0,1692,1.46271,0.632749,0.001248,0.094208,0.381024,2.11656,472.464,15000,0,6.09977
Suite_14,Deferred_Volume,0,1693,1.46354,0.634518,0.001664,0.09408,0.373952,2.11056,473.809,15000,0,6.09311
Suite_14,Deferred_Volume,0,1694,1.45425,0.641279,0.001024,0.094208,0.382976,2.11269,473.33,15000,0,6.08597
Suite_14,Deferred_Volume,0,1695,1.45633,0.638139,0.001824,0.092832,0.36864,2.10936,474.077,15000,0,6.07833
Suite_14,Deferred_Volume,0,1696,1.45426,0.632981,0.001408,0.093376,0.375136,2.10763,474.466,15000,0,6.07018
Suite_14,Deferred_Volume,0,1697,1.45341,0.649976,0.001024,0.09216,0.396192,2.1089,474.181,15000,0,6.06149
Suite_14,Deferred_Volume,0,1698,1.45693,0.6419,0.000768,0.092064,0.37888,2.11928,471.858,15000,0,6.05224
Suite_14,Deferred_Volume,0,1699,1.46156,0.634886,0.0008,0.092448,0.374784,2.11252,473.367,15000,0,6.04243
Suite_14,Deferred_Volume,0,1700,1.46053,0.638973,0.001056,0.092096,0.377504,2.10956,474.032,15000,0,6.03202
Suite_14,Deferred_Volume,0,1701,1.45738,0.634203,0,0.091616,0.380608,2.11587,472.618,15000,0,6.02101
Suite_14,Deferred_Volume,0,1702,1.45782,0.635483,0.001472,0.09152,0.37712,2.10577,474.886,15000,0,6.00937
Suite_14,Deferred_Volume,0,1703,1.45191,0.63334,0.000416,0.090112,0.370464,2.1065,474.72,15000,0,5.99708
Suite_14,Deferred_Volume,0,1704,1.45873,0.646041,0.000992,0.090656,0.374976,2.09846,476.541,15000,0,5.98413
Suite_14,Deferred_Volume,0,1705,1.4487,0.638397,0.001312,0.090112,0.369504,2.12051,471.585,15000,0,5.9705
Suite_14,Deferred_Volume,0,1706,1.44819,0.635607,0.000672,0.090208,0.372736,2.10171,475.802,15000,0,5.95619
Suite_14,Deferred_Volume,0,1707,1.4476,0.646778,0.000256,0.091168,0.3808,2.09704,476.862,15000,0,5.94117
Suite_14,Deferred_Volume,0,1708,1.4555,0.631276,0.000736,0.089632,0.372832,2.10805,474.372,15000,0,5.92543
Suite_14,Deferred_Volume,0,1709,1.4524,0.63018,0.000576,0.090368,0.374784,2.10219,475.694,15000,0,5.90897
Suite_14,Deferred_Volume,0,1710,1.45695,0.637605,0.001824,0.088992,0.370624,2.09674,476.932,15000,0,4.28177
Suite_14,Deferred_Volume,0,1711,1.45282,0.628737,0.001184,0.089216,0.374784,2.10768,474.456,15000,0,4.2897
Suite_14,Deferred_Volume,0,1712,1.45269,0.633125,0.001856,0.088864,0.36704,2.09465,477.407,15000,0,4.29639
Suite_14,Deferred_Volume,0,1713,1.45093,0.635328,0.001856,0.088512,0.372896,2.10077,476.016,15000,0,4.30187
Suite_14,Deferred_Volume,0,1714,1.45606,0.639249,0.001856,0.089248,0.389312,2.10135,475.885,15000,0,4.30612
Suite_14,Deferred_Volume,0,1715,1.46253,0.66856,0.000256,0.087648,0.364544,2.10869,474.227,15000,0,4.30916
Suite_14,Deferred_Volume,0,1716,1.45185,0.638898,0.000256,0.087456,0.372736,2.14626,465.926,15000,0,4.311
Suite_14,Deferred_Volume,0,1717,1.45915,0.638923,0.000896,0.087872,0.376896,2.10691,474.629,15000,0,4.31165
Suite_14,Deferred_Volume,0,1718,1.45096,0.631816,0.002048,0.086656,0.370784,2.11274,473.319,15000,0,4.31112
Suite_14,Deferred_Volume,0,1719,1.4521,0.627323,0.001696,0.08496,0.372352,2.09653,476.978,15000,0,3.38052
Suite_14,Deferred_Volume,0,1720,1.456,0.637379,0.00096,0.085856,0.366944,2.09219,477.968,15000,0,3.37578
Suite_14,Deferred_Volume,0,1721,1.45442,0.635994,0.000352,0.085792,0.370208,2.11043,473.837,15000,0,2.44525
Suite_14,Deferred_Volume,0,1722,1.4539,0.634128,0.001184,0.08512,0.374784,2.10508,475.042,15000,0,2.43627
Suite_14,Deferred_Volume,0,1723,1.45103,0.640148,0.001376,0.085408,0.362304,2.10141,475.872,15000,0,2.42651
Suite_14,Deferred_Volume,0,1724,1.44757,0.664432,0.000608,0.084064,0.395264,2.10542,474.965,15000,0,2.41598
Suite_14,Deferred_Volume,0,1725,1.47314,0.712973,0.0008,0.083616,0.360448,2.1412,467.028,15000,0,2.40472
Suite_14,Deferred_Volume,0,1726,1.45642,0.637186,0.000448,0.08304,0.366592,2.2056,453.392,15000,0,2.39275
Suite_14,Deferred_Volume,0,1727,1.45793,0.640914,0.00128,0.082528,0.358048,2.10826,474.326,15000,0,2.3801
Suite_14,Deferred_Volume,0,1728,1.45739,0.633603,0.00064,0.082048,0.366112,2.11295,473.272,15000,0,2.3668
Suite_14,Deferred_Volume,0,1729,1.45628,0.635403,0.000544,0.083168,0.366592,2.10643,474.736,15000,0,2.35288
Suite_14,Deferred_Volume,0,1730,1.45531,0.636693,0.000768,0.099616,0.38544,2.10584,474.871,15000,0,2.33838
Suite_14,Deferred_Volume,0,1731,1.45681,0.643203,0.000832,0.083968,0.36784,2.10591,474.855,15000,0,2.32331
Suite_14,Deferred_Volume,0,1732,1.45211,0.639329,0.002048,0.084448,0.366432,2.11445,472.936,15000,0,2.30772
Suite_14,Deferred_Volume,0,1733,1.45056,0.645171,0.001664,0.085696,0.3728,2.10675,474.664,15000,0,2.29164
Suite_14,Deferred_Volume,0,1734,1.44718,0.633887,0.001984,0.084736,0.366624,2.11028,473.871,15000,0,2.27509
Suite_14,Deferred_Volume,0,1735,1.44905,0.631005,0.000992,0.084192,0.370752,2.09456,477.428,15000,0,2.25811
Suite_14,Deferred_Volume,0,1736,1.4544,0.632892,0.002048,0.083808,0.368768,2.09375,477.611,15000,0,2.24072
Suite_14,Deferred_Volume,0,1737,1.45814,0.619471,0.002048,0.084512,0.39168,2.10345,475.409,15000,0,0
Suite_14,Deferred_Volume,0,1738,1.45836,0.614388,0.001536,0.085632,0.370688,2.09252,477.892,15000,0,0
Suite_14,Deferred_Volume,0,1739,1.45625,0.619414,0.002048,0.084704,0.366304,2.08642,479.29,15000,0,0
Suite_14,Deferred_Volume,0,1740,1.45763,0.623152,0.002048,0.086016,0.375072,2.08883,478.737,15000,0,0
Suite_14,Deferred_Volume,0,1741,1.45329,0.61813,0.002048,0.084064,0.367168,2.09582,477.141,15000,0,0
Suite_14,Deferred_Volume,0,1742,1.45513,0.617049,0.001664,0.085056,0.36864,2.08584,479.423,15000,0,0
Suite_14,Deferred_Volume,0,1743,1.45529,0.622428,0.002048,0.083712,0.365024,2.08462,479.704,15000,0,0
Suite_14,Deferred_Volume,0,1744,1.45118,0.616967,0.002048,0.08384,0.363104,2.09115,478.206,15000,0,0
Suite_14,Deferred_Volume,0,1745,1.45,0.621167,0.001728,0.083968,0.37408,2.08244,480.207,15000,0,0
Suite_14,Deferred_Volume,0,1746,1.4584,0.611994,0.002048,0.084096,0.364448,2.08604,479.377,15000,0,0
Suite_14,Deferred_Volume,0,1747,1.45803,0.613901,0.000832,0.083968,0.397312,2.08441,479.753,15000,0,0
Suite_14,Deferred_Volume,0,1748,1.45516,0.611108,0.002048,0.084128,0.362976,2.08553,479.496,15000,0,0
Suite_14,Deferred_Volume,0,1749,1.46422,0.608717,0.002048,0.084096,0.36816,2.08213,480.276,15000,0,0
Suite_14,Deferred_Volume,0,1750,1.46423,0.618868,0.001888,0.086016,0.372992,2.08714,479.125,15000,0,0
Suite_14,Deferred_Volume,0,1751,1.45575,0.616198,0.002048,0.084416,0.371136,2.09606,477.085,15000,0,0
Suite_14,Deferred_Volume,0,1752,1.46065,0.614934,0.00192,0.086016,0.374784,2.08505,479.605,15000,0,0
Suite_14,Deferred_Volume,0,1753,1.46757,0.621139,0.002208,0.084672,0.364544,2.09008,478.45,15000,0,0
Suite_14,Deferred_Volume,0,1754,1.45799,0.616293,0.002144,0.085696,0.369856,2.11079,473.756,15000,0,0
Suite_14,Deferred_Volume,0,1755,1.45813,0.612848,0.002048,0.084544,0.369568,2.08777,478.98,15000,0,0
Suite_14,Deferred_Volume,0,1756,1.46262,0.616997,0.002112,0.08448,0.364544,2.08412,479.819,15000,0,0
Suite_14,Deferred_Volume,0,1757,1.46346,0.613374,0.002048,0.085632,0.388576,2.09469,477.398,15000,0,0
Suite_14,Deferred_Volume,0,1758,1.46238,0.611527,0.003424,0.085408,0.372864,2.09164,478.094,15000,0,0
Suite_14,Deferred_Volume,0,1759,1.46972,0.609907,0.00224,0.084672,0.3744,2.08737,479.072,15000,0,0
Suite_14,Deferred_Volume,0,1760,1.46827,0.617242,0.002048,0.086016,0.37616,2.09278,477.834,15000,0,0
Suite_14,Deferred_Volume,0,1761,1.47279,0.615563,0.002048,0.085664,0.374848,2.1014,475.874,15000,0,0
Suite_14,Deferred_Volume,0,1762,1.47144,0.614526,0.00224,0.085504,0.366048,2.10221,475.69,15000,0,0
Suite_14,Deferred_Volume,0,1763,1.48072,0.651248,0.002464,0.085664,0.362784,2.09862,476.505,15000,0,0
Suite_14,Deferred_Volume,0,1764,1.47248,0.615949,0.002048,0.086016,0.36672,2.14703,465.759,15000,0,0
Suite_14,Deferred_Volume,0,1765,1.46909,0.618956,0.002528,0.084768,0.372736,2.10432,475.212,15000,0,0
Suite_14,Deferred_Volume,0,1766,1.47077,0.6187,0.002048,0.084256,0.368416,2.10203,475.73,15000,0,0
Suite_14,Deferred_Volume,0,1767,1.47509,0.615434,0.002048,0.086048,0.366592,2.1038,475.331,15000,0,0
Suite_14,Deferred_Volume,0,1768,1.48086,0.608605,0.002208,0.085664,0.364544,2.10327,475.45,15000,0,0
Suite_14,Deferred_Volume,0,1769,1.47683,0.607275,0.00272,0.084704,0.369856,2.10351,475.396,15000,0,0
Suite_14,Deferred_Volume,0,1770,1.4822,0.622819,0.003456,0.086752,0.382976,2.09829,476.579,15000,0,0
Suite_14,Deferred_Volume,0,1771,1.47697,0.617648,0.002656,0.08608,0.37024,2.11769,472.213,15000,0,0
Suite_14,Deferred_Volume,0,1772,1.4766,0.61557,0.00336,0.086016,0.371232,2.10771,474.448,15000,0,0
Suite_14,Deferred_Volume,0,1773,1.47865,0.617226,0.003264,0.086016,0.372736,2.1072,474.563,15000,0,0
Suite_14,Deferred_Volume,0,1774,1.47805,0.618217,0.003712,0.084928,0.371104,2.1104,473.844,15000,0,0
Suite_14,Deferred_Volume,0,1775,1.4826,0.614489,0.003488,0.087936,0.375552,2.10932,474.087,15000,0,0
Suite_14,Deferred_Volume,0,1776,1.48861,0.617352,0.004096,0.0864,0.37488,2.11012,473.907,15000,0,0
Suite_14,Deferred_Volume,0,1777,1.4852,0.610421,0.003584,0.086016,0.37296,2.122,471.254,15000,0,0
Suite_14,Deferred_Volume,0,1778,1.49059,0.609723,0.002912,0.086208,0.376832,2.11002,473.929,15000,0,0
Suite_14,Deferred_Volume,0,1779,1.49681,0.621232,0.002496,0.088032,0.373792,2.11347,473.156,15000,0,0
Suite_14,Deferred_Volume,0,1780,1.49217,0.621145,0.003776,0.086688,0.397728,2.13212,469.017,15000,0,0
Suite_14,Deferred_Volume,0,1781,1.49277,0.618714,0.002912,0.086176,0.374528,2.12893,469.719,15000,0,0
Suite_14,Deferred_Volume,0,1782,1.49806,0.617515,0.00272,0.087616,0.366432,2.13205,469.032,15000,0,0
Suite_14,Deferred_Volume,0,1783,1.49763,0.618878,0.004096,0.088064,0.372736,2.1292,469.66,15000,0,0
Suite_14,Deferred_Volume,0,1784,1.50535,0.622038,0.003904,0.086816,0.380928,2.12977,469.533,15000,0,0
Suite_14,Deferred_Volume,0,1785,1.50306,0.612124,0.003072,0.087136,0.376864,2.14247,466.751,15000,0,0
Suite_14,Deferred_Volume,0,1786,1.50067,0.621411,0.004096,0.086016,0.39792,2.12949,469.595,15000,0,0
Suite_14,Deferred_Volume,0,1787,1.50343,0.616714,0.00384,0.086464,0.376416,2.13558,468.257,15000,0,0
Suite_14,Deferred_Volume,0,1788,1.49735,0.617122,0.002944,0.088064,0.369728,2.13325,468.769,15000,0,0
Suite_14,Deferred_Volume,0,1789,1.50033,0.623007,0.004128,0.086592,0.370272,2.12875,469.76,15000,0,0
Suite_14,Deferred_Volume,0,1790,1.50452,0.616617,0.004128,0.086624,0.380928,2.1379,467.749,15000,0,0
Suite_14,Deferred_Volume,0,1791,1.51245,0.612877,0.004096,0.087392,0.3752,2.13392,468.62,15000,0,0
Suite_14,Deferred_Volume,0,1792,1.5087,0.611897,0.004096,0.087104,0.368576,2.13786,467.758,15000,0,0
Suite_14,Deferred_Volume,0,1793,1.51324,0.621716,0.004512,0.088384,0.395264,2.13623,468.115,15000,0,0
Suite_14,Deferred_Volume,0,1794,1.51298,0.61541,0.004224,0.087552,0.37888,2.14947,465.23,15000,0,0
Suite_14,Deferred_Volume,0,1795,1.51416,0.615758,0.005344,0.088064,0.373024,2.14154,466.954,15000,0,0
Suite_14,Deferred_Volume,0,1796,1.51928,0.622933,0.006048,0.088,0.380512,2.14279,466.681,15000,0,0
Suite_14,Deferred_Volume,0,1797,1.52027,0.617728,0.005632,0.088064,0.383264,2.15885,463.209,15000,0,0
Suite_14,Deferred_Volume,0,1798,1.52608,0.611419,0.005632,0.08688,0.378528,2.15273,464.526,15000,0,0
Suite_14,Deferred_Volume,0,1799,1.5242,0.618648,0.005312,0.087008,0.389088,2.15082,464.94,15000,0,0
Suite_14,Deferred_Volume,0,1800,1.52895,0.611018,0.005504,0.08896,0.37952,2.15665,463.683,15000,0,0
Suite_14,Deferred_Volume,0,1801,1.53345,0.61398,0.004832,0.088288,0.376832,2.15529,463.974,15000,0,0
Suite_14,Deferred_Volume,0,1802,1.53012,0.620234,0.006144,0.088352,0.377152,2.16122,462.701,15000,0,0
Suite_14,Deferred_Volume,0,1803,1.53189,0.613977,0.0048,0.088064,0.380928,2.16429,462.046,15000,0,0
Suite_14,Deferred_Volume,0,1804,1.54257,0.607498,0.005504,0.090112,0.380928,2.15887,463.206,15000,0,0
Suite_14,Deferred_Volume,0,1805,1.53722,0.617595,0.006144,0.089536,0.380736,2.16564,461.758,15000,0,0
Suite_14,Deferred_Volume,0,1806,1.54104,0.615068,0.006144,0.090624,0.401696,2.17015,460.798,15000,0,0
Suite_14,Deferred_Volume,0,1807,1.54562,0.619797,0.006144,0.088256,0.379232,2.16952,460.931,15000,0,0
Suite_14,Deferred_Volume,0,1808,1.54338,0.619013,0.006144,0.089504,0.379392,2.17915,458.894,15000,0,0
Suite_14,Deferred_Volume,0,1809,1.54747,0.620465,0.006144,0.08976,0.374368,2.17834,459.065,15000,0,0
Suite_14,Deferred_Volume,0,1810,1.56233,0.640968,0.006144,0.089376,0.380928,2.18253,458.185,15000,0,0
Suite_14,Deferred_Volume,0,1811,1.55652,0.616182,0.007296,0.090112,0.383072,2.22767,448.899,15000,0,0
Suite_14,Deferred_Volume,0,1812,1.56,0.61861,0.006144,0.090112,0.387072,2.1871,457.226,15000,0,0
Suite_14,Deferred_Volume,0,1813,1.54965,0.616325,0.007648,0.090112,0.383456,2.19445,455.696,15000,0,0
Suite_14,Deferred_Volume,0,1814,1.56049,0.615013,0.006752,0.088832,0.380928,2.18081,458.545,15000,0,0
Suite_14,Deferred_Volume,0,1815,1.56409,0.617388,0.006752,0.116864,0.402816,2.18912,456.805,15000,0,0
Suite_14,Deferred_Volume,0,1816,1.56748,0.61021,0.00736,0.088704,0.38672,2.19547,455.483,15000,0,0
Suite_14,Deferred_Volume,0,1817,1.57264,0.614703,0.007712,0.090528,0.379072,2.19301,455.994,15000,0,0
Suite_14,Deferred_Volume,0,1818,1.56981,0.622403,0.006656,0.091264,0.390528,2.20128,454.282,15000,0,0
Suite_14,Deferred_Volume,0,1819,1.57609,0.618222,0.00768,0.090048,0.385024,2.2058,453.349,15000,0,0
Suite_14,Deferred_Volume,0,1820,1.57857,0.610367,0.008128,0.090624,0.383424,2.20727,453.049,15000,0,0
Suite_14,Deferred_Volume,0,1821,1.58072,0.615121,0.006912,0.091488,0.385024,2.20332,453.861,15000,0,0
Suite_14,Deferred_Volume,0,1822,1.58916,0.615608,0.008192,0.090112,0.387424,2.21082,452.32,15000,0,0
Suite_14,Deferred_Volume,0,1823,1.58613,0.623959,0.008032,0.090528,0.382976,2.21777,450.904,15000,0,0
Suite_14,Deferred_Volume,0,1824,1.59471,0.625949,0.008384,0.091296,0.382624,2.22321,449.8,15000,0,0
Suite_14,Deferred_Volume,0,1825,1.59085,0.61566,0.009248,0.091584,0.385024,2.23663,447.102,15000,0,0
Suite_14,Deferred_Volume,0,1826,1.59428,0.615743,0.00928,0.091936,0.389376,2.22113,450.22,15000,0,0
Suite_14,Deferred_Volume,0,1827,1.59559,0.616482,0.008192,0.09168,0.387872,2.22241,449.961,15000,0,0
Suite_14,Deferred_Volume,0,1828,1.59551,0.626119,0.008576,0.114688,0.407552,2.22466,449.506,15000,0,0
Suite_14,Deferred_Volume,0,1829,1.60386,0.612338,0.009472,0.09056,0.385472,2.23659,447.11,15000,0,0
Suite_14,Deferred_Volume,0,1830,1.6114,0.616656,0.00912,0.090208,0.38912,2.23034,448.363,15000,0,0
Suite_14,Deferred_Volume,0,1831,1.61202,0.620893,0.009088,0.090112,0.40304,2.24169,446.093,15000,0,0
Suite_14,Deferred_Volume,0,1832,1.61384,0.615439,0.00864,0.091744,0.380288,2.24629,445.178,15000,0,0
Suite_14,Deferred_Volume,0,1833,1.62554,0.611813,0.008896,0.091936,0.38496,2.24429,445.574,15000,0,0
Suite_14,Deferred_Volume,0,1834,1.62075,0.611187,0.01056,0.093984,0.392928,2.25217,444.016,15000,0,0
Suite_14,Deferred_Volume,0,1835,1.62779,0.61577,0.009152,0.091872,0.382528,2.24556,445.323,15000,0,0
Suite_14,Deferred_Volume,0,1836,1.62431,0.615317,0.010464,0.09104,0.382976,2.25694,443.077,15000,0,0
Suite_14,Deferred_Volume,0,1837,1.63171,0.612824,0.012,0.094208,0.387072,2.25505,443.449,15000,0,0
Suite_14,Deferred_Volume,0,1838,1.63769,0.615186,0.01024,0.09216,0.391904,2.25917,442.64,15000,0,0
Suite_14,Deferred_Volume,0,1839,1.63149,0.617611,0.011808,0.092,0.387072,2.27326,439.897,15000,0,0
Suite_14,Deferred_Volume,0,1840,1.63925,0.619017,0.011808,0.092384,0.397408,2.26695,441.122,15000,0,0
Suite_14,Deferred_Volume,0,1841,1.642,0.608983,0.01184,0.092608,0.392448,2.2736,439.831,15000,0,0
Suite_14,Deferred_Volume,0,1842,1.64229,0.614877,0.010528,0.09216,0.381952,2.26521,441.46,15000,0,0
Suite_14,Deferred_Volume,0,1843,1.64453,0.622024,0.013888,0.094144,0.389824,2.27031,440.469,15000,0,0
Suite_14,Deferred_Volume,0,1844,1.64808,0.609831,0.011072,0.09216,0.391168,2.27948,438.696,15000,0,0
Suite_14,Deferred_Volume,0,1845,1.65512,0.609168,0.011936,0.093504,0.395008,2.27313,439.922,15000,0,0
Suite_14,Deferred_Volume,0,1846,1.65892,0.620296,0.012192,0.10912,0.401408,2.27797,438.987,15000,0,0
Suite_14,Deferred_Volume,0,1847,1.66043,0.621551,0.01248,0.094208,0.393216,2.29277,436.153,15000,0,0
Suite_14,Deferred_Volume,0,1848,1.66197,0.611503,0.012416,0.09248,0.38896,2.29979,434.822,15000,0,0
Suite_14,Deferred_Volume,0,1849,1.67278,0.628561,0.012896,0.118624,0.41008,2.28825,437.014,15000,0,0
Suite_14,Deferred_Volume,0,1850,1.66272,0.618372,0.012928,0.092576,0.395264,2.31545,431.881,15000,0,0
Suite_14,Deferred_Volume,0,1851,1.66847,0.611568,0.013088,0.094016,0.393248,2.29384,435.951,15000,0,0
Suite_14,Deferred_Volume,0,1852,1.67492,0.615786,0.0136,0.118016,0.411552,2.29262,436.182,15000,0,0
Suite_14,Deferred_Volume,0,1853,1.6767,0.618699,0.012672,0.094208,0.395136,2.30576,433.696,15000,0,0
Suite_14,Deferred_Volume,0,1854,1.67758,0.627022,0.013728,0.094208,0.389952,2.30951,432.993,15000,0,0
Suite_14,Deferred_Volume,0,1855,1.68862,0.635249,0.014336,0.111712,0.415808,2.31938,431.15,15000,0,0
Suite_14,Deferred_Volume,0,1856,1.69319,0.620071,0.014336,0.094112,0.395968,2.33788,427.738,15000,0,0
Suite_14,Deferred_Volume,0,1857,1.68758,0.628926,0.014336,0.094208,0.3928,2.32879,429.407,15000,0,0
Suite_14,Deferred_Volume,0,1858,1.68869,0.61997,0.015872,0.120832,0.419744,2.33648,427.995,15000,0,0
Suite_14,Deferred_Volume,0,1859,1.69123,0.620895,0.014944,0.09472,0.391168,2.32232,430.604,15000,0,0
Suite_14,Deferred_Volume,0,1860,1.69289,0.617514,0.015136,0.094592,0.396896,2.32499,430.109,15000,0,0
Suite_14,Deferred_Volume,0,1861,1.70084,0.618947,0.017632,0.095712,0.41568,2.32584,429.953,15000,0,0
Suite_14,Deferred_Volume,0,1862,1.69785,0.615464,0.015296,0.095424,0.400576,2.33437,428.381,15000,0,0
Suite_14,Deferred_Volume,0,1863,1.70887,0.691924,0.015264,0.095648,0.396864,2.32598,429.927,15000,0,0
Suite_14,Deferred_Volume,0,1864,1.71405,0.632187,0.017056,0.098304,0.401664,2.41791,413.581,15000,0,0
Suite_14,Deferred_Volume,0,1865,1.70307,0.620392,0.016384,0.09568,0.395872,2.36205,423.36,15000,0,0
Suite_14,Deferred_Volume,0,1866,1.71332,0.611871,0.017504,0.096256,0.399456,2.33753,427.802,15000,0,0
Suite_14,Deferred_Volume,0,1867,1.71712,0.621887,0.02048,0.098336,0.407552,2.34514,426.413,15000,0,0
Suite_14,Deferred_Volume,0,1868,1.71371,0.616151,0.016704,0.096,0.397312,2.35221,425.133,15000,0,0
Suite_14,Deferred_Volume,0,1869,1.71651,0.613637,0.017248,0.096512,0.398656,2.34405,426.613,15000,0,0
Suite_14,Deferred_Volume,0,1870,1.72358,0.624419,0.019232,0.099264,0.407392,2.34462,426.509,15000,0,0
Suite_14,Deferred_Volume,0,1871,1.71908,0.6178,0.017184,0.096256,0.39936,2.36071,423.602,15000,0,0
Suite_14,Deferred_Volume,0,1872,1.72922,0.613438,0.018432,0.096256,0.403488,2.34963,425.6,15000,0,0
Suite_14,Deferred_Volume,0,1873,1.73516,0.618653,0.019392,0.09872,0.402112,2.35746,424.185,15000,0,0
Suite_14,Deferred_Volume,0,1874,1.72728,0.621189,0.01856,0.09712,0.411648,2.36823,422.256,15000,0,0
Suite_14,Deferred_Volume,0,1875,1.73337,0.614352,0.018688,0.096896,0.4096,2.36128,423.499,15000,0,0
Suite_14,Deferred_Volume,0,1876,1.73572,0.616242,0.020256,0.096736,0.408608,2.36182,423.403,15000,0,0
Suite_14,Deferred_Volume,0,1877,1.7377,0.612575,0.019072,0.097536,0.409184,2.36709,422.46,15000,0,0
Suite_14,Deferred_Volume,0,1878,1.73736,0.616739,0.019776,0.098304,0.409888,2.36417,422.981,15000,0,0
Suite_14,Deferred_Volume,0,1879,1.73738,0.61754,0.018944,0.098304,0.427936,2.36781,422.332,15000,0,0
Suite_14,Deferred_Volume,0,1880,1.74288,0.611752,0.020256,0.099008,0.408416,2.36751,422.384,15000,0,0
Suite_14,Deferred_Volume,0,1881,1.74244,0.624426,0.020448,0.09856,0.414496,2.36951,422.028,15000,0,0
Suite_14,Deferred_Volume,0,1882,1.74719,0.616914,0.020416,0.12128,0.444416,2.38187,419.838,15000,0,0
Suite_14,Deferred_Volume,0,1883,1.75647,0.612783,0.020672,0.100224,0.415232,2.37667,420.756,15000,0,0
Suite_14,Deferred_Volume,0,1884,1.74661,0.619696,0.021024,0.099264,0.4096,2.38225,419.771,15000,0,0
Suite_14,Deferred_Volume,0,1885,1.75055,0.616095,0.02048,0.099936,0.41168,2.38182,419.847,15000,0,0
Suite_14,Deferred_Volume,0,1886,1.75934,0.614798,0.022016,0.099072,0.41376,2.38076,420.033,15000,0,0
Suite_14,Deferred_Volume,0,1887,1.75747,0.620736,0.021984,0.101984,0.402208,2.38656,419.013,15000,0,0
Suite_14,Deferred_Volume,0,1888,1.75936,0.613457,0.022368,0.10096,0.407424,2.39166,418.119,15000,0,0
Suite_14,Deferred_Volume,0,1889,1.76543,0.616129,0.022464,0.102336,0.41312,2.38799,418.762,15000,0,0
Suite_14,Deferred_Volume,0,1890,1.76643,0.616263,0.022432,0.101408,0.413696,2.39488,417.558,15000,0,0
Suite_14,Deferred_Volume,0,1891,1.76566,0.620863,0.022816,0.10096,0.407552,2.39574,417.407,15000,0,0
Suite_14,Deferred_Volume,0,1892,1.7733,0.613568,0.022752,0.10208,0.417792,2.39911,416.822,15000,0,0
Suite_14,Deferred_Volume,0,1893,1.77394,0.615643,0.023072,0.102272,0.415744,2.40195,416.328,15000,0,0
Suite_14,Deferred_Volume,0,1894,1.78462,0.654183,0.023904,0.10336,0.4136,2.4042,415.938,15000,0,0
Suite_14,Deferred_Volume,0,1895,1.77839,0.63269,0.024576,0.102816,0.416288,2.45553,407.245,15000,0,0
Suite_14,Deferred_Volume,0,1896,1.78187,0.634511,0.024448,0.129024,0.44624,2.43362,410.911,15000,0,0
Suite_14,Deferred_Volume,0,1897,1.78675,0.648112,0.02448,0.104128,0.41776,2.43249,411.101,15000,0,0
Suite_14,Deferred_Volume,0,1898,1.79652,0.617793,0.0248,0.103936,0.4168,2.45199,407.833,15000,0,0
Suite_14,Deferred_Volume,0,1899,1.78667,0.624483,0.027264,0.104448,0.42448,2.42701,412.03,15000,0,0
Suite_14,Deferred_Volume,0,1900,1.80053,0.615359,0.025856,0.105568,0.416352,2.42493,412.382,15000,0,0
Suite_14,Deferred_Volume,0,1901,1.79806,0.619023,0.026496,0.10496,0.425472,2.43102,411.35,15000,0,0
Suite_14,Deferred_Volume,0,1902,1.79827,0.618235,0.028768,0.102848,0.417664,2.43179,411.22,15000,0,0
Suite_14,Deferred_Volume,0,1903,1.81594,0.679877,0.026624,0.104832,0.425984,2.42937,411.629,15000,0,0
Suite_14,Deferred_Volume,0,1904,1.80493,0.623935,0.026656,0.105024,0.427584,2.51288,397.949,15000,0,0
Suite_14,Deferred_Volume,0,1905,1.81224,0.621415,0.036096,0.104608,0.435328,2.44536,408.938,15000,0,0
Suite_14,Deferred_Volume,0,1906,1.80537,0.619263,0.027296,0.105696,0.425984,2.44743,408.592,15000,0,0
Suite_14,Deferred_Volume,0,1907,1.80727,0.622336,0.026624,0.105984,0.42272,2.43743,410.268,15000,0,0
Suite_14,Deferred_Volume,0,1908,1.81181,0.61754,0.028672,0.105152,0.427008,2.44274,409.376,15000,0,0
Suite_14,Deferred_Volume,0,1909,1.81526,0.610827,0.02832,0.10672,0.425984,2.44503,408.992,15000,0,0
Suite_14,Deferred_Volume,0,1910,1.80959,0.631451,0.02832,0.105376,0.425792,2.4404,409.769,15000,0,0
Suite_14,Deferred_Volume,0,1911,1.81906,0.61426,0.02832,0.105088,0.425984,2.45477,407.371,15000,0,0
Suite_14,Deferred_Volume,0,1912,1.82499,0.621011,0.028672,0.106496,0.425984,2.44695,408.672,15000,0,0
Suite_14,Deferred_Volume,0,1913,1.82794,0.617893,0.029952,0.108064,0.428384,2.46012,406.484,15000,0,0
Suite_14,Deferred_Volume,0,1914,1.82669,0.618022,0.029024,0.106816,0.432128,2.46131,406.287,15000,0,0
Suite_14,Deferred_Volume,0,1915,1.8232,0.611104,0.03024,0.107136,0.434784,2.45756,406.908,15000,0,0
Suite_14,Deferred_Volume,0,1916,1.8294,0.624302,0.03216,0.108352,0.425984,2.44693,408.675,15000,0,0
Suite_14,Deferred_Volume,0,1917,1.82495,0.617668,0.030656,0.106752,0.428512,2.4691,405.006,15000,0,0
Suite_14,Deferred_Volume,0,1918,1.8329,0.618789,0.03072,0.10784,0.428128,2.45638,407.104,15000,0,0
Suite_14,Deferred_Volume,0,1919,1.83191,0.621685,0.03072,0.106656,0.45232,2.465,405.68,15000,0,0
Suite_14,Deferred_Volume,0,1920,1.83636,0.611698,0.030624,0.107104,0.434176,2.46604,405.508,15000,0,0
Suite_14,Deferred_Volume,0,1921,1.83396,0.623481,0.03072,0.108544,0.436224,2.46245,406.099,15000,0,0
Suite_14,Deferred_Volume,0,1922,1.84347,0.623364,0.031136,0.108224,0.432128,2.47221,404.497,15000,0,0
Suite_14,Deferred_Volume,0,1923,1.8523,0.615133,0.031104,0.108416,0.43648,2.48066,403.119,15000,0,0
Suite_14,Deferred_Volume,0,1924,1.85006,0.619323,0.031296,0.10864,0.436224,2.48638,402.191,15000,0,0
Suite_14,Deferred_Volume,0,1925,1.84725,0.616773,0.031328,0.109632,0.434176,2.48537,402.355,15000,0,0
Suite_14,Deferred_Volume,0,1926,1.85581,0.610441,0.032768,0.108736,0.438112,2.47744,403.642,15000,0,0
Suite_14,Deferred_Volume,0,1927,1.85943,0.62286,0.033152,0.109344,0.452608,2.47891,403.403,15000,0,0
Suite_14,Deferred_Volume,0,1928,1.85135,0.613869,0.032704,0.111008,0.431392,2.49542,400.734,15000,0,0
Suite_14,Deferred_Volume,0,1929,1.85602,0.611727,0.032768,0.110176,0.440704,2.47967,403.279,15000,0,0
Suite_14,Deferred_Volume,0,1930,1.85929,0.616159,0.036576,0.10944,0.4376,2.48119,403.032,15000,0,0
Suite_14,Deferred_Volume,0,1931,1.86335,0.615672,0.034496,0.110528,0.439712,2.48868,401.82,15000,0,0
Suite_14,Deferred_Volume,0,1932,1.86179,0.615364,0.032832,0.110592,0.443456,2.49173,401.328,15000,0,0
Suite_14,Deferred_Volume,0,1933,1.86326,0.625604,0.03376,0.109856,0.452608,2.4925,401.204,15000,0,0
Suite_14,Deferred_Volume,0,1934,1.86367,0.611599,0.034112,0.110592,0.436224,2.50271,399.567,15000,0,0
Suite_14,Deferred_Volume,0,1935,1.86503,0.619448,0.034816,0.110592,0.432384,2.48765,401.985,15000,0,0
Suite_14,Deferred_Volume,0,1936,1.8696,0.609931,0.03472,0.112096,0.435296,2.4987,400.209,15000,0,0
Suite_14,Deferred_Volume,0,1937,1.8677,0.615984,0.034656,0.11104,0.44032,2.49455,400.874,15000,0,0
Suite_14,Deferred_Volume,0,1938,1.87759,0.649338,0.035392,0.11152,0.442368,2.49893,400.172,15000,0,0
Suite_14,Deferred_Volume,0,1939,1.8833,0.622397,0.035264,0.111072,0.439968,2.54245,393.322,15000,0,0
Suite_14,Deferred_Volume,0,1940,1.88184,0.616568,0.035712,0.110944,0.444416,2.51895,396.991,15000,0,0
Suite_14,Deferred_Volume,0,1941,1.88186,0.623694,0.038912,0.111264,0.462592,2.51368,397.823,15000,0,0
Suite_14,Deferred_Volume,0,1942,1.8775,0.612221,0.036544,0.111232,0.449056,2.51998,396.828,15000,0,0
Suite_14,Deferred_Volume,0,1943,1.8832,0.618724,0.036864,0.112448,0.446144,2.50253,399.596,15000,0,0
Suite_14,Deferred_Volume,0,1944,1.88972,0.615307,0.036768,0.11264,0.442016,2.51527,397.571,15000,0,0
Suite_14,Deferred_Volume,0,1945,1.88547,0.616068,0.036864,0.112096,0.436992,2.51951,396.902,15000,0,0
Suite_14,Deferred_Volume,0,1946,1.88155,0.616278,0.037056,0.11264,0.44032,2.51496,397.62,15000,0,0
Suite_14,Deferred_Volume,0,1947,1.88687,0.614991,0.037184,0.111488,0.442368,2.5113,398.2,15000,0,0
Suite_14,Deferred_Volume,0,1948,1.89524,0.609438,0.03744,0.113312,0.4456,2.51553,397.531,15000,0,0
Suite_14,Deferred_Volume,0,1949,1.89608,0.619962,0.038336,0.113344,0.444864,2.519,396.983,15000,0,0
Suite_14,Deferred_Volume,0,1950,1.89352,0.609382,0.038528,0.113088,0.448736,2.53011,395.24,15000,0,0
Suite_14,Deferred_Volume,0,1951,1.89761,0.613743,0.038752,0.114592,0.45104,2.51646,397.384,15000,0,0
Suite_14,Deferred_Volume,0,1952,1.89909,0.619822,0.038624,0.137984,0.46352,2.52372,396.24,15000,0,0
Suite_14,Deferred_Volume,0,1953,1.89744,0.620527,0.037536,0.11456,0.446464,2.54056,393.614,15000,0,0
Suite_14,Deferred_Volume,0,1954,1.8955,0.618107,0.03888,0.113184,0.444224,2.532,394.945,15000,0,0
Suite_14,Deferred_Volume,0,1955,1.89882,0.627857,0.038912,0.114688,0.44832,2.52651,395.803,15000,0,0
Suite_14,Deferred_Volume,0,1956,1.90156,0.622017,0.038912,0.114688,0.444704,2.54097,393.55,15000,0,0
Suite_14,Deferred_Volume,0,1957,1.90963,0.622247,0.039168,0.114944,0.44992,2.5395,393.778,15000,0,0
Suite_14,Deferred_Volume,0,1958,1.90533,0.617866,0.039072,0.114208,0.443648,2.54764,392.521,15000,0,0
Suite_14,Deferred_Volume,0,1959,1.9046,0.609721,0.040096,0.11664,0.445408,2.53614,394.3,15000,0,0
Suite_14,Deferred_Volume,0,1960,1.90351,0.617954,0.040192,0.116128,0.450688,2.52676,395.763,15000,0,0
Suite_14,Deferred_Volume,0,1961,1.9045,0.61558,0.04096,0.1152,0.444832,2.53635,394.268,15000,0,0
Suite_14,Deferred_Volume,0,1962,1.91048,0.618754,0.04048,0.116736,0.454656,2.53411,394.616,15000,0,0
Suite_14,Deferred_Volume,0,1963,1.91666,0.62119,0.039648,0.117856,0.483328,2.55015,392.134,15000,0,0
Suite_14,Deferred_Volume,0,1964,1.90572,0.619408,0.040576,0.115648,0.448128,2.55214,391.828,15000,0,0
Suite_14,Deferred_Volume,0,1965,1.92067,0.620993,0.040992,0.116736,0.448512,2.54158,393.457,15000,0,0
Suite_14,Deferred_Volume,0,1966,1.90846,0.618052,0.041024,0.116608,0.468608,2.55714,391.063,15000,0,0
Suite_14,Deferred_Volume,0,1967,1.9171,0.616569,0.041152,0.116736,0.451808,2.53971,393.746,15000,0,0
Suite_14,Deferred_Volume,0,1968,1.91243,0.621468,0.042208,0.116736,0.446784,2.54729,392.575,15000,0,0
Suite_14,Deferred_Volume,0,1969,1.91931,0.617198,0.042432,0.118656,0.454944,2.55004,392.151,15000,0,0
Suite_14,Deferred_Volume,0,1970,1.92019,0.641006,0.042656,0.117376,0.454752,2.55123,391.967,15000,0,0.152971
Suite_14,Deferred_Volume,0,1971,1.92265,0.641947,0.041312,0.116736,0.477184,2.57474,388.389,15000,0,0.153258
Suite_14,Deferred_Volume,0,1972,1.92637,0.632534,0.04208,0.117856,0.45056,2.57892,387.759,15000,0,0.153549
Suite_14,Deferred_Volume,0,1973,1.92381,0.634741,0.042336,0.118784,0.462752,2.57648,388.126,15000,0,0.153844
Suite_14,Deferred_Volume,0,1974,1.92457,0.647461,0.043008,0.116928,0.45488,2.57363,388.556,15000,0,0.154142
Suite_14,Deferred_Volume,0,1975,1.91791,0.633017,0.042784,0.118464,0.457504,2.58651,386.622,15000,0,0.154445
Suite_14,Deferred_Volume,0,1976,1.92836,0.640898,0.041952,0.118304,0.462848,2.56493,389.874,15000,0,0.154751
Suite_14,Deferred_Volume,0,1977,1.93178,0.660726,0.043008,0.117792,0.454112,2.58556,386.763,15000,0,0.155061
Suite_14,Deferred_Volume,0,1978,1.93052,0.649376,0.04304,0.117568,0.458752,2.60952,383.212,15000,0,0.155374
Suite_14,Deferred_Volume,0,1979,1.92804,0.646564,0.043072,0.118944,0.462848,2.59443,385.442,15000,0,0.329982
Suite_14,Deferred_Volume,0,1980,1.92474,0.634997,0.043008,0.118496,0.461152,2.58929,386.206,15000,0,0.330658
Suite_14,Deferred_Volume,0,1981,1.92793,0.638077,0.043552,0.117536,0.462848,2.58202,387.294,15000,0,0.331343
Suite_14,Deferred_Volume,0,1982,1.9336,0.64094,0.044672,0.118912,0.477536,2.58083,387.471,15000,0,0.429205
Suite_14,Deferred_Volume,0,1983,1.92969,0.635738,0.04496,0.118368,0.46096,2.58953,386.17,15000,0,0.430066
Suite_14,Deferred_Volume,0,1984,1.93237,0.65876,0.044,0.118816,0.46656,2.57983,387.622,15000,0,0.430939
Suite_14,Deferred_Volume,0,1985,1.94673,0.708203,0.045056,0.118976,0.45264,2.61118,382.969,15000,0,0.431821
Suite_14,Deferred_Volume,0,1986,1.93753,0.645885,0.044512,0.119712,0.468992,2.67389,373.988,15000,0,0.432714
Suite_14,Deferred_Volume,0,1987,1.93855,0.640464,0.044864,0.118752,0.45072,2.59698,385.063,15000,0,0.433618
Suite_14,Deferred_Volume,0,1988,1.9291,0.637929,0.044736,0.12,0.462848,2.59357,385.568,15000,0,0.434533
Suite_14,Deferred_Volume,0,1989,1.93024,0.634081,0.04496,0.122048,0.462848,2.58321,387.115,15000,0,0.43546
Suite_14,Deferred_Volume,0,1990,1.93313,0.643108,0.045056,0.120832,0.466944,2.57908,387.735,15000,0,0.584573
Suite_14,Deferred_Volume,0,1991,1.93013,0.640686,0.045216,0.122496,0.459872,2.59053,386.021,15000,0,0.585838
Suite_14,Deferred_Volume,0,1992,1.92934,0.63725,0.046272,0.122528,0.46864,2.58431,386.951,15000,0,0.587118
Suite_14,Deferred_Volume,0,1993,1.93591,0.640941,0.04576,0.12272,0.473088,2.58351,387.07,15000,0,0.588414
Suite_14,Deferred_Volume,0,1994,1.93001,0.638413,0.046368,0.12288,0.473248,2.59158,385.865,15000,0,0.589724
Suite_14,Deferred_Volume,0,1995,1.93201,0.643758,0.046688,0.123552,0.46528,2.58668,386.595,15000,0,0.591049
Suite_14,Deferred_Volume,0,1996,1.93261,0.638856,0.04528,0.124192,0.468992,2.58956,386.165,15000,0,0.59239
Suite_14,Deferred_Volume,0,1997,1.93058,0.627366,0.046848,0.123552,0.472416,2.58718,386.521,15000,0,0.775792
Suite_14,Deferred_Volume,0,1998,1.93067,0.646342,0.045504,0.124384,0.475136,2.57233,388.752,15000,0,0.86995
Suite_14,Deferred_Volume,0,1999,1.92941,0.631777,0.047104,0.124544,0.472992,2.59126,385.913,15000,0,0.871919
Suite_14,Deferred_Volume,0,2000,1.93823,0.641619,0.045536,0.126464,0.474176,2.57465,388.402,15000,0,0.873909
Suite_14,Deferred_Volume,0,2001,1.9386,0.650327,0.046976,0.146048,0.493312,2.59551,385.28,15000,0,0.875923
Suite_14,Deferred_Volume,0,2002,1.93227,0.644485,0.046656,0.125952,0.472768,2.604,384.025,15000,0,0.877959
Suite_14,Deferred_Volume,0,2003,1.93984,0.648594,0.047104,0.128,0.471552,2.5905,386.026,15000,0,0.880018
Suite_14,Deferred_Volume,0,2004,1.93832,0.633729,0.047104,0.126976,0.475232,2.60352,384.095,15000,0,0.8821
Suite_14,Deferred_Volume,0,2005,1.93697,0.635127,0.047104,0.130208,0.476896,2.58866,386.3,15000,0,0.884206
Suite_14,Deferred_Volume,0,2006,1.94542,0.646595,0.063488,0.127072,0.49792,2.58686,386.57,15000,0,0.886335
Suite_14,Deferred_Volume,0,2007,1.94106,0.631371,0.047264,0.128288,0.48128,2.60692,383.594,15000,0,0.888488
Suite_14,Deferred_Volume,0,2008,1.93878,0.643534,0.047712,0.129312,0.479232,2.58656,386.615,15000,0,0.890664
Suite_14,Deferred_Volume,0,2009,1.93743,0.636413,0.047776,0.155168,0.501216,2.59871,384.807,15000,0,0.973233
Suite_14,Deferred_Volume,0,2010,1.94648,0.663142,0.048384,0.13104,0.475776,2.59904,384.758,15000,0,0.975595
Suite_14,Deferred_Volume,0,2011,1.94163,0.666469,0.048032,0.13136,0.474496,2.62578,380.839,15000,0,0.977983
Suite_14,Deferred_Volume,0,2012,1.94247,0.647987,0.048736,0.13168,0.483648,2.62467,381.001,15000,0,1.13698
Suite_14,Deferred_Volume,0,2013,1.94257,0.638155,0.047328,0.13312,0.485376,2.60784,383.459,15000,0,1.13978
Suite_14,Deferred_Volume,0,2014,1.9371,0.640793,0.063264,0.133472,0.50256,2.59579,385.24,15000,0,1.14261
Suite_14,Deferred_Volume,0,2015,1.9414,0.640021,0.04912,0.133344,0.487712,2.59219,385.773,15000,0,1.4621
Suite_14,Deferred_Volume,0,2016,1.94498,0.697307,0.048096,0.135168,0.481344,2.596,385.209,15000,0,1.46575
Suite_14,Deferred_Volume,0,2017,1.95249,0.705914,0.05248,0.1376,0.503904,2.66147,375.732,15000,0,1.46943
Suite_14,Deferred_Volume,0,2018,1.94576,0.675447,0.048928,0.135808,0.489472,2.67834,373.365,15000,0,1.47316
Suite_14,Deferred_Volume,0,2019,1.9572,0.699643,0.049152,0.135168,0.483488,2.63809,379.062,15000,0,1.47693
Suite_14,Deferred_Volume,0,2020,1.94468,0.70317,0.049152,0.136928,0.48128,2.67426,373.935,15000,0,1.48073
Suite_14,Deferred_Volume,0,2021,1.94483,0.69429,0.049152,0.138496,0.481696,2.66895,374.68,15000,0,1.55822
Suite_14,Deferred_Volume,0,2022,1.95583,0.711128,0.049152,0.138592,0.508448,2.65824,376.188,15000,0,1.56224
Suite_14,Deferred_Volume,0,2023,1.96235,0.702087,0.050208,0.142368,0.491232,2.68555,372.363,15000,0,1.56631
Suite_14,Deferred_Volume,0,2024,1.94884,0.695616,0.049856,0.139712,0.490656,2.68305,372.71,15000,0,1.57042
Suite_14,Deferred_Volume,0,2025,1.96516,0.7442,0.049152,0.140736,0.495616,2.66452,375.302,15000,0,1.57457
Suite_14,Deferred_Volume,0,2026,1.94878,0.707211,0.05072,0.141984,0.49056,2.8008,357.041,15000,0,1.57876
Suite_14,Deferred_Volume,0,2027,1.9712,0.726926,0.050208,0.161056,0.516672,2.72516,366.951,15000,0,1.583
Suite_14,Deferred_Volume,0,2028,1.94214,0.722953,0.049376,0.143168,0.493568,2.7179,367.931,15000,0,1.58728
Suite_14,Deferred_Volume,0,2029,1.95282,0.709276,0.049952,0.14512,0.495616,2.68568,372.344,15000,0,1.66471
Suite_14,Deferred_Volume,0,2030,1.95508,0.706554,0.051168,0.145248,0.499808,2.68321,372.688,15000,0,1.66922
Suite_14,Deferred_Volume,0,2031,1.94879,0.710619,0.051008,0.147488,0.502144,2.68064,373.045,15000,0,1.67377
Suite_14,Deferred_Volume,0,2032,1.96625,0.715103,0.049952,0.147456,0.525888,2.67932,373.229,15000,0,1.7839
Suite_14,Deferred_Volume,0,2033,1.95004,0.710596,0.050944,0.149472,0.50672,2.70213,370.079,15000,0,1.78877
Suite_14,Deferred_Volume,0,2034,1.94565,0.673657,0.050816,0.15024,0.507904,2.68202,372.853,15000,0,1.7937
Suite_14,Deferred_Volume,0,2035,1.95681,0.711565,0.050976,0.148992,0.514912,2.63578,379.394,15000,0,1.79867
Suite_14,Deferred_Volume,0,2036,1.94512,0.663356,0.0512,0.150912,0.5064,2.69257,371.393,15000,0,1.80369
Suite_14,Deferred_Volume,0,2037,1.94546,0.653088,0.050176,0.1536,0.504896,2.62651,380.733,15000,0,1.80876
Suite_14,Deferred_Volume,0,2038,1.93521,0.648556,0.050976,0.151808,0.505856,2.62325,381.207,15000,0,1.81389
Suite_14,Deferred_Volume,0,2039,1.93565,0.642419,0.0512,0.155744,0.515936,2.59902,384.76,15000,0,1.81906
Suite_14,Deferred_Volume,0,2040,1.94338,0.651513,0.051328,0.173696,0.524608,2.59236,385.749,15000,0,1.82429
Suite_14,Deferred_Volume,0,2041,1.94559,0.637458,0.0512,0.1568,0.509504,2.61117,382.97,15000,0,1.91744
Suite_14,Deferred_Volume,0,2042,1.9469,0.64746,0.0512,0.155648,0.514272,2.59865,384.815,15000,0,1.92296
Suite_14,Deferred_Volume,0,2043,1.94615,0.642376,0.051296,0.155648,0.505856,2.60941,383.228,15000,0,1.92854
Suite_14,Deferred_Volume,0,2044,1.93718,0.637747,0.052448,0.159616,0.511456,2.60281,384.2,15000,0,1.93417
Suite_14,Deferred_Volume,0,2045,1.94092,0.650362,0.0512,0.158752,0.509952,2.59107,385.941,15000,0,1.93986
Suite_14,Deferred_Volume,0,2046,1.93874,0.640899,0.0512,0.159744,0.516096,2.60717,383.558,15000,0,1.9456
Suite_14,Deferred_Volume,0,2047,1.94099,0.638397,0.051264,0.161664,0.509952,2.59408,385.493,15000,0,1.95139
Suite_14,Deferred_Volume,0,2048,1.94879,0.646015,0.0512,0.18608,0.537792,2.59311,385.637,15000,0,2.03715
Suite_14,Deferred_Volume,0,2049,1.9394,0.63675,0.052384,0.16384,0.521088,2.61104,382.989,15000,0,2.04322
Suite_14,Deferred_Volume,0,2050,1.93733,0.636644,0.052896,0.164192,0.511616,2.59242,385.74,15000,0,2.04935
Suite_14,Deferred_Volume,0,2051,1.94401,0.647727,0.053056,0.164416,0.536992,2.58814,386.378,15000,0,2.05554
Suite_14,Deferred_Volume,0,2052,1.94021,0.650994,0.052512,0.164768,0.526336,2.60776,383.47,15000,0,2.06178
Suite_14,Deferred_Volume,0,2053,1.93832,0.653755,0.05264,0.16688,0.52224,2.60962,383.197,15000,0,2.12879
Suite_14,Deferred_Volume,0,2054,1.93601,0.640355,0.052928,0.166656,0.523072,2.60962,383.198,15000,0,2.13527
Suite_14,Deferred_Volume,0,2055,1.94812,0.669144,0.052096,0.169728,0.52784,2.5908,385.981,15000,0,2.14182
Suite_14,Deferred_Volume,0,2056,1.94498,0.651195,0.053248,0.186656,0.546496,2.63368,379.697,15000,0,2.14842
Suite_14,Deferred_Volume,0,2057,1.94727,0.644743,0.053056,0.170144,0.528992,2.61392,382.567,15000,0,2.15509
Suite_14,Deferred_Volume,0,2058,1.94501,0.642141,0.053248,0.171328,0.524608,2.6089,383.304,15000,0,2.16182
Suite_14,Deferred_Volume,0,2059,1.93889,0.639974,0.053248,0.171136,0.528,2.60247,384.25,15000,0,2.16862
Suite_14,Deferred_Volume,0,2060,1.94418,0.646613,0.053248,0.172256,0.528288,2.59313,385.634,15000,0,2.17548
Suite_14,Deferred_Volume,0,2061,1.94735,0.6419,0.052224,0.17408,0.521856,2.61295,382.709,15000,0,2.1824
Suite_14,Deferred_Volume,0,2062,1.93975,0.644007,0.052192,0.17584,0.528448,2.60597,383.734,15000,0,2.18939
Suite_14,Deferred_Volume,0,2063,1.94811,0.637592,0.053248,0.176128,0.52992,2.59838,384.855,15000,0,2.19644
Suite_14,Deferred_Volume,0,2064,1.9401,0.645021,0.053536,0.19392,0.554464,2.6002,384.586,15000,0,2.20356
Suite_14,Deferred_Volume,0,2065,1.94144,0.638034,0.053472,0.17904,0.53616,2.60187,384.339,15000,0,2.34639
Suite_14,Deferred_Volume,0,2066,1.94412,0.632312,0.054624,0.179104,0.534624,2.59539,385.298,15000,0,2.35401
Suite_14,Deferred_Volume,0,2067,1.95234,0.650445,0.0536,0.178304,0.534144,2.5978,384.941,15000,0,2.36171
Suite_14,Deferred_Volume,0,2068,1.93864,0.641534,0.05344,0.179904,0.540416,2.61841,381.911,15000,0,2.36948
Suite_14,Deferred_Volume,0,2069,1.95231,0.640909,0.053792,0.181728,0.535584,2.59781,384.94,15000,0,2.37732
Suite_14,Deferred_Volume,0,2070,1.94964,0.658803,0.060832,0.182112,0.545216,2.6096,383.201,15000,128,2.38528
Suite_14,Deferred_Volume,0,2071,1.94711,0.65428,0.06144,0.18352,0.5512,2.62329,381.201,15000,128,2.39327
Suite_14,Deferred_Volume,0,2072,1.95248,0.685295,0.061728,0.18272,0.569088,2.62082,381.56,15000,128,2.40132
Suite_14,Deferred_Volume,0,2073,1.95658,0.657279,0.06352,0.185632,0.55424,2.65729,376.324,15000,128,2.40946
Suite_14,Deferred_Volume,0,2074,1.94999,0.656552,0.0608,0.184288,0.544768,2.63107,380.073,15000,128,2.41766
Suite_14,Deferred_Volume,0,2075,1.94921,0.658268,0.061664,0.219072,0.57936,2.62784,380.541,15000,128,2.42595
Suite_14,Deferred_Volume,0,2076,1.94609,0.654858,0.065536,0.187072,0.5632,2.62258,381.304,15000,128,2.4343
Suite_14,Deferred_Volume,0,2077,1.95187,0.664477,0.062624,0.18848,0.559456,2.61737,382.063,15000,128,2.44273
Suite_14,Deferred_Volume,0,2078,1.95583,0.657404,0.06144,0.190272,0.557376,2.63365,379.701,15000,128,2.45124
Suite_14,Deferred_Volume,0,2079,1.95088,0.655637,0.061792,0.191776,0.558624,2.62868,380.419,15000,128,2.45983
Suite_14,Deferred_Volume,0,2080,1.95338,0.670109,0.064576,0.190336,0.5696,2.62064,381.586,15000,128,2.46849
Suite_14,Deferred_Volume,0,2081,1.94407,0.670708,0.06208,0.190464,0.5568,2.64064,378.696,15000,128,2.47723
Suite_14,Deferred_Volume,0,2082,1.94592,0.668666,0.063232,0.192896,0.559104,2.63036,380.176,15000,128,2.48605
Suite_14,Deferred_Volume,0,2083,1.9507,0.672292,0.062272,0.193664,0.550912,2.62979,380.259,15000,384,2.49508
Suite_14,Deferred_Volume,0,2084,1.96349,0.664238,0.065376,0.194176,0.568192,2.63774,379.113,15000,384,2.50406
Suite_14,Deferred_Volume,0,2085,1.94437,0.666306,0.060288,0.19408,0.559104,2.64462,378.126,15000,384,2.51312
Suite_14,Deferred_Volume,0,2086,1.95148,0.664827,0.06608,0.194816,0.565248,2.62678,380.694,15000,768,2.61694
Suite_14,Deferred_Volume,0,2087,1.95351,0.661534,0.067584,0.196608,0.561248,2.63131,380.039,15000,1024,2.62672
Suite_14,Deferred_Volume,0,2088,1.95282,0.670466,0.065344,0.196224,0.582592,2.62959,380.288,15000,1024,2.63627
Suite_14,Deferred_Volume,0,2089,1.95183,0.664966,0.066784,0.200704,0.561888,2.64068,378.691,15000,1024,2.6459
Suite_14,Deferred_Volume,0,2090,1.95387,0.672692,0.065696,0.197376,0.561152,2.63325,379.759,15000,1024,2.65562
Suite_14,Deferred_Volume,0,2091,1.94515,0.666625,0.065536,0.200192,0.572032,2.64176,378.536,15000,1152,2.66589
Suite_14,Deferred_Volume,0,2092,1.95205,0.663929,0.064416,0.20176,0.566336,2.62665,380.713,15000,1280,2.67596
Suite_14,Deferred_Volume,0,2093,1.95852,0.86384,0.065536,0.755552,1.12294,2.63302,379.792,15000,1408,2.68623
Suite_14,Deferred_Volume,0,2094,1.96132,0.6729,0.06608,0.200896,0.568384,2.84169,351.904,15000,1408,2.6963
Suite_14,Deferred_Volume,0,2095,1.96034,0.666115,0.06512,0.20512,0.57424,2.65656,376.427,15000,1664,2.7068
Suite_14,Deferred_Volume,0,2096,1.95189,0.678764,0.064992,0.232064,0.595488,2.64189,378.517,15000,1664,2.71705
Suite_14,Deferred_Volume,0,2097,1.96145,0.6666,0.063296,0.205344,0.579488,2.64903,377.497,15000,2048,2.72789
Suite_14,Deferred_Volume,0,2098,1.9594,0.674843,0.064768,0.204864,0.572544,2.64543,378.01,15000,2048,2.73832
Suite_14,Deferred_Volume,0,2099,1.97739,0.756998,0.064768,0.206816,0.573536,2.65089,377.231,15000,2048,2.74884
Suite_14,Deferred_Volume,0,2100,1.97119,0.717808,0.0656,0.208448,0.579584,2.75712,362.698,15000,2176,2.90412
Suite_14,Deferred_Volume,0,2101,1.9699,0.689023,0.064192,0.206848,0.59392,2.71082,368.891,15000,2176,2.91528
Suite_14,Deferred_Volume,0,2102,1.96131,0.685756,0.064832,0.209472,0.581568,2.67786,373.432,15000,2176,2.92653
Suite_14,Deferred_Volume,0,2103,1.95936,0.67661,0.065536,0.208896,0.577856,2.66439,375.32,15000,2176,2.93789
Suite_14,Deferred_Volume,0,2104,1.96045,0.66988,0.063488,0.210528,0.56736,2.65323,376.9,15000,2304,2.9494
Suite_14,Deferred_Volume,0,2105,1.96514,0.667325,0.065152,0.213152,0.585536,2.64851,377.57,15000,2432,2.9612
Suite_14,Deferred_Volume,0,2106,1.96394,0.680606,0.067776,0.23328,0.606112,2.64922,377.469,15000,2560,2.97306
Suite_14,Deferred_Volume,0,2107,1.9673,0.669094,0.065536,0.212416,0.586592,2.66202,375.655,15000,2816,2.98534
Suite_14,Deferred_Volume,0,2108,1.9649,0.668151,0.066368,0.214208,0.577536,2.65316,376.909,15000,2816,2.99719
Suite_14,Deferred_Volume,0,2109,1.96408,0.679871,0.065536,0.241664,0.614592,2.6502,377.329,15000,2816,3.00915
Suite_14,Deferred_Volume,0,2110,1.9682,0.669859,0.064608,0.215712,0.587872,2.66183,375.682,15000,2944,3.02159
Suite_14,Deferred_Volume,0,2111,1.96658,0.675773,0.066752,0.21376,0.587712,2.65414,376.77,15000,2944,3.03376
Suite_14,Deferred_Volume,0,2112,1.96067,0.665838,0.067168,0.216128,0.590848,2.65828,376.183,15000,2944,3.04603
Suite_14,Deferred_Volume,0,2113,1.96533,0.662409,0.06352,0.21792,0.588736,2.64386,378.234,15000,2944,3.05841
Suite_14,Deferred_Volume,0,2114,1.96565,0.677779,0.06784,0.216736,0.606208,2.64391,378.228,15000,2944,3.07089
Suite_14,Deferred_Volume,0,2115,1.96129,0.674246,0.064992,0.218944,0.586656,2.66069,375.843,15000,2944,3.08348
Suite_14,Deferred_Volume,0,2116,1.96205,0.677397,0.067616,0.219072,0.595968,2.65295,376.939,15000,2944,3.09617
Suite_14,Deferred_Volume,0,2117,1.96495,0.66473,0.064256,0.219136,0.5816,2.65962,375.993,15000,2944,3.10898
Suite_14,Deferred_Volume,0,2118,1.96442,0.67039,0.06976,0.22096,0.587776,2.64741,377.728,15000,3072,3.18699
Suite_14,Deferred_Volume,0,2119,1.97453,0.674068,0.067584,0.221088,0.612448,2.65051,377.286,15000,3328,3.20046
Suite_14,Deferred_Volume,0,2120,1.9705,0.666239,0.065376,0.220768,0.595392,2.66603,375.09,15000,3584,3.21395
Suite_14,Deferred_Volume,0,2121,1.96901,0.667821,0.066464,0.221184,0.597504,2.65553,376.573,15000,3840,3.22753
Suite_14,Deferred_Volume,0,2122,1.96966,0.675124,0.065536,0.223136,0.604384,2.65392,376.801,15000,3968,3.2414
Suite_14,Deferred_Volume,0,2123,1.97108,0.662474,0.067296,0.223584,0.588256,2.66866,374.719,15000,3968,3.25504
Suite_14,Deferred_Volume,0,2124,1.97109,0.674162,0.071552,0.22336,0.594176,2.65037,377.306,15000,3968,3.26879
Suite_14,Deferred_Volume,0,2125,1.96957,0.663963,0.068928,0.225632,0.595584,2.66404,375.369,15000,3968,3.28265
Suite_14,Deferred_Volume,0,2126,1.97083,0.659779,0.06832,0.22688,0.599072,2.65123,377.183,15000,3968,3.29663
Suite_14,Deferred_Volume,0,2127,1.97213,0.676088,0.080256,0.225312,0.626688,2.64669,377.831,15000,3968,3.31073
Suite_14,Deferred_Volume,0,2128,1.97006,0.668507,0.067584,0.227328,0.60528,2.66479,375.263,15000,4224,3.32546
Suite_14,Deferred_Volume,0,2129,1.97106,0.668499,0.068384,0.22736,0.593408,2.65635,376.457,15000,4352,3.33989
Suite_14,Deferred_Volume,0,2130,1.97256,0.670876,0.0696,0.226208,0.59968,2.65741,376.306,15000,4352,3.35434
Suite_14,Deferred_Volume,0,2131,1.98082,0.697374,0.067584,0.227328,0.603552,2.65946,376.016,15000,4480,3.36897
Suite_14,Deferred_Volume,0,2132,1.98196,0.676198,0.066336,0.227328,0.600064,2.69635,370.872,15000,4480,3.38367
Suite_14,Deferred_Volume,0,2133,1.97754,0.671016,0.068928,0.230048,0.59968,2.67813,373.394,15000,4608,3.39866
Suite_14,Deferred_Volume,0,2134,1.97167,0.665766,0.06656,0.228288,0.595968,2.66683,374.977,15000,4736,3.4138
Suite_14,Deferred_Volume,0,2135,1.97716,0.673095,0.069536,0.229376,0.604192,2.65325,376.896,15000,4736,3.42887
Suite_14,Deferred_Volume,0,2136,1.97254,0.675168,0.067744,0.23088,0.608128,2.66743,374.892,15000,4608,3.44385
Suite_14,Deferred_Volume,0,2137,1.97297,0.674318,0.07008,0.231424,0.603296,2.66585,375.115,15000,4608,3.45918
Suite_14,Deferred_Volume,0,2138,1.9718,0.667072,0.068864,0.2304,0.604128,2.66495,375.242,15000,4736,3.47478
Suite_14,Deferred_Volume,0,2139,1.97406,0.665534,0.06768,0.232064,0.606208,2.65489,376.663,15000,4736,3.49036
Suite_14,Deferred_Volume,0,2140,1.97514,0.675752,0.07168,0.261376,0.64112,2.65588,376.522,15000,4736,3.50606
Suite_14,Deferred_Volume,0,2141,1.97289,0.663226,0.069632,0.234624,0.60848,2.66937,374.62,15000,4736,3.52189
Suite_14,Deferred_Volume,0,2142,1.97744,0.670125,0.069632,0.235104,0.603488,2.65436,376.739,15000,4736,3.53786
Suite_14,Deferred_Volume,0,2143,1.98007,0.66785,0.080448,0.233472,0.608096,2.66453,375.301,15000,4736,3.55395
Suite_14,Deferred_Volume,0,2144,1.97491,0.661806,0.07168,0.23552,0.605056,2.66411,375.36,15000,4864,3.57028
Suite_14,Deferred_Volume,0,2145,1.96856,0.671944,0.068832,0.23568,0.609856,2.65454,376.713,15000,4992,3.58674
Suite_14,Deferred_Volume,0,2146,1.97676,0.67886,0.069632,0.235744,0.610816,2.65845,376.159,15000,5120,3.60335
Suite_14,Deferred_Volume,0,2147,1.97736,0.669073,0.069056,0.235552,0.60848,2.67319,374.085,15000,5376,3.62031
Suite_14,Deferred_Volume,0,2148,1.97652,0.680438,0.072832,0.234464,0.606144,2.66321,375.486,15000,5504,3.63737
Suite_14,Deferred_Volume,0,2149,1.98093,0.675031,0.0696,0.236352,0.611456,2.67686,373.571,15000,5504,3.7106
Suite_14,Deferred_Volume,0,2150,1.97649,0.673437,0.068416,0.237152,0.603296,2.67394,373.979,15000,5504,3.72777
Suite_14,Deferred_Volume,0,2151,1.97982,0.667134,0.071168,0.237344,0.617504,2.66745,374.89,15000,5504,3.74508
Suite_14,Deferred_Volume,0,2152,1.97929,0.676068,0.07168,0.238688,0.612032,2.6702,374.504,15000,5504,3.76253
Suite_14,Deferred_Volume,0,2153,1.98355,0.673202,0.069632,0.265792,0.635104,2.67433,373.926,15000,5504,3.78012
Suite_14,Deferred_Volume,0,2154,1.98449,0.676811,0.069952,0.239488,0.615936,2.67545,373.768,15000,5632,3.79814
Suite_14,Deferred_Volume,0,2155,1.97721,0.673108,0.07168,0.239616,0.61872,2.67855,373.336,15000,5760,3.81636
Suite_14,Deferred_Volume,0,2156,1.98104,0.669052,0.077824,0.23824,0.6208,2.66812,374.796,15000,5760,3.83437
Suite_14,Deferred_Volume,0,2157,1.97894,0.667467,0.067712,0.239616,0.616256,2.66859,374.729,15000,5760,3.85253
Suite_14,Deferred_Volume,0,2158,1.97564,0.676355,0.07168,0.2408,0.608,2.66407,375.365,15000,5760,3.92741
Suite_14,Deferred_Volume,0,2159,1.97957,0.664048,0.072192,0.240736,0.612352,2.66912,374.655,15000,5760,3.946
Suite_14,Deferred_Volume,0,2160,1.97788,0.666784,0.06848,0.241088,0.614336,2.66134,375.751,15000,5760,3.96473
Suite_14,Deferred_Volume,0,2161,1.97928,0.675784,0.07168,0.239616,0.613056,2.6635,375.446,15000,5760,3.98361
Suite_14,Deferred_Volume,0,2162,1.97885,0.666855,0.069632,0.241728,0.615424,2.67484,373.854,15000,5760,4.00264
Suite_14,Deferred_Volume,0,2163,1.97837,0.674913,0.071264,0.241632,0.612352,2.66322,375.486,15000,5888,4.02195
Suite_14,Deferred_Volume,0,2164,1.97945,0.670771,0.070848,0.24032,0.612352,2.67125,374.357,15000,6016,4.04153
Suite_14,Deferred_Volume,0,2165,1.97935,0.664319,0.07168,0.241664,0.612032,2.67001,374.53,15000,6016,4.06101
Suite_14,Deferred_Volume,0,2166,1.98205,0.677557,0.074592,0.265888,0.64512,2.66181,375.685,15000,6016,4.08064
Suite_14,Deferred_Volume,0,2167,1.98108,0.667247,0.069504,0.242144,0.610304,2.67771,373.453,15000,6016,4.10042
Suite_14,Deferred_Volume,0,2168,1.98121,0.669245,0.07024,0.243712,0.616448,2.66643,375.033,15000,6016,4.12036
Suite_14,Deferred_Volume,0,2169,1.98496,0.705618,0.073888,0.243808,0.633792,2.66995,374.538,15000,6016,4.14045
Suite_14,Deferred_Volume,0,2170,1.98101,0.674086,0.069216,0.243936,0.611296,2.71114,368.849,15000,6016,4.16069
Suite_14,Deferred_Volume,0,2171,1.97986,0.673751,0.069632,0.242368,0.615424,2.67299,374.113,15000,6144,4.18131
Suite_14,Deferred_Volume,0,2172,1.98203,0.677237,0.075776,0.24576,0.628,2.67221,374.222,15000,6144,4.20187
Suite_14,Deferred_Volume,0,2173,1.97929,0.663467,0.069632,0.24576,0.624448,2.67958,373.193,15000,6144,4.22258
Suite_14,Deferred_Volume,0,2174,1.97938,0.674384,0.07168,0.247808,0.638976,2.66031,375.896,15000,6144,4.24345
Suite_14,Deferred_Volume,0,2175,1.97798,0.670781,0.071296,0.24576,0.620544,2.67151,374.32,15000,6144,4.26448
Suite_14,Deferred_Volume,0,2176,1.98123,0.674893,0.071456,0.24544,0.624672,2.66572,375.134,15000,6272,4.28589
Suite_14,Deferred_Volume,0,2177,1.98416,0.674944,0.071392,0.2456,0.620544,2.67614,373.673,15000,6272,4.30724
Suite_14,Deferred_Volume,0,2178,1.97447,0.66878,0.072352,0.246816,0.62672,2.67741,373.495,15000,6272,4.32874
Suite_14,Deferred_Volume,0,2179,1.97934,0.683185,0.069408,0.270528,0.643328,2.66413,375.356,15000,6272,4.35041
Suite_14,Deferred_Volume,0,2180,1.97876,0.691012,0.068992,0.245856,0.616352,2.68482,372.465,15000,6272,4.37224
Suite_14,Deferred_Volume,0,2181,1.98105,0.682367,0.069696,0.246304,0.626688,2.69093,371.619,15000,6272,4.39424
Suite_14,Deferred_Volume,0,2182,1.98395,0.677866,0.088128,0.246144,0.644224,2.68224,372.822,15000,6400,4.41648
Suite_14,Deferred_Volume,0,2183,1.97963,0.672703,0.071552,0.246336,0.624384,2.67925,373.239,15000,6016,4.43793
Suite_14,Deferred_Volume,0,2184,1.98023,0.678185,0.069728,0.24608,0.6144,2.66951,374.601,15000,6144,4.46051
Suite_14,Deferred_Volume,0,2185,1.97892,0.67103,0.07168,0.247264,0.622976,2.6785,373.343,15000,6144,4.48315
Suite_14,Deferred_Volume,0,2186,1.97843,0.66916,0.069472,0.24576,0.6208,2.6686,374.728,15000,6144,4.50596
Suite_14,Deferred_Volume,0,2187,1.98219,0.671887,0.073504,0.267936,0.64512,2.66428,375.336,15000,6144,4.52893
Suite_14,Deferred_Volume,0,2188,1.98367,0.673064,0.071456,0.246048,0.626688,2.67177,374.284,15000,6144,4.55207
Suite_14,Deferred_Volume,0,2189,1.9786,0.672414,0.067584,0.247808,0.61424,2.67534,373.784,15000,6144,4.57538
Suite_14,Deferred_Volume,0,2190,1.98319,0.67741,0.073728,0.247584,0.62912,2.66956,374.593,15000,6144,4.59886
Suite_14,Deferred_Volume,0,2191,1.97946,0.679084,0.070464,0.247552,0.620416,2.67822,373.383,15000,6272,4.62271
Suite_14,Deferred_Volume,0,2192,1.98016,0.685615,0.07168,0.272384,0.64928,2.6755,373.762,15000,6272,4.64653
Suite_14,Deferred_Volume,0,2193,1.98203,0.665915,0.073728,0.248608,0.623168,2.68549,372.372,15000,6144,4.67009
Suite_14,Deferred_Volume,0,2194,1.97999,0.677609,0.071808,0.247808,0.620288,2.66675,374.988,15000,6144,4.69424
Suite_14,Deferred_Volume,0,2195,1.9822,0.677282,0.073728,0.248832,0.621216,2.67585,373.713,15000,6144,4.71855
Suite_14,Deferred_Volume,0,2196,1.98244,0.67822,0.068416,0.249856,0.62848,2.6763,373.65,15000,6144,4.74304
Suite_14,Deferred_Volume,0,2197,1.98141,0.677997,0.071552,0.248224,0.622272,2.6809,373.009,15000,6144,4.7677
Suite_14,Deferred_Volume,0,2198,1.98315,0.684872,0.072256,0.249632,0.626688,2.67844,373.351,15000,6144,4.79253
Suite_14,Deferred_Volume,0,2199,1.97961,0.661813,0.073856,0.248608,0.63072,2.68578,372.332,15000,6016,4.81684
Suite_14,Deferred_Volume,0,2200,1.98176,0.685642,0.075168,0.276256,0.647872,2.65775,376.258,15000,6144,4.84226
Suite_14,Deferred_Volume,0,2201,1.98262,0.683041,0.07168,0.25024,0.630784,2.68693,372.172,15000,6144,4.8676
Suite_14,Deferred_Volume,0,2202,1.97977,0.671941,0.070912,0.24864,0.620544,2.68395,372.585,15000,6272,4.89334
Suite_14,Deferred_Volume,0,2203,1.98552,0.678159,0.07344,0.24816,0.628128,2.6692,374.644,15000,6400,4.91936
Suite_14,Deferred_Volume,0,2204,1.98309,0.669158,0.075776,0.248448,0.623584,2.68092,373.006,15000,6400,4.94521
Suite_14,Deferred_Volume,0,2205,1.98906,0.670096,0.083584,0.248032,0.666272,2.67123,374.36,15000,6272,4.97113
Suite_14,Deferred_Volume,0,2206,1.98271,0.697132,0.071712,0.249312,0.6216,2.67779,373.442,15000,6272,4.99711
Suite_14,Deferred_Volume,0,2207,1.98732,0.691155,0.071424,0.248128,0.616416,2.69896,370.513,15000,6272,5.02347
Suite_14,Deferred_Volume,0,2208,1.9809,0.675081,0.07456,0.247808,0.627072,2.69704,370.777,15000,6016,5.04872
Suite_14,Deferred_Volume,0,2209,1.97296,0.668354,0.073504,0.24976,0.620448,2.68368,372.622,15000,5760,5.07481
Suite_14,Deferred_Volume,0,2210,1.97805,0.678607,0.073184,0.246752,0.651552,2.65888,376.099,15000,6016,5.10192
Suite_14,Deferred_Volume,0,2211,1.98074,0.684165,0.073504,0.247872,0.625728,2.67441,373.914,15000,6016,5.12897
Suite_14,Deferred_Volume,0,2212,2.00649,0.743836,0.074656,0.248928,0.62848,2.68244,372.795,15000,6144,5.15637
Suite_14,Deferred_Volume,0,2213,1.99067,0.742329,0.07504,0.2752,0.646944,2.77319,360.595,15000,6272,5.18386
Suite_14,Deferred_Volume,0,2214,1.98339,0.68487,0.071808,0.249856,0.622144,2.75395,363.114,15000,6272,5.21141
Suite_14,Deferred_Volume,0,2215,1.98315,0.686455,0.075776,0.249856,0.628928,2.68612,372.284,15000,6272,5.23914
Suite_14,Deferred_Volume,0,2216,1.98863,0.679996,0.071104,0.248416,0.621504,2.68707,372.153,15000,6272,5.26704
Suite_14,Deferred_Volume,0,2217,1.98288,0.685469,0.072288,0.247808,0.630784,2.68773,372.061,15000,6272,5.29511
Suite_14,Deferred_Volume,0,2218,1.98455,0.702327,0.072544,0.272384,0.64096,2.68674,372.198,15000,6272,5.32335
Suite_14,Deferred_Volume,0,2219,1.9748,0.671839,0.07008,0.247808,0.626208,2.71044,368.944,15000,6272,5.35176
Suite_14,Deferred_Volume,0,2220,1.98289,0.700433,0.073952,0.248608,0.62464,2.66405,375.368,15000,6272,5.38033
Suite_14,Deferred_Volume,0,2221,1.98364,0.68945,0.073344,0.248256,0.628736,2.70267,370.004,15000,6272,5.40907
Suite_14,Deferred_Volume,0,2222,1.97907,0.681375,0.07264,0.248992,0.630592,2.69147,371.544,15000,6272,5.43798
Suite_14,Deferred_Volume,0,2223,1.98351,0.690405,0.073728,0.274432,0.655328,2.67786,373.433,15000,6272,5.46707
Suite_14,Deferred_Volume,0,2224,1.9822,0.685571,0.071104,0.247424,0.623616,2.6917,371.512,15000,6272,5.49631
Suite_14,Deferred_Volume,0,2225,1.97647,0.678091,0.075552,0.247808,0.624736,2.68689,372.177,15000,6272,5.52572
Suite_14,Deferred_Volume,0,2226,1.98043,0.686431,0.07168,0.248128,0.633696,2.6745,373.902,15000,6272,5.5553
Suite_14,Deferred_Volume,0,2227,1.98056,0.697009,0.07552,0.246432,0.628736,2.68432,372.534,15000,6272,5.58504
Suite_14,Deferred_Volume,0,2228,1.9799,0.690866,0.073536,0.24416,0.620544,2.69499,371.059,15000,6144,5.61477
Suite_14,Deferred_Volume,0,2229,1.9821,0.688786,0.070688,0.248224,0.625088,2.69203,371.467,15000,6272,5.64489
Suite_14,Deferred_Volume,0,2230,1.97629,0.670966,0.072608,0.24576,0.622592,2.68941,371.829,15000,6272,5.43703
Suite_14,Deferred_Volume,0,2231,1.9806,0.690103,0.074592,0.267392,0.65536,2.66378,375.407,15000,6272,5.4664
Suite_14,Deferred_Volume,0,2232,1.98046,0.68233,0.074336,0.246688,0.62784,2.68913,371.868,15000,6272,5.49592
Suite_14,Deferred_Volume,0,2233,1.98182,0.68433,0.072864,0.246528,0.62432,2.68127,372.957,15000,6016,5.52499
Suite_14,Deferred_Volume,0,2234,1.97893,0.680993,0.071424,0.24576,0.621664,2.68465,372.488,15000,6016,5.55482
Suite_14,Deferred_Volume,0,2235,1.98288,0.677373,0.073728,0.247808,0.62864,2.67666,373.6,15000,6144,5.58497
Suite_14,Deferred_Volume,0,2236,1.97871,0.692974,0.092352,0.249856,0.676544,2.67718,373.527,15000,6144,5.61509
Suite_14,Deferred_Volume,0,2237,1.97834,0.673067,0.0744,0.245888,0.625888,2.69491,371.069,15000,6144,5.64536
Suite_14,Deferred_Volume,0,2238,1.98002,0.678512,0.073664,0.244416,0.620544,2.66986,374.551,15000,6144,5.19309
Suite_14,Deferred_Volume,0,2239,1.98011,0.682062,0.074208,0.245632,0.619616,2.67587,373.71,15000,6016,5.2211
Suite_14,Deferred_Volume,0,2240,1.97796,0.681882,0.074912,0.24592,0.616864,2.67877,373.305,15000,6016,5.24953
Suite_14,Deferred_Volume,0,2241,1.97792,0.669599,0.07168,0.24496,0.648128,2.67853,373.339,15000,5888,5.2776
Suite_14,Deferred_Volume,0,2242,1.98327,0.688461,0.072832,0.245376,0.615872,2.6659,375.108,15000,5888,5.30613
Suite_14,Deferred_Volume,0,2243,1.9822,0.67983,0.070528,0.24576,0.622336,2.68879,371.915,15000,5888,5.33497
Suite_14,Deferred_Volume,0,2244,1.99082,0.708474,0.073472,0.265984,0.64384,2.67894,373.282,15000,5888,5.36395
Suite_14,Deferred_Volume,0,2245,1.97743,0.675202,0.072032,0.24576,0.630304,2.72162,367.428,15000,5760,5.3928
Suite_14,Deferred_Volume,0,2246,1.97697,0.68867,0.07168,0.243072,0.622496,2.67084,374.413,15000,5760,5.42205
Suite_14,Deferred_Volume,0,2247,1.97842,0.665867,0.075872,0.243648,0.619744,2.68292,372.728,15000,5632,5.4508
Suite_14,Deferred_Volume,0,2248,1.97584,0.668692,0.072704,0.243712,0.6248,2.66139,375.744,15000,5504,5.47986
Suite_14,Deferred_Volume,0,2249,1.9742,0.678144,0.075232,0.264416,0.648128,2.66239,375.602,15000,5504,5.50951
Suite_14,Deferred_Volume,0,2250,1.97092,0.664409,0.075776,0.243712,0.62464,2.67102,374.389,15000,5504,5.53928
Suite_14,Deferred_Volume,0,2251,1.97035,0.672369,0.076064,0.243424,0.61664,2.65173,377.112,15000,5504,5.56918
Suite_14,Deferred_Volume,0,2252,1.97811,0.675136,0.073728,0.24352,0.614656,2.66048,375.872,15000,5504,5.03951
Suite_14,Deferred_Volume,0,2253,1.97381,0.66237,0.070368,0.243424,0.622592,2.67126,374.355,15000,5248,5.06597
Suite_14,Deferred_Volume,0,2254,1.97801,0.673997,0.07168,0.241632,0.636928,2.65312,376.914,15000,5248,5.09369
Suite_14,Deferred_Volume,0,2255,1.97075,0.667019,0.072128,0.243712,0.623968,2.66905,374.665,15000,4992,5.12114
Suite_14,Deferred_Volume,0,2256,1.97447,0.662397,0.071104,0.242272,0.623488,2.65425,376.754,15000,5120,5.14934
Suite_14,Deferred_Volume,0,2257,1.97535,0.679576,0.072576,0.262304,0.64512,2.65438,376.736,15000,5120,5.17744
Suite_14,Deferred_Volume,0,2258,1.97534,0.677622,0.07008,0.243424,0.620352,2.67296,374.118,15000,5120,5.20567
Suite_14,Deferred_Volume,0,2259,1.97793,0.674375,0.07056,0.243712,0.616448,2.66957,374.593,15000,5248,5.23409
Suite_14,Deferred_Volume,0,2260,1.97647,0.674793,0.07248,0.243136,0.6144,2.66984,374.554,15000,5248,5.26256
Suite_14,Deferred_Volume,0,2261,1.97255,0.66626,0.073312,0.241664,0.616704,2.67115,374.371,15000,5248,5.29114
Suite_14,Deferred_Volume,0,2262,1.97671,0.673349,0.086752,0.239936,0.667648,2.65628,376.466,15000,5248,5.31984
Suite_14,Deferred_Volume,0,2263,1.97499,0.667793,0.073728,0.243168,0.620352,2.66746,374.888,15000,5248,5.34866
Suite_14,Deferred_Volume,0,2264,1.97077,0.855294,0.60016,0.243712,1.15098,2.65948,376.014,15000,5248,5.37758
Suite_14,Deferred_Volume,0,2265,1.97458,0.673771,0.075968,0.239616,0.624032,2.84642,351.319,15000,5120,5.40621
Suite_14,Deferred_Volume,0,2266,1.96816,0.673462,0.072512,0.241696,0.620736,2.67511,373.816,15000,5120,5.43536
Suite_14,Deferred_Volume,0,2267,1.97356,0.678634,0.070464,0.239616,0.628736,2.65885,376.103,15000,4992,5.46391
Suite_14,Deferred_Volume,0,2268,1.97644,0.667383,0.073728,0.239616,0.616,2.66921,374.642,15000,4992,5.49327
Suite_14,Deferred_Volume,0,2269,1.96908,0.667222,0.070176,0.240512,0.62464,2.66208,375.645,15000,4864,5.52237
Suite_14,Deferred_Volume,0,2270,1.97069,0.701342,0.070208,0.262816,0.63488,2.65357,376.851,15000,4864,5.55192
Suite_14,Deferred_Volume,0,2271,1.97089,0.673638,0.071584,0.239712,0.620704,2.69051,371.677,15000,4736,5.58094
Suite_14,Deferred_Volume,0,2272,1.97246,0.67805,0.073472,0.239168,0.610784,2.66103,375.794,15000,4736,5.61069
Suite_14,Deferred_Volume,0,2273,1.9685,0.678217,0.071616,0.24048,0.621984,2.6695,374.602,15000,4608,5.64039
Suite_14,Deferred_Volume,0,2274,1.97212,0.666377,0.073728,0.239488,0.6104,2.66459,375.292,15000,4608,5.67031
Suite_14,Deferred_Volume,0,2275,1.96915,0.677874,0.0768,0.256992,0.637792,2.65461,376.703,15000,4480,5.20655
Suite_14,Deferred_Volume,0,2276,1.97316,0.681093,0.07008,0.239616,0.612352,2.66466,375.283,15000,4480,5.23435
Suite_14,Deferred_Volume,0,2277,1.96891,0.66756,0.07184,0.23888,0.618496,2.67418,373.947,15000,4608,5.26246
Suite_14,Deferred_Volume,0,2278,1.97067,0.674852,0.070464,0.237568,0.611424,2.65506,376.639,15000,4608,5.29042
Suite_14,Deferred_Volume,0,2279,1.9723,0.667168,0.069824,0.240544,0.616448,2.6619,375.671,15000,4608,5.31847
Suite_14,Deferred_Volume,0,2280,1.97134,0.674575,0.073728,0.237568,0.633216,2.65584,376.529,15000,4608,5.3466
Suite_14,Deferred_Volume,0,2281,1.97549,0.698188,0.07168,0.239424,0.620576,2.66448,375.308,15000,4608,5.37479
Suite_14,Deferred_Volume,0,2282,1.97211,0.685098,0.07168,0.239616,0.616192,2.69413,371.177,15000,4608,5.50704
Suite_14,Deferred_Volume,0,2283,1.97133,0.683962,0.070496,0.258048,0.646752,2.67371,374.012,15000,4608,4.80481
Suite_14,Deferred_Volume,0,2284,1.9733,0.676233,0.072064,0.238304,0.61056,2.67276,374.145,15000,4608,4.83061
Suite_14,Deferred_Volume,0,2285,1.96693,0.680829,0.073728,0.237568,0.61664,2.6679,374.827,15000,4736,4.52266
Suite_14,Deferred_Volume,0,2286,1.96976,0.667934,0.075776,0.2384,0.624992,2.66633,375.048,15000,4736,4.54715
Suite_14,Deferred_Volume,0,2287,1.96706,0.663287,0.07168,0.239808,0.619072,2.65486,376.667,15000,4608,4.57152
Suite_14,Deferred_Volume,0,2288,1.97215,0.679178,0.075296,0.23984,0.660224,2.64611,377.913,15000,4608,4.59619
Suite_14,Deferred_Volume,0,2289,1.96837,0.661252,0.07168,0.239136,0.619424,2.67085,374.412,15000,4608,4.62094
Suite_14,Deferred_Volume,0,2290,1.9704,0.670487,0.070304,0.237888,0.620544,2.64757,377.705,15000,4736,4.64589
Suite_14,Deferred_Volume,0,2291,1.97118,0.670005,0.072288,0.239104,0.6144,2.65743,376.303,15000,4736,4.6708
Suite_14,Deferred_Volume,0,2292,1.97244,0.673793,0.071808,0.237568,0.6144,2.65766,376.27,15000,4736,4.69581
Suite_14,Deferred_Volume,0,2293,1.96837,0.673005,0.07168,0.237376,0.637888,2.66456,375.297,15000,4608,4.72032
Suite_14,Deferred_Volume,0,2294,1.96929,0.678306,0.07168,0.237344,0.608864,2.6648,375.262,15000,4736,4.74554
Suite_14,Deferred_Volume,0,2295,1.96991,0.660729,0.070976,0.239232,0.615072,2.66452,375.302,15000,4736,4.77078
Suite_14,Deferred_Volume,0,2296,1.97518,0.68693,0.071968,0.258048,0.648608,2.64664,377.838,15000,4736,4.79608
Suite_14,Deferred_Volume,0,2297,1.96828,0.684621,0.06976,0.238592,0.61584,2.68164,372.906,15000,4736,4.82147
Suite_14,Deferred_Volume,0,2298,1.97222,0.672955,0.06992,0.23776,0.612128,2.67054,374.457,15000,4736,4.84692
Suite_14,Deferred_Volume,0,2299,1.97254,0.670288,0.073728,0.237568,0.613984,2.66199,375.66,15000,4736,4.87243
Suite_14,Deferred_Volume,0,2300,1.97185,0.669753,0.070656,0.239296,0.618624,2.65889,376.097,15000,4736,4.89802
Suite_14,Deferred_Volume,0,2301,1.96997,0.672193,0.071232,0.262272,0.635584,2.65906,376.073,15000,4736,4.92366
Suite_14,Deferred_Volume,0,2302,1.97369,0.684897,0.071936,0.235584,0.6144,2.66016,375.918,15000,4736,4.94937
Suite_14,Deferred_Volume,0,2303,1.97511,0.677323,0.071456,0.23744,0.610304,2.67604,373.686,15000,4736,4.97514
Suite_14,Deferred_Volume,0,2304,1.97454,0.667367,0.07168,0.23664,0.617088,2.66937,374.62,15000,4736,5.00096
Suite_14,Deferred_Volume,0,2305,1.9671,0.667835,0.071584,0.237632,0.620544,2.65937,376.029,15000,4608,5.02617
Suite_14,Deferred_Volume,0,2306,1.97035,0.711113,0.071296,0.23552,0.612352,2.65183,377.099,15000,4608,5.0521
Suite_14,Deferred_Volume,0,2307,1.97475,0.664568,0.07168,0.238592,0.611936,2.69817,370.621,15000,4608,5.07807
Suite_14,Deferred_Volume,0,2308,1.97155,0.66744,0.07168,0.237568,0.612608,2.65582,376.532,15000,4608,5.10409
Suite_14,Deferred_Volume,0,2309,1.96917,0.683909,0.070624,0.257888,0.64128,2.65805,376.215,15000,4864,5.1303
Suite_14,Deferred_Volume,0,2310,1.96692,0.663904,0.075776,0.23552,0.615136,2.67189,374.267,15000,4864,5.15641
Suite_14,Deferred_Volume,0,2311,1.97128,0.669898,0.074464,0.238592,0.6144,2.64751,377.713,15000,5120,5.183
Suite_14,Deferred_Volume,0,2312,1.97173,0.682062,0.07168,0.23888,0.617888,2.65905,376.074,15000,5120,5.20919
Suite_14,Deferred_Volume,0,2313,1.97405,0.662879,0.072928,0.2376,0.616224,2.67169,374.295,15000,5120,5.23542
Suite_14,Deferred_Volume,0,2314,1.97135,0.682642,0.072608,0.253728,0.63088,2.65429,376.749,15000,5504,5.26235
Suite_14,Deferred_Volume,0,2315,1.97446,0.665081,0.073728,0.237568,0.610848,2.67112,374.375,15000,5632,5.28882
Suite_14,Deferred_Volume,0,2316,1.97265,0.665429,0.073568,0.23808,0.615968,2.65583,376.53,15000,5632,5.31515
Suite_14,Deferred_Volume,0,2317,1.97225,0.692991,0.083104,0.236416,0.621344,2.65575,376.542,15000,5760,5.34157
Suite_14,Deferred_Volume,0,2318,1.97626,0.680043,0.07168,0.238496,0.62464,2.68384,372.601,15000,5888,5.36801
Suite_14,Deferred_Volume,0,2319,1.98483,0.723189,0.07152,0.237504,0.616448,2.67335,374.062,15000,5888,5.39441
Suite_14,Deferred_Volume,0,2320,1.98358,0.697452,0.074912,0.239616,0.620864,2.7287,366.475,15000,5888,5.42084
Suite_14,Deferred_Volume,0,2321,1.97472,0.673255,0.071968,0.239456,0.624128,2.70181,370.123,15000,5888,5.44727
Suite_14,Deferred_Volume,0,2322,1.97274,0.68266,0.07168,0.258048,0.644064,2.66618,375.068,15000,5888,5.47373
Suite_14,Deferred_Volume,0,2323,1.97534,0.671169,0.071776,0.237568,0.620256,2.67992,373.145,15000,5888,5.50019
Suite_14,Deferred_Volume,0,2324,1.97438,0.707497,0.071744,0.237568,0.613984,2.66352,375.443,15000,6016,5.5269
Suite_14,Deferred_Volume,0,2325,1.99989,0.755166,0.075008,0.238816,0.617568,2.71238,368.68,15000,5888,5.55268
Suite_14,Deferred_Volume,0,2326,1.9765,0.684174,0.073216,0.2384,0.614816,2.77786,359.989,15000,6016,5.5793
Suite_14,Deferred_Volume,0,2327,1.97817,0.684692,0.072448,0.245184,0.6744,2.67851,373.342,15000,6016,5.6058
Suite_14,Deferred_Volume,0,2328,1.97132,0.679695,0.0736,0.237664,0.61984,2.68115,372.975,15000,6016,4.74206
Suite_14,Deferred_Volume,0,2329,1.97381,0.676614,0.071104,0.238112,0.615136,2.66968,374.577,15000,6144,4.76607
Suite_14,Deferred_Volume,0,2330,1.97429,0.685186,0.075296,0.238208,0.61424,2.66892,374.683,15000,6144,4.79002
Suite_14,Deferred_Volume,0,2331,1.97768,0.673943,0.075776,0.238528,0.62416,2.67662,373.605,15000,6528,4.81467
Suite_14,Deferred_Volume,0,2332,1.97739,0.677962,0.0736,0.239744,0.635296,2.66836,374.762,15000,6528,4.83822
Suite_14,Deferred_Volume,0,2333,1.98266,0.709902,0.072992,0.240096,0.619136,2.67439,373.917,15000,6912,4.86258
Suite_14,Deferred_Volume,0,2334,1.9794,0.690348,0.07456,0.239616,0.623872,2.71217,368.709,15000,7040,4.88701
Suite_14,Deferred_Volume,0,2335,1.98308,0.690444,0.072544,0.26624,0.639232,2.68751,372.091,15000,6912,4.91086
Suite_14,Deferred_Volume,0,2336,1.98171,0.685079,0.072768,0.24064,0.624448,2.69173,371.509,15000,7040,4.93533
Suite_14,Deferred_Volume,0,2337,1.98595,0.686787,0.071584,0.23856,0.6144,2.68555,372.363,15000,7040,4.95965
Suite_14,Deferred_Volume,0,2338,1.9801,0.677167,0.07168,0.241664,0.615072,2.69113,371.591,15000,7040,4.98402
Suite_14,Deferred_Volume,0,2339,1.97749,0.691437,0.075776,0.241472,0.624512,2.67496,373.837,15000,7168,5.06973
Suite_14,Deferred_Volume,0,2340,1.986,0.695396,0.075776,0.264032,0.649664,2.68612,372.284,15000,7296,5.09476
Suite_14,Deferred_Volume,0,2341,1.98472,0.711075,0.07168,0.2432,0.62544,2.70341,369.903,15000,7296,5.11942
Suite_14,Deferred_Volume,0,2342,1.97864,0.683258,0.075776,0.241664,0.618848,2.71481,368.349,15000,7296,5.14412
Suite_14,Deferred_Volume,0,2343,1.98087,0.683117,0.075776,0.241664,0.623424,2.68004,373.128,15000,7424,4.29256
Suite_14,Deferred_Volume,0,2344,1.97877,0.681615,0.075904,0.24528,0.626688,2.68161,372.91,15000,7552,3.71286
Suite_14,Deferred_Volume,0,2345,1.98155,0.687131,0.07488,0.262624,0.643712,2.67992,373.145,15000,7680,3.73253
Suite_14,Deferred_Volume,0,2346,1.98439,0.682203,0.072192,0.243712,0.618272,2.68763,372.075,15000,7936,3.75236
Suite_14,Deferred_Volume,0,2347,1.97884,0.676075,0.074976,0.245792,0.625504,2.68412,372.561,15000,7808,3.7714
Suite_14,Deferred_Volume,0,2348,1.99043,0.719637,0.073728,0.244992,0.636928,2.67191,374.264,15000,8064,3.79163
Suite_14,Deferred_Volume,0,2349,1.98774,0.686053,0.073728,0.24688,0.631232,2.74224,364.665,15000,8192,3.81155
Suite_14,Deferred_Volume,0,2350,1.99023,0.695712,0.073824,0.245664,0.620512,2.69282,371.357,15000,8192,3.83151
Suite_14,Deferred_Volume,0,2351,1.9854,0.675498,0.073984,0.247232,0.630784,2.70842,369.219,15000,8192,3.85157
Suite_14,Deferred_Volume,0,2352,1.98689,0.687243,0.075104,0.247424,0.629248,2.6785,373.343,15000,8448,3.87212
Suite_14,Deferred_Volume,0,2353,1.9858,0.689995,0.073728,0.267712,0.645536,2.69291,371.345,15000,8576,3.89287
Suite_14,Deferred_Volume,0,2354,1.98641,0.708812,0.076,0.249472,0.636928,2.69627,370.882,15000,8960,3.91368
Suite_14,Deferred_Volume,0,2355,1.9899,0.679449,0.076864,0.248256,0.63488,2.71353,368.524,15000,9216,4.01234
Suite_14,Deferred_Volume,0,2356,1.99743,0.71614,0.0744,0.249856,0.63488,2.6876,372.08,15000,9216,4.0331
Suite_14,Deferred_Volume,0,2357,1.99525,0.684714,0.080352,0.251584,0.636512,2.73686,365.382,15000,9728,4.05476
Suite_14,Deferred_Volume,0,2358,1.99931,0.680465,0.074592,0.27504,0.658592,2.69929,370.467,15000,10112,4.07619
Suite_14,Deferred_Volume,0,2359,1.99722,0.690064,0.073728,0.251904,0.63712,2.69911,370.493,15000,10496,4.09826
Suite_14,Deferred_Volume,0,2360,1.99171,0.696287,0.074976,0.25216,0.635872,2.70577,369.581,15000,10624,4.11955
Suite_14,Deferred_Volume,0,2361,1.99429,0.68254,0.075936,0.253376,0.636928,2.70919,369.114,15000,10752,4.14134
Suite_14,Deferred_Volume,0,2362,1.99877,0.686066,0.077536,0.256032,0.643072,2.69633,370.874,15000,11392,4.16488
Suite_14,Deferred_Volume,0,2363,1.99914,0.694719,0.07664,0.277792,0.660736,2.70287,369.977,15000,11648,4.18696
Suite_14,Deferred_Volume,0,2364,2.00109,0.684312,0.078368,0.256,0.636928,2.71366,368.506,15000,11648,4.20855
Suite_14,Deferred_Volume,0,2365,1.99984,0.68152,0.077248,0.257376,0.647776,2.70632,369.505,15000,11776,4.23059
Suite_14,Deferred_Volume,0,2366,2.00101,0.70066,0.081952,0.256,0.646944,2.70069,370.276,15000,12160,4.25286
Suite_14,Deferred_Volume,0,2367,1.99913,0.686737,0.075552,0.25904,0.638976,2.72107,367.503,15000,12288,4.27488
Suite_14,Deferred_Volume,0,2368,2.00144,0.692301,0.07712,0.258368,0.66864,2.7054,369.632,15000,12544,4.2973
Suite_14,Deferred_Volume,0,2369,2.00438,0.685651,0.079872,0.261792,0.64928,2.71471,368.363,15000,12800,4.32
Suite_14,Deferred_Volume,0,2370,2.00359,0.693964,0.078208,0.261344,0.64512,2.71156,368.792,15000,12928,4.34225
Suite_14,Deferred_Volume,0,2371,2.01213,0.699375,0.07824,0.276384,0.657216,2.7166,368.107,15000,12928,4.36454
Suite_14,Deferred_Volume,0,2372,2.00559,0.712431,0.079328,0.264032,0.65536,2.73154,366.093,15000,13184,4.38747
Suite_14,Deferred_Volume,0,2373,2.00978,0.711174,0.080576,0.261504,0.649216,2.74085,364.851,15000,13568,4.41036
Suite_14,Deferred_Volume,0,2374,2.00588,0.680195,0.083136,0.26384,0.65536,2.74362,364.482,15000,13952,4.43346
Suite_14,Deferred_Volume,0,2375,2.00913,0.68068,0.078656,0.265312,0.647424,2.70686,369.432,15000,14336,4.54484
Suite_14,Deferred_Volume,0,2376,2.0107,0.715629,0.079872,0.28672,0.67248,2.71387,368.478,15000,14848,4.56889
Suite_14,Deferred_Volume,0,2377,2.0158,0.697814,0.082496,0.266624,0.656832,2.74966,363.681,15000,15360,4.59333
Suite_14,Deferred_Volume,0,2378,2.01941,0.682424,0.08288,0.266624,0.658624,2.73577,365.528,15000,16000,4.61743
Suite_14,Deferred_Volume,0,2379,2.01984,0.68887,0.083232,0.268896,0.657216,2.727,366.703,15000,16640,4.64224
Suite_14,Deferred_Volume,0,2380,2.02039,0.67611,0.086016,0.270336,0.661664,2.73002,366.298,15000,17024,4.66664
Suite_14,Deferred_Volume,0,2381,2.02404,0.697433,0.08176,0.290848,0.680288,2.71875,367.817,15000,17664,4.69136
Suite_14,Deferred_Volume,0,2382,2.02283,0.681658,0.086016,0.272384,0.665952,2.74497,364.302,15000,17920,4.71525
Suite_14,Deferred_Volume,0,2383,2.02444,0.678979,0.084736,0.272224,0.66688,2.72541,366.917,15000,18304,4.73936
Suite_14,Deferred_Volume,0,2384,2.03074,0.691592,0.081568,0.272544,0.663072,2.72532,366.929,15000,18688,4.76392
Suite_14,Deferred_Volume,0,2385,2.02755,0.676108,0.083968,0.275936,0.663488,2.74518,364.275,15000,19072,4.7887
Suite_14,Deferred_Volume,0,2386,2.03233,0.684632,0.083968,0.276608,0.71904,2.72621,366.809,15000,19712,4.81334
Suite_14,Deferred_Volume,0,2387,2.03462,0.689687,0.084352,0.279744,0.673408,2.73871,365.135,15000,20352,4.88447
Suite_14,Deferred_Volume,0,2388,2.03596,0.695486,0.086176,0.278496,0.673792,2.74652,364.097,15000,20608,4.95811
Suite_14,Deferred_Volume,0,2389,2.04605,0.699853,0.083968,0.28048,0.66816,2.75898,362.452,15000,21504,5.13781
Suite_14,Deferred_Volume,0,2390,2.04204,0.709675,0.087904,0.280608,0.667488,2.77069,360.92,15000,21760,5.16325
Suite_14,Deferred_Volume,0,2391,2.04569,0.691548,0.086208,0.305472,0.701824,2.77411,360.477,15000,22400,5.18921
Suite_14,Deferred_Volume,0,2392,2.04767,0.683811,0.087552,0.284576,0.684032,2.7613,362.148,15000,22784,5.26207
Suite_14,Deferred_Volume,0,2393,2.05148,0.734487,0.09216,0.28672,0.68208,2.75748,362.65,15000,23168,5.28768
Suite_14,Deferred_Volume,0,2394,2.05653,0.699299,0.090112,0.288256,0.680544,2.81415,355.347,15000,23552,5.31375
Suite_14,Deferred_Volume,0,2395,2.05382,0.786319,0.089696,0.290624,0.688128,2.78019,359.687,15000,23808,5.34008
Suite_14,Deferred_Volume,0,2396,2.05239,0.692422,0.086016,0.317376,0.726016,2.86323,349.255,15000,24576,5.36713
Suite_14,Deferred_Volume,0,2397,2.05174,0.688598,0.092832,0.29424,0.698368,2.77056,360.938,15000,25216,5.3941
Suite_14,Deferred_Volume,0,2398,2.05939,0.699179,0.0896,0.293216,0.690176,2.76543,361.608,15000,26624,5.42197
Suite_14,Deferred_Volume,0,2399,2.06639,0.684868,0.094208,0.295776,0.694528,2.78472,359.102,15000,27520,5.4505
Suite_14,Deferred_Volume,0,2400,2.06983,0.726649,0.091936,0.297504,0.7016,2.77658,360.155,15000,28544,5.53104
Suite_14,Deferred_Volume,0,2401,2.07253,0.697444,0.114144,0.301216,0.746144,2.82339,354.184,15000,29696,5.55956
Suite_14,Deferred_Volume,0,2402,2.07107,0.710342,0.091872,0.301216,0.708448,2.79833,357.356,15000,29824,5.58673
Suite_14,Deferred_Volume,0,2403,2.07549,0.723044,0.095904,0.303104,0.70304,2.80789,356.14,15000,31360,5.6153
Suite_14,Deferred_Volume,0,2404,2.08724,0.732657,0.09232,0.304736,0.70656,2.82517,353.961,15000,32000,5.64326
Suite_14,Deferred_Volume,0,2405,2.0892,0.706318,0.094144,0.308832,0.712704,2.84986,350.894,15000,32768,5.67102
Suite_14,Deferred_Volume,0,2406,2.08963,0.700811,0.098304,0.33792,0.741888,2.82375,354.139,15000,33536,5.81488
Suite_14,Deferred_Volume,0,2407,2.08922,0.699129,0.095136,0.313344,0.71248,2.81872,354.771,15000,33920,5.84327
Suite_14,Deferred_Volume,0,2408,2.09334,0.871903,0.77824,0.312192,1.39501,2.81944,354.681,15000,35072,5.87214
Suite_14,Deferred_Volume,0,2409,2.1038,0.69681,0.095808,0.31616,0.723296,2.99651,333.721,15000,36992,5.90339
Suite_14,Deferred_Volume,0,2410,2.10584,0.701121,0.09808,0.320096,0.728928,2.83132,353.193,15000,38016,5.93241
Suite_14,Deferred_Volume,0,2411,2.10836,0.726708,0.100352,0.345088,0.75776,2.83509,352.723,15000,39168,5.96204
Suite_14,Deferred_Volume,0,2412,2.11557,0.722369,0.100512,0.332736,0.74896,2.86405,349.156,15000,41088,5.99224
Suite_14,Deferred_Volume,0,2413,2.12171,0.698993,0.102368,0.332224,0.765888,2.8702,348.407,15000,41856,6.0214
Suite_14,Deferred_Volume,0,2414,2.12191,0.696947,0.102432,0.34816,0.755712,2.85884,349.792,15000,42880,6.05031
Suite_14,Deferred_Volume,0,2415,2.12677,0.694896,0.102048,0.341728,0.755552,2.84859,351.051,15000,44416,6.08162
Suite_14,Deferred_Volume,0,2416,2.12969,0.712943,0.106496,0.344064,0.761152,2.85157,350.684,15000,45696,6.1125
Suite_14,Deferred_Volume,0,2417,2.13683,0.917848,0.106496,0.34704,0.764224,2.87729,347.549,15000,47104,6.14372
Suite_14,Deferred_Volume,0,2418,2.14259,0.727187,0.104448,0.38224,0.7936,3.09509,323.093,15000,48384,6.17514
Suite_14,Deferred_Volume,0,2419,2.14435,0.709199,0.10848,0.3608,0.777856,2.90245,344.537,15000,50176,6.20612
Suite_14,Deferred_Volume,0,2420,2.14463,0.7085,0.110528,0.36464,0.780832,2.88599,346.501,15000,52224,6.23814
Suite_14,Deferred_Volume,0,2421,2.1587,0.717964,0.114016,0.36912,0.78624,2.88962,346.067,15000,53504,6.31766
Suite_14,Deferred_Volume,0,2422,2.16264,0.708573,0.111904,0.375328,0.793152,2.91224,343.378,15000,55040,6.39042
Suite_14,Deferred_Volume,0,2423,2.16827,0.725613,0.126464,0.377344,0.810208,2.90499,344.236,15000,56576,6.42235
Suite_14,Deferred_Volume,0,2424,2.17551,0.727505,0.118656,0.382304,0.807712,2.92944,341.362,15000,57984,6.5088
Suite_14,Deferred_Volume,0,2425,2.17805,0.715631,0.118656,0.405024,0.8336,2.94049,340.08,15000,59264,6.58881
Suite_14,Deferred_Volume,0,2426,2.1828,0.718928,0.118592,0.38912,0.815104,2.9359,340.611,15000,60672,6.62114
Suite_14,Deferred_Volume,0,2427,2.19033,0.754977,0.12272,0.393088,0.827232,2.93798,340.37,15000,61568,6.6517
Suite_14,Deferred_Volume,0,2428,2.20529,0.784712,0.118784,0.39424,0.826752,2.98309,335.223,15000,62592,6.68363
Suite_14,Deferred_Volume,0,2429,2.2075,0.742118,0.124928,0.39936,0.836128,3.0318,329.837,15000,63872,6.71556
Suite_14,Deferred_Volume,0,2430,2.20463,0.71923,0.123072,0.403456,0.849824,2.98799,334.673,15000,65536,6.74882
Suite_14,Deferred_Volume,0,2431,2.19897,0.70379,0.125536,0.405696,0.835584,2.96219,337.588,15000,66560,6.92556
Suite_14,Deferred_Volume,0,2432,2.20624,0.712247,0.124928,0.43008,0.864992,2.94155,339.957,15000,67712,6.95796
Suite_14,Deferred_Volume,0,2433,2.25189,0.78149,0.126464,0.41392,0.84992,2.96042,337.789,15000,70144,7.09113
Suite_14,Deferred_Volume,0,2434,2.24439,0.729693,0.128832,0.4168,0.852,3.07745,324.944,15000,72064,7.20881
Suite_14,Deferred_Volume,0,2435,2.24556,0.709906,0.1296,0.423936,0.857856,3.01584,331.582,15000,73856,7.24338
Suite_14,Deferred_Volume,0,2436,2.23909,0.741479,0.13056,0.427648,0.868352,3.00299,333.002,15000,75904,7.45797
Suite_14,Deferred_Volume,0,2437,2.24407,0.770432,0.129728,0.428736,0.8704,3.02345,330.748,15000,77184,7.49256
Suite_14,Deferred_Volume,0,2438,2.24833,0.763592,0.132672,0.436224,0.873728,3.05939,326.863,15000,79232,7.58303
Suite_14,Deferred_Volume,0,2439,2.25788,0.730149,0.131392,0.4632,0.900512,3.05687,327.132,15000,81536,7.61876
Suite_14,Deferred_Volume,0,2440,2.26355,0.733048,0.134048,0.446368,0.89072,3.03352,329.65,15000,83584,7.74043
Suite_14,Deferred_Volume,0,2441,2.27271,0.78611,0.719072,0.447008,1.49747,3.04623,328.275,15000,85504,7.83229
Suite_14,Deferred_Volume,0,2442,2.28614,0.750303,0.1376,0.454656,0.896608,3.10869,321.678,15000,87040,7.86752
Suite_14,Deferred_Volume,0,2443,2.29229,0.733668,0.141056,0.456928,0.907456,3.08293,324.366,15000,89216,7.9065
Suite_14,Deferred_Volume,0,2444,2.28924,0.745884,0.14336,0.464896,0.920544,3.0719,325.532,15000,91264,7.94322
Suite_14,Deferred_Volume,0,2445,2.29426,0.736355,0.146688,0.465632,0.923168,3.08623,324.02,15000,92416,7.97924
Suite_14,Deferred_Volume,0,2446,2.30215,0.761117,0.165888,0.47056,0.95168,3.07941,324.738,15000,94208,8.01521
Suite_14,Deferred_Volume,0,2447,2.30328,0.736171,0.1464,0.47616,0.925376,3.11261,321.274,15000,95872,8.05104
Suite_14,Deferred_Volume,0,2448,2.31436,0.803236,0.147744,0.506944,0.960128,3.08886,323.744,15000,98560,8.08993
Suite_14,Deferred_Volume,0,2449,2.3246,0.788086,0.152768,0.4856,0.944992,3.16968,315.489,15000,101888,8.12985
Suite_14,Deferred_Volume,0,2450,2.32304,0.808754,0.151072,0.508352,0.974144,3.16486,315.97,15000,103680,8.25776
Suite_14,Deferred_Volume,0,2451,2.33935,0.792111,0.152864,0.496192,0.95216,3.1838,314.09,15000,105216,8.29444
Suite_14,Deferred_Volume,0,2452,2.3508,0.814084,0.157344,0.499808,0.9664,3.18324,314.145,15000,108800,8.33689
Suite_14,Deferred_Volume,0,2453,2.35997,0.788842,0.158368,0.507584,0.9728,3.22056,310.505,15000,110976,8.55384
Suite_14,Deferred_Volume,0,2454,2.36713,0.80376,0.158816,0.518112,0.977184,3.20408,312.102,15000,113920,8.59428
Suite_14,Deferred_Volume,0,2455,2.37456,0.813417,0.16384,0.529856,1.00192,3.22669,309.915,15000,115968,8.63297
Suite_14,Deferred_Volume,0,2456,2.38164,0.802532,0.165216,0.524704,0.995328,3.24477,308.188,15000,118528,8.83954
Suite_14,Deferred_Volume,0,2457,2.39063,0.829088,0.162624,0.532288,0.998592,3.24288,308.367,15000,121088,8.87978
Suite_14,Deferred_Volume,0,2458,2.40366,0.817198,0.167936,0.557024,1.02867,3.28478,304.434,15000,124288,8.92183
Suite_14,Deferred_Volume,0,2459,2.41031,0.835307,0.1696,0.55744,1.03562,3.28015,304.864,15000,128896,8.96501
Suite_14,Deferred_Volume,0,2460,2.4282,1.03071,0.188192,0.565376,1.23766,3.30692,302.396,15000,131584,9.16239
Suite_14,Deferred_Volume,0,2461,2.45677,0.860778,0.17232,0.577696,1.06086,3.52489,283.696,15000,134912,9.2057
Suite_14,Deferred_Volume,0,2462,2.45413,0.847496,0.173504,0.583776,1.06496,3.38346,295.556,15000,139264,9.25021
Suite_14,Deferred_Volume,0,2463,2.45912,0.845085,0.200704,0.591136,1.09133,3.3651,297.168,15000,142592,9.29436
Suite_14,Deferred_Volume,0,2464,2.46289,0.838153,0.182272,0.595968,1.09139,3.37184,296.574,15000,146688,9.34305
Suite_14,Deferred_Volume,0,2465,2.47542,0.85519,0.183712,0.621984,1.11798,3.37466,296.326,15000,149888,9.38611
Suite_14,Deferred_Volume,0,2466,2.50058,0.869506,0.18848,0.607104,1.10387,3.40012,294.108,15000,154240,9.43038
Suite_14,Deferred_Volume,0,2467,2.50659,0.860619,0.185152,0.631136,1.12982,3.4397,290.723,15000,157568,9.47342
Suite_14,Deferred_Volume,0,2468,2.52344,0.856034,0.197824,0.622304,1.12893,3.44292,290.451,15000,161408,9.5698
Suite_14,Deferred_Volume,0,2469,2.54234,0.901442,0.196032,0.62464,1.15302,3.4536,289.553,15000,164992,9.61396
Suite_14,Deferred_Volume,0,2470,2.55617,0.899602,0.201888,0.633824,1.14378,3.51964,284.12,15000,169472,9.80426
Suite_14,Deferred_Volume,0,2471,2.54159,0.891873,0.204704,0.641664,1.17357,3.53285,283.057,15000,173184,9.84821
Suite_14,Deferred_Volume,0,2472,2.56563,0.878523,0.20608,0.64784,1.15514,3.51015,284.888,15000,176000,9.89259
Suite_14,Deferred_Volume,0,2473,2.56175,0.910228,0.880992,0.657408,1.84934,3.52279,283.866,15000,179840,9.93802
Suite_14,Deferred_Volume,0,2474,2.57533,0.889674,0.2096,0.661504,1.17747,3.55315,281.441,15000,184960,10.1043
Suite_14,Deferred_Volume,0,2475,2.59687,0.894044,0.21504,0.667168,1.18358,3.54674,281.949,15000,189056,10.1511
Suite_14,Deferred_Volume,0,2476,2.62369,0.912956,0.217088,0.673248,1.19674,3.574,279.799,15000,193152,10.1977
Suite_14,Deferred_Volume,0,2477,2.63339,0.934264,0.22432,0.677728,1.21018,3.62619,275.771,15000,196224,10.3017
Suite_14,Deferred_Volume,0,2478,2.64119,0.906145,0.224224,0.687584,1.21434,3.654,273.673,15000,199680,10.4809
Suite_14,Deferred_Volume,0,2479,2.65337,0.917854,0.229376,0.6952,1.35606,3.6315,275.368,15000,204672,10.5321
Suite_14,Deferred_Volume,0,2480,2.66317,0.921319,0.231424,0.702464,1.23968,3.66277,273.017,15000,209152,10.5802
Suite_14,Deferred_Volume,0,2481,2.67181,0.942606,0.233376,0.70656,1.3673,3.67561,272.064,15000,212224,10.6282
Suite_14,Deferred_Volume,0,2482,2.68819,0.926827,0.229696,0.708704,1.24509,3.70537,269.879,15000,215808,10.8335
Suite_14,Deferred_Volume,0,2483,2.69912,0.932876,0.237568,0.716608,1.37674,3.71135,269.444,15000,220544,11.1443
Suite_14,Deferred_Volume,0,2484,2.70998,0.958618,0.802656,0.764,1.88211,3.72734,268.288,15000,225792,11.2546
Suite_14,Deferred_Volume,0,2485,2.72937,0.963797,0.240224,0.758208,1.4848,3.76634,265.51,15000,231552,11.5649
Suite_14,Deferred_Volume,0,2486,2.75132,0.950756,0.260576,0.790528,2.42586,3.79427,263.555,15000,236800,11.8605
Suite_14,Deferred_Volume,0,2487,2.76113,0.942733,0.251904,0.785312,1.51824,3.80005,263.154,15000,241664,11.9142
Suite_14,Deferred_Volume,0,2488,2.77411,1.00344,0.271584,0.791008,1.93168,3.80909,262.53,15000,247296,11.9702
Suite_14,Deferred_Volume,0,2489,2.79738,0.978091,0.253952,0.796672,1.35987,3.88833,257.18,15000,251520,12.0239
Suite_14,Deferred_Volume,0,2490,2.82197,0.983501,0.259488,0.809472,1.49533,3.88198,257.6,15000,256512,12.1858
Suite_14,Deferred_Volume,0,2491,2.83126,3.18235,0.282912,0.808576,1.95158,3.91273,255.576,15000,262016,12.2407
Suite_14,Deferred_Volume,0,2492,2.87085,1.00727,0.264448,0.81824,1.39469,6.12468,163.274,15000,268032,12.3002
Suite_14,Deferred_Volume,0,2493,2.88784,1.0414,1.78307,0.821952,3.02387,4.00337,249.79,15000,274176,12.5201
Suite_14,Deferred_Volume,0,2494,2.87438,1.0198,0.275616,0.843616,1.42883,4.06981,245.712,15000,280192,12.5759
Suite_14,Deferred_Volume,0,2495,2.89011,1.02695,0.279168,0.83968,1.54624,4.01527,249.049,15000,285184,12.9108
Suite_14,Deferred_Volume,0,2496,2.90018,1.0372,0.278528,1.94982,2.54771,4.03405,247.89,15000,290560,13.1093
Suite_14,Deferred_Volume,0,2497,2.92888,1.06081,0.28672,0.859264,1.62243,4.0564,246.524,15000,296832,13.2327
Suite_14,Deferred_Volume,0,2498,2.94159,1.0556,0.290816,2.38976,2.98413,4.11405,243.07,15000,301952,13.4532
Suite_14,Deferred_Volume,0,2499,2.96321,1.04766,0.291872,0.888896,1.48902,4.1257,242.383,15000,307200,13.5129
Suite_14,Deferred_Volume,0,2500,2.95516,1.08092,0.301312,1.01226,1.62202,4.13548,241.81,15000,312320,13.6805
Suite_14,Deferred_Volume,0,2501,2.98963,1.07476,0.309248,2.04595,2.66301,4.16802,239.922,15000,319104,13.8027
Suite_14,Deferred_Volume,0,2502,3.00542,1.05353,0.300224,1.13104,1.74285,4.19615,238.314,15000,324352,13.9569
Suite_14,Deferred_Volume,0,2503,3.01937,1.07129,0.3072,2.48374,3.09274,4.18963,238.685,15000,331520,14.1069
Suite_14,Deferred_Volume,0,2504,3.04077,1.08232,0.309248,0.985024,1.60643,4.22609,236.626,15000,338176,14.1695
Suite_14,Deferred_Volume,0,2505,3.0593,1.09438,0.317408,1.10816,1.73056,4.25942,234.774,15000,344832,14.2617
Suite_14,Deferred_Volume,0,2506,3.07219,1.09311,0.33792,1.55853,2.20349,4.29782,232.676,15000,351232,15.4993
Suite_14,Deferred_Volume,0,2507,3.08986,1.12018,0.331744,1.1792,1.81994,4.30279,232.407,15000,356992,15.6748
Suite_14,Deferred_Volume,0,2508,3.12141,1.12247,0.325632,1.12346,1.75363,4.349,229.938,15000,363904,16.0355
Suite_14,Deferred_Volume,0,2509,3.13527,1.12919,0.32768,1.64579,2.28141,4.39105,227.736,15000,371712,16.2221
Suite_14,Deferred_Volume,0,2510,3.14898,1.11162,0.336864,1.20522,1.85283,4.41105,226.703,15000,378112,16.2932
Suite_14,Deferred_Volume,0,2511,3.1637,1.13413,0.339968,1.15085,1.79974,4.41377,226.564,15000,385152,16.3615
Suite_14,Deferred_Volume,0,2512,3.19705,1.19924,0.34816,1.66192,2.3143,4.45194,224.621,15000,392320,16.5387
Suite_14,Deferred_Volume,0,2513,3.21655,1.16068,0.361792,1.26352,1.93469,4.56295,219.157,15000,399488,16.6627
Suite_14,Deferred_Volume,0,2514,3.22778,1.18395,0.361728,2.62554,3.28966,4.53207,220.65,15000,405888,16.7915
Suite_14,Deferred_Volume,0,2515,3.26751,1.22601,0.360832,1.71616,2.39146,4.56875,218.878,15000,411520,16.8643
Suite_14,Deferred_Volume,0,2516,3.27568,1.17444,0.372608,1.30467,1.98314,4.65579,214.786,15000,419328,16.9396
Suite_14,Deferred_Volume,0,2517,3.28383,1.1917,0.368832,2.67382,3.35818,4.61425,216.72,15000,426112,17.2881
Suite_14,Deferred_Volume,0,2518,3.29571,1.22115,1.08256,1.74528,3.14451,4.64813,215.14,15000,434048,17.3616
Suite_14,Deferred_Volume,0,2519,3.32581,1.21086,0.37888,1.33325,2.01587,4.6845,213.47,15000,441984,17.956
Suite_14,Deferred_Volume,0,2520,3.34121,1.23913,0.386528,1.30288,2.00026,4.70714,212.443,15000,448512,18.1147
Suite_14,Deferred_Volume,0,2521,3.35319,1.21597,0.382976,1.82742,2.51981,4.75717,210.209,15000,453760,18.3532
Suite_14,Deferred_Volume,0,2522,3.36665,1.23949,0.392928,1.41197,2.11558,4.75826,210.161,15000,460672,18.4603
Suite_14,Deferred_Volume,0,2523,3.39596,1.25619,1.90886,1.38762,3.6079,4.78088,209.166,15000,468480,18.571
Suite_14,Deferred_Volume,0,2524,3.42131,1.25642,0.408224,2.37725,3.09862,4.83213,206.948,15000,476288,18.6525
Suite_14,Deferred_Volume,0,2525,3.4334,1.25877,0.40672,1.45418,2.17472,4.86408,205.589,15000,484864,19.172
Suite_14,Deferred_Volume,0,2526,3.45322,1.26855,0.407584,1.43155,2.15837,4.87687,205.05,15000,492928,19.3413
Suite_14,Deferred_Volume,0,2527,3.47184,1.27215,0.423712,1.87818,2.60758,4.90848,203.729,15000,500608,19.4224
Suite_14,Deferred_Volume,0,2528,3.4914,1.28542,0.656096,1.40653,2.388,4.93431,202.663,15000,509824,19.5076
Suite_14,Deferred_Volume,0,2529,3.51337,1.31313,0.421408,1.54835,2.28128,4.98231,200.71,15000,516608,19.7044
Suite_14,Deferred_Volume,0,2530,3.5273,1.28781,0.431328,1.50326,2.23843,5.0223,199.112,15000,523008,19.8575
Suite_14,Deferred_Volume,0,2531,3.55533,1.29273,0.434336,2.5047,3.26656,5.02613,198.96,15000,532352,20.1343
Suite_14,Deferred_Volume,0,2532,3.55821,1.33493,0.456704,2.16986,2.93738,5.06018,197.621,15000,538624,20.2178
Suite_14,Deferred_Volume,0,2533,3.59743,1.35139,0.447936,1.46285,2.22003,5.1044,195.909,15000,546432,20.3495
Suite_14,Deferred_Volume,0,2534,3.61486,1.31209,0.450688,1.57491,2.33878,5.15756,193.89,15000,555776,20.4988
Suite_14,Deferred_Volume,0,2535,3.62124,1.36581,0.477824,2.5879,3.3751,5.13489,194.746,15000,563712,20.5892
Suite_14,Deferred_Volume,0,2536,3.64916,1.37062,0.47104,2.2016,2.98218,5.21292,191.831,15000,571776,20.6776
Suite_14,Deferred_Volume,0,2537,3.66836,1.36837,0.464896,1.52032,2.2999,5.25036,190.463,15000,580224,20.7676
Suite_14,Deferred_Volume,0,2538,3.68422,1.34879,0.473344,1.64902,2.43264,5.25572,190.269,15000,587520,20.9726
Suite_14,Deferred_Volume,0,2539,3.70053,1.42891,0.47696,2.65421,3.44771,5.24984,190.482,15000,594944,21.1548
Suite_14,Deferred_Volume,0,2540,3.72607,1.40221,0.49984,2.29018,3.10598,5.35775,186.646,15000,602624,21.251
Suite_14,Deferred_Volume,0,2541,3.74251,1.37215,0.494432,1.58534,2.39411,5.35992,186.57,15000,609152,21.3432
Suite_14,Deferred_Volume,0,2542,3.75519,1.38764,0.49488,1.59734,2.40285,5.3577,186.647,15000,617600,21.5982
Suite_14,Deferred_Volume,0,2543,3.77823,1.40775,0.534528,2.17507,3.01763,5.38761,185.611,15000,625536,21.6897
Suite_14,Deferred_Volume,0,2544,3.79965,1.44412,0.674048,2.25171,3.2376,5.41953,184.518,15000,632448,22.3053
Suite_14,Deferred_Volume,0,2545,3.82137,1.40595,0.511552,1.67997,2.49648,5.48683,182.255,15000,642176,22.6858
Suite_14,Deferred_Volume,0,2546,3.84434,1.42087,0.511616,1.79398,2.61939,5.46972,182.825,15000,651392,22.9403
Suite_14,Deferred_Volume,0,2547,3.86186,1.43764,0.52288,1.82886,2.65626,5.51346,181.374,15000,658688,23.1271
Suite_14,Deferred_Volume,0,2548,3.89053,1.46479,1.35085,2.30064,3.9671,5.54983,180.186,15000,667520,23.2287
Suite_14,Deferred_Volume,0,2549,3.90058,3.70499,0.53248,1.85734,2.70541,5.61894,177.969,15000,673792,23.3281
Suite_14,Deferred_Volume,0,2550,3.92864,1.4471,0.557152,2.32416,3.19642,7.87288,127.018,15000,680448,23.5717
Suite_14,Deferred_Volume,0,2551,3.96047,1.50786,2.25254,2.95498,5.51526,5.62728,177.706,15000,687360,23.7017
Suite_14,Deferred_Volume,0,2552,3.95762,1.45189,0.54896,1.79469,2.66035,5.77731,173.091,15000,694272,23.8476
Suite_14,Deferred_Volume,0,2553,3.97577,1.47694,0.550912,1.93741,2.79584,5.68109,176.023,15000,702592,23.9878
Suite_14,Deferred_Volume,0,2554,3.99434,1.49271,2.08486,1.96813,4.35814,5.71258,175.052,15000,710912,24.1654
Suite_14,Deferred_Volume,0,2555,4.0117,1.51817,0.562048,3.38566,4.26323,5.75916,173.636,15000,718720,24.5094
Suite_14,Deferred_Volume,0,2556,4.03481,1.4924,0.583968,2.97267,3.87206,5.79831,172.464,15000,724480,24.7779
Suite_14,Deferred_Volume,0,2557,4.04269,1.5189,0.579744,3.15312,4.04019,5.80939,172.135,15000,730496,24.973
Suite_14,Deferred_Volume,0,2558,4.06646,1.50839,0.571104,1.93683,2.82278,5.84886,170.974,15000,739968,25.3851
Suite_14,Deferred_Volume,0,2559,4.08435,1.52516,0.58416,2.05824,2.94912,5.85424,170.816,15000,748160,25.7018
Suite_14,Deferred_Volume,0,2560,4.11131,1.59388,0.597088,2.06893,2.98394,5.88248,169.996,15000,756352,25.8169
Suite_14,Deferred_Volume,0,2561,4.13508,1.56443,0.591904,2.09101,2.99418,5.98291,167.143,15000,764416,26.7752
Suite_14,Deferred_Volume,0,2562,4.14529,1.56053,0.59792,2.5681,3.47341,5.98439,167.101,15000,771328,26.9226
Suite_14,Deferred_Volume,0,2563,4.15864,1.6089,0.899136,3.12794,4.33386,5.99432,166.825,15000,778752,27.1682
Suite_14,Deferred_Volume,0,2564,4.18785,1.5908,0.60704,2.63987,3.55942,6.07483,164.614,15000,787328,27.2915
Suite_14,Deferred_Volume,0,2565,4.20734,1.56512,0.620768,2.68035,3.61677,6.07694,164.556,15000,795520,27.4923
Suite_14,Deferred_Volume,0,2566,4.22312,1.59958,0.634304,2.78938,3.73734,6.0843,164.358,15000,802560,27.8852
Suite_14,Deferred_Volume,0,2567,4.24064,1.60492,0.626688,2.09715,3.04131,6.12862,163.169,15000,811392,28.0537
Suite_14,Deferred_Volume,0,2568,4.26485,1.61421,0.63488,2.12016,3.07002,6.14411,162.758,15000,818688,28.2549
Suite_14,Deferred_Volume,0,2569,4.2846,1.62075,2.15651,2.25715,4.7264,6.18701,161.629,15000,827904,28.6454
Suite_14,Deferred_Volume,0,2570,4.34032,1.67365,0.641376,3.6631,4.61942,6.21463,160.911,15000,835584,28.7745
Suite_14,Deferred_Volume,0,2571,4.32234,1.61289,0.667648,2.74214,3.72515,6.32725,158.047,15000,843648,28.9395
Suite_14,Deferred_Volume,0,2572,4.3378,1.63912,0.945376,3.32413,4.58957,6.25544,159.861,15000,851584,29.1234
Suite_14,Deferred_Volume,0,2573,4.36199,1.66565,0.686272,2.82019,3.82157,6.28875,159.014,15000,859648,29.2623
Suite_14,Deferred_Volume,0,2574,4.38438,1.65719,0.663392,3.38288,4.36218,6.36281,157.163,15000,866432,29.3973
Suite_14,Deferred_Volume,0,2575,4.39731,1.67248,0.684032,3.4816,4.48326,6.37161,156.946,15000,875392,29.5711
Suite_14,Deferred_Volume,0,2576,4.41898,1.70244,0.671936,2.29686,3.28669,6.38945,156.508,15000,882560,29.7139
Suite_14,Deferred_Volume,0,2577,4.43382,1.66909,0.685696,2.96813,3.97373,6.45832,154.839,15000,890624,29.928
Suite_14,Deferred_Volume,0,2578,4.44974,1.69035,0.695232,2.51494,3.52643,6.42787,155.573,15000,895360,30.0671
Suite_14,Deferred_Volume,0,2579,4.47163,1.69648,0.685664,2.43872,3.43654,6.48109,154.295,15000,902912,30.2429
Suite_14,Deferred_Volume,0,2580,4.48979,1.72777,0.702496,2.47398,3.49389,6.50143,153.812,15000,910464,30.4153
Suite_14,Deferred_Volume,0,2581,4.50685,1.74015,0.711776,2.49709,3.52432,6.55891,152.464,15000,918400,30.6029
Suite_14,Deferred_Volume,0,2582,4.52701,1.71367,0.703776,2.51738,3.5399,6.59829,151.554,15000,925696,30.835
Suite_14,Deferred_Volume,0,2583,4.54285,1.74729,0.715936,2.5297,3.564,6.60201,151.469,15000,933632,31.0684
Suite_14,Deferred_Volume,0,2584,4.57329,4.34854,4.14694,3.07418,7.53254,6.63907,150.623,15000,939904,31.4594
Suite_14,Deferred_Volume,0,2585,4.58315,1.74258,0.722272,3.12941,4.17178,9.2715,107.857,15000,947584,31.7764
Suite_14,Deferred_Volume,0,2586,4.61891,1.7586,0.72704,2.56778,3.61555,6.6711,149.9,15000,953472,31.9388
Suite_14,Deferred_Volume,0,2587,4.61967,1.76272,0.741376,2.67014,3.72947,6.76835,147.747,15000,961792,32.0985
Suite_14,Deferred_Volume,0,2588,4.63774,1.7619,0.737664,2.62675,3.70278,6.74558,148.245,15000,968064,32.3207
Suite_14,Deferred_Volume,0,2589,4.64767,1.75992,0.74144,2.66416,3.72122,6.77075,147.694,15000,975104,32.485
Suite_14,Deferred_Volume,0,2590,4.66142,1.77809,0.752256,2.66966,3.73373,6.79109,147.252,15000,981376,32.6505
Suite_14,Deferred_Volume,0,2591,4.68509,1.8097,0.744256,2.67453,3.7336,6.79402,147.188,15000,989056,32.8215
Suite_14,Deferred_Volume,0,2592,4.7003,1.77686,0.755168,2.67917,3.74589,6.85263,145.929,15000,994560,33.0273
Suite_14,Deferred_Volume,0,2593,4.71584,1.79089,0.76672,2.7136,3.7993,6.83946,146.21,15000,1001728,33.2025
Suite_14,Deferred_Volume,0,2594,4.72858,1.80463,0.763904,2.72566,3.8072,6.87237,145.51,15000,1009152,33.4104
Suite_14,Deferred_Volume,0,2595,4.74627,1.79225,0.777856,2.75133,3.8359,6.91138,144.689,15000,1015424,33.6668
Suite_14,Deferred_Volume,0,2596,4.76304,1.80321,0.774144,2.76653,3.85926,6.91699,144.572,15000,1023360,33.8461
Suite_14,Deferred_Volume,0,2597,4.77584,1.81792,0.794016,2.784,3.8912,6.95008,143.883,15000,1029504,34.0534
Suite_14,Deferred_Volume,0,2598,4.80332,1.85173,0.787136,2.79645,3.89939,6.97777,143.312,15000,1036160,34.3644
Suite_14,Deferred_Volume,0,2599,4.80757,1.83831,0.797152,2.8201,3.92832,7.05744,141.694,15000,1040384,34.5492
Suite_14,Deferred_Volume,0,2600,4.82576,1.82427,0.791968,2.82432,3.95654,7.0271,142.306,15000,1047936,34.7396
Suite_14,Deferred_Volume,0,2601,4.84525,1.84661,0.806304,2.81654,3.96445,7.03517,142.143,15000,1054976,34.9306
Suite_14,Deferred_Volume,0,2602,4.86062,1.87662,0.800512,2.84877,3.9729,7.0828,141.187,15000,1060352,35.1227
Suite_14,Deferred_Volume,0,2603,4.88067,1.89895,0.93664,3.3743,4.63462,7.1521,139.819,15000,1068032,35.3203
Suite_14,Deferred_Volume,0,2604,4.89747,1.89938,0.809696,3.39283,4.5232,7.17402,139.392,15000,1073536,35.5186
Suite_14,Deferred_Volume,0,2605,4.91231,1.91137,0.944448,3.44301,4.7104,7.19771,138.933,15000,1080448,35.7803
Suite_14,Deferred_Volume,0,2606,4.91921,1.91462,0.818144,3.96006,5.0953,7.22436,138.421,15000,1086208,35.9844
Suite_14,Deferred_Volume,0,2607,4.93862,1.92476,1.00966,3.42,4.7489,7.24703,137.988,15000,1091328,36.2263
Suite_14,Deferred_Volume,0,2608,4.9483,1.90488,0.827296,3.43827,4.59174,7.25801,137.779,15000,1096448,36.5161
Suite_14,Deferred_Volume,0,2609,4.96287,1.9513,1.01498,3.97782,5.31661,7.25589,137.819,15000,1101312,36.7261
Suite_14,Deferred_Volume,0,2610,4.97642,4.33655,0.84032,4.36995,5.52144,7.33113,136.405,15000,1107584,36.9853
Suite_14,Deferred_Volume,0,2611,5.00392,1.91929,1.47536,2.99712,4.79216,9.72208,102.859,15000,1112448,37.2446
Suite_14,Deferred_Volume,0,2612,5.01745,1.95739,0.840544,3.0145,4.17814,7.38285,135.449,15000,1118080,37.6005
Suite_14,Deferred_Volume,0,2613,5.02348,2.06711,2.37683,3.01299,5.70499,7.38746,135.365,15000,1124096,37.8716
Suite_14,Deferred_Volume,0,2614,5.0294,1.9785,0.850016,3.57706,4.75341,7.51519,133.064,15000,1128448,38.1007
Suite_14,Deferred_Volume,0,2615,5.04674,1.98278,1.78314,2.95584,5.07571,7.41464,134.868,15000,1132672,38.6671
Suite_14,Deferred_Volume,0,2616,5.04932,1.97599,0.855616,4.07994,5.25955,7.45378,134.16,15000,1136896,38.9029
Suite_14,Deferred_Volume,0,2617,5.06842,1.9802,1.04778,4.04144,5.41286,7.44198,134.373,15000,1143296,39.2477
Suite_14,Deferred_Volume,0,2618,5.08313,1.98488,0.86016,3.56099,4.73898,7.47177,133.837,15000,1148288,39.4855
Suite_14,Deferred_Volume,0,2619,5.09063,1.9932,1.05882,4.09293,5.47494,7.48318,133.633,15000,1152896,39.7994
Suite_14,Deferred_Volume,0,2620,5.10674,1.97064,0.895456,3.59206,4.80666,7.50762,133.198,15000,1157760,40.0808
Suite_14,Deferred_Volume,0,2621,5.11928,1.99955,1.6137,3.59216,5.52755,7.51753,133.022,15000,1162624,40.4612
Suite_14,Deferred_Volume,0,2622,5.12194,1.99579,0.882688,5.0697,6.29741,7.57146,132.075,15000,1164928,40.757
Suite_14,Deferred_Volume,0,2623,5.13911,2.02409,2.09725,3.06381,5.47872,7.5383,132.656,15000,1170048,41.1078
Suite_14,Deferred_Volume,0,2624,5.15397,1.97408,0.885056,3.15402,4.38272,7.5975,131.622,15000,1174016,41.375
Suite_14,Deferred_Volume,0,2625,5.17381,2.04677,2.41664,3.7393,6.47862,7.55154,132.423,15000,1178496,41.646
Suite_14,Deferred_Volume,0,2626,5.16535,2.00947,0.898112,3.06512,4.29654,7.66176,130.518,15000,1183616,41.9597
Suite_14,Deferred_Volume,0,2627,5.18577,1.98226,1.02605,4.29261,5.64115,7.60862,131.43,15000,1187840,42.3097
Suite_14,Deferred_Volume,0,2628,5.19262,2.0217,0.907264,4.26803,5.50077,7.60217,131.541,15000,1193088,42.5931
Suite_14,Deferred_Volume,0,2629,5.20339,2.04947,1.10182,4.25779,5.68304,7.66391,130.482,15000,1197696,42.9104
Suite_14,Deferred_Volume,0,2630,5.22491,2.04721,0.93696,3.73997,5.00304,7.68907,130.055,15000,1203072,43.2
Suite_14,Deferred_Volume,0,2631,5.22792,2.05674,1.64672,3.74522,5.72038,7.70464,129.792,15000,1207808,43.499
Suite_14,Deferred_Volume,0,2632,5.24229,2.04137,0.91728,4.6737,5.93584,7.72669,129.422,15000,1213056,43.9615
Suite_14,Deferred_Volume,0,2633,5.25376,4.22991,2.5535,3.22362,6.09971,7.72977,129.37,15000,1218048,44.2725
Suite_14,Deferred_Volume,0,2634,5.2669,2.03731,0.93184,4.36954,5.62448,9.93289,100.676,15000,1222912,44.5847
Suite_14,Deferred_Volume,0,2635,5.28369,2.05628,0.940032,4.41958,5.68608,7.77353,128.642,15000,1227136,44.9438
Suite_14,Deferred_Volume,0,2636,5.29179,2.05567,0.956416,3.77878,5.63402,7.79791,128.239,15000,1230720,45.3889
Suite_14,Deferred_Volume,0,2637,5.28922,2.06199,1.65683,3.79699,5.78262,7.79843,128.231,15000,1232896,45.7509
Suite_14,Deferred_Volume,0,2638,5.30276,2.09729,0.933664,3.37254,4.62643,7.80076,128.193,15000,1234688,46.0797
Suite_14,Deferred_Volume,0,2639,5.30525,2.10037,2.07853,3.37242,5.77536,7.86307,127.177,15000,1236992,46.4681
Suite_14,Deferred_Volume,0,2640,5.31447,2.06127,0.942464,3.34138,4.60595,7.854,127.324,15000,1238912,47.2562
Suite_14,Deferred_Volume,0,2641,5.32363,2.08225,1.08064,4.40131,5.79994,7.82871,127.735,15000,1241344,47.7887
Suite_14,Deferred_Volume,0,2642,5.32586,2.09921,0.946176,4.37034,5.63613,7.85231,127.351,15000,1244288,48.1453
Suite_14,Deferred_Volume,0,2643,5.32711,2.09814,1.13699,4.37248,5.83581,7.87508,126.983,15000,1246080,48.5041
Suite_14,Deferred_Volume,0,2644,5.33155,2.10723,0.991008,3.40992,5.79014,7.88233,126.866,15000,1248256,48.8705
Suite_14,Deferred_Volume,0,2645,5.33953,2.11245,2.12579,3.26861,5.82707,7.90027,126.578,15000,1251200,49.247
Suite_14,Deferred_Volume,0,2646,5.34039,2.11793,0.956416,3.38125,4.7735,7.92491,126.184,15000,1252480,49.6185
Suite_14,Deferred_Volume,0,2647,5.34513,2.1144,2.54778,4.52198,7.39104,7.91816,126.292,15000,1254144,50.0387
Suite_14,Deferred_Volume,0,2648,5.38431,2.10696,0.95968,3.33136,5.68781,7.914,126.358,15000,1255808,50.4124
Suite_14,Deferred_Volume,0,2649,5.35156,2.09292,1.09978,4.46912,5.8921,7.96376,125.569,15000,1256832,50.9982
Suite_14,Deferred_Volume,0,2650,5.36475,2.12548,0.971968,4.41958,5.70762,7.8947,126.667,15000,1259008,51.3988
Suite_14,Deferred_Volume,0,2651,5.35699,2.14916,1.19398,4.39738,5.93101,7.95756,125.667,15000,1258112,51.7951
Suite_14,Deferred_Volume,0,2652,5.39232,2.16436,0.972128,3.33283,4.74269,7.99157,125.132,15000,1258624,52.2145
Suite_14,Deferred_Volume,0,2653,5.3647,2.10473,3.06586,3.43046,6.83622,8.00788,124.877,15000,1259776,52.6394
Suite_14,Deferred_Volume,0,2654,5.36871,2.10629,0.985952,3.9376,5.42115,7.92264,126.221,15000,1260928,53.0537
Suite_14,Deferred_Volume,0,2655,5.36798,4.44162,4.28237,3.91274,8.52346,7.9253,126.178,15000,1260544,53.4918
Suite_14,Deferred_Volume,0,2656,5.38658,2.11161,0.987456,3.44883,5.33299,10.2773,97.302,15000,1262464,53.9457
Suite_14,Deferred_Volume,0,2657,5.36799,2.09269,0.986912,3.45472,5.39024,7.99676,125.051,15000,1262080,54.4017
Suite_14,Deferred_Volume,0,2658,5.36766,2.08014,0.987552,3.96493,5.39238,7.93501,126.024,15000,1262336,54.8647
Suite_14,Deferred_Volume,0,2659,5.37081,2.13007,3.13725,4.55664,8.01552,7.89838,126.608,15000,1262848,55.3391
Suite_14,Deferred_Volume,0,2660,5.3721,2.09478,0.984128,3.95478,5.25818,7.96206,125.596,15000,1264000,55.8211
Suite_14,Deferred_Volume,0,2661,5.36454,2.07753,1.1776,3.94208,5.44154,7.92115,126.244,15000,1263744,55.2788
Suite_14,Deferred_Volume,0,2662,5.36601,2.08218,1.01456,3.87891,5.78547,7.91243,126.383,15000,1264128,55.7704
Suite_14,Deferred_Volume,0,2663,5.36495,2.15064,1.71552,3.8681,5.90371,7.90836,126.448,15000,1263488,56.2603
Suite_14,Deferred_Volume,0,2664,5.36435,2.08485,0.982272,3.96237,5.37942,7.98362,125.256,15000,1263616,56.777
Suite_14,Deferred_Volume,0,2665,5.35914,2.10762,1.56467,3.4543,5.33677,7.91194,126.391,15000,1263872,57.3047
Suite_14,Deferred_Volume,0,2666,5.3541,2.07676,0.994048,3.97091,5.28979,7.9284,126.129,15000,1262848,57.9066
Suite_14,Deferred_Volume,0,2667,5.36567,2.12108,1.00963,3.92563,5.43334,7.89374,126.683,15000,1264000,58.4549
Suite_14,Deferred_Volume,0,2668,5.36037,2.09084,0.995616,3.94384,5.2585,7.95435,125.717,15000,1263744,58.9758
Suite_14,Deferred_Volume,0,2669,5.3623,2.12912,1.00966,3.86349,5.90234,7.9217,126.235,15000,1263360,59.5175
Suite_14,Deferred_Volume,0,2670,5.35481,2.09402,1.03027,3.44883,5.87181,7.95819,125.657,15000,1263616,60.0885
Suite_14,Deferred_Volume,0,2671,5.35589,2.11053,1.01715,3.32816,5.28694,7.89674,126.634,15000,1263616,60.7618
Suite_14,Deferred_Volume,0,2672,5.3544,2.06848,1.00557,3.95357,5.39485,7.93166,126.077,15000,1262848,61.332
Suite_14,Deferred_Volume,0,2673,5.35536,2.09207,3.15187,4.52288,8.00115,7.898,126.614,15000,1261184,61.9149
Suite_14,Deferred_Volume,0,2674,5.35674,2.08512,1.0079,4.41165,5.73987,7.90073,126.571,15000,1260672,62.5117
Suite_14,Deferred_Volume,0,2675,5.34195,2.10429,1.18534,3.88938,5.39648,7.89543,126.656,15000,1259904,63.1879
Suite_14,Deferred_Volume,0,2676,5.3478,5.35024,1.00934,3.27011,5.2969,7.91559,126.333,15000,1259392,63.814
Suite_14,Deferred_Volume,0,2677,5.36203,2.06804,1.69779,5.8888,7.9072,11.158,89.6214,15000,1258496,64.437
Suite_14,Deferred_Volume,0,2678,5.36218,2.09034,1.0079,3.86349,5.30624,7.90278,126.538,15000,1259264,65.0734
Suite_14,Deferred_Volume,0,2679,5.34093,2.12235,1.01597,3.8441,5.35552,7.90916,126.436,15000,1257984,65.727
Suite_14,Deferred_Volume,0,2680,5.33959,2.10737,1.0311,3.78349,5.70182,7.92657,126.158,15000,1256960,66.3698
Suite_14,Deferred_Volume,0,2681,5.3265,2.1208,1.25181,4.26723,5.84035,7.90711,126.469,15000,1254784,66.8811
Suite_14,Deferred_Volume,0,2682,5.32839,2.08977,1.01786,3.29504,4.63411,7.93044,126.096,15000,1254272,67.6079
Suite_14,Deferred_Volume,0,2683,5.32045,2.09651,2.58867,3.31702,6.22058,7.87671,126.957,15000,1252352,68.2505
Suite_14,Deferred_Volume,0,2684,5.32587,2.07897,1.03235,3.21814,5.81222,7.88387,126.841,15000,1250816,68.9798
Suite_14,Deferred_Volume,0,2685,5.32539,2.08863,2.59482,4.36429,7.27258,7.86901,127.081,15000,1251328,69.6318
Suite_14,Deferred_Volume,0,2686,5.31836,2.09174,1.03466,4.22707,5.5767,7.86301,127.178,15000,1248768,70.3159
Suite_14,Deferred_Volume,0,2687,5.30626,2.09555,1.22061,4.23322,5.77088,7.85879,127.246,15000,1245696,71.1617
Suite_14,Deferred_Volume,0,2688,5.30527,2.14024,1.0713,3.21946,5.68278,7.87506,126.983,15000,1244672,71.8463
Suite_14,Deferred_Volume,0,2689,5.30152,2.19506,1.67114,3.65146,5.6416,7.91078,126.41,15000,1243008,72.5941
Suite_14,Deferred_Volume,0,2690,5.30877,2.11534,1.03523,3.20717,4.67376,7.96294,125.582,15000,1242880,73.2445
Suite_14,Deferred_Volume,0,2691,5.29301,2.09891,2.62122,4.30768,7.24618,7.90076,126.57,15000,1240192,74.0274
Suite_14,Deferred_Volume,0,2692,5.293,2.08761,1.03456,3.10634,5.01952,7.848,127.421,15000,1239040,74.6512
Suite_14,Deferred_Volume,0,2693,5.286,2.07464,1.20944,4.25856,5.77888,7.82779,127.75,15000,1238528,75.3326
Suite_14,Deferred_Volume,0,2694,5.28625,2.11024,1.02605,3.70486,5.0449,7.80631,128.102,15000,1235840,76.0112
Suite_14,Deferred_Volume,0,2695,5.27391,2.09244,1.20627,3.70333,5.23123,7.84276,127.506,15000,1233536,76.6812
Suite_14,Deferred_Volume,0,2696,5.27161,2.10128,1.05882,3.21133,5.66106,7.83296,127.666,15000,1231744,77.5576
Suite_14,Deferred_Volume,0,2697,5.26268,2.07196,2.16883,3.072,5.55584,7.82917,127.727,15000,1229184,78.2327
Suite_14,Deferred_Volume,0,2698,5.25333,5.37907,1.01171,4.19021,5.51738,7.78278,128.489,15000,1226368,78.8737
Suite_14,Deferred_Volume,0,2699,5.27615,2.07738,1.19245,4.17469,5.6912,11.0777,90.2717,15000,1222272,78.1509
Suite_14,Deferred_Volume,0,2700,5.25214,2.11791,1.04259,3.14768,5.58461,7.83846,127.576,15000,1220352,78.8215
Suite_14,Deferred_Volume,0,2701,5.23191,2.05529,1.64166,3.53773,5.49414,7.82552,127.787,15000,1216512,79.4917
Suite_14,Deferred_Volume,0,2702,5.2228,2.07646,1.0056,3.14563,4.57523,7.72814,129.397,15000,1213952,79.4828
Suite_14,Deferred_Volume,0,2703,5.21005,2.05585,1.11027,5.58899,7.0144,7.75417,128.963,15000,1208960,79.7997
Suite_14,Deferred_Volume,0,2704,5.20949,2.06008,0.951744,4.10726,5.38317,7.7236,129.473,15000,1206784,80.5751
Suite_14,Deferred_Volume,0,2705,5.19672,2.02204,2.47386,4.77187,7.56992,7.70694,129.753,15000,1204864,81.482
Suite_14,Deferred_Volume,0,2706,5.19067,2.06466,0.945312,4.15539,5.42131,7.6644,130.473,15000,1201408,82.5028
Suite_14,Deferred_Volume,0,2707,5.1772,2.02028,2.47194,4.75885,7.55507,7.69083,130.025,15000,1198592,83.5937
Suite_14,Deferred_Volume,0,2708,5.17392,2.04884,0.954368,4.66867,5.94704,7.62645,131.123,15000,1194880,83.0605
Suite_14,Deferred_Volume,0,2709,5.15861,2.02962,2.48925,4.73686,7.55254,7.66909,130.394,15000,1191168,83.0432
Suite_14,Deferred_Volume,0,2710,5.16172,2.0467,0.94208,4.1001,5.35834,7.62524,131.143,15000,1188608,80.0022
Suite_14,Deferred_Volume,0,2711,5.14212,2.01918,3.52054,3.65565,7.51174,7.63563,130.965,15000,1186816,80.3373
Suite_14,Deferred_Volume,0,2712,5.14071,2.02508,0.94128,5.56586,6.83085,7.59769,131.619,15000,1183744,80.6064
Suite_14,Deferred_Volume,0,2713,5.14297,2.20549,1.62816,4.1281,6.07642,7.61005,131.405,15000,1182976,80.849
Suite_14,Deferred_Volume,0,2714,5.13509,2.00476,0.92848,4.78003,6.02979,7.78559,128.442,15000,1181184,81.0678
Suite_14,Deferred_Volume,0,2715,5.11996,2.02501,0.93008,4.64896,5.89533,7.58002,131.926,15000,1177728,80.3061
Suite_14,Deferred_Volume,0,2716,5.10852,1.99096,0.916192,4.75203,5.9823,7.57218,132.062,15000,1174400,80.4007
Suite_14,Deferred_Volume,0,2717,5.10748,2.02562,1.56851,4.62995,6.5224,7.53608,132.695,15000,1171200,80.3274
Suite_14,Deferred_Volume,0,2718,5.10233,2.00378,0.919552,4.63667,5.87702,7.55679,132.331,15000,1169792,80.3739
Suite_14,Deferred_Volume,0,2719,5.09229,2.02731,2.61392,4.68173,7.61558,7.53348,132.741,15000,1167360,80.4264
Suite_14,Deferred_Volume,0,2720,5.09114,11.5759,0.899584,4.18893,5.40877,7.55794,132.311,15000,1162112,79.7032
Suite_14,Deferred_Volume,0,2721,5.09622,1.98452,1.4377,4.1863,5.94944,17.1039,58.4662,15000,1158656,79.5
Suite_14,Deferred_Volume,0,2722,5.07154,1.98011,0.908608,4.73533,5.96051,7.51547,133.059,15000,1156608,79.5079
Suite_14,Deferred_Volume,0,2723,5.0577,1.98663,1.41722,4.68803,6.42746,7.48783,133.55,15000,1152640,77.9509
Suite_14,Deferred_Volume,0,2724,5.04123,1.95999,0.894208,4.77798,5.99245,7.48597,133.583,15000,1149056,78.0027
Suite_14,Deferred_Volume,0,2725,5.04161,2.02412,1.43936,4.65722,6.4215,7.43124,134.567,15000,1146752,77.9432
Suite_14,Deferred_Volume,0,2726,5.0265,2.00069,0.893856,4.60781,5.82429,7.50186,133.3,15000,1142144,77.8499
Suite_14,Deferred_Volume,0,2727,5.04805,2.05199,2.55805,4.70016,7.57706,7.44385,134.339,15000,1138560,77.815
Suite_14,Deferred_Volume,0,2728,5.01332,1.9952,0.902848,4.1065,5.33738,7.52089,132.963,15000,1135104,77.733
Suite_14,Deferred_Volume,0,2729,5.00084,1.9705,2.92032,4.12432,7.36666,7.41774,134.812,15000,1131904,77.0575
Suite_14,Deferred_Volume,0,2730,4.98694,1.98423,0.872096,4.05821,5.25107,7.38414,135.425,15000,1128960,76.9641
Suite_14,Deferred_Volume,0,2731,4.98148,1.9546,0.880928,4.11238,5.31389,7.39026,135.313,15000,1125504,76.8774
Suite_14,Deferred_Volume,0,2732,4.9806,1.98568,0.872224,5.04013,6.23494,7.35847,135.898,15000,1122944,76.6597
Suite_14,Deferred_Volume,0,2733,4.97112,1.99484,2.06854,3.48496,5.89824,7.40063,135.124,15000,1119744,76.5741
Suite_14,Deferred_Volume,0,2734,4.95627,1.92069,0.872448,4.66163,5.8512,7.3706,135.674,15000,1115520,74.2404
Suite_14,Deferred_Volume,0,2735,4.9555,2.28606,0.991232,3.47955,5.37738,7.28374,137.292,15000,1111680,74.169
Suite_14,Deferred_Volume,0,2736,4.9323,1.91903,0.855712,4.7063,5.88189,7.65209,130.683,15000,1106432,74.0049
Suite_14,Deferred_Volume,0,2737,4.9252,1.98578,1.07651,3.50022,5.97267,7.2517,137.899,15000,1102464,73.8863
Suite_14,Deferred_Volume,0,2738,4.91192,1.94889,0.85216,4.67562,5.84458,7.32881,136.448,15000,1097216,73.8159
Suite_14,Deferred_Volume,0,2739,4.92309,1.98593,1.39264,4.03203,5.7424,7.2646,137.654,15000,1092224,73.6571
Suite_14,Deferred_Volume,0,2740,4.89279,1.93687,0.84992,4.64486,5.81837,7.3026,136.937,15000,1088128,73.2472
Suite_14,Deferred_Volume,0,2741,4.88536,1.93555,1.31456,4.54576,6.18496,7.23316,138.252,15000,1083904,73.2063
Suite_14,Deferred_Volume,0,2742,4.85936,1.88902,0.845216,4.64077,5.79968,7.2313,138.288,15000,1078784,73.1705
Suite_14,Deferred_Volume,0,2743,4.86074,3.99857,3.72736,3.97312,8.01555,7.13782,140.099,15000,1075712,73.0376
Suite_14,Deferred_Volume,0,2744,4.8448,1.89866,0.851968,4.04877,5.21933,9.26364,107.949,15000,1072896,72.9285
Suite_14,Deferred_Volume,0,2745,4.86237,1.90211,1.50483,3.94301,5.76922,7.13689,140.117,15000,1069824,72.908
Suite_14,Deferred_Volume,0,2746,4.83114,1.85808,0.842752,3.97968,5.14112,7.17738,139.327,15000,1065088,72.8971
Suite_14,Deferred_Volume,0,2747,4.81581,1.90377,2.14851,4.8831,7.34413,7.07951,141.253,15000,1060864,72.8886
Suite_14,Deferred_Volume,0,2748,4.80868,1.90731,0.837568,3.34438,4.50237,7.13299,140.194,15000,1056384,72.9109
Suite_14,Deferred_Volume,0,2749,4.79565,1.86689,1.49117,4.86397,6.66838,7.13075,140.238,15000,1051776,72.8679
Suite_14,Deferred_Volume,0,2750,4.78477,1.90207,0.835712,3.33568,4.48672,7.05347,141.774,15000,1048704,72.8001
Suite_14,Deferred_Volume,0,2751,4.77442,1.87507,2.94227,3.44778,6.7031,7.0747,141.349,15000,1044864,72.855
Suite_14,Deferred_Volume,0,2752,4.76205,1.84829,0.831488,5.36765,6.51869,7.02619,142.325,15000,1041024,72.9333
Suite_14,Deferred_Volume,0,2753,4.75938,2.36761,0.851904,3.26995,5.12544,6.9983,142.892,15000,1036288,73.0238
Suite_14,Deferred_Volume,0,2754,4.73806,1.80474,0.843136,3.93501,5.08934,7.5121,133.119,15000,1030400,72.9106
Suite_14,Deferred_Volume,0,2755,4.72397,1.84122,1.476,3.3529,5.16838,6.92258,144.455,15000,1025408,73.015
Suite_14,Deferred_Volume,0,2756,4.7128,1.79557,0.833536,3.8801,5.03194,6.93705,144.153,15000,1020416,72.8602
Suite_14,Deferred_Volume,0,2757,4.699,1.86513,1.52909,3.20563,5.05181,6.88018,145.345,15000,1015040,72.9835
Suite_14,Deferred_Volume,0,2758,4.68536,1.79155,0.825344,3.30301,4.43904,6.93768,144.14,15000,1010560,73.0952
Suite_14,Deferred_Volume,0,2759,4.67771,1.83256,2.04515,4.69453,7.0504,6.86841,145.594,15000,1006080,73.2921
Suite_14,Deferred_Volume,0,2760,4.6603,1.80008,0.811136,3.12925,4.24755,6.89082,145.121,15000,1000448,73.0755
Suite_14,Deferred_Volume,0,2761,4.6418,1.78454,0.95024,4.64077,5.9023,6.83088,146.394,15000,996224,73.3653
Suite_14,Deferred_Volume,0,2762,4.62842,1.78981,0.802816,3.1239,4.23514,6.8122,146.795,15000,989952,73.3319
Suite_14,Deferred_Volume,0,2763,4.62055,1.75253,0.804864,3.65773,4.77146,6.78054,147.481,15000,985984,73.7313
Suite_14,Deferred_Volume,0,2764,4.60344,1.75047,0.810848,3.19696,4.32381,6.73274,148.528,15000,980224,74.0157
Suite_14,Deferred_Volume,0,2765,4.58681,1.76217,0.803872,4.71674,5.85114,6.72743,148.645,15000,973824,74.0772
Suite_14,Deferred_Volume,0,2766,4.5845,1.79638,2.00509,3.23923,5.56205,6.70953,149.042,15000,970368,74.5842
Suite_14,Deferred_Volume,0,2767,4.5703,1.76363,0.787648,3.8512,4.95859,6.79028,147.269,15000,964992,75.1238
Suite_14,Deferred_Volume,0,2768,4.5621,4.12399,0.78304,3.38838,4.50154,6.68597,149.567,15000,960640,75.4999
Suite_14,Deferred_Volume,0,2769,4.61263,1.78469,2.304,3.91011,6.53587,9.0395,110.626,15000,955392,75.7071
Suite_14,Deferred_Volume,0,2770,4.5439,1.7722,0.774144,3.26432,4.35504,6.78044,147.483,15000,950400,73.8008
Suite_14,Deferred_Volume,0,2771,4.52133,1.72371,0.766528,3.41405,4.49901,6.66955,149.935,15000,944896,72.3901
Suite_14,Deferred_Volume,0,2772,4.50453,1.75888,1.9159,3.45498,5.69155,6.59985,151.519,15000,938624,72.666
Suite_14,Deferred_Volume,0,2773,4.48548,1.70875,0.759392,3.54678,4.61843,6.62096,151.035,15000,933504,72.9818
Suite_14,Deferred_Volume,0,2774,4.48004,1.96016,0.760672,3.54298,4.62787,6.55055,152.659,15000,928128,71.8411
Suite_14,Deferred_Volume,0,2775,4.46298,1.72094,3.31853,3.50362,7.14358,6.78345,147.418,15000,924032,71.9864
Suite_14,Deferred_Volume,0,2776,4.44871,2.5056,0.746432,3.48282,4.5521,6.52675,153.216,15000,918016,72.1911
Suite_14,Deferred_Volume,0,2777,4.43638,1.69556,0.741344,3.43651,4.51984,7.30157,136.957,15000,913792,69.6609
Suite_14,Deferred_Volume,0,2778,4.42652,2.21219,1.88947,3.44906,5.65658,6.48419,154.221,15000,908672,69.9868
Suite_14,Deferred_Volume,0,2779,4.41538,1.68246,0.749888,3.39405,4.46464,7.15488,139.765,15000,903936,70.3642
Suite_14,Deferred_Volume,0,2780,4.39808,2.22773,0.756672,3.80736,4.88595,6.43023,155.515,15000,898816,68.8152
Suite_14,Deferred_Volume,0,2781,4.3867,1.67829,2.87744,3.83997,7.03971,7.1598,139.669,15000,893696,69.2092
Suite_14,Deferred_Volume,0,2782,4.3811,2.12888,0.781312,4.31677,5.41491,6.3924,156.436,15000,889600,69.1514
Suite_14,Deferred_Volume,0,2783,4.36202,1.66003,0.773888,4.35632,5.45232,7.05307,141.782,15000,883968,69.441
Suite_14,Deferred_Volume,0,2784,4.34355,2.23273,0.76304,3.71917,5.4392,6.34867,157.513,15000,877952,67.6517
Suite_14,Deferred_Volume,0,2785,4.33388,1.66235,0.78336,4.34586,5.44758,7.10747,140.697,15000,872576,68.1693
Suite_14,Deferred_Volume,0,2786,4.32995,2.14341,0.74176,4.31437,5.37805,6.31652,158.315,15000,866688,67.2109
Suite_14,Deferred_Volume,0,2787,4.3117,1.64944,2.31014,4.40963,7.04282,7.00936,142.666,15000,861184,67.8281
Suite_14,Deferred_Volume,0,2788,4.2948,2.16498,0.730048,3.77856,4.82509,6.2881,159.03,15000,854912,68.0962
Suite_14,Deferred_Volume,0,2789,4.26953,1.63537,0.718784,4.38272,5.42467,6.99708,142.917,15000,848128,68.0699
Suite_14,Deferred_Volume,0,2790,4.26228,2.20402,0.72992,4.31514,5.36304,6.21517,160.897,15000,842880,68.4728
Suite_14,Deferred_Volume,0,2791,4.24837,1.60748,0.710656,4.4041,5.43744,6.99819,142.894,15000,838400,69.1168
Suite_14,Deferred_Volume,0,2792,4.23118,2.32792,0.70656,3.21814,4.24784,6.16317,162.254,15000,831360,69.7564
Suite_14,Deferred_Volume,0,2793,4.21934,1.60848,2.28707,4.42173,7.03018,7.06689,141.505,15000,826496,70.4731
Suite_14,Deferred_Volume,0,2794,4.21323,2.36953,0.700416,3.20272,4.21085,6.13114,163.102,15000,821760,69.5673
Suite_14,Deferred_Volume,0,2795,4.18994,1.57324,0.692224,3.84973,4.85936,7.08752,141.093,15000,816640,69.8694
Suite_14,Deferred_Volume,0,2796,4.18884,1.83786,0.702912,3.29706,4.93718,6.06076,164.996,15000,811904,70.6703
Suite_14,Deferred_Volume,0,2797,4.16706,1.60289,0.700736,3.28256,4.32538,6.54452,152.8,15000,805632,71.2311
Suite_14,Deferred_Volume,0,2798,4.15568,2.18166,0.69376,3.26714,4.27414,6.07441,164.625,15000,800384,72.0439
Suite_14,Deferred_Volume,0,2799,4.13898,3.70058,3.3321,3.20512,6.85238,6.69157,149.442,15000,795136,72.9444
Suite_14,Deferred_Volume,0,2800,4.139,1.59838,0.684864,4.51504,5.50906,8.14159,122.826,15000,789888,73.5926
Suite_14,Deferred_Volume,0,2801,4.13416,1.58756,0.669504,3.73155,4.72115,6.03759,165.629,15000,783360,74.6168
Suite_14,Deferred_Volume,0,2802,4.09709,1.56361,0.78352,3.90806,5.0097,6.14873,162.635,15000,777216,75.8246
Suite_14,Deferred_Volume,0,2803,4.08058,1.53228,0.670048,4.46166,5.45696,5.9464,168.169,15000,771712,77.3371
Suite_14,Deferred_Volume,0,2804,4.07088,3.06482,0.654912,4.39322,5.37197,5.909,169.233,15000,766848,74.7677
Suite_14,Deferred_Volume,0,2805,4.05343,1.53988,0.794784,5.90726,7.02054,7.42787,134.628,15000,760704,75.7579
Suite_14,Deferred_Volume,0,2806,4.04666,2.84316,0.651264,3.87376,4.84912,5.87993,170.07,15000,755840,76.1352
Suite_14,Deferred_Volume,0,2807,4.03491,1.53513,0.648032,5.86042,6.83008,7.40185,135.101,15000,751232,77.19
Suite_14,Deferred_Volume,0,2808,4.02061,2.89424,0.657664,4.37875,5.53494,5.85092,170.913,15000,745216,78.1903
Suite_14,Deferred_Volume,0,2809,4.00999,1.54307,0.651264,5.84909,6.82666,7.45351,134.165,15000,740352,79.2951
Suite_14,Deferred_Volume,0,2810,3.99797,3.08122,0.648288,3.87734,4.83814,5.99866,166.704,15000,737536,80.0181
Suite_14,Deferred_Volume,0,2811,3.9812,1.49111,1.30426,5.83069,7.4648,7.35979,135.873,15000,733184,79.922
Suite_14,Deferred_Volume,0,2812,3.97184,3.09126,0.660512,3.29395,4.27107,5.75576,173.739,15000,728192,81.1282
Suite_14,Deferred_Volume,0,2813,3.96377,1.50763,0.651072,5.31843,6.2896,7.601,131.562,15000,721792,78.9518
Suite_14,Deferred_Volume,0,2814,3.9652,2.60639,0.660896,3.24698,4.93235,5.96851,167.546,15000,716800,80.223
Suite_14,Deferred_Volume,0,2815,3.93645,1.4764,0.644768,3.40138,4.36515,6.84163,146.164,15000,710784,81.5043
Suite_14,Deferred_Volume,0,2816,3.91337,1.44283,0.650048,3.38534,4.35824,5.67374,176.251,15000,705152,80.8514
Suite_14,Deferred_Volume,0,2817,3.89412,2.89284,0.681984,3.38397,5.52358,5.62885,177.656,15000,699904,82.246
Suite_14,Deferred_Volume,0,2818,3.89767,1.55093,0.636928,3.86867,4.82304,7.30474,136.897,15000,695424,83.6712
Suite_14,Deferred_Volume,0,2819,3.88211,3.22945,0.644672,4.27613,5.23878,5.9573,167.861,15000,690432,85.0949
Suite_14,Deferred_Volume,0,2820,3.86588,1.48313,0.631392,5.79414,6.88346,7.36746,135.732,15000,686080,85.5372
Suite_14,Deferred_Volume,0,2821,3.85796,3.1656,0.610304,4.28592,5.21872,5.70901,175.162,15000,680960,87.0253
Suite_14,Deferred_Volume,0,2822,3.84385,1.46373,0.612352,5.79203,6.72803,7.28351,137.296,15000,676608,87.6742
Suite_14,Deferred_Volume,0,2823,3.83355,3.16987,0.618496,4.28416,5.34176,5.86719,170.439,15000,670336,89.1468
Suite_14,Deferred_Volume,0,2824,3.81229,1.4206,0.610464,5.74259,6.67606,7.26025,137.736,15000,664960,90.5762
Suite_14,Deferred_Volume,0,2825,3.8023,3.16227,0.607872,3.77862,4.7104,5.79434,172.582,15000,660096,90.5296
Suite_14,Deferred_Volume,0,2826,3.7928,1.41716,1.26192,5.68115,7.26634,7.22128,138.48,15000,655488,92.0188
Suite_14,Deferred_Volume,0,2827,3.77589,3.22646,0.599136,3.09309,4.02246,5.45359,183.365,15000,650112,93.507
Suite_14,Deferred_Volume,0,2828,3.77087,1.5607,0.60416,4.59322,5.53667,7.55221,132.412,15000,645632,93.7776
Suite_14,Deferred_Volume,0,2829,3.75937,2.0394,0.594176,3.06531,3.97827,5.78004,173.009,15000,640512,95.2382
Suite_14,Deferred_Volume,0,2830,3.74191,1.40483,0.62432,4.17693,5.1263,6.04308,165.479,15000,635136,96.1497
Suite_14,Deferred_Volume,0,2831,3.72081,1.54591,0.583168,5.7144,6.6104,5.6512,176.954,15000,630400,97.6234
Suite_14,Deferred_Volume,0,2832,3.71411,3.22891,0.572224,4.20832,5.09542,5.50823,181.546,15000,624128,98.9901
Suite_14,Deferred_Volume,0,2833,3.69734,1.39794,0.565248,5.6639,6.55126,7.18469,139.185,15000,619264,99.4902
Suite_14,Deferred_Volume,0,2834,3.69104,3.19758,0.549984,3.64224,4.63034,5.63144,177.575,15000,614528,98.9631
Suite_14,Deferred_Volume,0,2835,3.6759,1.36338,0.541376,5.59446,6.4471,7.12362,140.378,15000,610944,99.9932
Suite_14,Deferred_Volume,0,2836,3.65727,3.10272,0.529856,3.02506,3.89126,5.27472,189.583,15000,605440,100.978
Suite_14,Deferred_Volume,0,2837,3.64765,3.65433,0.528224,3.5881,4.43872,7.30051,136.977,15000,600960,100.066
Suite_14,Deferred_Volume,0,2838,3.66221,1.3753,1.18355,4.48291,6.00883,7.53156,132.775,15000,597248,100.931
Suite_14,Deferred_Volume,0,2839,3.6734,1.79893,0.530304,2.93619,3.77885,5.27729,189.491,15000,592000,101.706
Suite_14,Deferred_Volume,0,2840,3.61851,1.339,0.538048,4.02176,4.87798,6.07671,164.563,15000,588416,102.504
Suite_14,Deferred_Volume,0,2841,3.59979,1.47359,0.522656,5.56074,6.4041,5.43549,183.976,15000,583296,103.274
Suite_14,Deferred_Volume,0,2842,3.59187,3.14707,0.526336,4.03046,4.99162,5.30592,188.469,15000,578432,103.301
Suite_14,Deferred_Volume,0,2843,3.57821,1.32603,0.503744,5.42646,6.24435,6.96815,143.51,15000,574208,104.017
Suite_14,Deferred_Volume,0,2844,3.56823,3.02298,0.509504,2.83846,3.66198,5.4042,185.041,15000,569088,104.721
Suite_14,Deferred_Volume,0,2845,3.56079,1.34087,0.489824,4.2967,5.09952,6.81132,146.814,15000,563712,105.05
Suite_14,Deferred_Volume,0,2846,3.54005,1.74405,0.527424,2.78883,4.83005,5.1189,195.355,15000,558464,105.633
Suite_14,Deferred_Volume,0,2847,3.52937,1.32654,0.47936,3.88416,4.67677,5.86033,170.639,15000,553984,105.691
Suite_14,Deferred_Volume,0,2848,3.50573,1.37983,0.483136,5.33709,6.13581,5.27088,189.722,15000,549504,105.147
Suite_14,Deferred_Volume,0,2849,3.51,2.97257,0.484992,2.74346,3.5641,5.09612,196.228,15000,546432,105.636
Suite_14,Deferred_Volume,0,2850,3.49303,1.28777,0.485824,2.83443,3.63882,6.69379,149.392,15000,541312,104.368
Suite_14,Deferred_Volume,0,2851,3.46573,1.27767,0.488,3.88282,4.68589,4.98313,200.677,15000,536064,104.763
Suite_14,Deferred_Volume,0,2852,3.46674,2.08273,0.479648,3.78995,4.58336,4.94721,202.134,15000,532096,105.116
Suite_14,Deferred_Volume,0,2853,3.46018,1.269,0.480992,5.26307,6.0633,6.11405,163.558,15000,528640,104.204
Suite_14,Deferred_Volume,0,2854,3.45766,2.96077,0.493568,2.69107,3.67254,4.98167,200.736,15000,524032,104.458
Suite_14,Deferred_Volume,0,2855,3.43849,1.24757,0.487424,4.17693,4.98278,6.61887,151.083,15000,520448,104.665
Suite_14,Deferred_Volume,0,2856,3.42096,1.86908,0.479232,3.20154,3.98762,4.88158,204.852,15000,516352,104.441
Suite_14,Deferred_Volume,0,2857,3.41739,1.26908,0.477184,3.74579,4.54051,5.84402,171.115,15000,512896,104.181
Suite_14,Deferred_Volume,0,2858,3.40393,1.44868,0.490496,5.15277,6.09264,5.1336,194.795,15000,509824,104.206
Suite_14,Deferred_Volume,0,2859,3.39926,2.92071,0.471936,2.61638,3.40173,5.04542,198.199,15000,506624,104.157
Suite_14,Deferred_Volume,0,2860,3.38946,1.21909,0.46896,4.14691,4.93056,6.51326,153.533,15000,502528,104.054
Suite_14,Deferred_Volume,0,2861,3.37586,1.83598,0.48048,3.67667,4.47334,4.8117,207.827,15000,497280,103.879
Suite_14,Deferred_Volume,0,2862,3.37168,1.26845,0.483648,5.18032,6.11123,5.76134,173.571,15000,492544,103.681
Suite_14,Deferred_Volume,0,2863,3.3769,2.9441,0.483328,2.59334,4.4551,5.08344,196.717,15000,488832,103.44
Suite_14,Deferred_Volume,0,2864,3.34808,1.30812,0.476448,2.7143,3.52986,6.51848,153.41,15000,484096,103.147
Suite_14,Deferred_Volume,0,2865,3.35563,1.73031,0.47072,2.63306,3.41811,5.20531,192.111,15000,480000,102.691
Suite_14,Deferred_Volume,0,2866,3.3325,1.36994,0.48128,3.59219,4.38886,5.28098,189.359,15000,475520,100.232
Suite_14,Deferred_Volume,0,2867,3.372,2.79683,0.479872,3.55536,4.34979,4.92583,203.012,15000,470400,99.6115
Suite_14,Deferred_Volume,0,2868,3.34822,1.24151,0.472928,3.9407,4.72269,6.35995,157.234,15000,465792,98.963
Suite_14,Deferred_Volume,0,2869,3.27949,1.43017,0.47104,2.41168,3.19722,4.78772,208.868,15000,461440,98.569
Suite_14,Deferred_Volume,0,2870,3.2716,1.20172,0.470304,3.01062,3.7927,5.25629,190.248,15000,456960,98.2051
Suite_14,Deferred_Volume,0,2871,3.3039,1.21026,0.474784,4.96006,5.75283,4.81045,207.881,15000,452480,97.8787
Suite_14,Deferred_Volume,0,2872,3.30714,2.8355,0.48336,2.33142,3.29904,4.71066,212.284,15000,448000,97.4513
Suite_14,Deferred_Volume,0,2873,3.24722,1.24603,0.467744,3.82976,4.61414,6.32902,158.002,15000,443776,97.1583
Suite_14,Deferred_Volume,0,2874,3.21823,1.50169,0.46352,3.45702,4.24262,4.68888,213.27,15000,439168,96.482
Suite_14,Deferred_Volume,0,2875,3.26756,1.2124,0.4672,4.89062,5.67702,5.25472,190.305,15000,435584,96.2447
Suite_14,Deferred_Volume,0,2876,3.28026,2.75274,0.470656,2.30656,3.08429,4.81525,207.674,15000,430976,96.0492
Suite_14,Deferred_Volume,0,2877,3.18493,1.244,0.478944,2.42822,3.22186,6.21557,160.886,15000,425600,95.6787
Suite_14,Deferred_Volume,0,2878,3.17003,1.17707,0.452576,3.52435,4.28688,4.60053,217.366,15000,421376,95.5035
Suite_14,Deferred_Volume,0,2879,3.23071,1.68736,0.454208,2.29197,3.07462,4.51332,221.567,15000,416640,95.2122
Suite_14,Deferred_Volume,0,2880,3.19369,1.16904,0.451936,3.7937,4.55552,5.43009,184.159,15000,412160,95.1632
Suite_14,Deferred_Volume,0,2881,3.12144,1.55087,0.443584,2.84096,3.59658,4.54799,219.877,15000,408192,95.0595
Suite_14,Deferred_Volume,0,2882,3.15806,1.21579,0.456,3.40378,4.28746,5.20342,192.181,15000,403584,93.2629
Suite_14,Deferred_Volume,0,2883,3.17552,1.33258,0.441952,3.80643,4.58342,4.69724,212.891,15000,399872,93.4877
Suite_14,Deferred_Volume,0,2884,3.09675,1.89993,0.431904,2.33882,3.07942,4.68066,213.645,15000,396416,92.0006
Suite_14,Deferred_Volume,0,2885,3.10008,1.14214,0.4312,3.43238,4.18058,5.16938,193.447,15000,392064,92.3392
Suite_14,Deferred_Volume,0,2886,3.12251,1.3306,0.432576,3.83984,4.58029,4.66295,214.456,15000,387712,92.7623
Suite_14,Deferred_Volume,0,2887,3.06453,1.89332,0.422496,2.27942,4.2105,4.62833,216.06,15000,385024,93.3409
Suite_14,Deferred_Volume,0,2888,3.08024,1.13188,0.404608,3.33254,4.05389,5.11134,195.643,15000,381312,93.9564
Suite_14,Deferred_Volume,0,2889,3.0855,1.226,0.399168,3.66387,4.37402,4.63467,215.765,15000,376576,93.6204
Suite_14,Deferred_Volume,0,2890,3.02895,1.7238,0.39936,2.18112,2.89795,4.47798,223.315,15000,373248,94.0419
Suite_14,Deferred_Volume,0,2891,3.03035,3.63434,0.395296,2.27066,2.97366,4.92875,202.891,15000,368768,94.6882
Suite_14,Deferred_Volume,0,2892,3.03623,1.51709,0.39632,2.78144,3.49392,6.8274,146.469,15000,364672,95.4544
Suite_14,Deferred_Volume,0,2893,3.06764,1.12918,1.06045,4.24637,5.6295,4.86297,205.636,15000,360704,95.9739
Suite_14,Deferred_Volume,0,2894,3.05973,2.28151,0.409344,2.23642,2.96541,4.341,230.362,15000,356224,92.1867
Suite_14,Deferred_Volume,0,2895,2.98671,1.0933,0.401408,3.2809,3.99808,5.70754,175.207,15000,352384,93.2842
Suite_14,Deferred_Volume,0,2896,3.01192,1.09816,0.408864,4.69069,5.4217,4.22358,236.766,15000,349312,94.1865
Suite_14,Deferred_Volume,0,2897,2.98874,2.80915,0.414336,2.13939,2.87334,4.45653,224.39,15000,344320,95.3951
Suite_14,Deferred_Volume,0,2898,2.9501,1.13949,0.408896,2.712,3.44419,5.95424,167.947,15000,341120,96.6951
Suite_14,Deferred_Volume,0,2899,2.92644,1.09331,0.439488,4.84803,5.73056,4.23671,236.032,15000,337280,97.3872
Suite_14,Deferred_Volume,0,2900,3.00011,2.99832,0.433792,2.10483,2.84474,4.20785,237.651,15000,333184,98.3724
Suite_14,Deferred_Volume,0,2901,2.91896,1.13227,0.423008,3.54323,4.26614,6.15534,162.46,15000,328704,99.8946
Suite_14,Deferred_Volume,0,2902,2.91322,1.64114,0.366688,2.50061,3.17645,4.18765,238.797,15000,325120,101.303
Suite_14,Deferred_Volume,0,2903,2.9732,1.11348,0.329408,3.53453,4.20045,5.05337,197.888,15000,321024,103.017
Suite_14,Deferred_Volume,0,2904,2.89105,1.34499,0.32768,1.9415,2.5768,4.24367,235.645,15000,317568,103.547
Suite_14,Deferred_Volume,0,2905,2.87539,1.05766,0.333824,1.92512,3.64899,4.74776,210.626,15000,314240,107.476
Suite_14,Deferred_Volume,0,2906,2.89649,1.06632,0.314944,3.32586,3.95357,4.17019,239.797,15000,311552,113.216
Suite_14,Deferred_Volume,0,2907,2.84375,1.46248,0.319488,2.37786,3.00944,4.09972,243.919,15000,307968,114.57
Suite_14,Deferred_Volume,0,2908,2.86974,1.0481,0.323584,1.83021,2.46662,4.47296,223.566,15000,304128,115.062
Suite_14,Deferred_Volume,0,2909,2.871,1.06271,0.31072,1.88893,2.51363,4.10033,243.883,15000,300416,106.868
Suite_14,Deferred_Volume,0,2910,2.80885,1.54245,0.313664,1.76314,3.46726,4.05706,246.484,15000,297856,108.005
Suite_14,Deferred_Volume,0,2911,2.8677,1.09846,0.310144,1.88077,2.50266,4.49122,222.657,15000,294272,108.904
Suite_14,Deferred_Volume,0,2912,2.8159,1.22792,0.352768,1.83706,3.57293,4.09403,244.258,15000,292352,110.156
Suite_14,Deferred_Volume,0,2913,2.82343,1.07166,0.307168,2.95597,3.57491,4.34678,230.055,15000,289792,108.802
Suite_14,Deferred_Volume,0,2914,2.8033,2.48737,0.307008,1.7103,2.33181,4.03002,248.138,15000,287360,109.753
Suite_14,Deferred_Volume,0,2915,2.7913,1.01198,0.307584,2.83005,3.44858,5.40928,184.867,15000,284544,105.855
Suite_14,Deferred_Volume,0,2916,2.76458,1.00994,0.32,3.21536,3.84752,3.92142,255.01,15000,281600,106.079
Suite_14,Deferred_Volume,0,2917,2.76585,1.11188,0.316,1.69165,2.3159,3.8949,256.746,15000,279040,104.913
Suite_14,Deferred_Volume,0,2918,2.76137,1.01827,0.315392,1.61939,2.25907,4.35494,229.624,15000,275712,105.281
Suite_14,Deferred_Volume,0,2919,2.73062,1.01556,0.98304,3.12093,4.41344,3.95673,252.734,15000,272896,104.841
Suite_14,Deferred_Volume,0,2920,2.7322,1.34562,0.316384,2.71536,3.3424,3.86551,258.698,15000,269952,103.609
Suite_14,Deferred_Volume,0,2921,2.74119,1.05465,0.309504,3.09075,3.70074,4.20123,238.026,15000,267008,103.742
Suite_14,Deferred_Volume,0,2922,2.73309,1.39865,0.31808,1.56698,2.19696,3.91386,255.502,15000,264832,104.034
Suite_14,Deferred_Volume,0,2923,2.715,0.984309,0.320224,1.58128,2.20595,4.24222,235.725,15000,262656,104.38
Suite_14,Deferred_Volume,0,2924,2.68305,0.972165,0.321536,3.00442,3.6297,3.81272,262.28,15000,260224,103.86
Suite_14,Deferred_Volume,0,2925,2.68289,1.42524,0.311296,1.5617,2.20829,3.76249,265.782,15000,257792,102.785
Suite_14,Deferred_Volume,0,2926,2.68246,0.879403,0.312384,3.03715,3.65773,4.28026,233.631,15000,254336,101.201
Suite_14,Deferred_Volume,0,2927,2.69965,1.37411,0.322048,2.62442,3.4287,3.87127,258.313,15000,251648,101.279
Suite_14,Deferred_Volume,0,2928,2.68399,0.8884,0.316768,3.00877,3.63907,4.18031,239.217,15000,248704,101.849
Suite_14,Deferred_Volume,0,2929,2.72548,1.32907,0.312768,1.49587,2.12352,3.83465,260.78,15000,246656,102.212
Suite_14,Deferred_Volume,0,2930,2.67608,0.850382,0.323584,1.50118,2.1369,4.21338,237.339,15000,244352,103.495
Suite_14,Deferred_Volume,0,2931,2.64107,0.830877,0.322496,3.00442,3.6352,3.72987,268.106,15000,241792,104.854
Suite_14,Deferred_Volume,0,2932,2.62561,1.6662,0.32768,1.52781,2.18608,3.57141,280.001,15000,239488,106.184
Suite_14,Deferred_Volume,0,2933,2.64018,0.889272,0.323136,3.0065,3.63885,4.39866,227.342,15000,235776,106.813
Suite_14,Deferred_Volume,0,2934,2.63699,1.42599,0.31552,2.60419,3.2297,3.83453,260.788,15000,233856,107.963
Suite_14,Deferred_Volume,0,2935,2.62836,0.84253,0.315776,2.99504,3.61882,4.16588,240.045,15000,231168,109.004
Suite_14,Deferred_Volume,0,2936,2.60288,1.45299,0.329728,1.48586,3.30902,3.8275,261.267,15000,228480,109.689
Suite_14,Deferred_Volume,0,2937,2.60075,0.834008,0.276128,1.47286,2.05824,4.15707,240.554,15000,226176,107.887
Suite_14,Deferred_Volume,0,2938,2.57404,0.812943,0.266176,2.96368,3.53894,3.73221,267.938,15000,223360,107.735
Suite_14,Deferred_Volume,0,2939,2.55299,1.82397,0.270336,1.46352,2.05312,3.47949,287.398,15000,220672,105.709
Suite_14,Deferred_Volume,0,2940,2.56402,0.84326,0.278528,2.93459,3.51206,4.47428,223.499,15000,217728,105.016
Suite_14,Deferred_Volume,0,2941,2.54687,1.38104,0.294624,2.02576,2.62461,3.71083,269.482,15000,214656,103.775
Suite_14,Deferred_Volume,0,2942,2.54226,0.824457,0.29568,2.89587,3.49594,4.02123,248.68,15000,212864,101.674
Suite_14,Deferred_Volume,0,2943,2.52983,1.44608,0.28656,2.44941,3.04768,3.456,289.352,15000,210560,98.9262
Suite_14,Deferred_Volume,0,2944,2.52793,0.832247,0.284672,2.83238,3.42,4.27789,233.76,15000,205824,96.2829
Suite_14,Deferred_Volume,0,2945,2.51817,1.33029,0.30352,1.31482,3.11606,3.65409,273.666,15000,201984,94.3184
Suite_14,Deferred_Volume,0,2946,2.50025,0.810655,0.274464,1.30269,1.88627,3.94189,253.685,15000,199424,92.2456
Suite_14,Deferred_Volume,0,2947,2.47411,0.782483,0.26624,1.42003,1.99498,3.53778,282.663,15000,196608,90.2599
Suite_14,Deferred_Volume,0,2948,2.4685,0.786916,0.26816,1.4463,2.0369,3.34832,298.657,15000,194048,88.3447
Suite_14,Deferred_Volume,0,2949,2.46874,1.24343,0.260096,1.37194,1.93632,3.34391,299.051,15000,191872,86.1578
Suite_14,Deferred_Volume,0,2950,2.47244,0.802577,0.264224,1.99034,2.55379,3.799,263.227,15000,188672,84.4367
Suite_14,Deferred_Volume,0,2951,2.46301,1.9023,0.251808,1.30461,1.85754,3.40814,293.415,15000,186368,82.8514
Suite_14,Deferred_Volume,0,2952,2.45121,0.810282,0.249824,1.13379,1.69536,4.44784,224.828,15000,183808,80.768
Suite_14,Deferred_Volume,0,2953,2.45119,0.813011,0.24144,1.24013,1.78861,3.34807,298.68,15000,181376,79.3544
Suite_14,Deferred_Volume,0,2954,2.44545,0.820363,0.239488,1.27344,1.80896,3.34766,298.717,15000,177792,78.0799
Suite_14,Deferred_Volume,0,2955,2.44083,0.816241,0.227328,2.6071,3.1361,3.59688,278.019,15000,175872,76.5317
Suite_14,Deferred_Volume,0,2956,2.42655,1.08799,0.239616,1.08954,1.80224,3.3363,299.733,15000,173952,75.4734
Suite_14,Deferred_Volume,0,2957,2.42497,0.837756,0.219136,2.57853,3.10269,3.5965,278.048,15000,171136,72.2016
Suite_14,Deferred_Volume,0,2958,2.41768,1.05149,0.220416,1.0672,1.59382,3.34416,299.029,15000,169216,69.8449
Suite_14,Deferred_Volume,0,2959,2.41005,0.78762,0.208896,2.56755,3.07965,3.55109,281.603,15000,166272,67.6722
Suite_14,Deferred_Volume,0,2960,2.39224,1.114,0.21504,1.05677,1.57696,3.27223,305.602,15000,162944,66.7928
Suite_14,Deferred_Volume,0,2961,2.37611,0.788581,0.206272,2.55024,3.05942,3.58173,279.195,15000,160384,66.0925
Suite_14,Deferred_Volume,0,2962,2.36889,1.24044,0.206848,1.05882,1.56707,3.23793,308.839,15000,158720,65.4232
Suite_14,Deferred_Volume,0,2963,2.35522,0.778892,0.201088,2.55104,3.05562,3.68309,271.511,15000,156544,64.7987
Suite_14,Deferred_Volume,0,2964,2.3489,1.16116,0.196768,1.04787,1.55238,3.20631,311.885,15000,153600,64.1977
Suite_14,Deferred_Volume,0,2965,2.3563,0.806469,0.196352,2.5528,3.05098,3.73797,267.525,15000,151680,63.287
Suite_14,Deferred_Volume,0,2966,2.34227,1.08258,0.194848,1.04163,1.53814,3.23397,309.217,15000,149248,60.8092
Suite_14,Deferred_Volume,0,2967,2.33064,0.785137,0.189056,2.52438,3.0167,3.69506,270.632,15000,147200,59.8903
Suite_14,Deferred_Volume,0,2968,2.31715,1.18278,0.190208,0.99648,1.48496,3.1853,313.942,15000,144896,59.1609
Suite_14,Deferred_Volume,0,2969,2.31358,0.809196,0.845536,2.50637,3.64826,3.72215,268.662,15000,143104,58.6109
Suite_14,Deferred_Volume,0,2970,2.30318,1.22914,0.19072,1.03098,1.52758,3.19349,313.137,15000,141184,55.2765
Suite_14,Deferred_Volume,0,2971,2.29558,0.783266,0.2048,2.61104,3.11786,3.80283,262.962,15000,139648,55.0481
Suite_14,Deferred_Volume,0,2972,2.29037,1.24261,0.15824,0.903168,1.35782,3.14438,318.028,15000,137344,54.9037
Suite_14,Deferred_Volume,0,2973,2.27512,0.768806,0.155456,0.863968,2.81485,3.85184,259.616,15000,134784,53.6284
Suite_14,Deferred_Volume,0,2974,2.26715,0.949768,0.156576,0.856352,1.42746,3.11318,321.215,15000,131968,51.3982
Suite_14,Deferred_Volume,0,2975,2.26303,0.762222,0.155072,0.84992,1.43549,3.53225,283.106,15000,130176,51.0593
Suite_14,Deferred_Volume,0,2976,2.25096,0.748326,0.155424,0.847872,1.47741,3.08725,323.913,15000,127232,50.7353
Suite_14,Deferred_Volume,0,2977,2.23789,0.759259,0.151552,0.909312,2.42166,3.07352,325.36,15000,125568,50.3915
Suite_14,Deferred_Volume,0,2978,2.23761,0.748631,0.156704,0.832224,1.45843,3.05963,326.837,15000,123904,49.6566
Suite_14,Deferred_Volume,0,2979,2.22467,0.772678,0.159552,0.811648,1.88211,3.04854,328.026,15000,121856,49.3738
Suite_14,Deferred_Volume,0,2980,2.22517,0.75815,0.1536,0.790432,1.35866,3.16172,316.284,15000,120448,48.7849
Suite_14,Deferred_Volume,0,2981,2.21357,0.754845,0.153696,0.79472,1.35555,3.04331,328.59,15000,117376,48.2205
Suite_14,Deferred_Volume,0,2982,2.20375,0.779307,0.147456,0.771424,1.21517,3.02565,330.508,15000,115200,47.6803
Suite_14,Deferred_Volume,0,2983,2.21527,0.855755,0.144064,0.790144,1.34349,3.04593,328.307,15000,113024,46.452
Suite_14,Deferred_Volume,0,2984,2.20651,0.780141,0.139776,1.92512,2.35709,3.12638,319.858,15000,111616,45.6507
Suite_14,Deferred_Volume,0,2985,2.18754,0.752575,0.140064,0.751616,1.19165,3.04457,328.454,15000,108288,45.439
Suite_14,Deferred_Volume,0,2986,2.18163,0.752409,0.142112,0.78848,2.35306,2.99764,333.596,15000,107392,43.4529
Suite_14,Deferred_Volume,0,2987,2.16876,0.743102,0.13904,0.708736,1.13802,2.98787,334.687,15000,105088,43.1021
Suite_14,Deferred_Volume,0,2988,2.15606,0.81915,0.141152,0.6984,1.13565,2.96605,337.148,15000,103040,42.6283
Suite_14,Deferred_Volume,0,2989,2.15643,0.746511,0.137216,0.688128,1.12035,3.03321,329.683,15000,100992,41.968
Suite_14,Deferred_Volume,0,2990,2.14902,0.736277,0.13968,0.647456,1.08339,2.95638,338.252,15000,99456,41.8868
Suite_14,Deferred_Volume,0,2991,2.14333,0.752422,0.134784,0.640352,1.06918,2.93581,340.621,15000,98432,41.4686
Suite_14,Deferred_Volume,0,2992,2.13503,0.734286,0.13472,0.633216,1.06128,2.94907,339.091,15000,97024,38.2605
Suite_14,Deferred_Volume,0,2993,2.12583,0.738199,0.133344,0.638592,1.08477,2.92371,342.031,15000,96384,38.3183
Suite_14,Deferred_Volume,0,2994,2.12454,0.727683,0.129504,0.618496,1.04346,2.91738,342.774,15000,94720,36.1925
Suite_14,Deferred_Volume,0,2995,2.11312,0.72014,0.126976,0.615488,1.03034,2.90086,344.725,15000,92672,36.1209
Suite_14,Deferred_Volume,0,2996,2.11094,0.743044,0.120416,0.602208,1.01971,2.88553,346.557,15000,91904,36.2683
Suite_14,Deferred_Volume,0,2997,2.11246,0.904061,0.114688,0.597984,1.00467,2.90718,343.976,15000,89600,34.2399
Suite_14,Deferred_Volume,0,2998,2.09155,0.733492,0.135168,0.59184,1.01171,3.06598,326.16,15000,87552,34.3991
Suite_14,Deferred_Volume,0,2999,2.08566,0.724667,0.110912,0.58304,0.980992,2.8765,347.645,15000,86272,34.3936
Suite_14,Deferred_Volume,0,3000,2.07477,0.731107,0.11104,0.572512,0.978944,2.85774,349.927,15000,85504,34.3618
