Suite,Architecture,StepValue,FrameNumber,CpuLogicMs,CpuRenderMs,GeomMs,LightMs,TotalGpuMs,TotalFrameMs,FPS,Instances,Triangles,OverdrawFactor
Suite_15,Forward,0,1,2.15777,0.792721,0,0.353632,0.590336,32.6501,30.6278,15000,83840,0.457804
Suite_15,Forward,0,2,2.13228,0.732604,0,0.350208,0.592224,2.9979,333.567,15000,82176,0.46404
Suite_15,Forward,0,3,2.09792,0.762865,0,0.763904,0.999424,2.91043,343.592,15000,80768,0.467477
Suite_15,Forward,0,4,2.10804,0.791313,0,0.33248,0.575488,2.90449,344.294,15000,78592,0.466676
Suite_15,Forward,0,5,2.0957,0.766754,0,0.33792,0.57392,2.94428,339.642,15000,76672,0.461801
Suite_15,Forward,0,6,2.08809,0.777199,0,0.305472,0.546816,2.90608,344.106,15000,75648,0.466005
Suite_15,Forward,0,7,2.08537,0.764411,0,0.298336,0.538112,2.9075,343.938,15000,73600,0.462275
Suite_15,Forward,0,8,2.06782,0.765848,0,0.283584,0.522336,2.8889,346.153,15000,72320,0.431773
Suite_15,Forward,0,9,2.07453,0.749582,0,0.278816,0.518144,2.87722,347.557,15000,70400,0.422195
Suite_15,Forward,0,10,2.07584,0.723732,0,0.268448,0.505696,2.86581,348.942,15000,69248,0.42479
Suite_15,Forward,0,11,2.04928,0.75589,0,0.262304,0.501824,2.83795,352.367,15000,67840,0.422813
Suite_15,Forward,0,12,2.0455,0.732336,0,0.258624,0.49632,2.84537,351.448,15000,66304,0.423978
Suite_15,Forward,0,13,2.03285,0.734323,0,0.253952,0.49152,2.82349,354.172,15000,65152,0.426365
Suite_15,Forward,0,14,2.03151,0.697491,0,0.249024,0.486848,2.80672,356.288,15000,63232,0.399809
Suite_15,Forward,0,15,2.02004,0.685451,0,0.241664,0.477184,2.76517,361.642,15000,61312,0.354735
Suite_15,Forward,0,16,2.01873,0.701452,0,0.229344,0.46688,2.74123,364.8,15000,60160,0.356375
Suite_15,Forward,0,17,2.00465,0.665026,0,0.217088,0.457856,2.75887,362.467,15000,59136,0.359788
Suite_15,Forward,0,18,1.99114,0.696072,0,0.21088,0.452384,2.70506,369.677,15000,57728,0.291751
Suite_15,Forward,0,19,1.99868,0.688287,0,0.201024,0.440128,2.72338,367.191,15000,56960,0.29456
Suite_15,Forward,0,20,1.98681,0.711239,0,0.200704,0.438784,2.72062,367.564,15000,55680,0.293391
Suite_15,Forward,0,21,1.9793,0.740824,0,0.192512,0.432608,2.73359,365.82,15000,54784,0.295678
Suite_15,Forward,0,22,1.97121,0.69781,0,0.182272,0.42144,2.75589,362.86,15000,53376,0.292068
Suite_15,Forward,0,23,1.95816,0.737413,0,0.178592,0.423744,2.70263,370.01,15000,52224,0.28169
Suite_15,Forward,0,24,1.9656,0.745517,0,0.171712,0.409696,2.7374,365.309,15000,50816,0.278661
Suite_15,Forward,0,25,1.95235,0.728085,0,0.167776,0.406208,2.74576,364.198,15000,49408,0.272596
Suite_15,Forward,0,26,1.95341,0.82985,0,1.68528,1.91693,2.71339,368.543,15000,48256,0.267762
Suite_15,Forward,0,27,1.94242,0.718604,0,0.158432,0.397984,2.81757,354.916,15000,47232,0.261634
Suite_15,Forward,0,28,1.9322,0.734223,0,0.15104,0.395264,2.69218,371.446,15000,45440,0.256026
Suite_15,Forward,0,29,1.92965,0.739892,0,0.14336,0.383456,2.69999,370.372,15000,43520,0.236341
Suite_15,Forward,0,30,1.91237,0.697697,0,0.136096,0.4008,2.70064,370.282,15000,42240,0.228678
Suite_15,Forward,0,31,1.90929,0.742169,0,0.133728,0.370688,2.63965,378.839,15000,41216,0.206883
Suite_15,Forward,0,32,1.91487,0.751769,0,0.125152,0.361472,2.68324,372.684,15000,39936,0.185073
Suite_15,Forward,0,33,1.8936,0.714247,0,0.120768,0.3584,2.69662,370.834,15000,38784,0.181627
Suite_15,Forward,0,34,1.89597,0.718398,0,0.11728,0.35424,2.63656,379.282,15000,37632,0.176985
Suite_15,Forward,0,35,1.8822,0.728215,0,0.114304,0.351648,2.64393,378.224,15000,36864,0.173382
Suite_15,Forward,0,36,1.87234,0.710221,0,0.111264,0.355712,2.63641,379.304,15000,36480,0.174599
Suite_15,Forward,0,37,1.87065,0.72295,0,0.110592,0.348032,2.61212,382.83,15000,35968,0.174037
Suite_15,Forward,0,38,1.86602,0.695218,0,0.106944,0.342272,2.62109,381.521,15000,34816,0.172432
Suite_15,Forward,0,39,1.86641,0.734187,0,0.1024,0.338528,2.58702,386.545,15000,33280,0.153329
Suite_15,Forward,0,40,1.85407,0.683644,0,0.098272,0.33648,2.62743,380.6,15000,31744,0.137796
Suite_15,Forward,0,41,1.84191,0.699366,0,0.096992,0.334208,2.56415,389.992,15000,30848,0.135188
Suite_15,Forward,0,42,1.84104,0.709122,0,0.096128,0.333632,2.56786,389.429,15000,30720,0.136582
Suite_15,Forward,0,43,1.83892,0.686312,0,0.091904,0.329504,2.57603,388.194,15000,29696,0.128616
Suite_15,Forward,0,44,1.82787,0.671055,0,0.089664,0.333472,2.54919,392.282,15000,29312,0.127375
Suite_15,Forward,0,45,1.83029,0.687482,0,0.086784,0.323584,2.53039,395.196,15000,28160,0.122915
Suite_15,Forward,0,46,1.81807,0.679411,0,0.07792,0.315296,2.54346,393.165,15000,27520,0.11688
Suite_15,Forward,0,47,1.8085,0.691089,0,0.075264,0.312704,2.52128,396.623,15000,26112,0.113031
Suite_15,Forward,0,48,1.80614,0.693082,0,0.071872,0.30944,2.52491,396.053,15000,25088,0.10821
Suite_15,Forward,0,49,1.80068,0.675948,0,0.069984,0.306304,2.52396,396.202,15000,24320,0.106385
Suite_15,Forward,0,50,1.80399,0.713638,0,0.069408,0.305152,2.50104,399.834,15000,23168,0.100577
Suite_15,Forward,0,51,1.79803,0.707337,0,0.065568,0.302848,2.54284,393.26,15000,22528,0.0996472
Suite_15,Forward,0,52,1.78136,0.671354,0,0.06384,0.299008,2.5275,395.648,15000,21120,0.0954797
Suite_15,Forward,0,53,1.78049,0.707218,0,0.060384,0.295456,2.47817,403.523,15000,20224,0.0902484
Suite_15,Forward,0,54,1.77299,0.683244,0,0.058752,0.294912,2.51243,398.021,15000,19584,0.0889353
Suite_15,Forward,0,55,1.76102,0.677805,0,0.055872,0.294592,2.47727,403.671,15000,18944,0.0872281
Suite_15,Forward,0,56,1.76095,0.704421,0,0.051168,0.28672,2.46133,406.284,15000,18688,0.0861019
Suite_15,Forward,0,57,1.75265,0.692707,0,0.049152,0.284672,2.48824,401.89,15000,17920,0.0838269
Suite_15,Forward,0,58,1.74805,0.670168,0,0.046816,0.290688,2.46606,405.505,15000,17024,0.080332
Suite_15,Forward,0,59,1.74242,0.699106,0,0.044032,0.280736,2.44001,409.834,15000,15872,0.0769785
Suite_15,Forward,0,60,1.72961,0.661478,0,0.044896,0.30064,2.46109,406.325,15000,15232,0.0740431
Suite_15,Forward,0,61,1.72985,0.671879,0,0.04096,0.27648,2.41197,414.599,15000,14592,0.0660031
Suite_15,Forward,0,62,1.72558,0.665842,0,0.040032,0.27504,2.42944,411.618,15000,14080,0.0646791
Suite_15,Forward,0,63,1.71972,0.664419,0,0.038912,0.272832,2.41008,414.924,15000,13824,0.0647142
Suite_15,Forward,0,64,1.72194,0.668701,0,0.036416,0.272384,2.40219,416.286,15000,12800,0.0590765
Suite_15,Forward,0,65,1.70473,0.669769,0,0.034816,0.270784,2.41192,414.607,15000,11904,0.0554999
Suite_15,Forward,0,66,1.70355,0.649645,0,0.034816,0.269472,2.39354,417.791,15000,11392,0.0517921
Suite_15,Forward,0,67,1.69828,0.670956,0,0.032768,0.267136,2.37539,420.983,15000,11008,0.0515919
Suite_15,Forward,0,68,1.69756,0.658951,0,0.030144,0.26624,2.38925,418.541,15000,10752,0.0499708
Suite_15,Forward,0,69,1.68602,0.661531,0,0.027072,0.2616,2.3763,420.822,15000,10112,0.0475569
Suite_15,Forward,0,70,1.68665,0.675479,0,0.026624,0.261632,2.36597,422.66,15000,9088,0.0410992
Suite_15,Forward,0,71,1.68215,0.643873,0,0.024576,0.259456,2.38083,420.022,15000,8704,0.0405183
Suite_15,Forward,0,72,1.67732,0.665446,0,0.022976,0.256256,2.34365,426.685,15000,8064,0.0357085
Suite_15,Forward,0,73,1.67064,0.667205,0,0.020896,0.254944,2.36286,423.217,15000,7552,0.0333665
Suite_15,Forward,0,74,1.6659,0.649948,0,0.02048,0.253312,2.36127,423.502,15000,6784,0.0299956
Suite_15,Forward,0,75,1.66109,0.663615,0,0.019808,0.251904,2.3328,428.669,15000,6400,0.0288258
Suite_15,Forward,0,76,1.65593,0.684806,0,0.017664,0.2488,2.3419,427.004,15000,6016,0.0282014
Suite_15,Forward,0,77,1.65362,0.636288,0,0.017824,0.247968,2.35983,423.759,15000,5632,0.0270388
Suite_15,Forward,0,78,1.64515,0.647052,0,0.016384,0.24672,2.30619,433.615,15000,5504,0.0267187
Suite_15,Forward,0,79,1.64773,0.684047,0,0.014336,0.245984,2.30832,433.216,15000,5248,0.0262446
Suite_15,Forward,0,80,1.64108,0.633898,0,0.013728,0.243712,2.34953,425.617,15000,4864,0.0238255
Suite_15,Forward,0,81,1.63183,0.639706,0,0.014336,0.243616,2.29193,436.313,15000,4352,0.0214263
Suite_15,Forward,0,82,1.62879,0.657002,0,0.012064,0.242912,2.28768,437.124,15000,4096,0.0213038
Suite_15,Forward,0,83,1.62856,0.627904,0,0.012096,0.241664,2.30189,434.426,15000,3968,0.0210322
Suite_15,Forward,0,84,1.62235,0.641133,0,0.012288,0.241024,2.27145,440.247,15000,3712,0.0201739
Suite_15,Forward,0,85,1.61997,0.653998,0,0.009088,0.239616,2.28069,438.463,15000,3584,0.0194055
Suite_15,Forward,0,86,1.61846,0.63237,0,0.009984,0.238432,2.29087,436.515,15000,3200,0.0169771
Suite_15,Forward,0,87,1.61214,0.615834,0,0.008864,0.23648,2.26532,441.439,15000,2688,0.0150964
Suite_15,Forward,0,88,1.6143,0.631863,0,0.007552,0.238848,2.24215,446.001,15000,2688,0.0152665
Suite_15,Forward,0,89,1.60451,0.624364,0,0.006784,0.23776,2.26383,441.729,15000,2688,0.0154391
Suite_15,Forward,0,90,1.59631,0.623249,0,0.008032,0.237024,2.24412,445.609,15000,2560,0.0136569
Suite_15,Forward,0,91,1.61103,0.660878,0,0.005664,0.234432,2.23385,447.658,15000,2304,0.0125134
Suite_15,Forward,0,92,1.60253,0.640614,0,0.005312,0.23264,2.28966,436.746,15000,2176,0.0121731
Suite_15,Forward,0,93,1.59668,0.688154,0,0.005984,0.23216,2.26118,442.247,15000,1792,0.010323
Suite_15,Forward,0,94,1.61195,0.704901,0,0.004768,0.232,2.30505,433.83,15000,1408,0.00830747
Suite_15,Forward,0,95,1.59984,0.70099,0,0.004192,0.231072,2.33729,427.846,15000,1280,0.00735487
Suite_15,Forward,0,96,1.58994,0.709627,0,0.004096,0.23024,2.31944,431.139,15000,1280,0.00743633
Suite_15,Forward,0,97,1.6058,0.696837,0,0.004032,0.231424,2.32464,430.173,15000,1280,0.00751893
Suite_15,Forward,0,98,1.58611,0.708451,0,0.003552,0.230336,2.32686,429.764,15000,1280,0.0076027
Suite_15,Forward,0,99,1.58905,0.724126,0,0.002304,0.229376,2.31685,431.62,15000,1152,0.00719059
Suite_15,Forward,0,100,1.59533,0.683472,0,0.002528,0.229664,2.33389,428.469,15000,1024,0.00633116
Suite_15,Forward,0,101,1.57889,0.638012,0,0.002048,0.229664,2.30061,434.667,15000,896,0.00562609
Suite_15,Forward,0,102,1.56466,0.630572,0,0.002048,0.228832,2.23942,446.545,15000,896,0.00569026
Suite_15,Forward,0,103,1.57895,0.688054,0,0.002048,0.229536,2.20995,452.498,15000,640,0.00396309
Suite_15,Forward,0,104,1.58102,0.888045,0,0.630976,0.858176,2.28536,437.568,15000,384,0.00263315
Suite_15,Forward,0,105,1.57429,0.690754,0,0.002048,0.228128,2.49911,400.142,15000,256,0.00152025
Suite_15,Forward,0,106,1.56885,0.68527,0,0.002048,0.229376,2.28586,437.472,15000,256,0.00153818
Suite_15,Forward,0,107,1.56207,0.657221,0,0.000576,0.228704,2.27604,439.359,15000,128,0.00103802
Suite_15,Forward,0,108,1.54998,0.607827,0,0.001824,0.25072,2.23794,446.84,15000,128,0.0010508
Suite_15,Forward,0,109,1.54558,0.61178,0,0.00192,0.226816,2.1748,459.813,15000,0,0
Suite_15,Forward,0,110,1.53087,0.57663,0,0.002016,0.226976,2.17587,459.585,15000,0,0
Suite_15,Forward,0,111,1.52659,0.5688,0,0.001536,0.224,2.12097,471.482,15000,0,0
Suite_15,Forward,0,112,1.52414,0.599688,0,0.000256,0.233728,2.10853,474.265,15000,0,0
Suite_15,Forward,0,113,1.53012,0.619629,0,0.000544,0.227104,2.14058,467.163,15000,0,0
Suite_15,Forward,0,114,1.54052,0.644762,0,0.001664,0.23072,2.16842,461.165,15000,0,0
Suite_15,Forward,0,115,1.52883,0.603385,0,0.000672,0.250048,2.20298,453.93,15000,0,0
Suite_15,Forward,0,116,1.53872,0.624646,0,0.001728,0.225952,2.1474,465.68,15000,0,0
Suite_15,Forward,0,117,1.51514,0.586523,0,0.001984,0.225888,2.18353,457.974,15000,0,0
Suite_15,Forward,0,118,1.50982,0.57703,0,0.000704,0.22656,2.11671,472.432,15000,0,0
Suite_15,Forward,0,119,1.5138,0.599663,0,0.00064,0.226464,2.1,476.189,15000,0,0
Suite_15,Forward,0,120,1.51081,0.573005,0,0.000608,0.227168,2.1291,469.683,15000,0,0
Suite_15,Forward,0,121,1.50948,0.564315,0,0.002048,0.25136,2.09939,476.328,15000,0,0
Suite_15,Forward,0,122,1.50434,0.581127,0,0.001856,0.226656,2.08772,478.991,15000,0,0
Suite_15,Forward,0,123,1.50952,0.572022,0,0.001408,0.253952,2.10146,475.861,15000,0,0
Suite_15,Forward,0,124,1.50362,0.566269,0,0.001472,0.225024,2.09505,477.316,15000,0,0
Suite_15,Forward,0,125,1.50309,0.595785,0,0,0.23552,2.08506,479.602,15000,0,0
Suite_15,Forward,0,126,1.49347,0.60506,0,0,0.225632,2.11595,472.6,15000,0,0
Suite_15,Forward,0,127,1.49517,0.590414,0,0.000832,0.227232,2.11419,472.995,15000,0,0
Suite_15,Forward,0,128,1.4967,0.6492,0,0.002048,0.227328,2.10048,476.082,15000,0,0
Suite_15,Forward,0,129,1.4907,0.59502,0,0.001696,0.226656,2.16579,461.726,15000,0,0
Suite_15,Forward,0,130,1.48568,0.561669,0,0.001248,0.226976,2.1017,475.804,15000,0,0
Suite_15,Forward,0,131,1.48111,0.554682,0,0.002048,0.226752,2.06545,484.155,15000,0,0
Suite_15,Forward,0,132,1.48574,0.582063,0,0.00144,0.227328,2.04769,488.355,15000,0,0
Suite_15,Forward,0,133,1.4772,0.564683,0,0.000736,0.226912,2.08457,479.715,15000,0,0
Suite_15,Forward,0,134,1.47726,0.561257,0,0.002048,0.224352,2.05565,486.463,15000,0,0
Suite_15,Forward,0,135,1.47175,0.565203,0,0.001504,0.233888,2.05069,487.642,15000,0,0
Suite_15,Forward,0,136,1.47079,0.561699,0,0.001536,0.225632,2.05062,487.658,15000,0,0
Suite_15,Forward,0,137,1.47095,0.554414,0,0.001824,0.227328,2.04625,488.7,15000,0,0
Suite_15,Forward,0,138,1.46286,0.557522,0,0.000608,0.22544,2.03861,490.53,15000,0,0
Suite_15,Forward,0,139,1.46464,0.584382,0,0.000256,0.227328,2.03302,491.88,15000,0,0
Suite_15,Forward,0,140,1.45783,0.560124,0,0.001152,0.225888,2.06296,484.741,15000,0,0
Suite_15,Forward,0,141,1.45252,0.558817,0,0.002048,0.224448,2.03216,492.087,15000,0,0
Suite_15,Forward,0,142,1.45328,0.584697,0,0.000416,0.233472,2.02501,493.826,15000,0,0
Suite_15,Forward,0,143,1.44992,0.562839,0,0.002048,0.22528,2.05247,487.219,15000,0,0
Suite_15,Forward,0,144,1.44816,0.558518,0,0.001728,0.226656,2.0257,493.656,15000,0,0
Suite_15,Forward,0,145,1.44544,0.578951,0,0.000512,0.225824,2.0202,495,15000,0,0
Suite_15,Forward,0,146,1.4471,0.571593,0,0.001344,0.225856,2.03885,490.472,15000,0,0
Suite_15,Forward,0,147,1.44538,0.560683,0,0.000352,0.226976,2.03238,492.033,15000,0,0
Suite_15,Forward,0,148,1.44671,0.561116,0,0.000768,0.227328,2.01822,495.487,15000,0,0
Suite_15,Forward,0,149,1.44193,0.572848,0,0.001824,0.226848,2.02238,494.467,15000,0,0
Suite_15,Forward,0,150,1.43875,0.564387,0,0.0016,0.251904,2.02931,492.779,15000,0,0
Suite_15,Forward,0,151,1.43655,0.566557,0,0.00016,0.22528,2.0153,496.205,15000,0,0
Suite_15,Forward,0,152,1.43213,0.623025,0,0.000224,0.239648,2.01549,496.158,15000,0,0
Suite_15,Forward,0,153,1.43877,0.58194,0,0.001184,0.225952,2.07276,482.448,15000,0,0
Suite_15,Forward,0,154,1.43217,0.563223,0,0.002048,0.227104,2.0358,491.207,15000,0,0
Suite_15,Forward,0,155,1.43266,0.561843,0,0.001536,0.22528,2.008,498.008,15000,0,0
Suite_15,Forward,0,156,1.42781,0.575921,0,0.000512,0.2272,2.00663,498.348,15000,0,0
Suite_15,Forward,0,157,1.43254,0.568658,0,0.00192,0.226688,2.02007,495.031,15000,0,0
Suite_15,Forward,0,158,1.42032,0.559872,0,0.000448,0.224096,2.0144,496.425,15000,0,0
Suite_15,Forward,0,159,1.42245,0.578074,0,0.000224,0.234112,1.99859,500.353,15000,0,0
Suite_15,Forward,0,160,1.42413,0.566125,0,0.001664,0.22528,2.01553,496.148,15000,0,0
Suite_15,Forward,0,161,1.417,0.553956,0,0.000704,0.227296,2.00468,498.833,15000,0,0
Suite_15,Forward,0,162,1.41613,0.55788,0,0.0016,0.226144,1.98435,503.943,15000,0,0
Suite_15,Forward,0,163,1.41434,0.576947,0,0.000896,0.227232,1.9861,503.499,15000,0,0
Suite_15,Forward,0,164,1.41278,0.560314,0,0.00176,0.225728,2.00514,498.72,15000,0,0
Suite_15,Forward,0,165,1.40998,0.588131,0,6.4e-05,0.224064,1.98788,503.05,15000,0,0
Suite_15,Forward,0,166,1.40627,0.581458,0,0,0.239616,2.01424,496.465,15000,0,0
Suite_15,Forward,0,167,1.40522,0.580881,0,0.003872,0.227328,2.00258,499.355,15000,0,0
Suite_15,Forward,0,168,1.40092,0.560546,0,0.000448,0.226016,1.99934,500.165,15000,0,0
Suite_15,Forward,0,169,1.40159,0.566046,0,0.000608,0.227328,1.97611,506.045,15000,0,0
Suite_15,Forward,0,170,1.39921,0.577994,0,0.001408,0.227104,1.98105,504.784,15000,0,0
Suite_15,Forward,0,171,1.39476,0.560401,0,6.4e-05,0.228448,1.99155,502.12,15000,0,0
Suite_15,Forward,0,172,1.39087,0.56092,0,0.001088,0.223584,1.96745,508.272,15000,0,0
Suite_15,Forward,0,173,1.39215,0.571431,0,0,0.231808,1.96615,508.608,15000,0,0
Suite_15,Forward,0,174,1.39623,0.572123,0,0.001952,0.227296,1.97865,505.395,15000,0,0
Suite_15,Forward,0,175,1.39371,0.567479,0,0.00064,0.225792,1.98091,504.82,15000,0,0
Suite_15,Forward,0,176,1.38794,0.558967,0,0,0.227328,1.97445,506.47,15000,0,0
Suite_15,Forward,0,177,1.38445,0.578018,0,0.001568,0.229056,1.96082,509.991,15000,0,0
Suite_15,Forward,0,178,1.38633,0.565894,0,0.001696,0.228992,1.97898,505.31,15000,0,0
Suite_15,Forward,0,179,1.38254,0.556885,0,0.002048,0.224896,1.9655,508.776,15000,0,0
Suite_15,Forward,0,180,1.37807,0.575263,0,0.000448,0.233024,1.95169,512.376,15000,0,0
Suite_15,Forward,0,181,1.37967,0.574787,0,0.001248,0.230176,1.96969,507.693,15000,0,0
Suite_15,Forward,0,182,1.3737,0.569816,0,0.000736,0.228384,1.96913,507.838,15000,0,0
Suite_15,Forward,0,183,1.37414,0.565524,0,0.002048,0.2272,1.95719,510.936,15000,0,0
Suite_15,Forward,0,184,1.37693,0.586508,0,0.000768,0.229376,1.95213,512.26,15000,0,0
Suite_15,Forward,0,185,1.37068,0.562146,0,0.001824,0.229184,1.97936,505.213,15000,0,0
Suite_15,Forward,0,186,1.36732,0.554493,0,0.002016,0.225408,1.94657,513.724,15000,0,0
Suite_15,Forward,0,187,1.37147,0.569576,0,0.003168,0.242688,1.93972,515.538,15000,0,0
Suite_15,Forward,0,188,1.36978,0.572005,0,0.000672,0.227232,1.95483,511.554,15000,0,0
Suite_15,Forward,0,189,1.36525,0.554958,0,0.001536,0.227328,1.95692,511.007,15000,0,0
Suite_15,Forward,0,190,1.36487,0.555314,0,0.000608,0.226144,1.93354,517.187,15000,0,0
Suite_15,Forward,0,191,1.36477,0.57478,0,0.00176,0.225792,1.93198,517.605,15000,0,0
Suite_15,Forward,0,192,1.36691,0.562316,0,0.001472,0.251712,1.95454,511.628,15000,0,0
Suite_15,Forward,0,193,1.36045,0.568119,0,0.002048,0.22528,1.94396,514.415,15000,0,0
Suite_15,Forward,0,194,1.35097,0.563351,0,0.001888,0.22688,1.94245,514.814,15000,0,0
Suite_15,Forward,0,195,1.35324,0.571292,0,0.002048,0.226944,1.92718,518.893,15000,0,0
Suite_15,Forward,0,196,1.35474,0.562335,0,0.001088,0.227328,1.93731,516.179,15000,0,0
Suite_15,Forward,0,197,1.35115,0.55806,0,0.001312,0.249248,1.93119,517.816,15000,0,0
Suite_15,Forward,0,198,1.3504,0.57857,0,0.002464,0.233536,1.92246,520.168,15000,0,0
Suite_15,Forward,0,199,1.35251,0.572352,0,0.002048,0.228352,1.94362,514.504,15000,0,0
Suite_15,Forward,0,200,1.34322,0.565864,0,0.002048,0.227456,1.93798,516.001,15000,0,0
Suite_15,Forward,0,201,1.33819,0.555539,0,0.001664,0.227328,1.92304,520.01,15000,0,0
Suite_15,Forward,0,202,1.3423,0.570465,0,0.002048,0.228832,1.91074,523.359,15000,0,0
Suite_15,Forward,0,203,1.34136,0.557728,0,0.003904,0.22608,1.92665,519.035,15000,0,0
Suite_15,Forward,0,204,1.33767,0.552096,0,0.00272,0.22528,1.91136,523.188,15000,0,0
Suite_15,Forward,0,205,1.33893,0.572553,0,0.001792,0.237888,1.90354,525.336,15000,0,0
Suite_15,Forward,0,206,1.33764,0.565529,0,0.002048,0.227328,1.92615,519.169,15000,0,0
Suite_15,Forward,0,207,1.3309,0.565751,0,0.003168,0.227104,1.91575,521.988,15000,0,0
Suite_15,Forward,0,208,1.3249,0.561946,0,0.00208,0.22704,1.90895,523.847,15000,0,0
Suite_15,Forward,0,209,1.32488,0.567377,0,0.002048,0.22624,1.90057,526.157,15000,0,0
Suite_15,Forward,0,210,1.32697,0.578724,0,0.00064,0.256,1.90762,524.213,15000,0,0
Suite_15,Forward,0,211,1.32329,0.570072,0,0.001536,0.225888,2.0709,482.882,15000,0,0
Suite_15,Forward,0,212,1.32088,0.568113,0,0.001792,0.227136,1.90633,524.569,15000,0,0
Suite_15,Forward,0,213,1.32059,0.580821,0,0.001664,0.227328,1.9047,525.018,15000,0,0
Suite_15,Forward,0,214,1.32022,0.561447,0,0.003168,0.227808,1.91753,521.503,15000,0,0
Suite_15,Forward,0,215,1.31676,0.553212,0,0.00096,0.22448,1.89865,526.689,15000,0,0
Suite_15,Forward,0,216,1.31792,0.582216,0,0.001984,0.229056,1.88701,529.939,15000,0,0
Suite_15,Forward,0,217,1.32151,0.58448,0,0.003904,0.226944,1.919,521.104,15000,0,0
Suite_15,Forward,0,218,1.31503,0.556974,0,0.001824,0.227328,1.92171,520.37,15000,0,0
Suite_15,Forward,0,219,1.31066,0.557003,0,0.003328,0.226976,1.88472,530.582,15000,0,0
Suite_15,Forward,0,220,1.30541,0.585101,0,0.00192,0.228224,1.87993,531.935,15000,0,0
Suite_15,Forward,0,221,1.30986,0.563213,0,0.002208,0.253952,1.90623,524.597,15000,0,0
Suite_15,Forward,0,222,1.30332,0.564124,0,0.004032,0.227328,1.88712,529.908,15000,0,0
Suite_15,Forward,0,223,1.2992,0.565166,0,0.001472,0.227328,1.8799,531.943,15000,0,0
Suite_15,Forward,0,224,1.30217,0.569905,0,0.004096,0.22768,1.87758,532.6,15000,0,0
Suite_15,Forward,0,225,1.30597,0.555512,0,0.00288,0.227392,1.88745,529.816,15000,0,0
Suite_15,Forward,0,226,1.29754,0.555243,0,0.000576,0.22528,1.87489,533.364,15000,0,0
Suite_15,Forward,0,227,1.29068,0.576436,0,0.00352,0.236128,1.86512,536.157,15000,0,0
Suite_15,Forward,0,228,1.30012,0.571222,0,0.002048,0.228128,1.88112,531.599,15000,0,0
Suite_15,Forward,0,229,1.29312,0.56169,0,0.000736,0.22736,1.88647,530.089,15000,0,0
Suite_15,Forward,0,230,1.28751,0.559174,0,0.002144,0.227328,1.86802,535.327,15000,0,0
Suite_15,Forward,0,231,1.29283,0.57338,0,0.003232,0.227872,1.85855,538.054,15000,0,0
Suite_15,Forward,0,232,1.28797,0.625346,0,0.001984,0.247808,1.87983,531.962,15000,0,0
Suite_15,Forward,0,233,1.2924,0.56323,0,0.0024,0.227104,1.9278,518.727,15000,0,0
Suite_15,Forward,0,234,1.28509,0.553744,0,0.000832,0.227328,1.86896,535.056,15000,0,0
Suite_15,Forward,0,235,1.27958,0.576819,0,0.002496,0.22752,1.85103,540.24,15000,0,0
Suite_15,Forward,0,236,1.28169,0.561805,0,0.002048,0.229056,1.86992,534.782,15000,0,0
Suite_15,Forward,0,237,1.28125,0.557501,0,0.002144,0.22528,1.85738,538.392,15000,0,0
Suite_15,Forward,0,238,1.27794,0.569551,0,0.003904,0.246432,1.85192,539.981,15000,0,0
Suite_15,Forward,0,239,1.27439,0.56286,0,0.003424,0.227616,1.86185,537.1,15000,0,0
Suite_15,Forward,0,240,1.27772,0.563043,0,0.002752,0.227328,1.84987,540.579,15000,0,0
Suite_15,Forward,0,241,1.27543,0.555643,0,0.001952,0.248672,1.85477,539.151,15000,0,0
Suite_15,Forward,0,242,1.27312,0.564146,0,0.002048,0.233088,1.84467,542.101,15000,0,0
Suite_15,Forward,0,243,1.27162,0.577828,0,0.002464,0.227328,1.8509,540.278,15000,0,0
Suite_15,Forward,0,244,1.27212,0.566058,0,0.003808,0.228672,1.86637,535.799,15000,0,0
Suite_15,Forward,0,245,1.26754,0.559324,0,0.00384,0.227424,1.85333,539.57,15000,0,0
Suite_15,Forward,0,246,1.26692,0.572454,0,0.004096,0.229376,1.84052,543.325,15000,0,0
Suite_15,Forward,0,247,1.27255,0.560583,0,0.004032,0.253728,1.85355,539.504,15000,0,0
Suite_15,Forward,0,248,1.26405,0.556146,0,0.004096,0.227328,1.84567,541.809,15000,0,0
Suite_15,Forward,0,249,1.26456,0.560614,0,0.004096,0.227328,1.83476,545.03,15000,0,0
Suite_15,Forward,0,250,1.25908,0.573259,0,0.004096,0.228992,1.83841,543.947,15000,0,0
Suite_15,Forward,0,251,1.25988,0.560126,0,0.003136,0.229184,1.84583,541.763,15000,0,0
Suite_15,Forward,0,252,1.25622,0.552823,0,0.002976,0.227328,1.83192,545.877,15000,0,0
Suite_15,Forward,0,253,1.25605,0.558818,0,0.003776,0.251872,1.82279,548.61,15000,0,0
Suite_15,Forward,0,254,1.26032,0.562891,0,0.004096,0.227968,1.82944,546.617,15000,0,0
Suite_15,Forward,0,255,1.25508,0.558928,0,0.004256,0.229376,1.83582,544.717,15000,0,0
Suite_15,Forward,0,256,1.24965,0.566201,0,0.003584,0.225024,1.8259,547.675,15000,0,0
Suite_15,Forward,0,257,1.25292,0.565876,0,0.004576,0.237568,1.82972,546.531,15000,0,0
Suite_15,Forward,0,258,1.25375,0.573608,0,0.003776,0.229376,1.83298,545.559,15000,0,0
Suite_15,Forward,0,259,1.24897,0.555906,0,0.00384,0.229376,1.84012,543.444,15000,0,0
Suite_15,Forward,0,260,1.24836,0.55342,0,0.003584,0.227328,1.81716,550.31,15000,0,0
Suite_15,Forward,0,261,1.24282,0.570511,0,0.004096,0.239808,1.81596,550.673,15000,0,0
Suite_15,Forward,0,262,1.24369,0.567316,0,0.003008,0.229376,1.82757,547.176,15000,0,0
Suite_15,Forward,0,263,1.23418,0.565977,0,0.003904,0.227744,1.82397,548.255,15000,0,0
Suite_15,Forward,0,264,1.23719,0.553627,0,0.003584,0.229344,1.8123,551.786,15000,0,0
Suite_15,Forward,0,265,1.24143,0.579308,0,0.004,0.229376,1.80501,554.014,15000,0,0
Suite_15,Forward,0,266,1.23977,0.5639,0,0.0024,0.253952,1.83582,544.716,15000,0,0
Suite_15,Forward,0,267,1.2348,0.559023,0,0.002176,0.227328,1.81621,550.597,15000,0,0
Suite_15,Forward,0,268,1.23674,0.64763,0,0.004096,0.22928,1.80602,553.704,15000,0,0
Suite_15,Forward,0,269,1.25276,0.619951,0,0.00448,0.229376,1.90469,525.019,15000,0,0
Suite_15,Forward,0,270,1.23874,0.561157,0,0.005504,0.232768,1.89209,528.517,15000,0,0
Suite_15,Forward,0,271,1.23826,0.573486,0,0.002912,0.228224,1.8133,551.482,15000,0,0
Suite_15,Forward,0,272,1.22993,0.569367,0,0.002272,0.251904,1.82612,547.609,15000,0,0
Suite_15,Forward,0,273,1.22939,0.577756,0,0.003456,0.229376,1.82382,548.301,15000,0,0
Suite_15,Forward,0,274,1.229,0.565166,0,0.003456,0.230816,1.82249,548.701,15000,0,0
Suite_15,Forward,0,275,1.21994,0.557818,0,0.002624,0.227328,1.8066,553.527,15000,0,0
Suite_15,Forward,0,276,1.22391,0.558082,0,0.003584,0.238336,1.79413,557.374,15000,0,0
Suite_15,Forward,0,277,1.22721,0.569008,0,0.002112,0.231424,1.7979,556.205,15000,0,0
Suite_15,Forward,0,278,1.22515,0.560936,0,0.005344,0.229888,1.81022,552.419,15000,0,0
Suite_15,Forward,0,279,1.22355,0.564912,0,0.00416,0.24976,1.79836,556.061,15000,0,0
Suite_15,Forward,0,280,1.2198,0.568467,0,0.004096,0.239488,1.80053,555.392,15000,0,0
Suite_15,Forward,0,281,1.21704,0.564509,0,0.005312,0.22976,1.80353,554.468,15000,0,0
Suite_15,Forward,0,282,1.22096,0.551782,0,0.003712,0.229376,1.79543,556.971,15000,0,0
Suite_15,Forward,0,283,1.21335,0.560033,0,0.003808,0.233152,1.78506,560.204,15000,0,0
Suite_15,Forward,0,284,1.21678,0.577098,0,0.004064,0.229792,1.78573,559.994,15000,0,0
Suite_15,Forward,0,285,1.21219,0.809178,0,0.004096,0.256096,1.80964,552.596,15000,0,0
Suite_15,Forward,0,286,1.20952,0.56879,0,0.004096,0.231168,2.03524,491.343,15000,0,0
Suite_15,Forward,0,287,1.20858,0.556341,0,0.003488,0.230784,1.79072,558.434,15000,0,0
Suite_15,Forward,0,288,1.21287,0.568577,0,0.003296,0.231296,1.7777,562.524,15000,0,0
Suite_15,Forward,0,289,1.20995,0.563753,0,0.004096,0.231424,1.79596,556.806,15000,0,0
Suite_15,Forward,0,290,1.20919,0.557427,0,0.004096,0.229856,1.78729,559.505,15000,0,0
Suite_15,Forward,0,291,1.20716,0.553528,0,0.00272,0.231136,1.77883,562.168,15000,0,0
Suite_15,Forward,0,292,1.20859,0.580315,0,0.003008,0.230976,1.77377,563.771,15000,0,0
Suite_15,Forward,0,293,1.20893,0.567904,0,0.004064,0.231008,1.80416,554.275,15000,0,0
Suite_15,Forward,0,294,1.20409,0.556602,0,0.003776,0.231552,1.79015,558.611,15000,0,0
Suite_15,Forward,0,295,1.20684,0.564684,0,0.004096,0.251904,1.77299,564.019,15000,0,0
Suite_15,Forward,0,296,1.20417,0.565147,0,0.004096,0.232096,1.78414,560.494,15000,0,0
Suite_15,Forward,0,297,1.20889,0.558858,0,0.004096,0.264992,1.78475,560.303,15000,0,0
Suite_15,Forward,0,298,1.20238,0.558819,0,0.004224,0.230368,1.78079,561.548,15000,0,0
Suite_15,Forward,0,299,1.19993,0.573232,0,0.003872,0.251328,1.7732,563.953,15000,0,0
Suite_15,Forward,0,300,1.20119,0.57014,0,0.004096,0.231488,1.78677,559.669,15000,0,0
Suite_15,Forward,0,301,1.19958,0.56081,0,0.00432,0.264512,1.79629,556.704,15000,0,0
Suite_15,Forward,0,302,1.19476,0.556999,0,0.00512,0.23344,1.77397,563.706,15000,0,0
Suite_15,Forward,0,303,1.1946,0.559426,0,0.005472,0.243712,1.76408,566.868,15000,0,0
Suite_15,Forward,0,304,1.19636,0.573017,0,0.00464,0.237664,1.76718,565.874,15000,0,0
Suite_15,Forward,0,305,1.19566,0.553609,0,0.004096,0.233472,1.78399,560.54,15000,0,0
Suite_15,Forward,0,306,1.19956,0.559904,0,0.00432,0.23072,1.76272,567.304,15000,0,0
Suite_15,Forward,0,307,1.19547,0.567214,0,0.006144,0.243712,1.7719,564.366,15000,0,0
Suite_15,Forward,0,308,1.19477,0.570683,0,0.004256,0.235968,1.77624,562.987,15000,0,0
Suite_15,Forward,0,309,1.19796,0.55452,0,0.005472,0.233472,1.78058,561.613,15000,0,0
Suite_15,Forward,0,310,1.19461,0.553909,0,0.005152,0.255008,1.76578,566.322,15000,0,0
Suite_15,Forward,0,311,1.18646,0.571413,0,0.00624,0.24416,1.76069,567.959,15000,0,0
Suite_15,Forward,0,312,1.19394,0.580568,0,0.004704,0.233216,1.77113,564.612,15000,0,0
Suite_15,Forward,0,313,1.18955,0.559414,0,0.004704,0.233696,1.7894,558.846,15000,0,0
Suite_15,Forward,0,314,1.18435,0.55282,0,0.00544,0.233472,1.76218,567.479,15000,0,0
Suite_15,Forward,0,315,1.19009,0.564883,0,0.006144,0.24608,1.7491,571.721,15000,0,0
Suite_15,Forward,0,316,1.18709,0.567688,0,0.005728,0.234944,1.76769,565.709,15000,0,0
Suite_15,Forward,0,317,1.1878,0.561624,0,0.005888,0.2352,1.7693,565.195,15000,0,0
Suite_15,Forward,0,318,1.18806,0.552851,0,0.006144,0.235712,1.76251,567.373,15000,0,0
Suite_15,Forward,0,319,1.19241,0.580805,0,0.007456,0.245888,1.75275,570.531,15000,0,0
Suite_15,Forward,0,320,1.18591,0.566249,0,0.006144,0.23648,1.78671,559.687,15000,0,0
Suite_15,Forward,0,321,1.18832,0.558879,0,0.006144,0.235776,1.76652,566.083,15000,0,0
Suite_15,Forward,0,322,1.18284,0.554134,0,0.006208,0.23552,1.76034,568.073,15000,0,0
Suite_15,Forward,0,323,1.19246,0.568464,0,0.006304,0.23616,1.74908,571.728,15000,0,0
Suite_15,Forward,0,324,1.18314,0.808227,0,0.008,0.268928,1.77533,563.277,15000,0,0
Suite_15,Forward,0,325,1.18499,0.56908,0,0.006432,0.234944,2.00671,498.329,15000,0,0
Suite_15,Forward,0,326,1.18096,0.557083,0,0.006176,0.23552,1.76757,565.749,15000,0,0
Suite_15,Forward,0,327,1.19189,0.593407,0,0.006144,0.237408,1.75054,571.251,15000,0,0
Suite_15,Forward,0,328,1.18139,0.567133,0,0.006464,0.270656,1.80582,553.766,15000,0,0
Suite_15,Forward,0,329,1.18311,0.561752,0,0.006144,0.236704,1.76262,567.337,15000,0,0
Suite_15,Forward,0,330,1.17965,0.569909,0,0.006592,0.23728,1.76454,566.72,15000,0,0
Suite_15,Forward,0,331,1.17981,0.572453,0,0.006624,0.239776,1.76271,567.31,15000,0,0
Suite_15,Forward,0,332,1.17692,0.563764,0,0.006464,0.264192,1.76561,566.376,15000,0,0
Suite_15,Forward,0,333,1.17774,0.553453,0,0.008192,0.240928,1.75491,569.831,15000,0,0
Suite_15,Forward,0,334,1.17468,0.563418,0,0.008192,0.237568,1.74659,572.546,15000,0,0
Suite_15,Forward,0,335,1.18468,0.579587,0,0.008192,0.239616,1.75083,571.157,15000,0,0
Suite_15,Forward,0,336,1.17917,0.556731,0,0.00656,0.262848,1.77777,562.501,15000,0,0
Suite_15,Forward,0,337,1.17865,0.555632,0,0.006336,0.237568,1.74964,571.545,15000,0,0
Suite_15,Forward,0,338,1.17929,0.558318,0,0.008192,0.239904,1.74754,572.235,15000,0,0
Suite_15,Forward,0,339,1.17584,0.577813,0,0.008192,0.239616,1.75007,571.407,15000,0,0
Suite_15,Forward,0,340,1.18074,0.561017,0,0.008192,0.273024,1.76671,566.024,15000,0,0
Suite_15,Forward,0,341,1.18037,0.553723,0,0.008192,0.239296,1.75714,569.106,15000,0,0
Suite_15,Forward,0,342,1.18263,0.556923,0,0.008,0.239616,1.74738,572.285,15000,0,0
Suite_15,Forward,0,343,1.18008,0.571428,0,0.008256,0.239616,1.75257,570.59,15000,0,0
Suite_15,Forward,0,344,1.18164,0.555045,0,0.008704,0.276128,1.76419,566.832,15000,0,0
Suite_15,Forward,0,345,1.18339,0.552971,0,0.00912,0.243712,1.75091,571.13,15000,0,0
Suite_15,Forward,0,346,1.18117,0.589528,0,0.008768,0.262368,1.74941,571.621,15000,0,0
Suite_15,Forward,0,347,1.17786,0.574973,0,0.008224,0.24,1.78368,560.639,15000,0,0
Suite_15,Forward,0,348,1.18293,0.556198,0,0.010336,0.271936,1.76667,566.037,15000,0,0
Suite_15,Forward,0,349,1.18385,0.559978,0,0.009408,0.241376,1.753,570.45,15000,0,0
Suite_15,Forward,0,350,1.1761,0.563114,0,0.0096,0.26464,1.75726,569.067,15000,0,0
Suite_15,Forward,0,351,1.18367,0.580941,0,0.009216,0.242912,1.75251,570.61,15000,0,0
Suite_15,Forward,0,352,1.18038,0.557712,0,0.010048,0.268288,1.77871,562.204,15000,0,0
Suite_15,Forward,0,353,1.17793,0.552357,0,0.010144,0.241664,1.75227,570.689,15000,0,0
Suite_15,Forward,0,354,1.18058,0.56277,0,0.01024,0.256,1.74357,573.535,15000,0,0
Suite_15,Forward,0,355,1.18277,0.587182,0,0.010464,0.241984,1.75676,569.229,15000,0,0
Suite_15,Forward,0,356,1.18421,0.5629,0,0.012288,0.281888,1.78527,560.138,15000,0,0
Suite_15,Forward,0,357,1.18003,0.554353,0,0.011392,0.243872,1.76221,567.468,15000,0,0
Suite_15,Forward,0,358,1.18295,0.562271,0,0.014144,0.262496,1.75314,570.405,15000,0,0
Suite_15,Forward,0,359,1.18334,0.570132,0,0.010592,0.243776,1.75815,568.78,15000,0,0
Suite_15,Forward,0,360,1.18069,0.561054,0,0.01168,0.27376,1.7667,566.027,15000,0,0
Suite_15,Forward,0,361,1.17552,0.560196,0,0.012288,0.247264,1.75537,569.679,15000,0,0
Suite_15,Forward,0,362,1.17718,0.559271,0,0.012672,0.25392,1.74883,571.809,15000,0,0
Suite_15,Forward,0,363,1.18216,0.579891,0,0.011008,0.247808,1.74888,571.796,15000,0,0
Suite_15,Forward,0,364,1.17963,0.560482,0,0.011104,0.24576,1.77575,563.143,15000,0,0
Suite_15,Forward,0,365,1.18014,0.551331,0,0.012288,0.245632,1.75341,570.318,15000,0,0
Suite_15,Forward,0,366,1.18185,0.555277,0,0.012288,0.253088,1.7446,573.198,15000,0,0
Suite_15,Forward,0,367,1.18517,0.570976,0,0.012288,0.245664,1.7502,571.364,15000,0,0
Suite_15,Forward,0,368,1.17824,0.572029,0,0.014272,0.249856,1.76909,565.264,15000,0,0
Suite_15,Forward,0,369,1.18108,0.553741,0,0.013408,0.272384,1.76455,566.716,15000,0,0
Suite_15,Forward,0,370,1.17808,0.558657,0,0.012224,0.253472,1.74848,571.925,15000,0,0
Suite_15,Forward,0,371,1.1823,0.566834,0,0.01392,0.247648,1.75105,571.086,15000,0,0
Suite_15,Forward,0,372,1.17741,0.559735,0,0.014336,0.249472,1.76161,567.664,15000,0,0
Suite_15,Forward,0,373,1.17908,0.55674,0,0.012416,0.269312,1.75124,571.025,15000,0,0
Suite_15,Forward,0,374,1.17781,0.57055,0,0.014016,0.251904,1.74893,571.778,15000,0,0
Suite_15,Forward,0,375,1.18332,0.567429,0,0.014368,0.247808,1.76283,567.271,15000,0,0
Suite_15,Forward,0,376,1.17995,0.55918,0,0.014688,0.251744,1.76339,567.088,15000,0,0
Suite_15,Forward,0,377,1.17864,0.554847,0,0.014336,0.247808,1.75239,570.649,15000,0,0
Suite_15,Forward,0,378,1.17863,0.574037,0,0.016384,0.262144,1.74664,572.527,15000,0,0
Suite_15,Forward,0,379,1.17862,0.568866,0,0.015904,0.247936,1.76669,566.031,15000,0,0
Suite_15,Forward,0,380,1.17788,0.560886,0,0.014336,0.248128,1.76109,567.832,15000,0,0
Suite_15,Forward,0,381,1.1772,0.561079,0,0.014304,0.249344,1.75249,570.617,15000,0,0
Suite_15,Forward,0,382,1.17734,0.569419,0,0.015072,0.260096,1.75141,570.968,15000,0,0
Suite_15,Forward,0,383,1.1807,0.561487,0,0.0144,0.249856,1.75989,568.216,15000,0,0
Suite_15,Forward,0,384,1.18371,0.595875,0,0.016384,0.250272,1.75491,569.83,15000,0,0
Suite_15,Forward,0,385,1.18103,0.566063,0,0.015456,0.253952,1.79645,556.652,15000,0,0
Suite_15,Forward,0,386,1.181,0.570663,0,0.014944,0.251616,1.76574,566.335,15000,0,0
Suite_15,Forward,0,387,1.18325,0.564471,0,0.015168,0.249952,1.77056,564.793,15000,0,0
Suite_15,Forward,0,388,1.17628,0.566499,0,0.015744,0.250656,1.76046,568.032,15000,0,0
Suite_15,Forward,0,389,1.17449,0.555985,0,0.016096,0.251904,1.7567,569.25,15000,0,0
Suite_15,Forward,0,390,1.18141,0.565393,0,0.016448,0.253632,1.74328,573.63,15000,0,0
Suite_15,Forward,0,391,1.18398,0.775087,0,0.016384,0.279744,1.76095,567.875,15000,0,0
Suite_15,Forward,0,392,1.17682,0.557014,0,0.016864,0.252928,1.972,507.099,15000,0,0
Suite_15,Forward,0,393,1.17644,0.55798,0,0.016384,0.256,1.74753,572.237,15000,0,0
Suite_15,Forward,0,394,1.18278,0.573083,0,0.016608,0.251904,1.74731,572.31,15000,0,0
Suite_15,Forward,0,395,1.18228,0.557281,0,0.01696,0.284672,1.76878,565.362,15000,0,0
Suite_15,Forward,0,396,1.17484,0.559913,0,0.016384,0.252544,1.75211,570.739,15000,0,0
Suite_15,Forward,0,397,1.17517,0.561951,0,0.016384,0.252096,1.74872,571.846,15000,0,0
Suite_15,Forward,0,398,1.1809,0.570644,0,0.016704,0.253952,1.75108,571.077,15000,0,0
Suite_15,Forward,0,399,1.17907,0.556078,0,0.01808,0.285568,1.76489,566.608,15000,0,0
Suite_15,Forward,0,400,1.18361,0.562083,0,0.018464,0.252064,1.74742,572.274,15000,0,0
Suite_15,Forward,0,401,1.17643,0.567158,0,0.018336,0.252352,1.75898,568.511,15000,0,0
Suite_15,Forward,0,402,1.17749,0.597299,0,0.018144,0.256384,1.7571,569.121,15000,0,0
Suite_15,Forward,0,403,1.18233,0.563645,0,0.02,0.279104,1.78954,558.802,15000,0,0
Suite_15,Forward,0,404,1.17692,0.553808,0,0.018816,0.255424,1.75824,568.752,15000,0,0
Suite_15,Forward,0,405,1.17996,0.558998,0,0.018432,0.253824,1.74526,572.979,15000,0,0
Suite_15,Forward,0,406,1.18074,0.570319,0,0.019072,0.256256,1.75272,570.542,15000,0,0
Suite_15,Forward,0,407,1.17868,0.557174,0,0.02048,0.286368,1.7651,566.539,15000,0,0
Suite_15,Forward,0,408,1.1845,0.566807,0,0.02048,0.25904,1.7486,571.887,15000,0,0
Suite_15,Forward,0,409,1.18179,0.565247,0,0.02176,0.257984,1.7739,563.729,15000,0,0
Suite_15,Forward,0,410,1.17525,0.571086,0,0.02048,0.258336,1.76042,568.045,15000,0,0
Suite_15,Forward,0,411,1.17987,0.557723,0,0.020992,0.284224,1.75997,568.192,15000,0,0
Suite_15,Forward,0,412,1.18181,0.554571,0,0.022432,0.258688,1.75007,571.406,15000,0,0
Suite_15,Forward,0,413,1.18205,0.561002,0,0.020096,0.2584,1.75014,571.383,15000,0,0
Suite_15,Forward,0,414,1.17774,0.585501,0,0.021792,0.260096,1.75649,569.316,15000,0,0
Suite_15,Forward,0,415,1.18277,0.56223,0,0.0208,0.290816,1.78176,561.242,15000,0,0
Suite_15,Forward,0,416,1.18112,0.552993,0,0.022528,0.263488,1.75759,568.961,15000,0,0
Suite_15,Forward,0,417,1.18106,0.557143,0,0.021312,0.286656,1.74811,572.047,15000,0,0
Suite_15,Forward,0,418,1.18369,0.573141,0,0.022528,0.258048,1.75148,570.945,15000,0,0
Suite_15,Forward,0,419,1.18437,0.55849,0,0.022784,0.288352,1.77142,564.518,15000,0,0
Suite_15,Forward,0,420,1.185,0.560688,0,0.022368,0.259072,1.75537,569.68,15000,0,0
Suite_15,Forward,0,421,1.17958,0.567459,0,0.02096,0.283712,1.76052,568.016,15000,0,0
Suite_15,Forward,0,422,1.18541,0.571935,0,0.022816,0.260096,1.76092,567.884,15000,0,0
Suite_15,Forward,0,423,1.18348,0.562431,0,0.022528,0.284544,1.77055,564.796,15000,0,0
Suite_15,Forward,0,424,1.17671,0.555722,0,0.022528,0.262144,1.75834,568.718,15000,0,0
Suite_15,Forward,0,425,1.18068,0.563798,0,0.021376,0.27472,1.74592,572.766,15000,0,0
Suite_15,Forward,0,426,1.18147,0.571734,0,0.022528,0.262144,1.75964,568.298,15000,0,0
Suite_15,Forward,0,427,1.182,0.586419,0,0.02336,0.294912,1.76698,565.937,15000,0,0
Suite_15,Forward,0,428,1.18576,0.557706,0,0.024576,0.262496,1.78244,561.029,15000,0,0
Suite_15,Forward,0,429,1.1834,0.560295,0,0.02288,0.26336,1.7576,568.957,15000,0,0
Suite_15,Forward,0,430,1.18075,0.575386,0,0.022656,0.262464,1.75772,568.92,15000,0,0
Suite_15,Forward,0,431,1.17857,0.56117,0,0.024064,0.262848,1.76961,565.098,15000,0,0
Suite_15,Forward,0,432,1.18194,0.552944,0,0.024384,0.284672,1.75191,570.805,15000,0,0
Suite_15,Forward,0,433,1.1877,0.557888,0,0.024576,0.26272,1.74873,571.845,15000,0,0
Suite_15,Forward,0,434,1.18181,0.584939,0,0.023136,0.262336,1.75998,568.188,15000,0,0
Suite_15,Forward,0,435,1.17622,0.56515,0,0.026624,0.269536,1.78011,561.762,15000,0,0
Suite_15,Forward,0,436,1.18213,0.555213,0,0.025568,0.29104,1.75368,570.228,15000,0,0
Suite_15,Forward,0,437,1.18143,0.562891,0,0.024928,0.264352,1.75161,570.904,15000,0,0
Suite_15,Forward,0,438,1.19053,0.651348,0,0.02496,0.265216,1.75925,568.425,15000,0,0
Suite_15,Forward,0,439,1.19036,0.608388,0,0.025504,0.268096,1.86034,537.536,15000,0,0
Suite_15,Forward,0,440,1.1806,0.565509,0,0.025376,0.264192,1.81416,551.22,15000,0,0
Suite_15,Forward,0,441,1.18529,0.611238,0,0.025952,0.26624,1.76093,567.881,15000,0,0
Suite_15,Forward,0,442,1.18704,0.570314,0,0.0264,0.26688,1.81479,551.029,15000,0,0
Suite_15,Forward,0,443,1.18103,0.55856,0,0.025536,0.266752,1.77639,562.938,15000,0,0
Suite_15,Forward,0,444,1.18066,0.560431,0,0.026112,0.265088,1.75161,570.904,15000,0,0
Suite_15,Forward,0,445,1.18325,0.57071,0,0.026624,0.266048,1.75482,569.86,15000,0,0
Suite_15,Forward,0,446,1.18351,0.834594,0,0.026624,0.300672,1.76903,565.28,15000,0,0
Suite_15,Forward,0,447,1.17746,0.554161,0,0.030144,0.272128,2.03187,492.158,15000,0,0
Suite_15,Forward,0,448,1.18547,0.575762,0,0.027168,0.26848,1.74416,573.341,15000,0,0
Suite_15,Forward,0,449,1.18752,0.576287,0,0.027872,0.268288,1.77523,563.306,15000,0,0
Suite_15,Forward,0,450,1.17859,0.560412,0,0.027392,0.291936,1.77845,562.288,15000,0,0
Suite_15,Forward,0,451,1.17606,0.554784,0,0.027776,0.268576,1.75146,570.952,15000,0,0
Suite_15,Forward,0,452,1.18216,0.559643,0,0.027232,0.268384,1.74291,573.754,15000,0,0
Suite_15,Forward,0,453,1.17887,0.574954,0,0.028672,0.269152,1.75662,569.275,15000,0,0
Suite_15,Forward,0,454,1.18245,0.574412,0,0.028224,0.29264,1.76856,565.431,15000,0,0
Suite_15,Forward,0,455,1.17771,0.557984,0,0.02912,0.270336,1.76967,565.076,15000,0,0
Suite_15,Forward,0,456,1.18315,0.555115,0,0.027008,0.268832,1.74814,572.036,15000,0,0
Suite_15,Forward,0,457,1.1845,0.571691,0,0.030016,0.270176,1.75205,570.76,15000,0,0
Suite_15,Forward,0,458,1.18157,0.567247,0,0.028864,0.29696,1.77005,564.955,15000,0,0
Suite_15,Forward,0,459,1.17951,0.555342,0,0.028512,0.269024,1.7618,567.601,15000,0,0
Suite_15,Forward,0,460,1.18702,0.555492,0,0.027488,0.2672,1.74724,572.33,15000,0,0
Suite_15,Forward,0,461,1.1853,0.57025,0,0.030688,0.270624,1.75681,569.214,15000,0,0
Suite_15,Forward,0,462,1.18206,0.562915,0,0.029216,0.300992,1.76938,565.17,15000,0,0
Suite_15,Forward,0,463,1.1798,0.563658,0,0.030496,0.27232,1.75737,569.031,15000,0,0
Suite_15,Forward,0,464,1.18618,0.556291,0,0.02928,0.270336,1.75571,569.57,15000,0,0
Suite_15,Forward,0,465,1.18019,0.57644,0,0.030304,0.273312,1.7574,569.022,15000,0,0
Suite_15,Forward,0,466,1.18335,0.564692,0,0.03072,0.305152,1.7717,564.429,15000,0,0
Suite_15,Forward,0,467,1.17959,0.552867,0,0.032224,0.272928,1.76052,568.015,15000,0,0
Suite_15,Forward,0,468,1.18516,0.553336,0,0.03072,0.292864,1.74495,573.083,15000,0,0
Suite_15,Forward,0,469,1.1773,0.577964,0,0.03072,0.272512,1.75321,570.381,15000,0,0
Suite_15,Forward,0,470,1.18072,0.574138,0,0.03072,0.29744,1.77091,564.681,15000,0,0
Suite_15,Forward,0,471,1.17964,0.55476,0,0.032768,0.274432,1.76752,565.765,15000,0,0
Suite_15,Forward,0,472,1.18193,0.559998,0,0.032288,0.294912,1.75542,569.665,15000,0,0
Suite_15,Forward,0,473,1.18014,0.577707,0,0.03072,0.275552,1.75586,569.52,15000,0,0
Suite_15,Forward,0,474,1.18273,0.565529,0,0.032992,0.307072,1.77285,564.064,15000,0,0
Suite_15,Forward,0,475,1.17797,0.560272,0,0.032896,0.277952,1.7607,567.954,15000,0,0
Suite_15,Forward,0,476,1.1801,0.562916,0,0.044928,0.290304,1.75053,571.255,15000,0,0
Suite_15,Forward,0,477,1.17958,0.568833,0,0.030464,0.2736,1.75775,568.907,15000,0,0
Suite_15,Forward,0,478,1.18838,0.563343,0,0.032768,0.310016,1.76355,567.037,15000,0,0
Suite_15,Forward,0,479,1.17873,0.556643,0,0.032768,0.274432,1.76403,566.884,15000,0,0
Suite_15,Forward,0,480,1.18365,0.55412,0,0.035968,0.27888,1.74773,572.172,15000,0,0
Suite_15,Forward,0,481,1.18607,0.570139,0,0.03632,0.27824,1.75209,570.746,15000,0,0
Suite_15,Forward,0,482,1.18196,0.563986,0,0.036352,0.311296,1.77013,564.929,15000,0,0
Suite_15,Forward,0,483,1.18623,0.564436,0,0.03664,0.27728,1.75841,568.695,15000,0,0
Suite_15,Forward,0,484,1.18093,0.557546,0,0.036672,0.280896,1.7628,567.279,15000,0,0
Suite_15,Forward,0,485,1.19018,0.565513,0,0.036736,0.278784,1.75368,570.23,15000,0,0
Suite_15,Forward,0,486,1.1831,0.560675,0,0.038048,0.308832,1.7697,565.067,15000,0,0
Suite_15,Forward,0,487,1.18425,0.560801,0,0.036864,0.304352,1.75575,569.558,15000,0,0
Suite_15,Forward,0,488,1.18259,0.556934,0,0.038528,0.284288,1.75745,569.006,15000,0,0
Suite_15,Forward,0,489,1.18767,0.575026,0,0.036864,0.280064,1.75431,570.026,15000,0,0
Suite_15,Forward,0,490,1.18236,0.564481,0,0.042112,0.28672,1.77711,562.711,15000,0,0
Suite_15,Forward,0,491,1.17794,0.562978,0,0.042304,0.3072,1.75933,568.398,15000,0,0
Suite_15,Forward,0,492,1.18543,0.559199,0,0.042624,0.285312,1.7536,570.256,15000,0,0
Suite_15,Forward,0,493,1.18587,0.568705,0,0.041088,0.28672,1.75987,568.223,15000,0,0
Suite_15,Forward,0,494,1.18223,0.566082,0,0.047296,0.290816,1.76884,565.342,15000,0,0
Suite_15,Forward,0,495,1.18139,0.557326,0,0.047296,0.291264,1.76049,568.024,15000,0,0
Suite_15,Forward,0,496,1.18091,0.566311,0,0.047456,0.291232,1.7505,571.265,15000,0,0
Suite_15,Forward,0,497,1.17815,0.562182,0,0.047456,0.290432,1.7672,565.868,15000,0,0
Suite_15,Forward,0,498,1.18712,0.579931,0,0.048608,0.291744,1.75478,569.873,15000,0,0
Suite_15,Forward,0,499,1.18451,0.565317,0,0.048608,0.292864,1.7815,561.324,15000,0,0
Suite_15,Forward,0,500,1.18617,0.578326,0,0.047296,0.292864,1.77071,564.746,15000,0,0
Suite_15,Forward,0,501,1.18329,0.558531,0,0.04896,0.290816,1.78094,561.502,15000,0,0
Suite_15,Forward,0,502,1.18402,0.554709,0,0.049152,0.295264,1.75553,569.63,15000,0,0
Suite_15,Forward,0,503,1.18219,0.565123,0,0.049088,0.294208,1.75063,571.224,15000,0,0
Suite_15,Forward,0,504,1.189,0.574643,0,0.049152,0.294208,1.7594,568.375,15000,0,0
Suite_15,Forward,0,505,1.18257,0.567393,0,0.048704,0.292864,1.77961,561.922,15000,0,0
Suite_15,Forward,0,506,1.18578,0.555203,0,0.055104,0.300576,1.76351,567.05,15000,0,0
Suite_15,Forward,0,507,1.18157,0.556284,0,0.059392,0.301824,1.75282,570.511,15000,0,0
Suite_15,Forward,0,508,1.18993,0.582559,0,0.059392,0.304384,1.75001,571.426,15000,0,0
Suite_15,Forward,0,509,1.18792,0.804579,0,0.06144,0.340128,1.788,559.283,15000,0,0
Suite_15,Forward,0,510,1.18616,0.555851,0,0.061184,0.303968,2.00661,498.353,15000,0,0
Suite_15,Forward,0,511,1.18477,0.558255,0,0.06144,0.306304,1.75454,569.949,15000,0,0
Suite_15,Forward,0,512,1.18297,0.569549,0,0.060032,0.307808,1.75627,569.39,15000,0,0
Suite_15,Forward,0,513,1.18742,0.568732,0,0.05952,0.341408,1.76712,565.893,15000,0,0
Suite_15,Forward,0,514,1.18104,0.555404,0,0.060832,0.304096,1.76975,565.052,15000,0,0
Suite_15,Forward,0,515,1.18422,0.554327,0,0.06032,0.303648,1.7527,570.55,15000,0,0
Suite_15,Forward,0,516,1.1872,0.582098,0,0.06144,0.3072,1.75081,571.164,15000,0,0
Suite_15,Forward,0,517,1.19321,0.568176,0,0.061184,0.335872,1.78611,559.875,15000,0,0
Suite_15,Forward,0,518,1.18135,0.561245,0,0.061632,0.304096,1.78498,560.231,15000,0,0
Suite_15,Forward,0,519,1.18325,0.555078,0,0.06144,0.30432,1.75488,569.84,15000,0,0
Suite_15,Forward,0,520,1.1891,0.567129,0,0.06144,0.3072,1.75058,571.24,15000,0,0
Suite_15,Forward,0,521,1.18896,0.606012,0,0.062816,0.343072,1.77061,564.777,15000,0,0
Suite_15,Forward,0,522,1.18485,0.568165,0,0.061952,0.306048,1.80922,552.726,15000,0,0
Suite_15,Forward,0,523,1.18113,0.558285,0,0.06144,0.327424,1.76581,566.311,15000,0,0
Suite_15,Forward,0,524,1.1882,0.565374,0,0.061824,0.305792,1.75196,570.791,15000,0,0
Suite_15,Forward,0,525,1.18931,0.582002,0,0.062464,0.343008,1.76805,565.595,15000,0,0
Suite_15,Forward,0,526,1.1878,0.573485,0,0.063488,0.30736,1.78517,560.171,15000,0,0
Suite_15,Forward,0,527,1.18399,0.563748,0,0.062784,0.32528,1.77409,563.668,15000,0,0
Suite_15,Forward,0,528,1.1852,0.566462,0,0.063488,0.306624,1.76124,567.783,15000,0,0
Suite_15,Forward,0,529,1.18466,0.577561,0,0.06304,0.339232,1.77199,564.336,15000,0,0
Suite_15,Forward,0,530,1.18461,0.557498,0,0.063168,0.3072,1.77567,563.168,15000,0,0
Suite_15,Forward,0,531,1.18742,0.55785,0,0.06432,0.323392,1.75434,570.015,15000,0,0
Suite_15,Forward,0,532,1.18473,0.569472,0,0.063392,0.308768,1.75808,568.802,15000,0,0
Suite_15,Forward,0,533,1.19112,0.562523,0,0.063584,0.342016,1.77002,564.964,15000,0,0
Suite_15,Forward,0,534,1.18734,0.558276,0,0.063744,0.306592,1.76721,565.863,15000,0,0
Suite_15,Forward,0,535,1.183,0.567195,0,0.063776,0.309248,1.75815,568.781,15000,0,0
Suite_15,Forward,0,536,1.18659,0.57166,0,0.063488,0.307872,1.76289,567.25,15000,0,0
Suite_15,Forward,0,537,1.18668,0.558032,0,0.0648,0.342656,1.77309,563.987,15000,0,0
Suite_15,Forward,0,538,1.18957,0.560328,0,0.065312,0.333824,1.75769,568.93,15000,0,0
Suite_15,Forward,0,539,1.18296,0.564612,0,0.065056,0.309888,1.76223,567.462,15000,0,0
Suite_15,Forward,0,540,1.19342,0.566859,0,0.063584,0.31104,1.76065,567.973,15000,0,0
Suite_15,Forward,0,541,1.18381,0.55563,0,0.06432,0.309888,1.77478,563.449,15000,0,0
Suite_15,Forward,0,542,1.18073,0.567159,0,0.065728,0.32768,1.75211,570.741,15000,0,0
Suite_15,Forward,0,543,1.18674,0.566532,0,0.064704,0.309472,1.76039,568.056,15000,0,0
Suite_15,Forward,0,544,1.18923,0.589294,0,0.064352,0.309248,1.76728,565.84,15000,0,0
Suite_15,Forward,0,545,1.18977,0.555392,0,0.071168,0.31728,1.79424,557.339,15000,0,0
Suite_15,Forward,0,546,1.18079,0.558326,0,0.071136,0.317056,1.7584,568.698,15000,0,0
Suite_15,Forward,0,547,1.18932,0.572589,0,0.07008,0.31744,1.7515,570.94,15000,0,0
Suite_15,Forward,0,548,1.18862,0.586632,0,0.0712,0.316864,1.77617,563.009,15000,0,0
Suite_15,Forward,0,549,1.1885,0.561858,0,0.07168,0.318528,1.79078,558.415,15000,0,0
Suite_15,Forward,0,550,1.19228,0.580468,0,0.07328,0.321536,1.76344,567.075,15000,0,0
Suite_15,Forward,0,551,1.19429,0.579393,0,0.072992,0.317728,1.7851,560.192,15000,0,0
Suite_15,Forward,0,552,1.19117,0.563248,0,0.071616,0.315392,1.7875,559.44,15000,0,0
Suite_15,Forward,0,553,1.18684,0.563907,0,0.07168,0.31776,1.76857,565.43,15000,0,0
Suite_15,Forward,0,554,1.19056,0.566215,0,0.07168,0.31712,1.76366,567.003,15000,0,0
Suite_15,Forward,0,555,1.18763,0.58904,0,0.078976,0.32368,1.77128,564.565,15000,0,0
Suite_15,Forward,0,556,1.18759,0.572179,0,0.084064,0.33344,1.79089,558.382,15000,0,0
Suite_15,Forward,0,557,1.18613,0.559278,0,0.084064,0.32992,1.7827,560.948,15000,0,0
Suite_15,Forward,0,558,1.18533,0.552995,0,0.083968,0.327936,1.75873,568.594,15000,0,0
Suite_15,Forward,0,559,1.19204,0.569636,0,0.08416,0.329024,1.75069,571.202,15000,0,0
Suite_15,Forward,0,560,1.18952,0.718436,0,0.085472,0.362432,1.77545,563.238,15000,0,0
Suite_15,Forward,0,561,1.18357,0.559634,0,0.085792,0.330048,1.92206,520.274,15000,0,0
Suite_15,Forward,0,562,1.18636,0.575259,0,0.085376,0.333184,1.75692,569.179,15000,0,0
Suite_15,Forward,0,563,1.1884,0.568613,0,0.085024,0.332992,1.77458,563.514,15000,0,0
Suite_15,Forward,0,564,1.19059,0.616022,0,0.086016,0.36864,1.77025,564.891,15000,0,0
Suite_15,Forward,0,565,1.18474,0.569024,0,0.085824,0.331616,1.82177,548.918,15000,0,0
Suite_15,Forward,0,566,1.19058,0.564123,0,0.085344,0.330048,1.76676,566.007,15000,0,0
Suite_15,Forward,0,567,1.19357,0.568397,0,0.08432,0.331744,1.76798,565.618,15000,0,0
Suite_15,Forward,0,568,1.19159,0.601177,0,0.086016,0.365536,1.77529,563.289,15000,0,0
Suite_15,Forward,0,569,1.18444,0.558959,0,0.092192,0.337248,1.80673,553.486,15000,0,0
Suite_15,Forward,0,570,1.18946,0.559969,0,0.091776,0.360768,1.75684,569.205,15000,0,0
Suite_15,Forward,0,571,1.18959,0.582072,0,0.092128,0.337408,1.76161,567.661,15000,0,0
Suite_15,Forward,0,572,1.1861,0.635002,0,0.091936,0.372032,1.78527,560.138,15000,0,0
Suite_15,Forward,0,573,1.19433,0.555401,0,0.09216,0.33792,1.83533,544.86,15000,0,0
Suite_15,Forward,0,574,1.18939,0.560719,0,0.092608,0.33792,1.76327,567.129,15000,0,0
Suite_15,Forward,0,575,1.18515,0.570219,0,0.09216,0.337856,1.76262,567.339,15000,0,0
Suite_15,Forward,0,576,1.1887,0.613003,0,0.092256,0.374016,1.76817,565.556,15000,0,0
Suite_15,Forward,0,577,1.19019,0.587086,0,0.096192,0.365152,1.81574,550.738,15000,128,0.000163202
Suite_15,Forward,0,578,1.1991,0.61367,0,0.100352,0.347424,1.79136,558.235,15000,128,0.000163769
Suite_15,Forward,0,579,1.20225,0.618375,0,0.100416,0.349312,1.82903,546.736,15000,128,0.000164342
Suite_15,Forward,0,580,1.19758,0.603872,0,0.101312,0.35232,1.83505,544.945,15000,256,0.000277243
Suite_15,Forward,0,581,1.19518,0.612915,0,0.107328,0.353536,1.81637,550.549,15000,256,0.000278224
Suite_15,Forward,0,582,1.19539,0.62097,0,0.107008,0.355456,1.82184,548.894,15000,256,0.000279213
Suite_15,Forward,0,583,1.19881,0.619849,0,0.108512,0.354592,1.83236,545.743,15000,384,0.000431886
Suite_15,Forward,0,584,1.19681,0.804597,0,0.58576,0.835584,1.83352,545.4,15000,384,0.000433338
Suite_15,Forward,0,585,1.2037,0.630449,0,0.108544,0.354304,2.01609,496.009,15000,384,0.000434801
Suite_15,Forward,0,586,1.20002,0.647088,0,0.107328,0.354304,1.85435,539.273,15000,384,0.000436277
Suite_15,Forward,0,587,1.19819,0.616471,0,0.108544,0.354912,1.86378,536.544,15000,512,0.000710018
Suite_15,Forward,0,588,1.20023,0.610489,0,0.108672,0.35728,1.82833,546.948,15000,640,0.000776985
Suite_15,Forward,0,589,1.19916,0.611548,0,0.108544,0.377216,1.82543,547.815,15000,640,0.000779822
Suite_15,Forward,0,590,1.19873,0.625934,0,0.108672,0.355296,1.83047,546.309,15000,768,0.00121489
Suite_15,Forward,0,591,1.20545,0.60744,0,0.108736,0.356352,1.83916,543.726,15000,896,0.00145927
Suite_15,Forward,0,592,1.19847,0.61354,0,0.109152,0.357568,1.82644,547.513,15000,1024,0.00163708
Suite_15,Forward,0,593,1.19887,0.622797,0,0.109376,0.357696,1.82663,547.457,15000,1024,0.00164307
Suite_15,Forward,0,594,1.20331,0.627478,0,0.109952,0.358144,1.83727,544.286,15000,1024,0.0016491
Suite_15,Forward,0,595,1.20207,0.618857,0,0.110496,0.358752,1.84595,541.725,15000,1024,0.0016552
Suite_15,Forward,0,596,1.20089,0.604989,0,0.1104,0.3584,1.83439,545.14,15000,1152,0.00169501
Suite_15,Forward,0,597,1.20417,0.630003,0,0.110592,0.358304,1.82109,549.123,15000,1280,0.00197804
Suite_15,Forward,0,598,1.20662,0.628606,0,0.110592,0.358816,1.84979,540.603,15000,1536,0.00249777
Suite_15,Forward,0,599,1.20383,0.622302,0,0.110592,0.3584,1.84895,540.849,15000,1792,0.00316409
Suite_15,Forward,0,600,1.2047,0.61114,0,0.111328,0.35952,1.84032,543.383,15000,1920,0.00346947
Suite_15,Forward,0,601,1.2061,0.63752,0,0.11216,0.358944,1.83147,546.008,15000,2048,0.00379887
Suite_15,Forward,0,602,1.20738,0.688039,0,0.11264,0.359936,1.85993,537.654,15000,2176,0.00404335
Suite_15,Forward,0,603,1.21113,0.612878,0,0.111424,0.362304,1.91025,523.491,15000,2304,0.00424228
Suite_15,Forward,0,604,1.20812,0.635833,0,0.112768,0.359296,1.83784,544.116,15000,2304,0.0042581
Suite_15,Forward,0,605,1.21479,0.642147,0,0.11264,0.359808,1.86068,537.436,15000,2432,0.004374
Suite_15,Forward,0,606,1.21207,0.615964,0,0.113056,0.361312,1.87315,533.859,15000,2432,0.00439048
Suite_15,Forward,0,607,1.23347,0.704336,0,0.114144,0.383744,1.84266,542.693,15000,2432,0.00440711
Suite_15,Forward,0,608,1.21517,0.650906,0,0.112864,0.359328,1.9576,510.83,15000,2432,0.00442387
Suite_15,Forward,0,609,1.20937,0.660143,0,0.112896,0.3624,1.8866,530.054,15000,2432,0.00444078
Suite_15,Forward,0,610,1.21167,0.637952,0,0.114688,0.360768,1.88982,529.151,15000,2432,0.00445784
Suite_15,Forward,0,611,1.21268,0.620842,0,0.114688,0.361504,1.86422,536.417,15000,2560,0.00468685
Suite_15,Forward,0,612,1.21119,0.620012,0,0.114688,0.361632,1.84706,541.4,15000,2560,0.00470506
Suite_15,Forward,0,613,1.21083,0.623812,0,0.114432,0.36256,1.84917,540.784,15000,2688,0.00476432
Suite_15,Forward,0,614,1.20867,0.622074,0,0.114848,0.363648,1.85506,539.067,15000,2816,0.0051512
Suite_15,Forward,0,615,1.20761,0.616176,0,0.114816,0.360448,1.84475,542.079,15000,2944,0.005211
Suite_15,Forward,0,616,1.21201,0.632219,0,0.11488,0.362176,1.83811,544.036,15000,3072,0.00526029
Suite_15,Forward,0,617,1.21126,0.633073,0,0.114464,0.400512,1.86157,537.18,15000,3072,0.00528099
Suite_15,Forward,0,618,1.21286,0.624674,0,0.115808,0.364544,1.85995,537.649,15000,3200,0.00541473
Suite_15,Forward,0,619,1.21106,0.624449,0,0.116352,0.383232,1.8518,540.017,15000,3200,0.00543615
Suite_15,Forward,0,620,1.21533,0.635759,0,0.116704,0.362496,1.85053,540.385,15000,3200,0.00545776
Suite_15,Forward,0,621,1.21116,0.647891,0,0.116224,0.395712,1.86817,535.284,15000,3072,0.0052588
Suite_15,Forward,0,622,1.20928,0.622547,0,0.11504,0.38912,1.87566,533.147,15000,3200,0.00548973
Suite_15,Forward,0,623,1.21126,0.639945,0,0.116352,0.364064,1.8464,541.594,15000,3456,0.00577544
Suite_15,Forward,0,624,1.21577,0.641644,0,0.116448,0.364544,1.86726,535.545,15000,3584,0.00598542
Suite_15,Forward,0,625,1.21657,0.625951,0,0.116736,0.364832,1.87403,533.61,15000,3840,0.00650123
Suite_15,Forward,0,626,1.21661,0.624457,0,0.11776,0.364512,1.8581,538.184,15000,3840,0.00652725
Suite_15,Forward,0,627,1.21242,0.64798,0,0.12288,0.372288,1.85537,538.976,15000,3840,0.0065535
Suite_15,Forward,0,628,1.21598,0.839601,0,0.124768,0.402336,1.87648,532.914,15000,3968,0.00669116
Suite_15,Forward,0,629,1.21672,0.639297,0,0.124928,0.37808,2.07308,482.373,15000,4224,0.00714527
Suite_15,Forward,0,630,1.21612,0.635436,0,0.124928,0.392896,1.87212,534.155,15000,4224,0.00717406
Suite_15,Forward,0,631,1.22272,0.692025,0,0.131552,0.3808,1.8679,535.359,15000,4224,0.00720309
Suite_15,Forward,0,632,1.21918,0.643108,0,0.131104,0.411648,1.93127,517.793,15000,4224,0.00723237
Suite_15,Forward,0,633,1.21586,0.631913,0,0.131456,0.405504,1.87935,532.099,15000,4352,0.00740432
Suite_15,Forward,0,634,1.21877,0.638694,0,0.131456,0.37776,1.86373,536.558,15000,4480,0.00766914
Suite_15,Forward,0,635,1.22782,0.671298,0,0.131296,0.3808,1.87366,533.716,15000,4608,0.0077561
Suite_15,Forward,0,636,1.22462,0.631478,0,0.132096,0.381824,1.91624,521.854,15000,4608,0.00778799
Suite_15,Forward,0,637,1.21887,0.638363,0,0.13312,0.380352,1.87311,533.873,15000,4736,0.00812143
Suite_15,Forward,0,638,1.21811,0.649799,0,0.13904,0.387104,1.87316,533.858,15000,4736,0.00815496
Suite_15,Forward,0,639,1.22426,0.804123,0,0.13312,0.416704,1.88502,530.498,15000,4736,0.00818876
Suite_15,Forward,0,640,1.2219,0.636794,0,0.13312,0.387584,2.0448,489.045,15000,4992,0.00880981
Suite_15,Forward,0,641,1.22037,0.64493,0,0.13312,0.405504,1.87565,533.148,15000,5120,0.00916439
Suite_15,Forward,0,642,1.22274,0.657967,0,0.133248,0.380928,1.88258,531.185,15000,5120,0.00920227
Suite_15,Forward,0,643,1.22124,0.634833,0,0.133312,0.410336,1.90141,525.927,15000,5120,0.00924047
Suite_15,Forward,0,644,1.21665,0.651912,0,0.135584,0.39104,1.87172,534.268,15000,5120,0.00927897
Suite_15,Forward,0,645,1.22433,0.639588,0,0.127392,0.376096,1.88607,530.202,15000,5504,0.00989768
Suite_15,Forward,0,646,1.22774,0.648507,0,0.12832,0.37552,1.88151,531.489,15000,5504,0.00993926
Suite_15,Forward,0,647,1.22486,0.641268,0,0.127456,0.377312,1.89227,528.467,15000,5632,0.0102146
Suite_15,Forward,0,648,1.22177,0.63915,0,0.127616,0.37664,1.88183,531.397,15000,5760,0.0106824
Suite_15,Forward,0,649,1.22019,0.660549,0,0.12784,0.376384,1.87747,532.631,15000,5632,0.0103671
Suite_15,Forward,0,650,1.22566,0.724486,0,0.128,0.411968,1.89872,526.671,15000,5632,0.0104109
Suite_15,Forward,0,651,1.22254,0.640615,0,0.129024,0.378464,1.96586,508.684,15000,5632,0.010455
Suite_15,Forward,0,652,1.22001,0.659725,0,0.129024,0.39904,1.87819,532.426,15000,5504,0.0103476
Suite_15,Forward,0,653,1.22539,0.653594,0,0.128896,0.37808,1.89838,526.764,15000,5504,0.0103918
Suite_15,Forward,0,654,1.22329,0.630659,0,0.12976,0.417536,1.90114,525.999,15000,5632,0.010672
Suite_15,Forward,0,655,1.22568,0.63569,0,0.13312,0.385824,1.86963,534.865,15000,5632,0.0107177
Suite_15,Forward,0,656,1.22278,0.641575,0,0.129536,0.37856,1.87662,532.873,15000,5760,0.0108402
Suite_15,Forward,0,657,1.23215,0.670957,0,0.130432,0.37888,1.88327,530.991,15000,5888,0.010943
Suite_15,Forward,0,658,1.2251,0.63552,0,0.129024,0.37888,1.92056,520.683,15000,5888,0.0109903
Suite_15,Forward,0,659,1.22324,0.63262,0,0.13072,0.37712,1.87606,533.032,15000,5888,0.0110379
Suite_15,Forward,0,660,1.22208,0.683008,0,0.131008,0.379104,1.87115,534.43,15000,5888,0.0106657
Suite_15,Forward,0,661,1.22817,0.684824,0,0.130336,0.409664,1.9252,519.428,15000,6016,0.010931
Suite_15,Forward,0,662,1.22625,0.637767,0,0.130496,0.382304,1.93075,517.934,15000,6016,0.0109782
Suite_15,Forward,0,663,1.23273,0.675367,0,0.130976,0.401408,1.87937,532.092,15000,6016,0.0109612
Suite_15,Forward,0,664,1.23227,0.665461,0,0.131072,0.380288,1.9271,518.916,15000,6016,0.0110089
Suite_15,Forward,0,665,1.22762,0.636191,0,0.131072,0.405408,1.91639,521.813,15000,6016,0.011057
Suite_15,Forward,0,666,1.22277,0.637813,0,0.131072,0.382976,1.88032,531.823,15000,6144,0.0111712
Suite_15,Forward,0,667,1.22123,0.645043,0,0.130816,0.380512,1.87593,533.07,15000,6144,0.0112203
Suite_15,Forward,0,668,1.22792,0.662643,0,0.131136,0.38064,1.88304,531.058,15000,6144,0.0112698
Suite_15,Forward,0,669,1.22319,0.638287,0,0.132128,0.38224,1.90817,524.061,15000,6144,0.0113196
Suite_15,Forward,0,670,1.223,0.635407,0,0.13152,0.3808,1.87759,532.597,15000,6144,0.0113699
Suite_15,Forward,0,671,1.2238,0.673221,0,0.12448,0.374784,1.8791,532.171,15000,6144,0.0114206
Suite_15,Forward,0,672,1.22743,0.642923,0,0.124864,0.402816,1.91488,522.225,15000,6144,0.0114717
Suite_15,Forward,0,673,1.22473,0.639934,0,0.124384,0.378464,1.88823,529.598,15000,6144,0.0115232
Suite_15,Forward,0,674,1.22694,0.634616,0,0.124992,0.397184,1.88143,531.511,15000,6144,0.0115751
Suite_15,Forward,0,675,1.22546,0.923553,0,1.64621,1.89338,1.87776,532.551,15000,6144,0.0116274
Suite_15,Forward,0,676,1.23148,0.643578,0,0.125152,0.376704,2.16597,461.688,15000,6272,0.0118473
Suite_15,Forward,0,677,1.22358,0.629078,0,0.126688,0.373568,1.89348,528.128,15000,6272,0.0119011
Suite_15,Forward,0,678,1.22169,0.653699,0,0.126016,0.375936,1.86915,535.003,15000,6272,0.0119553
Suite_15,Forward,0,679,1.22656,0.662394,0,0.1256,0.37632,1.89233,528.449,15000,6400,0.0123605
Suite_15,Forward,0,680,1.22439,0.66743,0,0.126464,0.37888,1.90578,524.72,15000,6400,0.012417
Suite_15,Forward,0,681,1.22186,0.639436,0,0.126816,0.373568,1.90865,523.929,15000,6400,0.012474
Suite_15,Forward,0,682,1.22718,0.662695,0,0.124864,0.375904,1.87839,532.37,15000,6400,0.0121405
Suite_15,Forward,0,683,1.2268,0.641489,0,0.124992,0.411296,1.90719,524.331,15000,6272,0.0119343
Suite_15,Forward,0,684,1.22132,0.636565,0,0.126272,0.37696,1.88427,530.71,15000,6272,0.0119885
Suite_15,Forward,0,685,1.22503,0.646322,0,0.138784,0.38912,1.87475,533.404,15000,6272,0.0120432
Suite_15,Forward,0,686,1.22909,0.646126,0,0.126304,0.375936,1.88943,529.26,15000,6272,0.0120983
Suite_15,Forward,0,687,1.22493,0.670429,0,0.126976,0.411648,1.89095,528.835,15000,6144,0.0117764
Suite_15,Forward,0,688,1.22412,0.637411,0,0.126976,0.377568,1.91085,523.328,15000,6144,0.0118304
Suite_15,Forward,0,689,1.22287,0.659474,0,0.125728,0.375328,1.8787,532.282,15000,6144,0.0118849
Suite_15,Forward,0,690,1.22947,0.684948,0,0.124928,0.375104,1.90108,526.017,15000,6144,0.0119399
Suite_15,Forward,0,691,1.22442,0.632812,0,0.126976,0.376832,1.93105,517.854,15000,6144,0.0119952
Suite_15,Forward,0,692,1.22005,0.634982,0,0.126976,0.374784,1.87252,534.039,15000,6144,0.012051
Suite_15,Forward,0,693,1.2255,0.635129,0,0.118784,0.36864,1.87277,533.969,15000,6272,0.012563
Suite_15,Forward,0,694,1.22903,0.663867,0,0.119552,0.404928,1.87794,532.499,15000,6272,0.0126218
Suite_15,Forward,0,695,1.22808,0.625486,0,0.118944,0.371584,1.90944,523.713,15000,6272,0.012681
Suite_15,Forward,0,696,1.22246,0.63352,0,0.121376,0.370752,1.86922,534.982,15000,6144,0.0126329
Suite_15,Forward,0,697,1.2249,0.643835,0,0.120064,0.36864,1.87421,533.557,15000,6144,0.0126924
Suite_15,Forward,0,698,1.22305,0.640283,0,0.127072,0.410912,1.88583,530.272,15000,6272,0.0130088
Suite_15,Forward,0,699,1.22278,0.628787,0,0.127104,0.376064,1.88453,530.637,15000,6272,0.0130701
Suite_15,Forward,0,700,1.22117,0.630352,0,0.12656,0.37664,1.86653,535.754,15000,6272,0.0131319
Suite_15,Forward,0,701,1.22509,0.641258,0,0.126976,0.376832,1.86984,534.805,15000,6016,0.0126711
Suite_15,Forward,0,702,1.22159,0.627391,0,0.126976,0.376832,1.88769,529.749,15000,6144,0.0128711
Suite_15,Forward,0,703,1.22305,0.627199,0,0.126976,0.375392,1.864,536.48,15000,5888,0.0122206
Suite_15,Forward,0,704,1.22546,0.672788,0,0.126944,0.376832,1.86636,535.803,15000,5888,0.0122787
Suite_15,Forward,0,705,1.22532,0.649771,0,0.12672,0.403328,1.91715,521.607,15000,5632,0.0117407
Suite_15,Forward,0,706,1.22392,0.625774,0,0.126976,0.377152,1.89227,528.466,15000,5632,0.0117964
Suite_15,Forward,0,707,1.21981,0.627654,0,0.126976,0.397376,1.86489,536.224,15000,5632,0.0118525
Suite_15,Forward,0,708,1.22324,0.674207,0,0.128192,0.376768,1.86341,536.652,15000,5632,0.011909
Suite_15,Forward,0,709,1.2245,0.637559,0,0.126976,0.413952,1.91667,521.738,15000,5504,0.0115649
Suite_15,Forward,0,710,1.22009,0.630464,0,0.128992,0.381216,1.87881,532.251,15000,5504,0.0116204
Suite_15,Forward,0,711,1.22032,0.629499,0,0.127552,0.376832,1.86569,535.996,15000,5504,0.0116764
Suite_15,Forward,0,712,1.22843,0.64539,0,0.128256,0.37888,1.86599,535.908,15000,5376,0.0114587
Suite_15,Forward,0,713,1.22282,0.632068,0,0.127104,0.37728,1.89075,528.89,15000,5248,0.0113444
Suite_15,Forward,0,714,1.21847,0.619123,0,0.126976,0.376832,1.8706,534.587,15000,5248,0.0113993
Suite_15,Forward,0,715,1.21708,0.633696,0,0.12688,0.3768,1.85228,539.876,15000,5120,0.01095
Suite_15,Forward,0,716,1.22589,0.797624,0,0.134432,0.415744,1.86731,535.53,15000,5120,0.0110034
Suite_15,Forward,0,717,1.22128,0.654438,0,0.134688,0.386592,2.04319,489.43,15000,5120,0.0110572
Suite_15,Forward,0,718,1.21853,0.631558,0,0.134464,0.404224,1.89251,528.398,15000,4992,0.0105161
Suite_15,Forward,0,719,1.2205,0.633096,0,0.133376,0.384096,1.86627,535.829,15000,4864,0.0102261
Suite_15,Forward,0,720,1.22248,0.631023,0,0.134464,0.40976,1.87,534.759,15000,4992,0.0105656
Suite_15,Forward,0,721,1.21904,0.62578,0,0.133824,0.4096,1.87053,534.609,15000,4992,0.0106171
Suite_15,Forward,0,722,1.21525,0.630145,0,0.12736,0.375968,1.86076,537.415,15000,4992,0.010669
Suite_15,Forward,0,723,1.22059,0.64251,0,0.127072,0.376832,1.86165,537.159,15000,4992,0.0107213
Suite_15,Forward,0,724,1.21692,0.622577,0,0.128576,0.378496,1.87948,532.063,15000,4864,0.0104863
Suite_15,Forward,0,725,1.21569,0.628618,0,0.126976,0.376832,1.8563,538.707,15000,4864,0.0105379
Suite_15,Forward,0,726,1.21555,0.64292,0,0.12704,0.376896,1.85977,537.702,15000,4992,0.0107272
Suite_15,Forward,0,727,1.21766,0.896024,0,0.13424,0.422432,1.8758,533.107,15000,4864,0.00994108
Suite_15,Forward,0,728,1.2184,0.640572,0,0.13488,0.386592,2.13346,468.723,15000,4864,0.00998937
Suite_15,Forward,0,729,1.2144,0.62783,0,0.135168,0.405344,1.87577,533.113,15000,4736,0.00997083
Suite_15,Forward,0,730,1.22219,0.631796,0,0.133792,0.386624,1.85879,537.985,15000,4736,0.0100195
Suite_15,Forward,0,731,1.21806,0.633472,0,0.14336,0.429664,1.8699,534.789,15000,4736,0.0100686
Suite_15,Forward,0,732,1.21599,0.657825,0,0.141312,0.417568,1.86696,535.629,15000,4736,0.010118
Suite_15,Forward,0,733,1.21723,0.633575,0,0.14272,0.394816,1.89022,529.04,15000,4736,0.0101678
Suite_15,Forward,0,734,1.21965,0.648654,0,0.14944,0.398496,1.86872,535.125,15000,4736,0.0102179
Suite_15,Forward,0,735,1.22001,0.628566,0,0.148,0.398208,1.88377,530.85,15000,4736,0.0102685
Suite_15,Forward,0,736,1.21574,0.615577,0,0.14928,0.398912,1.86336,536.664,15000,4736,0.0103194
Suite_15,Forward,0,737,1.21924,0.645728,0,0.148832,0.398528,1.84771,541.211,15000,4608,0.00981468
Suite_15,Forward,0,738,1.22172,0.922639,0,0.149248,0.427008,1.88406,530.768,15000,4736,0.00995208
Suite_15,Forward,0,739,1.21796,0.61821,0,0.14896,0.400928,2.16021,462.918,15000,4736,0.0100017
Suite_15,Forward,0,740,1.2186,0.632004,0,0.149024,0.417664,1.85088,540.284,15000,4736,0.0100516
Suite_15,Forward,0,741,1.21893,0.635154,0,0.147936,0.397632,1.8685,535.188,15000,4608,0.0097514
Suite_15,Forward,0,742,1.21957,0.638847,0,0.149504,0.435104,1.87129,534.392,15000,4608,0.00980039
Suite_15,Forward,0,743,1.21552,0.645282,0,0.149088,0.42496,1.8738,533.676,15000,4608,0.00984977
Suite_15,Forward,0,744,1.21806,0.640801,0,0.156128,0.405504,1.87654,532.894,15000,4608,0.00989951
Suite_15,Forward,0,745,1.22097,0.645272,0,0.155648,0.406688,1.8766,532.878,15000,4736,0.0100381
Suite_15,Forward,0,746,1.21953,0.626783,0,0.155648,0.407904,1.88386,530.825,15000,4736,0.0100889
Suite_15,Forward,0,747,1.2212,0.639274,0,0.157696,0.405536,1.86118,537.294,15000,4736,0.0101401
Suite_15,Forward,0,748,1.23411,0.663029,0,0.156064,0.40752,1.87874,532.273,15000,4736,0.0101918
Suite_15,Forward,0,749,1.22687,0.939771,0,0.15584,0.443936,1.9171,521.621,15000,4608,0.0101534
Suite_15,Forward,0,750,1.22225,0.645516,0,0.162656,0.4168,2.18336,458.011,15000,4608,0.0102053
Suite_15,Forward,0,751,1.22092,0.62531,0,0.164864,0.414176,1.8826,531.181,15000,4608,0.0102577
Suite_15,Forward,0,752,1.22305,0.64318,0,0.16224,0.41264,1.86206,537.039,15000,4608,0.0103104
Suite_15,Forward,0,753,1.22114,0.653458,0,0.163424,0.44096,1.88436,530.684,15000,4608,0.0103636
Suite_15,Forward,0,754,1.21744,0.623182,0,0.16384,0.413952,1.89105,528.806,15000,4736,0.0104766
Suite_15,Forward,0,755,1.21677,0.659318,0,0.163712,0.412896,1.85611,538.76,15000,4736,0.0105308
Suite_15,Forward,0,756,1.22119,0.641583,0,0.16384,0.413696,1.89581,527.478,15000,4608,0.0102726
Suite_15,Forward,0,757,1.21674,0.623869,0,0.16384,0.4152,1.88632,530.132,15000,4608,0.010326
Suite_15,Forward,0,758,1.22078,0.637716,0,0.165888,0.414112,1.85652,538.643,15000,4480,0.00989133
Suite_15,Forward,0,759,1.22301,0.647386,0,0.16512,0.417696,1.87399,533.62,15000,4480,0.00994273
Suite_15,Forward,0,760,1.21954,0.720453,0,0.163552,0.449504,1.88768,529.75,15000,4480,0.00943647
Suite_15,Forward,0,761,1.21822,0.651206,0,0.16384,0.415744,1.95675,511.051,15000,4480,0.00948523
Suite_15,Forward,0,762,1.2164,0.636188,0,0.16384,0.43264,1.88617,530.176,15000,4480,0.00953436
Suite_15,Forward,0,763,1.21989,0.64899,0,0.16384,0.4152,1.86886,535.086,15000,4480,0.00958385
Suite_15,Forward,0,764,1.21859,0.657148,0,0.16384,0.450976,1.88466,530.6,15000,4352,0.00922757
Suite_15,Forward,0,765,1.21527,0.629959,0,0.163904,0.415904,1.89245,528.414,15000,4224,0.00853703
Suite_15,Forward,0,766,1.23507,0.730487,0,0.16384,0.412352,1.86106,537.328,15000,4224,0.00858072
Suite_15,Forward,0,767,1.22737,0.675719,0,0.163424,0.415584,1.98679,503.324,15000,4224,0.00862473
Suite_15,Forward,0,768,1.21855,0.656788,0,0.16528,0.41536,1.92015,520.794,15000,4224,0.00866907
Suite_15,Forward,0,769,1.22635,0.650191,0,0.164288,0.413536,1.8965,527.286,15000,4224,0.00871374
Suite_15,Forward,0,770,1.22281,0.650434,0,0.16384,0.413696,1.89451,527.84,15000,4224,0.00875873
Suite_15,Forward,0,771,1.22574,0.702997,0,0.164224,0.440064,1.89015,529.059,15000,4224,0.00853097
Suite_15,Forward,0,772,1.21356,0.628776,0,0.164096,0.416288,1.94378,514.462,15000,4224,0.00857461
Suite_15,Forward,0,773,1.2154,0.63499,0,0.166976,0.434176,1.85902,537.917,15000,4352,0.00883067
Suite_15,Forward,0,774,1.22325,0.888988,0,1.68662,1.93718,1.86738,535.51,15000,4352,0.00887595
Suite_15,Forward,0,775,1.21895,0.637006,0,0.16384,0.446496,2.12913,469.675,15000,4480,0.00912306
Suite_15,Forward,0,776,1.21571,0.628349,0,0.165184,0.414144,1.87119,534.418,15000,4480,0.00916984
Suite_15,Forward,0,777,1.21478,0.631837,0,0.16384,0.414112,1.85999,537.636,15000,4480,0.00921696
Suite_15,Forward,0,778,1.22001,0.660414,0,0.165184,0.416064,1.86347,536.634,15000,4480,0.00926442
Suite_15,Forward,0,779,1.22274,0.652131,0,0.163904,0.414176,1.89596,527.438,15000,4480,0.00931223
Suite_15,Forward,0,780,1.22025,0.653804,0,0.165664,0.41344,1.88972,529.178,15000,4352,0.0086773
Suite_15,Forward,0,781,1.21923,0.652336,0,0.164192,0.415392,1.89117,528.772,15000,4352,0.00872144
Suite_15,Forward,0,782,1.21975,0.643961,0,0.16416,0.449536,1.88979,529.159,15000,4352,0.00876591
Suite_15,Forward,0,783,1.21538,0.647073,0,0.157696,0.4096,1.87895,532.213,15000,4352,0.00881069
Suite_15,Forward,0,784,1.21455,0.639728,0,0.15664,0.405792,1.87728,532.686,15000,4352,0.00885579
Suite_15,Forward,0,785,1.21921,0.65034,0,0.157696,0.407616,1.87793,532.502,15000,4352,0.00890121
Suite_15,Forward,0,786,1.21714,0.636919,0,0.157472,0.433632,1.88706,529.923,15000,4224,0.00885595
Suite_15,Forward,0,787,1.21608,0.6342,0,0.164096,0.413856,1.86869,535.135,15000,4224,0.00890147
Suite_15,Forward,0,788,1.2189,0.623826,0,0.164416,0.41504,1.86461,536.306,15000,4224,0.00894731
Suite_15,Forward,0,789,1.21885,0.644763,0,0.165504,0.418592,1.86652,535.758,15000,4224,0.00899347
Suite_15,Forward,0,790,1.22025,0.638045,0,0.164032,0.415744,1.88039,531.804,15000,4352,0.0091627
Suite_15,Forward,0,791,1.21574,0.629282,0,0.163968,0.413536,1.8729,533.931,15000,4224,0.00903393
Suite_15,Forward,0,792,1.21848,0.644949,0,0.164512,0.414464,1.85958,537.756,15000,4224,0.00908058
Suite_15,Forward,0,793,1.21955,0.728185,0,0.165312,0.449952,1.88218,531.297,15000,4224,0.00912756
Suite_15,Forward,0,794,1.21681,0.638453,0,0.164192,0.420992,1.96414,509.128,15000,4224,0.00917488
Suite_15,Forward,0,795,1.21726,0.629909,0,0.16416,0.434912,1.87055,534.603,15000,4224,0.00922253
Suite_15,Forward,0,796,1.22465,0.650696,0,0.16464,0.415744,1.86302,536.764,15000,4096,0.00880786
Suite_15,Forward,0,797,1.21933,0.647059,0,0.16384,0.451168,1.89282,528.313,15000,4096,0.00885337
Suite_15,Forward,0,798,1.21204,0.65654,0,0.164864,0.416032,1.88244,531.225,15000,4096,0.00890207
Suite_15,Forward,0,799,1.21633,0.638106,0,0.165248,0.418944,1.88382,530.835,15000,4096,0.00894758
Suite_15,Forward,0,800,1.21976,0.651313,0,0.165216,0.416032,1.87058,534.593,15000,4096,0.00899341
Suite_15,Forward,0,801,1.21247,0.676087,0,0.165664,0.415744,1.88872,529.459,15000,4096,0.00903956
Suite_15,Forward,0,802,1.21651,0.649145,0,0.164512,0.415904,1.90423,525.147,15000,4224,0.00942772
Suite_15,Forward,0,803,1.21664,0.636903,0,0.165632,0.416512,1.88005,531.901,15000,4224,0.00947617
Suite_15,Forward,0,804,1.22237,0.778972,0,0.165888,0.442592,1.86993,534.78,15000,4224,0.00952496
Suite_15,Forward,0,805,1.21737,0.633028,0,0.165376,0.417824,2.01924,495.236,15000,4224,0.00957409
Suite_15,Forward,0,806,1.21705,0.642951,0,0.165856,0.438272,1.86657,535.743,15000,4224,0.00962357
Suite_15,Forward,0,807,1.22507,0.653075,0,0.1648,0.416544,1.87506,533.317,15000,4352,0.0100192
Suite_15,Forward,0,808,1.22279,0.691261,0,0.165888,0.43984,1.89527,527.63,15000,4480,0.010365
Suite_15,Forward,0,809,1.21712,0.632365,0,0.165888,0.422208,1.93143,517.752,15000,4480,0.0104471
Suite_15,Forward,0,810,1.21874,0.640498,0,0.166176,0.417792,1.8652,536.136,15000,4480,0.0105008
Suite_15,Forward,0,811,1.22193,0.673131,0,0.166112,0.420384,1.87535,533.234,15000,4608,0.0107923
Suite_15,Forward,0,812,1.21817,0.628263,0,0.165728,0.416672,1.91052,523.417,15000,4608,0.0108471
Suite_15,Forward,0,813,1.21762,0.638655,0,0.165824,0.416576,1.86665,535.718,15000,4736,0.0113095
Suite_15,Forward,0,814,1.21803,0.645032,0,0.165888,0.421024,1.87623,532.985,15000,4736,0.0113669
Suite_15,Forward,0,815,1.22634,0.796421,0,0.165888,0.4408,1.88056,531.757,15000,4736,0.0114246
Suite_15,Forward,0,816,1.22068,0.626517,0,0.167264,0.41984,2.03802,490.672,15000,4736,0.0114828
Suite_15,Forward,0,817,1.2181,0.641278,0,0.165888,0.439584,1.86361,536.592,15000,4736,0.0115414
Suite_15,Forward,0,818,1.21897,0.635496,0,0.159456,0.410912,1.87655,532.891,15000,4736,0.0116003
Suite_15,Forward,0,819,1.21859,0.645632,0,0.158528,0.44448,1.86985,534.802,15000,4992,0.0120743
Suite_15,Forward,0,820,1.21905,0.631045,0,0.15856,0.41184,1.87934,532.101,15000,5248,0.0126218
Suite_15,Forward,0,821,1.21779,0.651697,0,0.15904,0.408992,1.87274,533.977,15000,5504,0.0129774
Suite_15,Forward,0,822,1.22989,0.681027,0,0.158368,0.410496,1.88773,529.738,15000,5504,0.0130429
Suite_15,Forward,0,823,1.22339,0.623356,0,0.160224,0.415936,1.92995,518.148,15000,5504,0.0131088
Suite_15,Forward,0,824,1.22318,0.656207,0,0.159744,0.410176,1.86184,537.103,15000,5504,0.0131751
Suite_15,Forward,0,825,1.22634,0.642776,0,0.159744,0.411648,1.89645,527.301,15000,5504,0.0132419
Suite_15,Forward,0,826,1.2249,0.754187,0,0.16064,0.444416,1.88699,529.945,15000,5632,0.0133965
Suite_15,Forward,0,827,1.22327,0.671672,0,0.167456,0.419456,1.99493,501.271,15000,5632,0.0130915
Suite_15,Forward,0,828,1.22409,0.645011,0,0.16816,0.439584,1.91062,523.39,15000,5760,0.0134641
Suite_15,Forward,0,829,1.22561,0.646984,0,0.16672,0.419168,1.88741,529.827,15000,5760,0.013532
Suite_15,Forward,0,830,1.22333,0.642663,0,0.167936,0.45552,1.88921,529.321,15000,5760,0.0136004
Suite_15,Forward,0,831,1.22097,0.659023,0,0.181856,0.434816,1.88166,531.445,15000,5760,0.0136692
Suite_15,Forward,0,832,1.22172,0.639085,0,0.167936,0.419264,1.89529,527.623,15000,5632,0.0136381
Suite_15,Forward,0,833,1.22761,0.671106,0,0.16928,0.42064,1.87908,532.175,15000,5888,0.0143182
Suite_15,Forward,0,834,1.2258,0.624288,0,0.168608,0.421824,1.92093,520.581,15000,5888,0.014391
Suite_15,Forward,0,835,1.22484,0.638429,0,0.167936,0.419968,1.86495,536.207,15000,5888,0.0144643
Suite_15,Forward,0,836,1.22196,0.645546,0,0.169024,0.42016,1.87819,532.428,15000,6016,0.014631
Suite_15,Forward,0,837,1.23024,0.666924,0,0.169984,0.45552,1.88698,529.947,15000,6144,0.0148219
Suite_15,Forward,0,838,1.22763,0.639031,0,0.168704,0.424608,1.91427,522.391,15000,6272,0.0150642
Suite_15,Forward,0,839,1.22553,0.653077,0,0.169536,0.442944,1.88208,531.326,15000,6400,0.0151812
Suite_15,Forward,0,840,1.22904,0.65437,0,0.168416,0.42144,1.89419,527.93,15000,6912,0.0160069
Suite_15,Forward,0,841,1.23105,0.688637,0,0.169984,0.448512,1.90274,525.558,15000,7040,0.0161349
Suite_15,Forward,0,842,1.23151,0.635608,0,0.180192,0.433216,1.94107,515.18,15000,7296,0.0166652
Suite_15,Forward,0,843,1.22961,0.650649,0,0.169984,0.4232,1.88327,530.991,15000,7680,0.0180809
Suite_15,Forward,0,844,1.24112,0.680894,0,0.170016,0.423936,1.89778,526.932,15000,7936,0.0188494
Suite_15,Forward,0,845,1.23791,0.64958,0,0.169984,0.424672,1.94063,515.296,15000,8064,0.019408
Suite_15,Forward,0,846,1.23267,0.629527,0,0.170464,0.422368,1.90474,525.007,15000,8064,0.019505
Suite_15,Forward,0,847,1.23223,0.682942,0,0.17024,0.425568,1.87796,532.493,15000,8064,0.0196027
Suite_15,Forward,0,848,1.23859,0.665087,0,0.172032,0.458752,1.93406,517.047,15000,8320,0.0199802
Suite_15,Forward,0,849,1.2335,0.639306,0,0.171712,0.425984,1.92192,520.313,15000,8448,0.0201237
Suite_15,Forward,0,850,1.23548,0.647284,0,0.173728,0.426272,1.89019,529.047,15000,8832,0.0212564
Suite_15,Forward,0,851,1.23952,0.699522,0,0.172544,0.426016,1.90021,526.258,15000,9344,0.0219558
Suite_15,Forward,0,852,1.24359,0.638497,0,0.1736,0.4536,1.95681,511.035,15000,9600,0.0226049
Suite_15,Forward,0,853,1.23471,0.643823,0,0.17392,0.425984,1.90667,524.475,15000,9472,0.0217007
Suite_15,Forward,0,854,1.23816,0.653788,0,0.17408,0.426016,1.89654,527.275,15000,9728,0.0223283
Suite_15,Forward,0,855,1.24803,0.674513,0,0.172512,0.427296,1.91009,523.536,15000,10112,0.0227683
Suite_15,Forward,0,856,1.24326,0.65135,0,0.17408,0.432128,1.93936,515.633,15000,10112,0.0228801
Suite_15,Forward,0,857,1.24162,0.672643,0,0.17408,0.427296,1.91265,522.835,15000,10112,0.0229925
Suite_15,Forward,0,858,1.24958,0.679622,0,0.174784,0.429664,1.93258,517.444,15000,10240,0.0232423
Suite_15,Forward,0,859,1.2452,0.697628,0,0.174784,0.458912,1.94837,513.249,15000,10368,0.0234903
Suite_15,Forward,0,860,1.24158,0.663485,0,0.178304,0.447104,1.9604,510.101,15000,10624,0.023853
Suite_15,Forward,0,861,1.24332,0.668181,0,0.176608,0.431392,1.92874,518.472,15000,10752,0.0242496
Suite_15,Forward,0,862,1.24594,0.70117,0,0.176928,0.432416,1.93167,517.686,15000,10752,0.0243691
Suite_15,Forward,0,863,1.24533,0.666429,0,0.185408,0.442368,1.96565,508.738,15000,10752,0.0244893
Suite_15,Forward,0,864,1.245,0.680067,0,0.18432,0.437824,1.92905,518.391,15000,11136,0.0251581
Suite_15,Forward,0,865,1.25014,0.683055,0,0.184736,0.440224,1.94434,514.312,15000,11520,0.0258801
Suite_15,Forward,0,866,1.25201,0.696551,0,0.192416,0.480096,1.954,511.772,15000,11648,0.0260957
Suite_15,Forward,0,867,1.25148,0.66775,0,0.19456,0.449856,1.96659,508.494,15000,11904,0.0268644
Suite_15,Forward,0,868,1.25198,0.675631,0,0.194592,0.45008,1.93681,516.313,15000,12160,0.0271451
Suite_15,Forward,0,869,1.25754,0.706469,0,0.196128,0.45056,1.9499,512.846,15000,12544,0.0277749
Suite_15,Forward,0,870,1.25568,0.661686,0,0.196608,0.48272,1.98759,503.123,15000,12672,0.0279392
Suite_15,Forward,0,871,1.25407,0.686143,0,0.2048,0.463552,1.93526,516.727,15000,13056,0.0285644
Suite_15,Forward,0,872,1.25612,0.691091,0,0.205088,0.461792,1.95844,510.609,15000,13440,0.0291709
Suite_15,Forward,0,873,1.26428,0.943384,0,0.339968,0.622816,1.9696,507.718,15000,13568,0.0295153
Suite_15,Forward,0,874,1.26458,0.721672,0,0.206784,0.487424,2.22873,448.686,15000,13696,0.0297133
Suite_15,Forward,0,875,1.26669,0.679805,0,0.207712,0.46512,2.00698,498.261,15000,13952,0.030326
Suite_15,Forward,0,876,1.26767,0.688218,0,0.208416,0.464896,1.96786,508.165,15000,14464,0.0309774
Suite_15,Forward,0,877,1.26365,0.66803,0,0.208896,0.466944,1.97678,505.873,15000,14720,0.0314205
Suite_15,Forward,0,878,1.26269,0.685007,0,0.210944,0.465184,1.95105,512.545,15000,15488,0.0329528
Suite_15,Forward,0,879,1.2714,0.691616,0,0.212128,0.468992,1.96669,508.47,15000,16000,0.0338691
Suite_15,Forward,0,880,1.27381,0.696765,0,0.212352,0.50272,1.98366,504.118,15000,16256,0.0344648
Suite_15,Forward,0,881,1.27172,0.684991,0,0.21504,0.495616,1.99127,502.193,15000,17152,0.0361189
Suite_15,Forward,0,882,1.27293,0.703582,0,0.213696,0.468448,1.9773,505.74,15000,17536,0.0367468
Suite_15,Forward,0,883,1.27896,0.691315,0,0.222944,0.480928,1.99781,500.548,15000,17792,0.0372241
Suite_15,Forward,0,884,1.28086,0.671938,0,0.224192,0.48128,1.99133,502.176,15000,18432,0.0388851
Suite_15,Forward,0,885,1.27498,0.66968,0,0.22528,0.483328,1.97466,506.417,15000,18688,0.0392926
Suite_15,Forward,0,886,1.28022,0.712248,0,0.227488,0.488192,1.96555,508.763,15000,19072,0.0397482
Suite_15,Forward,0,887,1.28898,0.706552,0,0.228512,0.519264,2.01456,496.387,15000,19968,0.041126
Suite_15,Forward,0,888,1.28475,0.707695,0,0.230048,0.514048,2.01699,495.788,15000,20096,0.0414741
Suite_15,Forward,0,889,1.28876,0.70946,0,0.23056,0.485376,2.01448,496.406,15000,20352,0.0421165
Suite_15,Forward,0,890,1.2983,0.700733,0,0.22448,0.480256,2.02255,494.426,15000,20864,0.0434211
Suite_15,Forward,0,891,1.29321,0.674127,0,0.223776,0.485376,2.02048,494.931,15000,20992,0.043908
Suite_15,Forward,0,892,1.28902,0.690105,0,0.223456,0.479232,1.98835,502.929,15000,21120,0.0443831
Suite_15,Forward,0,893,1.29904,0.767876,0,0.227328,0.484128,2.01841,495.439,15000,21504,0.0454285
Suite_15,Forward,0,894,1.30254,0.698031,0,0.237568,0.518848,2.09279,477.831,15000,22528,0.046512
Suite_15,Forward,0,895,1.29891,0.709315,0,0.235808,0.495616,2.0221,494.536,15000,23040,0.0482529
Suite_15,Forward,0,896,1.3016,0.695379,0,0.23632,0.495616,2.02965,492.695,15000,23296,0.048793
Suite_15,Forward,0,897,1.3091,0.723502,0,0.237056,0.495616,2.02226,494.496,15000,23936,0.0502502
Suite_15,Forward,0,898,1.30926,0.727102,0,0.238912,0.497696,2.05792,485.927,15000,24832,0.0519769
Suite_15,Forward,0,899,1.30612,0.708219,0,0.239616,0.49744,2.06232,484.891,15000,25472,0.0540338
Suite_15,Forward,0,900,1.315,0.712747,0,0.243328,0.49808,2.03886,490.47,15000,26368,0.0553917
Suite_15,Forward,0,901,1.3194,0.706598,0,0.243488,0.5056,2.05403,486.847,15000,27136,0.056576
Suite_15,Forward,0,902,1.3122,0.708107,0,0.251904,0.510432,2.0514,487.472,15000,27392,0.0570446
Suite_15,Forward,0,903,1.32221,0.730706,0,0.25376,0.512,2.04366,489.319,15000,28160,0.0584593
Suite_15,Forward,0,904,1.33281,0.728245,0,0.254176,0.545184,2.07904,480.992,15000,28544,0.0587493
Suite_15,Forward,0,905,1.33133,0.69633,0,0.260032,0.524768,2.08598,479.39,15000,29440,0.0601933
Suite_15,Forward,0,906,1.33249,0.723221,0,0.256032,0.510528,2.0522,487.282,15000,30720,0.0620202
Suite_15,Forward,0,907,1.34572,0.719332,0,0.263264,0.518336,2.08174,480.366,15000,31744,0.0648653
Suite_15,Forward,0,908,1.34493,0.690672,0,0.263936,0.520192,2.0903,478.4,15000,32384,0.0667051
Suite_15,Forward,0,909,1.3428,0.710533,0,0.262464,0.53904,2.06659,483.888,15000,33664,0.0691012
Suite_15,Forward,0,910,1.35175,0.736882,0,0.2744,0.53248,2.07937,480.915,15000,35200,0.0716977
Suite_15,Forward,0,911,1.35439,0.734899,0,0.27792,0.561408,2.11692,472.384,15000,35712,0.0726184
Suite_15,Forward,0,912,1.35649,0.703922,0,0.277568,0.536448,2.11577,472.641,15000,37120,0.0750655
Suite_15,Forward,0,913,1.36449,0.742368,0,0.292864,0.554944,2.0882,478.881,15000,38016,0.0773772
Suite_15,Forward,0,914,1.37314,0.747232,0,0.299008,0.585728,2.1378,467.77,15000,39296,0.0783116
Suite_15,Forward,0,915,1.37383,0.697945,0,0.309248,0.570528,2.14749,465.659,15000,40448,0.0815478
Suite_15,Forward,0,916,1.38966,0.810073,0,0.303072,0.561152,2.0992,476.371,15000,41472,0.0835448
Suite_15,Forward,0,917,1.39693,0.739614,0,0.308352,0.566592,2.23575,447.277,15000,42240,0.085204
Suite_15,Forward,0,918,1.38853,0.726225,0,0.308288,0.592,2.1675,461.36,15000,43264,0.0881701
Suite_15,Forward,0,919,1.38372,0.729279,0,0.310272,0.567296,2.14316,466.601,15000,44416,0.0903702
Suite_15,Forward,0,920,1.4066,0.878792,0,0.31488,0.571392,2.14222,466.807,15000,45312,0.0917496
Suite_15,Forward,0,921,1.43015,0.797596,0,0.319872,0.577472,2.32309,430.46,15000,46080,0.0932154
Suite_15,Forward,0,922,1.41898,0.794488,0,0.3208,0.575552,2.26177,442.131,15000,47232,0.0953545
Suite_15,Forward,0,923,1.42653,0.852646,0,0.33232,0.590272,2.25484,443.491,15000,48640,0.0987251
Suite_15,Forward,0,924,1.42892,0.751532,0,0.337152,0.59856,2.31272,432.391,15000,49408,0.100283
Suite_15,Forward,0,925,1.41177,0.880426,0,0.549696,0.829376,2.21288,451.9,15000,50176,0.101669
Suite_15,Forward,0,926,1.42744,0.775265,0,0.339936,0.595968,2.32766,429.616,15000,52352,0.105018
Suite_15,Forward,0,927,1.43231,0.727713,0,0.350208,0.610304,2.24015,446.399,15000,54016,0.107887
Suite_15,Forward,0,928,1.43194,0.726388,0,0.371456,0.631104,2.19213,456.177,15000,55424,0.110454
Suite_15,Forward,0,929,1.45251,0.772291,0,0.369312,0.624832,2.19203,456.198,15000,57728,0.114301
Suite_15,Forward,0,930,1.45283,0.75406,0,0.368352,0.628736,2.26317,441.859,15000,58880,0.116212
Suite_15,Forward,0,931,1.45119,0.731394,0,0.371392,0.649632,2.24108,446.214,15000,59904,0.117664
Suite_15,Forward,0,932,1.46927,0.739169,0,0.378752,0.634784,2.21644,451.175,15000,62976,0.122531
Suite_15,Forward,0,933,1.48135,0.71235,0,0.380928,0.667648,2.24826,444.789,15000,65280,0.126234
Suite_15,Forward,0,934,1.47423,3.08787,0,0.385024,0.642944,2.23113,448.204,15000,67200,0.129792
Suite_15,Forward,0,935,1.50965,0.705849,0,0.388544,0.649216,4.60504,217.154,15000,68480,0.134766
Suite_15,Forward,0,936,1.50242,0.721393,0,0.38896,0.648544,2.25363,443.728,15000,70912,0.139658
Suite_15,Forward,0,937,1.50453,0.720921,0,0.39504,0.653312,2.26589,441.328,15000,72448,0.142244
Suite_15,Forward,0,938,1.51159,0.69529,0,0.40368,0.70256,2.26813,440.892,15000,74496,0.145221
Suite_15,Forward,0,939,1.53795,0.731786,0,0.409472,0.670208,2.24777,444.886,15000,76800,0.150541
Suite_15,Forward,0,940,1.52748,0.769441,0,0.41344,0.669696,2.34207,426.973,15000,79488,0.156313
Suite_15,Forward,0,941,1.54204,0.766382,0,0.419648,0.68,2.34186,427.012,15000,81280,0.158748
Suite_15,Forward,0,942,1.53993,0.788456,0,0.424288,0.685856,2.35205,425.161,15000,82816,0.16253
Suite_15,Forward,0,943,1.5587,0.787679,0,0.431936,0.692256,2.37117,421.733,15000,84480,0.164887
Suite_15,Forward,0,944,1.56943,0.72553,0,0.436224,0.69424,2.39132,418.179,15000,86912,0.169243
Suite_15,Forward,0,945,1.56028,0.719592,0,0.43664,0.697344,2.34115,427.14,15000,88704,0.172704
Suite_15,Forward,0,946,1.57842,0.805131,0,0.442048,0.702336,2.32612,429.9,15000,91264,0.176182
Suite_15,Forward,0,947,1.59165,0.843104,0,0.466944,0.730656,2.43085,411.379,15000,93696,0.180378
Suite_15,Forward,0,948,1.59258,0.796528,0,0.454208,0.718944,2.48016,403.199,15000,96512,0.186247
Suite_15,Forward,0,949,1.61783,0.823585,0,0.463744,0.726688,2.44013,409.814,15000,98816,0.189702
Suite_15,Forward,0,950,1.61877,0.842046,0,0.482176,0.743872,2.50482,399.23,15000,102144,0.196432
Suite_15,Forward,0,951,1.61847,0.842007,0,0.499712,0.760672,2.51143,398.179,15000,103680,0.19887
Suite_15,Forward,0,952,1.63685,1.37314,0,0.504864,0.765952,2.51724,397.26,15000,105728,0.201307
Suite_15,Forward,0,953,1.64726,0.83902,0,0.527552,0.78896,3.0662,326.137,15000,108672,0.206674
Suite_15,Forward,0,954,1.66029,0.860978,0,0.532832,0.790592,2.53984,393.726,15000,111744,0.211405
Suite_15,Forward,0,955,1.67788,0.869211,0,0.5456,0.806432,2.58128,387.405,15000,114432,0.215886
Suite_15,Forward,0,956,1.68983,0.868962,0,0.55296,0.820192,2.60202,384.316,15000,117120,0.224231
Suite_15,Forward,0,957,1.70665,0.892586,0,0.557056,0.818144,2.62039,381.623,15000,120320,0.229469
Suite_15,Forward,0,958,1.70677,0.851535,0,0.575648,0.8368,2.65871,376.122,15000,123392,0.233394
Suite_15,Forward,0,959,1.72529,0.896968,0,0.573568,0.835584,2.61514,382.389,15000,127104,0.238406
Suite_15,Forward,0,960,1.73905,0.898433,0,0.577152,0.866048,2.68136,372.944,15000,129664,0.241359
Suite_15,Forward,0,961,1.72986,0.918217,0,0.723232,1.00566,2.6974,370.727,15000,132480,0.246179
Suite_15,Forward,0,962,1.75877,0.940536,0,0.591872,0.852416,2.70808,369.265,15000,137216,0.254105
Suite_15,Forward,0,963,1.78906,0.908979,0,0.597856,0.884736,2.76379,361.822,15000,142336,0.264259
Suite_15,Forward,0,964,1.8055,0.914398,0,0.601312,0.863616,2.76513,361.647,15000,146816,0.269664
Suite_15,Forward,0,965,1.81097,0.917152,0,0.610304,0.872768,2.79027,358.389,15000,149376,0.273327
Suite_15,Forward,0,966,1.81331,0.908886,0,0.61632,0.897888,2.8472,351.223,15000,151424,0.276724
Suite_15,Forward,0,967,1.8387,0.93475,0,0.618496,0.881152,2.78862,358.6,15000,154880,0.28241
Suite_15,Forward,0,968,1.84714,0.936446,0,0.64288,0.904704,2.84056,352.043,15000,158848,0.289356
Suite_15,Forward,0,969,1.83742,0.901167,0,0.656224,0.917632,2.85332,350.469,15000,162560,0.294484
Suite_15,Forward,0,970,1.88278,0.877617,0,0.67584,0.93872,2.81465,355.284,15000,167296,0.301596
Suite_15,Forward,0,971,1.87971,0.827122,0,0.811072,1.09795,2.83217,353.087,15000,170752,0.307306
Suite_15,Forward,0,972,1.89778,0.869675,0,0.688128,0.950272,2.77949,359.779,15000,172800,0.310073
Suite_15,Forward,0,973,1.9284,0.772491,0,0.717152,0.97888,2.85136,350.709,15000,177280,0.318161
Suite_15,Forward,0,974,1.92385,0.902417,0,0.723264,0.983328,2.78497,359.07,15000,181632,0.324193
Suite_15,Forward,0,975,1.95362,0.903105,0,0.730816,0.994848,2.91121,343.5,15000,187264,0.333341
Suite_15,Forward,0,976,1.95248,0.922299,0,0.738528,0.999424,2.93732,340.446,15000,190592,0.338211
Suite_15,Forward,0,977,1.98856,0.940911,0,0.745472,1.0081,2.96164,337.651,15000,195456,0.346368
Suite_15,Forward,0,978,1.99877,0.911981,0,0.77648,1.06445,3.01362,331.827,15000,199808,0.35283
Suite_15,Forward,0,979,2.01034,0.913534,0,0.790752,1.05062,2.9939,334.012,15000,204032,0.359225
Suite_15,Forward,0,980,2.03721,0.964951,0,1.24109,1.49741,3.00916,332.318,15000,209152,0.365563
Suite_15,Forward,0,981,2.03741,1.01557,0,0.824544,1.08742,3.09254,323.359,15000,213888,0.373155
Suite_15,Forward,0,982,2.0739,1.01652,0,0.842944,1.11002,3.14631,317.832,15000,219264,0.379196
Suite_15,Forward,0,983,2.10501,1.09983,0,0.845216,1.10954,3.18373,314.097,15000,224256,0.386136
Suite_15,Forward,0,984,2.11708,1.02032,0,0.883264,1.14483,3.31152,301.976,15000,227456,0.391631
Suite_15,Forward,0,985,2.12685,1.03139,0,0.9216,1.18374,3.23657,308.969,15000,232064,0.400918
Suite_15,Forward,0,986,2.16163,1.06885,0,0.964736,1.26349,3.25729,307.004,15000,237696,0.408094
Suite_15,Forward,0,987,2.17409,1.11528,0,1.85139,2.1096,3.33088,300.221,15000,241536,0.412907
Suite_15,Forward,0,988,2.19648,1.06778,0,0.988576,1.25165,3.39345,294.686,15000,247808,0.422379
Suite_15,Forward,0,989,2.20736,1.09519,0,1.02813,2.79206,3.36635,297.057,15000,252672,0.430066
Suite_15,Forward,0,990,2.24047,1.40489,0,1.04454,1.3423,3.41272,293.021,15000,257920,0.437178
Suite_15,Forward,0,991,2.26366,1.09305,0,1.06752,2.83923,3.75145,266.564,15000,264064,0.444048
Suite_15,Forward,0,992,2.27707,1.16186,0,1.11411,1.4256,3.46289,288.776,15000,268544,0.450072
Suite_15,Forward,0,993,2.27453,1.13444,0,1.72442,1.98694,3.54902,281.768,15000,272768,0.455574
Suite_15,Forward,0,994,2.3032,1.05312,0,1.17872,1.4655,3.52032,284.065,15000,278400,0.465853
Suite_15,Forward,0,995,2.31513,1.05521,0,1.20013,2.9737,3.46638,288.485,15000,283776,0.473128
Suite_15,Forward,0,996,2.35161,1.07428,0,1.26291,1.55869,3.4851,286.936,15000,289664,0.479667
Suite_15,Forward,0,997,2.37286,0.967819,0,2.79533,3.0584,3.54938,281.74,15000,296448,0.489586
Suite_15,Forward,0,998,2.39623,1.15898,0,1.43475,1.72902,3.46757,288.386,15000,302336,0.499368
Suite_15,Forward,0,999,2.39933,1.15248,0,1.43952,1.7025,3.68064,271.692,15000,306688,0.505546
Suite_15,Forward,0,1000,2.44273,1.14202,0,1.95171,2.2121,3.67177,272.348,15000,314112,0.51567
Suite_15,Forward,0,1001,2.45006,1.17947,0,1.51498,1.78016,3.71122,269.453,15000,320512,0.523739
Suite_15,Forward,0,1002,2.47521,1.14945,0,1.9927,2.26246,3.75786,266.109,15000,326528,0.532035
Suite_15,Forward,0,1003,2.50099,1.13577,0,3.0041,3.26896,3.74883,266.75,15000,331904,0.540298
Suite_15,Forward,0,1004,2.52452,1.15661,0,2.11642,2.38182,3.76394,265.679,15000,338176,0.549927
Suite_15,Forward,0,1005,2.54471,1.22471,0,1.53786,1.80208,3.8206,261.739,15000,345472,0.559512
Suite_15,Forward,0,1006,2.57656,1.18948,0,1.76186,2.0248,3.90302,256.212,15000,352512,0.570754
Suite_15,Forward,0,1007,2.59965,1.2339,0,1.59334,1.88755,3.90651,255.983,15000,358144,0.578923
Suite_15,Forward,0,1008,2.62622,1.23541,0,2.19536,2.45808,3.97423,251.621,15000,365184,0.588259
Suite_15,Forward,0,1009,2.63564,1.21549,0,2.19408,2.4576,4.01136,249.292,15000,371840,0.60032
Suite_15,Forward,0,1010,2.65188,1.26728,0,1.80429,2.06797,4.00171,249.893,15000,377216,0.607228
Suite_15,Forward,0,1011,2.70171,1.17109,0,2.34768,2.61222,4.07034,245.68,15000,384384,0.620871
Suite_15,Forward,0,1012,2.71565,1.02024,0,3.30403,3.56509,4.03115,248.068,15000,390016,0.631366
Suite_15,Forward,0,1013,2.74709,1.13196,0,1.7928,2.05837,3.89033,257.047,15000,395904,0.640883
Suite_15,Forward,0,1014,2.76408,0.908028,0,1.83296,2.09648,4.03447,247.864,15000,402944,0.649016
Suite_15,Forward,0,1015,2.77355,0.970564,0,2.04445,2.30758,3.83504,260.754,15000,410112,0.660323
Suite_15,Forward,0,1016,2.80936,1.02097,0,2.54397,2.84877,3.90671,255.97,15000,416896,0.671378
Suite_15,Forward,0,1017,2.82781,0.935012,0,3.51114,3.79344,3.99406,250.372,15000,423424,0.681921
Suite_15,Forward,0,1018,2.83978,1.91677,0,2.576,2.85933,3.92113,255.029,15000,430464,0.694835
Suite_15,Forward,0,1019,2.87698,0.982834,0,2.05005,2.8713,4.93145,202.78,15000,436736,0.70706
Suite_15,Forward,0,1020,2.94151,1.02561,0,3.58778,3.85453,4.03002,248.138,15000,444416,0.717501
Suite_15,Forward,0,1021,2.93666,0.992231,0,2.69907,2.97984,4.14651,241.167,15000,451200,0.727004
Suite_15,Forward,0,1022,2.9641,1.00294,0,3.62771,3.91923,4.20349,237.897,15000,458368,0.74006
Suite_15,Forward,0,1023,2.98088,3.37398,0,2.15328,2.41904,4.14645,241.17,15000,465280,0.753524
Suite_15,Forward,0,1024,3.02511,0.987482,0,2.8592,3.12,6.53668,152.983,15000,473344,0.766988
Suite_15,Forward,0,1025,3.05485,1.64429,0,2.23344,3.07933,4.20213,237.975,15000,480768,0.779849
Suite_15,Forward,0,1026,3.04627,0.977221,0,3.79856,4.08333,4.90399,203.916,15000,487040,0.791218
Suite_15,Forward,0,1027,3.06417,1.61642,0,2.94912,3.24182,4.20983,237.539,15000,494592,0.805351
Suite_15,Forward,0,1028,3.10649,0.995992,0,2.31834,3.15795,5.17246,193.331,15000,502144,0.81653
Suite_15,Forward,0,1029,3.12793,1.43346,0,2.49795,2.76141,4.29471,232.845,15000,510208,0.828967
Suite_15,Forward,0,1030,3.16052,1.41751,0,3.51834,3.78093,4.75066,210.497,15000,516480,0.840035
Suite_15,Forward,0,1031,3.19776,1.46664,0,3.06586,3.32454,4.76886,209.694,15000,525312,0.860066
Suite_15,Forward,0,1032,3.22651,1.44404,0,2.44368,2.73091,4.86783,205.43,15000,533632,0.870612
Suite_15,Forward,0,1033,3.24851,1.46956,0,2.69299,2.95635,4.87663,205.06,15000,540928,0.881265
Suite_15,Forward,0,1034,3.28529,1.45144,0,3.1279,3.38634,4.92802,202.921,15000,548736,0.893607
Suite_15,Forward,0,1035,3.30075,1.45535,0,3.19587,3.45667,4.94015,202.423,15000,555520,0.904876
Suite_15,Forward,0,1036,3.32304,1.55459,0,2.64275,2.93478,4.96687,201.334,15000,562048,0.915635
Suite_15,Forward,0,1037,3.35044,1.38306,0,3.31078,3.57296,5.58061,179.192,15000,569216,0.925575
Suite_15,Forward,0,1038,3.39781,1.51207,0,3.25222,4.14218,4.95087,201.985,15000,578944,0.940298
Suite_15,Forward,0,1039,3.40536,1.50861,0,2.95082,5.7505,5.12827,194.998,15000,586752,0.951137
Suite_15,Forward,0,1040,3.43004,1.76384,0,2.84483,3.13578,5.13128,194.883,15000,593664,0.962564
Suite_15,Forward,0,1041,3.46753,1.55978,0,4.91504,5.79869,5.62171,177.882,15000,601344,0.975407
Suite_15,Forward,0,1042,3.48883,2.95147,0,3.57888,3.86458,5.2521,190.4,15000,608256,0.985611
Suite_15,Forward,0,1043,3.53103,1.58516,0,4.07101,4.45923,6.7688,147.737,15000,617856,0.998243
Suite_15,Forward,0,1044,3.55124,1.5628,0,5.78022,6.0416,5.35903,186.601,15000,626048,1.00856
Suite_15,Forward,0,1045,3.57868,1.62659,0,3.0967,3.94227,5.34885,186.956,15000,633344,1.01745
Suite_15,Forward,0,1046,3.61013,1.56162,0,3.2521,4.07347,6.00129,166.631,15000,640640,1.03124
Suite_15,Forward,0,1047,3.62712,1.60751,0,3.87277,4.29056,5.41491,184.675,15000,647296,1.04196
Suite_15,Forward,0,1048,3.65362,1.52037,0,3.95062,4.20861,5.63328,177.516,15000,654080,1.05197
Suite_15,Forward,0,1049,3.68803,2.0213,0,4.49587,4.78618,5.41399,184.707,15000,661888,1.06934
Suite_15,Forward,0,1050,3.73368,1.60172,0,3.95674,4.87014,5.95143,168.027,15000,671872,1.0852
Suite_15,Forward,0,1051,3.74466,2.35122,0,3.43859,4.28125,5.58008,179.209,15000,679424,1.09697
Suite_15,Forward,0,1052,3.76944,1.63694,0,4.12688,6.42723,6.54458,152.798,15000,686208,1.11147
Suite_15,Forward,0,1053,3.79109,1.66297,0,3.53939,3.83994,5.6715,176.32,15000,693120,1.12252
Suite_15,Forward,0,1054,3.81528,1.66576,0,4.8432,5.10157,5.97349,167.406,15000,700800,1.13609
Suite_15,Forward,0,1055,3.84513,1.69324,0,4.82099,5.08323,5.7489,173.946,15000,708992,1.15231
Suite_15,Forward,0,1056,3.87677,1.84826,0,4.23206,5.16026,5.79953,172.428,15000,715392,1.16386
Suite_15,Forward,0,1057,3.90357,4.10575,0,6.22701,7.17382,5.98692,167.031,15000,723584,1.17893
Suite_15,Forward,0,1058,3.94902,1.73681,0,4.87011,5.2407,8.28754,120.663,15000,731904,1.19215
Suite_15,Forward,0,1059,3.99127,1.90336,0,4.37862,4.66739,5.94968,168.076,15000,741632,1.20564
Suite_15,Forward,0,1060,3.99812,1.71364,0,4.43824,5.3288,6.20629,161.127,15000,750080,1.21874
Suite_15,Forward,0,1061,4.02718,2.74036,0,3.88877,4.75136,5.99685,166.754,15000,758656,1.23214
Suite_15,Forward,0,1062,4.05341,1.70846,0,4.53456,5.41702,7.05727,141.698,15000,766080,1.24475
Suite_15,Forward,0,1063,4.07442,2.11811,0,4.51792,4.80461,6.04375,165.46,15000,773376,1.25692
Suite_15,Forward,0,1064,4.10746,1.76737,0,4.08762,4.91715,7.09057,141.032,15000,781952,1.27427
Suite_15,Forward,0,1065,4.13991,1.81359,0,5.35312,5.63846,6.17951,161.825,15000,791552,1.28631
Suite_15,Forward,0,1066,4.16885,1.79091,0,4.25933,5.13395,6.60842,151.322,15000,798208,1.29794
Suite_15,Forward,0,1067,4.19864,2.85635,0,5.41392,5.70787,6.24673,160.084,15000,806016,1.31484
Suite_15,Forward,0,1068,4.21458,1.7655,0,4.27418,5.1465,7.39729,135.185,15000,814080,1.32712
Suite_15,Forward,0,1069,4.24973,2.25093,0,5.48304,5.77088,6.2835,159.147,15000,822400,1.34312
Suite_15,Forward,0,1070,4.28077,1.80299,0,4.38886,5.25309,7.55767,132.316,15000,831744,1.35886
Suite_15,Forward,0,1071,4.33022,2.19081,0,5.6744,5.96086,6.38224,156.685,15000,841472,1.37616
Suite_15,Forward,0,1072,4.34045,1.90113,0,4.54451,5.39853,7.64325,130.834,15000,848128,1.39096
Suite_15,Forward,0,1073,4.38553,2.31644,0,5.69651,6.00979,6.5604,152.43,15000,855936,1.40117
Suite_15,Forward,0,1074,4.39312,1.91577,0,5.13411,5.98854,7.79464,128.293,15000,862208,1.41494
Suite_15,Forward,0,1075,4.42601,2.82961,0,5.10765,5.40576,6.61651,151.137,15000,870272,1.42811
Suite_15,Forward,0,1076,4.45092,1.86996,0,5.23056,6.1399,8.37365,119.422,15000,879232,1.4419
Suite_15,Forward,0,1077,4.4858,2.01372,0,5.96662,6.26381,6.65653,150.228,15000,889088,1.45341
Suite_15,Forward,0,1078,4.52097,2.51299,0,6.03546,6.32445,7.95737,125.67,15000,897280,1.46784
Suite_15,Forward,0,1079,4.55084,2.47542,0,6.04458,6.33894,8.20236,121.916,15000,905088,1.47729
Suite_15,Forward,0,1080,4.57352,1.93803,0,5.59555,5.88832,8.41364,118.855,15000,912384,1.49049
Suite_15,Forward,0,1081,4.58865,2.76831,0,5.54493,5.84067,6.85638,145.85,15000,920320,1.50472
Suite_15,Forward,0,1082,4.62467,4.29632,0,5.96333,6.22586,8.88271,112.578,15000,927872,1.51723
Suite_15,Forward,0,1083,4.65498,1.98504,0,7.63235,7.92336,9.26977,107.878,15000,935552,1.5314
Suite_15,Forward,0,1084,4.67569,2.055,0,6.19315,6.49126,7.01282,142.596,15000,942208,1.54185
Suite_15,Forward,0,1085,4.69322,2.48741,0,5.56237,5.84886,8.27074,120.908,15000,948608,1.55652
Suite_15,Forward,0,1086,4.73613,2.00813,0,6.26352,6.57376,8.41134,118.887,15000,957312,1.5701
Suite_15,Forward,0,1087,4.74537,2.74098,0,5.03293,5.8912,7.10117,140.822,15000,964736,1.58544
Suite_15,Forward,0,1088,4.77798,2.00253,0,6.46918,6.75926,8.88118,112.598,15000,972544,1.59984
Suite_15,Forward,0,1089,4.79287,2.60571,0,6.32659,6.62352,7.13466,140.161,15000,979328,1.61431
Suite_15,Forward,0,1090,4.82086,2.00699,0,7.95034,8.23606,9.15471,109.233,15000,985984,1.62658
Suite_15,Forward,0,1091,4.85279,3.41818,0,6.38714,6.70064,7.32215,136.572,15000,992896,1.63797
Suite_15,Forward,0,1092,4.87187,2.93807,0,5.7897,6.08256,8.63929,115.75,15000,1000064,1.65375
Suite_15,Forward,0,1093,4.90124,2.09984,0,7.98733,8.28234,9.20388,108.65,15000,1007872,1.66782
Suite_15,Forward,0,1094,4.93079,3.33225,0,6.50128,6.78966,7.88518,126.82,15000,1014144,1.67595
Suite_15,Forward,0,1095,4.94448,2.04447,0,8.08262,8.39162,8.8414,113.104,15000,1021696,1.68733
Suite_15,Forward,0,1096,4.9764,3.45243,0,6.11328,6.40602,7.39884,135.156,15000,1028480,1.7027
Suite_15,Forward,0,1097,4.99634,3.61567,0,6.21443,6.50259,8.81074,113.498,15000,1035136,1.71702
Suite_15,Forward,0,1098,5.02186,2.13865,0,8.15514,8.44234,9.9583,100.419,15000,1040768,1.7206
Suite_15,Forward,0,1099,5.04365,3.5296,0,6.67091,6.9673,7.59097,131.735,15000,1046912,1.73517
Suite_15,Forward,0,1100,5.06122,2.96012,0,6.21158,7.09837,8.96388,111.559,15000,1054464,1.74631
Suite_15,Forward,0,1101,5.08336,2.1451,0,6.80038,9.17126,9.45664,105.746,15000,1059968,1.75307
Suite_15,Forward,0,1102,5.09844,2.58178,0,6.78912,7.20486,7.62312,131.18,15000,1065344,1.76502
Suite_15,Forward,0,1103,5.12172,4.51477,0,8.3816,9.20883,9.52929,104.94,15000,1070720,1.77558
Suite_15,Forward,0,1104,5.13811,2.14112,0,7.06544,9.46128,10.02,99.8007,15000,1074688,1.78048
Suite_15,Forward,0,1105,5.17259,2.56942,0,6.9737,7.39754,7.66986,130.38,15000,1081728,1.79663
Suite_15,Forward,0,1106,5.18417,2.15767,0,8.74288,9.59424,9.6472,103.657,15000,1087616,1.80954
Suite_15,Forward,0,1107,5.20073,4.40934,0,7.29882,9.68848,7.98522,125.231,15000,1093632,1.81745
Suite_15,Forward,0,1108,5.21724,2.87572,0,7.15466,7.57622,10.0214,99.786,15000,1099264,1.82698
Suite_15,Forward,0,1109,5.28327,2.23802,0,9.50515,9.79354,10.1678,98.3501,15000,1104896,1.84061
Suite_15,Forward,0,1110,5.26253,2.95185,0,7.19258,8.12973,8.14073,122.839,15000,1109504,1.85246
Suite_15,Forward,0,1111,5.27206,2.23424,0,7.38496,7.6759,10.2168,97.8776,15000,1115008,1.86724
Suite_15,Forward,0,1112,5.29773,3.51139,0,7.44243,10.2778,8.61412,116.089,15000,1120000,1.87913
Suite_15,Forward,0,1113,5.3097,3.67055,0,7.47059,7.76867,9.61757,103.976,15000,1125632,1.88817
Suite_15,Forward,0,1114,5.3306,2.25435,0,7.56579,9.36822,10.7284,93.2103,15000,1130880,1.90527
Suite_15,Forward,0,1115,5.34635,4.06047,0,7.62758,8.48202,8.23297,121.463,15000,1135616,1.92303
Suite_15,Forward,0,1116,5.3621,2.28703,0,9.79478,10.0845,9.81481,101.887,15000,1140224,1.92984
Suite_15,Forward,0,1117,5.37562,4.18391,0,7.61146,10.4561,8.93394,111.933,15000,1145088,1.93795
Suite_15,Forward,0,1118,5.4043,3.57418,0,7.71792,8.00768,10.5604,94.693,15000,1149056,1.95119
Suite_15,Forward,0,1119,5.41772,2.27284,0,9.29178,9.58538,11.0099,90.8274,15000,1155072,1.95236
Suite_15,Forward,0,1120,5.42771,4.11801,0,7.68006,8.61606,8.46636,118.114,15000,1158528,1.96342
Suite_15,Forward,0,1121,5.45179,2.42158,0,9.31872,9.61741,10.0285,99.7156,15000,1164288,1.97697
Suite_15,Forward,0,1122,5.46326,4.63493,0,10.455,10.7536,9.74661,102.6,15000,1168896,1.98968
Suite_15,Forward,0,1123,5.49411,3.65187,0,7.88077,8.30784,10.5094,95.1529,15000,1174784,2.00433
Suite_15,Forward,0,1124,5.49756,2.31152,0,9.9312,10.7907,10.7924,92.6578,15000,1179776,2.02008
Suite_15,Forward,0,1125,5.51525,4.86351,0,9.38234,9.68144,8.95003,111.731,15000,1184512,2.02418
Suite_15,Forward,0,1126,5.533,2.58021,0,7.30483,8.16384,11.2308,89.0405,15000,1188480,2.03155
Suite_15,Forward,0,1127,5.55393,2.33571,0,9.98141,10.4489,10.1406,98.6136,15000,1193600,2.05123
Suite_15,Forward,0,1128,5.57399,4.14247,0,10.6839,10.9831,9.32002,107.296,15000,1198208,2.06537
Suite_15,Forward,0,1129,5.58277,3.86603,0,8.0864,8.50534,10.8323,92.3168,15000,1201920,2.08222
Suite_15,Forward,0,1130,5.59507,2.34369,0,10.1474,11.0019,11.4637,87.2316,15000,1206400,2.09635
Suite_15,Forward,0,1131,5.61257,4.92923,0,9.75216,10.0533,9.13001,109.529,15000,1210752,2.11235
Suite_15,Forward,0,1132,5.62173,2.88071,0,7.73389,9.1183,11.4226,87.5459,15000,1215232,2.12717
Suite_15,Forward,0,1133,5.63969,2.54816,0,9.78378,10.1947,10.5629,94.6711,15000,1218688,2.13364
Suite_15,Forward,0,1134,5.65552,3.14097,0,10.9117,11.211,10.2067,97.9752,15000,1222144,2.14502
Suite_15,Forward,0,1135,5.6669,3.96025,0,8.35584,10.6809,10.6665,93.7514,15000,1228032,2.15984
Suite_15,Forward,0,1136,5.68168,3.54101,0,8.97434,9.40442,11.6571,85.7845,15000,1231360,2.17238
Suite_15,Forward,0,1137,5.68799,2.42937,0,10.4625,10.7632,11.296,88.5266,15000,1233280,2.1825
Suite_15,Forward,0,1138,5.69902,4.14741,0,9.91578,10.326,9.82055,101.827,15000,1236096,2.19884
Suite_15,Forward,0,1139,5.73303,4.75899,0,9.04189,11.408,11.27,88.7311,15000,1239936,2.21281
Suite_15,Forward,0,1140,5.75392,5.37439,0,8.42784,8.71782,11.4284,87.5017,15000,1244160,2.2295
Suite_15,Forward,0,1141,5.7376,2.35849,0,8.48077,10.8476,11.7983,84.758,15000,1246976,2.24236
Suite_15,Forward,0,1142,5.74413,5.33118,0,8.4279,8.73658,9.20454,108.642,15000,1249664,2.25647
Suite_15,Forward,0,1143,5.76006,2.38564,0,9.12957,11.4965,11.8552,84.351,15000,1250816,2.26302
Suite_15,Forward,0,1144,5.75927,5.38592,0,8.48691,9.33888,9.19133,108.798,15000,1251712,2.26814
Suite_15,Forward,0,1145,5.76959,2.41276,0,8.5312,10.9102,11.8591,84.3237,15000,1253888,2.27913
Suite_15,Forward,0,1146,5.77163,4.30415,0,8.54253,9.3975,9.79258,102.118,15000,1254656,2.2878
Suite_15,Forward,0,1147,5.79029,2.44049,0,10.0741,10.5391,11.3401,88.1827,15000,1256064,2.29599
Suite_15,Forward,0,1148,5.78903,4.47467,0,8.5975,11.4438,9.88775,101.135,15000,1258112,2.31319
Suite_15,Forward,0,1149,5.79897,3.97993,0,8.65395,8.95174,11.6166,86.0834,15000,1260672,2.32563
Suite_15,Forward,0,1150,5.80259,2.43438,0,9.17338,11.5436,11.8706,84.2421,15000,1261696,2.33797
Suite_15,Forward,0,1151,5.80352,5.39285,0,8.55142,8.84192,9.35627,106.88,15000,1264000,2.34802
Suite_15,Forward,0,1152,5.81607,2.40883,0,8.6487,11.0264,11.996,83.3613,15000,1264512,2.33293
Suite_15,Forward,0,1153,5.81062,5.45345,0,8.87187,11.7005,9.32729,107.212,15000,1265152,2.34252
Suite_15,Forward,0,1154,5.82441,4.22084,0,8.73923,9.03747,12.0597,82.9205,15000,1267072,2.35751
Suite_15,Forward,0,1155,5.82445,4.94398,0,9.17149,11.5152,12.145,82.3383,15000,1267968,2.37196
Suite_15,Forward,0,1156,5.85267,2.65276,0,8.56365,8.86022,11.2312,89.0378,15000,1269376,2.37648
Suite_15,Forward,0,1157,5.84318,2.42189,0,8.70336,11.0692,10.6286,94.086,15000,1270400,2.38542
Suite_15,Forward,0,1158,5.83512,5.40218,0,8.8841,11.7289,9.38934,106.504,15000,1270784,2.39955
Suite_15,Forward,0,1159,5.84601,4.17974,0,8.8049,9.09837,12.0626,82.9007,15000,1272064,2.40164
Suite_15,Forward,0,1160,5.85587,2.42469,0,8.74522,11.5855,12.1307,82.4354,15000,1272320,2.40562
Suite_15,Forward,0,1161,5.84659,5.18172,0,8.73232,9.02134,9.57918,104.393,15000,1273088,2.42039
Suite_15,Forward,0,1162,5.84407,2.41377,0,8.79821,11.1615,11.9992,83.3386,15000,1273088,2.43263
Suite_15,Forward,0,1163,5.84776,5.35748,0,9.02554,11.8538,9.52331,105.005,15000,1272448,2.4399
Suite_15,Forward,0,1164,5.84607,4.33548,0,8.88013,9.17059,12.183,82.0818,15000,1272832,2.45064
Suite_15,Forward,0,1165,5.85665,2.44065,0,8.91264,11.7555,12.2809,81.4273,15000,1273600,2.44054
Suite_15,Forward,0,1166,5.88414,5.35338,0,8.83318,9.11942,9.58661,104.312,15000,1273088,2.45454
Suite_15,Forward,0,1167,5.86886,2.46142,0,8.94826,11.3308,12.208,81.9137,15000,1273856,2.47387
Suite_15,Forward,0,1168,5.86308,5.43902,0,9.10173,11.9584,9.65759,103.546,15000,1272960,2.47507
Suite_15,Forward,0,1169,5.85072,4.40465,0,8.94541,9.23648,12.3111,81.2277,15000,1270528,2.4784
Suite_15,Forward,0,1170,5.85341,2.42591,0,10.9609,11.4292,12.3655,80.8699,15000,1269760,2.4852
Suite_15,Forward,0,1171,5.8489,5.52055,0,11.4751,11.7617,9.66161,103.502,15000,1268736,2.49202
Suite_15,Forward,0,1172,5.87288,4.90247,0,9.04602,9.4695,12.4613,80.2483,15000,1268736,2.51051
Suite_15,Forward,0,1173,5.85647,2.4581,0,11.6176,11.9153,12.2253,81.7978,15000,1269248,2.51842
Suite_15,Forward,0,1174,5.85635,4.89593,0,9.0665,11.8875,10.1666,98.3616,15000,1266560,2.52446
Suite_15,Forward,0,1175,5.8508,4.33013,0,8.97638,9.27008,12.2848,81.4014,15000,1267200,2.5359
Suite_15,Forward,0,1176,5.8573,2.42753,0,11.5829,11.8702,12.3196,81.1711,15000,1267328,2.55657
Suite_15,Forward,0,1177,5.85101,5.37615,0,9.12701,11.9644,9.7009,103.083,15000,1267456,2.57985
Suite_15,Forward,0,1178,5.8539,4.51436,0,9.2616,9.68499,12.3369,81.0579,15000,1266432,2.57705
Suite_15,Forward,0,1179,5.85397,2.46162,0,11.5471,11.8333,12.5391,79.7508,15000,1265408,2.58758
Suite_15,Forward,0,1180,5.86006,4.85456,0,9.05357,11.874,10.1232,98.7827,15000,1264256,2.60694
Suite_15,Forward,0,1181,5.83849,4.31211,0,9.06611,9.3609,12.2347,81.7349,15000,1261696,2.62522
Suite_15,Forward,0,1182,5.84496,2.42857,0,9.47965,11.8524,12.308,81.2481,15000,1261056,2.65155
Suite_15,Forward,0,1183,5.83462,5.14769,0,9.18451,12.0153,9.89103,101.102,15000,1259136,2.59139
Suite_15,Forward,0,1184,5.84948,4.39285,0,9.0153,9.30406,12.307,81.2547,15000,1258496,2.59553
Suite_15,Forward,0,1185,5.83031,2.45521,0,9.45091,11.8396,12.4314,80.4412,15000,1256320,2.57904
Suite_15,Forward,0,1186,5.82375,5.25183,0,8.79821,9.11366,9.78193,102.229,15000,1255040,2.58904
Suite_15,Forward,0,1187,5.81954,2.40805,0,8.99277,11.3562,12.2427,81.6816,15000,1252736,2.54944
Suite_15,Forward,0,1188,5.82015,5.94893,0,9.13408,11.9842,9.57342,104.456,15000,1251968,2.55439
Suite_15,Forward,0,1189,5.82147,6.06476,0,8.8791,9.17494,12.4388,80.3937,15000,1249152,2.5637
Suite_15,Forward,0,1190,5.80728,2.41769,0,10.9036,11.3747,12.3555,80.9357,15000,1246464,2.57012
Suite_15,Forward,0,1191,5.80247,4.28257,0,8.88064,11.7105,10.221,97.8377,15000,1244800,2.59163
Suite_15,Forward,0,1192,5.81448,4.13394,0,8.99034,9.27744,11.7767,84.9138,15000,1242240,2.48163
Suite_15,Forward,0,1193,5.79537,2.41149,0,9.38922,11.7572,12.1778,82.1165,15000,1239552,2.49069
Suite_15,Forward,0,1194,5.78305,5.17574,0,8.85555,9.14934,9.71093,102.977,15000,1238528,2.44614
Suite_15,Forward,0,1195,5.77742,2.42069,0,8.81869,11.1897,12.136,82.3993,15000,1235840,2.4454
Suite_15,Forward,0,1196,5.79845,4.27851,0,9.08326,11.9276,10.2012,98.0281,15000,1234688,2.44504
Suite_15,Forward,0,1197,5.78816,4.2946,0,8.91085,9.19853,11.7548,85.0713,15000,1233280,2.42994
Suite_15,Forward,0,1198,5.79037,2.46745,0,10.8401,11.3005,12.3287,81.1115,15000,1230720,2.40972
Suite_15,Forward,0,1199,5.79558,5.36592,0,8.91008,11.7391,9.69627,103.132,15000,1227264,2.41849
Suite_15,Forward,0,1200,5.74611,4.14481,0,8.84957,9.14243,12.2982,81.3129,15000,1223680,2.40779
Suite_15,Forward,0,1201,5.73732,2.38961,0,9.2969,11.676,12.1319,82.4272,15000,1220224,2.42257
Suite_15,Forward,0,1202,5.7385,5.20921,0,8.98458,11.2957,9.61102,104.047,15000,1218816,2.43386
Suite_15,Forward,0,1203,5.72616,3.7726,0,9.35114,9.77091,12.1319,82.4275,15000,1215616,2.44748
Suite_15,Forward,0,1204,5.71991,2.40131,0,9.27258,10.1888,11.7221,85.309,15000,1212288,2.44239
Suite_15,Forward,0,1205,5.70859,17.345,0,19.71,20.5332,10.2479,97.5805,15000,1208704,2.45077
Suite_15,Forward,0,1206,5.69995,2.32936,0,10.198,11.11,23.4992,42.5547,15000,1205888,2.46806
Suite_15,Forward,0,1207,5.69276,4.53807,0,8.68848,9.11565,9.61727,103.98,15000,1203072,2.46841
Suite_15,Forward,0,1208,5.69191,2.39132,0,10.7907,11.7193,11.5223,86.7885,15000,1201408,2.44621
Suite_15,Forward,0,1209,5.68428,4.6891,0,10.1417,10.5686,10.1586,98.4387,15000,1198720,2.45024
Suite_15,Forward,0,1210,5.68614,3.08678,0,8.5807,10.9543,12.1406,82.3684,15000,1196416,2.43626
Suite_15,Forward,0,1211,5.70347,4.00991,0,8.71392,11.5488,11.0235,90.7151,15000,1193856,2.45572
Suite_15,Forward,0,1212,5.7128,4.00701,0,8.51638,8.80368,11.957,83.6333,15000,1190784,2.46704
Suite_15,Forward,0,1213,5.72675,2.38277,0,8.43565,11.264,11.9631,83.5901,15000,1187200,2.46953
Suite_15,Forward,0,1214,5.69061,5.1947,0,8.60339,9.02205,9.29283,107.61,15000,1182720,2.46164
Suite_15,Forward,0,1215,5.70015,2.32965,0,10.4878,11.3403,11.7518,85.0932,15000,1180800,2.48628
Suite_15,Forward,0,1216,5.67469,5.01119,0,8.38314,10.1977,9.41304,106.236,15000,1177728,2.51187
Suite_15,Forward,0,1217,5.6691,2.76004,0,9.08288,10.0187,11.7612,85.025,15000,1174400,2.50503
Suite_15,Forward,0,1218,5.66809,2.49952,0,9.95475,10.812,10.7043,93.4207,15000,1171712,2.50633
Suite_15,Forward,0,1219,5.66574,3.81177,0,9.77776,10.2424,10.4112,96.0501,15000,1168512,2.51658
Suite_15,Forward,0,1220,5.62986,3.43481,0,8.32992,11.1657,11.2771,88.6755,15000,1166208,2.29344
Suite_15,Forward,0,1221,5.63027,3.71101,0,8.31334,8.60093,11.3086,88.4284,15000,1161856,2.27802
Suite_15,Forward,0,1222,5.63742,3.38663,0,8.26365,11.0925,11.6134,86.1073,15000,1159040,2.23026
Suite_15,Forward,0,1223,5.61418,3.66963,0,8.4263,8.84163,9.50831,105.171,15000,1156352,2.21012
Suite_15,Forward,0,1224,5.61808,2.30102,0,10.426,11.2832,11.5046,86.9218,15000,1153152,2.21243
Suite_15,Forward,0,1225,5.58027,5.06335,0,8.16835,9.98659,9.29562,107.578,15000,1149312,2.21618
Suite_15,Forward,0,1226,5.58099,2.60543,0,8.93382,9.86176,11.686,85.5724,15000,1145600,2.22679
Suite_15,Forward,0,1227,5.58699,2.50228,0,9.68704,9.99629,10.4457,95.7333,15000,1140992,2.21255
Suite_15,Forward,0,1228,5.56359,2.86295,0,8.21645,10.5901,10.2728,97.3449,15000,1136384,2.19916
Suite_15,Forward,0,1229,5.51744,3.8699,0,8.27446,10.6024,10.469,95.5198,15000,1132416,2.1709
Suite_15,Forward,0,1230,5.53287,3.21809,0,8.68941,9.11661,11.5759,86.3863,15000,1128576,2.17031
Suite_15,Forward,0,1231,5.5168,2.32893,0,8.12646,8.97827,11.0371,90.6032,15000,1124224,2.17882
Suite_15,Forward,0,1232,5.51268,4.0542,0,10.1718,10.6484,9.54967,104.716,15000,1119872,2.15547
Suite_15,Forward,0,1233,5.49,3.30857,0,8.09779,10.9346,10.9525,91.303,15000,1116672,2.17085
Suite_15,Forward,0,1234,5.48807,3.64344,0,7.99651,8.42326,11.0643,90.3806,15000,1112576,2.15516
Suite_15,Forward,0,1235,5.43407,2.28575,0,9.66246,10.5137,11.371,87.9432,15000,1108992,2.15332
Suite_15,Forward,0,1236,5.43391,4.38564,0,8.66099,10.4652,9.08372,110.087,15000,1105792,2.16483
Suite_15,Forward,0,1237,5.41803,3.20355,0,7.4111,8.27837,10.8889,91.8368,15000,1102976,2.18005
Suite_15,Forward,0,1238,5.41366,2.27075,0,10.2941,10.594,10.9135,91.63,15000,1099264,2.18711
Suite_15,Forward,0,1239,5.38713,4.14764,0,8.05318,10.9008,9.42225,106.132,15000,1095424,2.19562
Suite_15,Forward,0,1240,5.37235,3.66883,0,7.90528,8.32922,10.9748,91.1179,15000,1091456,2.17241
Suite_15,Forward,0,1241,5.37076,5.63851,0,9.51117,10.3438,11.3416,88.1706,15000,1087104,2.1857
Suite_15,Forward,0,1242,5.3926,2.17063,0,8.63366,10.4744,11.3926,87.7762,15000,1083136,2.17414
Suite_15,Forward,0,1243,5.33688,5.04948,0,7.98179,10.8268,8.38387,119.277,15000,1078656,2.18148
Suite_15,Forward,0,1244,5.33015,3.79896,0,8.19677,8.62477,10.835,92.2936,15000,1075072,2.19166
Suite_15,Forward,0,1245,5.31985,2.18608,0,9.968,10.8291,11.4025,87.6999,15000,1070848,2.20869
Suite_15,Forward,0,1246,5.31264,4.70502,0,7.87469,9.67475,9.07021,110.251,15000,1066240,2.22022
Suite_15,Forward,0,1247,5.29839,2.51629,0,8.02454,8.89242,11.2648,88.7724,15000,1060736,2.22608
Suite_15,Forward,0,1248,5.28644,2.20609,0,9.9097,10.3731,10.1048,98.9625,15000,1056384,2.21529
Suite_15,Forward,0,1249,5.26491,3.93889,0,7.94483,10.7578,9.3681,106.745,15000,1052800,2.23661
Suite_15,Forward,0,1250,5.25261,3.67033,0,8.07389,8.4992,10.7779,92.7828,15000,1048960,2.22598
Suite_15,Forward,0,1251,5.24444,2.1644,0,9.40627,10.2681,11.2286,89.0582,15000,1043456,2.23884
Suite_15,Forward,0,1252,5.22863,4.29083,0,9.35472,9.82234,8.88142,112.595,15000,1039104,2.25995
Suite_15,Forward,0,1253,5.21798,3.38437,0,7.88733,10.1845,10.7388,93.1205,15000,1034496,2.28581
Suite_15,Forward,0,1254,5.19407,3.12556,0,8.52992,8.81834,10.87,91.9965,15000,1029888,2.30282
Suite_15,Forward,0,1255,5.19068,2.17097,0,7.72096,8.58269,10.581,94.5093,15000,1025152,2.29598
Suite_15,Forward,0,1256,5.17384,3.75754,0,7.83971,10.2052,9.27937,107.766,15000,1020800,2.30847
Suite_15,Forward,0,1257,5.16311,3.21376,0,7.68538,10.0331,10.5658,94.645,15000,1017088,2.34954
Suite_15,Forward,0,1258,5.14555,3.17818,0,7.71837,8.63149,10.6261,94.1082,15000,1011840,2.39036
Suite_15,Forward,0,1259,5.13378,2.10596,0,9.06803,9.36214,10.6129,94.2254,15000,1005696,2.43476
Suite_15,Forward,0,1260,5.11937,4.86882,0,8.2737,10.6355,9.07161,110.234,15000,1001344,2.47226
Suite_15,Forward,0,1261,5.11532,3.98016,0,7.56589,7.85443,10.3632,96.495,15000,996992,2.52884
Suite_15,Forward,0,1262,5.10099,2.06316,0,7.57251,9.8928,10.6108,94.2436,15000,989312,2.55932
Suite_15,Forward,0,1263,5.06417,4.4051,0,7.62422,8.54451,8.34223,119.872,15000,983296,2.62553
Suite_15,Forward,0,1264,5.05212,2.10966,0,9.12902,9.42048,10.3581,96.5428,15000,977792,2.70118
Suite_15,Forward,0,1265,5.05203,3.34164,0,8.09859,10.495,9.05377,110.451,15000,972160,2.78468
Suite_15,Forward,0,1266,5.02422,3.63265,0,7.42666,7.84467,9.93392,100.665,15000,967808,2.33061
Suite_15,Forward,0,1267,5.00922,2.07682,0,9.02349,9.87594,10.9162,91.6073,15000,962304,2.30886
Suite_15,Forward,0,1268,4.99908,4.27073,0,7.5175,9.86931,8.39924,119.058,15000,957952,2.27276
Suite_15,Forward,0,1269,4.97794,3.10178,0,7.3576,9.6905,10.3054,97.0369,15000,953984,2.28113
Suite_15,Forward,0,1270,4.96959,3.03251,0,7.2984,8.22173,10.3315,96.7916,15000,948352,2.26509
Suite_15,Forward,0,1271,4.95193,2.044,0,8.7552,9.04899,10.2522,97.5403,15000,941952,2.27836
Suite_15,Forward,0,1272,4.93658,3.2422,0,7.24842,9.56074,8.713,114.771,15000,936576,2.30072
Suite_15,Forward,0,1273,4.91731,2.82163,0,6.45386,7.39235,9.57572,104.431,15000,931584,2.23852
Suite_15,Forward,0,1274,4.90487,2.0006,0,8.80979,9.10752,9.97674,100.233,15000,927360,2.27297
Suite_15,Forward,0,1275,4.90076,3.26629,0,7.0217,7.31693,8.5312,117.217,15000,922624,2.28593
Suite_15,Forward,0,1276,4.8771,3.16284,0,6.33501,6.62381,9.52925,104.94,15000,916992,2.31841
Suite_15,Forward,0,1277,4.88865,2.01374,0,8.49498,8.78592,10.2947,97.1374,15000,910336,2.36061
Suite_15,Forward,0,1278,4.86511,3.72923,0,6.8985,7.20848,7.90062,126.572,15000,906624,2.41314
Suite_15,Forward,0,1279,4.83878,2.77078,0,6.89594,7.19277,9.31244,107.383,15000,902784,2.43451
Suite_15,Forward,0,1280,4.81947,1.99005,0,8.27187,8.57277,9.66977,103.415,15000,896128,2.47779
Suite_15,Forward,0,1281,4.79981,3.1249,0,6.79117,7.08813,8.29054,120.619,15000,890112,2.50201
Suite_15,Forward,0,1282,4.78693,4.71771,0,5.44173,6.29146,9.10667,109.81,15000,883840,2.51997
Suite_15,Forward,0,1283,4.78941,1.93176,0,8.90128,9.19347,9.83515,101.676,15000,878336,2.55991
Suite_15,Forward,0,1284,4.74885,4.47431,0,6.66214,6.9472,7.29771,137.029,15000,872704,2.65011
Suite_15,Forward,0,1285,4.73163,1.89234,0,6.93862,7.23696,9.53825,104.841,15000,867200,2.73223
Suite_15,Forward,0,1286,4.72218,4.36837,0,6.20339,6.49011,7.55798,132.31,15000,861696,2.84749
Suite_15,Forward,0,1287,4.69756,2.60748,0,6.0081,6.30442,9.72104,102.87,15000,856704,2.35048
Suite_15,Forward,0,1288,4.68875,1.87524,0,8.32922,8.62093,9.46822,105.616,15000,851456,2.38956
Suite_15,Forward,0,1289,4.6716,3.73104,0,6.59421,6.88333,7.58501,131.839,15000,846336,2.46561
Suite_15,Forward,0,1290,4.65461,2.58115,0,6.62448,6.93043,9.13115,109.515,15000,840448,2.55086
Suite_15,Forward,0,1291,4.64199,1.89832,0,8.00403,8.2903,9.35712,106.87,15000,834688,2.64512
Suite_15,Forward,0,1292,4.61739,3.0011,0,6.43277,6.72998,8.05572,124.135,15000,829312,2.75853
Suite_15,Forward,0,1293,4.60987,1.826,0,6.66624,6.9591,8.81459,113.448,15000,824960,2.90203
Suite_15,Forward,0,1294,4.60174,4.2187,0,5.98643,6.28531,7.34063,136.228,15000,820096,3.06427
Suite_15,Forward,0,1295,4.58132,2.59049,0,5.86342,6.15958,9.42794,106.068,15000,815744,3.25396
Suite_15,Forward,0,1296,4.56709,1.83893,0,7.86842,8.16954,9.28008,107.758,15000,811136,3.42127
Suite_15,Forward,0,1297,4.55229,3.44802,0,6.33738,6.62899,7.4226,134.724,15000,806272,2.39374
Suite_15,Forward,0,1298,4.54325,1.80082,0,7.75373,8.0551,8.7133,114.767,15000,801408,2.45326
Suite_15,Forward,0,1299,4.53083,3.98224,0,5.69446,5.99114,7.19127,139.057,15000,796672,2.11383
Suite_15,Forward,0,1300,4.51191,1.94897,0,6.28122,6.57408,9.06276,110.342,15000,792576,2.1461
Suite_15,Forward,0,1301,4.51053,1.83865,0,7.69843,7.9953,8.54589,117.015,15000,787584,2.17608
Suite_15,Forward,0,1302,4.48315,3.04204,0,6.12352,6.41296,7.67113,130.359,15000,781184,2.20939
Suite_15,Forward,0,1303,4.46849,1.51567,0,6.21517,6.50854,8.52572,117.292,15000,776576,2.23504
Suite_15,Forward,0,1304,4.52583,3.19011,0,6.1481,6.43709,7.01407,142.571,15000,771584,2.27456
Suite_15,Forward,0,1305,4.46622,2.35486,0,5.72416,6.57613,8.46552,118.126,15000,765568,2.32072
Suite_15,Forward,0,1306,4.42094,1.30041,0,7.58784,7.88794,8.93398,111.932,15000,759808,2.37596
Suite_15,Forward,0,1307,4.42285,3.8963,0,5.49181,5.79174,6.98976,143.066,15000,754432,2.21686
Suite_15,Forward,0,1308,4.44608,2.00803,0,6.2505,6.54131,8.95803,111.632,15000,749952,2.0243
Suite_15,Forward,0,1309,4.3966,3.3343,0,6.1984,6.49488,6.80991,146.845,15000,744320,2.05058
Suite_15,Forward,0,1310,4.42247,1.95808,0,6.2976,8.6327,8.48635,117.836,15000,737536,2.02559
Suite_15,Forward,0,1311,4.38064,2.78148,0,5.72006,6.57613,8.44657,118.391,15000,733184,2.06325
Suite_15,Forward,0,1312,4.35243,1.35949,0,7.17472,8.15558,9.17492,108.993,15000,729344,2.01144
Suite_15,Forward,0,1313,4.32869,3.83726,0,5.61987,6.53866,7.0228,142.393,15000,724352,2.03007
Suite_15,Forward,0,1314,4.30824,1.25698,0,7.76797,8.06982,9.19181,108.792,15000,719360,2.05895
Suite_15,Forward,0,1315,4.2806,3.25298,0,6.30374,6.72954,6.9606,143.666,15000,712448,1.92333
Suite_15,Forward,0,1316,4.26885,1.73428,0,7.81226,8.67226,8.61217,116.115,15000,707072,1.94183
Suite_15,Forward,0,1317,4.25796,3.85415,0,5.70195,8.03021,7.21598,138.581,15000,702464,1.94595
Suite_15,Forward,0,1318,4.24857,2.32727,0,6.32627,7.25325,9.04379,110.573,15000,699136,1.97859
Suite_15,Forward,0,1319,4.23233,1.74556,0,7.71696,8.00768,8.56484,116.756,15000,693504,1.96319
Suite_15,Forward,0,1320,4.21709,2.9008,0,6.13741,6.55754,7.69625,129.933,15000,688384,1.99563
Suite_15,Forward,0,1321,4.20069,1.6865,0,5.95149,6.35776,8.544,117.041,15000,683136,2.02668
Suite_15,Forward,0,1322,4.18761,3.33717,0,5.888,6.31142,6.97718,143.324,15000,678912,1.94892
Suite_15,Forward,0,1323,4.17559,1.31525,0,7.32918,8.30669,8.30271,120.443,15000,673920,1.95744
Suite_15,Forward,0,1324,4.15984,3.57028,0,5.27974,5.59414,6.74573,148.242,15000,668288,1.94371
Suite_15,Forward,0,1325,4.14589,1.15503,0,5.82016,6.23405,8.69578,114.998,15000,664192,1.95565
Suite_15,Forward,0,1326,4.11785,2.0744,0,5.436,6.27728,6.04766,165.353,15000,658560,1.96827
Suite_15,Forward,0,1327,4.11497,3.53269,0,4.8648,7.70499,6.63729,150.664,15000,653568,2.00099
Suite_15,Forward,0,1328,4.09111,2.71298,0,4.93978,5.80102,8.69905,114.955,15000,648064,2.02031
Suite_15,Forward,0,1329,4.0772,1.14213,0,4.85357,7.69072,8.78298,113.857,15000,643840,2.05647
Suite_15,Forward,0,1330,4.06339,3.92863,0,5.38954,6.24506,6.24627,160.096,15000,638592,2.09679
Suite_15,Forward,0,1331,4.05252,1.17203,0,5.29171,6.21773,8.692,115.048,15000,633856,2.10484
Suite_15,Forward,0,1332,4.03535,1.45035,0,5.39149,6.29168,6.65461,150.272,15000,629632,2.16812
Suite_15,Forward,0,1333,4.01494,3.05017,0,5.4231,6.34941,6.63349,150.75,15000,624256,2.24347
Suite_15,Forward,0,1334,4.00498,1.14235,0,6.03136,6.41843,8.20231,121.917,15000,617984,2.33822
Suite_15,Forward,0,1335,3.99041,3.04264,0,6.21059,6.48659,6.74969,148.155,15000,613632,2.28406
Suite_15,Forward,0,1336,3.98336,1.59679,0,5.75514,6.57888,8.34441,119.841,15000,609792,2.41934
Suite_15,Forward,0,1337,3.97361,4.28406,0,5.63405,6.53517,6.9033,144.858,15000,605056,2.55883
Suite_15,Forward,0,1338,3.96895,2.60629,0,7.23424,8.68154,9.01167,110.967,15000,600192,2.81762
Suite_15,Forward,0,1339,3.94176,3.99939,0,4.83683,5.77446,7.04349,141.975,15000,595712,3.19602
Suite_15,Forward,0,1340,3.9354,1.55638,0,5.95776,6.91814,9.09655,109.932,15000,592512,3.78601
Suite_15,Forward,0,1341,3.92103,3.07556,0,3.91987,4.73498,6.22029,160.764,15000,588544,4.86335
Suite_15,Forward,0,1342,3.90662,1.54214,0,5.33587,6.19315,7.42853,134.616,15000,583296,6.96743
Suite_15,Forward,0,1343,3.90015,1.56333,0,3.84381,4.11978,5.67445,176.229,15000,579456,10.5131
Suite_15,Forward,0,1344,3.88812,1.09538,0,4.50608,4.76774,6.84584,146.074,15000,575360,10.8201
Suite_15,Forward,0,1345,3.86014,2.87728,0,4.43075,4.69834,5.71596,174.949,15000,569856,9.20477
Suite_15,Forward,0,1346,3.84387,1.06398,0,5.14582,5.43293,7.16007,139.663,15000,565888,2.76911
Suite_15,Forward,0,1347,3.82656,1.7973,0,5.39472,5.67645,5.22543,191.372,15000,560000,3.19912
Suite_15,Forward,0,1348,3.8076,3.1473,0,5.284,5.57293,5.82756,171.598,15000,555520,3.92047
Suite_15,Forward,0,1349,3.7992,1.11275,0,6.7903,7.07805,7.63169,131.033,15000,552448,5.23663
Suite_15,Forward,0,1350,3.79129,2.76997,0,5.308,5.60118,6.14508,162.732,15000,547712,7.59575
Suite_15,Forward,0,1351,3.77709,1.08281,0,5.33286,5.62538,7.47121,133.847,15000,543360,10.7258
Suite_15,Forward,0,1352,3.76664,2.7416,0,5.09606,5.39254,6.16642,162.169,15000,539392,10.7088
Suite_15,Forward,0,1353,3.76253,1.15997,0,5.1584,5.45453,7.52184,132.946,15000,534272,7.68715
Suite_15,Forward,0,1354,3.74487,2.91341,0,4.38886,4.68118,5.96095,167.758,15000,528512,2.23193
Suite_15,Forward,0,1355,3.73377,1.09941,0,5.8481,6.13859,7.37215,135.646,15000,523520,2.46754
Suite_15,Forward,0,1356,3.7145,2.76554,0,3.54714,4.39917,5.76919,173.335,15000,519552,2.7999
Suite_15,Forward,0,1357,3.69666,1.30804,0,3.5799,4.40422,7.13786,140.098,15000,515584,3.1676
Suite_15,Forward,0,1358,3.68536,1.50817,0,4.13901,4.4255,5.20674,192.059,15000,512256,3.15817
Suite_15,Forward,0,1359,3.6757,1.41183,0,4.05338,4.312,6.59488,151.633,15000,508032,1.63775
Suite_15,Forward,0,1360,3.67334,1.53068,0,3.90362,4.81734,5.28454,189.231,15000,504448,1.63031
Suite_15,Forward,0,1361,3.64777,1.3902,0,5.34944,6.31686,6.32386,158.131,15000,500352,1.62127
Suite_15,Forward,0,1362,3.628,2.39079,0,3.93011,4.21683,5.23227,191.122,15000,495744,1.62815
Suite_15,Forward,0,1363,3.61601,1.41616,0,4.80774,5.70675,6.86534,145.659,15000,490880,1.62396
Suite_15,Forward,0,1364,3.63582,2.38747,0,3.22355,3.51642,5.32114,187.93,15000,485760,1.62593
Suite_15,Forward,0,1365,3.59796,1.35818,0,4.32947,4.72141,6.23487,160.388,15000,482432,1.64795
Suite_15,Forward,0,1366,3.60509,1.29907,0,3.80592,4.69754,5.13517,194.735,15000,478592,1.67603
Suite_15,Forward,0,1367,3.61563,1.59156,0,3.68845,4.00067,5.08802,196.54,15000,475520,1.66708
Suite_15,Forward,0,1368,3.60862,1.01113,0,4.6369,5.52358,6.0981,163.986,15000,471424,1.66811
Suite_15,Forward,0,1369,3.56683,2.16786,0,3.06605,3.36429,5.10681,195.817,15000,466944,1.69161
Suite_15,Forward,0,1370,3.52713,1.01388,0,5.10374,5.57667,5.92955,168.647,15000,462720,1.61659
Suite_15,Forward,0,1371,3.56386,2.00339,0,3.5848,4.50448,4.71684,212.006,15000,458880,1.6465
Suite_15,Forward,0,1372,3.55962,1.02729,0,5.27642,6.24851,6.51961,153.383,15000,455552,1.6768
Suite_15,Forward,0,1373,3.52592,2.88589,0,3.06381,3.35462,4.98467,200.615,15000,451840,1.67273
Suite_15,Forward,0,1374,3.50807,0.953241,0,3.58461,4.00614,6.5831,151.904,15000,447488,1.69476
Suite_15,Forward,0,1375,3.45553,0.968266,0,5.5849,6.04979,4.66446,214.387,15000,444416,1.73391
Suite_15,Forward,0,1376,3.48586,1.23948,0,3.54506,4.46579,4.5899,217.87,15000,438912,1.72429
Suite_15,Forward,0,1377,3.49053,4.00393,0,3.53718,4.48102,6.32763,158.037,15000,435712,1.69343
Suite_15,Forward,0,1378,3.51725,0.989881,0,4.98278,5.96528,7.70053,129.861,15000,432256,1.7317
Suite_15,Forward,0,1379,3.46173,2.81353,0,2.87853,3.17126,4.96568,201.382,15000,426368,1.74172
Suite_15,Forward,0,1380,3.43869,1.08044,0,3.40787,3.79702,6.46768,154.615,15000,423680,1.79939
Suite_15,Forward,0,1381,3.38708,1.23398,0,3.46931,3.72736,4.69759,212.875,15000,418816,1.67462
Suite_15,Forward,0,1382,3.4069,1.26712,0,3.30854,3.62291,4.79625,208.496,15000,414976,1.70297
Suite_15,Forward,0,1383,3.40483,1.20699,0,4.34166,5.23059,5.65287,176.901,15000,410880,1.63292
Suite_15,Forward,0,1384,3.36741,1.50162,0,3.22006,3.52666,4.77964,209.221,15000,408064,1.67093
Suite_15,Forward,0,1385,3.34003,1.22734,0,3.17216,4.06938,5.57953,179.227,15000,404736,1.68596
Suite_15,Forward,0,1386,3.36912,1.19933,0,3.21088,4.16154,4.75808,210.169,15000,401280,1.73017
Suite_15,Forward,0,1387,3.32711,1.87775,0,2.54976,2.84058,4.72674,211.562,15000,397056,1.74755
Suite_15,Forward,0,1388,3.33568,1.13534,0,3.16746,3.42614,5.81894,171.853,15000,393856,1.79485
Suite_15,Forward,0,1389,3.33364,1.149,0,3.01878,3.43245,4.62842,216.056,15000,390528,1.71834
Suite_15,Forward,0,1390,3.33162,1.12488,0,2.564,3.38234,4.73516,211.186,15000,386048,1.71378
Suite_15,Forward,0,1391,3.28445,1.71264,0,3.08701,3.5031,4.60154,217.318,15000,382080,1.71101
Suite_15,Forward,0,1392,3.31812,0.92279,0,2.98189,3.85843,5.14746,194.27,15000,378112,1.7448
Suite_15,Forward,0,1393,3.29179,1.53562,0,2.35942,2.65459,4.39372,227.598,15000,374272,1.78413
Suite_15,Forward,0,1394,3.25938,0.927006,0,2.48627,2.74227,5.27479,189.581,15000,370048,1.66803
Suite_15,Forward,0,1395,3.26049,0.939213,0,2.93325,3.22099,4.32839,231.033,15000,366464,1.70201
Suite_15,Forward,0,1396,3.25178,0.932012,0,2.48374,3.29942,4.50616,221.919,15000,362880,1.78916
Suite_15,Forward,0,1397,3.19748,1.73461,0,2.98019,3.39443,4.33864,230.487,15000,358656,1.88426
Suite_15,Forward,0,1398,3.19471,1.24639,0,2.99837,3.87245,5.10362,195.939,15000,354048,2.02685
Suite_15,Forward,0,1399,3.21916,1.28658,0,2.41098,2.69347,4.59366,217.691,15000,350208,2.00161
Suite_15,Forward,0,1400,3.19103,1.18606,0,2.54506,2.79994,5.13356,194.796,15000,346624,2.25035
Suite_15,Forward,0,1401,3.16895,1.13848,0,2.87744,3.16416,4.51995,221.241,15000,342144,2.5733
Suite_15,Forward,0,1402,3.16179,1.1272,0,2.95478,3.21126,4.46771,223.828,15000,339584,2.95379
Suite_15,Forward,0,1403,3.13353,2.11165,0,2.33856,2.62541,4.42266,226.108,15000,336384,3.19658
Suite_15,Forward,0,1404,3.12589,1.08158,0,2.91712,3.84499,5.57583,179.345,15000,333312,1.4655
Suite_15,Forward,0,1405,3.13114,1.08462,0,2.99827,3.25603,4.33906,230.464,15000,330368,1.50837
Suite_15,Forward,0,1406,3.12096,0.877404,0,2.87008,3.15229,4.35051,229.858,15000,326528,1.53165
Suite_15,Forward,0,1407,3.06387,0.87784,0,2.88563,3.16483,4.26629,234.396,15000,322688,1.57943
Suite_15,Forward,0,1408,3.08831,1.02463,0,2.44013,2.69571,4.07018,245.689,15000,319616,1.30016
Suite_15,Forward,0,1409,3.03245,2.01012,0,3.04522,3.32256,4.23911,235.898,15000,316288,1.30845
Suite_15,Forward,0,1410,3.08898,1.00117,0,2.9855,3.23626,5.17078,193.394,15000,313472,1.30076
Suite_15,Forward,0,1411,3.12658,1.37626,0,2.32643,2.60787,4.23782,235.97,15000,310656,1.2772
Suite_15,Forward,0,1412,3.07099,1.15688,0,2.99811,3.25427,5.36687,186.328,15000,306688,1.30792
Suite_15,Forward,0,1413,3.07817,1.17309,0,2.87539,3.18531,4.35258,229.749,15000,304256,1.34366
Suite_15,Forward,0,1414,3.05953,1.15,0,3.94301,4.19859,4.44948,224.745,15000,302080,1.38397
Suite_15,Forward,0,1415,2.98783,2.00114,0,2.86208,3.14083,4.34116,230.353,15000,299392,1.41737
Suite_15,Forward,0,1416,3.01908,1.07239,0,2.20083,3.01267,5.11724,195.418,15000,296064,1.44857
Suite_15,Forward,0,1417,2.9973,1.10612,0,2.32646,2.60717,4.21707,237.131,15000,293888,1.503
Suite_15,Forward,0,1418,2.99194,1.27999,0,2.67411,2.9577,4.22202,236.853,15000,290048,1.51875
Suite_15,Forward,0,1419,2.98004,1.07866,0,3.58704,4.48346,4.89295,204.375,15000,287360,1.56637
Suite_15,Forward,0,1420,2.9548,0.998644,0,1.98934,2.27146,4.17781,239.36,15000,284544,1.33516
Suite_15,Forward,0,1421,2.93659,0.855169,0,2.46176,2.7352,4.35586,229.576,15000,281472,1.27414
Suite_15,Forward,0,1422,2.97241,0.879947,0,1.95789,2.22147,3.90988,255.762,15000,277888,1.28202
Suite_15,Forward,0,1423,2.884,0.986405,0,2.48141,2.76461,3.96086,252.47,15000,273920,1.1754
Suite_15,Forward,0,1424,2.91342,0.884679,0,2.01114,4.33312,3.97867,251.341,15000,270464,1.19177
Suite_15,Forward,0,1425,2.91181,1.53825,0,1.81715,2.10573,3.90684,255.961,15000,267008,1.213
Suite_15,Forward,0,1426,2.86279,0.849915,0,2.3489,2.60528,4.57024,218.807,15000,263680,1.22037
Suite_15,Forward,0,1427,2.88587,0.861309,0,1.87478,2.13475,3.82421,261.492,15000,260096,1.23621
Suite_15,Forward,0,1428,2.81629,0.93746,0,2.31757,2.59907,3.85154,259.636,15000,255232,1.19407
Suite_15,Forward,0,1429,2.84811,1.12479,0,1.83059,2.10893,3.94563,253.445,15000,252416,1.18619
Suite_15,Forward,0,1430,2.85165,1.0805,0,2.28202,2.5393,4.07573,245.355,15000,249472,1.11199
Suite_15,Forward,0,1431,2.85632,1.095,0,2.3152,2.57242,4.03283,247.965,15000,247808,1.13695
Suite_15,Forward,0,1432,2.83596,1.07365,0,1.62714,1.88515,4.05166,246.812,15000,245120,1.16591
Suite_15,Forward,0,1433,2.81002,0.985369,0,2.19552,2.44986,4.01014,249.368,15000,242432,1.18286
Suite_15,Forward,0,1434,2.81873,0.990343,0,1.7961,2.05248,3.89787,256.55,15000,239232,1.20892
Suite_15,Forward,0,1435,2.79155,0.96549,0,1.67421,1.93379,3.93353,254.224,15000,236544,1.23923
Suite_15,Forward,0,1436,2.77116,0.935408,0,1.64502,1.89853,3.85308,259.532,15000,233472,1.19111
Suite_15,Forward,0,1437,2.73683,0.909733,0,2.11146,2.37363,3.8157,262.075,15000,229888,1.22793
Suite_15,Forward,0,1438,2.78512,3.77797,0,1.53805,1.79414,3.74493,267.027,15000,226944,1.25345
Suite_15,Forward,0,1439,2.80252,0.861395,0,1.48275,1.8551,6.66891,149.95,15000,223488,1.26925
Suite_15,Forward,0,1440,2.77113,0.814211,0,1.50938,2.40227,3.76092,265.893,15000,222464,1.2908
Suite_15,Forward,0,1441,2.73441,0.844802,0,1.4991,2.4023,3.71374,269.27,15000,219136,1.29775
Suite_15,Forward,0,1442,2.71249,0.821975,0,1.5376,2.43939,3.67002,272.478,15000,216320,1.37122
Suite_15,Forward,0,1443,2.72075,0.806855,0,1.51142,1.75933,3.62475,275.881,15000,213504,1.47368
Suite_15,Forward,0,1444,2.71116,0.813321,0,1.59923,2.52717,3.61786,276.407,15000,211200,1.60796
Suite_15,Forward,0,1445,2.70405,0.997569,0,1.68272,1.9624,3.61172,276.877,15000,208896,1.84552
Suite_15,Forward,0,1446,2.67513,1.01281,0,1.27853,2.07072,3.79134,263.759,15000,206208,2.21073
Suite_15,Forward,0,1447,2.64841,0.974818,0,1.09686,1.96403,3.77624,264.813,15000,203520,2.92653
Suite_15,Forward,0,1448,2.66322,1.01219,0,1.0897,1.32842,3.70651,269.795,15000,201728,4.46489
Suite_15,Forward,0,1449,2.64074,0.98465,0,1.08544,1.88144,3.76286,265.755,15000,198912,8.06234
Suite_15,Forward,0,1450,2.68403,0.990428,0,1.08144,1.49504,3.71132,269.446,15000,197376,8.14842
Suite_15,Forward,0,1451,2.64758,0.880257,0,1.08544,1.87686,3.75698,266.171,15000,194048,8.2485
Suite_15,Forward,0,1452,2.62376,0.905866,0,2.54771,2.79888,3.63842,274.845,15000,191872,1.60318
Suite_15,Forward,0,1453,2.58228,0.898199,0,0.9992,1.25133,3.61329,276.756,15000,189056,0.900027
Suite_15,Forward,0,1454,2.60554,0.790356,0,0.972192,1.22634,3.5619,280.749,15000,186112,0.901158
Suite_15,Forward,0,1455,2.55966,0.808701,0,0.946048,1.19827,3.47484,287.783,15000,182656,0.906419
Suite_15,Forward,0,1456,2.6027,0.794029,0,0.91392,1.16272,3.44616,290.178,15000,180224,0.920624
Suite_15,Forward,0,1457,2.54997,0.777479,0,0.868192,1.11821,3.47763,287.552,15000,177408,0.914767
Suite_15,Forward,0,1458,2.57349,0.927552,0,0.870176,1.12394,3.40443,293.734,15000,174720,0.834344
Suite_15,Forward,0,1459,2.52901,0.955769,0,0.825344,1.07725,3.58438,278.989,15000,172416,0.746599
Suite_15,Forward,0,1460,2.5634,0.941167,0,2.3457,2.59891,3.55915,280.966,15000,169472,0.73423
Suite_15,Forward,0,1461,2.51349,0.875652,0,0.815104,1.06893,3.58991,278.559,15000,167296,0.739666
Suite_15,Forward,0,1462,2.54863,0.766377,0,0.810656,1.05914,3.46417,288.669,15000,165120,0.749869
Suite_15,Forward,0,1463,2.48965,0.780555,0,0.768,1.02195,3.38737,295.214,15000,162944,0.76048
Suite_15,Forward,0,1464,2.51698,0.806966,0,0.763392,1.01344,3.33909,299.483,15000,160896,0.715807
Suite_15,Forward,0,1465,2.47156,0.759409,0,0.7552,1.00528,3.40041,294.082,15000,158080,0.703478
Suite_15,Forward,0,1466,2.49406,0.781729,0,0.75536,1.00563,3.328,300.48,15000,154752,0.70644
Suite_15,Forward,0,1467,2.45239,0.810362,0,0.748,0.998048,3.3491,298.588,15000,152960,0.700285
Suite_15,Forward,0,1468,2.50054,0.914287,0,0.735232,0.985088,3.32825,300.458,15000,150912,0.710167
Suite_15,Forward,0,1469,2.42393,0.927528,0,0.722976,0.974144,3.49268,286.313,15000,149376,0.723338
Suite_15,Forward,0,1470,2.50136,0.946694,0,2.22403,2.47542,3.41797,292.571,15000,147584,0.706163
Suite_15,Forward,0,1471,2.4049,0.878901,0,0.689152,0.939872,3.52157,283.964,15000,145280,0.693938
Suite_15,Forward,0,1472,2.43047,0.876755,0,0.673792,0.926272,3.3466,298.811,15000,142848,0.695891
Suite_15,Forward,0,1473,2.38089,0.767853,0,0.669696,0.94576,3.38252,295.638,15000,140160,0.699506
Suite_15,Forward,0,1474,2.41782,0.77147,0,0.626688,0.874656,3.21397,311.141,15000,138496,0.690715
Suite_15,Forward,0,1475,2.37687,0.774896,0,0.597632,0.849024,3.25315,307.394,15000,135296,0.690516
Suite_15,Forward,0,1476,2.39451,0.738919,0,0.550848,0.808544,3.21288,311.247,15000,134016,0.703214
Suite_15,Forward,0,1477,2.40128,0.739437,0,0.554016,0.802816,3.19884,312.613,15000,132096,0.726332
Suite_15,Forward,0,1478,2.3678,0.732881,0,0.558304,0.826528,3.20259,312.248,15000,129664,0.723117
Suite_15,Forward,0,1479,2.38969,0.892559,0,0.578208,0.82944,3.15828,316.628,15000,128000,0.764931
Suite_15,Forward,0,1480,2.36087,0.850683,0,0.606112,0.857376,3.34324,299.111,15000,125824,0.601716
Suite_15,Forward,0,1481,2.38234,0.888234,0,0.608256,0.8576,3.27071,305.744,15000,123008,0.599235
Suite_15,Forward,0,1482,2.31998,0.851191,0,0.563168,0.81488,3.33174,300.143,15000,121344,0.609891
Suite_15,Forward,0,1483,2.35233,0.876486,0,0.540096,0.786432,3.22735,309.851,15000,119296,0.608903
Suite_15,Forward,0,1484,2.30795,0.80217,0,0.487136,0.738016,3.2851,304.405,15000,116992,0.526723
Suite_15,Forward,0,1485,2.32426,0.741347,0,0.476,0.723072,3.16487,315.969,15000,114432,0.530876
Suite_15,Forward,0,1486,2.27325,0.748202,0,0.466464,0.736192,3.1289,319.601,15000,112384,0.530519
Suite_15,Forward,0,1487,2.29807,0.759321,0,0.450016,0.696608,3.07613,325.084,15000,110080,0.533916
Suite_15,Forward,0,1488,2.26239,0.744374,0,0.456384,0.700288,3.11,321.543,15000,108288,0.531489
Suite_15,Forward,0,1489,2.27536,0.719945,0,0.437824,0.69872,3.06215,326.568,15000,106112,0.515964
Suite_15,Forward,0,1490,2.28724,0.720701,0,0.426784,0.671936,3.04857,328.022,15000,103936,0.506717
Suite_15,Forward,0,1491,2.25244,0.753816,0,0.418208,0.662432,3.06049,326.745,15000,101888,0.504548
Suite_15,Forward,0,1492,2.33249,0.892923,0,0.41984,0.664512,3.06043,326.752,15000,99968,0.503798
Suite_15,Forward,0,1493,2.24189,0.812272,0,0.411744,0.657408,3.28234,304.661,15000,98048,0.499305
Suite_15,Forward,0,1494,2.24226,0.800067,0,0.400256,0.645984,3.10513,322.048,15000,96384,0.504046
Suite_15,Forward,0,1495,2.22076,0.879349,0,0.669824,0.913408,3.09127,323.491,15000,94720,0.501071
Suite_15,Forward,0,1496,2.2348,0.752976,0,0.382464,0.628064,3.15569,316.888,15000,92672,0.49711
Suite_15,Forward,0,1497,2.20038,0.708786,0,0.374784,0.617728,3.03735,329.235,15000,91008,0.49627
Suite_15,Forward,0,1498,2.19662,0.689003,0,0.358912,0.624928,2.95636,338.254,15000,89344,0.502027
Suite_15,Forward,0,1499,2.21021,0.712968,0,0.350848,0.59392,2.93468,340.752,15000,87936,0.503726
Suite_15,Forward,0,1500,2.16619,0.717168,0,0.330304,0.573152,2.96857,336.863,15000,86784,0.467326
Suite_15,Forward,0,1501,2.19387,0.723352,0,0.321216,0.565376,2.92835,341.489,15000,85120,0.457956
Suite_15,Forward,0,1502,2.15641,0.691177,0,0.308032,0.57504,2.96342,337.448,15000,83712,0.451498
Suite_15,Forward,0,1503,2.17193,0.736069,0,0.29696,0.544224,2.89134,345.86,15000,82432,0.448089
Suite_15,Forward,0,1504,2.15274,0.705079,0,0.288192,0.528352,2.95242,338.705,15000,81152,0.43356
Suite_15,Forward,0,1505,2.14959,0.686458,0,0.276128,0.51808,2.90246,344.536,15000,79488,0.437286
Suite_15,Forward,0,1506,2.16443,0.724744,0,0.272384,0.509984,2.87927,347.31,15000,77952,0.437134
Suite_15,Forward,0,1507,2.11399,0.704232,0,0.262752,0.507904,2.93346,340.894,15000,76160,0.433739
Suite_15,Forward,0,1508,2.132,0.714236,0,0.264576,0.503488,2.86016,349.631,15000,74880,0.437908
Suite_15,Forward,0,1509,2.08204,0.706773,0,0.247808,0.489472,2.89183,345.802,15000,73472,0.429425
Suite_15,Forward,0,1510,2.10637,0.68135,0,0.246528,0.509696,2.83246,353.05,15000,72320,0.437025
Suite_15,Forward,0,1511,2.12676,0.693031,0,0.23552,0.478016,2.82637,353.811,15000,70272,0.429165
Suite_15,Forward,0,1512,2.06916,0.708574,0,0.234432,0.473888,2.85897,349.776,15000,68736,0.397729
Suite_15,Forward,0,1513,2.09471,0.719116,0,0.230816,0.470432,2.81767,354.903,15000,67328,0.403498
Suite_15,Forward,0,1514,2.05802,0.732531,0,0.768,1.00147,2.85343,350.455,15000,65920,0.406037
Suite_15,Forward,0,1515,2.07112,0.689147,0,0.215872,0.454816,2.82635,353.813,15000,64768,0.382173
Suite_15,Forward,0,1516,2.08538,0.692578,0,0.203104,0.442368,2.79668,357.567,15000,63104,0.385499
Suite_15,Forward,0,1517,2.05852,0.684553,0,0.198656,0.438272,2.81554,355.172,15000,61184,0.37702
Suite_15,Forward,0,1518,2.06199,0.712448,0,0.192512,0.432128,2.78009,359.7,15000,59648,0.369675
Suite_15,Forward,0,1519,2.02705,0.676956,0,0.182176,0.421888,2.81023,355.843,15000,58752,0.285533
Suite_15,Forward,0,1520,2.03281,0.693192,0,0.18608,0.42272,2.73779,365.258,15000,56576,0.273209
Suite_15,Forward,0,1521,2.04443,0.693832,0,0.171968,0.410912,2.76296,361.931,15000,55040,0.270091
Suite_15,Forward,0,1522,1.9928,0.698276,0,0.167936,0.407552,2.7745,360.425,15000,53376,0.249371
Suite_15,Forward,0,1523,2.01718,0.706682,0,0.162336,0.402432,2.72306,367.234,15000,51584,0.245978
Suite_15,Forward,0,1524,1.98239,0.676789,0,0.159648,0.397824,2.76175,362.09,15000,50688,0.246922
Suite_15,Forward,0,1525,1.99342,0.676118,0,0.154656,0.393216,2.69339,371.279,15000,48896,0.231979
Suite_15,Forward,0,1526,2.0047,0.678089,0,0.155296,0.393216,2.70206,370.088,15000,48256,0.231492
Suite_15,Forward,0,1527,1.96027,0.69319,0,0.14832,0.387392,2.71488,368.341,15000,47488,0.229916
Suite_15,Forward,0,1528,1.9811,0.694915,0,0.14848,0.386816,2.684,372.578,15000,46080,0.228789
Suite_15,Forward,0,1529,1.93269,0.700569,0,0.142272,0.38224,2.70861,369.193,15000,44672,0.224285
Suite_15,Forward,0,1530,1.96114,0.691526,0,0.142048,0.379552,2.66512,375.217,15000,42880,0.204687
Suite_15,Forward,0,1531,1.99545,0.719782,0,0.133632,0.373024,2.68927,371.848,15000,40832,0.193178
Suite_15,Forward,0,1532,1.92579,0.69242,0,0.131072,0.390112,2.74545,364.239,15000,39808,0.188709
Suite_15,Forward,0,1533,1.93287,0.732304,0,0.126368,0.366592,2.64813,377.624,15000,38272,0.184147
Suite_15,Forward,0,1534,1.92433,0.707438,0,0.120896,0.3584,2.69414,371.177,15000,37504,0.185435
Suite_15,Forward,0,1535,1.93077,0.686923,0,0.118592,0.358208,2.66679,374.982,15000,36352,0.17669
Suite_15,Forward,0,1536,1.9421,0.70269,0,0.114688,0.355616,2.64436,378.163,15000,35072,0.162111
Suite_15,Forward,0,1537,1.88818,0.670905,0,0.108544,0.349888,2.68401,372.577,15000,33792,0.156377
Suite_15,Forward,0,1538,1.90295,0.672628,0,0.105568,0.343072,2.58516,386.823,15000,32896,0.153376
Suite_15,Forward,0,1539,1.92045,0.665722,0,0.100352,0.33792,2.60105,384.461,15000,32128,0.150867
Suite_15,Forward,0,1540,1.87322,0.684594,0,0.095232,0.335168,2.61205,382.842,15000,31616,0.15088
Suite_15,Forward,0,1541,1.86666,0.698823,0,0.087168,0.334048,2.58472,386.89,15000,30336,0.141538
Suite_15,Forward,0,1542,1.87016,0.663154,0,0.084672,0.323584,2.59198,385.805,15000,30080,0.141931
Suite_15,Forward,0,1543,1.88133,0.652788,0,0.080672,0.318208,2.55803,390.925,15000,29312,0.138975
Suite_15,Forward,0,1544,1.88487,0.677197,0,0.079872,0.317184,2.55788,390.948,15000,28416,0.135271
Suite_15,Forward,0,1545,1.84402,0.661364,0,0.073792,0.311296,2.58861,386.308,15000,27264,0.129852
Suite_15,Forward,0,1546,1.85858,0.720245,0,0.620928,0.852128,2.53009,395.243,15000,25600,0.120923
Suite_15,Forward,0,1547,1.87483,0.675277,0,0.069792,0.308864,2.60101,384.466,15000,24832,0.116264
Suite_15,Forward,0,1548,1.82445,0.638173,0,0.068832,0.329728,2.57371,388.544,15000,24320,0.116044
Suite_15,Forward,0,1549,1.83664,0.698497,0,0.065536,0.316864,2.48635,402.196,15000,22784,0.10136
Suite_15,Forward,0,1550,1.82259,0.679579,0,0.063488,0.300896,2.55873,390.818,15000,22144,0.100306
Suite_15,Forward,0,1551,1.80873,0.682883,0,0.06144,0.297056,2.52435,396.142,15000,21760,0.0981055
Suite_15,Forward,0,1552,1.83056,0.680339,0,0.057824,0.300096,2.51267,397.984,15000,20352,0.0858017
Suite_15,Forward,0,1553,1.79251,0.668788,0,0.055744,0.292864,2.53983,393.727,15000,20096,0.086056
Suite_15,Forward,0,1554,1.81085,0.649203,0,0.05504,0.291968,2.48289,402.756,15000,19200,0.0835691
Suite_15,Forward,0,1555,1.81483,0.681128,0,0.053024,0.288768,2.47979,403.26,15000,18432,0.0802733
Suite_15,Forward,0,1556,1.7792,0.644519,0,0.0512,0.287008,2.51801,397.139,15000,17920,0.0778802
Suite_15,Forward,0,1557,1.79908,0.656491,0,0.049152,0.288288,2.44585,408.856,15000,17536,0.0757944
Suite_15,Forward,0,1558,1.82339,0.662263,0,0.045536,0.281984,2.47633,403.824,15000,16640,0.0708135
Suite_15,Forward,0,1559,1.76689,0.641182,0,0.045024,0.278848,2.51139,398.185,15000,16128,0.0698002
Suite_15,Forward,0,1560,1.78412,0.648361,0,0.04272,0.276224,2.42735,411.971,15000,15232,0.066694
Suite_15,Forward,0,1561,1.79748,0.673403,0,0.042912,0.277152,2.4528,407.697,15000,14848,0.0663407
Suite_15,Forward,0,1562,1.75209,0.63162,0,0.037728,0.296768,2.49181,401.314,15000,13952,0.0635089
Suite_15,Forward,0,1563,1.76544,0.680559,0,0.037984,0.284672,2.40221,416.284,15000,13440,0.0628828
Suite_15,Forward,0,1564,1.75039,0.664937,0,0.035584,0.271456,2.46601,405.514,15000,12672,0.0567912
Suite_15,Forward,0,1565,1.7408,0.683243,0,0.034816,0.269152,2.43582,410.539,15000,12672,0.0574886
Suite_15,Forward,0,1566,1.72995,0.699492,0,0.031072,0.273376,2.44351,409.247,15000,11776,0.0518993
Suite_15,Forward,0,1567,1.74153,0.651581,0,0.030496,0.26448,2.44887,408.351,15000,11520,0.0503172
Suite_15,Forward,0,1568,1.71947,0.674809,0,0.028512,0.26208,2.41631,413.853,15000,10496,0.0439977
Suite_15,Forward,0,1569,1.75215,0.673511,0,0.02784,0.262112,2.41311,414.403,15000,9984,0.0414419
Suite_15,Forward,0,1570,1.70629,0.702123,0,0.024352,0.257728,2.44556,408.904,15000,9344,0.0389483
Suite_15,Forward,0,1571,1.73894,0.6561,0,0.022528,0.256224,2.42735,411.971,15000,9088,0.0380016
Suite_15,Forward,0,1572,1.73324,0.680004,0,0.022528,0.255584,2.41208,414.581,15000,8704,0.0370589
Suite_15,Forward,0,1573,1.68586,0.665301,0,0.020544,0.25488,2.43399,410.848,15000,8192,0.0359001
Suite_15,Forward,0,1574,1.72101,0.631231,0,0.02048,0.253376,2.3686,422.191,15000,7680,0.0355853
Suite_15,Forward,0,1575,1.74324,0.663079,0,0.018592,0.251616,2.36795,422.307,15000,7040,0.0337548
Suite_15,Forward,0,1576,1.69112,0.638381,0,0.018336,0.250528,2.42416,412.514,15000,6784,0.0331032
Suite_15,Forward,0,1577,1.70871,0.623066,0,0.016416,0.247808,2.34702,426.072,15000,6400,0.0316588
Suite_15,Forward,0,1578,1.73017,0.665237,0,0.016384,0.248224,2.34861,425.784,15000,5888,0.0290752
Suite_15,Forward,0,1579,1.69078,0.639992,0,0.014336,0.246432,2.41457,414.152,15000,5888,0.0294082
Suite_15,Forward,0,1580,1.70822,0.638958,0,0.014496,0.245376,2.34689,426.096,15000,5376,0.0266176
Suite_15,Forward,0,1581,1.7234,0.658947,0,0.011392,0.241664,2.36839,422.228,15000,5120,0.0249092
Suite_15,Forward,0,1582,1.67047,0.638179,0,0.009216,0.241664,2.40093,416.505,15000,4864,0.0237024
Suite_15,Forward,0,1583,1.68891,0.634251,0,0.01024,0.239296,2.3242,430.255,15000,4608,0.022823
Suite_15,Forward,0,1584,1.70727,0.651506,0,0.008128,0.236704,2.33811,427.697,15000,3968,0.0190703
Suite_15,Forward,0,1585,1.66101,0.634587,0,0.007648,0.235904,2.37712,420.677,15000,3840,0.0184606
Suite_15,Forward,0,1586,1.67945,0.627093,0,0.006144,0.235008,2.31145,432.629,15000,3328,0.0169087
Suite_15,Forward,0,1587,1.6965,0.664503,0,0.006848,0.235456,2.32102,430.846,15000,3072,0.0159756
Suite_15,Forward,0,1588,1.64681,0.622145,0,0.005696,0.233472,2.37762,420.589,15000,2688,0.0132438
Suite_15,Forward,0,1589,1.67009,0.628261,0,0.00544,0.233056,2.28592,437.46,15000,2432,0.0121614
Suite_15,Forward,0,1590,1.67698,0.641475,0,0.006016,0.232864,2.31351,432.243,15000,2176,0.0115662
Suite_15,Forward,0,1591,1.63544,0.619844,0,0.003648,0.231424,2.33404,428.441,15000,2048,0.0105256
Suite_15,Forward,0,1592,1.65446,0.631594,0,0.00384,0.230208,2.26886,440.751,15000,1792,0.00935402
Suite_15,Forward,0,1593,1.66417,0.650856,0,0.00256,0.230656,2.31534,431.901,15000,1536,0.00790288
Suite_15,Forward,0,1594,1.62347,0.619348,0,0.002208,0.230976,2.33099,429.002,15000,896,0.00451848
Suite_15,Forward,0,1595,1.64154,0.63155,0,0.0024,0.229504,2.25655,443.155,15000,896,0.00457203
Suite_15,Forward,0,1596,1.66079,0.643545,0,0.002048,0.230592,2.28707,437.241,15000,384,0.00210947
Suite_15,Forward,0,1597,1.60769,0.601904,0,0.000704,0.229088,2.32134,430.785,15000,384,0.0021354
Suite_15,Forward,0,1598,1.63049,0.595134,0,0.00208,0.228224,2.22428,449.584,15000,384,0.00216175
Suite_15,Forward,0,1599,1.65641,0.617165,0,0.002048,0.228064,2.23859,446.711,15000,256,0.00184954
Suite_15,Forward,0,1600,1.60255,0.597064,0,0.00176,0.229376,2.28852,436.964,15000,128,0.00122507
Suite_15,Forward,0,1601,1.62155,0.589688,0,0.002048,0.227808,2.21485,451.497,15000,128,0.00123966
Suite_15,Forward,0,1602,1.6451,0.602316,0,0.000512,0.22864,2.22546,449.345,15000,128,0.00125446
Suite_15,Forward,0,1603,1.60106,0.587724,0,0.0016,0.22896,2.26221,442.045,15000,128,0.00126948
Suite_15,Forward,0,1604,1.62099,0.585598,0,0.001536,0.228864,2.20172,454.19,15000,128,0.00128473
Suite_15,Forward,0,1605,1.60648,0.609602,0,0,0.228736,2.22157,450.133,15000,0,0
Suite_15,Forward,0,1606,1.583,0.573704,0,0.001376,0.226752,2.2315,448.129,15000,0,0
Suite_15,Forward,0,1607,1.61598,0.557872,0,0.001536,0.225632,2.16968,460.898,15000,0,0
Suite_15,Forward,0,1608,1.61979,0.582924,0,0.001312,0.237088,2.18611,457.434,15000,0,0
Suite_15,Forward,0,1609,1.63716,0.648117,0,0.002048,0.226912,2.22138,450.171,15000,0,0
Suite_15,Forward,0,1610,1.58568,0.597829,0,0.001952,0.226144,2.31076,432.757,15000,0,0
Suite_15,Forward,0,1611,1.58085,0.612708,0,0.000224,0.239584,2.19722,455.12,15000,0,0
Suite_15,Forward,0,1612,1.59136,0.579554,0,0.000864,0.227328,2.20664,453.177,15000,0,0
Suite_15,Forward,0,1613,1.57333,0.590702,0,0.000992,0.226176,2.18639,457.376,15000,0,0
Suite_15,Forward,0,1614,1.56956,0.636339,0,0.002048,0.251904,2.17772,459.197,15000,0,0
Suite_15,Forward,0,1615,1.5805,0.588103,0,0.002048,0.226368,2.22196,450.053,15000,0,0
Suite_15,Forward,0,1616,1.57007,0.561444,0,0.00032,0.224224,2.18263,458.163,15000,0,0
Suite_15,Forward,0,1617,1.59113,0.559098,0,0.001376,0.225408,2.14593,465.999,15000,0,0
Suite_15,Forward,0,1618,1.60963,0.583665,0,0.000832,0.226016,2.16364,462.185,15000,0,0
Suite_15,Forward,0,1619,1.56446,0.561203,0,0.001856,0.225472,2.2076,452.98,15000,0,0
Suite_15,Forward,0,1620,1.57767,0.561728,0,0.002048,0.226432,2.13796,467.736,15000,0,0
Suite_15,Forward,0,1621,1.60343,0.577118,0,0.001728,0.22608,2.15388,464.278,15000,0,0
Suite_15,Forward,0,1622,1.55919,0.555748,0,0.001152,0.225504,2.19605,455.363,15000,0,0
Suite_15,Forward,0,1623,1.57516,0.556454,0,0.001728,0.22528,2.12753,470.028,15000,0,0
Suite_15,Forward,0,1624,1.58688,0.57578,0,0,0.227936,2.14351,466.525,15000,0,0
Suite_15,Forward,0,1625,1.55303,0.578824,0,0.000352,0.226848,2.17706,459.336,15000,0,0
Suite_15,Forward,0,1626,1.54641,0.592593,0,0.001088,0.227328,2.14544,466.106,15000,0,0
Suite_15,Forward,0,1627,1.54091,0.605149,0,0.00048,0.23616,2.15159,464.773,15000,0,0
Suite_15,Forward,0,1628,1.55579,0.577641,0,0.00192,0.226816,2.15946,463.078,15000,0,0
Suite_15,Forward,0,1629,1.54537,0.55856,0,0.00048,0.249376,2.14914,465.302,15000,0,0
Suite_15,Forward,0,1630,1.57097,0.579304,0,0.001216,0.251776,2.11764,472.223,15000,0,0
Suite_15,Forward,0,1631,1.58248,0.580533,0,0.0008,0.225728,2.16264,462.398,15000,0,0
Suite_15,Forward,0,1632,1.53985,0.567903,0,0.001632,0.227328,2.17673,459.405,15000,0,0
Suite_15,Forward,0,1633,1.5601,0.56148,0,0.00112,0.22528,2.12148,471.369,15000,0,0
Suite_15,Forward,0,1634,1.58226,0.577211,0,0.001696,0.227168,2.13465,468.46,15000,0,0
Suite_15,Forward,0,1635,1.53567,0.563544,0,0.001824,0.225888,2.17315,460.162,15000,0,0
Suite_15,Forward,0,1636,1.55715,0.555426,0,0.002048,0.227328,2.11121,473.662,15000,0,0
Suite_15,Forward,0,1637,1.57048,0.579954,0,0.000864,0.226112,2.12706,470.133,15000,0,0
Suite_15,Forward,0,1638,1.5245,0.590149,0,0.000544,0.256,2.17194,460.419,15000,0,0
Suite_15,Forward,0,1639,1.53147,0.595769,0,0.001024,0.230912,2.12797,469.931,15000,0,0
Suite_15,Forward,0,1640,1.53561,0.608617,0,0.000704,0.23552,2.14,467.289,15000,0,0
Suite_15,Forward,0,1641,1.5395,0.575214,0,0.002048,0.226272,2.1609,462.769,15000,0,0
Suite_15,Forward,0,1642,1.52265,0.588373,0,0.000704,0.24976,2.12998,469.489,15000,0,0
Suite_15,Forward,0,1643,1.5201,0.569829,0,0.000416,0.247808,2.12384,470.846,15000,0,0
Suite_15,Forward,0,1644,1.56099,0.582791,0,0.00096,0.226304,2.1021,475.715,15000,0,0
Suite_15,Forward,0,1645,1.52065,0.563378,0,0.000544,0.22688,2.16004,462.954,15000,0,0
Suite_15,Forward,0,1646,1.54587,0.557545,0,0.000896,0.22528,2.09786,476.676,15000,0,0
Suite_15,Forward,0,1647,1.57063,0.584197,0,0.000864,0.228416,2.11579,472.637,15000,0,0
Suite_15,Forward,0,1648,1.513,0.567736,0,0.002272,0.2264,2.1689,461.063,15000,0,0
Suite_15,Forward,0,1649,1.53173,0.561052,0,0.001248,0.226304,2.09503,477.321,15000,0,0
Suite_15,Forward,0,1650,1.5477,0.586191,0,0.001632,0.226816,2.10592,474.852,15000,0,0
Suite_15,Forward,0,1651,1.51583,0.573311,0,0.00064,0.22528,2.14764,465.627,15000,0,0
Suite_15,Forward,0,1652,1.51374,0.584309,0,0.00016,0.225568,2.10204,475.727,15000,0,0
Suite_15,Forward,0,1653,1.51144,0.60235,0,0.000224,0.235648,2.11333,473.187,15000,0,0
Suite_15,Forward,0,1654,1.52446,0.568471,0,0.001408,0.227328,2.12792,469.942,15000,0,0
Suite_15,Forward,0,1655,1.50586,0.560078,0,0.001216,0.224896,2.10592,474.851,15000,0,0
Suite_15,Forward,0,1656,1.52786,0.5618,0,0.00176,0.227296,2.07881,481.044,15000,0,0
Suite_15,Forward,0,1657,1.54781,0.579298,0,0.000544,0.227328,2.10374,475.343,15000,0,0
Suite_15,Forward,0,1658,1.5055,0.569797,0,0.00128,0.227328,2.14223,466.804,15000,0,0
Suite_15,Forward,0,1659,1.5226,0.563902,0,0.002048,0.227328,2.08752,479.037,15000,0,0
Suite_15,Forward,0,1660,1.535,0.589206,0,0.00176,0.226496,2.0987,476.486,15000,0,0
Suite_15,Forward,0,1661,1.49192,0.604185,0,0.00128,0.226336,2.13942,467.416,15000,0,0
Suite_15,Forward,0,1662,1.52204,0.562084,0,0.001152,0.22608,2.11191,473.506,15000,0,0
Suite_15,Forward,0,1663,1.49755,0.597987,0,0.001312,0.229984,2.09668,476.945,15000,0,0
Suite_15,Forward,0,1664,1.50546,0.576825,0,3.2e-05,0.22576,2.10842,474.288,15000,0,0
Suite_15,Forward,0,1665,1.4945,0.596084,0,0.000224,0.250272,2.10151,475.849,15000,0,0
Suite_15,Forward,0,1666,1.49319,0.575473,0,0.002048,0.248576,2.10445,475.184,15000,0,0
Suite_15,Forward,0,1667,1.5277,0.574652,0,0.002048,0.225568,2.08538,479.529,15000,0,0
Suite_15,Forward,0,1668,1.4911,0.561732,0,0.000736,0.227104,2.11603,472.582,15000,0,0
Suite_15,Forward,0,1669,1.51144,0.559674,0,0.000768,0.226528,2.06729,483.725,15000,0,0
Suite_15,Forward,0,1670,1.53608,0.56949,0,0.000416,0.227328,2.08421,479.798,15000,0,0
Suite_15,Forward,0,1671,1.49375,0.571519,0,0.002048,0.227328,2.11933,471.848,15000,0,0
Suite_15,Forward,0,1672,1.51652,0.56488,0,0.001984,0.225696,2.07805,481.219,15000,0,0
Suite_15,Forward,0,1673,1.51075,0.578333,0,3.2e-05,0.230048,2.09587,477.13,15000,0,0
Suite_15,Forward,0,1674,1.50313,0.572159,0,0.0008,0.227072,2.11441,472.945,15000,0,0
Suite_15,Forward,0,1675,1.48554,0.593291,0,0.000576,0.226528,2.08876,478.753,15000,0,0
Suite_15,Forward,0,1676,1.48533,0.579124,0,0.002048,0.257376,2.09189,478.036,15000,0,0
Suite_15,Forward,0,1677,1.51457,0.582534,0,0.001056,0.227264,2.07874,481.06,15000,0,0
Suite_15,Forward,0,1678,1.4824,0.574875,0,0.00128,0.227328,2.1119,473.508,15000,0,0
Suite_15,Forward,0,1679,1.50493,0.559834,0,0.000448,0.225664,2.06971,483.159,15000,0,0
Suite_15,Forward,0,1680,1.52516,0.579891,0,0.000864,0.227584,2.07684,481.501,15000,0,0
Suite_15,Forward,0,1681,1.48212,0.559646,0,0.001376,0.22608,2.12164,471.333,15000,0,0
Suite_15,Forward,0,1682,1.49821,0.555751,0,0.000256,0.227072,2.05527,486.554,15000,0,0
Suite_15,Forward,0,1683,1.50425,0.578888,0,0.000512,0.233696,2.06595,484.039,15000,0,0
Suite_15,Forward,0,1684,1.49491,0.574508,0,0.000832,0.22608,2.09576,477.155,15000,0,0
Suite_15,Forward,0,1685,1.47986,0.586598,0,0.001568,0.226016,2.08514,479.585,15000,0,0
Suite_15,Forward,0,1686,1.47233,0.574129,0,0.001568,0.252768,2.08021,480.721,15000,0,0
Suite_15,Forward,0,1687,1.51921,0.580703,0,0.002048,0.225984,2.05856,485.776,15000,0,0
Suite_15,Forward,0,1688,1.47235,0.562724,0,0.001824,0.227328,2.12263,471.113,15000,0,0
Suite_15,Forward,0,1689,1.49573,0.561281,0,0.0016,0.226912,2.04934,487.962,15000,0,0
Suite_15,Forward,0,1690,1.51789,0.576878,0,0.001728,0.227328,2.07057,482.958,15000,0,0
Suite_15,Forward,0,1691,1.46852,0.569951,0,0.002048,0.227328,2.10827,474.323,15000,0,0
Suite_15,Forward,0,1692,1.49936,0.560747,0,0.002048,0.22608,2.05072,487.634,15000,0,0
Suite_15,Forward,0,1693,1.47276,0.611517,0,0.002016,0.235328,2.07363,482.245,15000,0,0
Suite_15,Forward,0,1694,1.488,0.570401,0,0.002048,0.227392,2.09864,476.499,15000,0,0
Suite_15,Forward,0,1695,1.47126,0.58799,0,0.002048,0.22576,2.08028,480.704,15000,0,0
Suite_15,Forward,0,1696,1.46903,0.570509,0,0,0.251264,2.07179,482.674,15000,0,0
Suite_15,Forward,0,1697,1.51118,0.587124,0,0.002048,0.226272,2.05319,487.047,15000,0,0
Suite_15,Forward,0,1698,1.473,0.561599,0,0.00224,0.227328,2.11444,472.938,15000,0,0
Suite_15,Forward,0,1699,1.4932,0.557073,0,0.001568,0.227328,2.04743,488.417,15000,0,0
Suite_15,Forward,0,1700,1.52045,0.57517,0,0.003488,0.227872,2.06253,484.841,15000,0,0
Suite_15,Forward,0,1701,1.4529,0.58893,0,0.002048,0.227328,2.11265,473.338,15000,0,0
Suite_15,Forward,0,1702,1.49168,0.560193,0,0.002048,0.227904,2.05523,486.564,15000,0,0
Suite_15,Forward,0,1703,1.46544,0.601618,0,0.00048,0.234496,2.06421,484.448,15000,0,0
Suite_15,Forward,0,1704,1.47906,0.584963,0,0.002048,0.226016,2.07988,480.797,15000,0,0
Suite_15,Forward,0,1705,1.46834,0.560021,0,0.001888,0.24944,2.0792,480.955,15000,0,0
Suite_15,Forward,0,1706,1.49724,0.575028,0,0.000928,0.227328,2.04176,489.774,15000,0,0
Suite_15,Forward,0,1707,1.5013,0.576615,0,0.002048,0.227008,2.08492,479.636,15000,0,0
Suite_15,Forward,0,1708,1.46728,0.555793,0,0.002144,0.228736,2.09166,478.089,15000,0,0
Suite_15,Forward,0,1709,1.49379,0.575777,0,0.002208,0.227328,2.03733,490.838,15000,0,0
Suite_15,Forward,0,1710,1.51296,0.596281,0,0.001952,0.226208,2.08468,479.691,15000,0,0
Suite_15,Forward,0,1711,1.45614,0.58446,0,0.002048,0.227456,2.12481,470.631,15000,0,0
Suite_15,Forward,0,1712,1.49787,0.553674,0,0.002208,0.227072,2.0535,486.973,15000,0,0
Suite_15,Forward,0,1713,1.46897,0.610052,0,0.00336,0.231424,2.0657,484.098,15000,0,0
Suite_15,Forward,0,1714,1.47968,0.57614,0,0.000736,0.227488,2.10298,475.517,15000,0,0
Suite_15,Forward,0,1715,1.46766,0.560163,0,0.002048,0.249536,2.06902,483.321,15000,0,0
Suite_15,Forward,0,1716,1.49416,0.56247,0,0.002336,0.226176,2.03995,490.209,15000,0,0
Suite_15,Forward,0,1717,1.52054,0.595651,0,0.000224,0.227328,2.07113,482.827,15000,0,0
Suite_15,Forward,0,1718,1.46731,0.567443,0,0.002432,0.227328,2.13184,469.079,15000,0,0
Suite_15,Forward,0,1719,1.48792,0.561363,0,0.001344,0.228864,2.04765,488.364,15000,0,0
Suite_15,Forward,0,1720,1.49988,0.588449,0,0.002048,0.227488,2.0614,485.106,15000,0,0
Suite_15,Forward,0,1721,1.4508,0.583179,0,0.003296,0.228224,2.104,475.284,15000,0,0
Suite_15,Forward,0,1722,1.46569,0.587108,0,0.002048,0.227968,2.04897,488.049,15000,0,0
Suite_15,Forward,0,1723,1.46908,0.599835,0,0.002048,0.233472,2.07144,482.757,15000,0,0
Suite_15,Forward,0,1724,1.48378,0.585914,0,0.001664,0.227328,2.08342,479.98,15000,0,0
Suite_15,Forward,0,1725,1.4713,0.559464,0,0.000576,0.225536,2.0855,479.501,15000,0,0
Suite_15,Forward,0,1726,1.49001,0.555996,0,0.003424,0.227328,2.04428,489.169,15000,0,0
Suite_15,Forward,0,1727,1.51653,0.576848,0,0.002048,0.226048,2.05816,485.871,15000,0,0
Suite_15,Forward,0,1728,1.46415,0.560541,0,0.001536,0.227872,2.10707,474.593,15000,0,0
Suite_15,Forward,0,1729,1.48547,0.558613,0,0.00336,0.22752,2.03855,490.544,15000,0,0
Suite_15,Forward,0,1730,1.50573,0.602475,0,0.003296,0.227296,2.05754,486.017,15000,0,0
Suite_15,Forward,0,1731,1.45843,0.579666,0,0.00224,0.228768,2.12369,470.878,15000,0,0
Suite_15,Forward,0,1732,1.47332,0.58539,0,0.00256,0.227328,2.0505,487.686,15000,0,0
Suite_15,Forward,0,1733,1.46837,0.598566,0,0.003392,0.235232,2.07313,482.362,15000,0,0
Suite_15,Forward,0,1734,1.47405,0.573767,0,0.002048,0.228128,2.0802,480.722,15000,0,0
Suite_15,Forward,0,1735,1.46778,0.554717,0,0.00208,0.2264,2.06143,485.101,15000,0,0
Suite_15,Forward,0,1736,1.49612,0.56192,0,0.003008,0.228608,2.0347,491.474,15000,0,0
Suite_15,Forward,0,1737,1.51317,0.580177,0,0.002848,0.22768,2.07177,482.68,15000,0,0
Suite_15,Forward,0,1738,1.47181,0.559685,0,0.002048,0.229152,2.10876,474.212,15000,0,0
Suite_15,Forward,0,1739,1.48996,0.552866,0,0.003616,0.22864,2.04497,489.005,15000,0,0
Suite_15,Forward,0,1740,1.49622,0.589704,0,0.0032,0.230272,2.05541,486.522,15000,0,0
Suite_15,Forward,0,1741,1.47138,0.573903,0,0.003744,0.22768,2.10112,475.938,15000,0,0
Suite_15,Forward,0,1742,1.46517,0.591315,0,0.00288,0.227328,2.06007,485.421,15000,0,0
Suite_15,Forward,0,1743,1.46511,0.613888,0,0.004,0.23104,2.06933,483.248,15000,0,0
Suite_15,Forward,0,1744,1.47831,0.578452,0,0.002784,0.22864,2.09169,478.083,15000,0,0
Suite_15,Forward,0,1745,1.47108,0.560109,0,0.002688,0.226304,2.07234,482.546,15000,0,0
Suite_15,Forward,0,1746,1.48965,0.560884,0,0.003424,0.228032,2.04436,489.151,15000,0,0
Suite_15,Forward,0,1747,1.51431,0.575218,0,0.004096,0.229376,2.06263,484.817,15000,0,0
Suite_15,Forward,0,1748,1.47521,0.557455,0,0.003392,0.229376,2.10377,475.337,15000,0,0
Suite_15,Forward,0,1749,1.49791,0.557187,0,0.002496,0.227456,2.04786,488.314,15000,0,0
Suite_15,Forward,0,1750,1.50885,0.566667,0,0.002368,0.235872,2.06805,483.548,15000,0,0
Suite_15,Forward,0,1751,1.47888,0.566449,0,0.00336,0.229248,2.10317,475.474,15000,0,0
Suite_15,Forward,0,1752,1.50702,0.675869,0,0.003584,0.229376,2.06295,484.742,15000,0,0
Suite_15,Forward,0,1753,1.48709,0.62146,0,0.004096,0.241664,2.20208,454.115,15000,0,0
Suite_15,Forward,0,1754,1.48475,0.580975,0,0.003488,0.229056,2.12479,470.634,15000,0,0
Suite_15,Forward,0,1755,1.47348,0.565004,0,0.004128,0.227328,2.07913,480.97,15000,0,0
Suite_15,Forward,0,1756,1.49952,0.561129,0,0.004,0.227968,2.05066,487.648,15000,0,0
Suite_15,Forward,0,1757,1.52558,0.609049,0,0.004096,0.229376,2.07433,482.084,15000,0,0
Suite_15,Forward,0,1758,1.4894,0.578177,0,0.00448,0.229376,2.16451,461.998,15000,0,0
Suite_15,Forward,0,1759,1.5088,0.557982,0,0.003424,0.229376,2.08068,480.612,15000,0,0
Suite_15,Forward,0,1760,1.51885,0.576838,0,0.004096,0.229376,2.07907,480.985,15000,0,0
Suite_15,Forward,0,1761,1.48675,0.566373,0,0.003904,0.228224,2.11076,473.763,15000,0,0
Suite_15,Forward,0,1762,1.49391,0.586001,0,0.004096,0.227648,2.06696,483.803,15000,0,0
Suite_15,Forward,0,1763,1.48716,0.59716,0,0.005536,0.239616,2.09214,477.98,15000,0,0
Suite_15,Forward,0,1764,1.49926,0.586015,0,0.004096,0.230048,2.09775,476.702,15000,0,0
Suite_15,Forward,0,1765,1.48775,0.56125,0,0.003744,0.226912,2.10157,475.835,15000,0,0
Suite_15,Forward,0,1766,1.50575,0.560169,0,0.002624,0.229376,2.06241,484.869,15000,0,0
Suite_15,Forward,0,1767,1.534,0.581543,0,0.004096,0.229024,2.07809,481.212,15000,0,0
Suite_15,Forward,0,1768,1.48645,0.560743,0,0.002432,0.229376,2.12941,469.614,15000,0,0
Suite_15,Forward,0,1769,1.51322,0.560771,0,0.003424,0.229824,2.06111,485.175,15000,0,0
Suite_15,Forward,0,1770,1.52318,0.59631,0,0.00352,0.231136,2.08689,479.183,15000,0,0
Suite_15,Forward,0,1771,1.49425,0.573182,0,0.002528,0.229376,2.13317,468.785,15000,0,0
Suite_15,Forward,0,1772,1.49637,0.586777,0,0.002272,0.229376,2.08102,480.534,15000,0,0
Suite_15,Forward,0,1773,1.49843,0.602072,0,0.003392,0.23968,2.09807,476.629,15000,0,0
Suite_15,Forward,0,1774,1.50787,0.570741,0,0.003872,0.231264,2.11461,472.9,15000,0,0
Suite_15,Forward,0,1775,1.4924,0.562499,0,0.003552,0.249856,2.09632,477.027,15000,0,0
Suite_15,Forward,0,1776,1.52355,0.561423,0,0.002176,0.23104,2.06694,483.806,15000,0,0
Suite_15,Forward,0,1777,1.54681,0.589422,0,0.003776,0.229536,2.09845,476.543,15000,0,0
Suite_15,Forward,0,1778,1.50483,0.560529,0,0.00224,0.23104,2.15126,464.843,15000,0,0
Suite_15,Forward,0,1779,1.52564,0.559545,0,0.002624,0.2312,2.07772,481.297,15000,0,0
Suite_15,Forward,0,1780,1.54019,0.584069,0,0.004608,0.229376,2.10199,475.74,15000,0,0
Suite_15,Forward,0,1781,1.49897,0.573156,0,0.005696,0.231424,2.1416,466.941,15000,0,0
Suite_15,Forward,0,1782,1.53275,0.558221,0,0.00432,0.229376,2.08546,479.511,15000,0,0
Suite_15,Forward,0,1783,1.5147,0.608643,0,0.005984,0.240864,2.10315,475.476,15000,0,0
Suite_15,Forward,0,1784,1.53192,0.573873,0,0.004096,0.229888,2.14553,466.085,15000,0,0
Suite_15,Forward,0,1785,1.5129,0.590865,0,0.003936,0.229504,2.12113,471.446,15000,0,0
Suite_15,Forward,0,1786,1.51362,0.573641,0,0.003776,0.251904,2.11766,472.219,15000,0,0
Suite_15,Forward,0,1787,1.55473,0.572841,0,0.003776,0.229376,2.09988,476.217,15000,0,0
Suite_15,Forward,0,1788,1.51753,0.799932,0,0.647584,0.875808,2.14133,467,15000,0,0
Suite_15,Forward,0,1789,1.54951,0.561283,0,0.003104,0.231264,2.33241,428.742,15000,0,0
Suite_15,Forward,0,1790,1.57688,0.588464,0,0.003872,0.231424,2.12482,470.628,15000,0,0
Suite_15,Forward,0,1791,1.52142,0.563526,0,0.004032,0.231424,2.1797,458.78,15000,0,0
Suite_15,Forward,0,1792,1.54753,0.558377,0,0.004096,0.231264,2.09742,476.777,15000,0,0
Suite_15,Forward,0,1793,1.56054,0.591169,0,0.003808,0.232704,2.12024,471.645,15000,0,0
Suite_15,Forward,0,1794,1.51508,0.577742,0,0.003552,0.23152,2.16709,461.448,15000,0,0
Suite_15,Forward,0,1795,1.55758,0.554599,0,0.004096,0.229696,2.10518,475.018,15000,0,0
Suite_15,Forward,0,1796,1.56328,0.576658,0,0.004576,0.23696,2.12423,470.758,15000,0,0
Suite_15,Forward,0,1797,1.56185,0.574592,0,0.002912,0.23184,2.16473,461.951,15000,0,0
Suite_15,Forward,0,1798,1.54251,0.588011,0,0.004096,0.232256,2.15103,464.895,15000,0,0
Suite_15,Forward,0,1799,1.53235,0.611156,0,0.004416,0.246656,2.1428,466.68,15000,0,0
Suite_15,Forward,0,1800,1.55624,0.594799,0,0.004512,0.231424,2.15752,463.496,15000,0,0
Suite_15,Forward,0,1801,1.54973,0.559612,0,0.004096,0.233472,2.16734,461.396,15000,0,0
Suite_15,Forward,0,1802,1.57729,0.556649,0,0.004096,0.234176,2.12289,471.056,15000,0,0
Suite_15,Forward,0,1803,1.60359,0.582274,0,0.004032,0.232928,2.14637,465.902,15000,0,0
Suite_15,Forward,0,1804,1.55165,0.564233,0,0.004096,0.233472,2.19999,454.548,15000,0,0
Suite_15,Forward,0,1805,1.58237,0.591547,0,0.004416,0.23152,2.1301,469.461,15000,0,0
Suite_15,Forward,0,1806,1.60848,0.596281,0,0.004096,0.233472,2.18991,456.641,15000,0,0
Suite_15,Forward,0,1807,1.56109,0.558094,0,0.005184,0.233472,2.21939,450.574,15000,0,0
Suite_15,Forward,0,1808,1.58592,0.554111,0,0.004448,0.233216,2.13142,469.171,15000,0,0
Suite_15,Forward,0,1809,1.60628,0.608682,0,0.004416,0.233472,2.1581,463.371,15000,0,0
Suite_15,Forward,0,1810,1.55531,0.581349,0,0.004576,0.23552,2.23183,448.062,15000,0,0
Suite_15,Forward,0,1811,1.58865,0.560659,0,0.004864,0.234496,2.1498,465.159,15000,0,0
Suite_15,Forward,0,1812,1.56597,0.591064,0,0.004704,0.236832,2.1616,462.621,15000,0,0
Suite_15,Forward,0,1813,1.59909,0.584707,0,0.00576,0.23552,2.17179,460.451,15000,0,0
Suite_15,Forward,0,1814,1.58139,0.590934,0,0.005824,0.23536,2.19895,454.763,15000,0,0
Suite_15,Forward,0,1815,1.57863,0.60991,0,0.006176,0.246816,2.18564,457.532,15000,0,0
Suite_15,Forward,0,1816,1.596,0.576135,0,0.005888,0.237216,2.21061,452.364,15000,0,0
Suite_15,Forward,0,1817,1.58284,0.562909,0,0.005824,0.261568,2.1872,457.206,15000,0,0
Suite_15,Forward,0,1818,1.61754,0.562482,0,0.004384,0.233472,2.15958,463.053,15000,0,0
Suite_15,Forward,0,1819,1.64022,0.583458,0,0.005696,0.235456,2.1926,456.08,15000,0,0
Suite_15,Forward,0,1820,1.59506,0.559725,0,0.005952,0.234784,2.23772,446.883,15000,0,0
Suite_15,Forward,0,1821,1.61514,0.565669,0,0.006144,0.236736,2.16853,461.142,15000,0,0
Suite_15,Forward,0,1822,1.64654,0.575022,0,0.006112,0.23552,2.19423,455.741,15000,0,0
Suite_15,Forward,0,1823,1.60008,0.556448,0,0.005952,0.23552,2.23515,447.396,15000,0,0
Suite_15,Forward,0,1824,1.63202,0.556139,0,0.006144,0.237056,2.16888,461.067,15000,0,0
Suite_15,Forward,0,1825,1.65228,0.570573,0,0.006176,0.235808,2.20159,454.216,15000,0,0
Suite_15,Forward,0,1826,1.6007,0.586751,0,0.006144,0.236992,2.23756,446.915,15000,0,0
Suite_15,Forward,0,1827,1.63285,0.562832,0,0.006144,0.236,2.19988,454.57,15000,0,0
Suite_15,Forward,0,1828,1.65673,0.582255,0,0.006144,0.237216,2.20826,452.846,15000,0,0
Suite_15,Forward,0,1829,1.60604,0.571274,0,0.006624,0.237536,2.2555,443.36,15000,0,0
Suite_15,Forward,0,1830,1.64571,0.563233,0,0.006144,0.237184,2.19062,456.492,15000,0,0
Suite_15,Forward,0,1831,1.65454,0.58738,0,0.00816,0.242144,2.2212,450.206,15000,0,0
Suite_15,Forward,0,1832,1.63234,0.572091,0,0.00672,0.237664,2.25576,443.309,15000,0,0
Suite_15,Forward,0,1833,1.65739,0.559612,0,0.006944,0.239936,2.21981,450.488,15000,0,0
Suite_15,Forward,0,1834,1.64289,0.592427,0,0.008192,0.249696,2.23056,448.318,15000,0,0
Suite_15,Forward,0,1835,1.65342,0.574884,0,0.006144,0.238208,2.24872,444.697,15000,0,0
Suite_15,Forward,0,1836,1.64675,0.588997,0,0.0064,0.239616,2.24197,446.036,15000,0,0
Suite_15,Forward,0,1837,1.65974,0.592332,0,0.008672,0.248416,2.25495,443.468,15000,0,0
Suite_15,Forward,0,1838,1.66405,0.574832,0,0.008192,0.239616,2.26694,441.123,15000,0,0
Suite_15,Forward,0,1839,1.65087,0.598942,0,0.006944,0.238112,2.25204,444.042,15000,0,0
Suite_15,Forward,0,1840,1.65244,0.598318,0,0.008448,0.248448,2.26284,441.922,15000,0,0
Suite_15,Forward,0,1841,1.669,0.568882,0,0.008032,0.241568,2.26613,441.28,15000,0,0
Suite_15,Forward,0,1842,1.6601,0.588635,0,0.00848,0.242112,2.25174,444.101,15000,0,0
Suite_15,Forward,0,1843,1.65895,0.571563,0,0.008384,0.2648,2.26097,442.287,15000,0,0
Suite_15,Forward,0,1844,1.70469,0.572651,0,0.008192,0.240608,2.24289,445.853,15000,0,0
Suite_15,Forward,0,1845,1.67286,0.560462,0,0.008544,0.263968,2.29329,436.056,15000,0,0
Suite_15,Forward,0,1846,1.69539,0.581661,0,0.008608,0.264992,2.24665,445.107,15000,0,0
Suite_15,Forward,0,1847,1.71052,0.573686,0,0.008192,0.242848,2.28945,436.787,15000,0,0
Suite_15,Forward,0,1848,1.67846,0.56153,0,0.01024,0.267776,2.29745,435.265,15000,0,0
Suite_15,Forward,0,1849,1.70535,0.582928,0,0.008192,0.243104,2.25374,443.706,15000,0,0
Suite_15,Forward,0,1850,1.7238,0.606202,0,0.008704,0.241504,2.30161,434.479,15000,0,0
Suite_15,Forward,0,1851,1.69371,0.556715,0,0.009152,0.24576,2.3466,426.148,15000,0,0
Suite_15,Forward,0,1852,1.71492,0.586797,0,0.009696,0.243456,2.26299,441.893,15000,0,0
Suite_15,Forward,0,1853,1.72848,0.582078,0,0.01024,0.247136,2.31608,431.764,15000,0,0
Suite_15,Forward,0,1854,1.696,0.557496,0,0.009696,0.24128,2.33565,428.147,15000,0,0
Suite_15,Forward,0,1855,1.72168,0.571417,0,0.01024,0.244256,2.26599,441.308,15000,0,0
Suite_15,Forward,0,1856,1.73649,0.578273,0,0.011456,0.247808,2.30534,433.776,15000,0,0
Suite_15,Forward,0,1857,1.70009,0.562827,0,0.012064,0.245856,2.33067,429.061,15000,0,0
Suite_15,Forward,0,1858,1.72798,0.570363,0,0.01024,0.243712,2.27589,439.389,15000,0,0
Suite_15,Forward,0,1859,1.7427,0.574452,0,0.01024,0.24576,2.31073,432.764,15000,0,0
Suite_15,Forward,0,1860,1.7067,0.560675,0,0.01024,0.242944,2.33092,429.016,15000,0,0
Suite_15,Forward,0,1861,1.73312,0.56858,0,0.011744,0.245088,2.28169,438.272,15000,0,0
Suite_15,Forward,0,1862,1.75178,0.576195,0,0.011104,0.245472,2.31494,431.976,15000,0,0
Suite_15,Forward,0,1863,1.72261,0.566,0,0.01088,0.246464,2.34292,426.817,15000,0,0
Suite_15,Forward,0,1864,1.74708,0.574473,0,0.010784,0.245376,2.30153,434.493,15000,0,0
Suite_15,Forward,0,1865,1.76015,0.577976,0,0.0104,0.247136,2.34481,426.473,15000,0,0
Suite_15,Forward,0,1866,1.72419,0.562975,0,0.012288,0.244768,2.35916,423.879,15000,0,0
Suite_15,Forward,0,1867,1.7537,0.577243,0,0.012288,0.24576,2.29986,434.808,15000,0,0
Suite_15,Forward,0,1868,1.76709,0.585062,0,0.012288,0.248032,2.344,426.621,15000,0,0
Suite_15,Forward,0,1869,1.72989,0.561204,0,0.014176,0.268288,2.36815,422.271,15000,0,0
Suite_15,Forward,0,1870,1.76096,0.571953,0,0.013248,0.268288,2.30432,433.967,15000,0,0
Suite_15,Forward,0,1871,1.77639,0.574022,0,0.012224,0.247808,2.34591,426.274,15000,0,0
Suite_15,Forward,0,1872,1.74077,0.561894,0,0.014208,0.272864,2.36341,423.117,15000,0,0
Suite_15,Forward,0,1873,1.7685,0.572917,0,0.015392,0.272736,2.31592,431.793,15000,0,0
Suite_15,Forward,0,1874,1.78389,0.572826,0,0.014336,0.2496,2.35505,424.619,15000,0,0
Suite_15,Forward,0,1875,1.74518,0.599703,0,0.012416,0.247808,2.37001,421.94,15000,0,0
Suite_15,Forward,0,1876,1.74834,0.599639,0,0.014336,0.249536,2.35754,424.172,15000,0,0
Suite_15,Forward,0,1877,1.76366,0.574969,0,0.014336,0.250784,2.36317,423.161,15000,0,0
Suite_15,Forward,0,1878,1.75253,0.584561,0,0.014336,0.249856,2.35277,425.031,15000,0,0
Suite_15,Forward,0,1879,1.75216,0.60039,0,0.014528,0.25952,2.3502,425.496,15000,0,0
Suite_15,Forward,0,1880,1.77071,0.573049,0,0.014624,0.250976,2.3661,422.637,15000,0,0
Suite_15,Forward,0,1881,1.7643,0.596291,0,0.014304,0.249856,2.3585,423.998,15000,0,0
Suite_15,Forward,0,1882,1.77171,0.595496,0,0.014944,0.258976,2.3745,421.141,15000,0,0
Suite_15,Forward,0,1883,1.77704,0.570309,0,0.016032,0.253344,2.38016,420.14,15000,0,0
Suite_15,Forward,0,1884,1.77299,0.59135,0,0.016384,0.249984,2.3602,423.693,15000,0,0
Suite_15,Forward,0,1885,1.78217,0.595174,0,0.015904,0.25776,2.37818,420.489,15000,0,0
Suite_15,Forward,0,1886,1.78814,0.56338,0,0.014656,0.253152,2.39131,418.181,15000,0,0
Suite_15,Forward,0,1887,1.79809,0.559577,0,0.01488,0.2504,2.3642,422.976,15000,0,0
Suite_15,Forward,0,1888,1.85703,0.674798,0,0.01472,0.255776,2.36987,421.964,15000,0,0
Suite_15,Forward,0,1889,1.7687,0.581668,0,0.016384,0.253536,2.55242,391.786,15000,0,0
Suite_15,Forward,0,1890,1.81299,0.565823,0,0.016736,0.256,2.36529,422.781,15000,0,0
Suite_15,Forward,0,1891,1.8201,0.580398,0,0.016384,0.250272,2.39155,418.139,15000,0,0
Suite_15,Forward,0,1892,1.77762,0.578958,0,0.01776,0.253952,2.4148,414.113,15000,0,0
Suite_15,Forward,0,1893,1.81896,0.595406,0,0.016384,0.251456,2.37158,421.659,15000,0,0
Suite_15,Forward,0,1894,1.84306,0.590183,0,0.017984,0.252064,2.43671,410.389,15000,0,0
Suite_15,Forward,0,1895,1.79723,0.561875,0,0.0168,0.254656,2.4485,408.413,15000,0,0
Suite_15,Forward,0,1896,1.81877,0.557428,0,0.016384,0.253792,2.37128,421.714,15000,0,0
Suite_15,Forward,0,1897,1.84782,0.575421,0,0.017632,0.252864,2.39017,418.381,15000,0,0
Suite_15,Forward,0,1898,1.79075,0.562456,0,0.01712,0.254048,2.43797,410.177,15000,0,0
Suite_15,Forward,0,1899,1.82259,0.574496,0,0.018432,0.256192,2.36554,422.736,15000,0,0
Suite_15,Forward,0,1900,1.84553,0.580031,0,0.018368,0.252352,2.40979,414.975,15000,0,0
Suite_15,Forward,0,1901,1.80972,0.565917,0,0.018432,0.252192,2.44136,409.607,15000,0,0
Suite_15,Forward,0,1902,1.83725,0.570391,0,0.02,0.276128,2.38958,418.484,15000,0,0
Suite_15,Forward,0,1903,1.86245,0.571248,0,0.018848,0.255616,2.4196,413.292,15000,0,0
Suite_15,Forward,0,1904,1.8228,0.589536,0,0.020224,0.256832,2.44749,408.582,15000,0,0
Suite_15,Forward,0,1905,1.8315,0.609737,0,0.020064,0.257312,2.42637,412.138,15000,0,0
Suite_15,Forward,0,1906,1.84018,0.570071,0,0.018816,0.259232,2.45735,406.943,15000,0,0
Suite_15,Forward,0,1907,1.82291,0.599197,0,0.019392,0.257696,2.42322,412.674,15000,0,0
Suite_15,Forward,0,1908,1.83196,0.597932,0,0.0208,0.257984,2.43434,410.788,15000,0,0
Suite_15,Forward,0,1909,1.84269,0.569646,0,0.020288,0.25664,2.44602,408.827,15000,0,0
Suite_15,Forward,0,1910,1.86045,0.558011,0,0.02048,0.259968,2.42658,412.102,15000,0,0
Suite_15,Forward,0,1911,1.87089,0.59225,0,0.02048,0.257344,2.43061,411.419,15000,0,0
Suite_15,Forward,0,1912,1.83602,0.563492,0,0.021088,0.259168,2.47751,403.632,15000,0,0
Suite_15,Forward,0,1913,1.86195,0.554963,0,0.020928,0.258112,2.41363,414.314,15000,0,0
Suite_15,Forward,0,1914,1.88472,0.582636,0,0.022528,0.260096,2.43031,411.469,15000,0,0
Suite_15,Forward,0,1915,1.84223,0.558968,0,0.021344,0.258048,2.48064,403.121,15000,0,0
Suite_15,Forward,0,1916,1.8705,0.560673,0,0.024576,0.264128,2.41377,414.29,15000,0,0
Suite_15,Forward,0,1917,1.89317,0.570842,0,0.024448,0.26416,2.44468,409.052,15000,0,0
Suite_15,Forward,0,1918,1.85044,0.560455,0,0.022528,0.258688,2.47855,403.462,15000,0,0
Suite_15,Forward,0,1919,1.87184,0.554169,0,0.0208,0.25888,2.42328,412.663,15000,0,0
Suite_15,Forward,0,1920,1.91008,0.596481,0,0.022208,0.259648,2.43818,410.142,15000,0,0
Suite_15,Forward,0,1921,1.86818,0.596944,0,0.024576,0.26624,2.53186,394.966,15000,0,0
Suite_15,Forward,0,1922,1.86296,0.598641,0,0.021376,0.260928,2.47998,403.23,15000,0,0
Suite_15,Forward,0,1923,1.86819,0.573381,0,0.022592,0.262144,2.48461,402.478,15000,0,0
Suite_15,Forward,0,1924,1.86312,0.587924,0,0.022624,0.262144,2.45512,407.312,15000,0,0
Suite_15,Forward,0,1925,1.89247,0.570755,0,0.024928,0.263008,2.46582,405.544,15000,0,0
Suite_15,Forward,0,1926,1.88305,0.56839,0,0.023424,0.260096,2.47754,403.626,15000,0,0
Suite_15,Forward,0,1927,1.8881,0.559789,0,0.02336,0.264,2.4643,405.794,15000,0,0
Suite_15,Forward,0,1928,1.90536,0.592426,0,0.024576,0.2616,2.45984,406.53,15000,0,0
Suite_15,Forward,0,1929,1.86989,0.569348,0,0.024576,0.268288,2.51367,397.825,15000,0,0
Suite_15,Forward,0,1930,1.89276,0.555538,0,0.024768,0.264192,2.45316,407.637,15000,0,0
Suite_15,Forward,0,1931,1.92374,0.571331,0,0.024576,0.264192,2.46039,406.439,15000,0,0
Suite_15,Forward,0,1932,1.88067,0.555906,0,0.0264,0.2656,2.50901,398.563,15000,0,0
Suite_15,Forward,0,1933,1.90552,0.576899,0,0.026112,0.265824,2.45035,408.105,15000,0,0
Suite_15,Forward,0,1934,1.93263,0.610972,0,0.026592,0.269824,2.49564,400.698,15000,0,0
Suite_15,Forward,0,1935,1.89571,0.59439,0,0.025472,0.264672,2.5597,390.67,15000,0,0
Suite_15,Forward,0,1936,1.89466,0.605941,0,0.0272,0.269024,2.50375,399.401,15000,0,0
Suite_15,Forward,0,1937,1.90208,0.58013,0,0.026592,0.264416,2.51853,397.057,15000,0,0
Suite_15,Forward,0,1938,1.90855,0.558937,0,0.027712,0.265728,2.49738,400.42,15000,0,0
Suite_15,Forward,0,1939,1.92887,0.600697,0,0.025344,0.26544,2.4804,403.161,15000,0,0
Suite_15,Forward,0,1940,1.88536,0.576684,0,0.026944,0.26624,2.5448,392.959,15000,0,0
Suite_15,Forward,0,1941,1.92192,0.570931,0,0.026624,0.26624,2.47696,403.721,15000,0,0
Suite_15,Forward,0,1942,1.94595,0.579309,0,0.027904,0.266944,2.50614,399.019,15000,0,0
Suite_15,Forward,0,1943,1.89995,0.563225,0,0.026624,0.26624,2.53996,393.707,15000,0,0
Suite_15,Forward,0,1944,1.92047,0.557271,0,0.027008,0.26624,2.47631,403.826,15000,0,0
Suite_15,Forward,0,1945,1.95793,0.588659,0,0.026528,0.266464,2.49125,401.405,15000,0,0
Suite_15,Forward,0,1946,1.90966,0.556305,0,0.026624,0.289056,2.56277,390.202,15000,0,0
Suite_15,Forward,0,1947,1.92446,0.591492,0,0.03312,0.27648,2.47862,403.451,15000,0,0
Suite_15,Forward,0,1948,1.92873,0.574764,0,0.026944,0.268064,2.53242,394.88,15000,0,0
Suite_15,Forward,0,1949,1.90131,0.597829,0,0.02896,0.272128,2.51919,396.953,15000,0,0
Suite_15,Forward,0,1950,1.9436,0.588401,0,0.0304,0.272512,2.51269,397.98,15000,0,0
Suite_15,Forward,0,1951,1.90866,0.564377,0,0.02768,0.268288,2.55049,392.081,15000,0,0
Suite_15,Forward,0,1952,1.93721,0.562886,0,0.02928,0.270464,2.48587,402.274,15000,0,0
Suite_15,Forward,0,1953,1.96842,0.571542,0,0.028672,0.270336,2.51406,397.763,15000,0,0
Suite_15,Forward,0,1954,1.9078,0.56267,0,0.028864,0.269504,2.55514,391.368,15000,0,0
Suite_15,Forward,0,1955,1.93356,0.561845,0,0.030304,0.270304,2.48313,402.717,15000,0,0
Suite_15,Forward,0,1956,1.96422,0.586061,0,0.028352,0.270016,2.5074,398.819,15000,0,0
Suite_15,Forward,0,1957,1.92384,0.558553,0,0.028672,0.292864,2.56606,389.702,15000,0,0
Suite_15,Forward,0,1958,1.95672,0.570954,0,0.029056,0.282624,2.49644,400.571,15000,0,0
Suite_15,Forward,0,1959,1.92992,0.571654,0,0.028768,0.26928,2.57041,389.042,15000,0,0
Suite_15,Forward,0,1960,1.94808,0.572821,0,0.028704,0.271744,2.515,397.614,15000,0,0
Suite_15,Forward,0,1961,1.95757,0.588763,0,0.030048,0.268288,2.60742,383.522,15000,0,0
Suite_15,Forward,0,1962,1.907,0.585444,0,0.030016,0.270336,2.56251,390.243,15000,0,0
Suite_15,Forward,0,1963,1.95634,0.575233,0,0.030176,0.271168,2.50642,398.975,15000,0,0
Suite_15,Forward,0,1964,1.96887,0.573703,0,0.03072,0.271488,2.54443,393.015,15000,0,0
Suite_15,Forward,0,1965,1.92817,0.562483,0,0.030336,0.272352,2.56181,390.349,15000,0,0
Suite_15,Forward,0,1966,1.95333,0.555393,0,0.029248,0.269152,2.50449,399.283,15000,0,0
Suite_15,Forward,0,1967,1.97189,0.573801,0,0.030016,0.27232,2.52073,396.711,15000,0,0
Suite_15,Forward,0,1968,1.92924,0.583828,0,0.030112,0.270592,2.55924,390.741,15000,0,0
Suite_15,Forward,0,1969,1.93658,0.607347,0,0.031104,0.272384,2.52714,395.704,15000,0,0
Suite_15,Forward,0,1970,1.95037,0.568151,0,0.03072,0.270688,2.55938,390.719,15000,0,0
Suite_15,Forward,0,1971,1.95856,0.56702,0,0.032768,0.276416,2.53177,394.981,15000,0,0
Suite_15,Forward,0,1972,1.97354,0.589809,0,0.032224,0.275328,2.538,394.01,15000,0,0
Suite_15,Forward,0,1973,1.93031,0.575817,0,0.032384,0.274432,2.57985,387.619,15000,0,0
Suite_15,Forward,0,1974,1.96292,0.585816,0,0.030944,0.274272,2.52056,396.738,15000,0,0
Suite_15,Forward,0,1975,1.98443,0.583433,0,0.031904,0.27392,2.56311,390.151,15000,0,0
Suite_15,Forward,0,1976,1.94067,0.570201,0,0.03072,0.272736,2.58181,387.326,15000,0,0
Suite_15,Forward,0,1977,1.95984,0.572535,0,0.031328,0.273568,2.5251,396.024,15000,0,0
Suite_15,Forward,0,1978,1.97344,0.579292,0,0.03072,0.272128,2.54639,392.712,15000,0,0
Suite_15,Forward,0,1979,1.94239,0.585585,0,0.032672,0.27648,2.57142,388.891,15000,0,0
Suite_15,Forward,0,1980,1.94538,0.603079,0,0.032416,0.27376,2.54061,393.605,15000,0,0
Suite_15,Forward,0,1981,1.95461,0.562225,0,0.033888,0.27648,2.5639,390.031,15000,0,0
Suite_15,Forward,0,1982,1.96698,0.561572,0,0.031648,0.276672,2.53059,395.165,15000,0,0
Suite_15,Forward,0,1983,1.97853,0.601068,0,0.033696,0.277504,2.54069,393.593,15000,0,0
Suite_15,Forward,0,1984,1.94724,0.569124,0,0.03248,0.28,2.59337,385.599,15000,0,0
Suite_15,Forward,0,1985,1.97081,0.564543,0,0.031648,0.274336,2.53186,394.966,15000,0,0
Suite_15,Forward,0,1986,1.99341,0.572102,0,0.032384,0.27616,2.5491,392.295,15000,0,0
Suite_15,Forward,0,1987,1.95191,0.560213,0,0.032768,0.301984,2.57948,387.675,15000,0,0
Suite_15,Forward,0,1988,1.98734,0.590649,0,0.033024,0.278528,2.52444,396.128,15000,0,0
Suite_15,Forward,0,1989,1.96215,0.584716,0,0.03264,0.276064,2.595,385.356,15000,0,0
Suite_15,Forward,0,1990,1.97088,0.567849,0,0.03456,0.276992,2.56113,390.453,15000,0,0
Suite_15,Forward,0,1991,1.98349,0.590157,0,0.032768,0.276,2.55098,392.006,15000,0,0
Suite_15,Forward,0,1992,1.94992,0.564247,0,0.032576,0.2768,2.58767,386.448,15000,0,0
Suite_15,Forward,0,1993,1.97373,0.562698,0,0.032864,0.280128,2.52805,395.561,15000,0,0
Suite_15,Forward,0,1994,1.99076,0.573821,0,0.032768,0.278272,2.55026,392.117,15000,0,0
Suite_15,Forward,0,1995,1.94696,0.558659,0,0.03584,0.280576,2.57828,387.855,15000,0,0
Suite_15,Forward,0,1996,1.97313,0.587104,0,0.034496,0.280832,2.51798,397.143,15000,0,0
Suite_15,Forward,0,1997,1.99586,0.570289,0,0.036928,0.28128,2.57451,388.424,15000,0,0
Suite_15,Forward,0,1998,1.9533,0.594609,0,0.042976,0.28816,2.58088,387.464,15000,0,0
Suite_15,Forward,0,1999,1.9572,0.607112,0,0.043296,0.288544,2.56096,390.479,15000,0,0
Suite_15,Forward,0,2000,1.96873,0.57374,0,0.042944,0.286752,2.57889,387.763,15000,0,0
Suite_15,Forward,0,2001,1.98089,0.564299,0,0.043008,0.287488,2.55694,391.092,15000,0,0
Suite_15,Forward,0,2002,1.98709,0.583098,0,0.043776,0.28816,2.5586,390.838,15000,0,0
Suite_15,Forward,0,2003,1.94715,0.572999,0,0.043104,0.288768,2.58396,387.002,15000,0,0
Suite_15,Forward,0,2004,1.96805,0.557273,0,0.043744,0.28672,2.53306,394.78,15000,0,0
Suite_15,Forward,0,2005,1.99543,0.57366,0,0.043168,0.288608,2.53986,393.722,15000,0,0
Suite_15,Forward,0,2006,1.95076,0.555508,0,0.043424,0.313344,2.58379,387.028,15000,0,0
Suite_15,Forward,0,2007,1.9773,0.598006,0,0.045056,0.290656,2.51929,396.938,15000,0,0
Suite_15,Forward,0,2008,1.9984,0.663953,0,0.043456,0.289824,2.59411,385.488,15000,0,0
Suite_15,Forward,0,2009,1.99149,0.595243,0,0.050496,0.294912,2.68288,372.733,15000,0,0
Suite_15,Forward,0,2010,1.99396,0.610357,0,0.049056,0.292864,2.60215,384.298,15000,0,0
Suite_15,Forward,0,2011,1.94933,0.563233,0,0.049824,0.301088,2.61918,381.799,15000,0,0
Suite_15,Forward,0,2012,1.97256,0.56256,0,0.054976,0.299008,2.52509,396.025,15000,0,0
Suite_15,Forward,0,2013,2.01223,0.607675,0,0.055296,0.29728,2.5493,392.265,15000,0,0
Suite_15,Forward,0,2014,1.95719,0.564637,0,0.054112,0.322656,2.63816,379.051,15000,0,0
Suite_15,Forward,0,2015,1.98507,0.608539,0,0.065952,0.307872,2.53563,394.38,15000,0,0
Suite_15,Forward,0,2016,1.96675,0.584471,0,0.065792,0.3104,2.60708,383.571,15000,0,0
Suite_15,Forward,0,2017,1.97016,0.563256,0,0.066112,0.31136,2.56652,389.633,15000,0,0
Suite_15,Forward,0,2018,1.99219,0.586944,0,0.067008,0.309248,2.54679,392.651,15000,0,0
Suite_15,Forward,0,2019,1.93466,0.588085,0,0.067552,0.316416,2.59339,385.596,15000,0,0
Suite_15,Forward,0,2020,1.97848,0.559707,0,0.066656,0.311296,2.53652,394.241,15000,0,0
Suite_15,Forward,0,2021,1.99807,0.596754,0,0.072416,0.31952,2.55277,391.732,15000,0,0
Suite_15,Forward,0,2022,1.97026,0.632784,0,0.073728,0.320896,2.61226,382.81,15000,0,0
Suite_15,Forward,0,2023,1.99154,0.621278,0,0.073152,0.339968,2.61964,381.732,15000,0,0
Suite_15,Forward,0,2024,2.00445,0.592137,0,0.07344,0.319264,2.62976,380.262,15000,0,0
Suite_15,Forward,0,2025,1.98066,0.625449,0,0.073376,0.319392,2.61355,382.621,15000,0,0
Suite_15,Forward,0,2026,1.99534,0.570546,0,0.072672,0.316832,2.62941,380.313,15000,0,0
Suite_15,Forward,0,2027,1.96073,0.570409,0,0.073728,0.3192,2.58018,387.57,15000,0,0
Suite_15,Forward,0,2028,1.98542,0.564138,0,0.073728,0.316608,2.54421,393.05,15000,0,0
Suite_15,Forward,0,2029,1.99639,0.588233,0,0.079872,0.321536,2.56338,390.111,15000,0,0
Suite_15,Forward,0,2030,1.9631,0.558038,0,0.079488,0.323584,2.59955,384.682,15000,0,0
Suite_15,Forward,0,2031,1.97469,0.561773,0,0.07984,0.323488,2.53394,394.642,15000,0,0
Suite_15,Forward,0,2032,1.98331,0.558075,0,0.086016,0.329728,2.54878,392.345,15000,0,0
Suite_15,Forward,0,2033,1.95511,0.587289,0,0.085504,0.330688,2.55523,391.355,15000,0,0
Suite_15,Forward,0,2034,1.95969,0.601194,0,0.086016,0.330016,2.55592,391.249,15000,0,0
Suite_15,Forward,0,2035,1.96742,0.565076,0,0.086016,0.33008,2.57443,388.435,15000,0,0
Suite_15,Forward,0,2036,1.98616,0.569951,0,0.085952,0.329792,2.55084,392.028,15000,0,0
Suite_15,Forward,0,2037,1.99063,0.593206,0,0.086016,0.331232,2.57097,388.959,15000,0,0
Suite_15,Forward,0,2038,1.94856,0.57035,0,0.086528,0.335392,2.59891,384.776,15000,0,0
Suite_15,Forward,0,2039,1.97762,0.559913,0,0.086464,0.329728,2.53143,395.034,15000,0,0
Suite_15,Forward,0,2040,1.99714,0.581507,0,0.08624,0.331456,2.54963,392.213,15000,0,0
Suite_15,Forward,0,2041,1.96132,0.561805,0,0.092384,0.357888,2.59438,385.448,15000,0,0
Suite_15,Forward,0,2042,1.98287,0.602728,0,0.092384,0.344,2.53682,394.194,15000,0,0
Suite_15,Forward,0,2043,1.96531,0.583639,0,0.092576,0.338272,2.59929,384.721,15000,0,0
Suite_15,Forward,0,2044,1.97524,0.561115,0,0.093888,0.33648,2.56197,390.325,15000,0,0
Suite_15,Forward,0,2045,1.98924,0.586451,0,0.092544,0.337632,2.55067,392.054,15000,0,0
Suite_15,Forward,0,2046,1.94061,0.578409,0,0.094208,0.339968,2.59028,386.059,15000,0,0
Suite_15,Forward,0,2047,1.97626,0.563749,0,0.09408,0.341472,2.53166,394.997,15000,0,0
Suite_15,Forward,0,2048,1.99328,0.573411,0,0.100064,0.34816,2.55217,391.824,15000,0,0
Suite_15,Forward,0,2049,1.95448,0.564905,0,0.10048,0.350016,2.58174,387.336,15000,0,0
Suite_15,Forward,0,2050,1.98643,0.576964,0,0.100096,0.348544,2.53294,394.797,15000,0,0
Suite_15,Forward,0,2051,1.99424,0.584707,0,0.100352,0.343488,2.57565,388.252,15000,0,0
Suite_15,Forward,0,2052,1.96855,0.623983,0,0.100384,0.349696,2.59274,385.693,15000,0,0
Suite_15,Forward,0,2053,1.96572,0.6086,0,0.10624,0.350208,2.60927,383.249,15000,0,0
Suite_15,Forward,0,2054,1.97285,0.570305,0,0.106496,0.352352,2.5901,386.085,15000,0,0
Suite_15,Forward,0,2055,1.98006,0.563755,0,0.106496,0.35088,2.55587,391.255,15000,0,0
Suite_15,Forward,0,2056,2.00529,0.572725,0,0.107616,0.350592,2.55598,391.239,15000,0,0
Suite_15,Forward,0,2057,1.9606,0.567341,0,0.108224,0.356096,2.5931,385.639,15000,0,0
Suite_15,Forward,0,2058,1.98384,0.568378,0,0.107136,0.351872,2.54185,393.414,15000,0,0
Suite_15,Forward,0,2059,2.00348,0.574719,0,0.107392,0.351584,2.5645,389.94,15000,0,0
Suite_15,Forward,0,2060,1.95427,0.585582,0,0.10816,0.352256,2.5918,385.832,15000,0,0
Suite_15,Forward,0,2061,1.95714,0.608062,0,0.108416,0.352256,2.55417,391.517,15000,0,0
Suite_15,Forward,0,2062,1.96806,0.579564,0,0.108192,0.352256,2.58058,387.51,15000,0,0
Suite_15,Forward,0,2063,1.98306,0.562254,0,0.108544,0.353568,2.56112,390.454,15000,0,0
Suite_15,Forward,0,2064,1.99187,0.60454,0,0.108608,0.352608,2.55765,390.984,15000,0,0
Suite_15,Forward,0,2065,1.95992,0.561959,0,0.114688,0.359744,2.61567,382.311,15000,0,0
Suite_15,Forward,0,2066,1.98146,0.562321,0,0.11472,0.359968,2.53543,394.411,15000,0,0
Suite_15,Forward,0,2067,2.00385,0.569603,0,0.115104,0.360512,2.55601,391.234,15000,0,0
Suite_15,Forward,0,2068,1.96234,0.565109,0,0.116192,0.384832,2.5875,386.473,15000,0,0
Suite_15,Forward,0,2069,1.9863,0.574182,0,0.116416,0.361888,2.54246,393.32,15000,0,0
Suite_15,Forward,0,2070,2,0.595695,0,0.116736,0.362752,2.57467,388.399,15000,128,5.30374e-05
Suite_15,Forward,0,2071,1.98337,0.596103,0,0.117184,0.36096,2.61002,383.14,15000,128,5.32253e-05
Suite_15,Forward,0,2072,2.00252,0.615057,0,0.117472,0.360448,2.59362,385.561,15000,128,5.34149e-05
Suite_15,Forward,0,2073,1.94357,0.60117,0,0.118112,0.364544,2.63551,379.433,15000,128,5.36063e-05
Suite_15,Forward,0,2074,1.98673,0.578751,0,0.118016,0.362432,2.5597,390.671,15000,128,5.37994e-05
Suite_15,Forward,0,2075,2.01713,0.598173,0,0.118752,0.360672,2.57827,387.857,15000,128,5.39943e-05
Suite_15,Forward,0,2076,1.96621,0.58562,0,0.118784,0.385024,2.62958,380.288,15000,128,5.4191e-05
Suite_15,Forward,0,2077,1.98676,0.591742,0,0.118784,0.38336,2.56643,389.646,15000,128,5.43895e-05
Suite_15,Forward,0,2078,2.00562,0.609477,0,0.118784,0.364544,2.59314,385.633,15000,128,5.45898e-05
Suite_15,Forward,0,2079,1.98754,0.577345,0,0.119168,0.362944,2.63071,380.126,15000,128,5.47919e-05
Suite_15,Forward,0,2080,1.99169,0.626825,0,0.118848,0.361248,2.57829,387.854,15000,128,5.4996e-05
Suite_15,Forward,0,2081,1.95796,0.616952,0,0.118784,0.364384,2.63548,379.438,15000,128,5.52019e-05
Suite_15,Forward,0,2082,1.98339,0.586844,0,0.119168,0.362496,2.58949,386.176,15000,128,5.54096e-05
Suite_15,Forward,0,2083,2.01829,0.633656,0,0.118784,0.365472,2.58287,387.166,15000,384,0.00018054
Suite_15,Forward,0,2084,1.96956,0.621009,0,0.120832,0.395264,2.66689,374.969,15000,384,0.00018116
Suite_15,Forward,0,2085,1.99831,0.628899,0,0.120832,0.366592,2.60655,383.649,15000,384,0.000181785
Suite_15,Forward,0,2086,2.00497,0.633311,0,0.126592,0.37392,2.64187,378.519,15000,768,0.00123832
Suite_15,Forward,0,2087,1.9971,0.619526,0,0.126976,0.373216,2.65278,376.963,15000,1024,0.00156426
Suite_15,Forward,0,2088,2.00387,0.653271,0,0.128,0.374304,2.63008,380.216,15000,1024,0.00156985
Suite_15,Forward,0,2089,1.96942,0.637074,0,0.126976,0.374784,2.67315,374.091,15000,1024,0.00157549
Suite_15,Forward,0,2090,1.99913,0.626712,0,0.128512,0.376384,2.62132,381.488,15000,1024,0.00158118
Suite_15,Forward,0,2091,2.03492,0.674308,0,0.128544,0.375136,2.64351,378.285,15000,1152,0.00205843
Suite_15,Forward,0,2092,1.97914,0.6683,0,0.128544,0.376352,2.72619,366.813,15000,1280,0.00224613
Suite_15,Forward,0,2093,1.98441,0.654379,0,0.128736,0.375712,2.66781,374.839,15000,1408,0.00254515
Suite_15,Forward,0,2094,1.98197,0.640394,0,0.129024,0.378144,2.65467,376.695,15000,1408,0.00255456
Suite_15,Forward,0,2095,1.99986,0.625738,0,0.129024,0.376832,2.63634,379.314,15000,1664,0.00290938
Suite_15,Forward,0,2096,2.02178,0.648624,0,0.129184,0.375808,2.63952,378.857,15000,1664,0.00292031
Suite_15,Forward,0,2097,1.97773,0.626944,0,0.130112,0.378848,2.6868,372.19,15000,2048,0.00342766
Suite_15,Forward,0,2098,2.01025,0.64063,0,0.130208,0.400032,2.62062,381.589,15000,2048,0.00344031
Suite_15,Forward,0,2099,2.02686,0.647919,0,0.129664,0.376832,2.66557,375.154,15000,2048,0.00345308
Suite_15,Forward,0,2100,1.9818,0.65903,0,0.136096,0.385376,2.69087,371.627,15000,2176,0.00359862
Suite_15,Forward,0,2101,2.01808,0.665155,0,0.138336,0.38352,2.65774,376.26,15000,2176,0.0036121
Suite_15,Forward,0,2102,1.96401,0.65567,0,0.1376,0.387104,2.7014,370.178,15000,2176,0.00362569
Suite_15,Forward,0,2103,2.0017,0.634033,0,0.138784,0.385664,2.63382,379.676,15000,2176,0.0036394
Suite_15,Forward,0,2104,2.01909,0.641966,0,0.139264,0.39264,2.64963,377.412,15000,2304,0.00371202
Suite_15,Forward,0,2105,1.98101,0.648675,0,0.141088,0.389856,2.67825,373.378,15000,2432,0.00397787
Suite_15,Forward,0,2106,1.98078,0.685906,0,0.139264,0.385984,2.64533,378.025,15000,2560,0.00420501
Suite_15,Forward,0,2107,2.00191,0.649997,0,0.140384,0.38912,2.68276,372.75,15000,2816,0.00474263
Suite_15,Forward,0,2108,2.00349,0.624347,0,0.139904,0.389024,2.66643,375.033,15000,2816,0.00476036
Suite_15,Forward,0,2109,2.01691,0.653034,0,0.141312,0.387808,2.64376,378.25,15000,2816,0.00477825
Suite_15,Forward,0,2110,1.98281,0.636345,0,0.141312,0.390336,2.6863,372.259,15000,2944,0.00517331
Suite_15,Forward,0,2111,2.00468,0.621198,0,0.141312,0.388224,2.63333,379.747,15000,2944,0.00519299
Suite_15,Forward,0,2112,2.03477,0.645673,0,0.141312,0.391168,2.63952,378.856,15000,2944,0.00521284
Suite_15,Forward,0,2113,1.98423,0.662527,0,0.142848,0.393216,2.70708,369.402,15000,2944,0.00523286
Suite_15,Forward,0,2114,2.01914,0.651032,0,0.143232,0.389856,2.66212,375.641,15000,2944,0.00525305
Suite_15,Forward,0,2115,1.96768,0.649798,0,0.142016,0.391456,2.68562,372.353,15000,2944,0.00527341
Suite_15,Forward,0,2116,2.00709,0.631498,0,0.14352,0.391456,2.633,379.795,15000,2944,0.00529394
Suite_15,Forward,0,2117,2.02612,0.858925,0,0.16768,0.413408,2.65512,376.63,15000,2944,0.00531466
Suite_15,Forward,0,2118,1.98945,0.665807,0,0.149568,0.399264,2.90374,344.384,15000,3072,0.00555883
Suite_15,Forward,0,2119,1.98307,0.683417,0,0.151552,0.397984,2.67116,374.369,15000,3328,0.00587284
Suite_15,Forward,0,2120,1.99875,0.647191,0,0.151552,0.39936,2.68229,372.815,15000,3584,0.00609714
Suite_15,Forward,0,2121,2.00989,0.629847,0,0.151584,0.399456,2.66237,375.604,15000,3840,0.00629108
Suite_15,Forward,0,2122,2.03756,0.650425,0,0.151552,0.398272,2.65965,375.989,15000,3968,0.00667382
Suite_15,Forward,0,2123,1.9919,0.684078,0,0.152672,0.419104,2.71396,368.465,15000,3968,0.0067
Suite_15,Forward,0,2124,2.04324,0.727265,0,0.1536,0.401344,2.6971,370.769,15000,3968,0.0067264
Suite_15,Forward,0,2125,2.01755,0.672058,0,0.152768,0.40096,2.7935,357.973,15000,3968,0.00675303
Suite_15,Forward,0,2126,2.01344,0.631802,0,0.15216,0.4024,2.7081,369.263,15000,3968,0.00677987
Suite_15,Forward,0,2127,2.02445,0.659587,0,0.153184,0.401504,2.66013,375.921,15000,3968,0.00680695
Suite_15,Forward,0,2128,1.9987,0.662066,0,0.15504,0.403456,2.70957,369.062,15000,4224,0.0073487
Suite_15,Forward,0,2129,2.02692,0.659344,0,0.1536,0.401856,2.67953,373.199,15000,4352,0.00746581
Suite_15,Forward,0,2130,2.03439,0.660661,0,0.153984,0.404544,2.70306,369.951,15000,4352,0.00749594
Suite_15,Forward,0,2131,1.98961,0.655343,0,0.155616,0.405152,2.71225,368.697,15000,4480,0.00757316
Suite_15,Forward,0,2132,2.02912,0.690522,0,0.155136,0.403456,2.67007,374.522,15000,4480,0.00760396
Suite_15,Forward,0,2133,1.97799,0.650921,0,0.155584,0.405504,2.7463,364.127,15000,4608,0.0078064
Suite_15,Forward,0,2134,2.01612,0.625306,0,0.155648,0.403616,2.64604,377.923,15000,4736,0.00802873
Suite_15,Forward,0,2135,2.04303,0.655561,0,0.155648,0.40496,2.65607,376.497,15000,4736,0.0080615
Suite_15,Forward,0,2136,1.99732,0.674998,0,0.157056,0.407424,2.71639,368.136,15000,4608,0.00788563
Suite_15,Forward,0,2137,1.98902,0.664385,0,0.156,0.405664,2.68917,371.862,15000,4608,0.00791811
Suite_15,Forward,0,2138,2.00494,0.661849,0,0.155904,0.406144,2.66959,374.589,15000,4736,0.00811287
Suite_15,Forward,0,2139,2.01912,0.636919,0,0.157696,0.407552,2.68424,372.545,15000,4736,0.00814653
Suite_15,Forward,0,2140,2.04186,0.643891,0,0.156544,0.405952,2.67121,374.363,15000,4736,0.00818046
Suite_15,Forward,0,2141,1.99639,0.635372,0,0.157536,0.407552,2.70383,369.845,15000,4736,0.00821468
Suite_15,Forward,0,2142,2.01794,0.645159,0,0.159488,0.42672,2.64877,377.534,15000,4736,0.00824919
Suite_15,Forward,0,2143,2.03575,0.648226,0,0.157696,0.407264,2.67861,373.328,15000,4736,0.00828397
Suite_15,Forward,0,2144,2.01555,0.626994,0,0.158304,0.40912,2.69953,370.434,15000,4864,0.00842439
Suite_15,Forward,0,2145,2.02847,0.6585,0,0.159744,0.408576,2.66208,375.645,15000,4992,0.0085683
Suite_15,Forward,0,2146,1.98347,0.659309,0,0.159872,0.411072,2.70475,369.72,15000,5120,0.00872302
Suite_15,Forward,0,2147,2.01841,0.630008,0,0.159808,0.408288,2.6581,376.208,15000,5376,0.00909548
Suite_15,Forward,0,2148,2.04376,0.643278,0,0.159744,0.409728,2.66318,375.491,15000,5504,0.00943506
Suite_15,Forward,0,2149,1.99558,0.655578,0,0.16624,0.41632,2.70513,369.669,15000,5504,0.00947542
Suite_15,Forward,0,2150,1.9944,0.73537,0,0.16688,0.419328,2.67517,373.808,15000,5504,0.00951611
Suite_15,Forward,0,2151,2.03942,0.709212,0,0.16768,0.417568,2.75039,363.585,15000,5504,0.00955714
Suite_15,Forward,0,2152,2.04807,0.69873,0,0.167904,0.417088,2.76884,361.162,15000,5504,0.00959852
Suite_15,Forward,0,2153,2.08102,0.715166,0,0.166848,0.417792,2.76936,361.094,15000,5504,0.00964023
Suite_15,Forward,0,2154,2.02313,0.748766,0,0.166624,0.417824,2.81818,354.839,15000,5632,0.00996782
Suite_15,Forward,0,2155,2.01285,0.711273,0,0.168992,0.420224,2.7948,357.807,15000,5760,0.0103621
Suite_15,Forward,0,2156,2.04685,0.708208,0,0.169536,0.419552,2.74463,364.348,15000,5760,0.0104074
Suite_15,Forward,0,2157,2.04986,0.709204,0,0.167712,0.416704,2.77815,359.951,15000,5760,0.0104531
Suite_15,Forward,0,2158,2.09716,0.725388,0,0.175872,0.423936,2.78089,359.598,15000,5760,0.0104992
Suite_15,Forward,0,2159,2.01504,0.713091,0,0.174368,0.42464,2.8437,351.655,15000,5760,0.0105456
Suite_15,Forward,0,2160,2.01969,0.750538,0,0.176128,0.424864,2.75047,363.574,15000,5760,0.0105925
Suite_15,Forward,0,2161,2.05609,0.701085,0,0.176128,0.430144,2.79372,357.946,15000,5760,0.0106397
Suite_15,Forward,0,2162,2.04937,0.721655,0,0.176128,0.427712,2.77896,359.847,15000,5760,0.0106873
Suite_15,Forward,0,2163,2.08896,0.71892,0,0.17616,0.42736,2.79247,358.106,15000,5888,0.0108741
Suite_15,Forward,0,2164,2.02158,0.737456,0,0.17632,0.427648,2.82861,353.531,15000,6016,0.0111774
Suite_15,Forward,0,2165,2.02954,0.777407,0,0.177216,0.428032,2.78209,359.443,15000,6016,0.0112276
Suite_15,Forward,0,2166,2.03416,0.714711,0,0.176128,0.428256,2.85483,350.283,15000,6016,0.0112782
Suite_15,Forward,0,2167,2.04368,0.671025,0,0.177504,0.426464,2.76983,361.033,15000,6016,0.0113293
Suite_15,Forward,0,2168,2.08541,0.709464,0,0.177024,0.427584,2.73276,365.931,15000,6016,0.0113807
Suite_15,Forward,0,2169,2.02174,0.748046,0,0.176928,0.428256,2.82363,354.154,15000,6016,0.0114326
Suite_15,Forward,0,2170,2.02902,0.778459,0,0.177536,0.428352,2.79325,358.006,15000,6016,0.0114849
Suite_15,Forward,0,2171,2.02995,0.717846,0,0.178208,0.4304,2.84154,351.922,15000,6144,0.0117635
Suite_15,Forward,0,2172,2.04786,0.707743,0,0.178176,0.429536,2.77021,360.984,15000,6144,0.0118176
Suite_15,Forward,0,2173,2.08738,0.70275,0,0.179328,0.432128,2.778,359.971,15000,6144,0.0118721
Suite_15,Forward,0,2174,2.02151,0.731148,0,0.17968,0.43008,2.81757,354.916,15000,6144,0.0119271
Suite_15,Forward,0,2175,2.05614,0.721627,0,0.178496,0.429536,2.77261,360.672,15000,6144,0.0119826
Suite_15,Forward,0,2176,1.99993,0.681965,0,0.178176,0.428864,2.79785,357.417,15000,6272,0.0122594
Suite_15,Forward,0,2177,2.03613,0.680571,0,0.176928,0.429664,2.70238,370.044,15000,6272,0.0123167
Suite_15,Forward,0,2178,2.09165,0.701723,0,0.177056,0.428032,2.73836,365.182,15000,6272,0.0123745
Suite_15,Forward,0,2179,2.02913,0.757885,0,0.17952,0.43008,2.82186,354.376,15000,6272,0.0124327
Suite_15,Forward,0,2180,2.02622,0.788244,0,0.1792,0.430432,2.80785,356.144,15000,6272,0.0124914
Suite_15,Forward,0,2181,2.02175,0.710411,0,0.17824,0.430048,2.84008,352.103,15000,6272,0.0125506
Suite_15,Forward,0,2182,2.04897,0.685955,0,0.180224,0.430368,2.75582,362.869,15000,6400,0.0126999
Suite_15,Forward,0,2183,2.07734,0.710014,0,0.178592,0.43008,2.75795,362.588,15000,6016,0.0118935
Suite_15,Forward,0,2184,2.0226,0.739455,0,0.181632,0.431008,2.80894,356.006,15000,6144,0.0120396
Suite_15,Forward,0,2185,2.0754,0.751539,0,0.181248,0.432832,2.78491,359.078,15000,6144,0.0120968
Suite_15,Forward,0,2186,1.99291,0.677162,0,0.18192,0.432448,2.84913,350.985,15000,6144,0.0121544
Suite_15,Forward,0,2187,2.03109,0.635748,0,0.180512,0.431616,2.68782,372.049,15000,6144,0.0122125
Suite_15,Forward,0,2188,2.05414,0.668103,0,0.180416,0.432128,2.68308,372.707,15000,6144,0.0122711
Suite_15,Forward,0,2189,2.00283,0.664082,0,0.180416,0.432128,2.74184,364.719,15000,6144,0.0123302
Suite_15,Forward,0,2190,1.99797,0.672983,0,0.180224,0.43072,2.684,372.578,15000,6144,0.0123897
Suite_15,Forward,0,2191,2.02462,0.651133,0,0.180352,0.434176,2.68693,372.172,15000,6272,0.0126608
Suite_15,Forward,0,2192,2.02745,0.638757,0,0.180704,0.432128,2.69316,371.311,15000,6272,0.0127222
Suite_15,Forward,0,2193,2.05154,0.655218,0,0.180224,0.432352,2.68312,372.7,15000,6144,0.0123712
Suite_15,Forward,0,2194,1.99972,0.626816,0,0.182176,0.454144,2.72491,366.985,15000,6144,0.0124311
Suite_15,Forward,0,2195,2.02317,0.647293,0,0.18288,0.435296,2.6423,378.458,15000,6144,0.0124916
Suite_15,Forward,0,2196,2.01123,0.65394,0,0.182528,0.43632,2.71527,368.287,15000,6144,0.0125525
Suite_15,Forward,0,2197,2.02912,0.638018,0,0.18176,0.434176,2.68433,372.533,15000,6144,0.0126139
Suite_15,Forward,0,2198,2.03936,0.696905,0,0.181888,0.432224,2.68398,372.581,15000,6144,0.0126758
Suite_15,Forward,0,2199,2.01065,0.644181,0,0.181696,0.433344,2.75497,362.98,15000,6016,0.0120519
Suite_15,Forward,0,2200,2.02131,0.64473,0,0.18224,0.433632,2.67106,374.383,15000,6144,0.0123779
Suite_15,Forward,0,2201,2.04099,0.665812,0,0.182272,0.434176,2.68294,372.725,15000,6144,0.0124381
Suite_15,Forward,0,2202,2.01659,0.913818,0,0.31744,0.566944,2.72757,366.627,15000,6272,0.0127287
Suite_15,Forward,0,2203,2.04224,0.677603,0,0.181824,0.432128,2.94868,339.135,15000,6400,0.0131235
Suite_15,Forward,0,2204,2.00343,0.637589,0,0.181952,0.433888,2.73802,365.227,15000,6400,0.0131875
Suite_15,Forward,0,2205,2.02571,0.642698,0,0.18304,0.432128,2.65846,376.158,15000,6272,0.0131495
Suite_15,Forward,0,2206,2.03872,0.652843,0,0.182176,0.433888,2.68479,372.469,15000,6272,0.0129949
Suite_15,Forward,0,2207,2.00708,0.674208,0,0.182016,0.43344,2.71492,368.335,15000,6272,0.0130577
Suite_15,Forward,0,2208,2.00918,0.670206,0,0.182048,0.432128,2.69729,370.743,15000,6016,0.0118323
Suite_15,Forward,0,2209,2.01036,0.640034,0,0.1824,0.434592,2.69821,370.615,15000,5760,0.0112738
Suite_15,Forward,0,2210,2.02464,0.641738,0,0.182464,0.434272,2.66712,374.937,15000,6016,0.0115743
Suite_15,Forward,0,2211,2.05324,0.653767,0,0.18384,0.43792,2.68174,372.893,15000,6016,0.0116292
Suite_15,Forward,0,2212,2.00354,0.668255,0,0.188064,0.440064,2.72457,367.031,15000,6144,0.0118787
Suite_15,Forward,0,2213,2.0076,0.671013,0,0.182912,0.433792,2.69076,371.642,15000,6272,0.0120306
Suite_15,Forward,0,2214,2.01847,0.64649,0,0.182912,0.43344,2.69781,370.671,15000,6272,0.012088
Suite_15,Forward,0,2215,2.02546,0.631224,0,0.183712,0.435744,2.68053,373.06,15000,6272,0.0121458
Suite_15,Forward,0,2216,2.0485,0.644555,0,0.184256,0.436224,2.67239,374.197,15000,6272,0.0122041
Suite_15,Forward,0,2217,2.00233,0.627683,0,0.182528,0.434592,2.7113,368.826,15000,6272,0.0122629
Suite_15,Forward,0,2218,2.03466,0.654332,0,0.182912,0.45568,2.64648,377.86,15000,6272,0.0123221
Suite_15,Forward,0,2219,2.03616,0.645811,0,0.182912,0.434368,2.70468,369.73,15000,6272,0.0123818
Suite_15,Forward,0,2220,2.02438,0.626292,0,0.183808,0.43584,2.69852,370.573,15000,6272,0.0124419
Suite_15,Forward,0,2221,2.03829,0.665764,0,0.182496,0.434176,2.66751,374.881,15000,6272,0.0125025
Suite_15,Forward,0,2222,1.98318,0.660174,0,0.184256,0.437856,2.72316,367.22,15000,6272,0.0125635
Suite_15,Forward,0,2223,2.02206,0.63825,0,0.185568,0.4352,2.65941,376.024,15000,6272,0.012625
Suite_15,Forward,0,2224,2.04902,0.656364,0,0.18432,0.434176,2.67578,373.722,15000,6272,0.012687
Suite_15,Forward,0,2225,1.99524,0.66457,0,0.18432,0.435136,2.72313,367.225,15000,6272,0.0127494
Suite_15,Forward,0,2226,1.99575,0.670823,0,0.184512,0.434912,2.6772,373.525,15000,6272,0.0128124
Suite_15,Forward,0,2227,2.02916,0.659861,0,0.184192,0.434592,2.68215,372.836,15000,6272,0.0128758
Suite_15,Forward,0,2228,2.02285,0.644288,0,0.184128,0.43504,2.70617,369.526,15000,6144,0.012763
Suite_15,Forward,0,2229,2.04807,0.661006,0,0.182432,0.432736,2.68515,372.418,15000,6272,0.0128901
Suite_15,Forward,0,2230,2.00471,0.628289,0,0.177504,0.455072,2.72793,366.578,15000,6272,0.0129539
Suite_15,Forward,0,2231,2.01988,0.665837,0,0.177856,0.427424,2.64853,377.568,15000,6272,0.0130182
Suite_15,Forward,0,2232,2.04377,0.644156,0,0.176128,0.427968,2.70204,370.09,15000,6272,0.013083
Suite_15,Forward,0,2233,2.02851,0.640819,0,0.178176,0.430176,2.70631,369.506,15000,6016,0.012551
Suite_15,Forward,0,2234,2.09732,0.721618,0,0.176544,0.428032,2.68552,372.367,15000,6016,0.0126134
Suite_15,Forward,0,2235,2.01227,0.641683,0,0.177088,0.427872,2.84508,351.484,15000,6144,0.0128519
Suite_15,Forward,0,2236,2.02425,0.642748,0,0.176768,0.448736,2.6702,374.503,15000,6144,0.0129159
Suite_15,Forward,0,2237,2.05148,0.645329,0,0.176896,0.42976,2.68436,372.529,15000,6144,0.0129805
Suite_15,Forward,0,2238,2.02523,0.640447,0,0.171008,0.42432,2.71514,368.305,15000,6144,0.0130456
Suite_15,Forward,0,2239,2.04452,0.719818,0,0.169984,0.420608,2.68186,372.876,15000,6016,0.0128497
Suite_15,Forward,0,2240,1.99095,0.654578,0,0.16992,0.4216,2.7851,359.054,15000,6016,0.0129142
Suite_15,Forward,0,2241,2.01925,0.651754,0,0.169856,0.423936,2.66318,375.491,15000,5888,0.0124923
Suite_15,Forward,0,2242,2.03703,0.662685,0,0.171072,0.422016,2.68786,372.043,15000,5888,0.0123774
Suite_15,Forward,0,2243,1.99956,0.659766,0,0.170272,0.424224,2.71736,368.005,15000,5888,0.0124397
Suite_15,Forward,0,2244,1.99323,0.665223,0,0.169984,0.421824,2.67479,373.861,15000,5888,0.0125023
Suite_15,Forward,0,2245,2.01985,0.659826,0,0.169984,0.420992,2.6771,373.538,15000,5760,0.0122928
Suite_15,Forward,0,2246,2.02086,0.643597,0,0.169888,0.419744,2.69698,370.785,15000,5760,0.0123551
Suite_15,Forward,0,2247,2.04721,0.644189,0,0.16976,0.419392,2.67967,373.18,15000,5632,0.01178
Suite_15,Forward,0,2248,1.9993,0.6675,0,0.171904,0.436032,2.7088,369.167,15000,5504,0.0113777
Suite_15,Forward,0,2249,2.03427,0.670778,0,0.177632,0.4304,2.6851,372.426,15000,5504,0.0114354
Suite_15,Forward,0,2250,2.01329,0.656498,0,0.1688,0.4216,2.72388,367.124,15000,5504,0.0114935
Suite_15,Forward,0,2251,2.01888,0.633433,0,0.170112,0.423008,2.68596,372.307,15000,5504,0.0115521
Suite_15,Forward,0,2252,2.03084,0.661891,0,0.16384,0.413696,2.66783,374.836,15000,5504,0.0116111
Suite_15,Forward,0,2253,1.99514,0.628488,0,0.163232,0.412544,2.71122,368.838,15000,5248,0.0105212
Suite_15,Forward,0,2254,2.0249,0.639399,0,0.16368,0.413408,2.64015,378.766,15000,5248,0.0105741
Suite_15,Forward,0,2255,2.04182,0.658372,0,0.162144,0.415648,2.67908,373.262,15000,4992,0.0102225
Suite_15,Forward,0,2256,1.9973,0.656665,0,0.1624,0.414784,2.71633,368.143,15000,5120,0.0105075
Suite_15,Forward,0,2257,2.0022,0.687382,0,0.163488,0.413888,2.67086,374.411,15000,5120,0.0105601
Suite_15,Forward,0,2258,1.99615,0.647588,0,0.162144,0.41488,2.7069,369.426,15000,5120,0.010613
Suite_15,Forward,0,2259,2.01862,0.634444,0,0.163776,0.414176,2.6596,375.996,15000,5248,0.0107467
Suite_15,Forward,0,2260,2.04043,0.64096,0,0.161792,0.4136,2.6683,374.771,15000,5248,0.0108008
Suite_15,Forward,0,2261,1.99527,0.667892,0,0.168832,0.422112,2.69996,370.376,15000,5248,0.0108552
Suite_15,Forward,0,2262,1.98871,0.657074,0,0.162208,0.413728,2.6802,373.106,15000,5248,0.0109101
Suite_15,Forward,0,2263,2.01818,0.654956,0,0.162624,0.41536,2.66063,375.851,15000,5248,0.0109653
Suite_15,Forward,0,2264,2.01866,0.646999,0,0.161984,0.413856,2.69563,370.971,15000,5248,0.0110209
Suite_15,Forward,0,2265,2.02877,0.665452,0,0.162048,0.412608,2.68291,372.73,15000,5120,0.0106684
Suite_15,Forward,0,2266,1.99275,0.642415,0,0.162688,0.414336,2.71257,368.655,15000,5120,0.0107224
Suite_15,Forward,0,2267,2.01384,0.651285,0,0.162016,0.43152,2.65082,377.241,15000,4992,0.0100837
Suite_15,Forward,0,2268,2.03428,0.662088,0,0.161792,0.412384,2.68074,373.031,15000,4992,0.0101341
Suite_15,Forward,0,2269,2.01409,0.638964,0,0.162304,0.413696,2.7147,368.365,15000,4864,0.00983775
Suite_15,Forward,0,2270,2.0268,0.671961,0,0.163648,0.413696,2.66931,374.629,15000,4864,0.00988696
Suite_15,Forward,0,2271,1.97547,0.66836,0,0.161824,0.41376,2.71576,368.221,15000,4736,0.00931658
Suite_15,Forward,0,2272,2.01281,0.639708,0,0.161792,0.412672,2.6588,376.11,15000,4736,0.00936294
Suite_15,Forward,0,2273,2.04342,0.650215,0,0.163808,0.417792,2.6692,374.645,15000,4608,0.00928867
Suite_15,Forward,0,2274,1.99005,0.672768,0,0.161792,0.415232,2.72069,367.554,15000,4608,0.00933501
Suite_15,Forward,0,2275,1.98901,0.694606,0,0.155648,0.408672,2.67981,373.16,15000,4480,0.0090577
Suite_15,Forward,0,2276,2.01549,0.688171,0,0.155584,0.406048,2.69989,370.385,15000,4480,0.00910284
Suite_15,Forward,0,2277,2.02706,0.63434,0,0.155648,0.41136,2.72436,367.059,15000,4608,0.00937327
Suite_15,Forward,0,2278,2.03621,0.67348,0,0.1552,0.407264,2.67774,373.449,15000,4608,0.00942003
Suite_15,Forward,0,2279,1.98882,0.631617,0,0.155648,0.43296,2.726,366.838,15000,4608,0.00946713
Suite_15,Forward,0,2280,2.01612,0.660681,0,0.15456,0.405888,2.63531,379.462,15000,4608,0.00951457
Suite_15,Forward,0,2281,2.02572,0.651847,0,0.156832,0.409408,2.6942,371.168,15000,4608,0.00956232
Suite_15,Forward,0,2282,2.01279,0.644919,0,0.162752,0.415392,2.69446,371.132,15000,4608,0.00961043
Suite_15,Forward,0,2283,2.0228,0.670177,0,0.155648,0.408,2.67262,374.164,15000,4608,0.00965885
Suite_15,Forward,0,2284,1.98768,0.649703,0,0.155776,0.410336,2.7094,369.085,15000,4608,0.00970762
Suite_15,Forward,0,2285,2.01454,0.63113,0,0.149504,0.400704,2.6537,376.832,15000,4736,0.00998002
Suite_15,Forward,0,2286,2.04323,0.68741,0,0.149152,0.403744,2.66225,375.623,15000,4736,0.0100305
Suite_15,Forward,0,2287,1.99088,0.910726,0,0.784544,1.03578,2.74768,363.944,15000,4608,0.00986188
Suite_15,Forward,0,2288,2.02325,0.682738,0,0.1496,0.401408,2.91692,342.827,15000,4608,0.00991197
Suite_15,Forward,0,2289,1.97017,0.664041,0,0.148192,0.401088,2.72506,366.965,15000,4608,0.00996241
Suite_15,Forward,0,2290,2.01447,0.641016,0,0.149856,0.402976,2.6509,377.231,15000,4736,0.0101178
Suite_15,Forward,0,2291,2.04524,0.655617,0,0.149504,0.400704,2.67027,374.495,15000,4736,0.0101519
Suite_15,Forward,0,2292,1.99256,0.672486,0,0.149504,0.401632,2.72126,367.476,15000,4736,0.0102035
Suite_15,Forward,0,2293,1.99044,0.68305,0,0.149504,0.400832,2.68325,372.682,15000,4608,0.00968986
Suite_15,Forward,0,2294,2.00526,0.657003,0,0.149888,0.401408,2.69211,371.456,15000,4736,0.00979125
Suite_15,Forward,0,2295,2.0122,0.636989,0,0.148416,0.402048,2.67807,373.403,15000,4736,0.00984079
Suite_15,Forward,0,2296,2.03621,0.679322,0,0.149504,0.401408,2.66391,375.388,15000,4736,0.00989066
Suite_15,Forward,0,2297,1.99658,0.636794,0,0.150592,0.425088,2.73375,365.798,15000,4736,0.00994088
Suite_15,Forward,0,2298,2.0147,0.668474,0,0.149504,0.4008,2.656,376.506,15000,4736,0.00999143
Suite_15,Forward,0,2299,2.02691,0.659379,0,0.149504,0.402752,2.69999,370.371,15000,4736,0.0100423
Suite_15,Forward,0,2300,2.01428,0.637469,0,0.149664,0.403456,2.70282,369.984,15000,4736,0.0100936
Suite_15,Forward,0,2301,2.02436,0.674688,0,0.151552,0.401504,2.66875,374.707,15000,4736,0.0101452
Suite_15,Forward,0,2302,1.98914,0.652569,0,0.149632,0.403648,2.71802,367.915,15000,4736,0.0101971
Suite_15,Forward,0,2303,2.01919,0.636498,0,0.149504,0.39936,2.65694,376.372,15000,4736,0.0102494
Suite_15,Forward,0,2304,2.03721,0.653054,0,0.149536,0.401536,2.67038,374.479,15000,4736,0.0103021
Suite_15,Forward,0,2305,1.98876,0.66125,0,0.150912,0.402016,2.70836,369.228,15000,4608,0.00968772
Suite_15,Forward,0,2306,1.99717,0.678825,0,0.150624,0.407552,2.6665,375.024,15000,4608,0.00973719
Suite_15,Forward,0,2307,2.00305,0.654086,0,0.150912,0.403456,2.69252,371.4,15000,4608,0.00978699
Suite_15,Forward,0,2308,2.0115,0.627134,0,0.150752,0.401952,2.67235,374.203,15000,4608,0.00983713
Suite_15,Forward,0,2309,2.03873,0.653651,0,0.149952,0.402464,2.65568,376.552,15000,4864,0.0100196
Suite_15,Forward,0,2310,1.9898,0.635348,0,0.15088,0.404864,2.70935,369.092,15000,4864,0.010071
Suite_15,Forward,0,2311,2.01295,0.659739,0,0.149728,0.405376,2.63981,378.815,15000,5120,0.0105596
Suite_15,Forward,0,2312,1.99994,0.644782,0,0.150656,0.403136,2.70027,370.333,15000,5120,0.0106137
Suite_15,Forward,0,2313,2.01814,0.655815,0,0.151552,0.4032,2.66309,375.504,15000,5120,0.0106682
Suite_15,Forward,0,2314,2.03455,0.709514,0,0.150656,0.403456,2.69272,371.371,15000,5504,0.0113921
Suite_15,Forward,0,2315,1.99345,0.642969,0,0.151072,0.403456,2.76199,362.058,15000,5632,0.0116232
Suite_15,Forward,0,2316,2.01666,0.654002,0,0.150528,0.401664,2.65216,377.051,15000,5632,0.0116823
Suite_15,Forward,0,2317,2.04048,0.67548,0,0.149984,0.402944,2.68796,372.03,15000,5760,0.0118071
Suite_15,Forward,0,2318,2.02386,0.640301,0,0.151552,0.404288,2.73447,365.702,15000,5888,0.0119208
Suite_15,Forward,0,2319,2.03156,0.684635,0,0.151552,0.409024,2.67987,373.152,15000,5888,0.0119816
Suite_15,Forward,0,2320,1.981,0.658691,0,0.15088,0.405504,2.73383,365.787,15000,5888,0.0120429
Suite_15,Forward,0,2321,2.02793,0.636866,0,0.151808,0.404704,2.66063,375.851,15000,5888,0.0121045
Suite_15,Forward,0,2322,2.04611,0.664044,0,0.151456,0.40416,2.68106,372.987,15000,5888,0.0121666
Suite_15,Forward,0,2323,1.9964,0.672968,0,0.151552,0.404416,2.72776,366.601,15000,5888,0.012229
Suite_15,Forward,0,2324,1.99916,0.71446,0,0.151616,0.403488,2.68585,372.322,15000,6016,0.0125175
Suite_15,Forward,0,2325,1.99781,0.669843,0,0.151552,0.409888,2.73273,365.935,15000,5888,0.0118715
Suite_15,Forward,0,2326,2.01736,0.647441,0,0.15168,0.406144,2.685,372.44,15000,6016,0.0120621
Suite_15,Forward,0,2327,2.0434,0.646087,0,0.1536,0.407648,2.68018,373.11,15000,6016,0.0121236
Suite_15,Forward,0,2328,1.99594,0.636057,0,0.145056,0.425152,2.70647,369.486,15000,6016,0.0121854
Suite_15,Forward,0,2329,2.01513,0.662304,0,0.149504,0.401408,2.64894,377.51,15000,6144,0.0123646
Suite_15,Forward,0,2330,2.03783,0.672115,0,0.145408,0.398752,2.69463,371.108,15000,6144,0.0124277
Suite_15,Forward,0,2331,2.02443,0.636072,0,0.145408,0.39936,2.72687,366.721,15000,6528,0.0131471
Suite_15,Forward,0,2332,2.02659,0.692682,0,0.145472,0.39904,2.67572,373.731,15000,6528,0.0126932
Suite_15,Forward,0,2333,2.00241,0.64586,0,0.147456,0.400672,2.73817,365.207,15000,6912,0.0130046
Suite_15,Forward,0,2334,2.03327,0.696411,0,0.147456,0.401024,2.66541,375.177,15000,7040,0.0133365
Suite_15,Forward,0,2335,2.06534,0.678544,0,0.146656,0.400256,2.74844,363.843,15000,6912,0.0130367
Suite_15,Forward,0,2336,2.03225,0.65294,0,0.146944,0.400832,2.76228,362.02,15000,7040,0.0133151
Suite_15,Forward,0,2337,2.03607,0.702635,0,0.146144,0.39968,2.70255,370.021,15000,7040,0.0133819
Suite_15,Forward,0,2338,2.00231,0.657108,0,0.147456,0.402016,2.75883,362.472,15000,7040,0.0134492
Suite_15,Forward,0,2339,2.02521,0.645078,0,0.154976,0.40688,2.68004,373.128,15000,7168,0.0136063
Suite_15,Forward,0,2340,2.04826,0.668722,0,0.155008,0.407936,2.68587,372.319,15000,7296,0.0141003
Suite_15,Forward,0,2341,2.00507,0.684642,0,0.154464,0.412384,2.73579,365.525,15000,7296,0.0141712
Suite_15,Forward,0,2342,2.01174,0.699899,0,0.15568,0.4096,2.70706,369.404,15000,7296,0.0142426
Suite_15,Forward,0,2343,2.01706,0.65976,0,0.148,0.403456,2.7284,366.515,15000,7424,0.0146309
Suite_15,Forward,0,2344,2.02376,0.644248,0,0.14128,0.396352,2.6937,371.236,15000,7552,0.0147692
Suite_15,Forward,0,2345,2.03336,0.756728,0,0.142752,0.396928,2.6853,372.398,15000,7680,0.0150483
Suite_15,Forward,0,2346,2.0349,0.800866,0,0.141376,0.395264,2.98591,334.906,15000,7936,0.0153898
Suite_15,Forward,0,2347,2.01476,0.689457,0,0.142752,0.396928,2.85805,349.889,15000,7808,0.0148429
Suite_15,Forward,0,2348,2.0318,0.692161,0,0.141856,0.397312,2.72286,367.261,15000,8064,0.0153994
Suite_15,Forward,0,2349,2.0286,0.656418,0,0.142592,0.397312,2.74723,364.002,15000,8192,0.0155382
Suite_15,Forward,0,2350,2.05215,0.709471,0,0.142144,0.398304,2.70247,370.032,15000,8192,0.0156162
Suite_15,Forward,0,2351,2.02141,0.697399,0,0.143296,0.39856,2.78161,359.504,15000,8192,0.0156947
Suite_15,Forward,0,2352,2.00953,0.711995,0,0.14336,0.39936,2.73647,365.434,15000,8448,0.0161759
Suite_15,Forward,0,2353,2.03716,0.676484,0,0.143648,0.399328,2.74061,364.882,15000,8576,0.016742
Suite_15,Forward,0,2354,2.03576,0.656701,0,0.142944,0.397312,2.73247,365.969,15000,8960,0.0172814
Suite_15,Forward,0,2355,2.06149,0.661394,0,0.14992,0.406912,2.71009,368.992,15000,9216,0.0180579
Suite_15,Forward,0,2356,2.0127,0.687645,0,0.159744,0.415744,2.74101,364.829,15000,9216,0.0181479
Suite_15,Forward,0,2357,2.02259,0.714729,0,0.151776,0.407168,2.72006,367.639,15000,9728,0.0190394
Suite_15,Forward,0,2358,2.03282,0.657033,0,0.152512,0.40816,2.75705,362.706,15000,10112,0.0195973
Suite_15,Forward,0,2359,2.04075,0.668272,0,0.151296,0.407552,2.70724,369.38,15000,10496,0.0206867
Suite_15,Forward,0,2360,2.06805,0.672655,0,0.151488,0.406048,2.72641,366.783,15000,10624,0.0209165
Suite_15,Forward,0,2361,2.02212,0.658078,0,0.153184,0.4328,2.7709,360.893,15000,10752,0.021523
Suite_15,Forward,0,2362,2.04281,0.669924,0,0.1536,0.4096,2.69907,370.499,15000,11392,0.0237998
Suite_15,Forward,0,2363,2.05983,0.667542,0,0.1536,0.40784,2.73079,366.195,15000,11648,0.0245163
Suite_15,Forward,0,2364,2.05055,0.655826,0,0.155072,0.4112,2.74588,364.182,15000,11648,0.0246351
Suite_15,Forward,0,2365,2.06252,0.680116,0,0.153664,0.40928,2.72501,366.97,15000,11776,0.0251095
Suite_15,Forward,0,2366,2.02786,0.645791,0,0.15392,0.410816,2.76365,361.84,15000,12160,0.02572
Suite_15,Forward,0,2367,2.04783,0.651052,0,0.155648,0.433408,2.69163,371.522,15000,12288,0.0259715
Suite_15,Forward,0,2368,2.07451,0.678312,0,0.155968,0.414784,2.71612,368.172,15000,12544,0.0265261
Suite_15,Forward,0,2369,2.05473,0.65901,0,0.156416,0.413984,2.77307,360.611,15000,12800,0.0272665
Suite_15,Forward,0,2370,2.06198,0.72077,0,0.156864,0.412896,2.7326,365.952,15000,12928,0.0274531
Suite_15,Forward,0,2371,2.03135,0.679093,0,0.156736,0.411648,2.80346,356.702,15000,12928,0.0275858
Suite_15,Forward,0,2372,2.05865,0.669257,0,0.15744,0.41312,2.72828,366.531,15000,13184,0.0282609
Suite_15,Forward,0,2373,2.08095,0.938342,0,0.180416,0.430112,2.74824,363.869,15000,13568,0.0287904
Suite_15,Forward,0,2374,2.06807,0.68731,0,0.158112,0.415648,3.04153,328.782,15000,13952,0.0294297
Suite_15,Forward,0,2375,2.0769,0.722203,0,0.167264,0.42336,2.77432,360.449,15000,14336,0.0300517
Suite_15,Forward,0,2376,2.04222,0.661778,0,0.167968,0.444416,2.82054,354.542,15000,14848,0.031204
Suite_15,Forward,0,2377,2.06789,0.653271,0,0.168032,0.446464,2.72987,366.318,15000,15360,0.0326533
Suite_15,Forward,0,2378,2.09418,0.699105,0,0.167936,0.423936,2.74652,364.097,15000,16000,0.033664
Suite_15,Forward,0,2379,2.0709,0.650995,0,0.170144,0.427872,2.81468,355.28,15000,16640,0.0352794
Suite_15,Forward,0,2380,2.08408,0.711224,0,0.169568,0.425824,2.7412,364.804,15000,17024,0.0363889
Suite_15,Forward,0,2381,2.0584,0.658256,0,0.1712,0.450432,2.81837,354.815,15000,17664,0.0377117
Suite_15,Forward,0,2382,2.07529,0.6648,0,0.1704,0.450816,2.73805,365.223,15000,17920,0.0381179
Suite_15,Forward,0,2383,2.101,0.661736,0,0.172032,0.427424,2.75984,362.339,15000,18304,0.0386367
Suite_15,Forward,0,2384,2.09056,0.66716,0,0.172384,0.429728,2.7898,358.449,15000,18688,0.0395002
Suite_15,Forward,0,2385,2.10016,0.697453,0,0.172032,0.429824,2.78022,359.684,15000,19072,0.0404949
Suite_15,Forward,0,2386,2.06326,0.670322,0,0.173472,0.451392,2.8215,354.421,15000,19712,0.0412502
Suite_15,Forward,0,2387,2.09732,0.703722,0,0.194848,0.450496,2.75441,363.054,15000,20352,0.0424863
Suite_15,Forward,0,2388,2.12111,0.713934,0,0.19104,0.448864,2.8238,354.133,15000,20608,0.0430481
Suite_15,Forward,0,2389,2.09742,0.710344,0,0.20928,0.466944,2.86076,349.557,15000,21504,0.0448399
Suite_15,Forward,0,2390,2.12278,0.696059,0,0.20944,0.465792,2.83123,353.203,15000,21760,0.0454168
Suite_15,Forward,0,2391,2.08308,0.734826,0,0.211968,0.468448,2.84161,351.913,15000,22400,0.0464161
Suite_15,Forward,0,2392,2.11298,0.741365,0,0.21936,0.475136,2.84067,352.03,15000,22784,0.0469139
Suite_15,Forward,0,2393,2.09944,0.714667,0,0.221408,0.47696,2.88,347.222,15000,23168,0.0472662
Suite_15,Forward,0,2394,2.10065,0.687127,0,0.224288,0.479872,2.83771,352.397,15000,23552,0.0479732
Suite_15,Forward,0,2395,2.13044,0.690147,0,0.223456,0.478784,2.81006,355.864,15000,23808,0.0488426
Suite_15,Forward,0,2396,2.09705,0.729629,0,0.223424,0.481088,2.84577,351.399,15000,24576,0.0503158
Suite_15,Forward,0,2397,2.09626,0.702249,0,0.224096,0.479584,2.85104,350.75,15000,25216,0.0516215
Suite_15,Forward,0,2398,2.10626,0.675557,0,0.227328,0.485376,2.82399,354.109,15000,26624,0.053717
Suite_15,Forward,0,2399,2.11747,0.685648,0,0.227776,0.487424,2.80551,356.441,15000,27520,0.056383
Suite_15,Forward,0,2400,2.15962,0.688426,0,0.237568,0.493312,2.82596,353.862,15000,28544,0.0585711
Suite_15,Forward,0,2401,2.11133,0.702938,0,0.238656,0.49728,2.87442,347.897,15000,29696,0.0608939
Suite_15,Forward,0,2402,2.13035,0.705861,0,0.241504,0.496192,2.84023,352.085,15000,29824,0.0617725
Suite_15,Forward,0,2403,2.11503,0.684742,0,0.242368,0.498336,2.86089,349.542,15000,31360,0.0639466
Suite_15,Forward,0,2404,2.13856,0.660405,0,0.244128,0.501856,2.8249,353.995,15000,32000,0.0654117
Suite_15,Forward,0,2405,2.16761,0.703,0,0.246112,0.502656,2.82564,353.902,15000,32768,0.0665769
Suite_15,Forward,0,2406,2.1485,0.732624,0,0.26416,0.52,2.90211,344.577,15000,33536,0.0693755
Suite_15,Forward,0,2407,2.16064,0.72951,0,0.267328,0.522176,2.90686,344.014,15000,33920,0.0707257
Suite_15,Forward,0,2408,2.13258,0.703484,0,0.267392,0.525568,2.91673,342.85,15000,35072,0.0724324
Suite_15,Forward,0,2409,2.17489,0.712134,0,0.270336,0.52464,2.86923,348.525,15000,36992,0.0764232
Suite_15,Forward,0,2410,2.16602,0.700083,0,0.272384,0.52736,2.91774,342.731,15000,38016,0.0780831
Suite_15,Forward,0,2411,2.17669,0.673704,0,0.274432,0.532032,2.8937,345.579,15000,39168,0.0802418
Suite_15,Forward,0,2412,2.20104,0.715892,0,0.275104,0.53456,2.87758,347.515,15000,41088,0.0828629
Suite_15,Forward,0,2413,2.16013,0.72121,0,0.278144,0.538624,2.94926,339.068,15000,41856,0.0843451
Suite_15,Forward,0,2414,2.20344,0.739985,0,0.277888,0.534848,2.91174,343.437,15000,42880,0.0854648
Suite_15,Forward,0,2415,2.15439,0.738396,0,0.279712,0.537088,2.97424,336.22,15000,44416,0.0888785
Suite_15,Forward,0,2416,2.19848,0.768503,0,0.289248,0.545888,2.92241,342.183,15000,45696,0.091759
Suite_15,Forward,0,2417,2.22185,0.733359,0,0.282624,0.543648,2.99908,333.435,15000,47104,0.0948702
Suite_15,Forward,0,2418,2.21431,0.72233,0,0.288896,0.548864,2.98748,334.73,15000,48384,0.0980656
Suite_15,Forward,0,2419,2.23549,0.762195,0,0.289824,0.546816,2.96628,337.123,15000,50176,0.100713
Suite_15,Forward,0,2420,2.20243,0.775499,0,0.290816,0.54768,3.03077,329.949,15000,52224,0.104301
Suite_15,Forward,0,2421,2.23681,0.794395,0,0.305664,0.562976,3.0122,331.983,15000,53504,0.106807
Suite_15,Forward,0,2422,2.22219,0.804037,0,0.321344,0.579392,3.07105,325.622,15000,55040,0.108386
Suite_15,Forward,0,2423,2.25693,0.947158,0,1.24333,1.49818,3.06119,326.671,15000,56576,0.111383
Suite_15,Forward,0,2424,2.2449,3.89357,0,0.335808,0.616448,3.24226,308.426,15000,57984,0.114327
Suite_15,Forward,0,2425,2.30967,0.732362,0,0.344064,0.603648,6.17897,161.839,15000,59264,0.116822
Suite_15,Forward,0,2426,2.28889,0.680188,0,0.343264,0.600064,3.0804,324.633,15000,60672,0.119696
Suite_15,Forward,0,2427,2.28623,0.714284,0,0.344992,0.604512,3.0245,330.633,15000,61568,0.120668
Suite_15,Forward,0,2428,2.25191,0.71153,0,0.348416,0.60944,3.04874,328.005,15000,62592,0.122907
Suite_15,Forward,0,2429,2.28327,0.709808,0,0.352544,0.609888,3.00007,333.326,15000,63872,0.12503
Suite_15,Forward,0,2430,2.26052,0.688018,0,0.355232,0.639744,3.03316,329.69,15000,65536,0.128359
Suite_15,Forward,0,2431,2.2812,0.677299,0,0.369184,0.638912,2.9864,334.851,15000,66560,0.129906
Suite_15,Forward,0,2432,2.31118,0.702676,0,0.372736,0.630784,2.99608,333.769,15000,67712,0.13176
Suite_15,Forward,0,2433,2.30225,0.686315,0,0.38288,0.638976,3.05422,327.416,15000,70144,0.135254
Suite_15,Forward,0,2434,2.32623,0.714465,0,0.395264,0.65328,3.03495,329.495,15000,72064,0.137784
Suite_15,Forward,0,2435,2.32069,0.691907,0,0.397408,0.65536,3.08689,323.951,15000,73856,0.141036
Suite_15,Forward,0,2436,2.31846,0.742961,0,0.408032,0.669696,3.05446,327.39,15000,75904,0.145438
Suite_15,Forward,0,2437,2.2932,0.734051,0,0.409888,0.669696,3.10515,322.045,15000,77184,0.147945
Suite_15,Forward,0,2438,2.31201,0.788404,0,0.425728,0.684032,3.07041,325.69,15000,79232,0.151426
Suite_15,Forward,0,2439,2.32312,0.782925,0,0.424032,0.712448,3.15714,316.743,15000,81536,0.154705
Suite_15,Forward,0,2440,2.35748,0.807387,0,0.437696,0.702464,3.14943,317.517,15000,83584,0.159134
Suite_15,Forward,0,2441,2.35616,0.787616,0,0.452608,0.712704,3.21105,311.424,15000,85504,0.162149
Suite_15,Forward,0,2442,2.37163,0.71739,0,0.458112,0.74096,3.19095,313.386,15000,87040,0.164237
Suite_15,Forward,0,2443,2.40473,0.718689,0,0.463776,0.725472,3.13431,319.05,15000,89216,0.169931
Suite_15,Forward,0,2444,2.39047,0.754499,0,0.571392,0.832352,3.16926,315.531,15000,91264,0.17324
Suite_15,Forward,0,2445,2.41424,0.712466,0,0.46928,0.726944,3.19238,313.246,15000,92416,0.175708
Suite_15,Forward,0,2446,2.3928,0.720082,0,0.473984,0.735232,3.18011,314.455,15000,94208,0.17798
Suite_15,Forward,0,2447,2.419,0.825904,0,0.477184,0.740576,3.16074,316.382,15000,95872,0.179976
Suite_15,Forward,0,2448,2.39476,0.950631,0,0.482976,0.742752,3.29503,303.487,15000,98560,0.184877
Suite_15,Forward,0,2449,2.48793,0.938469,0,0.484928,0.747296,3.407,293.513,15000,101888,0.190675
Suite_15,Forward,0,2450,2.42825,0.879658,0,0.50816,0.772096,3.4831,287.101,15000,103680,0.195035
Suite_15,Forward,0,2451,2.46174,0.877608,0,0.516096,0.77824,3.35829,297.771,15000,105216,0.197154
Suite_15,Forward,0,2452,2.43995,0.91054,0,0.52224,0.786432,3.39107,294.892,15000,108800,0.204886
Suite_15,Forward,0,2453,2.49469,0.90958,0,0.547936,0.811552,3.41081,293.185,15000,110976,0.20793
Suite_15,Forward,0,2454,2.4658,0.883306,0,0.559104,0.821376,3.46214,288.839,15000,113920,0.212961
Suite_15,Forward,0,2455,2.4939,0.887104,0,0.561056,0.817152,3.40582,293.615,15000,115968,0.216084
Suite_15,Forward,0,2456,2.47436,0.907276,0,0.580224,0.842048,3.43567,291.064,15000,118528,0.219401
Suite_15,Forward,0,2457,2.52726,0.91883,0,0.577536,0.837632,3.44175,290.55,15000,121088,0.223349
Suite_15,Forward,0,2458,2.5043,0.925791,0,0.582464,0.845824,3.50583,285.24,15000,124288,0.228918
Suite_15,Forward,0,2459,2.55054,0.968681,0,2.12378,2.38358,3.48885,286.627,15000,128896,0.235468
Suite_15,Forward,0,2460,2.52553,0.912443,0,0.608416,0.871584,3.58149,279.213,15000,131584,0.241022
Suite_15,Forward,0,2461,2.56369,0.933023,0,0.62064,0.882816,3.49926,285.775,15000,134912,0.246963
Suite_15,Forward,0,2462,2.5587,0.915246,0,0.622528,0.88848,3.56161,280.772,15000,139264,0.253925
Suite_15,Forward,0,2463,2.59543,0.92347,0,0.633792,0.89856,3.5418,282.343,15000,142592,0.260361
Suite_15,Forward,0,2464,2.57944,0.912445,0,0.641024,0.907552,3.58989,278.56,15000,146688,0.271148
Suite_15,Forward,0,2465,2.62786,0.941007,0,0.646144,0.907264,3.55812,281.047,15000,149888,0.276105
Suite_15,Forward,0,2466,2.63,0.910005,0,0.649344,0.916608,3.63663,274.98,15000,154240,0.28211
Suite_15,Forward,0,2467,2.65284,0.929627,0,0.653248,0.919552,3.60914,277.074,15000,157568,0.286683
Suite_15,Forward,0,2468,2.65595,0.945555,0,0.673664,0.938464,3.65209,273.816,15000,161408,0.291364
Suite_15,Forward,0,2469,2.68938,0.955976,0,0.692224,0.954656,3.67703,271.959,15000,164992,0.296597
Suite_15,Forward,0,2470,2.67964,0.930521,0,0.708608,0.993984,3.71908,268.884,15000,169472,0.302013
Suite_15,Forward,0,2471,2.73167,0.973151,0,0.716992,0.982944,3.68258,271.549,15000,173184,0.306372
Suite_15,Forward,0,2472,2.73171,0.947428,0,0.722464,0.986624,3.7856,264.159,15000,176000,0.310953
Suite_15,Forward,0,2473,2.72541,0.971419,0,0.728864,0.996128,3.75517,266.3,15000,179840,0.31639
Suite_15,Forward,0,2474,2.75197,1.00468,0,0.745152,1.00768,3.7781,264.683,15000,184960,0.323159
Suite_15,Forward,0,2475,2.73739,1.01724,0,0.749472,1.01229,3.83487,260.765,15000,189056,0.329185
Suite_15,Forward,0,2476,2.78325,1.00151,0,0.751424,1.01581,3.8386,260.511,15000,193152,0.334938
Suite_15,Forward,0,2477,2.75654,1.02832,0,0.782336,1.04864,3.87049,258.365,15000,196224,0.341388
Suite_15,Forward,0,2478,2.82681,1.02244,0,0.813056,1.08,3.86977,258.413,15000,199680,0.345711
Suite_15,Forward,0,2479,2.82632,0.990598,0,0.802784,1.09104,3.93249,254.292,15000,204672,0.354941
Suite_15,Forward,0,2480,2.86902,1.04934,0,0.806912,1.07053,3.90133,256.323,15000,209152,0.360819
Suite_15,Forward,0,2481,2.85817,1.04476,0,0.804992,1.07315,4.01629,248.986,15000,212224,0.366433
Suite_15,Forward,0,2482,2.84078,1.04269,0,0.829472,1.09568,3.99835,250.103,15000,215808,0.373178
Suite_15,Forward,0,2483,2.92458,1.03539,0,0.845824,1.1129,3.97578,251.523,15000,220544,0.379624
Suite_15,Forward,0,2484,2.87984,1.0676,0,0.876384,1.14102,4.05253,246.76,15000,225792,0.387439
Suite_15,Forward,0,2485,2.93922,1.0735,0,0.937984,1.20342,4.0478,247.048,15000,231552,0.395977
Suite_15,Forward,0,2486,2.9401,1.02206,0,0.968704,1.23136,4.11597,242.956,15000,236800,0.403686
Suite_15,Forward,0,2487,2.97235,1.06149,0,0.961056,1.2273,4.05979,246.318,15000,241664,0.411307
Suite_15,Forward,0,2488,2.96516,1.12347,0,0.964768,1.23267,4.13576,241.793,15000,247296,0.420939
Suite_15,Forward,0,2489,2.93853,1.11088,0,0.978208,1.24739,4.19439,238.414,15000,251520,0.427959
Suite_15,Forward,0,2490,3.02101,1.10219,0,1.00022,1.2631,4.15665,240.578,15000,256512,0.436986
Suite_15,Forward,0,2491,3.01771,1.07018,0,1.0073,1.8951,4.2304,236.384,15000,262016,0.444564
Suite_15,Forward,0,2492,3.06001,1.11732,0,1.16326,1.42733,4.19174,238.565,15000,268032,0.456305
Suite_15,Forward,0,2493,3.09384,1.16309,0,1.07331,1.45613,4.28573,233.333,15000,274176,0.46448
Suite_15,Forward,0,2494,3.08175,1.10823,0,1.09338,1.49101,4.373,228.676,15000,280192,0.471678
Suite_15,Forward,0,2495,3.13709,1.13572,0,1.14483,1.43734,4.30137,232.484,15000,285184,0.478308
Suite_15,Forward,0,2496,3.12472,1.15666,0,1.17965,2.95542,4.3954,227.511,15000,290560,0.486191
Suite_15,Forward,0,2497,3.0965,1.20318,0,1.78211,2.04595,4.42443,226.018,15000,296832,0.495255
Suite_15,Forward,0,2498,3.17675,1.15906,0,1.28144,1.54666,4.42287,226.098,15000,301952,0.503715
Suite_15,Forward,0,2499,3.18314,1.10995,0,1.92176,2.18861,4.45405,224.515,15000,307200,0.512155
Suite_15,Forward,0,2500,3.18515,1.20587,0,1.32755,1.59334,4.44526,224.959,15000,312320,0.518624
Suite_15,Forward,0,2501,3.23226,1.17721,0,1.4889,1.75309,4.51755,221.359,15000,319104,0.527592
Suite_15,Forward,0,2502,3.2398,1.1644,0,2.05971,2.32131,4.53454,220.529,15000,324352,0.53742
Suite_15,Forward,0,2503,3.27644,1.2202,0,1.99267,2.25568,4.53495,220.509,15000,331520,0.547613
Suite_15,Forward,0,2504,3.30455,1.22601,0,1.55459,1.84416,4.63047,215.961,15000,338176,0.55659
Suite_15,Forward,0,2505,3.30808,1.1829,0,2.09715,2.35894,4.66386,214.414,15000,344832,0.566125
Suite_15,Forward,0,2506,3.35052,1.24432,0,1.52576,1.79123,4.62343,216.29,15000,351232,0.577035
Suite_15,Forward,0,2507,3.36224,1.24415,0,1.70557,1.99555,4.73084,211.379,15000,356992,0.585994
Suite_15,Forward,0,2508,3.36018,1.20113,0,2.22822,2.49206,4.74488,210.753,15000,363904,0.596681
Suite_15,Forward,0,2509,3.39233,1.31092,0,1.66115,1.92512,4.74919,210.562,15000,371712,0.608024
Suite_15,Forward,0,2510,3.42573,1.24652,0,1.70192,1.96656,4.85085,206.149,15000,378112,0.620227
Suite_15,Forward,0,2511,3.44927,1.2513,0,2.40771,2.67142,4.81668,207.612,15000,385152,0.629125
Suite_15,Forward,0,2512,3.45182,1.23507,0,1.73728,2.00909,4.85351,206.037,15000,392320,0.641292
Suite_15,Forward,0,2513,3.49264,1.17207,0,2.35315,2.61952,4.84323,206.474,15000,399488,0.651207
Suite_15,Forward,0,2514,3.51245,1.22963,0,1.93334,2.1975,4.82532,207.24,15000,405888,0.660475
Suite_15,Forward,0,2515,3.49183,1.24563,0,1.95984,2.22637,4.90248,203.978,15000,411520,0.671713
Suite_15,Forward,0,2516,3.56636,1.22944,0,2.39923,2.66416,4.89988,204.087,15000,419328,0.685043
Suite_15,Forward,0,2517,3.56987,1.27,0,2.02643,2.29165,5.0073,199.708,15000,426112,0.695515
Suite_15,Forward,0,2518,3.5841,1.26958,0,3.42221,3.70787,5.01495,199.404,15000,434048,0.705517
Suite_15,Forward,0,2519,3.58984,1.35767,0,2.0303,2.9184,5.01868,199.256,15000,441984,0.714837
Suite_15,Forward,0,2520,3.64224,1.27284,0,2.64893,2.91325,5.11441,195.526,15000,448512,0.723796
Suite_15,Forward,0,2521,3.74682,4.01975,0,2.1449,2.98496,5.09362,196.324,15000,453760,0.73221
Suite_15,Forward,0,2522,3.70997,1.27658,0,2.79766,3.06547,7.93894,125.961,15000,460672,0.740779
Suite_15,Forward,0,2523,3.71882,1.38785,0,2.22595,2.49226,5.16221,193.715,15000,468480,0.754485
Suite_15,Forward,0,2524,3.75652,1.31552,0,2.86154,3.12528,5.32234,187.887,15000,476288,0.767865
Suite_15,Forward,0,2525,3.76185,1.42497,0,4.29555,4.55654,5.26107,190.075,15000,484864,0.778031
Suite_15,Forward,0,2526,3.7541,1.45504,0,2.89347,3.1864,5.37876,185.916,15000,492928,0.788795
Suite_15,Forward,0,2527,3.81912,1.4208,0,2.44518,2.70522,5.39263,185.438,15000,500608,0.79914
Suite_15,Forward,0,2528,3.82625,1.42784,0,2.46579,2.73251,5.43362,184.039,15000,509824,0.813113
Suite_15,Forward,0,2529,3.86209,1.54393,0,3.01395,3.30138,5.44844,183.539,15000,516608,0.824698
Suite_15,Forward,0,2530,3.87849,1.4749,0,2.41619,3.24339,5.59827,178.627,15000,523008,0.838555
Suite_15,Forward,0,2531,3.88756,1.46154,0,3.13517,3.39558,5.54845,180.23,15000,532352,0.854086
Suite_15,Forward,0,2532,3.92586,1.46497,0,2.54173,2.80576,5.54977,180.188,15000,538624,0.863062
Suite_15,Forward,0,2533,3.93893,1.50893,0,2.55114,2.81056,5.60164,178.519,15000,546432,0.874062
Suite_15,Forward,0,2534,3.96454,1.49014,0,3.324,3.584,5.66526,176.515,15000,555776,0.887555
Suite_15,Forward,0,2535,4.00709,1.53218,0,3.24077,4.13082,5.66615,176.487,15000,563712,0.901405
Suite_15,Forward,0,2536,4.0252,1.49315,0,3.26246,4.16154,5.75294,173.824,15000,571776,0.912618
Suite_15,Forward,0,2537,4.03758,1.55263,0,3.37722,3.6393,5.72981,174.526,15000,580224,0.92464
Suite_15,Forward,0,2538,4.04357,1.60231,0,2.7337,2.99814,5.80435,172.284,15000,587520,0.933916
Suite_15,Forward,0,2539,4.08891,1.55901,0,2.79347,3.05494,5.87205,170.298,15000,594944,0.945525
Suite_15,Forward,0,2540,4.10097,1.57462,0,3.42019,3.67821,5.89098,169.751,15000,602624,0.961235
Suite_15,Forward,0,2541,4.14332,1.62726,0,2.97574,5.32362,5.89677,169.584,15000,609152,0.972106
Suite_15,Forward,0,2542,4.18391,1.62875,0,3.47472,3.73504,6.00469,166.536,15000,617600,0.986251
Suite_15,Forward,0,2543,4.15853,1.56898,0,3.5264,4.40845,6.04724,165.365,15000,625536,0.994614
Suite_15,Forward,0,2544,4.21068,1.63019,0,3.26144,4.08576,5.96844,167.548,15000,632448,1.00568
Suite_15,Forward,0,2545,4.2587,1.64773,0,2.98598,3.24493,6.08323,164.386,15000,642176,1.02332
Suite_15,Forward,0,2546,4.24596,1.63933,0,3.26486,5.5808,6.14603,162.707,15000,651392,1.03595
Suite_15,Forward,0,2547,4.26349,1.63648,0,3.14778,3.41226,6.11946,163.413,15000,658688,1.04608
Suite_15,Forward,0,2548,4.30269,1.66749,0,3.72941,3.99037,6.1497,162.61,15000,667520,1.05845
Suite_15,Forward,0,2549,4.30658,1.72399,0,5.4329,5.6937,6.24271,160.187,15000,673792,1.06783
Suite_15,Forward,0,2550,4.34005,1.70265,0,3.8681,4.1297,6.31471,158.361,15000,680448,1.07953
Suite_15,Forward,0,2551,4.34345,1.72363,0,3.98787,4.87114,6.29409,158.879,15000,687360,1.08897
Suite_15,Forward,0,2552,4.38629,1.68498,0,3.93866,4.83632,6.325,158.103,15000,694272,1.10068
Suite_15,Forward,0,2553,4.39419,1.69755,0,4.68618,4.9464,6.36759,157.045,15000,702592,1.11263
Suite_15,Forward,0,2554,4.44778,1.6966,0,4.05914,4.33862,6.35562,157.341,15000,710912,1.12132
Suite_15,Forward,0,2555,4.45235,4.42527,0,4.27014,4.66,6.40922,156.025,15000,718720,1.13301
Suite_15,Forward,0,2556,4.48676,1.77133,0,6.45565,6.71942,9.15232,109.262,15000,724480,1.14811
Suite_15,Forward,0,2557,4.54829,1.77826,0,4.36083,4.75162,6.52956,153.15,15000,730496,1.16088
Suite_15,Forward,0,2558,4.50062,1.77804,0,5.81837,6.7641,6.64083,150.583,15000,739968,1.17257
Suite_15,Forward,0,2559,4.57599,1.825,0,4.44416,5.36205,6.58159,151.939,15000,748160,1.18855
Suite_15,Forward,0,2560,4.59517,1.82734,0,4.60224,6.96029,6.69233,149.425,15000,756352,1.20055
Suite_15,Forward,0,2561,4.65288,1.79676,0,4.5271,5.44746,6.70861,149.062,15000,764416,1.21278
Suite_15,Forward,0,2562,4.61072,1.75474,0,6.73792,6.99939,6.74433,148.273,15000,771328,1.22424
Suite_15,Forward,0,2563,4.6937,1.86483,0,4.64896,5.56032,6.64914,150.395,15000,778752,1.23793
Suite_15,Forward,0,2564,4.66914,1.77028,0,6.75834,7.02173,6.8615,145.741,15000,787328,1.25232
Suite_15,Forward,0,2565,4.70279,1.82107,0,4.76438,5.68083,6.73801,148.412,15000,795520,1.27057
Suite_15,Forward,0,2566,4.70598,1.79452,0,6.88947,7.1528,6.82854,146.444,15000,802560,1.28295
Suite_15,Forward,0,2567,4.74335,2.01297,0,4.79437,5.71869,6.80759,146.895,15000,811392,1.30082
Suite_15,Forward,0,2568,4.7523,1.80475,0,6.98368,7.24461,7.06452,141.552,15000,818688,1.31232
Suite_15,Forward,0,2569,4.79102,2.08747,0,4.97453,5.8921,6.85969,145.779,15000,827904,1.32773
Suite_15,Forward,0,2570,4.82055,1.88317,0,7.06522,7.32675,7.19847,138.918,15000,835584,1.33881
Suite_15,Forward,0,2571,4.8436,2.08987,0,4.97094,5.8921,7.01046,142.644,15000,843648,1.353
Suite_15,Forward,0,2572,4.86133,1.91494,0,7.22944,7.49114,7.23559,138.206,15000,851584,1.3649
Suite_15,Forward,0,2573,4.91261,2.10533,0,5.08074,5.9945,7.10119,140.822,15000,859648,1.38138
Suite_15,Forward,0,2574,4.89219,1.90096,0,7.27091,7.5327,7.32632,136.494,15000,866432,1.39266
Suite_15,Forward,0,2575,4.95748,2.16273,0,5.18051,5.47475,7.12077,140.434,15000,875392,1.40642
Suite_15,Forward,0,2576,4.92135,1.92165,0,5.84499,6.10714,7.44029,134.403,15000,882560,1.4224
Suite_15,Forward,0,2577,4.95692,1.90971,0,5.34086,5.6048,7.16164,139.633,15000,890624,1.43585
Suite_15,Forward,0,2578,4.97447,1.96654,0,5.97875,6.2761,7.18423,139.194,15000,895360,1.44489
Suite_15,Forward,0,2579,5.00009,3.00563,0,5.38214,5.67462,7.27026,137.547,15000,902912,1.45734
Suite_15,Forward,0,2580,5.04853,4.8151,0,7.49142,7.77382,8.33807,119.932,15000,910464,1.46896
Suite_15,Forward,0,2581,5.09953,1.94749,0,6.0481,6.31101,10.2142,97.9031,15000,918400,1.48116
Suite_15,Forward,0,2582,5.07655,1.93839,0,7.71184,8.00358,7.43474,134.504,15000,925696,1.49344
Suite_15,Forward,0,2583,5.11631,1.98582,0,6.19344,6.48838,7.35759,135.914,15000,933632,1.50579
Suite_15,Forward,0,2584,5.10186,3.2682,0,6.2759,6.57008,7.9999,125.002,15000,939904,1.51414
Suite_15,Forward,0,2585,5.14229,2.04533,0,7.93005,8.78592,8.98861,111.252,15000,947584,1.5326
Suite_15,Forward,0,2586,5.15383,2.28607,0,6.40262,8.2729,7.55966,132.281,15000,953472,1.55041
Suite_15,Forward,0,2587,5.20016,2.19023,0,6.33507,6.63043,8.89901,112.372,15000,961792,1.5636
Suite_15,Forward,0,2588,5.16941,1.99662,0,5.84906,6.26774,8.73687,114.457,15000,968064,1.57987
Suite_15,Forward,0,2589,5.18714,2.03792,0,8.59699,8.97478,7.5342,132.728,15000,975104,1.59382
Suite_15,Forward,0,2590,5.23203,2.42552,0,6.55002,8.94701,7.5857,131.827,15000,981376,1.60699
Suite_15,Forward,0,2591,5.24123,3.10145,0,6.58243,7.00006,8.73695,114.456,15000,989056,1.62373
Suite_15,Forward,0,2592,5.27756,2.0446,0,8.15914,9.01734,9.4078,106.295,15000,994560,1.63812
Suite_15,Forward,0,2593,5.29896,2.50509,0,6.13318,8.44182,7.70015,129.868,15000,1001728,1.65484
Suite_15,Forward,0,2594,5.33201,2.18004,0,6.72563,7.64934,9.31589,107.343,15000,1009152,1.6703
Suite_15,Forward,0,2595,5.32938,2.09844,0,8.25674,8.54454,9.02575,110.794,15000,1015424,1.68599
Suite_15,Forward,0,2596,5.37085,3.39889,0,6.98902,9.3143,8.09465,123.538,15000,1023360,1.70024
Suite_15,Forward,0,2597,5.35838,3.07488,0,6.87514,7.81472,9.15291,109.255,15000,1029504,1.71143
Suite_15,Forward,0,2598,5.40177,2.23043,0,6.34483,7.20022,9.72664,102.81,15000,1036160,1.72393
Suite_15,Forward,0,2599,5.42523,2.2025,0,8.5431,8.82778,8.29838,120.505,15000,1040384,1.73664
Suite_15,Forward,0,2600,5.41539,3.0525,0,6.66624,8.99421,8.0566,124.122,15000,1047936,1.75262
Suite_15,Forward,0,2601,5.45537,5.55739,0,8.57939,8.95821,8.93406,111.931,15000,1054976,1.76671
Suite_15,Forward,0,2602,5.47828,2.19451,0,8.4951,9.3521,11.393,87.773,15000,1060352,1.7794
Suite_15,Forward,0,2603,5.48568,3.22427,0,7.20419,9.55136,8.10753,123.342,15000,1068032,1.79514
Suite_15,Forward,0,2604,5.46054,3.03781,0,7.176,7.60422,9.65771,103.544,15000,1073536,1.80898
Suite_15,Forward,0,2605,5.48434,2.13331,0,8.82518,9.67654,10.0127,99.873,15000,1080448,1.82387
Suite_15,Forward,0,2606,5.54631,3.90533,0,9.46032,9.74506,8.23739,121.398,15000,1086208,1.83819
Suite_15,Forward,0,2607,5.51384,3.16522,0,7.35475,7.77517,10.1033,98.9777,15000,1091328,1.85308
Suite_15,Forward,0,2608,5.53097,2.16042,0,9.46298,9.75053,10.1853,98.1808,15000,1096448,1.86594
Suite_15,Forward,0,2609,5.54853,4.19598,0,8.03277,8.324,8.39632,119.1,15000,1101312,1.87759
Suite_15,Forward,0,2610,5.5561,2.19407,0,7.54566,8.40429,10.148,98.5412,15000,1107584,1.89511
Suite_15,Forward,0,2611,5.57622,4.04605,0,7.63699,7.92576,8.80954,113.513,15000,1112448,1.90974
Suite_15,Forward,0,2612,5.6006,2.21663,0,9.64438,9.94058,10.3644,96.4843,15000,1118080,1.92459
Suite_15,Forward,0,2613,5.61504,4.32735,0,8.22058,8.5144,8.42865,118.643,15000,1124096,1.94084
Suite_15,Forward,0,2614,5.6234,2.23011,0,9.27539,10.1331,10.3473,96.6434,15000,1128448,1.95607
Suite_15,Forward,0,2615,5.64137,4.0203,0,9.34134,9.62765,9.01631,110.91,15000,1132672,1.97002
Suite_15,Forward,0,2616,5.64831,2.95757,0,7.82486,8.77104,10.5246,95.0157,15000,1136896,1.98467
Suite_15,Forward,0,2617,5.67806,2.65342,0,9.42438,9.74262,10.102,98.9899,15000,1143296,1.99702
Suite_15,Forward,0,2618,5.69493,2.93705,0,10.0941,10.3898,9.85601,101.461,15000,1148288,2.00658
Suite_15,Forward,0,2619,5.70066,4.22616,0,8.01658,8.44269,10.1982,98.0565,15000,1152896,2.02017
Suite_15,Forward,0,2620,5.76074,2.28326,0,10.18,11.0412,11.3951,87.7569,15000,1157760,2.03466
Suite_15,Forward,0,2621,5.73758,5.00442,0,9.65408,9.95101,9.09996,109.891,15000,1162624,2.04884
Suite_15,Forward,0,2622,5.73613,3.12454,0,8.20768,9.14227,11.4861,87.0621,15000,1164928,2.05648
Suite_15,Forward,0,2623,5.76144,2.94841,0,9.86106,10.7121,10.3906,96.2412,15000,1170048,2.06939
Suite_15,Forward,0,2624,5.77478,3.83296,0,10.4878,10.7769,10.2298,97.7533,15000,1174016,2.08563
Suite_15,Forward,0,2625,5.78067,3.90498,0,8.39248,10.7108,11.1556,89.6412,15000,1178496,2.10165
Suite_15,Forward,0,2626,5.79573,3.93005,0,8.412,9.27251,11.2354,89.0041,15000,1183616,2.11786
Suite_15,Forward,0,2627,5.81788,2.36011,0,10.5329,10.825,11.3335,88.2343,15000,1187840,2.12908
Suite_15,Forward,0,2628,5.8201,4.20647,0,8.4809,8.90701,9.71445,102.939,15000,1193088,2.14482
Suite_15,Forward,0,2629,5.84064,2.60481,0,10.6011,11.4554,11.2896,88.5772,15000,1197696,2.15899
Suite_15,Forward,0,2630,5.85844,4.50561,0,10.6319,10.9179,10.015,99.8501,15000,1203072,2.17201
Suite_15,Forward,0,2631,5.86747,3.8851,0,8.62205,9.55802,11.8981,84.0471,15000,1207808,2.19
Suite_15,Forward,0,2632,5.8918,2.61158,0,10.837,11.1268,11.3633,88.0026,15000,1213056,2.21074
Suite_15,Forward,0,2633,5.90578,4.75711,0,8.79107,9.08288,10.1538,98.4856,15000,1218048,2.23109
Suite_15,Forward,0,2634,5.96992,2.37915,0,8.84995,9.77654,12.1685,82.1797,15000,1222912,2.2478
Suite_15,Forward,0,2635,6.00955,5.38308,0,10.4223,11.3456,9.5325,104.904,15000,1227136,2.26015
Suite_15,Forward,0,2636,6.01455,4.11623,0,9.51914,9.81462,12.2988,81.3088,15000,1230720,2.277
Suite_15,Forward,0,2637,5.98121,2.57725,0,9.58058,10.4976,11.8254,84.5637,15000,1232896,2.2926
Suite_15,Forward,0,2638,6.01067,5.04577,0,10.4959,11.4073,10.2198,97.849,15000,1234688,2.30496
Suite_15,Forward,0,2639,5.97027,4.19482,0,9.64813,9.94118,12.5067,79.9573,15000,1236992,2.31973
Suite_15,Forward,0,2640,5.96824,2.75828,0,9.72157,10.6435,11.8207,84.5972,15000,1238912,2.32996
Suite_15,Forward,0,2641,5.97452,5.05786,0,11.4203,11.7092,10.3933,96.2154,15000,1241344,2.33815
Suite_15,Forward,0,2642,5.98738,4.41044,0,9.66538,10.0996,12.6488,79.0589,15000,1244288,2.35464
Suite_15,Forward,0,2643,5.98572,2.83809,0,11.724,12.0233,12.1151,82.5415,15000,1246080,2.36726
Suite_15,Forward,0,2644,5.99577,4.78789,0,9.17094,11.4586,10.5421,94.8578,15000,1248256,2.38148
Suite_15,Forward,0,2645,6.00572,4.15908,0,9.91312,10.3322,12.5089,79.9431,15000,1251200,2.39976
Suite_15,Forward,0,2646,6.00702,2.95486,0,11.2108,12.0921,11.9393,83.757,15000,1252480,2.40672
Suite_15,Forward,0,2647,6.0173,4.71586,0,9.24848,11.5505,10.739,93.1185,15000,1254144,2.41976
Suite_15,Forward,0,2648,6.01836,4.2185,0,9.76938,10.0639,12.502,79.9874,15000,1255808,2.416
Suite_15,Forward,0,2649,6.02883,3.2626,0,11.391,11.6813,12.0172,83.2142,15000,1256832,2.42511
Suite_15,Forward,0,2650,6.03553,4.43806,0,9.90611,12.2279,11.1271,89.8703,15000,1259008,2.43435
Suite_15,Forward,0,2651,6.03032,4.79151,0,9.38838,9.67683,12.2747,81.4683,15000,1258112,2.43243
Suite_15,Forward,0,2652,6.03116,3.12457,0,11.3597,11.8329,12.6241,79.2133,15000,1258624,2.44651
Suite_15,Forward,0,2653,6.03151,4.97809,0,11.9088,12.1979,10.7416,93.0958,15000,1259776,2.45907
Suite_15,Forward,0,2654,6.0411,4.76607,0,9.36333,12.1957,12.2645,81.5364,15000,1260928,2.45377
Suite_15,Forward,0,2655,6.03779,4.82716,0,9.63862,10.5719,12.6654,78.955,15000,1260544,2.46473
Suite_15,Forward,0,2656,6.03542,3.04668,0,11.4774,11.7699,12.7638,78.3463,15000,1262464,2.48425
Suite_15,Forward,0,2657,6.05223,4.29335,0,10.0328,12.3963,10.9746,91.1192,15000,1262080,2.49798
Suite_15,Forward,0,2658,6.02916,4.92191,0,9.86086,10.1491,12.2344,81.7366,15000,1262336,2.51104
Suite_15,Forward,0,2659,6.04049,2.66202,0,10.914,11.8334,12.837,77.8999,15000,1262848,2.52774
Suite_15,Forward,0,2660,6.03839,5.14088,0,9.31677,10.2482,10.6045,94.2997,15000,1264000,2.54397
Suite_15,Forward,0,2661,6.04825,2.63708,0,11.3704,11.6692,12.9738,77.0785,15000,1263744,2.55844
Suite_15,Forward,0,2662,6.05439,4.81972,0,9.34714,11.6804,10.6452,93.939,15000,1264128,2.56846
Suite_15,Forward,0,2663,6.03892,4.1192,0,9.82426,10.1146,12.6419,79.1018,15000,1263488,2.56857
Suite_15,Forward,0,2664,6.03868,2.57657,0,9.8025,12.1446,12.1352,82.405,15000,1263616,2.58718
Suite_15,Forward,0,2665,6.0358,4.90287,0,9.52272,11.8354,10.5984,94.3536,15000,1263872,2.60848
Suite_15,Forward,0,2666,6.03158,4.25069,0,9.8568,10.1461,12.6291,79.1823,15000,1262848,2.61851
Suite_15,Forward,0,2667,6.04143,2.52492,0,9.8345,12.215,12.2492,81.6378,15000,1264000,2.64368
Suite_15,Forward,0,2668,6.03459,4.86784,0,9.80352,10.0949,10.5778,94.5374,15000,1263744,2.63318
Suite_15,Forward,0,2669,6.04407,2.50657,0,9.27142,11.6511,12.6842,78.8382,15000,1263360,2.63534
Suite_15,Forward,0,2670,6.03065,4.4993,0,10.0192,10.9517,10.5356,94.9164,15000,1263616,2.65857
Suite_15,Forward,0,2671,6.03227,3.32307,0,11.6036,11.8989,12.2255,81.7962,15000,1263616,2.68011
Suite_15,Forward,0,2672,6.03043,4.85321,0,9.38266,11.7187,11.3734,87.9241,15000,1262848,2.68612
Suite_15,Forward,0,2673,6.01924,4.10949,0,9.9328,10.2191,12.8965,77.5406,15000,1261184,2.69718
Suite_15,Forward,0,2674,6.0207,2.61078,0,9.89776,12.229,12.1633,82.2147,15000,1260672,2.71455
Suite_15,Forward,0,2675,6.01252,4.86363,0,9.74429,12.0238,10.6866,93.5753,15000,1259904,2.74298
Suite_15,Forward,0,2676,6.02651,4.3441,0,10.0998,10.4039,12.6978,78.7538,15000,1259392,2.77515
Suite_15,Forward,0,2677,6.02075,3.27824,0,10.951,11.9292,12.4479,80.3348,15000,1258496,2.79745
Suite_15,Forward,0,2678,6.0137,4.29636,0,11.9788,12.2655,11.3887,87.8063,15000,1259264,2.8269
Suite_15,Forward,0,2679,6.01376,4.60035,0,9.51091,11.8291,12.3804,80.7727,15000,1257984,2.8677
Suite_15,Forward,0,2680,6.01307,4.33082,0,10.2511,11.1779,12.7213,78.608,15000,1256960,2.89222
Suite_15,Forward,0,2681,6.00528,3.4792,0,11.5469,11.8354,12.4508,80.316,15000,1254784,2.78058
Suite_15,Forward,0,2682,6.00161,4.10203,0,10.0986,12.4111,11.6147,86.0977,15000,1254272,2.82351
Suite_15,Forward,0,2683,5.98482,4.74545,0,10.1248,10.4035,12.2335,81.7429,15000,1252352,2.83579
Suite_15,Forward,0,2684,5.98897,2.69057,0,11.2901,12.1899,12.8902,77.5783,15000,1250816,2.87337
Suite_15,Forward,0,2685,5.98864,5.47016,0,9.74029,10.6678,10.8527,92.143,15000,1251328,2.89094
Suite_15,Forward,0,2686,6.00995,3.48141,0,11.8451,12.6889,13.3395,74.9653,15000,1248768,2.94004
Suite_15,Forward,0,2687,5.99256,4.94762,0,12.4829,12.7662,11.0384,90.5929,15000,1245696,2.86496
Suite_15,Forward,0,2688,5.97826,5.06211,0,10.0475,10.9594,13.1136,76.2567,15000,1244672,2.91585
Suite_15,Forward,0,2689,5.96653,3.41385,0,12.122,12.9615,13.2196,75.6452,15000,1243008,2.97163
Suite_15,Forward,0,2690,5.96696,5.21183,0,12.2235,13.1766,11.5697,86.4325,15000,1242880,2.99567
Suite_15,Forward,0,2691,5.95266,5.41263,0,10.8833,11.1616,13.3913,74.6754,15000,1240192,3.06046
Suite_15,Forward,0,2692,5.95079,3.41995,0,10.1912,11.1124,13.5788,73.6442,15000,1239040,3.07064
Suite_15,Forward,0,2693,5.94913,5.3755,0,12.4314,13.2869,11.6089,86.1411,15000,1238528,3.1472
Suite_15,Forward,0,2694,5.94839,5.46598,0,10.8159,13.1307,13.6063,73.4952,15000,1235840,3.23137
Suite_15,Forward,0,2695,5.93512,5.32236,0,10.2332,13.0649,13.7153,72.9112,15000,1233536,3.31917
Suite_15,Forward,0,2696,5.92956,5.43752,0,10.4589,11.2845,13.5458,73.8236,15000,1231744,3.43335
Suite_15,Forward,0,2697,5.91791,3.40995,0,10.9322,13.2096,13.6928,73.031,15000,1229184,3.55472
Suite_15,Forward,0,2698,5.90668,5.38331,0,10.9076,11.1841,11.6777,85.6332,15000,1226368,3.65956
Suite_15,Forward,0,2699,5.8982,3.95427,0,12.4076,12.6834,13.6378,73.3254,15000,1222272,3.76154
Suite_15,Forward,0,2700,5.89578,4.99063,0,10.5026,12.5085,12.2034,81.9441,15000,1220352,3.93602
Suite_15,Forward,0,2701,5.87894,5.21734,0,12.2312,12.5029,13.2432,75.5106,15000,1216512,4.03808
Suite_15,Forward,0,2702,5.86691,4.67562,0,12.6624,13.4988,13.514,73.9975,15000,1213952,3.57782
Suite_15,Forward,0,2703,5.86776,5.7597,0,10.5599,12.8742,12.9667,77.1208,15000,1208960,3.46802
Suite_15,Forward,0,2704,5.84591,4.96844,0,10.4689,10.7275,14.0625,71.1114,15000,1206784,3.84231
Suite_15,Forward,0,2705,5.84015,2.85144,0,11.3459,12.2184,13.3107,75.1278,15000,1204864,4.37477
Suite_15,Forward,0,2706,5.82686,4.99413,0,10.4632,10.8546,11.168,89.5413,15000,1201408,5.04878
Suite_15,Forward,0,2707,5.83095,2.91423,0,12.4111,12.6745,13.3135,75.1118,15000,1198592,5.82054
Suite_15,Forward,0,2708,5.8137,4.80774,0,10.4249,12.7818,11.2785,88.6645,15000,1194880,6.24807
Suite_15,Forward,0,2709,5.82155,4.77468,0,9.87923,10.6969,13.1125,76.2631,15000,1191168,5.97403
Suite_15,Forward,0,2710,5.79217,2.77559,0,12.3068,12.5966,13.2203,75.6415,15000,1188608,2.70464
Suite_15,Forward,0,2711,5.79064,4.73819,0,9.82304,10.7566,11.0978,90.108,15000,1186816,2.79143
Suite_15,Forward,0,2712,5.77775,3.00926,0,11.8488,12.7017,13.0534,76.6083,15000,1183744,2.88758
Suite_15,Forward,0,2713,5.77388,4.78343,0,11.7064,11.9942,11.3346,88.2253,15000,1182976,2.98415
Suite_15,Forward,0,2714,5.76057,4.11103,0,9.56083,10.4838,13.1321,76.1492,15000,1181184,3.08265
Suite_15,Forward,0,2715,5.76896,3.23578,0,11.5723,11.8612,12.453,80.3021,15000,1177728,2.456
Suite_15,Forward,0,2716,5.74258,4.53966,0,11.5016,11.7908,11.622,86.044,15000,1174400,2.47972
Suite_15,Forward,0,2717,5.72462,3.90899,0,9.86355,12.1963,12.8789,77.6462,15000,1171200,2.47167
Suite_15,Forward,0,2718,5.72411,4.43622,0,9.32454,10.1799,12.2323,81.7506,15000,1169792,2.49085
Suite_15,Forward,0,2719,5.71958,2.38966,0,11.4561,11.7432,12.7898,78.1875,15000,1167360,2.53542
Suite_15,Forward,0,2720,5.70195,4.3518,0,9.18733,11.5302,10.5757,94.5566,15000,1162112,2.51536
Suite_15,Forward,0,2721,5.69339,4.22651,0,9.08682,9.93238,12.2207,81.8281,15000,1158656,2.56392
Suite_15,Forward,0,2722,5.68925,2.39769,0,11.1539,11.4406,12.558,79.6304,15000,1156608,2.61689
Suite_15,Forward,0,2723,5.67221,4.22632,0,8.90662,11.2382,10.3862,96.2814,15000,1152640,2.29061
Suite_15,Forward,0,2724,5.69627,3.92662,0,8.96122,9.82506,11.9067,83.9862,15000,1149056,2.28745
Suite_15,Forward,0,2725,5.71883,2.36259,0,11.0134,11.2988,12.2507,81.6279,15000,1146752,2.30862
Suite_15,Forward,0,2726,5.70122,4.1453,0,9.36554,11.7187,10.2884,97.197,15000,1142144,2.30434
Suite_15,Forward,0,2727,5.65806,3.80992,0,8.96205,9.25901,11.7555,85.0662,15000,1138560,2.31091
Suite_15,Forward,0,2728,5.68157,2.3575,0,10.996,11.2824,12.148,82.318,15000,1135104,2.33019
Suite_15,Forward,0,2729,5.66963,4.13529,0,8.79123,11.1145,10.2629,97.4387,15000,1131904,2.34917
Suite_15,Forward,0,2730,5.64499,3.27204,0,9.32973,9.62029,11.7366,85.2034,15000,1128960,2.36644
Suite_15,Forward,0,2731,5.6518,2.2894,0,11.3611,11.6585,11.5791,86.3624,15000,1125504,2.39226
Suite_15,Forward,0,2732,5.60373,4.68538,0,8.70202,9.64198,10.0641,99.363,15000,1122944,2.42516
Suite_15,Forward,0,2733,5.6226,2.31177,0,10.2717,11.1309,12.1254,82.4712,15000,1119744,2.45274
Suite_15,Forward,0,2734,5.60337,3.91305,0,10.63,10.928,10.2577,97.4873,15000,1115520,2.43905
Suite_15,Forward,0,2735,5.63324,3.14707,0,8.49581,8.92029,11.539,86.6623,15000,1111680,2.46007
Suite_15,Forward,0,2736,5.5555,5.34598,0,10.5295,11.3505,11.4295,87.4931,15000,1106432,2.3852
Suite_15,Forward,0,2737,5.60241,2.31704,0,10.3948,10.6927,11.304,88.4644,15000,1102464,2.3518
Suite_15,Forward,0,2738,5.54654,3.31885,0,8.26282,9.19107,10.5331,94.939,15000,1097216,2.36192
Suite_15,Forward,0,2739,5.54832,2.29813,0,9.80422,10.6633,11.1069,90.0339,15000,1092224,2.37315
Suite_15,Forward,0,2740,5.52419,3.91229,0,10.3789,10.6631,9.787,102.176,15000,1088128,2.37205
Suite_15,Forward,0,2741,5.50574,2.98396,0,8.14944,10.4677,11.0636,90.3863,15000,1083904,2.39615
Suite_15,Forward,0,2742,5.4889,2.8666,0,8.11626,8.9695,11.1472,89.7087,15000,1078784,2.4184
Suite_15,Forward,0,2743,5.47157,2.23888,0,10.165,10.4582,11.0219,90.7281,15000,1075712,2.4532
Suite_15,Forward,0,2744,5.47008,4.06519,0,7.95005,8.87178,9.38488,106.554,15000,1072896,2.38757
Suite_15,Forward,0,2745,5.43527,2.25571,0,9.6048,10.4595,10.9368,91.4345,15000,1069824,2.40235
Suite_15,Forward,0,2746,5.46089,3.95293,0,8.00413,10.3683,9.46433,105.66,15000,1065088,2.41841
Suite_15,Forward,0,2747,5.43482,2.73005,0,7.91011,8.84154,10.8982,91.7584,15000,1060864,2.42812
Suite_15,Forward,0,2748,5.42591,2.2136,0,9.34938,10.2006,10.7917,92.6635,15000,1056384,2.45965
Suite_15,Forward,0,2749,5.40963,3.67837,0,7.83827,10.1709,9.45036,105.816,15000,1051776,2.41661
Suite_15,Forward,0,2750,5.39678,2.65249,0,7.70205,8.66614,10.595,94.3846,15000,1048704,2.45863
Suite_15,Forward,0,2751,5.3484,2.20435,0,9.39213,9.70454,10.6106,94.2452,15000,1044864,2.49507
Suite_15,Forward,0,2752,5.33033,3.38285,0,8.08797,9.90413,9.25435,108.057,15000,1041024,2.54531
Suite_15,Forward,0,2753,5.30586,2.83606,0,7.45443,7.7497,10.085,99.1571,15000,1036288,2.59782
Suite_15,Forward,0,2754,5.29273,2.18432,0,9.50886,9.80157,10.359,96.5344,15000,1030400,2.65314
Suite_15,Forward,0,2755,5.27916,4.99812,0,7.22534,7.5191,9.04154,110.601,15000,1025408,2.70061
Suite_15,Forward,0,2756,5.27999,2.12442,0,8.63392,8.92214,10.6426,93.9624,15000,1020416,2.77533
Suite_15,Forward,0,2757,5.23908,3.19505,0,6.99315,7.30118,8.62278,115.972,15000,1015040,2.82296
Suite_15,Forward,0,2758,5.22576,2.98021,0,6.9079,7.20528,9.27385,107.83,15000,1010560,2.84873
Suite_15,Forward,0,2759,5.21549,2.10027,0,8.21779,8.50966,9.79366,102.107,15000,1006080,2.94944
Suite_15,Forward,0,2760,5.20383,2.83578,0,6.54026,6.82634,8.48252,117.889,15000,1000448,3.0825
Suite_15,Forward,0,2761,5.17914,2.00567,0,8.58986,8.88131,8.90185,112.336,15000,996224,3.25728
Suite_15,Forward,0,2762,5.16686,2.7811,0,6.40704,6.69699,7.55579,132.349,15000,989952,3.45321
Suite_15,Forward,0,2763,5.15145,2.40839,0,6.09898,6.37946,9.24071,108.217,15000,985984,3.71872
Suite_15,Forward,0,2764,5.1394,2.02696,0,9.36173,10.2697,9.20337,108.656,15000,980224,3.8587
Suite_15,Forward,0,2765,5.15163,5.17268,0,8.18995,9.13075,7.58058,131.916,15000,973824,4.01504
Suite_15,Forward,0,2766,5.1041,2.10249,0,9.81245,10.668,10.6733,93.6913,15000,970368,4.35734
Suite_15,Forward,0,2767,5.09598,3.82442,0,8.28931,10.6556,9.61701,103.982,15000,964992,4.72163
Suite_15,Forward,0,2768,5.07439,3.66117,0,8.42314,9.34915,11.0528,90.4747,15000,960640,4.91139
Suite_15,Forward,0,2769,5.06282,2.20356,0,10.4041,10.6868,11.1997,89.2883,15000,955392,4.92144
Suite_15,Forward,0,2770,5.04674,3.77915,0,8.1416,10.4555,9.75654,102.495,15000,950400,2.80702
Suite_15,Forward,0,2771,5.02527,3.4343,0,8.1904,9.10746,11.1208,89.9215,15000,944896,2.89017
Suite_15,Forward,0,2772,5.01537,2.0743,0,10.0277,10.317,10.9155,91.6125,15000,938624,2.92693
Suite_15,Forward,0,2773,4.99341,3.75084,0,7.81565,8.10016,9.54669,104.748,15000,933504,2.99186
Suite_15,Forward,0,2774,4.97333,2.0517,0,7.84589,8.13978,10.88,91.9117,15000,928128,2.10442
Suite_15,Forward,0,2775,4.96182,3.95579,0,7.72736,8.02461,9.15807,109.193,15000,924032,2.13101
Suite_15,Forward,0,2776,4.94168,4.87433,0,7.74589,8.03923,10.77,92.8503,15000,918016,2.15231
Suite_15,Forward,0,2777,4.96667,3.03241,0,8.93971,9.23443,10.5523,94.7657,15000,913792,2.1784
Suite_15,Forward,0,2778,4.91014,4.36094,0,7.34842,7.64064,8.46964,118.069,15000,908672,2.17676
Suite_15,Forward,0,2779,4.90399,1.97755,0,8.95139,9.244,10.4426,95.762,15000,903936,2.21344
Suite_15,Forward,0,2780,4.8858,3.98369,0,7.46086,7.75389,8.71969,114.683,15000,898816,2.25188
Suite_15,Forward,0,2781,4.86525,2.89152,0,7.35232,7.64202,10.3705,96.4272,15000,893696,2.23881
Suite_15,Forward,0,2782,4.85344,1.9761,0,9.39414,9.68704,10.2197,97.85,15000,889600,2.2708
Suite_15,Forward,0,2783,4.84397,3.98015,0,7.19462,7.50496,8.39705,119.089,15000,883968,2.29751
Suite_15,Forward,0,2784,4.81646,1.94553,0,8.79437,9.07469,10.0843,99.1638,15000,877952,2.34763
Suite_15,Forward,0,2785,4.80579,3.1267,0,7.21306,7.53357,8.58127,116.533,15000,872576,2.35292
Suite_15,Forward,0,2786,4.7816,2.90379,0,7.08179,7.37075,9.44406,105.887,15000,866688,2.38167
Suite_15,Forward,0,2787,4.78743,1.96352,0,8.56077,8.85408,10.0139,99.8615,15000,861184,2.44925
Suite_15,Forward,0,2788,4.75259,3.05164,0,6.46819,6.76659,8.65832,115.496,15000,854912,2.27643
Suite_15,Forward,0,2789,4.73037,2.70646,0,7.03283,7.90938,9.38411,106.563,15000,848128,2.35101
Suite_15,Forward,0,2790,4.71538,1.93286,0,6.26528,6.55837,9.78465,102.201,15000,842880,2.16087
Suite_15,Forward,0,2791,4.70549,2.9321,0,6.79142,7.07754,8.39399,119.133,15000,838400,2.19487
Suite_15,Forward,0,2792,4.68481,1.85149,0,6.28736,6.58637,9.08289,110.097,15000,831360,2.20681
Suite_15,Forward,0,2793,4.66249,4.19593,0,6.75901,7.05152,7.55793,132.311,15000,826496,2.27733
Suite_15,Forward,0,2794,4.65448,1.88033,0,8.10557,8.40208,9.56036,104.599,15000,821760,2.3049
Suite_15,Forward,0,2795,4.6337,3.02125,0,6.67238,6.95843,8.1568,122.597,15000,816640,2.35673
Suite_15,Forward,0,2796,4.6232,1.89657,0,5.96797,6.83293,8.94732,111.765,15000,811904,2.44613
Suite_15,Forward,0,2797,4.61335,3.91476,0,6.66643,6.95763,7.58297,131.875,15000,805632,2.27365
Suite_15,Forward,0,2798,4.58617,2.57023,0,6.58842,6.87814,9.26984,107.877,15000,800384,2.33048
Suite_15,Forward,0,2799,4.57853,4.55687,0,8.12646,8.38656,9.48976,105.377,15000,795136,2.45138
Suite_15,Forward,0,2800,4.57253,1.85709,0,5.93757,6.23238,9.49129,105.36,15000,789888,2.29556
Suite_15,Forward,0,2801,4.55083,2.00278,0,8.1416,8.43053,7.56313,132.22,15000,783360,2.49053
Suite_15,Forward,0,2802,4.52486,3.54176,0,5.90275,6.35482,7.34168,136.209,15000,777216,2.84303
Suite_15,Forward,0,2803,4.51588,1.67145,0,8.62691,8.92048,8.89371,112.439,15000,771712,3.47309
Suite_15,Forward,0,2804,4.49448,3.93369,0,6.54899,6.97411,7.41617,134.84,15000,766848,1.87982
Suite_15,Forward,0,2805,4.47083,1.25428,0,6.15363,7.00688,9.35479,106.897,15000,760704,1.89196
Suite_15,Forward,0,2806,4.45306,3.65774,0,6.87075,9.20429,7.40408,135.061,15000,755840,1.91144
Suite_15,Forward,0,2807,4.43703,2.86984,0,6.65069,7.07978,9.47702,105.518,15000,751232,1.93377
Suite_15,Forward,0,2808,4.42683,1.30643,0,8.20262,9.07469,9.59889,104.179,15000,745216,1.87169
Suite_15,Forward,0,2809,4.40794,3.39108,0,6.17677,8.48819,7.70738,129.746,15000,740352,1.88413
Suite_15,Forward,0,2810,4.41275,2.30435,0,6.76256,7.69427,9.48316,105.45,15000,737536,1.91509
Suite_15,Forward,0,2811,4.38648,1.41466,0,8.1911,8.49101,9.05365,110.453,15000,733184,1.94628
Suite_15,Forward,0,2812,4.36805,2.60369,0,6.66243,6.96259,8.10786,123.337,15000,728192,1.9803
Suite_15,Forward,0,2813,4.34905,1.26353,0,6.6007,6.90026,9.06558,110.307,15000,721792,2.00895
Suite_15,Forward,0,2814,4.33406,3.46646,0,6.53421,6.82355,7.55887,132.295,15000,716800,2.03101
Suite_15,Forward,0,2815,4.31575,2.70475,0,6.07786,6.93642,9.45269,105.79,15000,710784,2.03336
Suite_15,Forward,0,2816,4.30378,1.2549,0,6.52259,6.81907,9.29855,107.544,15000,705152,2.07346
Suite_15,Forward,0,2817,4.28643,2.98025,0,6.73242,7.03283,7.35164,136.024,15000,699904,2.11734
Suite_15,Forward,0,2818,4.26679,1.42494,0,6.01498,6.31398,8.76831,114.047,15000,695424,2.16727
Suite_15,Forward,0,2819,4.25146,2.44404,0,6.55866,6.86832,8.01802,124.719,15000,690432,2.19465
Suite_15,Forward,0,2820,4.23838,1.37659,0,8.04858,8.34128,8.87996,112.613,15000,686080,2.27365
Suite_15,Forward,0,2821,4.2195,2.56874,0,6.39261,6.68458,7.92975,126.107,15000,680960,2.33597
Suite_15,Forward,0,2822,4.21665,1.23529,0,8.03622,8.88218,8.90529,112.293,15000,676608,2.02807
Suite_15,Forward,0,2823,4.19497,3.54214,0,6.31594,6.6087,7.2812,137.34,15000,670336,2.06525
Suite_15,Forward,0,2824,4.1745,2.20056,0,6.4001,6.69949,9.23127,108.327,15000,664960,2.06226
Suite_15,Forward,0,2825,4.16126,1.23014,0,7.75651,8.04445,8.68666,115.119,15000,660096,2.10895
Suite_15,Forward,0,2826,4.14411,2.41332,0,6.32298,6.61098,7.72601,129.433,15000,655488,2.18228
Suite_15,Forward,0,2827,4.13368,3.79984,0,5.77968,6.6048,8.60713,116.183,15000,650112,2.27707
Suite_15,Forward,0,2828,4.14267,1.5989,0,5.74054,6.03994,8.17804,122.279,15000,645632,2.38548
Suite_15,Forward,0,2829,4.10081,2.18735,0,6.32774,6.61542,8.07406,123.853,15000,640512,2.52439
Suite_15,Forward,0,2830,4.09036,1.20737,0,7.1352,7.42918,8.60314,116.237,15000,635136,2.69597
Suite_15,Forward,0,2831,4.07029,3.36929,0,6.16307,6.4593,7.20214,138.848,15000,630400,2.9383
Suite_15,Forward,0,2832,4.10731,1.26456,0,6.15347,6.44736,9.06178,110.354,15000,624128,3.12407
Suite_15,Forward,0,2833,4.06011,2.95851,0,6.99494,7.28461,7.06475,141.548,15000,619264,2.67474
Suite_15,Forward,0,2834,4.06215,2.51196,0,5.14118,5.44154,8.39443,119.127,15000,614528,1.77244
Suite_15,Forward,0,2835,4.03795,1.22721,0,7.20282,7.49008,8.9055,112.29,15000,610944,1.79182
Suite_15,Forward,0,2836,4.03436,3.16444,0,5.68253,5.97981,6.41593,155.862,15000,605440,1.82015
Suite_15,Forward,0,2837,4.00562,1.21576,0,7.17824,7.47072,8.04553,124.293,15000,600960,1.78115
Suite_15,Forward,0,2838,3.97601,2.87574,0,4.91462,5.20346,6.55228,152.619,15000,597248,1.76278
Suite_15,Forward,0,2839,3.95079,1.12197,0,7.10042,7.4177,7.85425,127.32,15000,592000,1.70195
Suite_15,Forward,0,2840,3.94128,3.48924,0,4.94627,5.24093,6.3589,157.26,15000,588416,1.70791
Suite_15,Forward,0,2841,3.92583,1.09429,0,4.96531,5.26163,8.38985,119.192,15000,583296,1.72555
Suite_15,Forward,0,2842,3.91279,3.92792,0,4.78877,5.08422,5.82239,171.751,15000,578432,1.75595
Suite_15,Forward,0,2843,3.89168,1.05313,0,4.8416,5.13434,8.31682,120.238,15000,574208,1.79357
Suite_15,Forward,0,2844,3.88318,3.86675,0,4.66125,4.9511,5.67637,176.169,15000,569088,1.85106
Suite_15,Forward,0,2845,3.85414,1.05571,0,6.78717,7.10451,8.17103,122.384,15000,563712,1.56255
Suite_15,Forward,0,2846,3.84541,3.92202,0,4.6592,4.95002,5.51089,181.459,15000,558464,1.55806
Suite_15,Forward,0,2847,3.82735,1.05019,0,4.60826,4.90224,8.08344,123.71,15000,553984,1.52268
Suite_15,Forward,0,2848,3.81236,3.24644,0,4.55824,5.41859,5.54431,180.365,15000,549504,1.50264
Suite_15,Forward,0,2849,3.81593,1.13339,0,6.0225,6.9281,7.43053,134.58,15000,546432,1.50956
Suite_15,Forward,0,2850,3.80402,3.07813,0,4.46259,4.7575,5.82926,171.548,15000,541312,1.48338
Suite_15,Forward,0,2851,3.78078,1.05921,0,4.53632,6.92246,7.45128,134.205,15000,536064,1.48767
Suite_15,Forward,0,2852,3.76195,2.94761,0,4.41248,4.69818,5.75874,173.649,15000,532096,1.4944
Suite_15,Forward,0,2853,3.74899,1.03187,0,3.95168,6.31808,7.32885,136.447,15000,528640,1.47551
Suite_15,Forward,0,2854,3.72429,3.33438,0,4.54246,5.39363,5.28441,189.236,15000,524032,1.48438
Suite_15,Forward,0,2855,3.72327,1.06622,0,4.43856,5.36166,7.25265,137.881,15000,520448,1.50121
Suite_15,Forward,0,2856,3.69837,1.31873,0,4.41773,5.3289,5.85239,170.87,15000,516352,1.50012
Suite_15,Forward,0,2857,3.68369,2.85375,0,4.44867,4.88413,5.7683,173.361,15000,512896,1.50263
Suite_15,Forward,0,2858,3.68972,1.04374,0,4.43763,4.7465,7.24889,137.952,15000,509824,1.52032
Suite_15,Forward,0,2859,3.68132,3.82007,0,4.37869,4.66432,5.35332,186.8,15000,506624,1.52418
Suite_15,Forward,0,2860,3.6603,1.00747,0,6.56336,6.84851,7.84235,127.513,15000,502528,1.53274
Suite_15,Forward,0,2861,3.6524,3.38011,0,3.83014,4.67936,5.21467,191.767,15000,497280,1.52349
Suite_15,Forward,0,2862,3.62816,1.00851,0,6.51674,6.80726,7.27468,137.463,15000,492544,1.54228
Suite_15,Forward,0,2863,3.63209,2.90141,0,4.39126,4.67709,5.70771,175.202,15000,488832,1.56483
Suite_15,Forward,0,2864,3.61507,3.67544,0,4.44861,4.70234,7.32664,136.488,15000,484096,1.57367
Suite_15,Forward,0,2865,3.62697,1.07308,0,6.49322,6.78154,7.47653,133.752,15000,480000,1.59141
Suite_15,Forward,0,2866,3.59619,2.9451,0,4.32275,4.63434,5.77952,173.025,15000,475520,1.5948
Suite_15,Forward,0,2867,3.57442,0.99036,0,4.8961,5.17613,7.28288,137.308,15000,470400,1.61337
Suite_15,Forward,0,2868,3.53693,3.89154,0,4.18883,4.47827,5.04418,198.248,15000,465792,1.58423
Suite_15,Forward,0,2869,3.53283,1.02541,0,4.33773,4.62845,7.61514,131.317,15000,461440,1.56558
Suite_15,Forward,0,2870,3.52097,3.30645,0,4.27008,4.5568,5.16083,193.767,15000,456960,1.57383
Suite_15,Forward,0,2871,3.51087,1.02815,0,4.26086,4.54656,7.10079,140.829,15000,452480,1.6098
Suite_15,Forward,0,2872,3.49493,0.973818,0,4.34013,4.62438,5.53351,180.717,15000,448000,1.61472
Suite_15,Forward,0,2873,3.48169,3.28525,0,3.7137,4.56061,5.09847,196.137,15000,443776,1.64625
Suite_15,Forward,0,2874,3.46653,1.01998,0,5.86563,6.15219,7.09609,140.923,15000,439168,1.65204
Suite_15,Forward,0,2875,3.45206,2.91852,0,4.22768,4.51174,5.57472,179.381,15000,435584,1.68073
Suite_15,Forward,0,2876,3.43719,1.0219,0,5.84813,6.15997,7.13846,140.086,15000,430976,1.71367
Suite_15,Forward,0,2877,3.4764,2.98894,0,4.24141,4.53392,5.54619,180.304,15000,425600,1.75745
Suite_15,Forward,0,2878,3.42877,0.996309,0,4.25984,4.55504,7.24633,138.001,15000,421376,1.80875
Suite_15,Forward,0,2879,3.40176,3.215,0,4.17792,4.46051,5.08818,196.534,15000,416640,1.88995
Suite_15,Forward,0,2880,3.39578,1.00741,0,4.05299,4.33766,6.98544,143.155,15000,412160,1.95741
Suite_15,Forward,0,2881,3.38173,3.83407,0,3.96672,4.2639,4.87914,204.954,15000,408192,2.06318
Suite_15,Forward,0,2882,3.35245,0.943685,0,6.05389,6.3425,7.38017,135.498,15000,403584,1.79029
Suite_15,Forward,0,2883,3.34179,3.34927,0,3.90086,4.1904,4.70065,212.737,15000,399872,1.89106
Suite_15,Forward,0,2884,3.32271,0.935633,0,4.58128,4.87219,6.84171,146.162,15000,396416,2.00364
Suite_15,Forward,0,2885,3.29861,1.82617,0,6.0416,6.33242,4.6138,216.741,15000,392064,2.13899
Suite_15,Forward,0,2886,3.30391,2.56588,0,3.93421,4.22093,5.28451,189.232,15000,387712,2.2955
Suite_15,Forward,0,2887,3.28587,0.906448,0,3.70096,4.14061,6.73233,148.537,15000,385024,2.45084
Suite_15,Forward,0,2888,3.24692,1.248,0,3.76346,4.05462,4.65786,214.691,15000,381312,2.57691
Suite_15,Forward,0,2889,3.23834,3.0567,0,3.76406,4.05654,4.64085,215.478,15000,376576,1.6852
Suite_15,Forward,0,2890,3.25152,0.929582,0,5.0303,5.98426,6.50137,153.814,15000,373248,1.48564
Suite_15,Forward,0,2891,3.22217,2.72816,0,2.99309,3.2768,5.04026,198.403,15000,368768,1.44651
Suite_15,Forward,0,2892,3.22499,0.917599,0,3.61597,3.9065,6.50036,153.838,15000,364672,1.46415
Suite_15,Forward,0,2893,3.20427,1.05917,0,5.71162,6.00218,4.38858,227.864,15000,360704,1.43774
Suite_15,Forward,0,2894,3.1727,3.23995,0,3.58502,3.98941,4.40648,226.938,15000,356224,1.47355
Suite_15,Forward,0,2895,3.18168,0.913002,0,3.16006,5.48029,6.55781,152.49,15000,352384,1.51778
Suite_15,Forward,0,2896,3.16015,3.15232,0,3.60858,3.92131,4.41688,226.404,15000,349312,1.56646
Suite_15,Forward,0,2897,3.15521,0.9556,0,5.15549,5.61491,6.45571,154.902,15000,344320,1.62425
Suite_15,Forward,0,2898,3.16141,2.34223,0,3.72355,4.64077,5.07921,196.881,15000,341120,1.72685
Suite_15,Forward,0,2899,3.14745,0.926725,0,5.25651,6.22998,6.17207,162.02,15000,337280,1.73443
Suite_15,Forward,0,2900,3.12149,2.91156,0,3.25142,4.10278,5.06921,197.269,15000,333184,1.89277
Suite_15,Forward,0,2901,3.1054,0.909571,0,3.90467,4.8601,6.72596,148.678,15000,328704,2.09292
Suite_15,Forward,0,2902,3.08214,2.0085,0,3.4567,3.7376,4.55149,219.708,15000,325120,2.44914
Suite_15,Forward,0,2903,3.06376,1.62327,0,2.99008,3.40758,5.32057,187.95,15000,321024,3.04315
Suite_15,Forward,0,2904,3.06027,0.864188,0,3.85229,4.77184,5.66307,176.583,15000,317568,4.21598
Suite_15,Forward,0,2905,3.03746,1.23275,0,2.90662,3.1905,4.05003,246.912,15000,314240,6.64168
Suite_15,Forward,0,2906,3.04078,0.887874,0,2.76819,3.15619,5.57617,179.335,15000,311552,10.9528
Suite_15,Forward,0,2907,3.03675,0.8649,0,2.33472,3.1576,4.05846,246.399,15000,307968,10.9454
Suite_15,Forward,0,2908,3.01395,0.956028,0,2.86845,3.1505,4.02955,248.167,15000,304128,10.8257
Suite_15,Forward,0,2909,3.00256,0.842078,0,2.76941,3.02691,5.22916,191.235,15000,300416,1.16542
Suite_15,Forward,0,2910,2.97893,1.27486,0,2.14426,2.43302,3.96606,252.139,15000,297856,1.19786
Suite_15,Forward,0,2911,2.98142,0.855806,0,2.7976,3.06045,5.23252,191.112,15000,294272,1.19302
Suite_15,Forward,0,2912,2.97185,0.886646,0,2.21885,3.07219,3.95045,253.135,15000,292352,1.22338
Suite_15,Forward,0,2913,2.95929,0.844052,0,2.77683,3.16826,4.48386,223.022,15000,289792,1.16505
Suite_15,Forward,0,2914,2.9311,0.830607,0,2.70973,2.99594,3.91553,255.393,15000,287360,1.19156
Suite_15,Forward,0,2915,2.92467,1.56542,0,2.07462,2.35952,3.8751,258.058,15000,284544,1.20907
Suite_15,Forward,0,2916,2.93021,0.833883,0,2.76419,3.02419,4.80925,207.933,15000,281600,1.23277
Suite_15,Forward,0,2917,2.92337,0.886386,0,2.62922,2.92112,3.87873,257.817,15000,279040,1.25289
Suite_15,Forward,0,2918,2.92859,3.53161,0,2.71037,2.96906,4.46341,224.044,15000,275712,1.13397
Suite_15,Forward,0,2919,2.93077,0.902831,0,2.62349,2.87968,6.5771,152.043,15000,272896,1.14562
Suite_15,Forward,0,2920,2.92292,0.883972,0,2.55386,2.80986,3.94711,253.35,15000,269952,1.17264
Suite_15,Forward,0,2921,2.92218,0.874934,0,2.1447,2.4023,3.92126,255.02,15000,267008,1.16689
Suite_15,Forward,0,2922,2.89542,1.54514,0,1.94576,2.22934,3.95049,253.133,15000,264832,1.20219
Suite_15,Forward,0,2923,2.87626,0.854123,0,2.57434,2.83034,4.80303,208.202,15000,262656,1.24324
Suite_15,Forward,0,2924,2.86945,0.892281,0,2.51699,2.80752,3.8407,260.369,15000,260224,1.14312
Suite_15,Forward,0,2925,2.86225,0.867006,0,2.43914,2.69165,4.26817,234.292,15000,257792,1.15671
Suite_15,Forward,0,2926,2.84604,0.847557,0,2.00774,2.28762,3.84023,260.401,15000,254336,1.16661
Suite_15,Forward,0,2927,2.84558,1.67205,0,1.82042,2.0992,3.79907,263.222,15000,251648,1.18562
Suite_15,Forward,0,2928,2.82044,0.802403,0,2.41459,2.66893,4.72662,211.568,15000,248704,1.18881
Suite_15,Forward,0,2929,2.78634,0.821066,0,1.78048,2.09818,3.72707,268.307,15000,246656,1.21903
Suite_15,Forward,0,2930,2.7844,0.836504,0,1.83296,2.11283,4.11378,243.085,15000,244352,1.24704
Suite_15,Forward,0,2931,2.78028,0.801311,0,2.52608,2.77856,3.72721,268.298,15000,241792,1.27065
Suite_15,Forward,0,2932,2.777,0.812132,0,2.42547,2.70829,3.67639,272.006,15000,239488,1.24042
Suite_15,Forward,0,2933,2.76516,0.791684,0,2.44352,2.6952,3.68806,271.145,15000,235776,1.18608
Suite_15,Forward,0,2934,2.72256,0.782546,0,1.94742,2.19974,3.65476,273.615,15000,233856,1.2324
Suite_15,Forward,0,2935,2.724,1.97103,0,1.82442,2.11149,3.60139,277.67,15000,231168,1.27187
Suite_15,Forward,0,2936,2.73195,0.816236,0,2.56147,2.8151,4.89681,204.215,15000,228480,1.32098
Suite_15,Forward,0,2937,2.7225,0.88179,0,1.78618,2.06186,3.64142,274.618,15000,226176,1.37823
Suite_15,Forward,0,2938,2.71003,0.801702,0,1.71197,1.9671,4.27093,234.141,15000,223360,1.47063
Suite_15,Forward,0,2939,2.67491,0.805425,0,2.28179,2.53011,3.60067,277.726,15000,220672,1.57479
Suite_15,Forward,0,2940,2.73563,0.878805,0,2.3256,2.59891,3.57319,279.862,15000,217728,1.68112
Suite_15,Forward,0,2941,2.71231,0.835213,0,1.52915,2.33997,3.91527,255.411,15000,214656,1.8512
Suite_15,Forward,0,2942,2.69433,0.848663,0,1.45552,2.38182,3.64605,274.27,15000,212864,1.69114
Suite_15,Forward,0,2943,2.68474,0.811182,0,1.37965,2.21798,3.63142,275.375,15000,210560,1.78675
Suite_15,Forward,0,2944,2.64973,0.798821,0,1.33136,1.5872,3.58616,278.85,15000,205824,1.02268
Suite_15,Forward,0,2945,2.6306,0.804055,0,1.29494,2.1089,3.54031,282.461,15000,201984,1.02886
Suite_15,Forward,0,2946,2.62876,0.755392,0,1.28643,2.1545,3.52572,283.63,15000,199424,0.955922
Suite_15,Forward,0,2947,2.6091,0.791862,0,1.27958,2.1545,3.48247,287.152,15000,196608,0.946835
Suite_15,Forward,0,2948,2.6024,0.758582,0,1.25754,2.15018,3.48387,287.037,15000,194048,0.94627
Suite_15,Forward,0,2949,2.58646,0.773069,0,1.24608,2.06234,3.44283,290.459,15000,191872,0.916357
Suite_15,Forward,0,2950,2.56365,0.755504,0,1.18634,2.11555,3.44265,290.474,15000,188672,0.915793
Suite_15,Forward,0,2951,2.57268,0.769123,0,1.16736,1.98042,3.39891,294.212,15000,186368,0.936232
Suite_15,Forward,0,2952,2.56043,0.781492,0,1.69869,2.50438,3.42495,291.975,15000,183808,0.919819
Suite_15,Forward,0,2953,2.5623,0.814059,0,1.13139,2.00909,3.42105,292.308,15000,181376,0.883393
Suite_15,Forward,0,2954,2.55378,0.763094,0,1.12134,1.98723,3.46061,288.966,15000,177792,0.876834
Suite_15,Forward,0,2955,2.5354,0.758988,0,1.08954,1.89798,3.39218,294.796,15000,175872,0.891648
Suite_15,Forward,0,2956,2.51986,0.743363,0,1.06781,1.99827,3.36907,296.818,15000,173952,0.912312
Suite_15,Forward,0,2957,2.51553,0.768393,0,1.05926,1.87053,3.3403,299.374,15000,171136,0.90699
Suite_15,Forward,0,2958,2.50482,0.761772,0,1.03834,1.88618,3.35848,297.753,15000,169216,0.928296
Suite_15,Forward,0,2959,2.47819,0.755459,0,1.02893,1.90259,3.34067,299.341,15000,166272,0.929468
Suite_15,Forward,0,2960,2.46882,0.759538,0,1.09014,1.34099,3.30408,302.656,15000,162944,0.812688
Suite_15,Forward,0,2961,2.45756,0.756383,0,1.02976,1.2784,3.29924,303.1,15000,160384,0.832195
Suite_15,Forward,0,2962,2.45932,0.729889,0,1.02026,1.46419,3.28775,304.159,15000,158720,0.846505
Suite_15,Forward,0,2963,2.44804,0.765453,0,1.00566,1.25482,3.26265,306.499,15000,156544,0.875455
Suite_15,Forward,0,2964,2.43822,0.729343,0,0.978944,1.2288,3.28168,304.722,15000,153600,0.902693
Suite_15,Forward,0,2965,2.42243,0.773308,0,0.950272,1.2247,3.23488,309.13,15000,151680,0.910851
Suite_15,Forward,0,2966,2.42399,0.72868,0,0.930784,1.18054,3.2639,306.382,15000,149248,0.927694
Suite_15,Forward,0,2967,2.4039,0.722428,0,0.905952,1.15507,3.22223,310.344,15000,147200,0.795025
Suite_15,Forward,0,2968,2.38619,0.765228,0,0.89696,1.18205,3.18896,313.582,15000,144896,0.833348
Suite_15,Forward,0,2969,2.37552,0.717908,0,0.899072,1.14483,3.21545,310.999,15000,143104,0.820628
Suite_15,Forward,0,2970,2.38335,0.757636,0,0.926496,1.19427,3.15866,316.59,15000,141184,0.890351
Suite_15,Forward,0,2971,2.37917,0.721724,0,0.978944,1.23094,3.20408,312.102,15000,139648,1.08846
Suite_15,Forward,0,2972,2.36957,0.741667,0,0.698368,0.946656,3.16418,316.037,15000,137344,1.56266
Suite_15,Forward,0,2973,2.3534,0.72525,0,0.663712,0.933312,3.17777,314.686,15000,134784,2.44489
Suite_15,Forward,0,2974,2.35544,0.751123,0,0.64704,0.895392,3.14026,318.444,15000,131968,0.572663
Suite_15,Forward,0,2975,2.35352,0.757314,0,0.644384,0.890784,3.17345,315.115,15000,130176,0.577406
Suite_15,Forward,0,2976,2.33448,0.719545,0,0.629536,0.876544,3.17386,315.074,15000,127232,0.581894
Suite_15,Forward,0,2977,2.32359,0.718097,0,0.614272,0.862528,3.11346,321.186,15000,125568,0.550701
Suite_15,Forward,0,2978,2.30691,0.717837,0,0.583008,0.830496,3.10051,322.528,15000,123904,0.553707
Suite_15,Forward,0,2979,2.31176,0.753918,0,0.571392,0.81888,3.0816,324.507,15000,121856,0.552532
Suite_15,Forward,0,2980,2.29852,0.708609,0,0.550912,0.802976,3.12337,320.167,15000,120448,0.560195
Suite_15,Forward,0,2981,2.28797,0.72872,0,0.537312,0.782624,3.06709,326.042,15000,117376,0.536329
Suite_15,Forward,0,2982,2.27377,0.737657,0,0.546816,0.794624,3.07269,325.448,15000,115200,0.516867
Suite_15,Forward,0,2983,2.2577,0.729421,0,0.507104,0.752672,3.06512,326.252,15000,113024,0.515709
Suite_15,Forward,0,2984,2.25898,0.711936,0,0.496224,0.741376,3.04032,328.913,15000,111616,0.510225
Suite_15,Forward,0,2985,2.24771,0.720478,0,0.496544,0.738912,3.02655,330.41,15000,108288,0.488984
Suite_15,Forward,0,2986,2.24367,0.700929,0,0.477184,0.721824,3.02125,330.989,15000,107392,0.493594
Suite_15,Forward,0,2987,2.22731,0.710063,0,0.465184,0.726144,2.99413,333.987,15000,105088,0.490715
Suite_15,Forward,0,2988,2.22513,0.712928,0,0.462368,0.704512,2.98891,334.57,15000,103040,0.468902
Suite_15,Forward,0,2989,2.20875,0.693538,0,0.441536,0.68624,2.99001,334.447,15000,100992,0.454598
Suite_15,Forward,0,2990,2.19649,0.702201,0,0.443776,0.686656,2.95435,338.484,15000,99456,0.453898
Suite_15,Forward,0,2991,2.1955,0.699479,0,0.431328,0.674048,2.94814,339.197,15000,98432,0.455996
Suite_15,Forward,0,2992,2.18846,0.714784,0,0.421888,0.662112,2.94349,339.732,15000,97024,0.456933
Suite_15,Forward,0,2993,2.19188,0.692645,0,0.413184,0.654336,2.95357,338.573,15000,96384,0.465389
Suite_15,Forward,0,2994,2.17942,0.6881,0,0.414144,0.663552,2.93124,341.153,15000,94720,0.46722
Suite_15,Forward,0,2995,2.18069,0.706746,0,0.39696,0.636928,2.91485,343.071,15000,92672,0.471363
Suite_15,Forward,0,2996,2.16564,0.68537,0,0.403136,0.64512,2.9338,340.855,15000,91904,0.480868
Suite_15,Forward,0,2997,2.14952,0.746144,0,0.591872,0.833536,2.89894,344.954,15000,89600,0.474335
Suite_15,Forward,0,2998,2.14385,0.695526,0,0.376224,0.618528,2.94331,339.753,15000,87552,0.466166
Suite_15,Forward,0,2999,2.12751,0.680033,0,0.372736,0.612064,2.88254,346.916,15000,86272,0.473731
Suite_15,Forward,0,3000,2.12137,0.69617,0,0.370688,0.607392,2.85008,350.867,15000,85504,0.45888
Suite_15,Deferred_Uber,0,1,2.08037,0.691668,0.110944,0.237152,0.626656,4.11569,242.973,15000,83840,34.5416
Suite_15,Deferred_Uber,0,2,2.07637,0.691209,0.10816,0.2336,0.6232,2.8188,354.761,15000,82176,34.7316
Suite_15,Deferred_Uber,0,3,2.06426,0.677669,0.105152,0.253952,0.647168,2.82462,354.03,15000,80768,34.4653
Suite_15,Deferred_Uber,0,4,2.05797,0.712591,0.104448,0.227328,0.621184,2.78748,358.748,15000,78592,34.646
Suite_15,Deferred_Uber,0,5,2.05299,0.688067,0.103072,0.227328,0.617568,2.82071,354.521,15000,76672,34.8203
Suite_15,Deferred_Uber,0,6,2.0337,0.695635,0.098304,0.217088,0.593216,2.78633,358.895,15000,75648,34.6781
Suite_15,Deferred_Uber,0,7,2.04148,0.704126,0.094048,0.221568,0.600064,2.7738,360.517,15000,73600,34.8404
Suite_15,Deferred_Uber,0,8,2.02759,0.673583,0.090432,0.20256,0.581632,2.78888,358.567,15000,72320,34.6821
Suite_15,Deferred_Uber,0,9,2.01966,0.712031,0.232384,0.192512,0.70896,2.74505,364.292,15000,70400,34.8154
Suite_15,Deferred_Uber,0,10,2.01421,0.66696,0.09216,0.191392,0.573024,2.78099,359.584,15000,69248,34.947
Suite_15,Deferred_Uber,0,11,1.99977,0.677125,0.0904,0.1968,0.570624,2.72166,367.423,15000,67840,35.0577
Suite_15,Deferred_Uber,0,12,2.00511,0.67118,0.088384,0.194688,0.575488,2.7176,367.972,15000,66304,35.1529
Suite_15,Deferred_Uber,0,13,1.99252,0.656395,0.08576,0.200416,0.572288,2.71808,367.907,15000,65152,35.2287
Suite_15,Deferred_Uber,0,14,1.98397,0.679193,0.08176,0.195168,0.561152,2.68872,371.923,15000,63232,35.2531
Suite_15,Deferred_Uber,0,15,2.01095,0.755092,0.083968,0.190464,0.565056,2.70482,369.711,15000,61312,34.9614
Suite_15,Deferred_Uber,0,16,1.99534,0.703639,0.082528,0.194016,0.555008,2.80895,356.005,15000,60160,32.7973
Suite_15,Deferred_Uber,0,17,1.98181,0.67421,0.078816,0.18752,0.553056,2.7421,364.684,15000,59136,32.7072
Suite_15,Deferred_Uber,0,18,1.96276,0.657741,0.07632,0.188096,0.544768,2.69594,370.928,15000,57728,32.6478
Suite_15,Deferred_Uber,0,19,1.95582,0.67284,0.07744,0.182208,0.538976,2.65758,376.282,15000,56960,32.3798
Suite_15,Deferred_Uber,0,20,1.94856,0.65786,0.06976,0.182272,0.538592,2.66681,374.98,15000,55680,32.3295
Suite_15,Deferred_Uber,0,21,1.94256,0.657645,0.090272,0.180224,0.55872,2.64376,378.249,15000,54784,32.2562
Suite_15,Deferred_Uber,0,22,1.93716,0.67552,0.065504,0.176896,0.53248,2.63694,379.227,15000,53376,32.0044
Suite_15,Deferred_Uber,0,23,1.9315,0.653104,0.065184,0.180704,0.524544,2.64998,377.362,15000,52224,31.8697
Suite_15,Deferred_Uber,0,24,1.91717,0.667192,0.061696,0.176128,0.517728,2.61933,381.777,15000,50816,30.087
Suite_15,Deferred_Uber,0,25,1.91939,0.657238,0.05808,0.17184,0.520192,2.62097,381.538,15000,49408,29.9313
Suite_15,Deferred_Uber,0,26,1.90827,0.650948,0.055296,0.17408,0.516128,2.6111,382.98,15000,48256,29.7612
Suite_15,Deferred_Uber,0,27,1.92414,0.7071,0.054272,0.17008,0.51408,2.59215,385.78,15000,47232,29.5766
Suite_15,Deferred_Uber,0,28,1.90576,0.65642,0.05216,0.167424,0.506112,2.66713,374.935,15000,45440,27.9063
Suite_15,Deferred_Uber,0,29,1.88661,0.654375,0.07168,0.16672,0.53216,2.59625,385.171,15000,43520,27.4488
Suite_15,Deferred_Uber,0,30,1.88405,0.661839,0.051136,0.164288,0.500576,2.57389,388.518,15000,42240,26.639
Suite_15,Deferred_Uber,0,31,1.87887,0.650129,0.047072,0.160544,0.497088,2.57755,387.965,15000,41216,26.4189
Suite_15,Deferred_Uber,0,32,1.86738,0.660955,0.047232,0.155328,0.49152,2.56664,389.614,15000,39936,22.0323
Suite_15,Deferred_Uber,0,33,1.86628,0.656674,0.047104,0.151552,0.47776,2.56101,390.471,15000,38784,21.8866
Suite_15,Deferred_Uber,0,34,1.86067,0.647046,0.045056,0.155648,0.48496,2.5545,391.466,15000,37632,21.7415
Suite_15,Deferred_Uber,0,35,1.85816,0.659953,0.043008,0.15376,0.494176,2.53701,394.164,15000,36864,21.6007
Suite_15,Deferred_Uber,0,36,1.85844,0.652398,0.039616,0.1536,0.483168,2.5489,392.327,15000,36480,21.469
Suite_15,Deferred_Uber,0,37,1.84581,0.640714,0.04,0.177216,0.500224,2.54257,393.303,15000,35968,21.341
Suite_15,Deferred_Uber,0,38,1.84146,0.660225,0.038912,0.1536,0.471904,2.51558,397.523,15000,34816,21.2183
Suite_15,Deferred_Uber,0,39,1.83914,0.642663,0.036864,0.147296,0.468992,2.53216,394.92,15000,33280,20.5593
Suite_15,Deferred_Uber,0,40,1.82546,0.647785,0.055232,0.143872,0.491456,2.51009,398.392,15000,31744,20.4337
Suite_15,Deferred_Uber,0,41,1.82576,0.650249,0.035968,0.144192,0.461824,2.50356,399.431,15000,30848,20.3289
Suite_15,Deferred_Uber,0,42,1.82066,0.644637,0.034656,0.145216,0.463776,2.50477,399.238,15000,30720,20.2361
Suite_15,Deferred_Uber,0,43,1.81035,0.647645,0.03664,0.142048,0.468768,2.49194,401.294,15000,29696,20.1422
Suite_15,Deferred_Uber,0,44,1.81218,0.649824,0.032768,0.14336,0.464896,2.48543,402.344,15000,29312,20.0633
Suite_15,Deferred_Uber,0,45,1.80457,0.640008,0.030784,0.139264,0.456224,2.49031,401.556,15000,28160,19.9895
Suite_15,Deferred_Uber,0,46,1.80121,0.652138,0.027328,0.135168,0.466944,2.47119,404.664,15000,27520,17.8605
Suite_15,Deferred_Uber,0,47,1.79249,0.640893,0.028672,0.13312,0.450944,2.48042,403.158,15000,26112,17.8365
Suite_15,Deferred_Uber,0,48,1.78566,0.636749,0.025152,0.135104,0.440608,2.459,406.669,15000,25088,17.8188
Suite_15,Deferred_Uber,0,49,1.77654,0.650404,0.026528,0.129504,0.437472,2.44896,408.336,15000,24320,17.811
Suite_15,Deferred_Uber,0,50,1.77725,0.64285,0.023456,0.129024,0.436512,2.4541,407.481,15000,23168,17.8058
Suite_15,Deferred_Uber,0,51,1.76585,0.634276,0.024576,0.13056,0.439744,2.44412,409.145,15000,22528,17.8118
Suite_15,Deferred_Uber,0,52,1.76336,0.643163,0.022528,0.128416,0.428064,2.42325,412.669,15000,21120,17.8204
Suite_15,Deferred_Uber,0,53,1.76502,0.638816,0.020608,0.126976,0.43344,2.43249,411.101,15000,20224,17.8336
Suite_15,Deferred_Uber,0,54,1.75449,0.637409,0.028576,0.125184,0.437152,2.42832,411.808,15000,19584,17.8557
Suite_15,Deferred_Uber,0,55,1.75463,0.655391,0.018848,0.122848,0.426144,2.41641,413.837,15000,18944,17.585
Suite_15,Deferred_Uber,0,56,1.74361,0.637663,0.018272,0.1208,0.417504,2.43413,410.824,15000,18688,16.489
Suite_15,Deferred_Uber,0,57,1.73675,0.634602,0.022528,0.120192,0.427584,2.40469,415.854,15000,17920,16.5188
Suite_15,Deferred_Uber,0,58,1.73535,0.644605,0.016832,0.11728,0.421984,2.39446,417.631,15000,17024,16.5512
Suite_15,Deferred_Uber,0,59,1.72933,0.671862,0.45888,0.117568,0.853728,2.40231,416.266,15000,15872,16.5872
Suite_15,Deferred_Uber,0,60,1.71871,0.640542,0.018176,0.116672,0.412992,2.43068,411.408,15000,15232,16.6266
Suite_15,Deferred_Uber,0,61,1.71666,0.645815,0.014336,0.113952,0.416,2.38404,419.457,15000,14592,16.6637
Suite_15,Deferred_Uber,0,62,1.71349,0.625202,0.014336,0.113664,0.412928,2.38465,419.349,15000,14080,16.7098
Suite_15,Deferred_Uber,0,63,1.70719,0.645542,0.012416,0.114688,0.41984,2.35872,423.958,15000,13824,16.7591
Suite_15,Deferred_Uber,0,64,1.70817,0.634079,0.012352,0.108704,0.4096,2.37342,421.332,15000,12800,16.8044
Suite_15,Deferred_Uber,0,65,1.69903,0.626614,0.011072,0.110976,0.402944,2.36383,423.043,15000,11904,16.8529
Suite_15,Deferred_Uber,0,66,1.69126,0.638638,0.011232,0.1024,0.403136,2.35027,425.483,15000,11392,16.9021
Suite_15,Deferred_Uber,0,67,1.69515,0.646733,0.01024,0.10368,0.397984,2.35005,425.523,15000,11008,16.5205
Suite_15,Deferred_Uber,0,68,1.69481,0.647685,0.010016,0.105632,0.392576,2.36378,423.05,15000,10752,16.5703
Suite_15,Deferred_Uber,0,69,1.68275,0.648308,0.008352,0.104384,0.39856,2.36403,423.006,15000,10112,16.422
Suite_15,Deferred_Uber,0,70,1.68218,0.629331,0.010112,0.102784,0.392672,2.35295,424.998,15000,9088,16.4656
Suite_15,Deferred_Uber,0,71,1.67015,0.626786,0.008192,0.099776,0.381312,2.33031,429.127,15000,8704,14.343
Suite_15,Deferred_Uber,0,72,1.66184,0.638283,0.008192,0.1024,0.394144,2.31482,431.998,15000,8064,14.4485
Suite_15,Deferred_Uber,0,73,1.66553,0.630121,0.006208,0.097472,0.38912,2.32121,430.81,15000,7552,14.5531
Suite_15,Deferred_Uber,0,74,1.6614,0.62411,0.008032,0.096256,0.3864,2.31489,431.985,15000,6784,14.653
Suite_15,Deferred_Uber,0,75,1.64662,0.638132,0.007296,0.09296,0.382464,2.30268,434.277,15000,6400,14.5594
Suite_15,Deferred_Uber,0,76,1.64533,0.631249,0.006208,0.09216,0.375168,2.3032,434.179,15000,6016,14.6537
Suite_15,Deferred_Uber,0,77,1.64275,0.621024,0.00608,0.092096,0.3824,2.29661,435.425,15000,5632,14.7437
Suite_15,Deferred_Uber,0,78,1.63919,0.635934,0.006112,0.090112,0.383744,2.28208,438.198,15000,5504,14.8308
Suite_15,Deferred_Uber,0,79,1.6345,0.63355,0.005056,0.094208,0.380928,2.29358,435.999,15000,5248,14.9139
Suite_15,Deferred_Uber,0,80,1.62985,0.618433,0.004256,0.09136,0.373696,2.28549,437.543,15000,4864,14.9912
Suite_15,Deferred_Uber,0,81,1.62998,0.637591,0.004096,0.088064,0.371104,2.26679,441.152,15000,4352,15.0648
Suite_15,Deferred_Uber,0,82,1.62361,0.634041,0.005408,0.090048,0.379104,2.28657,437.336,15000,4096,15.1369
Suite_15,Deferred_Uber,0,83,1.62182,0.634631,0.004064,0.090976,0.374784,2.27526,439.51,15000,3968,15.2051
Suite_15,Deferred_Uber,0,84,1.61678,0.614424,0.004096,0.089408,0.373088,2.2727,440.006,15000,3712,15.269
Suite_15,Deferred_Uber,0,85,1.62119,0.652292,0.004,0.086432,0.37312,2.24889,444.665,15000,3584,15.3293
Suite_15,Deferred_Uber,0,86,1.61578,0.627401,0.002848,0.085312,0.368864,2.29346,436.023,15000,3200,15.3844
Suite_15,Deferred_Uber,0,87,1.60648,0.607685,0.002432,0.083968,0.367264,2.25984,442.508,15000,2688,15.4365
Suite_15,Deferred_Uber,0,88,1.60402,0.621523,0.003744,0.082528,0.362784,2.22983,448.465,15000,2688,15.4872
Suite_15,Deferred_Uber,0,89,1.601,0.627553,0.003744,0.078752,0.3664,2.25022,444.402,15000,2688,14.5429
Suite_15,Deferred_Uber,0,90,1.59587,0.62533,0.003648,0.079744,0.373728,2.24624,445.188,15000,2560,14.5751
Suite_15,Deferred_Uber,0,91,1.59227,0.632076,0.003424,0.078848,0.362656,2.23686,447.055,15000,2304,14.6049
Suite_15,Deferred_Uber,0,92,1.5965,0.60979,0.002048,0.078208,0.364544,2.24188,446.055,15000,2176,14.6326
Suite_15,Deferred_Uber,0,93,1.58718,0.612703,0.002368,0.077216,0.370784,2.22472,449.496,15000,1792,14.6559
Suite_15,Deferred_Uber,0,94,1.58191,0.624667,0.002048,0.0744,0.362304,2.2163,451.202,15000,1408,14.6763
Suite_15,Deferred_Uber,0,95,1.58052,0.636785,0.002048,0.073728,0.356544,2.2233,449.782,15000,1280,14.6952
Suite_15,Deferred_Uber,0,96,1.57734,0.606271,0.002048,0.073632,0.378848,2.23265,447.899,15000,1280,14.1418
Suite_15,Deferred_Uber,0,97,1.58204,0.630482,0.002048,0.073376,0.351808,2.2007,454.4,15000,1280,14.152
Suite_15,Deferred_Uber,0,98,1.5783,0.615896,0.0016,0.072864,0.358208,2.23204,448.02,15000,1280,14.16
Suite_15,Deferred_Uber,0,99,1.5681,0.644483,0.000736,0.07168,0.350208,2.21052,452.382,15000,1152,14.1654
Suite_15,Deferred_Uber,0,100,1.56738,0.634762,0.001248,0.071552,0.3584,2.22793,448.846,15000,1024,13.577
Suite_15,Deferred_Uber,0,101,1.56988,0.614476,0.000288,0.071264,0.34816,2.22132,450.182,15000,896,13.5744
Suite_15,Deferred_Uber,0,102,1.56628,0.607818,0.000352,0.071168,0.355712,2.2011,454.317,15000,896,13.5709
Suite_15,Deferred_Uber,0,103,1.55909,0.627479,0.001888,0.07056,0.371072,2.18918,456.793,15000,640,13.5642
Suite_15,Deferred_Uber,0,104,1.55419,0.620319,0.001696,0.06928,0.353952,2.2031,453.906,15000,384,11.1989
Suite_15,Deferred_Uber,0,105,1.55076,0.618772,0.00112,0.067104,0.340224,2.19169,456.27,15000,256,11.2239
Suite_15,Deferred_Uber,0,106,1.55103,0.609612,0.000864,0.066016,0.35024,2.18565,457.53,15000,256,8.72719
Suite_15,Deferred_Uber,0,107,1.54681,0.615738,0.00096,0.06576,0.353504,2.17662,459.429,15000,128,8.78511
Suite_15,Deferred_Uber,0,108,1.54334,0.616404,0.000704,0.065824,0.350208,2.1774,459.263,15000,128,8.84269
Suite_15,Deferred_Uber,0,109,1.53128,0.601259,0.000576,0.06352,0.344032,2.17658,459.436,15000,0,8.89838
Suite_15,Deferred_Uber,0,110,1.52919,0.600472,0.001472,0.063488,0.342528,2.14923,465.283,15000,0,8.95429
Suite_15,Deferred_Uber,0,111,1.53143,0.592338,0.000288,0.060736,0.342016,2.1449,466.222,15000,0,9.00939
Suite_15,Deferred_Uber,0,112,1.52602,0.603772,0.000768,0.060352,0.352192,2.13812,467.701,15000,0,9.0637
Suite_15,Deferred_Uber,0,113,1.52727,0.619882,0,0.059808,0.347104,2.14834,465.475,15000,0,9.11724
Suite_15,Deferred_Uber,0,114,1.52897,0.590418,0.000736,0.06144,0.343712,2.16536,461.816,15000,0,9.17002
Suite_15,Deferred_Uber,0,115,1.52042,0.588867,0.001088,0.05952,0.343968,2.13378,468.652,15000,0,9.22208
Suite_15,Deferred_Uber,0,116,1.51384,0.595231,0,0.080416,0.370144,2.12349,470.923,15000,0,9.27344
Suite_15,Deferred_Uber,0,117,1.51588,0.601912,0.000224,0.06,0.339968,2.13228,468.982,15000,0,9.32413
Suite_15,Deferred_Uber,0,118,1.51013,0.597724,0.000352,0.06032,0.33952,2.13364,468.683,15000,0,9.37418
Suite_15,Deferred_Uber,0,119,1.5126,0.590344,0.000416,0.06016,0.34816,2.12194,471.266,15000,0,9.42363
Suite_15,Deferred_Uber,0,120,1.51408,0.593777,0.00048,0.060256,0.34128,2.11751,472.253,15000,0,9.4725
Suite_15,Deferred_Uber,0,121,1.5054,0.585354,0.001024,0.060576,0.33856,2.12462,470.673,15000,0,8.83452
Suite_15,Deferred_Uber,0,122,1.50254,0.601647,0.001632,0.060352,0.347072,2.10589,474.858,15000,0,8.88009
Suite_15,Deferred_Uber,0,123,1.50792,0.618831,0.001152,0.059392,0.342816,2.12141,471.384,15000,0,8.4871
Suite_15,Deferred_Uber,0,124,1.49765,0.593225,0.000704,0.060032,0.346112,2.14323,466.584,15000,0,8.52947
Suite_15,Deferred_Uber,0,125,1.4976,0.587607,0.001472,0.085984,0.360448,2.10777,474.434,15000,0,8.57155
Suite_15,Deferred_Uber,0,126,1.49176,0.60166,0.001152,0.059392,0.334624,2.10012,476.164,15000,0,8.61338
Suite_15,Deferred_Uber,0,127,1.49183,0.593218,0.000736,0.060608,0.344288,2.109,474.158,15000,0,8.65499
Suite_15,Deferred_Uber,0,128,1.49299,0.581988,0.0016,0.060768,0.344256,2.09922,476.367,15000,0,8.69643
Suite_15,Deferred_Uber,0,129,1.48956,0.601404,0,0.05968,0.338912,2.09106,478.226,15000,0,8.3879
Suite_15,Deferred_Uber,0,130,1.49101,0.585489,0.001024,0.059392,0.340832,2.10763,474.467,15000,0,8.42671
Suite_15,Deferred_Uber,0,131,1.48894,0.583048,0.001184,0.059392,0.337664,2.09115,478.205,15000,0,8.46544
Suite_15,Deferred_Uber,0,132,1.47779,0.58644,0.000192,0.059648,0.345856,2.08532,479.544,15000,0,8.5041
Suite_15,Deferred_Uber,0,133,1.48397,0.599824,0.001088,0.05936,0.344064,2.08077,480.592,15000,0,8.10172
Suite_15,Deferred_Uber,0,134,1.4717,0.60007,0.000832,0.05952,0.349312,2.10066,476.041,15000,0,8.13626
Suite_15,Deferred_Uber,0,135,1.47053,0.589278,0.000128,0.085536,0.3584,2.08567,479.463,15000,0,8.1708
Suite_15,Deferred_Uber,0,136,1.46632,0.596996,0.00064,0.05936,0.343904,2.07378,482.21,15000,0,6.30728
Suite_15,Deferred_Uber,0,137,1.46693,0.594191,0.000736,0.0584,0.337536,2.08006,480.757,15000,0,6.36506
Suite_15,Deferred_Uber,0,138,1.46349,0.584328,0.000704,0.05824,0.346112,2.0759,481.719,15000,0,6.42297
Suite_15,Deferred_Uber,0,139,1.46075,0.602063,0.001472,0.059392,0.336544,2.06127,485.138,15000,0,6.481
Suite_15,Deferred_Uber,0,140,1.45718,0.596345,0,0.058976,0.342816,2.07757,481.332,15000,0,6.13876
Suite_15,Deferred_Uber,0,141,1.45529,0.583059,0.001216,0.059264,0.33632,2.07032,483.016,15000,0,6.19375
Suite_15,Deferred_Uber,0,142,1.45881,0.584477,0,0.05904,0.342016,2.05322,487.04,15000,0,6.2488
Suite_15,Deferred_Uber,0,143,1.46085,0.591693,0.000384,0.059072,0.344032,2.05724,486.088,15000,0,6.3039
Suite_15,Deferred_Uber,0,144,1.4529,0.599452,0,0.059296,0.338624,2.0668,483.839,15000,0,6.35904
Suite_15,Deferred_Uber,0,145,1.46098,0.664071,0.001248,0.059392,0.356896,2.06907,483.309,15000,0,6.41419
Suite_15,Deferred_Uber,0,146,1.46111,0.637468,0.001504,0.059392,0.343904,2.1519,464.705,15000,0,6.46934
Suite_15,Deferred_Uber,0,147,1.44634,0.600476,0.001536,0.059392,0.334208,2.11659,472.457,15000,0,6.52447
Suite_15,Deferred_Uber,0,148,1.43888,0.586653,0.0016,0.059392,0.339264,2.06096,485.212,15000,0,6.57957
Suite_15,Deferred_Uber,0,149,1.45002,0.594872,0.0016,0.059392,0.3352,2.04126,489.893,15000,0,6.63461
Suite_15,Deferred_Uber,0,150,1.43887,0.61426,0.001248,0.059072,0.34016,2.06087,485.233,15000,0,6.68957
Suite_15,Deferred_Uber,0,151,1.43616,0.590872,6.4e-05,0.058752,0.336832,2.06888,483.354,15000,0,5.61456
Suite_15,Deferred_Uber,0,152,1.43518,0.587466,0,0.059392,0.347968,2.04074,490.019,15000,0,5.67116
Suite_15,Deferred_Uber,0,153,1.43706,0.60402,0.001568,0.058656,0.340288,2.03995,490.208,15000,0,4.72197
Suite_15,Deferred_Uber,0,154,1.43157,0.588884,0.000704,0.058272,0.346112,2.05732,486.07,15000,0,4.77017
Suite_15,Deferred_Uber,0,155,1.42623,0.597275,0.000224,0.058048,0.333824,2.03459,491.499,15000,0,4.81845
Suite_15,Deferred_Uber,0,156,1.42915,0.594291,0.001024,0.058016,0.373984,2.03717,490.876,15000,0,4.86679
Suite_15,Deferred_Uber,0,157,1.42881,0.590235,0.001376,0.059008,0.337952,2.04083,489.996,15000,0,4.91517
Suite_15,Deferred_Uber,0,158,1.42535,0.582215,0.001056,0.058528,0.342528,2.03482,491.445,15000,0,4.96357
Suite_15,Deferred_Uber,0,159,1.42742,0.591329,0.001664,0.059008,0.3464,2.02134,494.722,15000,0,5.01196
Suite_15,Deferred_Uber,0,160,1.42448,0.618206,0.001152,0.058816,0.344864,2.03273,491.948,15000,0,5.06031
Suite_15,Deferred_Uber,0,161,1.42605,0.598086,0.000448,0.05792,0.339968,2.06249,484.851,15000,0,5.1086
Suite_15,Deferred_Uber,0,162,1.41729,0.583564,0.001056,0.083552,0.36656,2.03983,490.236,15000,0,4.56118
Suite_15,Deferred_Uber,0,163,1.41905,0.59584,0.0016,0.058752,0.342368,2.0146,496.376,15000,0,4.60458
Suite_15,Deferred_Uber,0,164,1.41757,0.586752,0.001312,0.05856,0.340512,2.03136,492.28,15000,0,4.64785
Suite_15,Deferred_Uber,0,165,1.40798,0.592304,0.0008,0.059136,0.33792,2.02101,494.803,15000,0,4.69095
Suite_15,Deferred_Uber,0,166,1.41099,0.583434,0.000576,0.058208,0.339968,2.0146,496.375,15000,0,4.73385
Suite_15,Deferred_Uber,0,167,1.40791,0.59573,0.001216,0.0584,0.346496,2.00816,497.968,15000,0,4.77652
Suite_15,Deferred_Uber,0,168,1.40519,0.582369,0.001632,0.059264,0.342112,2.01865,495.38,15000,0,4.81894
Suite_15,Deferred_Uber,0,169,1.40261,0.58357,0.001248,0.059328,0.34816,2.00313,499.218,15000,0,4.86108
Suite_15,Deferred_Uber,0,170,1.40213,0.592535,0.00112,0.057376,0.340672,2.001,499.75,15000,0,4.90289
Suite_15,Deferred_Uber,0,171,1.39888,0.60565,0.000192,0.057632,0.346112,2.00858,497.863,15000,0,4.94436
Suite_15,Deferred_Uber,0,172,1.39573,0.582881,0.00112,0.05744,0.3384,2.01886,495.329,15000,0,4.98545
Suite_15,Deferred_Uber,0,173,1.39579,0.58675,0.001376,0.05888,0.338336,1.99457,501.362,15000,0,5.02613
Suite_15,Deferred_Uber,0,174,1.39305,0.591748,0.001504,0.058976,0.33376,2.00331,499.173,15000,0,5.06637
Suite_15,Deferred_Uber,0,175,1.39176,0.591441,0.001088,0.058496,0.34032,1.99936,500.16,15000,0,5.10613
Suite_15,Deferred_Uber,0,176,1.39227,0.580157,0.001568,0.058944,0.347968,1.99723,500.694,15000,0,5.14539
Suite_15,Deferred_Uber,0,177,1.38844,0.593896,0.000384,0.058656,0.343104,1.98785,503.057,15000,0,5.18412
Suite_15,Deferred_Uber,0,178,1.38956,0.585066,0.001248,0.058432,0.332352,1.9981,500.474,15000,0,3.67435
Suite_15,Deferred_Uber,0,179,1.3824,0.582305,0.001408,0.058368,0.334304,1.98836,502.927,15000,0,3.70214
Suite_15,Deferred_Uber,0,180,1.38276,0.591328,0.000864,0.059264,0.34224,1.978,505.56,15000,0,3.72962
Suite_15,Deferred_Uber,0,181,1.38165,0.628034,0,0.05744,0.340928,1.99025,502.451,15000,0,3.75678
Suite_15,Deferred_Uber,0,182,1.38421,0.585616,0.001824,0.058816,0.33776,2.0257,493.657,15000,0,3.78358
Suite_15,Deferred_Uber,0,183,1.37954,0.582548,0.000768,0.057856,0.346784,1.98398,504.037,15000,0,3.81002
Suite_15,Deferred_Uber,0,184,1.37115,0.592595,0.00144,0.058816,0.338432,1.97621,506.018,15000,0,3.83608
Suite_15,Deferred_Uber,0,185,1.36836,0.585538,0.001312,0.0584,0.339488,1.97976,505.113,15000,0,3.86173
Suite_15,Deferred_Uber,0,186,1.3767,0.589333,0.00032,0.05792,0.344064,1.96898,507.877,15000,0,3.88695
Suite_15,Deferred_Uber,0,187,1.37147,0.588467,0.000576,0.05808,0.344064,1.97954,505.169,15000,0,3.91173
Suite_15,Deferred_Uber,0,188,1.37302,0.590816,0.001184,0.057344,0.342752,1.97445,506.469,15000,0,3.93606
Suite_15,Deferred_Uber,0,189,1.36405,0.590008,0.00112,0.057344,0.338752,1.98129,504.721,15000,0,3.9599
Suite_15,Deferred_Uber,0,190,1.36116,0.583299,0.001376,0.058784,0.340384,1.96837,508.035,15000,0,3.98324
Suite_15,Deferred_Uber,0,191,1.36331,0.600472,0.000288,0.05776,0.335072,1.95791,510.748,15000,0,4.00607
Suite_15,Deferred_Uber,0,192,1.363,0.586857,0.001664,0.058432,0.342208,1.97871,505.38,15000,0,4.02837
Suite_15,Deferred_Uber,0,193,1.35714,0.586537,0.000384,0.057952,0.335872,1.9657,508.724,15000,0,4.05012
Suite_15,Deferred_Uber,0,194,1.35243,0.593787,0.000864,0.058208,0.346112,1.95778,510.783,15000,0,4.0713
Suite_15,Deferred_Uber,0,195,1.35177,0.602092,0.001216,0.057344,0.342848,1.96129,509.868,15000,0,4.09191
Suite_15,Deferred_Uber,0,196,1.35268,0.596363,0.001632,0.058976,0.331392,1.9685,508.002,15000,0,4.11192
Suite_15,Deferred_Uber,0,197,1.34746,0.586569,0.001568,0.058304,0.346176,1.96433,509.08,15000,0,4.13132
Suite_15,Deferred_Uber,0,198,1.35109,0.598496,0.00032,0.057664,0.342016,1.94835,513.254,15000,0,4.1501
Suite_15,Deferred_Uber,0,199,1.34665,0.591789,0.00144,0.05872,0.34064,1.96377,509.225,15000,0,4.16824
Suite_15,Deferred_Uber,0,200,1.34339,0.595948,0.001024,0.058368,0.334848,1.95194,512.311,15000,0,4.18573
Suite_15,Deferred_Uber,0,201,1.33973,0.59012,0.000864,0.058016,0.346112,1.95461,511.612,15000,0,4.20257
Suite_15,Deferred_Uber,0,202,1.33816,0.611742,0.001888,0.059136,0.345792,1.94449,514.275,15000,0,4.21873
Suite_15,Deferred_Uber,0,203,1.34169,0.590916,0.000384,0.05776,0.333824,1.96846,508.011,15000,0,2.82122
Suite_15,Deferred_Uber,0,204,1.33193,0.584368,0,0.081728,0.363392,1.9464,513.77,15000,0,2.82764
Suite_15,Deferred_Uber,0,205,1.33113,0.593444,0.001824,0.058528,0.334176,1.93181,517.648,15000,0,2.23735
Suite_15,Deferred_Uber,0,206,1.33226,0.586528,0.001664,0.057344,0.342592,1.94433,514.316,15000,0,2.24148
Suite_15,Deferred_Uber,0,207,1.33002,0.594134,0.001088,0.057344,0.344064,1.93234,517.506,15000,0,2.24521
Suite_15,Deferred_Uber,0,208,1.33259,0.579501,0.001408,0.058528,0.332608,1.93725,516.195,15000,0,2.24852
Suite_15,Deferred_Uber,0,209,1.33018,0.593452,0.001184,0.057344,0.343712,1.92692,518.963,15000,0,2.25143
Suite_15,Deferred_Uber,0,210,1.3271,0.58986,0.002016,0.057696,0.335456,1.93933,515.643,15000,0,2.25393
Suite_15,Deferred_Uber,0,211,1.32228,0.599671,0.00128,0.057344,0.333824,1.9306,517.975,15000,0,0.761089
Suite_15,Deferred_Uber,0,212,1.32151,0.612043,0.000288,0.05744,0.362464,1.93715,516.222,15000,0,0.764989
Suite_15,Deferred_Uber,0,213,1.32975,0.601271,0.000384,0.057504,0.3416,1.95182,512.342,15000,0,0.768849
Suite_15,Deferred_Uber,0,214,1.32153,0.590158,0.000864,0.057408,0.329728,1.94676,513.674,15000,0,0.772669
Suite_15,Deferred_Uber,0,215,1.31086,0.586523,0.00128,0.058496,0.345184,1.92482,519.528,15000,0,0.776446
Suite_15,Deferred_Uber,0,216,1.31803,0.598755,0.0008,0.05744,0.33968,1.91054,523.411,15000,0,0.780181
Suite_15,Deferred_Uber,0,217,1.31192,0.600596,0.000576,0.05728,0.344064,1.93335,517.236,15000,0,0.783871
Suite_15,Deferred_Uber,0,218,1.30909,0.585104,0.001248,0.057344,0.344896,1.9276,518.78,15000,0,0.787517
Suite_15,Deferred_Uber,0,219,1.30623,0.588265,0.00064,0.057472,0.350208,1.90728,524.308,15000,0,0.791116
Suite_15,Deferred_Uber,0,220,1.30834,0.59543,0.001184,0.057344,0.344,1.90852,523.967,15000,0,0.794669
Suite_15,Deferred_Uber,0,221,1.31054,0.584396,0.000288,0.057344,0.339424,1.92132,520.476,15000,0,0.798173
Suite_15,Deferred_Uber,0,222,1.30837,0.583053,0.002048,0.057472,0.343808,1.90964,523.659,15000,0,0.801628
Suite_15,Deferred_Uber,0,223,1.30456,0.615684,0.002048,0.057472,0.341376,1.90521,524.875,15000,0,0.805034
Suite_15,Deferred_Uber,0,224,1.30092,0.591304,0.0016,0.057344,0.342752,1.93594,516.544,15000,0,0.808389
Suite_15,Deferred_Uber,0,225,1.30152,0.589635,0.002048,0.057536,0.345216,1.90802,524.102,15000,0,0.811692
Suite_15,Deferred_Uber,0,226,1.29365,0.583574,0.000448,0.05856,0.349376,1.90546,524.807,15000,0,0.814943
Suite_15,Deferred_Uber,0,227,1.29724,0.596784,0.000928,0.0576,0.345696,1.89037,528.997,15000,0,0.818141
Suite_15,Deferred_Uber,0,228,1.29592,0.785472,0.000416,0.057344,0.342016,1.90841,523.996,15000,0,0.821285
Suite_15,Deferred_Uber,0,229,1.29116,0.588896,0.000768,0.05744,0.337408,2.09738,476.784,15000,0,0.824374
Suite_15,Deferred_Uber,0,230,1.2894,0.598568,0.001376,0.057344,0.364448,1.8946,527.816,15000,0,0.827408
Suite_15,Deferred_Uber,0,231,1.29294,0.602207,0.000896,0.05776,0.344064,1.90927,523.76,15000,0,0.830386
Suite_15,Deferred_Uber,0,232,1.2879,0.582393,0.002048,0.05744,0.339872,1.90933,523.744,15000,0,0.833307
Suite_15,Deferred_Uber,0,233,1.28323,0.589335,0.002048,0.057696,0.344064,1.88555,530.35,15000,0,0.83617
Suite_15,Deferred_Uber,0,234,1.28392,0.597406,0.001472,0.057344,0.344064,1.89124,528.753,15000,0,0.838977
Suite_15,Deferred_Uber,0,235,1.28833,0.585448,0.001888,0.057376,0.336,1.89637,527.324,15000,0,0.841724
Suite_15,Deferred_Uber,0,236,1.28395,0.585427,0.002048,0.057376,0.342432,1.88768,529.751,15000,0,0.844413
Suite_15,Deferred_Uber,0,237,1.27499,0.585034,0.000736,0.057344,0.336192,1.88471,530.585,15000,0,0.847042
Suite_15,Deferred_Uber,0,238,1.28014,0.60687,0.000704,0.057344,0.337184,1.87451,533.471,15000,0,0.849611
Suite_15,Deferred_Uber,0,239,1.27456,0.59148,0.002048,0.058144,0.344352,1.90215,525.721,15000,0,0.852121
Suite_15,Deferred_Uber,0,240,1.27385,0.584788,0.001696,0.057344,0.333824,1.87955,532.042,15000,0,0.85457
Suite_15,Deferred_Uber,0,241,1.27193,0.592022,0.00176,0.058816,0.36144,1.87385,533.661,15000,0,0.856958
Suite_15,Deferred_Uber,0,242,1.27385,0.588063,0.002048,0.0576,0.337856,1.87894,532.215,15000,0,0.859285
Suite_15,Deferred_Uber,0,243,1.27658,0.594594,0.00192,0.057344,0.334528,1.87604,533.038,15000,0,0.86155
Suite_15,Deferred_Uber,0,244,1.27255,0.580306,0.001792,0.057856,0.346112,1.88494,530.52,15000,0,0.863754
Suite_15,Deferred_Uber,0,245,1.26841,0.598712,0.001824,0.058592,0.338464,1.86809,535.307,15000,0,0.865897
Suite_15,Deferred_Uber,0,246,1.26393,0.594233,0.002048,0.05776,0.336672,1.88271,531.148,15000,0,0.867977
Suite_15,Deferred_Uber,0,247,1.26595,0.586153,0.002048,0.057408,0.344512,1.87287,533.939,15000,0,0.869996
Suite_15,Deferred_Uber,0,248,1.26458,0.584236,0.002048,0.058368,0.34608,1.86564,536.008,15000,0,0.871952
Suite_15,Deferred_Uber,0,249,1.26405,0.604488,0.001856,0.058688,0.342016,1.8636,536.596,15000,0,0.873847
Suite_15,Deferred_Uber,0,250,1.26071,0.711204,0.002144,0.057472,0.33792,1.88522,530.443,15000,0,0.87568
Suite_15,Deferred_Uber,0,251,1.2576,0.582794,0.003328,0.057344,0.344032,1.98597,503.533,15000,0,0.87745
Suite_15,Deferred_Uber,0,252,1.25749,0.581214,0.001952,0.058464,0.339072,1.85425,539.301,15000,0,0.879159
Suite_15,Deferred_Uber,0,253,1.25336,0.597051,0.001984,0.058688,0.345408,1.85541,538.964,15000,0,0.880806
Suite_15,Deferred_Uber,0,254,1.2569,0.598706,0.003168,0.0584,0.339968,1.86558,536.027,15000,0,0.882391
Suite_15,Deferred_Uber,0,255,1.25337,0.588549,0.002272,0.058848,0.360288,1.86895,535.061,15000,0,0.883915
Suite_15,Deferred_Uber,0,256,1.25438,0.597124,0.002048,0.057632,0.34416,1.85599,538.797,15000,0,0.885378
Suite_15,Deferred_Uber,0,257,1.25244,0.594199,0.002048,0.057504,0.342592,1.8688,535.103,15000,0,0.88678
Suite_15,Deferred_Uber,0,258,1.25352,0.581672,0.002176,0.057728,0.339968,1.86917,534.996,15000,0,0.888121
Suite_15,Deferred_Uber,0,259,1.25181,0.590198,0.002304,0.059584,0.35584,1.85323,539.597,15000,0,0.889402
Suite_15,Deferred_Uber,0,260,1.2473,0.600763,0.002048,0.059488,0.348192,1.85531,538.993,15000,0,0.890623
Suite_15,Deferred_Uber,0,261,1.24456,0.601234,0.002048,0.058848,0.340544,1.86513,536.157,15000,0,0.891785
Suite_15,Deferred_Uber,0,262,1.24337,0.586259,0.002048,0.05776,0.34816,1.86057,537.47,15000,0,0.892887
Suite_15,Deferred_Uber,0,263,1.2354,0.587298,0.002336,0.05792,0.339552,1.8431,542.564,15000,0,0.89393
Suite_15,Deferred_Uber,0,264,1.24135,0.643535,0.002048,0.059104,0.350976,1.83602,544.656,15000,0,0.894916
Suite_15,Deferred_Uber,0,265,1.23598,0.602788,0.002656,0.059392,0.346112,1.91201,523.009,15000,0,0.895843
Suite_15,Deferred_Uber,0,266,1.24284,0.583817,0.003328,0.059392,0.349344,1.85433,539.277,15000,0,0.896713
Suite_15,Deferred_Uber,0,267,1.23088,0.594524,0.002208,0.059136,0.370528,1.84008,543.455,15000,0,0.897527
Suite_15,Deferred_Uber,0,268,1.23443,0.596386,0.002176,0.059296,0.346112,1.84068,543.277,15000,0,0.898284
Suite_15,Deferred_Uber,0,269,1.23311,0.59232,0.00224,0.058624,0.347552,1.84896,540.845,15000,0,0.898986
Suite_15,Deferred_Uber,0,270,1.23304,0.594399,0.002464,0.058816,0.343744,1.84026,543.402,15000,0,0.899633
Suite_15,Deferred_Uber,0,271,1.23255,0.594547,0.002528,0.05904,0.34816,1.84081,543.24,15000,0,0.900225
Suite_15,Deferred_Uber,0,272,1.23448,0.586956,0.003872,0.059392,0.341792,1.84211,542.857,15000,0,0.900764
Suite_15,Deferred_Uber,0,273,1.22949,0.588748,0.00208,0.059392,0.339456,1.83763,544.178,15000,0,0.90125
Suite_15,Deferred_Uber,0,274,1.22522,0.58598,0.004096,0.05968,0.354208,1.83249,545.706,15000,0,0.901684
Suite_15,Deferred_Uber,0,275,1.22234,0.612477,0.0024,0.058816,0.34816,1.82437,548.134,15000,0,0.902067
Suite_15,Deferred_Uber,0,276,1.2245,0.592432,0.00272,0.059008,0.3416,1.85027,540.463,15000,0,0.902398
Suite_15,Deferred_Uber,0,277,1.22091,0.582658,0.002496,0.059392,0.34816,1.83341,545.432,15000,0,0.902679
Suite_15,Deferred_Uber,0,278,1.22243,0.581406,0.002496,0.059392,0.343808,1.81773,550.136,15000,0,0.902911
Suite_15,Deferred_Uber,0,279,1.21719,0.602179,0.003936,0.058208,0.346752,1.81724,550.284,15000,0,0.903095
Suite_15,Deferred_Uber,0,280,1.2211,0.70483,0.00352,0.059392,0.346112,1.83484,545.008,15000,0,0.903231
Suite_15,Deferred_Uber,0,281,1.22048,0.589451,0.003744,0.059232,0.34816,1.94189,514.962,15000,0,0.90332
Suite_15,Deferred_Uber,0,282,1.21496,0.586929,0.00352,0.059392,0.345856,1.82441,548.121,15000,0,0.903363
Suite_15,Deferred_Uber,0,283,1.21501,0.603448,0.004096,0.059712,0.345792,1.81569,550.754,15000,0,0.903361
Suite_15,Deferred_Uber,0,284,1.21748,0.584652,0.004096,0.059392,0.34432,1.83304,545.542,15000,0,0.903314
Suite_15,Deferred_Uber,0,285,1.21416,0.590717,0.00304,0.059392,0.346528,1.81864,549.861,15000,0,0.903224
Suite_15,Deferred_Uber,0,286,1.21378,0.594341,0.004096,0.059808,0.354432,1.81932,549.656,15000,0,0.903091
Suite_15,Deferred_Uber,0,287,1.21193,0.591059,0.004096,0.059232,0.34688,1.8225,548.696,15000,0,0.902916
Suite_15,Deferred_Uber,0,288,1.21158,0.587441,0.004096,0.059392,0.348192,1.82404,548.234,15000,0,0.9027
Suite_15,Deferred_Uber,0,289,1.21355,0.580667,0.00432,0.081888,0.368704,1.81444,551.135,15000,0,0.902444
Suite_15,Deferred_Uber,0,290,1.21578,0.590865,0.004096,0.060224,0.352,1.80874,552.872,15000,0,0.902149
Suite_15,Deferred_Uber,0,291,1.21098,0.600163,0.004096,0.059392,0.35344,1.82181,548.904,15000,0,0.901816
Suite_15,Deferred_Uber,0,292,1.20796,0.58709,0.004288,0.061376,0.345856,1.82547,547.805,15000,0,0.901445
Suite_15,Deferred_Uber,0,293,1.20671,0.58798,0.004512,0.06144,0.360544,1.80973,552.57,15000,0,0.901038
Suite_15,Deferred_Uber,0,294,1.2033,0.5892,0.004096,0.060576,0.346752,1.80886,552.835,15000,0,0.900595
Suite_15,Deferred_Uber,0,295,1.20763,0.586813,0.004096,0.061248,0.346848,1.80696,553.415,15000,0,0.900117
Suite_15,Deferred_Uber,0,296,1.20203,0.591611,0.004096,0.06144,0.344992,1.80805,553.081,15000,0,0.899606
Suite_15,Deferred_Uber,0,297,1.2016,0.587489,0.00592,0.06144,0.356096,1.80906,552.773,15000,0,0.899061
Suite_15,Deferred_Uber,0,298,1.20571,0.597933,0.004736,0.06064,0.351904,1.80361,554.442,15000,0,0.898484
Suite_15,Deferred_Uber,0,299,1.19932,0.832428,0.005856,0.060128,0.34624,1.81879,549.817,15000,0,0.897876
Suite_15,Deferred_Uber,0,300,1.19271,0.590357,0.005472,0.06144,0.34336,2.0458,488.807,15000,0,0.897238
Suite_15,Deferred_Uber,0,301,1.20053,0.620472,0.004224,0.061344,0.345344,1.79942,555.735,15000,0,0.896571
Suite_15,Deferred_Uber,0,302,1.22928,0.66008,0.00576,0.060352,0.346848,1.84073,543.263,15000,0,0.895875
Suite_15,Deferred_Uber,0,303,1.20891,0.601039,0.005696,0.060192,0.350848,1.9112,523.232,15000,0,0.895151
Suite_15,Deferred_Uber,0,304,1.19267,0.586708,0.00592,0.06144,0.370016,1.82522,547.88,15000,0,0.894401
Suite_15,Deferred_Uber,0,305,1.19315,0.600984,0.004736,0.086016,0.371968,1.79543,556.97,15000,0,0.893624
Suite_15,Deferred_Uber,0,306,1.19721,0.602825,0.005792,0.06144,0.351712,1.81155,552.012,15000,0,0.892823
Suite_15,Deferred_Uber,0,307,1.19731,0.590268,0.005952,0.061504,0.354304,1.81395,551.283,15000,0,0.891997
Suite_15,Deferred_Uber,0,308,1.19577,0.58034,0.006208,0.077856,0.366592,1.80175,555.017,15000,0,0.891148
Suite_15,Deferred_Uber,0,309,1.193,0.599373,0.006144,0.06144,0.350688,1.79168,558.134,15000,0,0.890277
Suite_15,Deferred_Uber,0,310,1.19193,0.587962,0.006144,0.059392,0.35776,1.80836,552.987,15000,0,0
Suite_15,Deferred_Uber,0,311,1.18826,0.586876,0.0072,0.061248,0.35184,1.79375,557.491,15000,0,0
Suite_15,Deferred_Uber,0,312,1.1873,0.588873,0.00784,0.063488,0.354304,1.78787,559.325,15000,0,0
Suite_15,Deferred_Uber,0,313,1.1919,0.591526,0.006144,0.060896,0.355328,1.79068,558.447,15000,0,0
Suite_15,Deferred_Uber,0,314,1.19186,0.588606,0.006144,0.06144,0.347008,1.79845,556.035,15000,0,0
Suite_15,Deferred_Uber,0,315,1.18954,0.588147,0.006944,0.060768,0.354304,1.79394,557.433,15000,0,0
Suite_15,Deferred_Uber,0,316,1.18456,0.586467,0.008,0.065216,0.368736,1.7965,556.638,15000,0,0
Suite_15,Deferred_Uber,0,317,1.18742,0.598006,0.006624,0.06144,0.356288,1.79048,558.509,15000,0,0
Suite_15,Deferred_Uber,0,318,1.18566,0.587906,0.008128,0.060736,0.348448,1.80216,554.888,15000,0,0
Suite_15,Deferred_Uber,0,319,1.18362,0.597788,0.007008,0.061312,0.348032,1.78724,559.522,15000,0,0
Suite_15,Deferred_Uber,0,320,1.1898,0.598044,0.007072,0.061216,0.352448,1.79665,556.591,15000,0,0
Suite_15,Deferred_Uber,0,321,1.18384,0.608572,0.007744,0.061952,0.356352,1.80408,554.299,15000,0,0
Suite_15,Deferred_Uber,0,322,1.18397,0.721329,0.007968,0.06144,0.348064,1.81471,551.052,15000,0,0
Suite_15,Deferred_Uber,0,323,1.18896,0.584469,0.008192,0.06128,0.352256,1.91965,520.927,15000,0,0
Suite_15,Deferred_Uber,0,324,1.18583,0.585451,0.008352,0.061472,0.35952,1.78669,559.694,15000,0,0
Suite_15,Deferred_Uber,0,325,1.18419,0.596735,0.008352,0.062784,0.352256,1.7866,559.722,15000,0,0
Suite_15,Deferred_Uber,0,326,1.18029,0.590986,0.008704,0.061984,0.360448,1.7964,556.669,15000,0,0
Suite_15,Deferred_Uber,0,327,1.17798,0.589577,0.008416,0.06144,0.350208,1.78437,560.422,15000,0,0
Suite_15,Deferred_Uber,0,328,1.18125,0.591032,0.008512,0.061472,0.352256,1.78062,561.603,15000,0,0
Suite_15,Deferred_Uber,0,329,1.17945,0.590007,0.009376,0.062048,0.349024,1.78861,559.093,15000,0,0
Suite_15,Deferred_Uber,0,330,1.17838,0.605958,0.009536,0.063488,0.359232,1.78424,560.463,15000,0,0
Suite_15,Deferred_Uber,0,331,1.18009,0.583032,0.009536,0.063008,0.360448,1.79755,556.314,15000,0,0
Suite_15,Deferred_Uber,0,332,1.17903,0.599538,0.01024,0.061632,0.356448,1.77972,561.887,15000,0,0
Suite_15,Deferred_Uber,0,333,1.18291,0.599643,0.01024,0.063136,0.354304,1.7953,557.009,15000,0,0
Suite_15,Deferred_Uber,0,334,1.18101,0.589505,0.009184,0.063488,0.356352,1.79758,556.303,15000,0,0
Suite_15,Deferred_Uber,0,335,1.1834,0.585613,0.010272,0.063456,0.357408,1.78418,560.481,15000,0,0
Suite_15,Deferred_Uber,0,336,1.18031,0.590984,0.01024,0.063232,0.3592,1.78249,561.013,15000,0,0
Suite_15,Deferred_Uber,0,337,1.18036,0.593602,0.010528,0.062144,0.359712,1.78813,559.244,15000,0,0
Suite_15,Deferred_Uber,0,338,1.18591,0.588539,0.010624,0.06368,0.360448,1.78879,559.038,15000,0,0
Suite_15,Deferred_Uber,0,339,1.17728,0.585086,0.012288,0.067584,0.371488,1.78808,559.26,15000,0,0
Suite_15,Deferred_Uber,0,340,1.1826,0.596653,0.010336,0.063488,0.354304,1.77515,563.333,15000,0,0
Suite_15,Deferred_Uber,0,341,1.17941,0.594544,0.010944,0.063488,0.365824,1.79538,556.986,15000,0,0
Suite_15,Deferred_Uber,0,342,1.18465,0.578954,0.012288,0.063648,0.360768,1.7894,558.846,15000,0,0
Suite_15,Deferred_Uber,0,343,1.17997,0.596708,0.012832,0.067584,0.37312,1.77638,562.942,15000,0,0
Suite_15,Deferred_Uber,0,344,1.18084,0.598707,0.010816,0.064896,0.3584,1.78969,558.756,15000,0,0
Suite_15,Deferred_Uber,0,345,1.18256,0.592176,0.012,0.064896,0.361792,1.80211,554.906,15000,0,0
Suite_15,Deferred_Uber,0,346,1.17693,0.579396,0.012288,0.065024,0.366272,1.78929,558.88,15000,0,0
Suite_15,Deferred_Uber,0,347,1.18317,0.579602,0.01408,0.069632,0.370304,1.76918,565.235,15000,0,0
Suite_15,Deferred_Uber,0,348,1.17669,0.629137,0.012288,0.064608,0.36112,1.77624,562.986,15000,0,0
Suite_15,Deferred_Uber,0,349,1.1836,0.916066,0.012704,0.06416,0.364448,1.82414,548.204,15000,0,0
Suite_15,Deferred_Uber,0,350,1.18229,0.588321,0.013024,0.064288,0.36112,2.11475,472.869,15000,0,0
Suite_15,Deferred_Uber,0,351,1.17976,0.592547,0.012288,0.065536,0.362496,1.78389,560.573,15000,0,0
Suite_15,Deferred_Uber,0,352,1.17828,0.593018,0.013952,0.066624,0.358944,1.78624,559.835,15000,0,0
Suite_15,Deferred_Uber,0,353,1.18327,0.599708,0.014336,0.065984,0.366912,1.7873,559.502,15000,0,0
Suite_15,Deferred_Uber,0,354,1.17919,0.584043,0.014144,0.065952,0.363808,1.79779,556.239,15000,0,0
Suite_15,Deferred_Uber,0,355,1.1841,0.594184,0.013184,0.065536,0.376832,1.77677,562.819,15000,0,0
Suite_15,Deferred_Uber,0,356,1.183,0.591495,0.014432,0.06672,0.36432,1.79351,557.566,15000,0,0
Suite_15,Deferred_Uber,0,357,1.18006,0.61117,0.01568,0.067232,0.371936,1.79114,558.305,15000,0,0
Suite_15,Deferred_Uber,0,358,1.17982,0.590451,0.014784,0.065856,0.393248,1.8063,553.617,15000,0,0
Suite_15,Deferred_Uber,0,359,1.17825,0.601519,0.014336,0.09008,0.377632,1.78346,560.707,15000,0,0
Suite_15,Deferred_Uber,0,360,1.18417,0.589947,0.015424,0.06672,0.373184,1.79444,557.278,15000,0,0
Suite_15,Deferred_Uber,0,361,1.1815,0.614363,0.016192,0.066144,0.37072,1.78975,558.737,15000,0,0
Suite_15,Deferred_Uber,0,362,1.17773,0.57969,0.015168,0.091776,0.392672,1.81028,552.4,15000,0,0
Suite_15,Deferred_Uber,0,363,1.18387,0.595849,0.016128,0.066272,0.37184,1.77065,564.766,15000,0,0
Suite_15,Deferred_Uber,0,364,1.18084,0.598457,0.016064,0.06656,0.372736,1.7952,557.04,15000,0,0
Suite_15,Deferred_Uber,0,365,1.17765,0.587449,0.016384,0.067104,0.36544,1.79506,557.083,15000,0,0
Suite_15,Deferred_Uber,0,366,1.17158,0.579583,0.018848,0.071968,0.385408,1.77941,561.984,15000,0,0
Suite_15,Deferred_Uber,0,367,1.18016,0.593064,0.017632,0.067584,0.3664,1.76391,566.921,15000,0,0
Suite_15,Deferred_Uber,0,368,1.17915,0.590882,0.0168,0.06752,0.368416,1.78772,559.373,15000,0,0
Suite_15,Deferred_Uber,0,369,1.17784,0.597293,0.018048,0.068064,0.37904,1.78545,560.083,15000,0,0
Suite_15,Deferred_Uber,0,370,1.17904,0.585319,0.019104,0.072896,0.385568,1.78923,558.9,15000,0,0
Suite_15,Deferred_Uber,0,371,1.18381,0.589934,0.017376,0.067648,0.374784,1.77739,562.622,15000,0,0
Suite_15,Deferred_Uber,0,372,1.17907,0.582645,0.017088,0.067584,0.372192,1.78791,559.312,15000,0,0
Suite_15,Deferred_Uber,0,373,1.17878,0.583877,0.018432,0.067744,0.377568,1.7822,561.105,15000,0,0
Suite_15,Deferred_Uber,0,374,1.17898,0.589249,0.02192,0.073728,0.385024,1.77663,562.864,15000,0,0
Suite_15,Deferred_Uber,0,375,1.17765,0.614213,0.018688,0.068384,0.376544,1.78079,561.549,15000,0,0
Suite_15,Deferred_Uber,0,376,1.18643,0.957104,0.018784,0.067936,0.369952,1.80938,552.676,15000,0,0
Suite_15,Deferred_Uber,0,377,1.18034,0.586447,0.020192,0.068256,0.369056,2.16046,462.865,15000,0,0
Suite_15,Deferred_Uber,0,378,1.18531,0.581311,0.019072,0.069408,0.374784,1.78112,561.443,15000,0,0
Suite_15,Deferred_Uber,0,379,1.18061,0.610229,0.0192,0.069056,0.376704,1.77983,561.852,15000,0,0
Suite_15,Deferred_Uber,0,380,1.18314,0.597264,0.019392,0.069632,0.376224,1.80483,554.069,15000,0,0
Suite_15,Deferred_Uber,0,381,1.17427,0.588911,0.01936,0.069632,0.37232,1.84822,541.061,15000,0,0
Suite_15,Deferred_Uber,0,382,1.17589,0.598919,0.020416,0.0696,0.391168,1.77742,562.613,15000,0,0
Suite_15,Deferred_Uber,0,383,1.17981,0.584826,0.020672,0.06992,0.376832,1.78873,559.055,15000,0,0
Suite_15,Deferred_Uber,0,384,1.18391,0.647372,0.02064,0.069632,0.379104,1.77839,562.306,15000,0,0
Suite_15,Deferred_Uber,0,385,1.17812,0.60382,0.021856,0.071008,0.404288,1.84637,541.603,15000,0,0
Suite_15,Deferred_Uber,0,386,1.1788,0.604171,0.021152,0.076,0.394144,1.79662,556.6,15000,0,0
Suite_15,Deferred_Uber,0,387,1.18065,0.595365,0.020896,0.069632,0.37648,1.79855,556.005,15000,0,0
Suite_15,Deferred_Uber,0,388,1.18082,0.637095,0.022528,0.069696,0.37904,1.7912,558.285,15000,0,0
Suite_15,Deferred_Uber,0,389,1.18317,0.590571,0.025984,0.075776,0.391168,1.83349,545.408,15000,0,0
Suite_15,Deferred_Uber,0,390,1.1825,0.609883,0.022496,0.069792,0.388096,1.78822,559.215,15000,0,0
Suite_15,Deferred_Uber,0,391,1.18051,0.59276,0.022528,0.070848,0.385024,1.8071,553.372,15000,0,0
Suite_15,Deferred_Uber,0,392,1.17475,0.581697,0.023936,0.07168,0.388832,1.78684,559.648,15000,0,0
Suite_15,Deferred_Uber,0,393,1.18621,0.588458,0.02544,0.077824,0.39376,1.77107,564.63,15000,0,0
Suite_15,Deferred_Uber,0,394,1.18001,0.59388,0.024128,0.071552,0.389824,1.78971,558.751,15000,0,0
Suite_15,Deferred_Uber,0,395,1.17556,0.600124,0.023808,0.07168,0.385024,1.78757,559.419,15000,0,0
Suite_15,Deferred_Uber,0,396,1.17455,0.583906,0.024224,0.07168,0.385024,1.78906,558.951,15000,0,0
Suite_15,Deferred_Uber,0,397,1.17185,0.581852,0.027168,0.073664,0.391648,1.77395,563.714,15000,0,0
Suite_15,Deferred_Uber,0,398,1.17845,0.592176,0.024576,0.07168,0.38544,1.76759,565.742,15000,0,0
Suite_15,Deferred_Uber,0,399,1.17457,0.588718,0.02512,0.072192,0.392256,1.78505,560.209,15000,0,0
Suite_15,Deferred_Uber,0,400,1.18533,0.591014,0.024608,0.073024,0.388096,1.77695,562.762,15000,0,0
Suite_15,Deferred_Uber,0,401,1.17538,0.581377,0.025824,0.073728,0.383104,1.7909,558.379,15000,0,0
Suite_15,Deferred_Uber,0,402,1.18478,0.59525,0.025952,0.07312,0.390464,1.77519,563.32,15000,0,0
Suite_15,Deferred_Uber,0,403,1.1797,0.780502,0.026784,0.072672,0.382976,1.79424,557.339,15000,0,0
Suite_15,Deferred_Uber,0,404,1.17869,0.584806,0.028352,0.072416,0.384768,1.97341,506.737,15000,0,0
Suite_15,Deferred_Uber,0,405,1.17951,0.600811,0.026496,0.073728,0.380928,1.77846,562.285,15000,0,0
Suite_15,Deferred_Uber,0,406,1.18259,0.598154,0.026624,0.073568,0.391616,1.79518,557.048,15000,0,0
Suite_15,Deferred_Uber,0,407,1.1759,0.743328,0.02832,0.073728,0.387456,1.7954,556.98,15000,0,0
Suite_15,Deferred_Uber,0,408,1.17588,0.580175,0.026848,0.073728,0.3824,1.93259,517.44,15000,0,0
Suite_15,Deferred_Uber,0,409,1.17707,0.591037,0.028416,0.072512,0.414272,1.7711,564.62,15000,0,0
Suite_15,Deferred_Uber,0,410,1.18078,0.587861,0.026752,0.073728,0.391168,1.78342,560.722,15000,0,0
Suite_15,Deferred_Uber,0,411,1.17906,0.670537,0.028672,0.073728,0.389248,1.78225,561.089,15000,0,0
Suite_15,Deferred_Uber,0,412,1.17614,0.588713,0.028928,0.075776,0.397056,1.86315,536.724,15000,0,0
Suite_15,Deferred_Uber,0,413,1.18056,0.595092,0.028672,0.073824,0.401376,1.78035,561.688,15000,0,0
Suite_15,Deferred_Uber,0,414,1.18761,0.590604,0.028992,0.074208,0.39456,1.79192,558.061,15000,0,0
Suite_15,Deferred_Uber,0,415,1.17628,0.657212,0.029344,0.074304,0.395264,1.79214,557.993,15000,0,0
Suite_15,Deferred_Uber,0,416,1.18145,0.596263,0.033728,0.075712,0.40128,1.84669,541.509,15000,0,0
Suite_15,Deferred_Uber,0,417,1.17823,0.599808,0.029824,0.075776,0.392896,1.79342,557.593,15000,0,0
Suite_15,Deferred_Uber,0,418,1.17982,0.585356,0.030304,0.075776,0.391168,1.79355,557.553,15000,0,0
Suite_15,Deferred_Uber,0,419,1.1786,0.582335,0.030304,0.075808,0.402752,1.77841,562.301,15000,0,0
Suite_15,Deferred_Uber,0,420,1.18002,0.583372,0.034304,0.075776,0.399232,1.77375,563.777,15000,0,0
Suite_15,Deferred_Uber,0,421,1.18043,0.606546,0.03072,0.075776,0.4,1.7777,562.525,15000,0,0
Suite_15,Deferred_Uber,0,422,1.18054,0.586735,0.030944,0.07616,0.402688,1.80235,554.83,15000,0,0.785526
Suite_15,Deferred_Uber,0,423,1.17724,0.584014,0.032256,0.077824,0.401824,1.7811,561.452,15000,0,0.785198
Suite_15,Deferred_Uber,0,424,1.17701,0.584669,0.033472,0.077472,0.399552,1.77457,563.517,15000,0,0.784885
Suite_15,Deferred_Uber,0,425,1.1814,0.603781,0.031296,0.077408,0.403456,1.77679,562.814,15000,0,0.784585
Suite_15,Deferred_Uber,0,426,1.18204,0.934591,0.032768,0.077824,0.40928,1.80117,555.193,15000,0,0.784301
Suite_15,Deferred_Uber,0,427,1.17869,0.588148,0.03456,0.077344,0.394176,2.13082,469.303,15000,0,0.78403
Suite_15,Deferred_Uber,0,428,1.17501,0.581655,0.032704,0.079168,0.393024,1.78026,561.716,15000,0,0.783774
Suite_15,Deferred_Uber,0,429,1.18135,0.595585,0.033952,0.077824,0.401344,1.77744,562.608,15000,0,0.783532
Suite_15,Deferred_Uber,0,430,1.18394,0.657344,0.032768,0.07936,0.402752,1.79899,555.869,15000,0,0.783305
Suite_15,Deferred_Uber,0,431,1.18051,0.608618,0.034368,0.079392,0.407424,1.8551,539.056,15000,0,0.783091
Suite_15,Deferred_Uber,0,432,1.18228,0.640369,0.034112,0.079264,0.4096,1.80454,554.158,15000,0,0.782891
Suite_15,Deferred_Uber,0,433,1.18518,0.597206,0.03376,0.077984,0.407392,1.84097,543.192,15000,0,0.782705
Suite_15,Deferred_Uber,0,434,1.17668,0.675885,0.034432,0.079872,0.411552,1.79829,556.084,15000,0,0.782534
Suite_15,Deferred_Uber,0,435,1.18582,0.584111,0.034816,0.104448,0.4272,1.8665,535.761,15000,0,0.782376
Suite_15,Deferred_Uber,0,436,1.17883,0.6043,0.034688,0.08016,0.413184,1.78325,560.775,15000,0,0.782232
Suite_15,Deferred_Uber,0,437,1.18129,0.599419,0.034816,0.079712,0.414048,1.80049,555.404,15000,0,0.782101
Suite_15,Deferred_Uber,0,438,1.17868,0.653783,0.034816,0.079744,0.404288,1.79579,556.858,15000,0,0.781985
Suite_15,Deferred_Uber,0,439,1.17794,0.588791,0.037984,0.079872,0.41552,1.84601,541.708,15000,0,0.781882
Suite_15,Deferred_Uber,0,440,1.18598,0.590821,0.035552,0.080384,0.402944,1.78428,560.45,15000,0,0.781792
Suite_15,Deferred_Uber,0,441,1.18356,0.599424,0.036096,0.081248,0.412352,1.79368,557.513,15000,0,0.781716
Suite_15,Deferred_Uber,0,442,1.18145,0.596113,0.036448,0.08192,0.411712,1.79828,556.088,15000,0,0.781653
Suite_15,Deferred_Uber,0,443,1.182,0.587158,0.037248,0.080256,0.412448,1.79088,558.383,15000,0,0.781604
Suite_15,Deferred_Uber,0,444,1.18233,0.596458,0.036608,0.082944,0.407552,1.78226,561.086,15000,0,1.08284
Suite_15,Deferred_Uber,0,445,1.18716,0.585997,0.036736,0.083712,0.415744,1.79706,556.463,15000,0,1.08333
Suite_15,Deferred_Uber,0,446,1.17854,0.584195,0.036672,0.083872,0.415744,1.78805,559.268,15000,0,1.08385
Suite_15,Deferred_Uber,0,447,1.18177,0.593233,0.036864,0.083584,0.411488,1.77633,562.959,15000,0,1.08439
Suite_15,Deferred_Uber,0,448,1.18257,0.598328,0.037184,0.084192,0.419328,1.78861,559.093,15000,0,1.08495
Suite_15,Deferred_Uber,0,449,1.18678,0.856842,0.038592,0.08288,0.416,1.79855,556.002,15000,0,1.08553
Suite_15,Deferred_Uber,0,450,1.17678,0.580865,0.037248,0.083168,0.411648,2.05912,485.644,15000,0,1.08614
Suite_15,Deferred_Uber,0,451,1.17911,0.585365,0.038208,0.083648,0.407552,1.77124,564.576,15000,0,1.08676
Suite_15,Deferred_Uber,0,452,1.18441,0.594835,0.037408,0.083968,0.411648,1.7784,562.303,15000,0,1.08741
Suite_15,Deferred_Uber,0,453,1.17989,0.704559,0.037824,0.083968,0.419232,1.79555,556.931,15000,0,1.08807
Suite_15,Deferred_Uber,0,454,1.17899,0.585116,0.038912,0.085088,0.416352,1.89913,526.556,15000,0,1.08876
Suite_15,Deferred_Uber,0,455,1.18069,0.589573,0.038912,0.084704,0.42304,1.77769,562.528,15000,0,1.08946
Suite_15,Deferred_Uber,0,456,1.18406,0.5913,0.038912,0.083968,0.422464,1.78475,560.304,15000,0,1.09019
Suite_15,Deferred_Uber,0,457,1.18734,0.719745,0.039328,0.085536,0.419264,1.79143,558.213,15000,0,1.09094
Suite_15,Deferred_Uber,0,458,1.18565,0.592158,0.038944,0.106496,0.442368,1.92178,520.352,15000,0,1.0917
Suite_15,Deferred_Uber,0,459,1.1844,0.622228,0.03968,0.084768,0.412096,1.7954,556.978,15000,0,1.09249
Suite_15,Deferred_Uber,0,460,1.18394,0.593046,0.040512,0.086016,0.417792,1.82355,548.382,15000,0,1.0933
Suite_15,Deferred_Uber,0,461,1.17934,0.583461,0.040192,0.086016,0.420768,1.79363,557.528,15000,0,1.09413
Suite_15,Deferred_Uber,0,462,1.18156,0.581336,0.04128,0.084736,0.421952,1.77731,562.648,15000,0,1.09498
Suite_15,Deferred_Uber,0,463,1.1802,0.614554,0.039488,0.085248,0.41984,1.77606,563.043,15000,0,1.09585
Suite_15,Deferred_Uber,0,464,1.18177,0.590626,0.040576,0.087232,0.419744,1.80939,552.672,15000,0,1.09673
Suite_15,Deferred_Uber,0,465,1.18089,0.584801,0.040928,0.086208,0.427296,1.78859,559.098,15000,0,1.09764
Suite_15,Deferred_Uber,0,466,1.17583,0.581569,0.042048,0.086016,0.428032,1.77989,561.833,15000,0,1.09857
Suite_15,Deferred_Uber,0,467,1.17719,0.604997,0.04096,0.085952,0.420032,1.77069,564.753,15000,0,1.09952
Suite_15,Deferred_Uber,0,468,1.18395,0.609191,0.04096,0.087104,0.428256,1.79772,556.261,15000,0,1.10048
Suite_15,Deferred_Uber,0,469,1.19604,0.659941,0.041728,0.08624,0.423808,1.81257,551.703,15000,0,1.10147
Suite_15,Deferred_Uber,0,470,1.18637,0.592308,0.04176,0.086496,0.421216,1.87527,533.257,15000,0,1.10247
Suite_15,Deferred_Uber,0,471,1.1843,0.597354,0.042208,0.087264,0.428608,1.79287,557.764,15000,0,1.1035
Suite_15,Deferred_Uber,0,472,1.18939,0.767417,0.042432,0.086368,0.428864,1.79675,556.561,15000,0,1.10454
Suite_15,Deferred_Uber,0,473,1.18005,0.597401,0.041472,0.086016,0.417536,1.97243,506.99,15000,0,1.1056
Suite_15,Deferred_Uber,0,474,1.17657,0.590571,0.041888,0.086016,0.417152,1.79239,557.915,15000,0,1.10669
Suite_15,Deferred_Uber,0,475,1.179,0.601265,0.042624,0.088032,0.425152,1.78145,561.339,15000,0,1.10779
Suite_15,Deferred_Uber,0,476,1.18175,0.743461,0.043008,0.090176,0.431808,1.79486,557.145,15000,0,1.23468
Suite_15,Deferred_Uber,0,477,1.18566,0.587244,0.043008,0.089696,0.452096,1.94169,515.014,15000,0,1.23604
Suite_15,Deferred_Uber,0,478,1.18746,0.600786,0.044928,0.09216,0.460448,1.78749,559.444,15000,0,1.33061
Suite_15,Deferred_Uber,0,479,1.18424,0.593714,0.043008,0.094208,0.430496,1.80336,554.52,15000,0,1.33216
Suite_15,Deferred_Uber,0,480,1.18348,0.780976,0.044352,0.09936,0.4448,1.79238,557.916,15000,0,1.4878
Suite_15,Deferred_Uber,0,481,1.17755,0.591777,0.043168,0.098112,0.437728,1.97981,505.099,15000,0,1.4897
Suite_15,Deferred_Uber,0,482,1.1829,0.606268,0.044512,0.098304,0.43808,1.78481,560.284,15000,0,1.49163
Suite_15,Deferred_Uber,0,483,1.18349,0.589859,0.044288,0.098304,0.442368,1.80459,554.142,15000,0,1.49358
Suite_15,Deferred_Uber,0,484,1.18295,0.591925,0.045056,0.098464,0.441696,1.78724,559.522,15000,0,1.49556
Suite_15,Deferred_Uber,0,485,1.17971,0.587268,0.044224,0.098304,0.434176,1.79012,558.622,15000,0,1.49757
Suite_15,Deferred_Uber,0,486,1.19039,0.626943,0.045056,0.097696,0.4424,1.78148,561.33,15000,0,1.4996
Suite_15,Deferred_Uber,0,487,1.18813,0.601488,0.045056,0.098624,0.440224,1.84061,543.299,15000,0,1.50165
Suite_15,Deferred_Uber,0,488,1.17683,0.581518,0.045056,0.098304,0.442784,1.80472,554.103,15000,0,1.50373
Suite_15,Deferred_Uber,0,489,1.17965,0.590302,0.045056,0.098784,0.436224,1.77397,563.709,15000,0,1.50584
Suite_15,Deferred_Uber,0,490,1.18641,0.602449,0.045056,0.10256,0.43904,1.78474,560.306,15000,0,1.70113
Suite_15,Deferred_Uber,0,491,1.19105,0.896228,0.04528,0.102976,0.445696,1.80499,554.018,15000,0,1.70368
Suite_15,Deferred_Uber,0,492,1.18406,0.586062,0.04512,0.102528,0.438208,2.10167,475.813,15000,0,1.70626
Suite_15,Deferred_Uber,0,493,1.18436,0.589054,0.045248,0.103904,0.446464,1.7861,559.88,15000,0,1.70887
Suite_15,Deferred_Uber,0,494,1.18213,0.598412,0.045472,0.108608,0.454656,1.78879,559.036,15000,0,1.80433
Suite_15,Deferred_Uber,0,495,1.1894,0.786366,0.045056,0.108544,0.455328,1.79536,556.992,15000,0,1.80716
Suite_15,Deferred_Uber,0,496,1.18453,0.592522,0.045472,0.108544,0.478272,1.98993,502.53,15000,0,1.81002
Suite_15,Deferred_Uber,0,497,1.18518,0.600606,0.045344,0.11008,0.452608,1.79274,557.806,15000,0,1.81291
Suite_15,Deferred_Uber,0,498,1.185,0.591922,0.045792,0.108704,0.458208,1.80207,554.917,15000,0,1.12773
Suite_15,Deferred_Uber,0,499,1.18628,0.784662,0.046752,0.110592,0.461312,1.79108,558.323,15000,0,1.13044
Suite_15,Deferred_Uber,0,500,1.18713,0.587025,0.047104,0.110016,0.454528,1.98489,503.807,15000,0,1.13319
Suite_15,Deferred_Uber,0,501,1.18302,0.593885,0.046048,0.110528,0.454592,1.7901,558.629,15000,0,1.13596
Suite_15,Deferred_Uber,0,502,1.18336,0.585035,0.04704,0.109312,0.450912,1.79289,557.759,15000,0,1.13877
Suite_15,Deferred_Uber,0,503,1.1858,0.590142,0.047104,0.1104,0.457376,1.78243,561.031,15000,0,1.1416
Suite_15,Deferred_Uber,0,504,1.17998,0.58599,0.047104,0.110592,0.455072,1.78941,558.842,15000,0,1.14447
Suite_15,Deferred_Uber,0,505,1.18791,0.62322,0.047104,0.11008,0.446272,1.78121,561.416,15000,0,1.14737
Suite_15,Deferred_Uber,0,506,1.18485,0.588239,0.048288,0.116736,0.4584,1.82891,546.775,15000,0,1.26945
Suite_15,Deferred_Uber,0,507,1.18703,0.582659,0.048448,0.12288,0.465472,1.78735,559.487,15000,0,1.36968
Suite_15,Deferred_Uber,0,508,1.1795,0.5852,0.047808,0.121696,0.4624,1.78315,560.805,15000,0,1.37311
Suite_15,Deferred_Uber,0,509,1.18432,0.610287,0.047296,0.122176,0.470784,1.7812,561.421,15000,0,1.37658
Suite_15,Deferred_Uber,0,510,1.18745,0.835819,0.04768,0.122432,0.464896,1.81331,551.477,15000,0,1.38008
Suite_15,Deferred_Uber,0,511,1.17836,0.588226,0.048672,0.122944,0.465504,2.03839,490.582,15000,0,1.38362
Suite_15,Deferred_Uber,0,512,1.18613,0.584817,0.047616,0.122688,0.468864,1.78051,561.638,15000,0,1.38719
Suite_15,Deferred_Uber,0,513,1.18932,0.623991,0.049088,0.12256,0.47136,1.7868,559.661,15000,0,1.39081
Suite_15,Deferred_Uber,0,514,1.19122,0.775745,0.048672,0.123232,0.463072,1.82986,546.489,15000,0,1.39447
Suite_15,Deferred_Uber,0,515,1.18407,0.608345,0.049184,0.12288,0.485504,1.98698,503.276,15000,0,1.39816
Suite_15,Deferred_Uber,0,516,1.18574,0.607466,0.055296,0.12288,0.478112,1.80645,553.571,15000,0,1.40189
Suite_15,Deferred_Uber,0,517,1.18595,0.592462,0.049152,0.123072,0.465568,1.81031,552.391,15000,0,1.40566
Suite_15,Deferred_Uber,0,518,1.18833,0.827819,0.048672,0.12288,0.47648,1.79363,557.528,15000,0,1.40948
Suite_15,Deferred_Uber,0,519,1.18693,0.58458,0.04912,0.12336,0.472032,2.03027,492.545,15000,0,1.41333
Suite_15,Deferred_Uber,0,520,1.18792,0.601548,0.049088,0.124032,0.464896,1.78483,560.277,15000,0,1.41722
Suite_15,Deferred_Uber,0,521,1.18744,0.598648,0.04928,0.123616,0.476256,1.80702,553.398,15000,0,1.42115
Suite_15,Deferred_Uber,0,522,1.18426,0.589839,0.049152,0.124448,0.466368,1.80249,554.789,15000,0,1.42513
Suite_15,Deferred_Uber,0,523,1.1859,0.588389,0.049152,0.12288,0.469344,1.78763,559.401,15000,0,1.42914
Suite_15,Deferred_Uber,0,524,1.18397,0.596485,0.050304,0.12464,0.471168,1.78812,559.248,15000,0,1.4332
Suite_15,Deferred_Uber,0,525,1.19184,1.05679,0.049312,0.124704,0.482592,1.79867,555.965,15000,0,1.4373
Suite_15,Deferred_Uber,0,526,1.17974,0.592815,0.049248,0.124512,0.474176,2.26488,441.524,15000,0,1.44144
Suite_15,Deferred_Uber,0,527,1.19084,0.58786,0.050848,0.123552,0.49168,1.78657,559.731,15000,0,1.44562
Suite_15,Deferred_Uber,0,528,1.1866,0.59627,0.05024,0.124928,0.473952,1.79306,557.705,15000,0,1.44985
Suite_15,Deferred_Uber,0,529,1.18971,0.692547,0.049888,0.124512,0.473088,1.79951,555.705,15000,0,1.45411
Suite_15,Deferred_Uber,0,530,1.18728,0.59234,0.049952,0.14304,0.48944,2.04998,487.81,15000,0,1.45842
Suite_15,Deferred_Uber,0,531,1.18471,0.619648,0.05008,0.125024,0.464896,1.79386,557.456,15000,0,1.46278
Suite_15,Deferred_Uber,0,532,1.19235,0.596059,0.050528,0.124928,0.470944,1.82063,549.262,15000,0,1.46718
Suite_15,Deferred_Uber,0,533,1.19339,0.738875,0.051168,0.125152,0.473664,1.80584,553.758,15000,0,1.47162
Suite_15,Deferred_Uber,0,534,1.18633,0.583065,0.050592,0.123904,0.474688,1.94735,513.517,15000,0,1.4761
Suite_15,Deferred_Uber,0,535,1.18912,0.601796,0.0512,0.125056,0.475008,1.78305,560.836,15000,0,1.48063
Suite_15,Deferred_Uber,0,536,1.18846,0.603867,0.050144,0.124928,0.477376,1.80647,553.566,15000,0,1.48521
Suite_15,Deferred_Uber,0,537,1.18432,0.594475,0.051264,0.126144,0.473088,1.80923,552.721,15000,0,1.48983
Suite_15,Deferred_Uber,0,538,1.18431,0.58256,0.0512,0.124928,0.475424,1.79402,557.408,15000,0,1.4945
Suite_15,Deferred_Uber,0,539,1.18769,0.599275,0.051136,0.12528,0.48128,1.78073,561.568,15000,0,1.49921
Suite_15,Deferred_Uber,0,540,1.18789,0.985848,0.051328,0.124928,0.480608,1.80371,554.413,15000,0,1.50397
Suite_15,Deferred_Uber,0,541,1.193,0.615002,0.051328,0.12624,0.477152,2.19068,456.48,15000,0,1.50877
Suite_15,Deferred_Uber,0,542,1.18548,0.595631,0.051488,0.125568,0.497664,1.82496,547.958,15000,0,1.51363
Suite_15,Deferred_Uber,0,543,1.19074,0.59977,0.0512,0.124928,0.472928,1.79656,556.618,15000,0,1.51853
Suite_15,Deferred_Uber,0,544,1.18133,0.789658,0.052416,0.126976,0.473312,1.81142,552.053,15000,0,1.52347
Suite_15,Deferred_Uber,0,545,1.18657,0.591731,0.051648,0.149472,0.495232,2.03896,490.446,15000,0,1.69076
Suite_15,Deferred_Uber,0,546,1.19005,0.594296,0.051872,0.131616,0.486752,1.794,557.415,15000,0,1.69629
Suite_15,Deferred_Uber,0,547,1.18734,0.59938,0.05152,0.13264,0.492576,1.80082,555.302,15000,0,1.70187
Suite_15,Deferred_Uber,0,548,1.18414,0.76361,0.051552,0.132768,0.487424,1.80049,555.405,15000,0,1.70751
Suite_15,Deferred_Uber,0,549,1.18168,0.593511,0.052064,0.133216,0.47728,1.96445,509.047,15000,0,1.7132
Suite_15,Deferred_Uber,0,550,1.1908,0.603618,0.052288,0.13312,0.489472,1.79024,558.584,15000,0,1.71894
Suite_15,Deferred_Uber,0,551,1.18477,0.593538,0.052928,0.13184,0.488928,1.8096,552.607,15000,0,1.72474
Suite_15,Deferred_Uber,0,552,1.1872,0.592992,0.05168,0.13312,0.484896,1.79242,557.905,15000,0,1.73059
Suite_15,Deferred_Uber,0,553,1.1887,0.582395,0.053248,0.133056,0.479648,1.79563,556.909,15000,0,1.73649
Suite_15,Deferred_Uber,0,554,1.18741,0.598429,0.053024,0.132544,0.490208,1.78572,559.998,15000,0,1.74245
Suite_15,Deferred_Uber,0,555,1.18768,0.998672,0.05296,0.139264,0.497664,1.80091,555.275,15000,0,1.85372
Suite_15,Deferred_Uber,0,556,1.18544,0.587556,0.053248,0.145536,0.494336,2.20075,454.391,15000,0,1.95246
Suite_15,Deferred_Uber,0,557,1.18592,0.610101,0.053056,0.146784,0.518144,1.78962,558.777,15000,0,1.95904
Suite_15,Deferred_Uber,0,558,1.18619,0.597853,0.053216,0.145632,0.49856,1.81191,551.904,15000,0,1.96567
Suite_15,Deferred_Uber,0,559,1.18941,0.847784,0.053248,0.145408,0.495232,1.79893,555.887,15000,0,1.97236
Suite_15,Deferred_Uber,0,560,1.18937,0.586007,0.053248,0.159744,0.510848,2.1031,475.487,15000,0,1.97912
Suite_15,Deferred_Uber,0,561,1.18876,0.594168,0.05328,0.145888,0.499008,1.79582,556.85,15000,0,1.98594
Suite_15,Deferred_Uber,0,562,1.18777,0.598732,0.053248,0.145536,0.50432,1.79961,555.677,15000,0,1.99282
Suite_15,Deferred_Uber,0,563,1.18945,0.752464,0.053248,0.145504,0.505952,1.80064,555.357,15000,0,1.99976
Suite_15,Deferred_Uber,0,564,1.18574,0.588901,0.053248,0.145824,0.501056,1.95644,511.133,15000,0,2.00677
Suite_15,Deferred_Uber,0,565,1.18405,0.603002,0.05344,0.146176,0.499648,1.79069,558.445,15000,0,2.01383
Suite_15,Deferred_Uber,0,566,1.18832,0.58639,0.053696,0.146112,0.50176,1.80358,554.453,15000,0,2.02097
Suite_15,Deferred_Uber,0,567,1.19033,0.594454,0.054752,0.14624,0.507872,1.78899,558.975,15000,0,2.02816
Suite_15,Deferred_Uber,0,568,1.18677,0.585101,0.05376,0.147008,0.505408,1.79846,556.031,15000,0,2.03543
Suite_15,Deferred_Uber,0,569,1.19138,0.600295,0.053248,0.1536,0.507936,1.78744,559.461,15000,0,2.12574
Suite_15,Deferred_Uber,0,570,1.18736,0.955442,0.054368,0.1536,0.506784,1.80936,552.68,15000,0,2.13331
Suite_15,Deferred_Uber,0,571,1.18856,0.590197,0.053664,0.1536,0.503808,2.15799,463.394,15000,0,2.14095
Suite_15,Deferred_Uber,0,572,1.18849,0.589028,0.05344,0.153408,0.530208,1.7985,556.02,15000,0,2.14866
Suite_15,Deferred_Uber,0,573,1.18934,0.60201,0.055072,0.154048,0.51344,1.7957,556.885,15000,0,2.15644
Suite_15,Deferred_Uber,0,574,1.19368,0.862823,0.054048,0.153824,0.512,1.80761,553.216,15000,0,2.16428
Suite_15,Deferred_Uber,0,575,1.18919,0.590313,0.054624,0.15488,0.530432,2.12229,471.188,15000,0,2.17219
Suite_15,Deferred_Uber,0,576,1.19569,0.595126,0.053376,0.1552,0.503808,1.7947,557.197,15000,0,2.18017
Suite_15,Deferred_Uber,0,577,1.19367,0.629679,0.067584,0.15744,0.526592,1.80856,552.925,15000,128,2.18839
Suite_15,Deferred_Uber,0,578,1.19147,0.687147,0.063744,0.16432,0.528512,1.83903,543.766,15000,128,2.35063
Suite_15,Deferred_Uber,0,579,1.19466,0.605914,0.061728,0.164128,0.526336,1.89362,528.09,15000,128,2.35921
Suite_15,Deferred_Uber,0,580,1.19693,0.622877,0.063168,0.164928,0.530432,1.81505,550.948,15000,256,2.36798
Suite_15,Deferred_Uber,0,581,1.19623,1.13238,0.061024,0.171968,0.533664,1.84224,542.819,15000,256,2.60108
Suite_15,Deferred_Uber,0,582,1.19723,0.616575,0.062656,0.171712,0.537152,2.34495,426.448,15000,256,2.6105
Suite_15,Deferred_Uber,0,583,1.1954,0.617,0.064064,0.196608,0.564544,1.82831,546.954,15000,384,2.62016
Suite_15,Deferred_Uber,0,584,1.19512,0.609935,0.063872,0.171616,0.541888,1.82879,546.811,15000,384,2.62975
Suite_15,Deferred_Uber,0,585,1.19992,0.864416,0.064608,0.172032,0.531168,1.82239,548.729,15000,384,2.63941
Suite_15,Deferred_Uber,0,586,1.1968,0.612436,0.066944,0.172032,0.532192,2.2828,438.059,15000,384,2.64916
Suite_15,Deferred_Uber,0,587,1.20179,0.634899,0.062368,0.172032,0.536576,1.82404,548.233,15000,512,2.65926
Suite_15,Deferred_Uber,0,588,1.20232,0.607483,0.064512,0.172032,0.5368,1.85296,539.678,15000,640,2.66923
Suite_15,Deferred_Uber,0,589,1.19696,0.608067,0.061792,0.17168,0.529792,1.8273,547.254,15000,640,2.67922
Suite_15,Deferred_Uber,0,590,1.19493,0.615391,0.063456,0.171712,0.531104,1.82072,549.232,15000,768,2.68972
Suite_15,Deferred_Uber,0,591,1.19843,0.631459,0.063008,0.171008,0.536096,1.82507,547.923,15000,896,2.70012
Suite_15,Deferred_Uber,0,592,1.20043,0.770988,0.065536,0.172032,0.541568,1.84617,541.663,15000,1024,2.71053
Suite_15,Deferred_Uber,0,593,1.19924,0.612399,0.063488,0.172032,0.531936,2.11133,473.636,15000,1024,2.72085
Suite_15,Deferred_Uber,0,594,1.19899,0.635391,0.06304,0.187232,0.560128,1.82846,546.909,15000,1024,2.73125
Suite_15,Deferred_Uber,0,595,1.20736,0.6768,0.063424,0.172384,0.533472,1.85484,539.129,15000,1024,2.74174
Suite_15,Deferred_Uber,0,596,1.20373,0.850332,0.063808,0.173952,0.540128,1.90125,525.969,15000,1152,2.75235
Suite_15,Deferred_Uber,0,597,1.20549,0.608884,0.063488,0.173056,0.528352,2.07156,482.728,15000,1280,2.76328
Suite_15,Deferred_Uber,0,598,1.20134,0.639651,0.064704,0.172768,0.532768,1.83063,546.26,15000,1536,2.77454
Suite_15,Deferred_Uber,0,599,1.20556,0.625192,0.06336,0.17408,0.540512,1.85738,538.394,15000,1792,2.78602
Suite_15,Deferred_Uber,0,600,1.20263,0.611155,0.063936,0.17584,0.534528,1.84692,541.441,15000,1920,2.79723
Suite_15,Deferred_Uber,0,601,1.20193,0.610725,0.064896,0.17392,0.542784,1.83511,544.926,15000,2048,2.80855
Suite_15,Deferred_Uber,0,602,1.208,0.617975,0.063488,0.175456,0.542304,1.829,546.747,15000,2176,2.81987
Suite_15,Deferred_Uber,0,603,1.2102,0.912426,0.063488,0.174592,0.53664,1.84274,542.67,15000,2304,2.83123
Suite_15,Deferred_Uber,0,604,1.21287,0.616862,0.067584,0.174528,0.561472,2.13864,467.587,15000,2304,2.8425
Suite_15,Deferred_Uber,0,605,1.20836,0.612758,0.065376,0.187072,0.553344,1.85332,539.573,15000,2432,2.85395
Suite_15,Deferred_Uber,0,606,1.20595,0.622962,0.065696,0.174368,0.544768,1.8395,543.625,15000,2432,2.86539
Suite_15,Deferred_Uber,0,607,1.20501,0.900547,0.064256,0.177312,0.543968,1.84587,541.75,15000,2432,2.87692
Suite_15,Deferred_Uber,0,608,1.20329,0.619953,0.067584,0.176128,0.544064,2.12162,471.338,15000,2432,2.88853
Suite_15,Deferred_Uber,0,609,1.20558,0.630739,0.065536,0.176352,0.537536,1.84052,543.325,15000,2432,2.90024
Suite_15,Deferred_Uber,0,610,1.20707,0.615758,0.063552,0.178176,0.54048,1.8542,539.317,15000,2432,2.91203
Suite_15,Deferred_Uber,0,611,1.20409,0.619789,0.06736,0.177952,0.546688,1.83837,543.959,15000,2560,2.92412
Suite_15,Deferred_Uber,0,612,1.20492,0.618055,0.06512,0.179008,0.547936,1.83908,543.75,15000,2560,2.93609
Suite_15,Deferred_Uber,0,613,1.21285,0.620361,0.066976,0.179776,0.5488,1.83998,543.483,15000,2688,2.94819
Suite_15,Deferred_Uber,0,614,1.21314,0.909133,0.067552,0.180224,0.550912,1.85181,540.011,15000,2816,2.9607
Suite_15,Deferred_Uber,0,615,1.20932,0.606812,0.0688,0.180224,0.565664,2.1394,467.42,15000,2944,2.97298
Suite_15,Deferred_Uber,0,616,1.20594,0.621813,0.065728,0.194528,0.555008,1.8318,545.911,15000,3072,2.98534
Suite_15,Deferred_Uber,0,617,1.20751,0.648771,0.068608,0.179488,0.552416,1.84648,541.571,15000,3072,2.99776
Suite_15,Deferred_Uber,0,618,1.2093,0.895537,0.065248,0.180224,0.544768,1.87444,533.492,15000,3200,3.01038
Suite_15,Deferred_Uber,0,619,1.20641,0.629272,0.066752,0.180544,0.547104,2.12094,471.488,15000,3200,3.02298
Suite_15,Deferred_Uber,0,620,1.21009,0.633263,0.067584,0.180448,0.54704,1.85154,540.09,15000,3200,3.03567
Suite_15,Deferred_Uber,0,621,1.20961,0.638832,0.068064,0.180704,0.552896,1.86876,535.113,15000,3072,3.04823
Suite_15,Deferred_Uber,0,622,1.20705,0.617523,0.067008,0.180512,0.544768,1.86538,536.085,15000,3200,3.06131
Suite_15,Deferred_Uber,0,623,1.2073,0.615497,0.07568,0.180192,0.555232,1.84028,543.396,15000,3456,3.07454
Suite_15,Deferred_Uber,0,624,1.21558,0.653202,0.069984,0.180224,0.554368,1.83835,543.966,15000,3584,3.08778
Suite_15,Deferred_Uber,0,625,1.21463,0.906004,0.069984,0.180832,0.54992,1.88808,529.639,15000,3840,3.10142
Suite_15,Deferred_Uber,0,626,1.21429,0.6198,0.068,0.181056,0.57264,2.13865,467.584,15000,3840,3.11466
Suite_15,Deferred_Uber,0,627,1.21294,0.62745,0.07472,0.1896,0.571488,1.85014,540.501,15000,3840,3.24105
Suite_15,Deferred_Uber,0,628,1.21699,0.653398,0.071424,0.19024,0.561824,1.85883,537.973,15000,3968,3.25493
Suite_15,Deferred_Uber,0,629,1.21585,0.920516,0.066944,0.189344,0.561568,1.89339,528.154,15000,4224,3.26921
Suite_15,Deferred_Uber,0,630,1.22655,0.723636,0.067584,0.189952,0.555264,2.15489,464.061,15000,4224,3.28317
Suite_15,Deferred_Uber,0,631,1.22927,0.697384,0.069632,0.198496,0.569888,1.97366,506.672,15000,4224,3.35075
Suite_15,Deferred_Uber,0,632,1.21883,0.789339,0.068288,0.198656,0.566784,1.948,513.348,15000,4224,3.36502
Suite_15,Deferred_Uber,0,633,1.21173,0.621355,0.068288,0.197984,0.561152,2.0276,493.193,15000,4352,3.37952
Suite_15,Deferred_Uber,0,634,1.21163,0.632111,0.07168,0.209024,0.581216,1.85067,540.345,15000,4480,3.3942
Suite_15,Deferred_Uber,0,635,1.21757,0.642909,0.073664,0.196192,0.56976,1.86172,537.138,15000,4608,3.40881
Suite_15,Deferred_Uber,0,636,1.21716,0.921914,0.069472,0.195104,0.567712,1.87756,532.607,15000,4608,3.42345
Suite_15,Deferred_Uber,0,637,1.21307,0.624983,0.067904,0.195488,0.567296,2.15812,463.367,15000,4736,3.43849
Suite_15,Deferred_Uber,0,638,1.2174,0.64363,0.06832,0.202752,0.56736,1.85572,538.875,15000,4736,3.52401
Suite_15,Deferred_Uber,0,639,1.21759,0.632195,0.072736,0.196608,0.57024,1.87826,532.407,15000,4736,3.27291
Suite_15,Deferred_Uber,0,640,1.21984,0.630022,0.069632,0.196736,0.561184,1.86682,535.671,15000,4992,3.28789
Suite_15,Deferred_Uber,0,641,1.2197,0.616944,0.070016,0.19664,0.569344,1.86792,535.354,15000,5120,3.3027
Suite_15,Deferred_Uber,0,642,1.21898,0.642817,0.068864,0.19824,0.569856,1.85414,539.334,15000,5120,3.31729
Suite_15,Deferred_Uber,0,643,1.21887,0.924597,0.068288,0.198144,0.565248,1.88016,531.87,15000,5120,3.33197
Suite_15,Deferred_Uber,0,644,1.21625,0.635376,0.069632,0.208864,0.58368,2.16055,462.845,15000,5120,3.34674
Suite_15,Deferred_Uber,0,645,1.22215,0.650825,0.07008,0.192512,0.561152,1.86985,534.802,15000,5504,3.12586
Suite_15,Deferred_Uber,0,646,1.21971,0.633678,0.071648,0.190816,0.56624,1.89285,528.304,15000,5504,3.13978
Suite_15,Deferred_Uber,0,647,1.22151,0.849968,0.071008,0.194304,0.565248,1.87078,534.536,15000,5632,3.15401
Suite_15,Deferred_Uber,0,648,1.22291,0.634491,0.071936,0.190816,0.561152,2.091,478.24,15000,5760,3.16853
Suite_15,Deferred_Uber,0,649,1.22001,0.649202,0.068512,0.191776,0.558848,1.87716,532.721,15000,5632,3.18234
Suite_15,Deferred_Uber,0,650,1.22052,0.95421,0.071584,0.19264,0.564032,1.88968,529.19,15000,5632,3.1966
Suite_15,Deferred_Uber,0,651,1.21599,0.623103,0.068544,0.19088,0.58368,2.19204,456.195,15000,5632,3.21095
Suite_15,Deferred_Uber,0,652,1.21542,0.637272,0.07168,0.192512,0.584096,1.85606,538.777,15000,5504,3.22522
Suite_15,Deferred_Uber,0,653,1.21916,0.632926,0.069632,0.192512,0.56592,1.87985,531.957,15000,5504,3.23973
Suite_15,Deferred_Uber,0,654,1.21842,0.898176,0.072096,0.192416,0.566688,1.87585,533.093,15000,5632,3.25457
Suite_15,Deferred_Uber,0,655,1.21824,0.623849,0.06992,0.190464,0.565248,2.13363,468.685,15000,5632,3.26924
Suite_15,Deferred_Uber,0,656,1.2188,0.661158,0.069632,0.190464,0.5632,1.863,536.768,15000,5760,3.28408
Suite_15,Deferred_Uber,0,657,1.22451,0.628058,0.071392,0.191008,0.566944,1.90077,526.102,15000,5888,3.29898
Suite_15,Deferred_Uber,0,658,1.22147,0.618668,0.07088,0.192512,0.569696,1.8754,533.22,15000,5888,3.31391
Suite_15,Deferred_Uber,0,659,1.22049,0.638238,0.069632,0.191968,0.557728,1.85723,538.436,15000,5888,3.32891
Suite_15,Deferred_Uber,0,660,1.22475,0.701764,0.072384,0.192448,0.567296,1.87733,532.672,15000,5888,3.34358
Suite_15,Deferred_Uber,0,661,1.22369,0.852123,0.070208,0.192512,0.573184,1.94837,513.248,15000,6016,3.35897
Suite_15,Deferred_Uber,0,662,1.21962,0.629176,0.072352,0.205312,0.57344,2.09482,477.368,15000,6016,3.37421
Suite_15,Deferred_Uber,0,663,1.22499,0.649518,0.071168,0.192704,0.566272,1.86633,535.811,15000,6016,3.38947
Suite_15,Deferred_Uber,0,664,1.22018,0.645504,0.068896,0.19456,0.559744,1.89291,528.288,15000,6016,3.40488
Suite_15,Deferred_Uber,0,665,1.21735,0.681816,0.067584,0.192512,0.564192,1.88459,530.619,15000,6016,3.42036
Suite_15,Deferred_Uber,0,666,1.21768,0.62575,0.067936,0.194528,0.566656,1.91727,521.575,15000,6144,3.43599
Suite_15,Deferred_Uber,0,667,1.22396,0.652901,0.072768,0.19456,0.577216,1.86,537.636,15000,6144,3.45162
Suite_15,Deferred_Uber,0,668,1.22593,1.02456,0.071264,0.193216,0.572704,1.89569,527.512,15000,6144,3.46733
Suite_15,Deferred_Uber,0,669,1.22048,0.62624,0.069664,0.193824,0.585728,2.27016,440.498,15000,6144,3.48312
Suite_15,Deferred_Uber,0,670,1.21688,0.637974,0.07344,0.19456,0.567296,1.86871,535.13,15000,6144,3.49899
Suite_15,Deferred_Uber,0,671,1.22619,0.652521,0.07168,0.186368,0.558464,1.87317,533.854,15000,6144,3.31242
Suite_15,Deferred_Uber,0,672,1.22559,0.818667,0.069632,0.186368,0.55664,1.89637,527.323,15000,6144,3.32779
Suite_15,Deferred_Uber,0,673,1.22025,0.630579,0.06992,0.188384,0.558912,2.1144,472.949,15000,6144,3.34323
Suite_15,Deferred_Uber,0,674,1.22116,0.648337,0.071808,0.18688,0.558784,1.86928,534.964,15000,6144,3.35873
Suite_15,Deferred_Uber,0,675,1.22229,1.13014,0.071584,0.1888,0.56496,1.88785,529.704,15000,6144,3.37431
Suite_15,Deferred_Uber,0,676,1.21832,0.638796,0.073312,0.186432,0.582304,2.37058,421.839,15000,6272,3.39012
Suite_15,Deferred_Uber,0,677,1.21914,0.643887,0.074208,0.188192,0.567168,1.87586,533.089,15000,6272,3.40584
Suite_15,Deferred_Uber,0,678,1.22449,0.630951,0.069344,0.188608,0.563936,1.88209,531.324,15000,6272,3.42162
Suite_15,Deferred_Uber,0,679,1.2255,0.754016,0.073888,0.187264,0.563104,1.87299,533.904,15000,6400,3.43782
Suite_15,Deferred_Uber,0,680,1.22331,0.639633,0.07168,0.188416,0.561056,2.14951,465.222,15000,6400,3.45373
Suite_15,Deferred_Uber,0,681,1.22377,0.657322,0.069632,0.188416,0.559616,1.88177,531.414,15000,6400,3.46971
Suite_15,Deferred_Uber,0,682,1.22374,1.08946,0.072128,0.189984,0.560832,1.90164,525.861,15000,6400,3.48536
Suite_15,Deferred_Uber,0,683,1.22091,0.631299,0.071712,0.187936,0.581408,2.33091,429.017,15000,6272,3.5012
Suite_15,Deferred_Uber,0,684,1.21993,0.634537,0.077824,0.186784,0.571616,1.8692,534.989,15000,6272,3.51736
Suite_15,Deferred_Uber,0,685,1.22373,0.643616,0.069632,0.188416,0.559008,1.88051,531.77,15000,6272,3.53358
Suite_15,Deferred_Uber,0,686,1.22369,0.785365,0.068512,0.187488,0.554208,1.89042,528.982,15000,6272,3.54986
Suite_15,Deferred_Uber,0,687,1.2196,0.638946,0.0688,0.18864,0.554368,2.12792,469.943,15000,6144,3.56583
Suite_15,Deferred_Uber,0,688,1.2215,0.653349,0.0712,0.18848,0.563552,1.87614,533.009,15000,6144,3.58223
Suite_15,Deferred_Uber,0,689,1.22163,1.11893,0.071008,0.189344,0.565056,1.8947,527.788,15000,6144,3.59868
Suite_15,Deferred_Uber,0,690,1.22065,0.633636,0.071488,0.188704,0.577792,2.35979,423.766,15000,6144,3.61519
Suite_15,Deferred_Uber,0,691,1.21754,0.638132,0.073728,0.188416,0.56144,1.87127,534.397,15000,6144,3.63176
Suite_15,Deferred_Uber,0,692,1.22044,0.636583,0.069632,0.188416,0.565248,1.87421,533.557,15000,6144,3.64838
Suite_15,Deferred_Uber,0,693,1.21703,0.752584,0.07168,0.182112,0.55856,1.88139,531.522,15000,6272,2.8435
Suite_15,Deferred_Uber,0,694,1.21873,0.62927,0.072608,0.182272,0.561344,2.14029,467.227,15000,6272,2.85772
Suite_15,Deferred_Uber,0,695,1.2223,0.638318,0.069632,0.18368,0.548256,1.86481,536.248,15000,6272,2.87204
Suite_15,Deferred_Uber,0,696,1.21754,1.13868,0.070816,0.185344,0.550912,1.87887,532.236,15000,6144,2.88636
Suite_15,Deferred_Uber,0,697,1.21599,0.63201,0.069632,0.183904,0.581344,2.3763,420.821,15000,6144,2.90088
Suite_15,Deferred_Uber,0,698,1.22063,0.664817,0.086688,0.190464,0.583968,1.86611,535.874,15000,6272,2.96534
Suite_15,Deferred_Uber,0,699,1.22628,0.647179,0.069792,0.192416,0.570976,1.90721,524.327,15000,6272,2.98018
Suite_15,Deferred_Uber,0,700,1.22402,0.750281,0.074528,0.190912,0.571392,1.89251,528.399,15000,6272,2.99513
Suite_15,Deferred_Uber,0,701,1.21548,0.617619,0.073408,0.192448,0.5632,2.14659,465.854,15000,6016,3.00965
Suite_15,Deferred_Uber,0,702,1.2189,0.637316,0.069632,0.190336,0.557504,1.85155,540.089,15000,6144,3.02494
Suite_15,Deferred_Uber,0,703,1.21865,1.12766,0.0704,0.190784,0.565248,1.87487,533.371,15000,5888,3.03948
Suite_15,Deferred_Uber,0,704,1.21736,0.619124,0.071072,0.190464,0.583968,2.3646,422.904,15000,5888,3.05484
Suite_15,Deferred_Uber,0,705,1.21381,0.638289,0.07168,0.190304,0.56336,1.85487,539.12,15000,5632,3.06969
Suite_15,Deferred_Uber,0,706,1.21669,0.624607,0.071328,0.189216,0.56192,1.87124,534.406,15000,5632,3.08525
Suite_15,Deferred_Uber,0,707,1.21941,0.763426,0.069632,0.188416,0.554976,1.85948,537.785,15000,5632,3.10091
Suite_15,Deferred_Uber,0,708,1.21487,0.615833,0.069216,0.18944,0.563008,2.15163,464.764,15000,5632,3.11667
Suite_15,Deferred_Uber,0,709,1.21486,0.647213,0.070656,0.189632,0.559328,1.84946,540.699,15000,5504,3.13214
Suite_15,Deferred_Uber,0,710,1.21498,0.617592,0.069536,0.188928,0.565344,1.8813,531.547,15000,5504,3.14811
Suite_15,Deferred_Uber,0,711,1.21712,0.616074,0.06896,0.189184,0.559104,1.84972,540.623,15000,5504,3.16418
Suite_15,Deferred_Uber,0,712,1.21402,0.61606,0.069824,0.188896,0.557056,1.84958,540.664,15000,5376,3.18008
Suite_15,Deferred_Uber,0,713,1.21479,0.638679,0.07136,0.188928,0.561152,1.84898,540.839,15000,5248,3.1962
Suite_15,Deferred_Uber,0,714,1.21869,0.902026,0.077632,0.189344,0.56864,1.87274,533.977,15000,5248,3.21258
Suite_15,Deferred_Uber,0,715,1.21219,0.624855,0.072224,0.210528,0.579168,2.14238,466.771,15000,5120,3.22857
Suite_15,Deferred_Uber,0,716,1.21796,0.650425,0.071968,0.196192,0.574656,1.85367,539.47,15000,5120,3.29922
Suite_15,Deferred_Uber,0,717,1.22081,0.650618,0.074496,0.197824,0.5808,1.89148,528.688,15000,5120,3.31605
Suite_15,Deferred_Uber,0,718,1.22006,0.794511,0.069632,0.196608,0.570016,1.89236,528.442,15000,4992,3.3324
Suite_15,Deferred_Uber,0,719,1.21354,0.644964,0.07168,0.195008,0.564384,2.03216,492.087,15000,4864,3.34911
Suite_15,Deferred_Uber,0,720,1.22256,0.662244,0.07376,0.196608,0.569504,1.87809,532.457,15000,4992,3.36655
Suite_15,Deferred_Uber,0,721,1.2214,0.670214,0.068576,0.196448,0.565248,1.90741,524.272,15000,4992,3.3838
Suite_15,Deferred_Uber,0,722,1.2301,0.670137,0.073728,0.201792,0.582432,1.9208,520.616,15000,4992,2.9256
Suite_15,Deferred_Uber,0,723,1.22873,0.670781,0.092128,0.189152,0.578976,1.92137,520.461,15000,4992,2.94112
Suite_15,Deferred_Uber,0,724,1.23274,0.669069,0.069792,0.189792,0.5632,1.9214,520.453,15000,4864,2.95645
Suite_15,Deferred_Uber,0,725,1.22136,0.643767,0.071104,0.188992,0.564192,1.92999,518.137,15000,4864,2.97218
Suite_15,Deferred_Uber,0,726,1.21589,0.666735,0.079872,0.188416,0.575136,1.88468,530.594,15000,4992,2.98816
Suite_15,Deferred_Uber,0,727,1.22181,0.661141,0.069696,0.19664,0.568768,1.9017,525.844,15000,4864,3.07136
Suite_15,Deferred_Uber,0,728,1.22489,1.35569,0.07024,0.19712,0.563392,1.90352,525.342,15000,4864,3.08762
Suite_15,Deferred_Uber,0,729,1.21703,0.654772,0.076416,0.197248,0.571392,2.60365,384.076,15000,4736,3.10391
Suite_15,Deferred_Uber,0,730,1.23442,0.676336,0.070048,0.208896,0.57344,1.89198,528.548,15000,4736,3.1204
Suite_15,Deferred_Uber,0,731,1.23676,0.675236,0.070208,0.204992,0.589248,1.93214,517.56,15000,4736,3.19555
Suite_15,Deferred_Uber,0,732,1.22823,0.67276,0.071488,0.205344,0.578496,1.93467,516.883,15000,4736,3.21241
Suite_15,Deferred_Uber,0,733,1.22052,0.633794,0.075328,0.206624,0.58288,2.12598,470.371,15000,4736,3.22939
Suite_15,Deferred_Uber,0,734,1.26133,0.681024,0.0736,0.213472,0.590144,1.87318,533.853,15000,4736,3.33012
Suite_15,Deferred_Uber,0,735,1.2248,1.10866,0.074176,0.213184,0.58384,1.9655,508.777,15000,4736,3.34758
Suite_15,Deferred_Uber,0,736,1.22141,0.618636,0.072096,0.212992,0.607712,2.35165,425.233,15000,4736,3.36517
Suite_15,Deferred_Uber,0,737,1.21287,0.653816,0.070304,0.212992,0.582304,1.85885,537.966,15000,4608,3.38231
Suite_15,Deferred_Uber,0,738,1.22152,0.61845,0.07504,0.211968,0.58688,1.88662,530.049,15000,4736,3.40021
Suite_15,Deferred_Uber,0,739,1.21649,0.822754,0.076416,0.213088,0.593312,1.85741,538.385,15000,4736,3.41815
Suite_15,Deferred_Uber,0,740,1.21606,0.611583,0.07568,0.212992,0.585728,2.20803,452.892,15000,4736,3.4362
Suite_15,Deferred_Uber,0,741,1.22128,0.638545,0.0744,0.214176,0.600064,1.84576,541.784,15000,4608,3.45402
Suite_15,Deferred_Uber,0,742,1.21918,1.1221,0.075392,0.213248,0.591776,1.88044,531.79,15000,4608,3.4723
Suite_15,Deferred_Uber,0,743,1.21213,0.617973,0.070528,0.21312,0.6096,2.36475,422.877,15000,4608,3.49071
Suite_15,Deferred_Uber,0,744,1.21449,0.633594,0.073728,0.221184,0.611072,1.8468,541.476,15000,4608,3.56581
Suite_15,Deferred_Uber,0,745,1.21746,0.620689,0.070208,0.22112,0.5992,1.86843,535.209,15000,4736,3.58469
Suite_15,Deferred_Uber,0,746,1.21595,0.844764,0.07168,0.221184,0.589184,1.85626,538.718,15000,4736,3.6036
Suite_15,Deferred_Uber,0,747,1.21761,0.625575,0.073088,0.221184,0.596192,2.2293,448.572,15000,4736,3.62262
Suite_15,Deferred_Uber,0,748,1.21727,0.649287,0.07168,0.221376,0.592288,1.85985,537.677,15000,4736,3.64177
Suite_15,Deferred_Uber,0,749,1.2192,1.06157,0.074784,0.222912,0.593952,1.88962,529.208,15000,4608,3.66095
Suite_15,Deferred_Uber,0,750,1.22078,0.634599,0.069632,0.229376,0.619424,2.35454,424.712,15000,4608,3.75122
Suite_15,Deferred_Uber,0,751,1.2198,0.634909,0.070624,0.229088,0.598048,1.87237,534.082,15000,4608,3.77092
Suite_15,Deferred_Uber,0,752,1.21791,0.636896,0.069632,0.229376,0.600928,1.8733,533.817,15000,4608,3.79075
Suite_15,Deferred_Uber,0,753,1.21704,0.822571,0.072832,0.229024,0.598016,1.87439,533.507,15000,4608,3.81069
Suite_15,Deferred_Uber,0,754,1.216,0.610443,0.076896,0.229376,0.602208,2.2094,452.613,15000,4736,3.83082
Suite_15,Deferred_Uber,0,755,1.21724,0.641364,0.072864,0.229376,0.608832,1.8431,542.564,15000,4736,3.851
Suite_15,Deferred_Uber,0,756,1.21766,1.23169,0.073792,0.229504,0.610688,1.87711,532.735,15000,4608,3.87099
Suite_15,Deferred_Uber,0,757,1.21707,0.626652,0.071936,0.241376,0.611904,2.47467,404.094,15000,4608,3.89141
Suite_15,Deferred_Uber,0,758,1.21825,0.632952,0.070144,0.229376,0.608,1.86171,537.14,15000,4480,3.91146
Suite_15,Deferred_Uber,0,759,1.21398,0.654376,0.073728,0.229408,0.605056,1.8694,534.93,15000,4480,3.93211
Suite_15,Deferred_Uber,0,760,1.2134,0.641835,0.076,0.229184,0.598016,1.88613,530.187,15000,4480,3.95233
Suite_15,Deferred_Uber,0,761,1.21255,0.634325,0.075776,0.229312,0.606816,2.12689,470.17,15000,4480,3.97322
Suite_15,Deferred_Uber,0,762,1.21419,0.638166,0.07168,0.229664,0.603456,1.86477,536.258,15000,4480,3.99422
Suite_15,Deferred_Uber,0,763,1.22008,1.05973,0.07168,0.229376,0.600096,1.87108,534.45,15000,4480,4.01534
Suite_15,Deferred_Uber,0,764,1.21237,0.622201,0.073408,0.229376,0.618272,2.29736,435.283,15000,4352,4.03618
Suite_15,Deferred_Uber,0,765,1.2125,0.653858,0.06992,0.229792,0.598016,1.85361,539.487,15000,4224,4.05679
Suite_15,Deferred_Uber,0,766,1.2169,0.623664,0.07168,0.230528,0.608864,1.88719,529.888,15000,4224,4.07825
Suite_15,Deferred_Uber,0,767,1.21449,0.885214,0.070176,0.230976,0.602112,1.85765,538.315,15000,4224,4.09983
Suite_15,Deferred_Uber,0,768,1.21107,0.620295,0.077248,0.2312,0.601824,2.21781,450.895,15000,4224,4.12152
Suite_15,Deferred_Uber,0,769,1.21723,0.651329,0.07056,0.229824,0.601536,1.85001,540.536,15000,4224,4.14333
Suite_15,Deferred_Uber,0,770,1.21464,1.05293,0.074432,0.23104,0.6056,1.88885,529.423,15000,4224,4.16525
Suite_15,Deferred_Uber,0,771,1.2114,0.615596,0.071328,0.230592,0.62464,2.3398,427.387,15000,4224,4.18701
Suite_15,Deferred_Uber,0,772,1.20934,0.650829,0.072544,0.229376,0.608256,1.84337,542.485,15000,4224,4.20915
Suite_15,Deferred_Uber,0,773,1.21834,0.628445,0.073728,0.230976,0.6048,1.88071,531.715,15000,4352,4.23161
Suite_15,Deferred_Uber,0,774,1.21406,0.839417,0.070592,0.229824,0.608256,1.86569,535.994,15000,4352,4.25398
Suite_15,Deferred_Uber,0,775,1.21738,0.62229,0.073632,0.231424,0.608,2.22179,450.087,15000,4480,4.27665
Suite_15,Deferred_Uber,0,776,1.21604,0.643053,0.075328,0.231584,0.61184,1.85615,538.75,15000,4480,4.29924
Suite_15,Deferred_Uber,0,777,1.2158,1.0674,0.07168,0.231424,0.60416,1.87953,532.047,15000,4480,4.32193
Suite_15,Deferred_Uber,0,778,1.21347,0.626778,0.072864,0.231424,0.607936,2.3529,425.008,15000,4480,4.34473
Suite_15,Deferred_Uber,0,779,1.2113,0.630856,0.0744,0.231712,0.61552,1.85696,538.514,15000,4480,4.36763
Suite_15,Deferred_Uber,0,780,1.21455,0.629095,0.072224,0.231424,0.610272,1.86021,537.575,15000,4352,4.38996
Suite_15,Deferred_Uber,0,781,1.2171,0.818034,0.077408,0.231552,0.6144,1.86266,536.867,15000,4352,4.41307
Suite_15,Deferred_Uber,0,782,1.21422,0.627535,0.073952,0.231424,0.610304,2.20866,452.763,15000,4352,4.43628
Suite_15,Deferred_Uber,0,783,1.21539,0.703016,0.07168,0.223232,0.606208,1.85824,538.142,15000,4352,4.23348
Suite_15,Deferred_Uber,0,784,1.23687,1.01527,0.07168,0.224832,0.596352,1.94333,514.58,15000,4352,4.25604
Suite_15,Deferred_Uber,0,785,1.22003,0.656049,0.073248,0.245632,0.61968,2.32696,429.745,15000,4352,4.27871
Suite_15,Deferred_Uber,0,786,1.21581,0.64241,0.077056,0.225184,0.600736,1.89535,527.608,15000,4224,4.30138
Suite_15,Deferred_Uber,0,787,1.21507,0.642916,0.07168,0.231104,0.608192,1.87606,533.032,15000,4224,4.38941
Suite_15,Deferred_Uber,0,788,1.21212,0.873859,0.075776,0.233472,0.616064,1.87498,533.34,15000,4224,4.41254
Suite_15,Deferred_Uber,0,789,1.20985,0.622461,0.072736,0.233472,0.606368,2.1612,462.705,15000,4224,4.43577
Suite_15,Deferred_Uber,0,790,1.21556,0.639808,0.071936,0.231776,0.60416,1.8499,540.57,15000,4352,4.4592
Suite_15,Deferred_Uber,0,791,1.21384,1.09066,0.071104,0.23408,0.610944,1.88019,531.86,15000,4224,4.48243
Suite_15,Deferred_Uber,0,792,1.21135,0.617191,0.073728,0.233312,0.61728,2.32179,430.702,15000,4224,4.50593
Suite_15,Deferred_Uber,0,793,1.20914,0.631244,0.071808,0.233664,0.600064,1.84648,541.57,15000,4224,4.52951
Suite_15,Deferred_Uber,0,794,1.21448,0.622417,0.072288,0.232832,0.6144,1.85962,537.745,15000,4224,4.55319
Suite_15,Deferred_Uber,0,795,1.21789,0.813322,0.073056,0.232288,0.607968,1.85329,539.581,15000,4224,4.57694
Suite_15,Deferred_Uber,0,796,1.21219,0.644425,0.073728,0.232832,0.609952,2.19998,454.55,15000,4096,4.60032
Suite_15,Deferred_Uber,0,797,1.21675,0.649029,0.071232,0.233376,0.606208,1.87531,533.245,15000,4096,4.62424
Suite_15,Deferred_Uber,0,798,1.21907,1.1313,0.07168,0.231808,0.60416,1.88554,530.351,15000,4096,4.64825
Suite_15,Deferred_Uber,0,799,1.2128,0.62178,0.074176,0.233568,0.618496,2.36811,422.278,15000,4096,4.67233
Suite_15,Deferred_Uber,0,800,1.22318,0.666294,0.074368,0.233184,0.6104,1.85486,539.124,15000,4096,4.69649
Suite_15,Deferred_Uber,0,801,1.21603,0.645518,0.07168,0.233152,0.608896,1.91304,522.73,15000,4096,4.72072
Suite_15,Deferred_Uber,0,802,1.2225,0.722176,0.07312,0.234784,0.608704,1.88589,530.253,15000,4224,4.74537
Suite_15,Deferred_Uber,0,803,1.21345,0.619715,0.073728,0.233088,0.6144,2.17563,459.637,15000,4224,4.76975
Suite_15,Deferred_Uber,0,804,1.21642,0.638727,0.072608,0.233568,0.612352,1.84971,540.625,15000,4224,4.79421
Suite_15,Deferred_Uber,0,805,1.22169,1.11093,0.075584,0.234752,0.6144,1.87598,533.054,15000,4224,4.81873
Suite_15,Deferred_Uber,0,806,1.21303,0.612328,0.0744,0.23376,0.620544,2.35098,425.354,15000,4224,4.84332
Suite_15,Deferred_Uber,0,807,1.21516,0.627822,0.071456,0.235168,0.606208,1.84177,542.957,15000,4352,4.86832
Suite_15,Deferred_Uber,0,808,1.21765,0.628321,0.075392,0.233984,0.61488,1.86159,537.174,15000,4480,4.89334
Suite_15,Deferred_Uber,0,809,1.21699,0.847994,0.071872,0.233472,0.610016,1.86517,536.145,15000,4480,4.91815
Suite_15,Deferred_Uber,0,810,1.21662,0.637179,0.073664,0.235424,0.610048,2.23476,447.475,15000,4480,4.94299
Suite_15,Deferred_Uber,0,811,1.22482,0.637695,0.07168,0.233824,0.61312,1.87072,534.554,15000,4608,4.96813
Suite_15,Deferred_Uber,0,812,1.21745,1.05166,0.071552,0.233888,0.612096,1.88189,531.381,15000,4608,4.99309
Suite_15,Deferred_Uber,0,813,1.21233,0.61908,0.071712,0.234656,0.608992,2.33971,427.403,15000,4736,5.01851
Suite_15,Deferred_Uber,0,814,1.21556,0.631762,0.071808,0.23552,0.618496,1.84922,540.769,15000,4736,5.04357
Suite_15,Deferred_Uber,0,815,1.2167,0.629109,0.071712,0.236032,0.620416,1.86541,536.076,15000,4736,5.06869
Suite_15,Deferred_Uber,0,816,1.21589,0.834621,0.073312,0.23424,0.612352,1.86289,536.802,15000,4736,5.09385
Suite_15,Deferred_Uber,0,817,1.21806,0.621517,0.07504,0.234976,0.605952,2.22123,450.201,15000,4736,5.11906
Suite_15,Deferred_Uber,0,818,1.22506,0.637737,0.07168,0.226528,0.599744,1.85761,538.326,15000,4736,4.35147
Suite_15,Deferred_Uber,0,819,1.21741,1.05416,0.073728,0.22752,0.608512,1.88096,531.643,15000,4992,4.37429
Suite_15,Deferred_Uber,0,820,1.22074,0.621653,0.07136,0.226208,0.60416,2.33962,427.419,15000,5248,4.39726
Suite_15,Deferred_Uber,0,821,1.21619,0.629053,0.073728,0.2272,0.608704,1.86644,535.778,15000,5504,4.42011
Suite_15,Deferred_Uber,0,822,1.21973,0.628665,0.075488,0.226016,0.608448,1.86525,536.121,15000,5504,4.44275
Suite_15,Deferred_Uber,0,823,1.21881,0.805591,0.07776,0.225696,0.602368,1.86616,535.859,15000,5504,4.46546
Suite_15,Deferred_Uber,0,824,1.21535,0.620497,0.08064,0.225376,0.607392,2.19383,455.823,15000,5504,4.48825
Suite_15,Deferred_Uber,0,825,1.21719,0.638751,0.073216,0.225792,0.60704,1.8548,539.143,15000,5504,4.51111
Suite_15,Deferred_Uber,0,826,1.21876,1.12688,0.072704,0.22528,0.60128,1.87615,533.007,15000,5632,4.53413
Suite_15,Deferred_Uber,0,827,1.2186,0.617317,0.077792,0.23536,0.624448,2.36291,423.207,15000,5632,4.63939
Suite_15,Deferred_Uber,0,828,1.21887,0.636672,0.076224,0.23472,0.615584,1.85667,538.599,15000,5760,4.66299
Suite_15,Deferred_Uber,0,829,1.22136,0.626677,0.074976,0.23504,0.61584,1.87746,532.635,15000,5760,4.68637
Suite_15,Deferred_Uber,0,830,1.22027,0.836169,0.073184,0.233472,0.605632,1.86631,535.817,15000,5760,4.7098
Suite_15,Deferred_Uber,0,831,1.21917,0.633808,0.07232,0.233504,0.606208,2.22525,449.387,15000,5760,4.73331
Suite_15,Deferred_Uber,0,832,1.22325,0.642354,0.073664,0.233248,0.613632,1.87048,534.622,15000,5632,4.75677
Suite_15,Deferred_Uber,0,833,1.2222,1.07304,0.073888,0.23552,0.606944,1.88693,529.96,15000,5888,4.781
Suite_15,Deferred_Uber,0,834,1.22274,0.630466,0.078688,0.235552,0.621568,2.31488,431.989,15000,5888,4.80469
Suite_15,Deferred_Uber,0,835,1.21965,0.632971,0.07632,0.235712,0.616448,1.87593,533.07,15000,5888,4.82843
Suite_15,Deferred_Uber,0,836,1.22077,0.634957,0.079552,0.235584,0.622336,1.87102,534.468,15000,6016,4.85232
Suite_15,Deferred_Uber,0,837,1.22388,0.870836,0.074944,0.23552,0.611104,1.87487,533.37,15000,6144,4.87629
Suite_15,Deferred_Uber,0,838,1.22033,0.626172,0.074784,0.23552,0.61712,2.21472,451.525,15000,6272,4.90037
Suite_15,Deferred_Uber,0,839,1.22425,0.6499,0.0728,0.235456,0.616032,1.86374,536.555,15000,6400,4.92436
Suite_15,Deferred_Uber,0,840,1.22748,1.05977,0.075968,0.23552,0.61712,1.8935,528.123,15000,6912,4.94911
Suite_15,Deferred_Uber,0,841,1.22189,0.618112,0.074432,0.23792,0.613408,2.30687,433.487,15000,7040,4.97321
Suite_15,Deferred_Uber,0,842,1.22307,0.623776,0.07552,0.237024,0.6152,1.85861,538.037,15000,7296,4.99776
Suite_15,Deferred_Uber,0,843,1.22639,0.631234,0.075776,0.237056,0.610912,1.86593,535.927,15000,7680,5.02324
Suite_15,Deferred_Uber,0,844,1.22974,0.823664,0.07376,0.237568,0.617088,1.87624,532.982,15000,7936,5.04811
Suite_15,Deferred_Uber,0,845,1.22796,0.650373,0.073024,0.238912,0.607168,2.17545,459.674,15000,8064,5.0728
Suite_15,Deferred_Uber,0,846,1.23004,0.637709,0.075136,0.236352,0.609216,1.89842,526.753,15000,8064,5.09708
Suite_15,Deferred_Uber,0,847,1.22966,1.08649,0.075776,0.239168,0.61648,1.88834,529.565,15000,8064,5.12138
Suite_15,Deferred_Uber,0,848,1.22942,0.629998,0.078176,0.260064,0.647168,2.33474,428.312,15000,8320,5.14601
Suite_15,Deferred_Uber,0,849,1.22454,0.636015,0.080032,0.241088,0.624672,1.8792,532.142,15000,8448,5.17042
Suite_15,Deferred_Uber,0,850,1.23198,0.64298,0.074656,0.243712,0.626912,1.88177,531.415,15000,8832,5.19586
Suite_15,Deferred_Uber,0,851,1.23633,0.75747,0.077824,0.237568,0.623936,1.89602,527.421,15000,9344,5.22088
Suite_15,Deferred_Uber,0,852,1.2353,0.635393,0.074272,0.237568,0.612352,2.16614,461.65,15000,9600,5.24589
Suite_15,Deferred_Uber,0,853,1.23628,0.653377,0.07616,0.238112,0.6144,1.89679,527.207,15000,9472,5.26936
Suite_15,Deferred_Uber,0,854,1.23705,1.00551,0.075456,0.239488,0.612864,1.912,523.014,15000,9728,5.29438
Suite_15,Deferred_Uber,0,855,1.23344,0.63997,0.07616,0.25792,0.63648,2.26137,442.21,15000,10112,5.31924
Suite_15,Deferred_Uber,0,856,1.23128,0.643598,0.080064,0.241888,0.617888,1.89193,528.56,15000,10112,5.34378
Suite_15,Deferred_Uber,0,857,1.23763,0.652225,0.079936,0.239744,0.626688,1.90087,526.075,15000,10112,5.36834
Suite_15,Deferred_Uber,0,858,1.23474,0.797811,0.0824,0.241312,0.634464,1.90979,523.619,15000,10240,5.39305
Suite_15,Deferred_Uber,0,859,1.23283,0.636969,0.080384,0.243904,0.62656,2.10219,475.694,15000,10368,5.41777
Suite_15,Deferred_Uber,0,860,1.23951,0.650824,0.077888,0.241664,0.630208,1.88855,529.508,15000,10624,5.44261
Suite_15,Deferred_Uber,0,861,1.24287,1.04785,0.08032,0.241664,0.630496,1.91863,521.206,15000,10752,5.4675
Suite_15,Deferred_Uber,0,862,1.23368,0.624803,0.07824,0.257888,0.642112,2.31153,432.614,15000,10752,5.49211
Suite_15,Deferred_Uber,0,863,1.23442,0.636701,0.08096,0.251904,0.637312,1.87705,532.752,15000,10752,5.61663
Suite_15,Deferred_Uber,0,864,1.24077,0.669456,0.076896,0.252832,0.632544,1.89137,528.718,15000,11136,5.64207
Suite_15,Deferred_Uber,0,865,1.24119,0.738247,0.083968,0.251904,0.63936,1.93737,516.165,15000,11520,5.66756
Suite_15,Deferred_Uber,0,866,1.23903,0.624312,0.079648,0.260576,0.642112,2.10178,475.787,15000,11648,5.79572
Suite_15,Deferred_Uber,0,867,1.24417,0.638734,0.08352,0.263072,0.647168,1.8831,531.04,15000,11904,5.82155
Suite_15,Deferred_Uber,0,868,1.25042,1.05042,0.08192,0.262144,0.653312,1.90772,524.186,15000,12160,5.84689
Suite_15,Deferred_Uber,0,869,1.24234,0.64061,0.08016,0.272352,0.659456,2.32258,430.556,15000,12544,5.87257
Suite_15,Deferred_Uber,0,870,1.24333,0.643164,0.08448,0.262176,0.650304,1.90393,525.23,15000,12672,5.89778
Suite_15,Deferred_Uber,0,871,1.25012,0.643455,0.082208,0.274752,0.658496,1.90788,524.143,15000,13056,5.98042
Suite_15,Deferred_Uber,0,872,1.25304,0.780033,0.08192,0.272384,0.653312,1.91413,522.431,15000,13440,6.00617
Suite_15,Deferred_Uber,0,873,1.24702,0.635603,0.079872,0.272384,0.648128,2.10598,474.838,15000,13568,6.03165
Suite_15,Deferred_Uber,0,874,1.25297,0.65286,0.083968,0.274432,0.664128,1.9036,525.32,15000,13696,6.05697
Suite_15,Deferred_Uber,0,875,1.25721,0.993533,0.09712,0.274592,0.671232,1.92795,518.685,15000,13952,6.08268
Suite_15,Deferred_Uber,0,876,1.25037,0.652273,0.08192,0.284672,0.678624,2.27189,440.162,15000,14464,6.10841
Suite_15,Deferred_Uber,0,877,1.25341,0.666456,0.083648,0.27296,0.656,1.92491,519.504,15000,14720,6.13391
Suite_15,Deferred_Uber,0,878,1.25879,0.657937,0.083616,0.275264,0.659104,1.943,514.668,15000,15488,6.16047
Suite_15,Deferred_Uber,0,879,1.261,0.750625,0.083552,0.272288,0.651392,1.93828,515.921,15000,16000,6.1864
Suite_15,Deferred_Uber,0,880,1.25655,0.634274,0.08048,0.275616,0.651296,2.03664,491.004,15000,16256,6.21197
Suite_15,Deferred_Uber,0,881,1.26738,0.657668,0.086016,0.27632,0.6656,1.91362,522.569,15000,17152,6.23858
Suite_15,Deferred_Uber,0,882,1.27419,1.01211,0.086016,0.275744,0.671456,1.95099,512.56,15000,17536,6.26413
Suite_15,Deferred_Uber,0,883,1.26499,0.663144,0.085568,0.28704,0.694144,2.30837,433.207,15000,17792,6.36557
Suite_15,Deferred_Uber,0,884,1.2702,0.64981,0.082272,0.284288,0.671744,1.94971,512.897,15000,18432,6.39227
Suite_15,Deferred_Uber,0,885,1.26934,0.660905,0.086016,0.285984,0.673216,1.9506,512.663,15000,18688,6.41769
Suite_15,Deferred_Uber,0,886,1.26906,0.733111,0.086016,0.284128,0.676544,1.95378,511.827,15000,19072,6.44311
Suite_15,Deferred_Uber,0,887,1.27124,0.668647,0.088064,0.281952,0.69184,2.0749,481.951,15000,19968,6.46942
Suite_15,Deferred_Uber,0,888,1.27667,0.634757,0.086176,0.28672,0.679936,1.96476,508.968,15000,20096,6.49466
Suite_15,Deferred_Uber,0,889,1.27682,1.12472,0.088832,0.28416,0.67776,1.94076,515.263,15000,20352,6.52016
Suite_15,Deferred_Uber,0,890,1.27327,0.643746,0.087264,0.277888,0.661824,2.42554,412.279,15000,20864,5.60105
Suite_15,Deferred_Uber,0,891,1.28102,0.653646,0.089888,0.280896,0.68112,1.93925,515.664,15000,20992,5.62429
Suite_15,Deferred_Uber,0,892,1.27944,0.645884,0.088128,0.27648,0.669152,1.95867,510.55,15000,21120,5.64754
Suite_15,Deferred_Uber,0,893,1.27688,0.646983,0.088192,0.277696,0.673728,1.95653,511.108,15000,21504,5.67136
Suite_15,Deferred_Uber,0,894,1.28182,0.650707,0.086848,0.294912,0.68624,1.9474,513.506,15000,22528,5.86284
Suite_15,Deferred_Uber,0,895,1.28462,0.645951,0.087968,0.287104,0.67584,1.95709,510.963,15000,23040,5.88791
Suite_15,Deferred_Uber,0,896,1.2879,0.829393,0.08864,0.286304,0.675232,1.95465,511.599,15000,23296,5.91179
Suite_15,Deferred_Uber,0,897,1.29124,0.650545,0.09216,0.284672,0.67792,2.29396,435.928,15000,23936,5.93659
Suite_15,Deferred_Uber,0,898,1.29324,0.658623,0.090752,0.28672,0.687424,1.96696,508.4,15000,24832,5.96167
Suite_15,Deferred_Uber,0,899,1.29721,1.27719,0.092832,0.286528,0.682016,1.97854,505.424,15000,25472,5.98708
Suite_15,Deferred_Uber,0,900,1.29657,0.657057,0.09024,0.28672,0.681984,2.59872,384.804,15000,26368,6.01179
Suite_15,Deferred_Uber,0,901,1.31584,0.724047,0.0944,0.28672,0.690176,1.98444,503.919,15000,27136,6.03634
Suite_15,Deferred_Uber,0,902,1.31261,1.34091,0.09408,0.291104,0.694912,2.15731,463.541,15000,27392,6.12796
Suite_15,Deferred_Uber,0,903,1.30254,0.63169,0.104448,0.292864,0.735232,2.67935,373.224,15000,28160,6.15289
Suite_15,Deferred_Uber,0,904,1.30776,0.659195,0.0928,0.295104,0.686176,1.9601,510.177,15000,28544,6.17669
Suite_15,Deferred_Uber,0,905,1.31971,1.27737,0.094528,0.295328,0.692224,1.99659,500.854,15000,29440,6.20165
Suite_15,Deferred_Uber,0,906,1.31509,0.648027,0.110592,0.296448,0.739328,2.95343,338.589,15000,30720,6.22699
Suite_15,Deferred_Uber,0,907,1.31578,0.657845,0.098304,0.29696,0.703328,1.98927,502.697,15000,31744,6.25335
Suite_15,Deferred_Uber,0,908,1.32766,1.24394,0.096256,0.299008,0.699552,2.00204,499.491,15000,32384,6.27869
Suite_15,Deferred_Uber,0,909,1.3283,0.651864,0.11584,0.301024,0.747776,2.98075,335.486,15000,33664,6.3046
Suite_15,Deferred_Uber,0,910,1.33278,0.658853,0.1024,0.313344,0.723008,2.0098,497.562,15000,35200,6.38916
Suite_15,Deferred_Uber,0,911,1.34282,1.24497,0.10448,0.308448,0.72016,2.02111,494.776,15000,35712,6.41369
Suite_15,Deferred_Uber,0,912,1.3477,0.664919,0.106464,0.308736,0.7168,2.9826,335.278,15000,37120,6.43974
Suite_15,Deferred_Uber,0,913,1.35469,0.701867,0.105728,0.318208,0.728928,2.0449,489.021,15000,38016,6.532
Suite_15,Deferred_Uber,0,914,1.35102,1.3414,0.107904,0.325696,0.735648,2.2436,445.713,15000,39296,6.69775
Suite_15,Deferred_Uber,0,915,1.34888,0.642434,0.104096,0.325728,0.724224,2.72258,367.299,15000,40448,6.72513
Suite_15,Deferred_Uber,0,916,1.35485,0.685114,0.106496,0.329728,0.745472,2.02031,494.974,15000,41472,6.75126
Suite_15,Deferred_Uber,0,917,1.36354,1.48071,0.111392,0.326752,0.744576,2.22479,449.481,15000,42240,6.77705
Suite_15,Deferred_Uber,0,918,1.36156,0.64778,0.110528,0.32608,0.741376,2.87552,347.763,15000,43264,6.80414
Suite_15,Deferred_Uber,0,919,1.3706,0.668006,0.114208,0.32768,0.748064,2.04077,490.01,15000,44416,6.83046
Suite_15,Deferred_Uber,0,920,1.37068,0.921725,0.115712,0.329728,0.748352,2.07089,482.885,15000,45312,6.85595
Suite_15,Deferred_Uber,0,921,1.36544,0.672808,0.11296,0.326176,0.740576,2.69215,371.45,15000,46080,6.88151
Suite_15,Deferred_Uber,0,922,1.38075,0.670947,0.114912,0.329472,0.741376,2.07127,482.796,15000,47232,6.90774
Suite_15,Deferred_Uber,0,923,1.38448,1.32242,0.11504,0.33792,0.76128,2.13571,468.228,15000,48640,6.97894
Suite_15,Deferred_Uber,0,924,1.37644,0.659646,0.116736,0.339072,0.757696,2.73999,364.964,15000,49408,7.00465
Suite_15,Deferred_Uber,0,925,1.3891,0.677089,0.11696,0.338848,0.759808,2.07127,482.796,15000,50176,7.03019
Suite_15,Deferred_Uber,0,926,1.40228,1.48368,0.120288,0.338016,0.76208,2.15267,464.54,15000,52352,7.05767
Suite_15,Deferred_Uber,0,927,1.41795,0.681209,0.122272,0.350912,0.780576,2.93033,341.259,15000,54016,7.1453
Suite_15,Deferred_Uber,0,928,1.41922,0.671256,0.12288,0.360448,0.796864,2.13562,468.247,15000,55424,7.21664
Suite_15,Deferred_Uber,0,929,1.4145,1.14616,0.123488,0.357888,0.792576,2.1365,468.055,15000,57728,7.2448
Suite_15,Deferred_Uber,0,930,1.44355,0.727324,0.125216,0.359232,0.78848,2.6081,383.421,15000,58880,7.27102
Suite_15,Deferred_Uber,0,931,1.44117,0.676975,0.124928,0.365696,0.795488,2.21316,451.843,15000,59904,7.29677
Suite_15,Deferred_Uber,0,932,1.43507,0.968224,0.128672,0.365152,0.798304,2.15552,463.925,15000,62976,7.32592
Suite_15,Deferred_Uber,0,933,1.43065,0.668531,0.130592,0.367328,0.799008,2.54432,393.032,15000,65280,7.35391
Suite_15,Deferred_Uber,0,934,1.44891,0.671632,0.132704,0.36928,0.808704,2.14128,467.01,15000,67200,7.38174
Suite_15,Deferred_Uber,0,935,1.45255,1.12174,0.141088,0.371296,0.8192,2.16005,462.953,15000,68480,7.41098
Suite_15,Deferred_Uber,0,936,1.44718,0.672805,0.12912,0.36864,0.802816,2.70665,369.461,15000,70912,7.44013
Suite_15,Deferred_Uber,0,937,1.46447,0.688431,0.133856,0.370688,0.810624,2.16377,462.157,15000,72448,7.46696
Suite_15,Deferred_Uber,0,938,1.47216,0.908133,0.137792,0.385056,0.833536,2.19676,455.217,15000,74496,7.57293
Suite_15,Deferred_Uber,0,939,1.46531,0.681996,0.134336,0.380384,0.816992,2.57538,388.292,15000,76800,7.60265
Suite_15,Deferred_Uber,0,940,1.48995,0.691917,0.138816,0.384896,0.833536,2.19029,456.56,15000,79488,7.63282
Suite_15,Deferred_Uber,0,941,1.49384,0.99106,0.141664,0.382656,0.832672,2.22842,448.748,15000,81280,7.65964
Suite_15,Deferred_Uber,0,942,1.48578,0.679552,0.137216,0.390816,0.83008,2.58562,386.754,15000,82816,7.76992
Suite_15,Deferred_Uber,0,943,1.50321,0.679885,0.143936,0.395264,0.841184,2.21119,452.245,15000,84480,7.79684
Suite_15,Deferred_Uber,0,944,1.52351,0.908951,0.144704,0.393216,0.83712,2.229,448.632,15000,86912,7.82575
Suite_15,Deferred_Uber,0,945,1.51677,0.706987,0.146496,0.400672,0.861792,2.53557,394.389,15000,88704,7.85377
Suite_15,Deferred_Uber,0,946,1.53007,0.691406,0.149216,0.394784,0.847872,2.27371,439.809,15000,91264,7.88181
Suite_15,Deferred_Uber,0,947,1.531,0.92097,0.14992,0.39728,0.851968,2.27403,439.748,15000,93696,7.91056
Suite_15,Deferred_Uber,0,948,1.53093,0.683267,0.149632,0.39968,0.867936,2.50095,399.849,15000,96512,7.94099
Suite_15,Deferred_Uber,0,949,1.55303,0.701099,0.157248,0.406048,0.869632,2.26633,441.241,15000,98816,8.12563
Suite_15,Deferred_Uber,0,950,1.55734,0.891432,0.159744,0.413408,0.882912,2.3047,433.895,15000,102144,8.22922
Suite_15,Deferred_Uber,0,951,1.55741,0.701271,0.153248,0.430304,0.889088,2.50184,399.706,15000,103680,8.2985
Suite_15,Deferred_Uber,0,952,1.57997,0.704741,0.157344,0.42192,0.8808,2.31463,432.035,15000,105728,8.32612
Suite_15,Deferred_Uber,0,953,1.58198,0.864546,0.154144,0.440416,0.892384,2.33941,427.458,15000,108672,8.47873
Suite_15,Deferred_Uber,0,954,1.583,0.70826,0.157344,0.44704,0.911808,2.50244,399.61,15000,111744,8.50889
Suite_15,Deferred_Uber,0,955,1.60472,0.708318,0.167456,0.459392,0.931424,2.34626,426.21,15000,114432,8.58632
Suite_15,Deferred_Uber,0,956,1.6132,0.87423,0.16384,0.452736,0.950528,2.3717,421.639,15000,117120,8.6202
Suite_15,Deferred_Uber,0,957,1.60764,0.712629,0.166656,0.454112,0.933504,2.55181,391.878,15000,120320,8.65098
Suite_15,Deferred_Uber,0,958,1.63531,1.70114,0.18224,0.46576,0.948256,2.37952,420.254,15000,123392,8.76242
Suite_15,Deferred_Uber,0,959,1.64144,0.713257,0.171264,0.463776,0.963584,3.39597,294.467,15000,127104,8.79318
Suite_15,Deferred_Uber,0,960,1.64839,0.720655,0.175488,0.47232,0.953856,2.41448,414.168,15000,129664,8.82189
Suite_15,Deferred_Uber,0,961,1.66567,0.737493,0.176128,0.466624,0.944288,2.43286,411.039,15000,132480,8.8525
Suite_15,Deferred_Uber,0,962,1.66531,0.730701,0.174496,0.471808,0.948064,2.80996,355.877,15000,137216,8.88622
Suite_15,Deferred_Uber,0,963,1.70598,0.746797,0.177376,0.474272,0.956704,2.46126,406.295,15000,142336,8.9222
Suite_15,Deferred_Uber,0,964,1.71411,0.71827,0.180768,0.468832,0.966656,2.5205,396.747,15000,146816,8.95346
Suite_15,Deferred_Uber,0,965,1.703,0.741591,0.185888,0.472864,0.959104,2.50223,399.643,15000,149376,8.983
Suite_15,Deferred_Uber,0,966,1.73196,1.34211,0.185568,0.465664,0.960832,2.51995,396.833,15000,151424,9.01229
Suite_15,Deferred_Uber,0,967,1.73342,0.733692,0.187296,0.468992,0.974848,3.19832,312.664,15000,154880,9.04392
Suite_15,Deferred_Uber,0,968,1.74958,0.75565,0.19568,0.477184,0.979456,2.5361,394.306,15000,158848,9.23067
Suite_15,Deferred_Uber,0,969,1.76938,0.738862,0.197216,0.484384,0.980992,2.57972,387.638,15000,162560,9.31816
Suite_15,Deferred_Uber,0,970,1.76494,0.733171,0.21344,0.495008,1.01581,2.58143,387.382,15000,167296,9.38512
Suite_15,Deferred_Uber,0,971,1.79095,0.739115,0.201088,0.497664,1.00557,2.58205,387.289,15000,170752,9.41741
Suite_15,Deferred_Uber,0,972,1.79409,0.73996,0.223232,0.50496,1.03104,2.60767,383.485,15000,172800,9.44681
Suite_15,Deferred_Uber,0,973,1.80434,0.767167,0.202912,0.520128,1.02195,2.61144,382.93,15000,177280,9.59573
Suite_15,Deferred_Uber,0,974,1.82213,0.756832,0.208896,0.5216,1.04038,2.65307,376.921,15000,181632,9.62868
Suite_15,Deferred_Uber,0,975,1.83028,0.750859,0.208896,0.530432,1.04096,2.90966,343.683,15000,187264,9.66479
Suite_15,Deferred_Uber,0,976,1.84989,0.755321,0.2176,0.52608,1.05267,2.66304,375.51,15000,190592,9.69666
Suite_15,Deferred_Uber,0,977,1.85794,0.744075,0.212992,0.54048,1.05293,2.69427,371.157,15000,195456,9.73189
Suite_15,Deferred_Uber,0,978,1.88318,0.774874,0.221024,0.555328,1.08774,2.68507,372.429,15000,199808,9.85035
Suite_15,Deferred_Uber,0,979,1.9015,1.05076,0.22256,0.55312,1.08134,2.74691,364.046,15000,204032,9.88404
Suite_15,Deferred_Uber,0,980,1.90481,0.757118,0.224512,0.561152,1.0841,3.04033,328.911,15000,209152,9.91774
Suite_15,Deferred_Uber,0,981,1.92388,0.776268,0.23408,0.565088,1.11002,2.75351,363.172,15000,213888,10.0082
Suite_15,Deferred_Uber,0,982,1.93702,0.766879,0.228288,0.567616,1.13686,2.79715,357.507,15000,219264,10.0418
Suite_15,Deferred_Uber,0,983,1.97482,0.837315,1.75526,0.5712,2.63098,2.80045,357.085,15000,224256,10.1311
Suite_15,Deferred_Uber,0,984,1.9845,0.940338,0.243328,0.596544,1.13946,2.9114,343.477,15000,227456,10.264
Suite_15,Deferred_Uber,0,985,1.96971,0.765213,0.256768,0.608992,1.1735,3.02238,330.865,15000,232064,10.467
Suite_15,Deferred_Uber,0,986,2.00265,0.786181,0.246208,0.630688,1.18736,2.83466,352.776,15000,237696,10.6383
Suite_15,Deferred_Uber,0,987,2.01205,0.77285,0.24576,0.659456,1.21366,2.89025,345.991,15000,241536,10.8891
Suite_15,Deferred_Uber,0,988,2.03777,0.802984,0.247808,0.644384,1.19779,2.89096,345.905,15000,247808,10.9279
Suite_15,Deferred_Uber,0,989,2.05127,0.793894,0.249344,0.6768,1.83117,2.95666,338.219,15000,252672,11.1982
Suite_15,Deferred_Uber,0,990,2.05909,0.894935,0.253952,0.68112,1.36426,2.95434,338.485,15000,257920,11.2959
Suite_15,Deferred_Uber,0,991,2.09029,0.93848,0.258112,0.677888,1.24298,3.06223,326.559,15000,264064,11.333
Suite_15,Deferred_Uber,0,992,2.09676,0.973239,1.30509,0.697792,2.31338,3.13673,318.803,15000,268544,11.5545
Suite_15,Deferred_Uber,0,993,2.12716,1.35406,0.264384,0.714752,1.28387,3.18409,314.061,15000,272768,11.7712
Suite_15,Deferred_Uber,0,994,2.1307,0.966822,0.266528,0.743264,1.44384,3.59395,278.245,15000,278400,11.9092
Suite_15,Deferred_Uber,0,995,2.16827,0.994931,0.273824,0.74624,1.44522,3.21642,310.904,15000,283776,12.0293
Suite_15,Deferred_Uber,0,996,2.18295,0.96846,0.271968,0.784192,1.91789,3.28101,304.784,15000,289664,12.3204
Suite_15,Deferred_Uber,0,997,2.20071,0.986242,0.280544,0.798688,1.49955,3.28293,304.606,15000,296448,12.5177
Suite_15,Deferred_Uber,0,998,2.21741,0.984782,0.281312,0.804864,1.94765,3.31125,302,15000,302336,12.5604
Suite_15,Deferred_Uber,0,999,2.23633,0.99256,0.288032,0.79552,1.50016,3.33053,300.252,15000,306688,12.5995
Suite_15,Deferred_Uber,0,1000,2.25508,0.989213,0.981184,0.829664,2.72179,3.35995,297.624,15000,314112,12.8431
Suite_15,Deferred_Uber,0,1001,2.27193,1.01323,0.299008,0.837632,1.55718,3.37161,296.595,15000,320512,12.925
Suite_15,Deferred_Uber,0,1002,2.30136,1.00533,0.303584,0.844672,2.00704,3.42141,292.278,15000,326528,12.9671
Suite_15,Deferred_Uber,0,1003,2.31094,1.04723,0.305152,0.866304,1.59885,3.43851,290.823,15000,331904,13.228
Suite_15,Deferred_Uber,0,1004,2.33279,1.00939,0.307072,0.878208,2.1033,3.49806,285.873,15000,338176,13.369
Suite_15,Deferred_Uber,0,1005,2.3531,1.05841,0.309728,0.901184,1.62611,3.47926,287.417,15000,345472,13.6209
Suite_15,Deferred_Uber,0,1006,2.37193,1.02802,0.31744,0.916352,2.09728,3.55125,281.591,15000,352512,14.0289
Suite_15,Deferred_Uber,0,1007,2.39233,1.07659,0.331776,0.933888,1.68138,3.54178,282.344,15000,358144,14.1028
Suite_15,Deferred_Uber,0,1008,2.41401,1.03975,0.323584,0.931968,2.1137,3.61604,276.546,15000,365184,14.1488
Suite_15,Deferred_Uber,0,1009,2.44015,1.06888,0.331776,0.950304,1.6984,3.60593,277.321,15000,371840,14.1978
Suite_15,Deferred_Uber,0,1010,2.45102,1.07463,0.348864,0.956448,2.16474,3.66304,272.998,15000,377216,14.4643
Suite_15,Deferred_Uber,0,1011,2.4772,1.0678,0.333952,0.987456,1.76128,3.68467,271.395,15000,384384,14.5466
Suite_15,Deferred_Uber,0,1012,2.4913,1.08895,0.339808,0.999584,3.14966,3.6981,270.409,15000,390016,14.6232
Suite_15,Deferred_Uber,0,1013,2.52583,1.14003,0.3584,1.01606,2.38976,3.74603,266.95,15000,395904,14.9141
Suite_15,Deferred_Uber,0,1014,2.54232,1.13263,0.354304,1.02931,1.80218,3.87789,257.872,15000,402944,15.0006
Suite_15,Deferred_Uber,0,1015,2.56204,1.10217,0.354304,1.04147,2.25594,3.84088,260.357,15000,410112,15.051
Suite_15,Deferred_Uber,0,1016,2.58646,1.12606,0.364544,1.10576,1.89485,3.82343,261.545,15000,416896,15.4391
Suite_15,Deferred_Uber,0,1017,2.6027,1.118,0.365504,1.12026,2.34214,3.88441,257.439,15000,423424,15.5195
Suite_15,Deferred_Uber,0,1018,2.62233,1.13027,0.37456,1.13482,1.92902,3.88858,257.163,15000,430464,15.6146
Suite_15,Deferred_Uber,0,1019,2.64066,1.14193,0.417312,1.14586,2.42262,3.92172,254.99,15000,436736,15.6674
Suite_15,Deferred_Uber,0,1020,2.66296,1.13648,0.384608,1.14918,2.48662,3.95507,252.84,15000,444416,15.7188
Suite_15,Deferred_Uber,0,1021,2.67582,1.16023,0.388672,1.16003,1.85011,3.98093,251.198,15000,451200,15.8421
Suite_15,Deferred_Uber,0,1022,2.70454,1.13521,0.393184,1.14688,2.41677,4.02275,248.586,15000,458368,15.8966
Suite_15,Deferred_Uber,0,1023,2.71229,1.14448,0.39936,1.1776,1.99517,4.01845,248.852,15000,465280,16.0009
Suite_15,Deferred_Uber,0,1024,2.73184,1.1486,1.20422,1.18067,3.29523,4.04708,247.092,15000,473344,16.4805
Suite_15,Deferred_Uber,0,1025,2.76653,1.19248,0.41008,1.17898,2.02736,4.0693,245.742,15000,480768,16.6013
Suite_15,Deferred_Uber,0,1026,2.79116,1.20026,0.411488,1.21651,3.42835,4.1437,241.33,15000,487040,16.8421
Suite_15,Deferred_Uber,0,1027,2.81083,1.18332,0.417888,1.2225,2.51699,4.18941,238.697,15000,494592,16.9005
Suite_15,Deferred_Uber,0,1028,2.84298,1.24127,0.421888,1.2239,2.06643,4.18468,238.967,15000,502144,16.9562
Suite_15,Deferred_Uber,0,1029,2.8646,1.32216,1.19866,1.25562,3.31981,4.28492,233.377,15000,510208,17.0973
Suite_15,Deferred_Uber,0,1030,2.903,1.26496,0.434176,1.26774,2.65008,4.40342,227.096,15000,516480,17.3476
Suite_15,Deferred_Uber,0,1031,2.91773,1.29171,0.435456,1.26566,1.99782,4.3826,228.175,15000,525312,17.4136
Suite_15,Deferred_Uber,0,1032,2.93291,1.21327,0.44032,1.26544,2.63846,4.41293,226.607,15000,533632,17.4704
Suite_15,Deferred_Uber,0,1033,2.94427,1.24955,0.4608,1.27741,2.69491,4.35478,229.633,15000,540928,17.5653
Suite_15,Deferred_Uber,0,1034,2.97337,1.26076,0.4552,1.30253,2.06234,4.40775,226.873,15000,548736,17.9691
Suite_15,Deferred_Uber,0,1035,2.99584,1.23996,0.456704,1.32797,2.65626,4.44373,225.036,15000,555520,18.0283
Suite_15,Deferred_Uber,0,1036,3.00446,2.00992,0.4624,1.31155,2.07053,4.44479,224.982,15000,562048,18.0874
Suite_15,Deferred_Uber,0,1037,3.0608,1.31892,1.9809,1.31277,3.71712,5.24016,190.834,15000,569216,18.146
Suite_15,Deferred_Uber,0,1038,3.0753,1.38897,0.479232,1.31814,2.7079,4.59833,217.47,15000,578944,18.2688
Suite_15,Deferred_Uber,0,1039,3.10358,1.30726,0.483456,1.37011,2.80966,4.68568,213.416,15000,586752,18.6126
Suite_15,Deferred_Uber,0,1040,3.12186,1.31919,0.48544,1.3975,2.1831,4.63877,215.574,15000,593664,18.9603
Suite_15,Deferred_Uber,0,1041,3.13849,1.28724,1.70566,1.40576,5.49619,4.6688,214.188,15000,601344,19.0243
Suite_15,Deferred_Uber,0,1042,3.169,1.7397,0.491904,1.42362,2.24067,4.65405,214.867,15000,608256,19.4447
Suite_15,Deferred_Uber,0,1043,3.18902,1.30563,0.505344,1.44096,2.36339,5.14847,194.232,15000,617856,19.6624
Suite_15,Deferred_Uber,0,1044,3.21201,1.34946,0.52224,1.48717,2.86573,4.73046,211.396,15000,626048,19.8456
Suite_15,Deferred_Uber,0,1045,3.24203,1.3451,0.51776,1.50557,2.95526,4.79832,208.406,15000,633344,20.0523
Suite_15,Deferred_Uber,0,1046,3.26415,1.3467,0.511968,1.51568,2.33472,4.82263,207.356,15000,640640,20.1572
Suite_15,Deferred_Uber,0,1047,3.27805,1.34906,0.523008,1.53581,2.53542,4.86054,205.739,15000,647296,20.2766
Suite_15,Deferred_Uber,0,1048,3.29952,1.35339,0.545824,1.56467,2.9737,4.87846,204.983,15000,654080,20.6105
Suite_15,Deferred_Uber,0,1049,3.32023,1.49447,0.54112,1.58067,3.06586,4.91252,203.561,15000,661888,20.6844
Suite_15,Deferred_Uber,0,1050,3.3563,1.39412,0.537056,1.61766,2.45891,5.07225,197.151,15000,671872,20.8792
Suite_15,Deferred_Uber,0,1051,3.37697,1.36012,0.541088,1.65274,2.67469,5.01321,199.473,15000,679424,20.9797
Suite_15,Deferred_Uber,0,1052,3.40227,1.39871,0.548064,1.65069,3.07453,5.00124,199.951,15000,686208,21.5207
Suite_15,Deferred_Uber,0,1053,3.41737,1.40271,0.559104,1.69734,2.70269,5.06643,197.378,15000,693120,21.8956
Suite_15,Deferred_Uber,0,1054,3.43708,1.42682,0.562624,1.70874,2.68381,5.07744,196.95,15000,700800,22.0478
Suite_15,Deferred_Uber,0,1055,3.46851,1.40366,0.563808,1.7072,3.19078,5.1358,194.712,15000,708992,22.1252
Suite_15,Deferred_Uber,0,1056,3.49707,1.452,0.571488,1.71274,3.21517,5.13648,194.686,15000,715392,22.2393
Suite_15,Deferred_Uber,0,1057,3.5252,1.46413,0.579328,1.7063,2.5791,5.23061,191.182,15000,723584,22.3167
Suite_15,Deferred_Uber,0,1058,3.54376,1.45332,0.579584,1.73875,2.62797,5.26443,189.954,15000,731904,22.4508
Suite_15,Deferred_Uber,0,1059,3.56928,1.47046,1.37226,1.7321,3.96493,5.27851,189.448,15000,741632,22.5277
Suite_15,Deferred_Uber,0,1060,3.59298,1.57108,0.589824,1.74822,3.20694,5.32779,187.695,15000,750080,22.6385
Suite_15,Deferred_Uber,0,1061,3.61986,1.48758,0.602624,1.75728,3.29466,5.45492,183.321,15000,758656,22.8164
Suite_15,Deferred_Uber,0,1062,3.65761,1.51202,1.10592,1.79744,3.20582,5.40087,185.155,15000,766080,22.8943
Suite_15,Deferred_Uber,0,1063,3.66644,1.4867,0.608064,1.77645,2.8672,5.46498,182.983,15000,773376,23.02
Suite_15,Deferred_Uber,0,1064,3.69377,1.49221,0.633856,1.78698,3.29117,5.44972,183.495,15000,781952,23.1039
Suite_15,Deferred_Uber,0,1065,3.71798,1.5069,0.62512,1.8144,3.89504,5.49212,182.079,15000,791552,23.2806
Suite_15,Deferred_Uber,0,1066,3.74205,1.50305,0.628736,1.81248,2.73629,5.52408,181.025,15000,798208,23.8357
Suite_15,Deferred_Uber,0,1067,3.76295,1.49538,0.63536,1.81043,2.8672,5.53717,180.598,15000,806016,23.9218
Suite_15,Deferred_Uber,0,1068,3.78548,1.52876,1.76694,1.81754,4.02042,5.55159,180.129,15000,814080,24.0796
Suite_15,Deferred_Uber,0,1069,3.8112,1.64321,0.643424,1.81478,3.37869,5.6238,177.816,15000,822400,24.2445
Suite_15,Deferred_Uber,0,1070,3.84632,1.56171,0.6432,1.89309,4.02435,5.76291,173.523,15000,831744,24.6167
Suite_15,Deferred_Uber,0,1071,3.87702,1.59903,1.41603,1.91664,3.63341,5.71484,174.983,15000,841472,24.7688
Suite_15,Deferred_Uber,0,1072,3.88871,1.54516,0.657408,1.91856,2.9903,5.78375,172.898,15000,848128,24.8568
Suite_15,Deferred_Uber,0,1073,3.91061,1.58699,0.668736,1.96285,3.05069,5.75279,173.829,15000,855936,24.9883
Suite_15,Deferred_Uber,0,1074,3.93344,2.35886,3.33027,1.96941,5.72211,5.82946,171.542,15000,862208,25.0767
Suite_15,Deferred_Uber,0,1075,3.96685,1.62305,0.696704,1.98,3.54262,6.61679,151.131,15000,870272,25.1653
Suite_15,Deferred_Uber,0,1076,3.99129,1.60251,0.679936,2.02045,3.6401,5.92521,168.77,15000,879232,25.3678
Suite_15,Deferred_Uber,0,1077,4.01904,1.74903,0.694272,2.05043,4.26064,5.93174,168.585,15000,889088,25.5813
Suite_15,Deferred_Uber,0,1078,4.04631,1.64123,0.692032,2.06051,3.62179,6.09314,164.119,15000,897280,25.6736
Suite_15,Deferred_Uber,0,1079,4.06268,1.62905,0.702464,2.06035,3.70074,6.02027,166.106,15000,905088,25.7616
Suite_15,Deferred_Uber,0,1080,4.0878,1.62597,1.40698,2.07667,3.7847,6.02376,166.009,15000,912384,25.8901
Suite_15,Deferred_Uber,0,1081,4.1076,1.65897,0.708608,2.06154,3.07606,6.04744,165.359,15000,920320,25.9845
Suite_15,Deferred_Uber,0,1082,4.13327,1.63648,0.71952,2.09926,4.6337,6.11557,163.517,15000,927872,26.0779
Suite_15,Deferred_Uber,0,1083,4.15677,1.6565,1.46739,2.11763,4.4544,6.11034,163.657,15000,935552,26.1737
Suite_15,Deferred_Uber,0,1084,4.17198,1.64047,0.749568,2.07462,5.20454,6.17305,161.995,15000,942208,26.2665
Suite_15,Deferred_Uber,0,1085,4.19527,1.78429,0.74768,2.11469,3.72768,6.17319,161.991,15000,948608,26.3644
Suite_15,Deferred_Uber,0,1086,4.24756,1.74886,0.852832,2.0992,3.8217,6.33948,157.742,15000,957312,26.4933
Suite_15,Deferred_Uber,0,1087,4.24933,1.69468,0.735488,2.12378,4.31466,6.36117,157.204,15000,964736,26.6421
Suite_15,Deferred_Uber,0,1088,4.26862,1.69493,0.758112,2.12173,3.18464,6.30949,158.491,15000,972544,26.9624
Suite_15,Deferred_Uber,0,1089,4.28324,1.7302,0.756928,2.16269,3.8656,6.31684,158.307,15000,979328,27.0639
Suite_15,Deferred_Uber,0,1090,4.31095,1.69634,0.749568,2.17293,3.23174,6.37006,156.984,15000,985984,27.164
Suite_15,Deferred_Uber,0,1091,4.31914,1.78464,0.758944,2.17757,3.23814,6.38208,156.689,15000,992896,27.2642
Suite_15,Deferred_Uber,0,1092,4.34703,1.72145,2.28944,2.19379,4.90358,6.46987,154.563,15000,1000064,27.3696
Suite_15,Deferred_Uber,0,1093,4.36512,1.84661,0.769376,2.2241,3.41398,6.44947,155.051,15000,1007872,27.841
Suite_15,Deferred_Uber,0,1094,4.38863,1.74307,0.774144,2.19552,4.77635,6.5844,151.874,15000,1014144,27.9412
Suite_15,Deferred_Uber,0,1095,4.40944,1.77683,1.55702,2.21648,4.19466,6.50897,153.634,15000,1021696,28.1077
Suite_15,Deferred_Uber,0,1096,4.43044,1.76655,0.786432,2.19507,3.46458,6.56862,152.239,15000,1028480,28.2171
Suite_15,Deferred_Uber,0,1097,4.45606,1.77198,0.810304,2.22954,3.90326,6.58165,151.938,15000,1035136,28.3565
Suite_15,Deferred_Uber,0,1098,4.45652,1.75765,1.7568,2.19898,4.87814,6.63297,150.762,15000,1040768,28.4561
Suite_15,Deferred_Uber,0,1099,4.48227,1.76933,0.806912,2.24051,4.48102,6.59102,151.721,15000,1046912,28.5676
Suite_15,Deferred_Uber,0,1100,4.50458,1.84997,2.49776,2.31219,6.24691,6.64209,150.555,15000,1054464,28.813
Suite_15,Deferred_Uber,0,1101,4.53708,1.85535,0.95936,2.27184,4.66742,6.76115,147.904,15000,1059968,28.919
Suite_15,Deferred_Uber,0,1102,4.54652,1.8777,0.826816,2.31869,4.58186,6.79852,147.091,15000,1065344,29.1004
Suite_15,Deferred_Uber,0,1103,4.56469,7.39633,6.43594,2.39402,9.69546,6.81674,146.698,15000,1070720,29.3194
Suite_15,Deferred_Uber,0,1104,4.56736,1.83328,0.817152,2.3511,6.18253,12.3529,80.9529,15000,1074688,29.4558
Suite_15,Deferred_Uber,0,1105,4.59427,1.86939,0.946112,2.36954,4.2456,6.80657,146.917,15000,1081728,29.6509
Suite_15,Deferred_Uber,0,1106,4.61565,1.88146,0.825408,2.48013,4.22301,6.8615,145.741,15000,1087616,29.869
Suite_15,Deferred_Uber,0,1107,4.63478,1.87636,0.961984,2.47488,4.37366,6.90283,144.868,15000,1093632,29.983
Suite_15,Deferred_Uber,0,1108,4.64961,1.87663,0.833536,2.49046,4.25088,6.9212,144.484,15000,1099264,30.1751
Suite_15,Deferred_Uber,0,1109,4.66865,1.91257,0.966656,2.48176,4.3856,6.92328,144.44,15000,1104896,30.2971
Suite_15,Deferred_Uber,0,1110,4.6759,1.87256,0.842208,2.48618,4.25731,6.99203,143.02,15000,1109504,30.4546
Suite_15,Deferred_Uber,0,1111,4.69662,1.90063,0.978944,2.52314,4.42358,6.96264,143.624,15000,1115008,30.7134
Suite_15,Deferred_Uber,0,1112,4.70912,1.89882,0.852,2.53578,4.26352,7.00711,142.712,15000,1120000,30.8374
Suite_15,Deferred_Uber,0,1113,4.72252,1.91498,0.982496,2.51542,4.37293,7.02355,142.378,15000,1125632,30.9597
Suite_15,Deferred_Uber,0,1114,4.74502,1.9043,0.862528,2.60934,4.3392,7.04782,141.888,15000,1130880,31.2979
Suite_15,Deferred_Uber,0,1115,4.7531,1.93491,0.986272,2.57024,4.98074,7.07199,141.403,15000,1135616,31.4799
Suite_15,Deferred_Uber,0,1116,4.76682,1.91148,0.862592,2.58432,4.8865,7.10094,140.827,15000,1140224,31.604
Suite_15,Deferred_Uber,0,1117,4.77798,1.93208,1.0025,2.54771,4.98957,7.10824,140.682,15000,1145088,31.7307
Suite_15,Deferred_Uber,0,1118,4.79045,1.93106,0.864256,2.588,4.89088,7.14013,140.053,15000,1149056,31.8638
Suite_15,Deferred_Uber,0,1119,4.80795,1.96722,1.03037,2.58307,4.47968,7.14103,140.036,15000,1155072,32.0177
Suite_15,Deferred_Uber,0,1120,4.83064,1.96176,0.894976,2.59702,4.36077,7.20739,138.747,15000,1158528,32.1513
Suite_15,Deferred_Uber,0,1121,4.8363,1.93553,1.03398,2.61939,5.08518,7.22864,138.339,15000,1164288,32.2886
Suite_15,Deferred_Uber,0,1122,4.85382,1.9526,0.903488,2.61325,4.95206,7.19171,139.049,15000,1168896,32.4265
Suite_15,Deferred_Uber,0,1123,4.86835,1.97219,1.58224,2.68739,5.20074,7.23035,138.306,15000,1174784,32.6137
Suite_15,Deferred_Uber,0,1124,4.88602,1.96714,0.91392,2.6665,5.95149,7.27363,137.483,15000,1179776,32.7573
Suite_15,Deferred_Uber,0,1125,4.89544,1.97221,1.56262,2.62288,5.05101,7.28046,137.354,15000,1184512,32.8908
Suite_15,Deferred_Uber,0,1126,4.9004,1.92678,0.900928,2.66115,4.04275,7.29416,137.096,15000,1188480,33.0958
Suite_15,Deferred_Uber,0,1127,4.91443,2.77488,3.37546,2.69923,7.03283,7.26143,137.714,15000,1193600,33.2478
Suite_15,Deferred_Uber,0,1128,4.93846,1.99828,0.91088,2.73894,3.95437,8.12976,123.005,15000,1198208,33.5145
Suite_15,Deferred_Uber,0,1129,4.97689,2.02264,1.11616,2.72589,4.16358,7.36995,135.686,15000,1201920,33.6988
Suite_15,Deferred_Uber,0,1130,4.95969,1.97752,0.9144,2.72397,3.944,7.45854,134.074,15000,1206400,33.8499
Suite_15,Deferred_Uber,0,1131,4.97591,2.01632,1.1313,2.74858,4.81709,7.39198,135.282,15000,1210752,34.3924
Suite_15,Deferred_Uber,0,1132,4.9844,1.99214,0.92192,2.73584,5.09283,7.42861,134.615,15000,1215232,34.5482
Suite_15,Deferred_Uber,0,1133,4.98906,2.01454,1.11616,2.7095,5.26064,7.42327,134.711,15000,1218688,33.9087
Suite_15,Deferred_Uber,0,1134,5.00826,2.02542,0.940032,2.72179,5.10624,7.467,133.923,15000,1222144,34.0637
Suite_15,Deferred_Uber,0,1135,5.02749,2.01347,1.2031,2.74957,5.3969,7.50002,133.333,15000,1228032,34.2701
Suite_15,Deferred_Uber,0,1136,5.03482,1.99754,0.960096,2.68384,5.14458,7.48038,133.683,15000,1231360,34.4296
Suite_15,Deferred_Uber,0,1137,5.04535,2.08968,1.65286,2.70784,5.22787,7.5012,133.312,15000,1233280,34.5884
Suite_15,Deferred_Uber,0,1138,5.04996,2.02063,0.949248,2.76272,4.18883,7.59295,131.701,15000,1236096,34.7551
Suite_15,Deferred_Uber,0,1139,5.05706,2.02272,1.80634,2.73824,6.36774,7.53784,132.664,15000,1239936,34.9212
Suite_15,Deferred_Uber,0,1140,5.06745,2.03012,0.9464,2.74058,3.9936,7.53845,132.653,15000,1244160,35.1438
Suite_15,Deferred_Uber,0,1141,5.08055,2.05104,1.22717,2.7241,4.25779,7.57381,132.034,15000,1246976,35.3124
Suite_15,Deferred_Uber,0,1142,5.08754,2.02389,0.953344,2.73434,3.99354,7.60498,131.493,15000,1249664,35.4841
Suite_15,Deferred_Uber,0,1143,5.0937,2.05734,1.29539,2.72694,4.89245,7.57389,132.032,15000,1250816,35.7909
Suite_15,Deferred_Uber,0,1144,5.10198,2.02793,0.956416,2.72794,4.55475,7.61369,131.342,15000,1251712,35.9576
Suite_15,Deferred_Uber,0,1145,5.10891,2.04665,1.28006,2.70541,5.42448,7.58038,131.919,15000,1253888,36.132
Suite_15,Deferred_Uber,0,1146,5.10901,2.01993,0.977408,2.75805,5.21942,7.61954,131.241,15000,1254656,36.3633
Suite_15,Deferred_Uber,0,1147,5.12834,2.08541,1.77562,2.7561,5.45869,7.60516,131.49,15000,1256064,36.5389
Suite_15,Deferred_Uber,0,1148,5.12604,2.05879,0.985088,2.72326,4.68646,7.67464,130.299,15000,1258112,36.7255
Suite_15,Deferred_Uber,0,1149,5.12481,2.84789,3.00851,2.71542,6.20544,7.66243,130.507,15000,1260672,36.9093
Suite_15,Deferred_Uber,0,1150,5.13272,2.02355,0.973088,2.7113,4.1144,8.43078,118.613,15000,1261696,37.0951
Suite_15,Deferred_Uber,0,1151,5.14309,2.06553,0.982752,2.70733,4.11693,7.62468,131.153,15000,1264000,37.3246
Suite_15,Deferred_Uber,0,1152,5.14635,2.06038,0.977824,2.71296,5.12147,7.69038,130.033,15000,1264512,37.4872
Suite_15,Deferred_Uber,0,1153,5.14956,2.05481,1.34925,2.69786,4.91315,7.6596,130.555,15000,1265152,37.6767
Suite_15,Deferred_Uber,0,1154,5.16191,2.05439,0.973088,2.70602,5.18317,7.6725,130.336,15000,1267072,37.8737
Suite_15,Deferred_Uber,0,1155,5.1603,2.08197,1.24394,2.69862,5.38157,7.67351,130.319,15000,1267968,38.0724
Suite_15,Deferred_Uber,0,1156,5.16206,2.05099,0.995712,2.7184,4.76979,7.71213,129.666,15000,1269376,38.2634
Suite_15,Deferred_Uber,0,1157,5.16893,2.09735,1.70675,2.69885,4.83114,7.70442,129.796,15000,1270400,38.4611
Suite_15,Deferred_Uber,0,1158,5.16183,2.08787,0.980256,2.69645,4.15526,7.7483,129.061,15000,1270784,38.6663
Suite_15,Deferred_Uber,0,1159,5.16813,2.04923,2.49728,2.67389,6.1096,7.73553,129.274,15000,1272064,38.8619
Suite_15,Deferred_Uber,0,1160,5.18225,2.0606,0.984032,2.74842,4.03792,7.67675,130.263,15000,1272320,39.1205
Suite_15,Deferred_Uber,0,1161,5.17376,2.03857,1.4063,2.71824,5.05808,7.73046,129.358,15000,1273088,39.3336
Suite_15,Deferred_Uber,0,1162,5.17921,2.05586,0.981856,2.71482,4.55914,7.67294,130.328,15000,1273088,39.5467
Suite_15,Deferred_Uber,0,1163,5.18117,2.08194,1.39882,2.70259,5.54189,7.6981,129.902,15000,1272448,39.9043
Suite_15,Deferred_Uber,0,1164,5.18836,2.06654,1.0001,2.73002,5.22621,7.72477,129.454,15000,1272832,40.1213
Suite_15,Deferred_Uber,0,1165,5.17999,2.07379,1.71827,2.70486,5.29274,7.73857,129.223,15000,1273600,40.3201
Suite_15,Deferred_Uber,0,1166,5.18448,2.09664,0.986656,2.7143,4.18086,7.73199,129.333,15000,1273088,40.5456
Suite_15,Deferred_Uber,0,1167,5.19111,2.11396,3.24816,2.744,6.92979,7.75463,128.955,15000,1273856,40.7792
Suite_15,Deferred_Uber,0,1168,5.20226,2.1832,0.987136,2.74637,4.06221,7.77152,128.675,15000,1272960,40.9974
Suite_15,Deferred_Uber,0,1169,5.17626,2.05793,1.3391,2.75501,4.39171,7.86485,127.148,15000,1270528,41.2206
Suite_15,Deferred_Uber,0,1170,5.17904,2.85589,0.9768,2.74438,4.58838,7.70768,129.741,15000,1269760,41.6614
Suite_15,Deferred_Uber,0,1171,5.18351,2.08608,1.42336,2.76381,5.05805,8.5102,117.506,15000,1268736,41.8942
Suite_15,Deferred_Uber,0,1172,5.17898,2.0769,1.0072,2.8201,5.33299,7.7364,129.259,15000,1268736,42.195
Suite_15,Deferred_Uber,0,1173,5.19849,2.12755,1.68342,2.7447,5.29408,7.73607,129.265,15000,1269248,42.4351
Suite_15,Deferred_Uber,0,1174,5.17709,2.07981,0.978944,2.71974,4.1761,7.78487,128.454,15000,1266560,42.6763
Suite_15,Deferred_Uber,0,1175,5.1774,2.07668,2.57024,2.75661,6.26947,7.71317,129.648,15000,1267200,42.926
Suite_15,Deferred_Uber,0,1176,5.17514,2.09138,0.985088,2.82624,4.10685,7.72992,129.368,15000,1267328,43.2299
Suite_15,Deferred_Uber,0,1177,5.18001,2.07088,1.35578,2.77914,5.06438,7.73189,129.335,15000,1267456,43.5454
Suite_15,Deferred_Uber,0,1178,5.18389,2.09139,0.972992,2.78355,5.18963,7.71431,129.629,15000,1266432,43.7908
Suite_15,Deferred_Uber,0,1179,5.18195,2.08255,1.33939,2.80378,5.57053,7.7278,129.403,15000,1265408,44.0529
Suite_15,Deferred_Uber,0,1180,5.18576,2.08274,0.999424,2.83414,5.31946,7.72576,129.437,15000,1264256,44.3271
Suite_15,Deferred_Uber,0,1181,5.18232,2.08957,1.72586,2.75549,5.40672,7.72355,129.474,15000,1261696,44.6039
Suite_15,Deferred_Uber,0,1182,5.17616,2.06754,0.99728,2.78118,4.7575,7.7272,129.413,15000,1261056,44.8921
Suite_15,Deferred_Uber,0,1183,5.16822,2.0659,3.01056,2.80518,6.3135,7.71606,129.6,15000,1259136,45.1426
Suite_15,Deferred_Uber,0,1184,5.16174,2.06771,0.98304,2.78938,4.2143,7.70826,129.731,15000,1258496,45.416
Suite_15,Deferred_Uber,0,1185,5.16301,2.0698,2.5088,2.77843,6.224,7.71703,129.583,15000,1256320,45.6725
Suite_15,Deferred_Uber,0,1186,5.17169,2.06685,0.985024,2.73162,4.58342,7.70325,129.815,15000,1255040,45.9594
Suite_15,Deferred_Uber,0,1187,5.15492,2.07093,1.42147,2.74106,5.5896,7.71296,129.652,15000,1252736,46.2005
Suite_15,Deferred_Uber,0,1188,5.16473,2.03856,0.973408,2.73616,4.56909,7.69249,129.997,15000,1251968,46.4901
Suite_15,Deferred_Uber,0,1189,5.15342,2.06438,1.37661,2.73597,4.98285,7.67235,130.338,15000,1249152,46.9447
Suite_15,Deferred_Uber,0,1190,5.14545,2.0352,0.990656,2.75866,5.24752,7.6879,130.075,15000,1246464,47.2443
Suite_15,Deferred_Uber,0,1191,5.14851,2.05558,1.66906,2.75674,5.2879,7.65415,130.648,15000,1244800,47.7105
Suite_15,Deferred_Uber,0,1192,5.13645,2.83853,0.952608,2.76374,4.19581,7.66964,130.384,15000,1242240,47.9025
Suite_15,Deferred_Uber,0,1193,5.13703,2.06898,2.46307,2.74499,6.14976,8.43685,118.528,15000,1239552,48.2179
Suite_15,Deferred_Uber,0,1194,5.13121,2.0404,0.95312,2.73613,4.01821,7.67201,130.344,15000,1238528,48.484
Suite_15,Deferred_Uber,0,1195,5.12237,2.04387,1.32096,2.7136,4.97024,7.6315,131.036,15000,1235840,48.5757
Suite_15,Deferred_Uber,0,1196,5.12864,2.05943,0.956416,2.72186,4.53872,7.62469,131.153,15000,1234688,48.6908
Suite_15,Deferred_Uber,0,1197,5.12078,2.08449,1.33091,2.72787,5.48045,7.63209,131.026,15000,1233280,48.9977
Suite_15,Deferred_Uber,0,1198,5.11817,2.02865,0.985088,2.72419,5.18384,7.66762,130.418,15000,1230720,49.2383
Suite_15,Deferred_Uber,0,1199,5.12196,2.06161,1.27386,2.75251,5.46131,7.58633,131.816,15000,1227264,49.578
Suite_15,Deferred_Uber,0,1200,5.10457,2.05262,0.961664,2.70746,4.65293,7.63741,130.934,15000,1223680,49.9031
Suite_15,Deferred_Uber,0,1201,5.08698,2.0425,2.9983,2.6719,6.13786,7.6083,131.435,15000,1220224,50.2586
Suite_15,Deferred_Uber,0,1202,5.08887,2.05032,0.953824,2.71565,4.0927,7.57533,132.007,15000,1218816,50.6156
Suite_15,Deferred_Uber,0,1203,5.08131,2.05309,2.52406,2.7272,6.19498,7.6049,131.494,15000,1215616,50.98
Suite_15,Deferred_Uber,0,1204,5.07006,2.02695,0.953664,2.71539,3.9592,7.57204,132.065,15000,1212288,51.3308
Suite_15,Deferred_Uber,0,1205,5.06244,1.99974,1.26486,2.69136,4.8384,7.54514,132.536,15000,1208704,51.7003
Suite_15,Deferred_Uber,0,1206,5.06226,2.03759,0.954368,2.69309,4.52384,7.49556,133.412,15000,1205888,52.084
Suite_15,Deferred_Uber,0,1207,5.06502,2.16562,1.24058,2.6705,4.77254,7.5414,132.601,15000,1203072,52.456
Suite_15,Deferred_Uber,0,1208,5.05535,2.01493,0.949728,2.65376,5.0305,7.67599,130.276,15000,1201408,52.8109
Suite_15,Deferred_Uber,0,1209,5.04776,2.02857,1.31686,2.64621,4.82749,7.51473,133.072,15000,1198720,53.1974
Suite_15,Deferred_Uber,0,1210,5.04136,1.99081,0.956416,2.7095,5.16029,7.52381,132.911,15000,1196416,53.5715
Suite_15,Deferred_Uber,0,1211,5.03601,2.02595,1.67472,2.71651,5.25997,7.4752,133.776,15000,1193856,53.9845
Suite_15,Deferred_Uber,0,1212,5.03353,2.01661,0.931936,2.68538,4.09162,7.51357,133.093,15000,1190784,54.395
Suite_15,Deferred_Uber,0,1213,5.02099,2.0138,1.78768,2.70365,6.30467,7.50683,133.212,15000,1187200,54.8022
Suite_15,Deferred_Uber,0,1214,5.00701,1.99892,0.919776,2.71174,3.93011,7.47914,133.705,15000,1182720,52.359
Suite_15,Deferred_Uber,0,1215,5.00327,2.8282,1.49901,2.69693,4.5193,7.44017,134.405,15000,1180800,52.8051
Suite_15,Deferred_Uber,0,1216,4.99679,1.97027,0.917504,2.6495,3.87482,8.25905,121.079,15000,1177728,52.5875
Suite_15,Deferred_Uber,0,1217,4.99125,2.0178,1.21763,2.66854,4.74931,7.41956,134.779,15000,1174400,53.0111
Suite_15,Deferred_Uber,0,1218,4.98792,1.99031,0.901664,2.72019,5.04669,7.44209,134.371,15000,1171712,53.4487
Suite_15,Deferred_Uber,0,1219,4.98436,1.99314,1.10275,2.69107,4.65955,7.40449,135.053,15000,1168512,53.9014
Suite_15,Deferred_Uber,0,1220,4.97435,1.97814,0.890816,2.70592,5.02554,7.40102,135.116,15000,1166208,53.8235
Suite_15,Deferred_Uber,0,1221,4.96721,1.9807,1.09802,2.6849,4.65446,7.3746,135.601,15000,1161856,53.916
Suite_15,Deferred_Uber,0,1222,4.96009,1.95786,0.90112,2.68083,5.01197,7.38094,135.484,15000,1159040,54.3252
Suite_15,Deferred_Uber,0,1223,4.95326,1.97825,1.11248,2.66678,5.21398,7.34495,136.148,15000,1156352,54.7679
Suite_15,Deferred_Uber,0,1224,4.94522,1.949,0.900352,2.69402,4.52006,7.35627,135.939,15000,1153152,55.2389
Suite_15,Deferred_Uber,0,1225,4.93414,1.98409,1.58515,2.69462,5.15072,7.33172,136.394,15000,1149312,55.5458
Suite_15,Deferred_Uber,0,1226,4.93227,1.96373,0.866368,2.72998,4.06733,7.34259,136.192,15000,1145600,56.0847
Suite_15,Deferred_Uber,0,1227,4.91501,1.97378,1.74829,2.67949,6.2505,7.31989,136.614,15000,1140992,54.0829
Suite_15,Deferred_Uber,0,1228,4.8988,1.94434,0.8528,2.70464,3.86192,7.31851,136.64,15000,1136384,54.5623
Suite_15,Deferred_Uber,0,1229,4.89066,1.98381,0.864256,2.71565,4.06189,7.26915,137.568,15000,1132416,54.5012
Suite_15,Deferred_Uber,0,1230,4.88779,1.93216,0.855424,2.67654,3.94474,7.28829,137.206,15000,1128576,53.6301
Suite_15,Deferred_Uber,0,1231,4.86913,1.93863,2.47254,2.72506,6.1481,7.24964,137.938,15000,1124224,54.1388
Suite_15,Deferred_Uber,0,1232,4.86649,1.92866,0.842752,2.68083,3.82774,7.22202,138.465,15000,1119872,54.621
Suite_15,Deferred_Uber,0,1233,4.85782,1.93476,1.00122,2.68323,4.00918,7.20297,138.832,15000,1116672,55.1472
Suite_15,Deferred_Uber,0,1234,4.8491,1.91125,0.843968,2.70746,3.84726,7.20643,138.765,15000,1112576,55.6474
Suite_15,Deferred_Uber,0,1235,4.83926,1.91101,0.974624,2.69763,3.9839,7.16049,139.655,15000,1108992,56.1663
Suite_15,Deferred_Uber,0,1236,4.83141,1.93202,0.843776,2.67344,4.37965,7.17484,139.376,15000,1105792,56.7034
Suite_15,Deferred_Uber,0,1237,4.82528,1.91315,0.97216,2.6632,4.56806,7.19076,139.067,15000,1102976,57.2489
Suite_15,Deferred_Uber,0,1238,4.82044,8.84752,0.84736,2.69248,4.40525,7.16511,139.565,15000,1099264,57.7908
Suite_15,Deferred_Uber,0,1239,4.82006,1.89765,1.71098,2.68656,5.39837,14.0686,71.08,15000,1095424,58.3385
Suite_15,Deferred_Uber,0,1240,4.80251,1.87559,0.838848,2.60784,4.87293,7.12141,140.422,15000,1091456,58.0821
Suite_15,Deferred_Uber,0,1241,4.79394,1.86807,0.969408,2.60266,5.00294,7.08651,141.113,15000,1087104,58.6392
Suite_15,Deferred_Uber,0,1242,4.78214,1.84749,0.831488,2.57923,4.27622,7.05562,141.731,15000,1083136,59.2312
Suite_15,Deferred_Uber,0,1243,4.76895,1.85801,0.958464,2.64941,4.47693,7.02817,142.284,15000,1078656,59.7905
Suite_15,Deferred_Uber,0,1244,4.77228,1.8645,0.82848,2.63056,4.33008,7.03604,142.126,15000,1075072,60.3567
Suite_15,Deferred_Uber,0,1245,4.75436,1.84209,0.836032,2.59622,4.86384,7.04058,142.034,15000,1070848,60.4934
Suite_15,Deferred_Uber,0,1246,4.74841,1.85063,0.831488,2.53987,4.2327,6.98712,143.121,15000,1066240,61.0668
Suite_15,Deferred_Uber,0,1247,4.72375,1.83016,0.95232,2.58458,4.96794,7.00082,142.84,15000,1060736,61.6382
Suite_15,Deferred_Uber,0,1248,4.74745,1.85036,0.819552,2.57658,4.82915,6.94375,144.014,15000,1056384,62.1967
Suite_15,Deferred_Uber,0,1249,4.71571,1.84211,0.83152,2.62474,4.8903,6.99052,143.051,15000,1052800,62.7911
Suite_15,Deferred_Uber,0,1250,4.70797,1.82031,0.817184,2.57917,4.2655,6.94859,143.914,15000,1048960,63.357
Suite_15,Deferred_Uber,0,1251,4.68211,1.80397,0.827552,2.58746,4.85171,6.91205,144.675,15000,1043456,63.3651
Suite_15,Deferred_Uber,0,1252,4.67244,1.77665,0.817536,2.59277,4.27987,6.883,145.285,15000,1039104,63.9677
Suite_15,Deferred_Uber,0,1253,4.66349,1.79527,0.831168,2.54816,4.82016,6.84045,146.189,15000,1034496,64.1585
Suite_15,Deferred_Uber,0,1254,4.64622,1.77794,0.8184,2.53222,4.21424,6.85187,145.946,15000,1029888,64.7614
Suite_15,Deferred_Uber,0,1255,4.63929,1.75688,0.82416,2.52928,4.81306,6.80229,147.009,15000,1025152,65.3437
Suite_15,Deferred_Uber,0,1256,4.63251,1.78782,0.81088,2.53693,4.22502,6.76657,147.785,15000,1020800,65.948
Suite_15,Deferred_Uber,0,1257,4.61572,1.73056,0.810912,2.52509,4.27536,6.80683,146.911,15000,1017088,65.7951
Suite_15,Deferred_Uber,0,1258,4.6041,1.75639,1.5831,2.54061,5.02234,6.72739,148.646,15000,1011840,66.4285
Suite_15,Deferred_Uber,0,1259,4.58465,1.72785,0.806912,2.53747,3.64941,6.7385,148.401,15000,1005696,67.0671
Suite_15,Deferred_Uber,0,1260,4.58441,1.75097,0.815392,2.5424,4.30899,6.69837,149.29,15000,1001344,67.7572
Suite_15,Deferred_Uber,0,1261,4.57756,1.74473,1.57491,2.55328,4.43558,6.69996,149.255,15000,996992,68.4096
Suite_15,Deferred_Uber,0,1262,4.54893,1.71961,0.799232,2.53126,3.63453,6.70031,149.247,15000,989312,69.0358
Suite_15,Deferred_Uber,0,1263,4.54186,1.68938,0.801504,2.51699,3.73965,6.64274,150.54,15000,983296,69.4717
Suite_15,Deferred_Uber,0,1264,4.51856,4.31798,3.84861,2.50166,7.21872,6.60534,151.393,15000,977792,70.1383
Suite_15,Deferred_Uber,0,1265,4.53448,1.73118,0.797216,2.57226,4.80989,9.21266,108.546,15000,972160,70.8094
Suite_15,Deferred_Uber,0,1266,4.50635,1.71154,0.791328,2.52122,4.17997,6.66313,150.08,15000,967808,70.9381
Suite_15,Deferred_Uber,0,1267,4.49545,1.75595,0.792544,2.54141,4.25165,6.56932,152.223,15000,962304,71.493
Suite_15,Deferred_Uber,0,1268,4.4909,1.70603,0.782464,2.57312,3.66154,6.60299,151.446,15000,957952,72.026
Suite_15,Deferred_Uber,0,1269,4.47313,1.67739,0.780992,2.52291,3.73965,6.54781,152.723,15000,953984,71.6417
Suite_15,Deferred_Uber,0,1270,4.45492,1.68084,2.30605,2.47194,5.19808,6.4982,153.889,15000,948352,71.5058
Suite_15,Deferred_Uber,0,1271,4.44277,1.66964,0.77616,2.51104,3.7097,6.49573,153.947,15000,941952,72.0512
Suite_15,Deferred_Uber,0,1272,4.43259,1.70644,0.773792,2.4599,5.04358,6.46458,154.689,15000,936576,72.5918
Suite_15,Deferred_Uber,0,1273,4.42125,1.68028,2.02566,2.43142,4.87866,6.49315,154.009,15000,931584,72.8416
Suite_15,Deferred_Uber,0,1274,4.4089,1.66538,0.792448,2.45581,5.63741,6.4495,155.051,15000,927360,73.361
Suite_15,Deferred_Uber,0,1275,4.40073,1.65043,0.789824,2.40435,4.06486,6.41683,155.84,15000,922624,73.7636
Suite_15,Deferred_Uber,0,1276,4.38244,1.64511,0.802816,2.5161,4.81469,6.39744,156.312,15000,916992,74.2433
Suite_15,Deferred_Uber,0,1277,4.37546,1.63765,0.775232,2.41619,4.0537,6.37783,156.793,15000,910336,74.7125
Suite_15,Deferred_Uber,0,1278,4.36274,1.61261,0.772,2.39437,4.60922,6.34954,157.492,15000,906624,75.1713
Suite_15,Deferred_Uber,0,1279,4.35525,1.63828,1.51523,2.44675,4.84326,6.32418,158.123,15000,902784,74.8886
Suite_15,Deferred_Uber,0,1280,4.33565,1.61689,0.77808,2.39261,4.10733,6.32216,158.174,15000,896128,75.2926
Suite_15,Deferred_Uber,0,1281,4.33198,1.61926,0.773184,2.39104,3.46554,6.30022,158.725,15000,890112,75.6569
Suite_15,Deferred_Uber,0,1282,4.30449,1.61255,0.778752,2.37715,3.63315,6.28789,159.036,15000,883840,75.8954
Suite_15,Deferred_Uber,0,1283,4.30138,1.62084,0.776192,2.38707,3.57786,6.25032,159.992,15000,878336,76.2367
Suite_15,Deferred_Uber,0,1284,4.2823,1.60023,0.768288,2.34291,4.92646,6.24767,160.06,15000,872704,74.3286
Suite_15,Deferred_Uber,0,1285,4.27451,1.60035,1.48877,2.33914,4.69053,6.20878,161.062,15000,867200,74.6945
Suite_15,Deferred_Uber,0,1286,4.26,1.57942,0.788832,2.33859,3.99565,6.19958,161.301,15000,861696,75.0807
Suite_15,Deferred_Uber,0,1287,4.23715,1.56189,0.780288,2.32554,4.54493,6.16022,162.332,15000,856704,74.8439
Suite_15,Deferred_Uber,0,1288,4.23098,1.57395,1.4377,2.32141,4.63014,6.12129,163.364,15000,851456,75.1345
Suite_15,Deferred_Uber,0,1289,4.21346,1.5885,0.754176,2.29526,3.97888,6.12892,163.161,15000,846336,74.334
Suite_15,Deferred_Uber,0,1290,4.20822,1.57726,0.747648,2.2856,3.33619,6.12467,163.274,15000,840448,73.4643
Suite_15,Deferred_Uber,0,1291,4.18537,1.56619,0.755712,2.28048,3.50797,6.09285,164.127,15000,834688,73.7918
Suite_15,Deferred_Uber,0,1292,4.17923,1.54813,0.744192,2.27283,4.8224,6.05745,165.086,15000,829312,74.1403
Suite_15,Deferred_Uber,0,1293,4.16501,1.55173,0.74672,2.28851,3.89626,6.04132,165.527,15000,824960,74.523
Suite_15,Deferred_Uber,0,1294,4.19587,3.79474,4.40998,2.28762,7.17773,6.03927,165.583,15000,820096,74.9312
Suite_15,Deferred_Uber,0,1295,4.16715,1.55195,0.713344,2.26733,3.42016,8.31354,120.286,15000,815744,75.376
Suite_15,Deferred_Uber,0,1296,4.1433,1.5123,0.72704,2.26307,3.91386,6.0556,165.137,15000,811136,75.6799
Suite_15,Deferred_Uber,0,1297,4.12031,1.53972,0.724256,2.26099,4.48096,5.96413,167.669,15000,806272,74.9319
Suite_15,Deferred_Uber,0,1298,4.11285,1.51669,0.690176,2.25485,3.81542,5.97576,167.343,15000,801408,75.2867
Suite_15,Deferred_Uber,0,1299,4.09702,1.53614,0.683776,2.25501,3.88784,5.94616,168.176,15000,796672,74.3499
Suite_15,Deferred_Uber,0,1300,4.09725,1.52201,1.1511,2.21117,3.66509,5.94155,168.306,15000,792576,74.4693
Suite_15,Deferred_Uber,0,1301,4.07988,1.54004,0.676736,2.21722,3.37517,5.91199,169.148,15000,787584,74.8491
Suite_15,Deferred_Uber,0,1302,4.06503,1.48823,0.696704,2.26099,3.83146,5.92403,168.804,15000,781184,73.893
Suite_15,Deferred_Uber,0,1303,4.04865,1.49941,0.68608,2.2487,4.43328,5.84476,171.093,15000,776576,74.322
Suite_15,Deferred_Uber,0,1304,4.04892,1.51421,0.65584,2.23437,3.76349,5.84272,171.153,15000,771584,74.792
Suite_15,Deferred_Uber,0,1305,4.02255,1.46896,0.653472,2.19286,3.7929,5.85012,170.937,15000,765568,74.9546
Suite_15,Deferred_Uber,0,1306,4.00788,1.48712,1.03606,2.25283,3.59014,5.79323,172.615,15000,759808,75.4986
Suite_15,Deferred_Uber,0,1307,3.99422,1.45314,0.636928,2.22394,3.27475,5.78647,172.817,15000,754432,75.8606
Suite_15,Deferred_Uber,0,1308,3.9886,1.47921,0.649216,2.19658,3.72528,5.7362,174.332,15000,749952,76.2237
Suite_15,Deferred_Uber,0,1309,3.97624,1.48012,0.662624,2.22269,4.37539,5.75931,173.632,15000,744320,76.4748
Suite_15,Deferred_Uber,0,1310,3.96161,1.46018,0.636288,2.1553,3.65418,5.73953,174.23,15000,737536,77.0782
Suite_15,Deferred_Uber,0,1311,3.94167,1.44147,0.6392,2.21046,3.78032,5.7031,175.343,15000,733184,77.7114
Suite_15,Deferred_Uber,0,1312,3.93637,1.47535,0.857824,2.13165,3.29523,5.65901,176.709,15000,729344,78.3721
Suite_15,Deferred_Uber,0,1313,3.92424,1.45181,0.626944,2.1288,3.23184,5.6916,175.697,15000,724352,79.1496
Suite_15,Deferred_Uber,0,1314,3.91946,1.4566,0.641472,2.10141,3.60858,5.64629,177.108,15000,719360,78.9056
Suite_15,Deferred_Uber,0,1315,3.89575,1.41853,0.619776,2.10147,4.21462,5.64083,177.279,15000,712448,79.449
Suite_15,Deferred_Uber,0,1316,3.88367,1.42814,0.616448,2.05194,2.99427,5.59804,178.634,15000,707072,80.0092
Suite_15,Deferred_Uber,0,1317,3.88232,1.44221,0.611008,2.02947,3.05277,5.58442,179.07,15000,702464,80.9894
Suite_15,Deferred_Uber,0,1318,3.86596,1.41871,2.68762,2.03613,5.14285,5.58919,178.917,15000,699136,82.0634
Suite_15,Deferred_Uber,0,1319,3.85194,1.41218,0.632832,2.03514,3.52122,5.54609,180.307,15000,693504,81.6913
Suite_15,Deferred_Uber,0,1320,3.84088,1.39973,0.59936,2.0031,4.09027,5.5311,180.796,15000,688384,80.1358
Suite_15,Deferred_Uber,0,1321,3.82861,1.41791,1.34755,1.9719,3.61347,5.50237,181.74,15000,683136,78.4385
Suite_15,Deferred_Uber,0,1322,3.81811,1.3767,0.593152,1.95277,2.96115,5.51337,181.377,15000,678912,79.7498
Suite_15,Deferred_Uber,0,1323,3.79657,1.39166,0.600384,1.94957,4.38067,5.44538,183.642,15000,673920,81.2439
Suite_15,Deferred_Uber,0,1324,3.78955,1.37227,0.597632,1.94608,3.96083,5.45249,183.402,15000,668288,81.8963
Suite_15,Deferred_Uber,0,1325,3.78541,1.38857,0.598016,1.98656,4.07197,5.42205,184.432,15000,664192,83.6053
Suite_15,Deferred_Uber,0,1326,3.77273,1.39145,0.596768,1.95488,2.84262,5.44116,183.784,15000,658560,85.4401
Suite_15,Deferred_Uber,0,1327,3.75341,1.34406,0.59712,1.93258,2.94525,5.43166,184.106,15000,653568,87.4314
Suite_15,Deferred_Uber,0,1328,3.73612,1.34856,0.617408,1.93027,3.40179,5.34135,187.219,15000,648064,89.5579
Suite_15,Deferred_Uber,0,1329,3.72867,1.3817,0.595968,1.91478,3.9975,5.33003,187.616,15000,643840,91.8635
Suite_15,Deferred_Uber,0,1330,3.72511,1.35581,0.602112,1.92042,2.80787,5.35104,186.88,15000,638592,94.3503
Suite_15,Deferred_Uber,0,1331,3.70218,1.32272,0.59504,1.90746,2.91459,5.32162,187.913,15000,633856,96.9977
Suite_15,Deferred_Uber,0,1332,3.68376,1.32665,0.59744,1.92586,2.94874,5.2771,189.498,15000,629632,99.9092
Suite_15,Deferred_Uber,0,1333,3.68668,3.63535,4.0992,1.99805,6.50893,5.26096,190.08,15000,624256,102.988
Suite_15,Deferred_Uber,0,1334,3.67736,1.32629,0.632448,2.00982,4.0711,7.56838,132.129,15000,617984,106.282
Suite_15,Deferred_Uber,0,1335,3.69215,1.36242,0.597728,2.02282,4.10666,5.2385,190.894,15000,613632,109.801
Suite_15,Deferred_Uber,0,1336,3.65949,1.33506,0.602368,2.02717,2.92397,5.32788,187.692,15000,609792,113.78
Suite_15,Deferred_Uber,0,1337,3.64259,1.3203,2.11968,2.01005,4.53942,5.29071,189.011,15000,605056,117.834
Suite_15,Deferred_Uber,0,1338,3.61489,1.29956,0.61728,2.03539,3.50413,5.20087,192.276,15000,600192,122.497
Suite_15,Deferred_Uber,0,1339,3.61562,1.32609,0.573728,1.95238,4.01203,5.13919,194.583,15000,595712,127.552
Suite_15,Deferred_Uber,0,1340,3.61195,1.40694,0.580416,1.85526,2.7321,5.17411,193.27,15000,592512,132.757
Suite_15,Deferred_Uber,0,1341,3.5983,1.28521,2.67718,1.88826,4.97856,5.24686,190.59,15000,588544,138.972
Suite_15,Deferred_Uber,0,1342,3.56903,1.26056,0.621664,1.81658,3.86458,5.11053,195.674,15000,583296,145.429
Suite_15,Deferred_Uber,0,1343,3.57485,1.29055,0.59536,1.82157,3.85843,5.05072,197.992,15000,579456,154.306
Suite_15,Deferred_Uber,0,1344,3.56591,1.28958,0.610944,1.78925,2.69926,5.08458,196.673,15000,575360,159.879
Suite_15,Deferred_Uber,0,1345,3.55241,1.2749,1.60154,1.81837,5.24125,5.07904,196.887,15000,569856,162.802
Suite_15,Deferred_Uber,0,1346,3.53275,1.2878,0.607456,1.88675,3.92784,5.05534,197.811,15000,565888,160.952
Suite_15,Deferred_Uber,0,1347,3.52528,1.36022,0.5392,1.89152,3.35872,5.03932,198.44,15000,560000,165.4
Suite_15,Deferred_Uber,0,1348,3.52387,1.31273,0.539776,1.86611,2.70771,5.11324,195.571,15000,555520,167.221
Suite_15,Deferred_Uber,0,1349,3.50643,1.24051,1.37216,1.90464,5.77411,5.061,197.589,15000,552448,171.098
Suite_15,Deferred_Uber,0,1350,3.49636,1.71353,0.528928,1.88659,3.27475,4.96493,201.413,15000,547712,175.071
Suite_15,Deferred_Uber,0,1351,3.48158,1.25371,0.534368,1.89382,3.36426,5.41857,184.551,15000,543360,177.346
Suite_15,Deferred_Uber,0,1352,3.46182,1.25263,0.511968,1.84358,2.6505,4.9487,202.073,15000,539392,176.296
Suite_15,Deferred_Uber,0,1353,3.45705,1.23846,1.2047,1.84218,3.90781,4.92413,203.082,15000,534272,172.221
Suite_15,Deferred_Uber,0,1354,3.4285,1.22122,0.501696,1.79158,3.7417,4.89778,204.174,15000,528512,164.522
Suite_15,Deferred_Uber,0,1355,3.44243,1.28509,0.490144,1.79542,2.58666,4.85295,206.06,15000,523520,162.438
Suite_15,Deferred_Uber,0,1356,3.42355,1.21544,0.50208,1.76333,3.12848,4.9811,200.759,15000,519552,160.236
Suite_15,Deferred_Uber,0,1357,3.4012,1.23184,0.483616,1.74662,3.66227,4.84926,206.217,15000,515584,157.906
Suite_15,Deferred_Uber,0,1358,3.39563,1.23772,0.463552,1.72259,2.48218,4.82866,207.097,15000,512256,155.177
Suite_15,Deferred_Uber,0,1359,3.39204,1.1988,0.464128,1.7601,4.03914,4.82817,207.118,15000,508032,151.039
Suite_15,Deferred_Uber,0,1360,3.37218,1.25849,0.450688,1.74899,3.62086,4.7817,209.131,15000,504448,148.62
Suite_15,Deferred_Uber,0,1361,3.37685,1.23705,0.464576,1.67939,3.10915,4.83145,206.977,15000,500352,146.396
Suite_15,Deferred_Uber,0,1362,3.35912,1.22876,1.15149,1.6656,3.11642,4.81533,207.67,15000,495744,144.653
Suite_15,Deferred_Uber,0,1363,3.34897,1.18528,0.478912,1.65363,2.99802,4.78194,209.12,15000,490880,143.336
Suite_15,Deferred_Uber,0,1364,3.33153,1.18656,0.462848,1.66912,3.06259,4.72681,211.559,15000,485760,140.389
Suite_15,Deferred_Uber,0,1365,3.31576,1.20174,0.462848,1.65674,2.42314,4.70785,212.411,15000,482432,139.916
Suite_15,Deferred_Uber,0,1366,3.31626,1.16206,0.468992,1.67242,2.99859,4.71796,211.956,15000,478592,140.328
Suite_15,Deferred_Uber,0,1367,3.30632,1.17444,0.478944,1.6249,3.03418,4.66398,214.409,15000,475520,139.565
Suite_15,Deferred_Uber,0,1368,3.27687,1.17843,0.475264,1.63014,2.41421,4.66765,214.241,15000,471424,139.381
Suite_15,Deferred_Uber,0,1369,3.27948,1.15251,0.483552,1.59837,2.95261,4.65121,214.998,15000,466944,142.341
Suite_15,Deferred_Uber,0,1370,3.26444,1.15231,0.479232,1.60973,3.02256,4.61554,216.66,15000,462720,146.183
Suite_15,Deferred_Uber,0,1371,3.24395,1.1601,0.481728,1.60768,2.39152,4.59821,217.476,15000,458880,151.567
Suite_15,Deferred_Uber,0,1372,3.24851,1.14515,1.15248,1.58922,3.60326,4.58129,218.279,15000,455552,158.726
Suite_15,Deferred_Uber,0,1373,3.22728,1.12842,0.488128,1.58925,3.0432,4.56991,218.823,15000,451840,167.927
Suite_15,Deferred_Uber,0,1374,3.2136,1.14303,0.478592,1.57763,2.3577,4.54667,219.941,15000,447488,179.744
Suite_15,Deferred_Uber,0,1375,3.21584,1.12214,0.47104,1.59949,2.93658,4.53825,220.349,15000,444416,194.813
Suite_15,Deferred_Uber,0,1376,3.20078,1.15588,0.475648,1.54141,2.9696,4.52012,221.233,15000,438912,212.974
Suite_15,Deferred_Uber,0,1377,3.20027,1.1537,1.1735,1.53955,3.01341,4.53066,220.719,15000,435712,236.702
Suite_15,Deferred_Uber,0,1378,3.19109,1.11703,0.477184,1.53715,2.88202,4.53462,220.525,15000,432256,265.949
Suite_15,Deferred_Uber,0,1379,3.1628,1.11221,0.4696,1.53994,2.42602,4.47545,223.441,15000,426368,299.983
Suite_15,Deferred_Uber,0,1380,3.15428,1.13686,0.453888,1.54438,2.43222,4.45155,224.641,15000,423680,337.221
Suite_15,Deferred_Uber,0,1381,3.15883,1.10728,0.450112,1.52592,3.40694,4.46106,224.162,15000,418816,371.535
Suite_15,Deferred_Uber,0,1382,3.14546,1.14403,0.6344,1.53386,2.45952,4.42839,225.816,15000,414976,395.596
Suite_15,Deferred_Uber,0,1383,3.13016,1.09104,0.463008,1.47923,2.79949,4.47059,223.684,15000,410880,400.609
Suite_15,Deferred_Uber,0,1384,3.0998,1.09803,0.446304,1.46787,2.84134,4.38487,228.057,15000,408064,385.215
Suite_15,Deferred_Uber,0,1385,3.09554,1.10381,0.439264,1.45958,2.19462,4.36379,229.158,15000,404736,354.284
Suite_15,Deferred_Uber,0,1386,3.1046,1.08042,0.45056,1.42928,2.74368,4.36141,229.283,15000,401280,316.626
Suite_15,Deferred_Uber,0,1387,3.08071,3.31652,0.422464,1.42525,3.26758,4.34097,230.363,15000,397056,278.868
Suite_15,Deferred_Uber,0,1388,3.09452,1.11187,2.02547,1.3935,3.83402,6.55696,152.51,15000,393856,243.88
Suite_15,Deferred_Uber,0,1389,3.11254,1.10961,0.403552,1.36035,3.56966,4.36554,229.067,15000,390528,216.085
Suite_15,Deferred_Uber,0,1390,3.07574,1.27077,0.40192,1.3615,2.05843,4.43355,225.553,15000,386048,193.602
Suite_15,Deferred_Uber,0,1391,3.05237,1.09098,0.395168,1.27226,2.07738,4.5029,222.079,15000,382080,171.813
Suite_15,Deferred_Uber,0,1392,3.03991,1.05085,0.403456,1.25664,2.5641,4.30846,232.101,15000,378112,157.388
Suite_15,Deferred_Uber,0,1393,3.02982,1.08082,0.368256,1.22717,2.02586,4.24003,235.847,15000,374272,145.658
Suite_15,Deferred_Uber,0,1394,3.0247,1.09132,0.49728,1.15952,3.46112,4.27524,233.905,15000,370048,135.407
Suite_15,Deferred_Uber,0,1395,3.01717,1.04583,0.352256,1.1833,2.39165,4.26439,234.5,15000,366464,127.751
Suite_15,Deferred_Uber,0,1396,3.00147,1.06227,0.346112,1.1567,1.91078,4.21079,237.485,15000,362880,121.277
Suite_15,Deferred_Uber,0,1397,2.99048,1.04275,0.369984,1.19466,2.41878,4.22467,236.705,15000,358656,115.754
Suite_15,Deferred_Uber,0,1398,2.97651,1.05083,0.348384,1.16518,1.92704,4.18156,239.145,15000,354048,111.39
Suite_15,Deferred_Uber,0,1399,2.98502,1.07575,0.338624,1.1776,1.92512,4.16875,239.88,15000,350208,107.368
Suite_15,Deferred_Uber,0,1400,2.96796,1.04507,0.98864,1.19885,3.10314,4.202,237.982,15000,346624,104.218
Suite_15,Deferred_Uber,0,1401,2.9555,1.05223,0.366592,1.18765,1.96058,4.15259,240.814,15000,342144,101.725
Suite_15,Deferred_Uber,0,1402,2.93767,1.02315,0.374528,1.1575,2.37648,4.15558,240.64,15000,339584,99.7898
Suite_15,Deferred_Uber,0,1403,2.93894,1.04729,0.356416,1.13814,1.89949,4.10311,243.718,15000,336384,98.0278
Suite_15,Deferred_Uber,0,1404,2.93027,1.03994,0.350688,1.12042,1.8879,4.12094,242.663,15000,333312,94.5513
Suite_15,Deferred_Uber,0,1405,2.9216,1.00372,0.35184,1.12026,2.38797,4.11368,243.092,15000,330368,93.0669
Suite_15,Deferred_Uber,0,1406,2.90253,1.02043,0.354496,1.11002,1.87904,4.06327,246.107,15000,326528,89.2813
Suite_15,Deferred_Uber,0,1407,2.88616,1.00269,1.52781,1.13222,3.57136,4.05924,246.351,15000,322688,88.1402
Suite_15,Deferred_Uber,0,1408,2.87619,1.00913,0.36112,1.13664,1.91283,4.02088,248.702,15000,319616,84.2193
Suite_15,Deferred_Uber,0,1409,2.87019,0.993738,0.356416,1.15712,3.30925,4.02305,248.568,15000,316288,83.3807
Suite_15,Deferred_Uber,0,1410,2.85906,1.17374,0.352256,1.16736,1.81286,3.99318,250.427,15000,313472,80.2009
Suite_15,Deferred_Uber,0,1411,2.8515,1.0281,0.35376,1.16118,1.93053,4.15912,240.435,15000,310656,77.045
Suite_15,Deferred_Uber,0,1412,2.84612,0.979587,0.350208,1.13971,2.92813,4.00944,249.411,15000,306688,75.4344
Suite_15,Deferred_Uber,0,1413,2.83547,0.998238,0.358976,1.15651,1.9312,3.95105,253.098,15000,304256,74.9054
Suite_15,Deferred_Uber,0,1414,2.84696,1.09036,1.24861,1.16221,3.2639,3.9668,252.092,15000,302080,73.9506
Suite_15,Deferred_Uber,0,1415,2.84561,1.01655,0.356352,1.12762,1.89677,4.06368,246.083,15000,299392,71.5514
Suite_15,Deferred_Uber,0,1416,2.82307,0.973007,0.348032,1.12579,3.28122,3.98935,250.668,15000,296064,71.2118
Suite_15,Deferred_Uber,0,1417,2.81741,0.992452,0.351744,1.12298,1.77984,3.91863,255.191,15000,293888,71.0848
Suite_15,Deferred_Uber,0,1418,2.79014,0.992297,0.345632,1.11075,1.86474,3.93228,254.305,15000,290048,70.9621
Suite_15,Deferred_Uber,0,1419,2.78595,0.955835,0.337696,1.10982,2.35725,3.90248,256.247,15000,287360,70.9111
Suite_15,Deferred_Uber,0,1420,2.77483,0.97431,0.334336,1.09341,1.83923,3.85849,259.169,15000,284544,70.5441
Suite_15,Deferred_Uber,0,1421,2.77061,0.952246,0.331776,1.08586,2.77914,3.8687,258.485,15000,281472,70.4555
Suite_15,Deferred_Uber,0,1422,2.75722,0.982339,1.89891,1.07456,3.38496,3.84958,259.769,15000,277888,70.2811
Suite_15,Deferred_Uber,0,1423,2.76526,0.96518,0.3376,1.05142,2.24634,3.85633,259.314,15000,273920,70.0913
Suite_15,Deferred_Uber,0,1424,2.76296,0.991932,0.3256,1.03853,1.77578,3.85845,259.171,15000,270464,70.1663
Suite_15,Deferred_Uber,0,1425,2.73937,0.970446,0.320128,1.05062,3.18413,3.87151,258.297,15000,267008,70.2703
Suite_15,Deferred_Uber,0,1426,2.72615,0.942064,0.32352,1.04282,1.6855,3.83313,260.883,15000,263680,68.5795
Suite_15,Deferred_Uber,0,1427,2.70461,0.958185,0.321312,1.03466,1.75709,3.77721,264.745,15000,260096,66.6536
Suite_15,Deferred_Uber,0,1428,2.69032,0.787754,0.323424,1.01619,1.62704,3.77882,264.633,15000,255232,66.7702
Suite_15,Deferred_Uber,0,1429,2.67353,0.794764,0.314592,0.99504,1.71856,3.58542,278.907,15000,252416,66.4377
Suite_15,Deferred_Uber,0,1430,2.66629,0.793255,0.65536,1.00106,2.55405,3.57891,279.415,15000,249472,66.5394
Suite_15,Deferred_Uber,0,1431,2.65514,0.808974,0.31952,0.997408,1.72246,3.56623,280.408,15000,247808,64.7692
Suite_15,Deferred_Uber,0,1432,2.6515,0.782062,0.31072,0.989856,2.15638,3.57131,280.009,15000,245120,62.7264
Suite_15,Deferred_Uber,0,1433,2.64183,0.793643,0.315392,0.980992,1.7104,3.53967,282.512,15000,242432,62.9894
Suite_15,Deferred_Uber,0,1434,2.63873,0.880688,0.304096,0.989184,2.1585,3.54493,282.093,15000,239232,63.2548
Suite_15,Deferred_Uber,0,1435,2.6179,0.901524,0.306048,0.958528,1.67699,3.62752,275.671,15000,236544,60.9276
Suite_15,Deferred_Uber,0,1436,2.61683,0.871384,0.290272,0.9712,2.68509,3.61964,276.27,15000,233472,61.1345
Suite_15,Deferred_Uber,0,1437,2.60947,0.902357,0.295488,0.944096,1.65424,3.58774,278.727,15000,229888,61.4091
Suite_15,Deferred_Uber,0,1438,2.60564,0.875576,0.3032,0.979904,2.68902,3.61543,276.592,15000,226944,61.6526
Suite_15,Deferred_Uber,0,1439,2.59471,0.801416,1.86259,0.933888,3.2088,3.57698,279.566,15000,223488,57.6182
Suite_15,Deferred_Uber,0,1440,2.58622,0.760307,0.304384,0.953248,2.67002,3.49146,286.413,15000,222464,57.9134
Suite_15,Deferred_Uber,0,1441,2.56321,0.784856,0.286528,0.94752,1.63706,3.44147,290.574,15000,219136,55.5397
Suite_15,Deferred_Uber,0,1442,2.56004,0.752279,0.2968,0.997664,2.69792,3.44412,290.35,15000,216320,55.7175
Suite_15,Deferred_Uber,0,1443,2.54434,0.778767,0.28672,1.00966,1.70803,3.40377,293.792,15000,213504,53.7121
Suite_15,Deferred_Uber,0,1444,2.5423,0.75481,0.285952,1.07171,2.76685,3.41442,292.875,15000,211200,52.4703
Suite_15,Deferred_Uber,0,1445,2.53162,0.829843,0.284672,1.14483,1.83341,3.39552,294.506,15000,208896,52.9462
Suite_15,Deferred_Uber,0,1446,2.52853,0.95594,0.261632,0.780352,2.4799,3.45604,289.349,15000,206208,53.527
Suite_15,Deferred_Uber,0,1447,2.51286,0.869002,0.273184,0.697504,1.38362,3.58211,279.165,15000,203520,54.4379
Suite_15,Deferred_Uber,0,1448,2.5172,0.834502,0.267008,0.669568,1.85242,3.47073,288.124,15000,201728,56.1535
Suite_15,Deferred_Uber,0,1449,2.50204,0.881266,1.78,0.694304,2.88742,3.44089,290.622,15000,198912,59.9129
Suite_15,Deferred_Uber,0,1450,2.49061,0.841284,0.257952,0.682336,1.85536,3.47423,287.834,15000,197376,60.1482
Suite_15,Deferred_Uber,0,1451,2.49627,0.859026,0.253536,0.665856,1.21466,3.4166,292.689,15000,194048,60.3871
Suite_15,Deferred_Uber,0,1452,2.487,0.775142,0.241568,0.645056,1.20627,3.44137,290.582,15000,191872,50.3373
Suite_15,Deferred_Uber,0,1453,2.49344,0.762394,0.233472,0.598016,1.12438,3.34904,298.593,15000,189056,49.7101
Suite_15,Deferred_Uber,0,1454,2.4634,0.747916,0.223232,0.618496,1.13546,3.35158,298.367,15000,186112,49.7055
Suite_15,Deferred_Uber,0,1455,2.44154,0.766224,0.22416,0.585888,1.10525,3.29305,303.67,15000,182656,49.899
Suite_15,Deferred_Uber,0,1456,2.44707,0.725618,0.219136,0.5712,1.07974,3.29058,303.898,15000,180224,49.3755
Suite_15,Deferred_Uber,0,1457,2.42519,0.773786,0.215104,0.53152,1.04653,3.25271,307.436,15000,177408,48.7174
Suite_15,Deferred_Uber,0,1458,2.4444,0.81092,0.217088,0.515168,1.02576,3.28354,304.55,15000,174720,48.8035
Suite_15,Deferred_Uber,0,1459,2.45032,0.851601,0.20512,0.495232,0.988384,3.33935,299.46,15000,172416,48.8797
Suite_15,Deferred_Uber,0,1460,2.42801,0.820881,0.207168,0.483456,0.988832,3.38395,295.512,15000,169472,49.0288
Suite_15,Deferred_Uber,0,1461,2.39386,0.839015,0.331072,0.476064,1.09978,3.32721,300.552,15000,167296,49.1933
Suite_15,Deferred_Uber,0,1462,2.39884,0.821659,0.201504,0.475136,0.970752,3.31075,302.046,15000,165120,48.0916
Suite_15,Deferred_Uber,0,1463,2.38723,0.810385,0.200608,0.444672,0.938048,3.29563,303.432,15000,162944,47.7497
Suite_15,Deferred_Uber,0,1464,2.38179,0.823117,0.197088,0.450208,0.946176,3.27316,305.515,15000,160896,47.8399
Suite_15,Deferred_Uber,0,1465,2.36233,0.731831,0.212096,0.461728,0.970592,3.28141,304.747,15000,158080,47.9587
Suite_15,Deferred_Uber,0,1466,2.35467,0.735813,0.196672,0.458752,0.950272,3.16607,315.849,15000,154752,48.0886
Suite_15,Deferred_Uber,0,1467,2.34922,0.730623,0.18864,0.454688,0.935936,3.16113,316.343,15000,152960,47.9938
Suite_15,Deferred_Uber,0,1468,2.34532,0.728976,0.19456,0.446752,0.939104,3.149,317.561,15000,150912,48.1203
Suite_15,Deferred_Uber,0,1469,2.33323,0.715343,0.186912,0.46272,0.937472,3.14604,317.86,15000,149376,48.1143
Suite_15,Deferred_Uber,0,1470,2.32853,0.767797,0.192512,0.441728,0.928032,3.11812,320.706,15000,147584,48.2027
Suite_15,Deferred_Uber,0,1471,2.33118,0.734765,0.184928,0.421888,0.903168,3.16891,315.566,15000,145280,46.4377
Suite_15,Deferred_Uber,0,1472,2.31139,0.729324,0.180736,0.417792,0.894976,3.13249,319.235,15000,142848,46.5263
Suite_15,Deferred_Uber,0,1473,2.30426,0.762435,0.184352,0.421888,0.903168,3.11533,320.993,15000,140160,46.6118
Suite_15,Deferred_Uber,0,1474,2.28257,0.780764,0.169664,0.415904,0.88304,3.13407,319.074,15000,138496,45.9619
Suite_15,Deferred_Uber,0,1475,2.28931,0.803823,0.178176,0.405504,0.8824,3.12803,319.69,15000,135296,45.8643
Suite_15,Deferred_Uber,0,1476,2.27777,0.771112,0.13552,0.401408,0.833152,3.15693,316.764,15000,134016,45.9395
Suite_15,Deferred_Uber,0,1477,2.27246,0.796161,0.142112,0.399072,0.832672,3.11827,320.691,15000,132096,46.0221
Suite_15,Deferred_Uber,0,1478,2.26369,0.766492,0.145472,0.39936,0.868,3.13301,319.182,15000,129664,45.7482
Suite_15,Deferred_Uber,0,1479,2.25308,0.727232,0.163296,0.389984,0.850208,3.09419,323.187,15000,128000,45.4676
Suite_15,Deferred_Uber,0,1480,2.24472,0.697998,0.175552,0.38576,0.857952,3.04347,328.572,15000,125824,45.0891
Suite_15,Deferred_Uber,0,1481,2.22599,0.718285,0.169312,0.373088,0.827392,3.00357,332.937,15000,123008,45.1321
Suite_15,Deferred_Uber,0,1482,2.2298,0.710528,0.169856,0.360768,0.827232,3.00777,332.472,15000,121344,43.5176
Suite_15,Deferred_Uber,0,1483,2.21784,0.753715,0.163104,0.351072,0.805792,3.00365,332.928,15000,119296,43.585
Suite_15,Deferred_Uber,0,1484,2.23553,0.902576,0.151168,0.330048,0.775392,3.03294,329.714,15000,116992,40.077
Suite_15,Deferred_Uber,0,1485,2.21641,0.759994,0.147456,0.32368,0.765952,3.19932,312.567,15000,114432,40.1647
Suite_15,Deferred_Uber,0,1486,2.20681,0.719395,0.143552,0.319456,0.755712,3.03296,329.711,15000,112384,40.2522
Suite_15,Deferred_Uber,0,1487,2.18873,0.688768,0.137728,0.306784,0.729088,2.98263,335.275,15000,110080,40.1317
Suite_15,Deferred_Uber,0,1488,2.17173,0.708232,0.135168,0.299008,0.7256,2.93498,340.718,15000,108288,40.2264
Suite_15,Deferred_Uber,0,1489,2.1789,0.703924,0.135168,0.296,0.72512,2.93767,340.406,15000,106112,40.314
Suite_15,Deferred_Uber,0,1490,2.16294,0.699025,0.132416,0.28672,0.703104,2.93779,340.392,15000,103936,40.4144
Suite_15,Deferred_Uber,0,1491,2.16472,0.795102,0.13152,0.287936,0.710656,2.91852,342.639,15000,101888,40.2827
Suite_15,Deferred_Uber,0,1492,2.15448,0.71909,0.135168,0.292864,0.713792,3.01282,331.915,15000,99968,40.4037
Suite_15,Deferred_Uber,0,1493,2.14451,0.777165,0.142656,0.283008,0.715616,2.92573,341.794,15000,98048,40.528
Suite_15,Deferred_Uber,0,1494,2.14234,0.754462,0.129568,0.274912,0.698176,2.97616,336.004,15000,96384,38.4694
Suite_15,Deferred_Uber,0,1495,2.12932,0.711607,0.131744,0.273504,0.696224,2.94884,339.117,15000,94720,38.6748
Suite_15,Deferred_Uber,0,1496,2.12557,0.675811,0.128544,0.256992,0.673792,2.89158,345.832,15000,92672,38.8833
Suite_15,Deferred_Uber,0,1497,2.11464,0.679135,0.120832,0.257408,0.690176,2.85092,350.764,15000,91008,37.1489
Suite_15,Deferred_Uber,0,1498,2.10999,0.697647,0.12496,0.256672,0.675008,2.84714,351.23,15000,89344,37.3864
Suite_15,Deferred_Uber,0,1499,2.09978,0.676035,0.122976,0.244896,0.686496,2.85501,350.261,15000,87936,37.6231
Suite_15,Deferred_Uber,0,1500,2.09329,0.703622,0.120832,0.241376,0.649536,2.82277,354.262,15000,86784,37.3203
Suite_15,Deferred_Uber,0,1501,2.10013,0.682452,0.118016,0.2328,0.636896,2.84921,350.974,15000,85120,37.5477
Suite_15,Deferred_Uber,0,1502,2.07847,0.682953,0.111584,0.231424,0.635136,2.8288,353.507,15000,83712,37.7784
Suite_15,Deferred_Uber,0,1503,2.08436,0.68977,0.110496,0.228128,0.62192,2.81087,355.762,15000,82432,38.0112
Suite_15,Deferred_Uber,0,1504,2.0775,0.66971,0.106592,0.23488,0.628736,2.8184,354.811,15000,81152,38.2305
Suite_15,Deferred_Uber,0,1505,2.10764,0.76791,0.10416,0.215296,0.604096,2.79231,358.127,15000,79488,38.1872
Suite_15,Deferred_Uber,0,1506,2.07642,0.688878,0.105952,0.215648,0.6144,2.92747,341.591,15000,77952,38.409
Suite_15,Deferred_Uber,0,1507,2.05919,0.686386,0.1024,0.20832,0.59392,2.80894,356.006,15000,76160,37.5551
Suite_15,Deferred_Uber,0,1508,2.0585,0.683045,0.100352,0.200704,0.581568,2.7942,357.884,15000,74880,37.7612
Suite_15,Deferred_Uber,0,1509,2.04204,0.676503,0.094912,0.204448,0.589824,2.78587,358.954,15000,73472,37.3942
Suite_15,Deferred_Uber,0,1510,2.02726,0.694738,0.09216,0.194688,0.578016,2.76122,362.159,15000,72320,37.5758
Suite_15,Deferred_Uber,0,1511,2.0262,0.672275,0.091936,0.19872,0.583584,2.76906,361.133,15000,70272,37.7272
Suite_15,Deferred_Uber,0,1512,2.01039,0.667038,0.088224,0.196352,0.575488,2.73969,365.005,15000,68736,37.8387
Suite_15,Deferred_Uber,0,1513,2.01398,0.68075,0.087456,0.189248,0.567424,2.72029,367.608,15000,67328,36.2314
Suite_15,Deferred_Uber,0,1514,2.00293,0.660117,0.083968,0.190272,0.56336,2.73741,365.309,15000,65920,35.873
Suite_15,Deferred_Uber,0,1515,1.99845,0.674781,0.080928,0.188416,0.553632,2.70183,370.12,15000,64768,35.9597
Suite_15,Deferred_Uber,0,1516,1.99326,0.658704,0.079264,0.185184,0.557056,2.71773,367.955,15000,63104,35.6891
Suite_15,Deferred_Uber,0,1517,1.98314,2.82944,0.074464,0.182144,0.54272,2.69237,371.42,15000,61184,35.748
Suite_15,Deferred_Uber,0,1518,2.0016,0.699113,0.071904,0.183424,0.548864,4.85932,205.79,15000,59648,35.7883
Suite_15,Deferred_Uber,0,1519,2.00256,0.721686,1.56746,0.178176,2.0415,2.74148,364.767,15000,58752,31.6257
Suite_15,Deferred_Uber,0,1520,1.96968,0.662775,0.069504,0.176224,0.536416,2.80217,356.866,15000,56576,31.7281
Suite_15,Deferred_Uber,0,1521,1.95446,0.666708,0.078816,0.173984,0.549056,2.67054,374.456,15000,55040,31.8194
Suite_15,Deferred_Uber,0,1522,1.95392,0.680059,0.063488,0.175968,0.52352,2.65682,376.389,15000,53376,31.8744
Suite_15,Deferred_Uber,0,1523,1.93848,0.654492,0.063488,0.173824,0.520416,2.67031,374.489,15000,51584,31.9297
Suite_15,Deferred_Uber,0,1524,1.92214,0.654315,0.0632,0.17456,0.51792,2.62811,380.501,15000,50688,31.9743
Suite_15,Deferred_Uber,0,1525,1.92787,0.664019,0.05952,0.166912,0.514048,2.61222,382.816,15000,48896,31.5308
Suite_15,Deferred_Uber,0,1526,1.92105,0.652643,0.058688,0.166816,0.512,2.62696,380.668,15000,48256,31.5455
Suite_15,Deferred_Uber,0,1527,1.90976,0.662526,0.058464,0.17136,0.518176,2.60561,383.788,15000,47488,31.5499
Suite_15,Deferred_Uber,0,1528,1.91073,0.651143,0.05696,0.170208,0.510208,2.60546,383.809,15000,46080,31.5474
Suite_15,Deferred_Uber,0,1529,1.90123,0.649191,0.069632,0.16384,0.524448,2.59595,385.215,15000,44672,31.536
Suite_15,Deferred_Uber,0,1530,1.89529,0.660818,0.054656,0.165888,0.512928,2.58266,387.198,15000,42880,31.5055
Suite_15,Deferred_Uber,0,1531,1.8931,0.664437,0.0512,0.162912,0.502272,2.58848,386.326,15000,40832,31.3121
Suite_15,Deferred_Uber,0,1532,1.88054,0.649502,0.07152,0.161408,0.518048,2.58812,386.381,15000,39808,31.2916
Suite_15,Deferred_Uber,0,1533,1.87827,0.669129,0.048864,0.155968,0.487776,2.56279,390.199,15000,38272,30.7863
Suite_15,Deferred_Uber,0,1534,1.87315,0.648145,0.046656,0.156032,0.492384,2.57846,387.829,15000,37504,29.4235
Suite_15,Deferred_Uber,0,1535,1.85888,0.645689,0.045088,0.15008,0.484544,2.54934,392.258,15000,36352,29.3933
Suite_15,Deferred_Uber,0,1536,1.86065,0.654745,0.04336,0.147552,0.475136,2.53392,394.645,15000,35072,29.3596
Suite_15,Deferred_Uber,0,1537,1.85457,0.640584,0.04048,0.145536,0.490112,2.54554,392.843,15000,33792,28.9302
Suite_15,Deferred_Uber,0,1538,1.84612,0.662703,0.041184,0.145952,0.473216,2.52322,396.319,15000,32896,28.9107
Suite_15,Deferred_Uber,0,1539,1.8442,0.648293,0.03824,0.141664,0.464832,2.54343,393.17,15000,32128,28.5648
Suite_15,Deferred_Uber,0,1540,1.83946,0.640903,0.048416,0.13936,0.479232,2.51965,396.88,15000,31616,26.377
Suite_15,Deferred_Uber,0,1541,1.83341,0.654258,0.036864,0.136288,0.456608,2.50795,398.732,15000,30336,24.1987
Suite_15,Deferred_Uber,0,1542,1.82508,0.639641,0.031264,0.138656,0.456768,2.51652,397.375,15000,30080,24.2452
Suite_15,Deferred_Uber,0,1543,1.81193,0.63701,0.043008,0.135168,0.469312,2.49082,401.474,15000,29312,24.2906
Suite_15,Deferred_Uber,0,1544,1.81889,0.657482,0.030816,0.13312,0.45056,2.47488,404.06,15000,28416,24.3371
Suite_15,Deferred_Uber,0,1545,1.80922,0.633822,0.032384,0.1336,0.444576,2.50447,399.286,15000,27264,24.3833
Suite_15,Deferred_Uber,0,1546,1.79876,0.649984,0.027552,0.1352,0.440352,2.46979,404.893,15000,25600,24.4268
Suite_15,Deferred_Uber,0,1547,1.80194,0.646174,0.026464,0.131104,0.440544,2.47509,404.026,15000,24832,24.475
Suite_15,Deferred_Uber,0,1548,1.79234,0.635063,0.025856,0.132096,0.437664,2.47263,404.427,15000,24320,24.5276
Suite_15,Deferred_Uber,0,1549,1.78231,0.644207,0.024576,0.134368,0.445248,2.45356,407.57,15000,22784,24.5653
Suite_15,Deferred_Uber,0,1550,1.7846,0.639023,0.023552,0.131072,0.436704,2.45243,407.758,15000,22144,24.6157
Suite_15,Deferred_Uber,0,1551,1.77448,0.634276,0.022528,0.130272,0.453408,2.44645,408.755,15000,21760,24.6637
Suite_15,Deferred_Uber,0,1552,1.77166,0.649738,0.01936,0.126976,0.430208,2.43153,411.264,15000,20352,24.7
Suite_15,Deferred_Uber,0,1553,1.76597,0.634267,0.02048,0.124288,0.42224,2.44777,408.535,15000,20096,24.7469
Suite_15,Deferred_Uber,0,1554,1.75948,0.624469,0.026752,0.126976,0.47104,2.42324,412.67,15000,19200,24.7889
Suite_15,Deferred_Uber,0,1555,1.75583,0.645587,0.01872,0.129472,0.43344,2.40573,415.674,15000,18432,24.8277
Suite_15,Deferred_Uber,0,1556,1.75452,0.626712,0.018432,0.122304,0.42656,2.42475,412.414,15000,17920,24.8648
Suite_15,Deferred_Uber,0,1557,1.74457,0.643539,0.02048,0.123744,0.459968,2.40428,415.924,15000,17536,24.8997
Suite_15,Deferred_Uber,0,1558,1.751,0.682084,0.016384,0.114688,0.413696,2.41262,414.486,15000,16640,24.929
Suite_15,Deferred_Uber,0,1559,1.74102,0.630219,0.01472,0.114208,0.417792,2.4576,406.902,15000,16128,24.9596
Suite_15,Deferred_Uber,0,1560,1.73484,0.634127,0.014624,0.114752,0.415488,2.39202,418.056,15000,15232,24.9856
Suite_15,Deferred_Uber,0,1561,1.73631,0.651091,0.015872,0.116736,0.418496,2.39172,418.109,15000,14848,25.0117
Suite_15,Deferred_Uber,0,1562,1.72437,0.627925,0.012288,0.111968,0.4096,2.4109,414.783,15000,13952,23.8412
Suite_15,Deferred_Uber,0,1563,1.7152,0.645014,0.012544,0.1104,0.405504,2.37217,421.555,15000,13440,23.8603
Suite_15,Deferred_Uber,0,1564,1.71835,0.663577,0.012288,0.114272,0.406496,2.38096,419.998,15000,12672,23.8721
Suite_15,Deferred_Uber,0,1565,1.71545,0.638175,0.01088,0.106496,0.39936,2.40662,415.521,15000,12672,23.8892
Suite_15,Deferred_Uber,0,1566,1.7044,0.629495,0.011104,0.107872,0.399744,2.3743,421.176,15000,11776,23.8987
Suite_15,Deferred_Uber,0,1567,1.7131,0.669158,0.010784,0.107168,0.395776,2.35375,424.854,15000,11520,23.911
Suite_15,Deferred_Uber,0,1568,1.70156,0.629024,0.01024,0.113216,0.401056,2.40738,415.39,15000,10496,23.9176
Suite_15,Deferred_Uber,0,1569,1.69263,0.627816,0.01024,0.105952,0.400928,2.35183,425.201,15000,9984,23.9273
Suite_15,Deferred_Uber,0,1570,1.69734,0.64051,0.010176,0.100576,0.38928,2.341,427.168,15000,9344,20.9871
Suite_15,Deferred_Uber,0,1571,1.68426,0.625237,0.008192,0.098304,0.393472,2.35695,424.277,15000,9088,21.0554
Suite_15,Deferred_Uber,0,1572,1.68249,0.625426,0.008192,0.100512,0.388,2.32713,429.714,15000,8704,21.1215
Suite_15,Deferred_Uber,0,1573,1.68711,0.639831,0.00832,0.095104,0.38912,2.32872,429.42,15000,8192,21.1852
Suite_15,Deferred_Uber,0,1574,1.67212,0.638387,0.008192,0.101824,0.38528,2.3469,426.095,15000,7680,21.248
Suite_15,Deferred_Uber,0,1575,1.67265,0.646341,0.008192,0.092288,0.382976,2.3284,429.48,15000,7040,20.9723
Suite_15,Deferred_Uber,0,1576,1.67238,0.643084,0.008128,0.092576,0.384448,2.33828,427.664,15000,6784,21.0294
Suite_15,Deferred_Uber,0,1577,1.66567,0.624067,0.0064,0.094592,0.3848,2.33598,428.085,15000,6400,21.0844
Suite_15,Deferred_Uber,0,1578,1.6603,0.638914,0.006048,0.090592,0.37776,2.30811,433.254,15000,5888,21.1371
Suite_15,Deferred_Uber,0,1579,1.66295,0.643639,0.00464,0.09216,0.382208,2.31876,431.264,15000,5888,21.1917
Suite_15,Deferred_Uber,0,1580,1.65572,0.62886,0.005312,0.091648,0.372736,2.32416,430.262,15000,5376,19.442
Suite_15,Deferred_Uber,0,1581,1.64867,0.628902,0.005824,0.088192,0.374528,2.30438,433.956,15000,5120,19.2121
Suite_15,Deferred_Uber,0,1582,1.6503,0.63008,0.004096,0.089664,0.37888,2.29734,435.287,15000,4864,19.255
Suite_15,Deferred_Uber,0,1583,1.64564,0.624099,0.003808,0.085856,0.375808,2.29759,435.239,15000,4608,18.779
Suite_15,Deferred_Uber,0,1584,1.64079,0.625957,0.003424,0.083968,0.372736,2.28582,437.479,15000,3968,18.8159
Suite_15,Deferred_Uber,0,1585,1.64001,0.640718,0.003968,0.080288,0.3632,2.28545,437.551,15000,3840,18.8555
Suite_15,Deferred_Uber,0,1586,1.63701,0.621451,0.002976,0.080416,0.36816,2.29822,435.12,15000,3328,18.8937
Suite_15,Deferred_Uber,0,1587,1.63003,0.624509,0.00288,0.079616,0.370688,2.27402,439.75,15000,3072,18.932
Suite_15,Deferred_Uber,0,1588,1.6278,0.628098,0.002048,0.079488,0.366592,2.27131,440.274,15000,2688,18.2111
Suite_15,Deferred_Uber,0,1589,1.62008,0.625468,0.003104,0.079136,0.356576,2.2739,439.773,15000,2432,18.2437
Suite_15,Deferred_Uber,0,1590,1.61929,0.642908,0.002176,0.077344,0.365792,2.26234,442.019,15000,2176,18.2758
Suite_15,Deferred_Uber,0,1591,1.62096,0.646615,0.001952,0.076384,0.362496,2.28122,438.361,15000,2048,18.3064
Suite_15,Deferred_Uber,0,1592,1.61285,0.617724,0.002048,0.076064,0.362624,2.28485,437.665,15000,1792,18.3357
Suite_15,Deferred_Uber,0,1593,1.61169,0.618935,0.001504,0.075776,0.359968,2.24813,444.814,15000,1536,18.3633
Suite_15,Deferred_Uber,0,1594,1.60739,0.633524,0.000704,0.070176,0.349984,2.24708,445.023,15000,896,18.3875
Suite_15,Deferred_Uber,0,1595,1.60111,0.619412,0.00176,0.069632,0.356608,2.25724,443.02,15000,896,18.4134
Suite_15,Deferred_Uber,0,1596,1.59396,0.611234,0.00176,0.069632,0.36864,2.24145,446.14,15000,384,18.4351
Suite_15,Deferred_Uber,0,1597,1.5941,0.620243,0.000544,0.068288,0.354304,2.22236,449.973,15000,384,18.4574
Suite_15,Deferred_Uber,0,1598,1.59396,0.612029,0.001824,0.06848,0.350336,2.23248,447.932,15000,384,18.4777
Suite_15,Deferred_Uber,0,1599,1.58648,0.609618,0.0016,0.067584,0.376832,2.22077,450.295,15000,256,16.1752
Suite_15,Deferred_Uber,0,1600,1.59054,0.626569,0.00064,0.067296,0.342016,2.21055,452.375,15000,128,16.2352
Suite_15,Deferred_Uber,0,1601,1.58802,0.630942,0.000512,0.0688,0.354304,2.23544,447.339,15000,128,16.2932
Suite_15,Deferred_Uber,0,1602,1.58644,0.607699,0.000864,0.068064,0.38544,2.23745,446.938,15000,128,16.3485
Suite_15,Deferred_Uber,0,1603,1.57738,0.627986,0.001408,0.067584,0.351712,2.20908,452.676,15000,128,16.4011
Suite_15,Deferred_Uber,0,1604,1.57441,0.612623,0.000768,0.066528,0.34816,2.22177,450.091,15000,128,16.451
Suite_15,Deferred_Uber,0,1605,1.5721,0.586472,0.00112,0.06144,0.362496,2.20372,453.779,15000,0,16.497
Suite_15,Deferred_Uber,0,1606,1.57545,0.599849,0.000768,0.062688,0.343328,2.17424,459.931,15000,0,16.5419
Suite_15,Deferred_Uber,0,1607,1.57713,0.59253,0,0.06144,0.340832,2.19157,456.293,15000,0,16.5843
Suite_15,Deferred_Uber,0,1608,1.56389,0.588216,0.00128,0.06144,0.344064,2.18439,457.793,15000,0,13.851
Suite_15,Deferred_Uber,0,1609,1.56594,0.603803,0.000704,0.060256,0.351264,2.16813,461.227,15000,0,13.9258
Suite_15,Deferred_Uber,0,1610,1.56653,0.59227,0.000512,0.060224,0.335616,2.18725,457.194,15000,0,13.9976
Suite_15,Deferred_Uber,0,1611,1.55741,0.588047,0.000448,0.060064,0.336,2.17352,460.084,15000,0,13.4728
Suite_15,Deferred_Uber,0,1612,1.56061,0.583448,0.00048,0.060128,0.345952,2.15985,462.995,15000,0,13.5371
Suite_15,Deferred_Uber,0,1613,1.56259,0.600797,0.000512,0.060256,0.343552,2.16102,462.745,15000,0,13.5992
Suite_15,Deferred_Uber,0,1614,1.55208,0.589944,0,0.060672,0.341056,2.17884,458.959,15000,0,13.3859
Suite_15,Deferred_Uber,0,1615,1.54732,0.587064,0.000736,0.059968,0.371008,2.15594,463.835,15000,0,13.4429
Suite_15,Deferred_Uber,0,1616,1.54659,0.599572,0.00128,0.060896,0.336384,2.14796,465.559,15000,0,13.4983
Suite_15,Deferred_Uber,0,1617,1.55033,0.586046,0.000448,0.06,0.342016,2.1632,462.279,15000,0,13.5523
Suite_15,Deferred_Uber,0,1618,1.5519,0.578678,0.000736,0.060896,0.371264,2.15187,464.711,15000,0,13.6051
Suite_15,Deferred_Uber,0,1619,1.55022,0.59793,0.000768,0.061376,0.348288,2.14403,466.411,15000,0,13.6569
Suite_15,Deferred_Uber,0,1620,1.54449,0.588455,0.001056,0.060832,0.34048,2.16367,462.177,15000,0,13.7078
Suite_15,Deferred_Uber,0,1621,1.5435,0.586803,0.00032,0.059936,0.344064,2.14891,465.352,15000,0,13.7579
Suite_15,Deferred_Uber,0,1622,1.53748,0.600518,0.000704,0.060224,0.341568,2.1451,466.179,15000,0,13.8074
Suite_15,Deferred_Uber,0,1623,1.54001,0.596085,0,0.06064,0.348384,2.15374,464.308,15000,0,13.8564
Suite_15,Deferred_Uber,0,1624,1.54442,0.582271,0.001408,0.060928,0.342848,2.15054,464.999,15000,0,13.1158
Suite_15,Deferred_Uber,0,1625,1.54132,0.596477,0.000544,0.059904,0.346112,2.14899,465.334,15000,0,13.1605
Suite_15,Deferred_Uber,0,1626,1.54093,0.591936,0.001472,0.061088,0.344448,2.15455,464.135,15000,0,13.205
Suite_15,Deferred_Uber,0,1627,1.53089,0.588857,0.000288,0.060032,0.343328,2.14704,465.757,15000,0,13.2493
Suite_15,Deferred_Uber,0,1628,1.52873,0.585608,0.002048,0.060864,0.369088,2.1334,468.736,15000,0,13.2934
Suite_15,Deferred_Uber,0,1629,1.5277,0.605556,0.001184,0.06064,0.347712,2.13081,469.304,15000,0,13.3374
Suite_15,Deferred_Uber,0,1630,1.54305,0.662989,0.000736,0.060192,0.344064,2.14976,465.168,15000,0,13.3811
Suite_15,Deferred_Uber,0,1631,1.53152,0.589868,0.000704,0.059872,0.372928,2.22405,449.63,15000,0,13.4246
Suite_15,Deferred_Uber,0,1632,1.53362,0.600632,0.00032,0.059744,0.34816,2.13653,468.048,15000,0,13.4679
Suite_15,Deferred_Uber,0,1633,1.52945,0.592006,0.001184,0.059392,0.336224,2.1526,464.555,15000,0,12.3758
Suite_15,Deferred_Uber,0,1634,1.51857,0.584443,6.4e-05,0.059904,0.367648,2.13677,467.997,15000,0,12.4087
Suite_15,Deferred_Uber,0,1635,1.51749,0.605584,0.000736,0.06016,0.3456,2.11677,472.418,15000,0,12.4412
Suite_15,Deferred_Uber,0,1636,1.51894,0.590454,0.001056,0.059648,0.342848,2.13893,467.524,15000,0,12.4733
Suite_15,Deferred_Uber,0,1637,1.52166,0.586752,0.001312,0.060704,0.334656,2.12483,470.626,15000,0,12.5049
Suite_15,Deferred_Uber,0,1638,1.51536,0.591736,0.00112,0.06064,0.3504,2.12326,470.974,15000,0,12.5358
Suite_15,Deferred_Uber,0,1639,1.52311,0.589017,0.000512,0.059968,0.343648,2.12183,471.292,15000,0,12.5661
Suite_15,Deferred_Uber,0,1640,1.51872,0.583749,0,0.059616,0.342048,2.12667,470.22,15000,0,12.5956
Suite_15,Deferred_Uber,0,1641,1.51118,0.589805,0.001088,0.059392,0.377184,2.11779,472.191,15000,0,11.9654
Suite_15,Deferred_Uber,0,1642,1.50799,0.600078,0,0.059392,0.34,2.11556,472.689,15000,0,11.9894
Suite_15,Deferred_Uber,0,1643,1.50722,0.590288,0.001056,0.059392,0.337504,2.1236,470.898,15000,0,12.0124
Suite_15,Deferred_Uber,0,1644,1.50697,0.584701,6.4e-05,0.059392,0.362496,2.11143,473.613,15000,0,12.0343
Suite_15,Deferred_Uber,0,1645,1.51167,0.60058,0.000352,0.059776,0.346112,2.10836,474.301,15000,0,11.6639
Suite_15,Deferred_Uber,0,1646,1.50353,0.584545,0.001664,0.059392,0.337152,2.12939,469.618,15000,0,11.6814
Suite_15,Deferred_Uber,0,1647,1.50135,0.58753,0.001632,0.059392,0.335616,2.10181,475.78,15000,0,11.6976
Suite_15,Deferred_Uber,0,1648,1.5106,0.634292,0.001664,0.059392,0.344096,2.10261,475.599,15000,0,11.7123
Suite_15,Deferred_Uber,0,1649,1.50875,0.596734,3.2e-05,0.059296,0.344576,2.16554,461.779,15000,0,10.9359
Suite_15,Deferred_Uber,0,1650,1.49694,0.58829,0.00064,0.058112,0.339168,2.121,471.477,15000,0,8.86375
Suite_15,Deferred_Uber,0,1651,1.49433,0.610521,0.000128,0.05936,0.347328,2.09875,476.473,15000,0,8.91495
Suite_15,Deferred_Uber,0,1652,1.49945,0.59211,0.001088,0.058912,0.345824,2.12057,471.57,15000,0,8.96347
Suite_15,Deferred_Uber,0,1653,1.49499,0.588401,0.000736,0.058272,0.333792,2.11579,472.637,15000,0,9.00931
Suite_15,Deferred_Uber,0,1654,1.49027,0.583289,0.000384,0.059392,0.360448,2.09811,476.619,15000,0,9.05246
Suite_15,Deferred_Uber,0,1655,1.49842,0.595018,0.001056,0.058976,0.340352,2.08698,479.162,15000,0,7.23937
Suite_15,Deferred_Uber,0,1656,1.49502,0.584784,0.00032,0.05776,0.333536,2.10864,474.239,15000,0,7.27058
Suite_15,Deferred_Uber,0,1657,1.49294,0.588892,0.000544,0.057792,0.358496,2.09544,477.226,15000,0,7.29977
Suite_15,Deferred_Uber,0,1658,1.48987,0.595752,0.000224,0.057728,0.339968,2.09717,476.833,15000,0,7.32695
Suite_15,Deferred_Uber,0,1659,1.48504,0.592525,0,0.05888,0.34496,2.10194,475.751,15000,0,7.35218
Suite_15,Deferred_Uber,0,1660,1.48243,0.585104,0.001376,0.059168,0.333984,2.0917,478.079,15000,0,7.37549
Suite_15,Deferred_Uber,0,1661,1.48061,0.597072,0,0.058848,0.34176,2.08337,479.992,15000,0,7.39694
Suite_15,Deferred_Uber,0,1662,1.48108,0.59413,0,0.059008,0.334496,2.09403,477.548,15000,0,7.41657
Suite_15,Deferred_Uber,0,1663,1.48266,0.588468,0.000448,0.058016,0.339808,2.08954,478.575,15000,0,7.43445
Suite_15,Deferred_Uber,0,1664,1.47698,0.584191,0.000288,0.059232,0.364608,2.08439,479.757,15000,0,7.45064
Suite_15,Deferred_Uber,0,1665,1.4848,0.602945,0.000128,0.058656,0.345248,2.07622,481.645,15000,0,7.46519
Suite_15,Deferred_Uber,0,1666,1.48187,0.58328,0.000704,0.05824,0.339456,2.10439,475.198,15000,0,7.47818
Suite_15,Deferred_Uber,0,1667,1.47511,0.580825,6.4e-05,0.057536,0.361824,2.07886,481.033,15000,0,7.48967
Suite_15,Deferred_Uber,0,1668,1.47835,0.595967,0,0.058752,0.347328,2.06957,483.192,15000,0,7.49971
Suite_15,Deferred_Uber,0,1669,1.48017,0.587279,0.000736,0.059392,0.342016,2.09172,478.075,15000,0,7.50838
Suite_15,Deferred_Uber,0,1670,1.48275,0.582309,0.000768,0.059392,0.337536,2.08277,480.129,15000,0,7.51574
Suite_15,Deferred_Uber,0,1671,1.4737,0.605367,0.0008,0.059392,0.34224,2.07876,481.057,15000,0,7.52185
Suite_15,Deferred_Uber,0,1672,1.46952,0.595581,0.000224,0.057536,0.34528,2.09481,477.369,15000,0,7.52678
Suite_15,Deferred_Uber,0,1673,1.47415,0.586715,0.001568,0.060896,0.345632,2.08107,480.521,15000,0,7.53057
Suite_15,Deferred_Uber,0,1674,1.46933,0.58616,0.000704,0.060064,0.368736,2.07547,481.818,15000,0,7.53329
Suite_15,Deferred_Uber,0,1675,1.4737,0.601095,0.00048,0.059808,0.337568,2.06863,483.413,15000,0,7.53498
Suite_15,Deferred_Uber,0,1676,1.46817,0.586058,0.000416,0.060032,0.33792,2.08986,478.501,15000,0,7.5357
Suite_15,Deferred_Uber,0,1677,1.46288,0.586084,0.000576,0.060256,0.355744,2.07008,483.072,15000,0,7.5355
Suite_15,Deferred_Uber,0,1678,1.46453,0.597045,0.0008,0.061152,0.340128,2.06367,484.573,15000,0,7.5344
Suite_15,Deferred_Uber,0,1679,1.4671,0.586569,0,0.059488,0.347936,2.07704,481.453,15000,0,7.53246
Suite_15,Deferred_Uber,0,1680,1.46479,0.58162,0.001312,0.060672,0.339328,2.06757,483.659,15000,0,7.5297
Suite_15,Deferred_Uber,0,1681,1.46777,0.592057,0.001056,0.059456,0.342016,2.06161,485.058,15000,0,7.52615
Suite_15,Deferred_Uber,0,1682,1.46772,0.591884,0.000128,0.059648,0.339008,2.08352,479.956,15000,0,6.14214
Suite_15,Deferred_Uber,0,1683,1.46164,0.584089,0.000672,0.060576,0.339968,2.07477,481.981,15000,0,6.13983
Suite_15,Deferred_Uber,0,1684,1.45931,0.579361,0.001824,0.059456,0.374048,2.05908,485.653,15000,0,6.13709
Suite_15,Deferred_Uber,0,1685,1.46151,0.603786,0.001728,0.059392,0.34832,2.05831,485.834,15000,0,6.13392
Suite_15,Deferred_Uber,0,1686,1.46221,0.588124,0.001472,0.059392,0.338176,2.08126,480.478,15000,0,6.13032
Suite_15,Deferred_Uber,0,1687,1.45696,0.586367,0.000704,0.059328,0.342048,2.06435,484.413,15000,0,6.12631
Suite_15,Deferred_Uber,0,1688,1.4577,0.597723,0.000352,0.059648,0.33792,2.05672,486.21,15000,0,6.12187
Suite_15,Deferred_Uber,0,1689,1.45916,0.590423,0,0.059392,0.346368,2.0726,482.486,15000,0,6.117
Suite_15,Deferred_Uber,0,1690,1.46155,0.584696,0,0.059136,0.337248,2.06422,484.444,15000,0,6.11171
Suite_15,Deferred_Uber,0,1691,1.45389,0.595624,0.000352,0.059104,0.345696,2.05955,485.543,15000,0,6.10597
Suite_15,Deferred_Uber,0,1692,1.45674,0.592503,0.000832,0.057792,0.347296,2.06449,484.382,15000,0,6.09977
Suite_15,Deferred_Uber,0,1693,1.45396,0.584686,0.000192,0.059072,0.343552,2.06529,484.194,15000,0,6.09311
Suite_15,Deferred_Uber,0,1694,1.46195,0.579117,0.00016,0.059392,0.370048,2.05269,487.166,15000,0,6.08597
Suite_15,Deferred_Uber,0,1695,1.46126,0.593118,0.000416,0.059296,0.342016,2.05415,486.82,15000,0,6.07833
Suite_15,Deferred_Uber,0,1696,1.46037,0.60361,0.0008,0.057856,0.341984,2.06939,483.235,15000,0,6.07018
Suite_15,Deferred_Uber,0,1697,1.46235,0.583558,0.001632,0.059392,0.336608,2.08177,480.361,15000,0,6.06149
Suite_15,Deferred_Uber,0,1698,1.46177,0.596634,0.001856,0.059328,0.342016,2.06111,485.176,15000,0,6.05224
Suite_15,Deferred_Uber,0,1699,1.46236,0.588384,0.001184,0.059392,0.343808,2.07411,482.134,15000,0,6.04243
Suite_15,Deferred_Uber,0,1700,1.45643,0.585833,0.001856,0.059392,0.3408,2.06522,484.21,15000,0,6.03202
Suite_15,Deferred_Uber,0,1701,1.45515,0.598862,3.2e-05,0.05952,0.346112,2.05769,485.983,15000,0,6.02101
Suite_15,Deferred_Uber,0,1702,1.45077,0.595848,0.001472,0.059392,0.345952,2.07111,482.832,15000,0,6.00937
Suite_15,Deferred_Uber,0,1703,1.45454,0.587238,0.001728,0.059392,0.34016,2.06073,485.265,15000,0,5.99708
Suite_15,Deferred_Uber,0,1704,1.4505,0.584257,0.000288,0.059392,0.376832,2.05492,486.638,15000,0,5.98413
Suite_15,Deferred_Uber,0,1705,1.45223,0.598063,0.000992,0.05936,0.339744,2.04949,487.927,15000,0,5.9705
Suite_15,Deferred_Uber,0,1706,1.45192,0.618223,0.000544,0.0592,0.339648,2.0666,483.887,15000,0,5.95619
Suite_15,Deferred_Uber,0,1707,1.45287,0.585739,0.001472,0.059392,0.346112,2.08437,479.762,15000,0,5.94117
Suite_15,Deferred_Uber,0,1708,1.45346,0.593665,0.001216,0.059392,0.342016,2.05249,487.212,15000,0,5.92543
Suite_15,Deferred_Uber,0,1709,1.45992,0.589924,0.00112,0.059392,0.336384,2.06459,484.358,15000,0,5.90897
Suite_15,Deferred_Uber,0,1710,1.44994,0.581363,0.001728,0.059392,0.336704,2.07133,482.781,15000,0,4.28177
Suite_15,Deferred_Uber,0,1711,1.45524,0.584825,0.000128,0.059232,0.35136,2.04471,489.066,15000,0,4.2897
Suite_15,Deferred_Uber,0,1712,1.45897,0.600736,0.001472,0.059392,0.340672,2.0541,486.83,15000,0,4.29639
Suite_15,Deferred_Uber,0,1713,1.45815,0.584937,0.00128,0.059392,0.342688,2.07797,481.238,15000,0,4.30187
Suite_15,Deferred_Uber,0,1714,1.45249,0.581195,0.001088,0.059392,0.361536,2.05818,485.866,15000,0,4.30612
Suite_15,Deferred_Uber,0,1715,1.45485,0.593625,0.000832,0.059136,0.335872,2.04691,488.542,15000,0,4.30916
Suite_15,Deferred_Uber,0,1716,1.45541,0.591002,0.00032,0.059232,0.342016,2.06474,484.322,15000,0,4.311
Suite_15,Deferred_Uber,0,1717,1.45515,0.586834,0.001536,0.059392,0.338848,2.06182,485.009,15000,0,4.31165
Suite_15,Deferred_Uber,0,1718,1.45037,0.594137,0.00064,0.05888,0.339968,2.0565,486.264,15000,0,4.31112
Suite_15,Deferred_Uber,0,1719,1.45067,0.606776,0.001152,0.05904,0.337632,2.05947,485.562,15000,0,3.38052
Suite_15,Deferred_Uber,0,1720,1.45086,0.586615,0.001536,0.059328,0.335712,2.07183,482.666,15000,0,3.37578
Suite_15,Deferred_Uber,0,1721,1.4491,0.587365,0.000416,0.059392,0.364768,2.05239,487.236,15000,0,2.44525
Suite_15,Deferred_Uber,0,1722,1.4502,0.599157,0.0008,0.057664,0.345248,2.05077,487.621,15000,0,2.43627
Suite_15,Deferred_Uber,0,1723,1.45333,0.588295,0.000448,0.057504,0.339328,2.06409,484.475,15000,0,2.42651
Suite_15,Deferred_Uber,0,1724,1.45555,0.582834,0.000704,0.057792,0.335712,2.05512,486.588,15000,0,2.41598
Suite_15,Deferred_Uber,0,1725,1.44758,0.599258,0.00064,0.057568,0.341664,2.05379,486.905,15000,0,2.40472
Suite_15,Deferred_Uber,0,1726,1.45204,0.605883,0.001248,0.058464,0.342016,2.06295,484.742,15000,0,2.39275
Suite_15,Deferred_Uber,0,1727,1.45092,0.582966,0.001504,0.059104,0.337664,2.07214,482.593,15000,0,2.3801
Suite_15,Deferred_Uber,0,1728,1.44947,0.587456,0.002048,0.05792,0.344608,2.04691,488.542,15000,0,2.3668
Suite_15,Deferred_Uber,0,1729,1.45035,0.589123,0.000352,0.05872,0.343136,2.05377,486.909,15000,0,2.35288
Suite_15,Deferred_Uber,0,1730,1.45376,0.580991,0.0008,0.059296,0.343392,2.05488,486.647,15000,0,2.33838
Suite_15,Deferred_Uber,0,1731,1.45018,0.579013,0.000736,0.059392,0.364928,2.04753,488.393,15000,0,2.32331
Suite_15,Deferred_Uber,0,1732,1.45907,0.591152,0.00176,0.058176,0.340768,2.04215,489.68,15000,0,2.30772
Suite_15,Deferred_Uber,0,1733,1.45066,0.600871,0.000544,0.059264,0.349984,2.06738,483.704,15000,0,2.29164
Suite_15,Deferred_Uber,0,1734,1.44985,0.58539,0.002048,0.057952,0.340576,2.0661,484.003,15000,0,2.27509
Suite_15,Deferred_Uber,0,1735,1.44737,0.595612,0.001888,0.058272,0.33552,2.04843,488.179,15000,0,2.25811
Suite_15,Deferred_Uber,0,1736,1.45129,0.589987,0.001888,0.059392,0.3344,2.05777,485.962,15000,0,2.24072
Suite_15,Deferred_Uber,0,1737,1.44823,0.589813,0.001536,0.059392,0.33968,2.05651,486.262,15000,0,0
Suite_15,Deferred_Uber,0,1738,1.45124,0.585655,0.000896,0.058752,0.34432,2.05222,487.276,15000,0,0
Suite_15,Deferred_Uber,0,1739,1.45396,0.60141,0.001632,0.05824,0.346976,2.05636,486.297,15000,0,0
Suite_15,Deferred_Uber,0,1740,1.45177,0.585383,0.00192,0.05824,0.346976,2.07019,483.048,15000,0,0
Suite_15,Deferred_Uber,0,1741,1.44712,0.585864,0.0016,0.058976,0.370688,2.05247,487.217,15000,0,0
Suite_15,Deferred_Uber,0,1742,1.45183,0.596652,0.001632,0.059392,0.337088,2.04696,488.529,15000,0,0
Suite_15,Deferred_Uber,0,1743,1.45185,0.599563,0.000672,0.058784,0.345376,2.06322,484.679,15000,0,0
Suite_15,Deferred_Uber,0,1744,1.45206,0.579309,0.001728,0.059232,0.337632,2.06522,484.211,15000,0,0
Suite_15,Deferred_Uber,0,1745,1.46337,0.626261,0.00176,0.059392,0.342016,2.04667,488.598,15000,0,0
Suite_15,Deferred_Uber,0,1746,1.46003,0.592364,0.001696,0.059392,0.335872,2.10847,474.276,15000,0,0
Suite_15,Deferred_Uber,0,1747,1.46659,0.581237,0.001792,0.059168,0.343552,2.06702,483.787,15000,0,0
Suite_15,Deferred_Uber,0,1748,1.45674,0.579546,0.002048,0.061024,0.374848,2.06159,485.063,15000,0,0
Suite_15,Deferred_Uber,0,1749,1.4589,0.595772,0.00192,0.059264,0.34384,2.05145,487.461,15000,0,0
Suite_15,Deferred_Uber,0,1750,1.45996,0.586781,0.001888,0.059392,0.347776,2.07098,482.863,15000,0,0
Suite_15,Deferred_Uber,0,1751,1.45399,0.585094,0.002048,0.057728,0.3368,2.06011,485.411,15000,0,0
Suite_15,Deferred_Uber,0,1752,1.46592,0.595383,0.002048,0.057824,0.340448,2.05293,487.109,15000,0,0
Suite_15,Deferred_Uber,0,1753,1.45755,0.591481,0.002112,0.059392,0.346112,2.07871,481.068,15000,0,0
Suite_15,Deferred_Uber,0,1754,1.45444,0.586356,0.002304,0.058944,0.336096,2.06402,484.492,15000,0,0
Suite_15,Deferred_Uber,0,1755,1.46075,0.597247,0.002048,0.057632,0.345056,2.05436,486.77,15000,0,0
Suite_15,Deferred_Uber,0,1756,1.46593,0.590526,0.002112,0.059168,0.346112,2.07299,482.396,15000,0,0
Suite_15,Deferred_Uber,0,1757,1.46475,0.585556,0.002048,0.058976,0.34848,2.0733,482.322,15000,0,0
Suite_15,Deferred_Uber,0,1758,1.46473,0.581851,0.002048,0.060736,0.374624,2.06439,484.404,15000,0,0
Suite_15,Deferred_Uber,0,1759,1.47283,0.593546,0.002048,0.0592,0.346816,2.05975,485.496,15000,0,0
Suite_15,Deferred_Uber,0,1760,1.46881,0.584675,0.003104,0.059392,0.342304,2.08183,480.347,15000,0,0
Suite_15,Deferred_Uber,0,1761,1.46608,0.580783,0.002048,0.059008,0.332896,2.06849,483.443,15000,0,0
Suite_15,Deferred_Uber,0,1762,1.47247,0.590996,0.0024,0.059392,0.349824,2.06129,485.132,15000,0,0
Suite_15,Deferred_Uber,0,1763,1.46922,0.584653,0.0024,0.060448,0.342016,2.07906,480.986,15000,0,0
Suite_15,Deferred_Uber,0,1764,1.47456,0.580082,0.002592,0.058272,0.33568,2.06767,483.636,15000,0,0
Suite_15,Deferred_Uber,0,1765,1.46806,0.596399,0.003488,0.059232,0.340224,2.07414,482.127,15000,0,0
Suite_15,Deferred_Uber,0,1766,1.47243,0.598425,0.003392,0.059392,0.33952,2.08057,480.637,15000,0,0
Suite_15,Deferred_Uber,0,1767,1.47094,0.592162,0.00336,0.059392,0.339744,2.09366,477.633,15000,0,0
Suite_15,Deferred_Uber,0,1768,1.47314,0.584729,0.00208,0.06144,0.375968,2.07713,481.433,15000,0,0
Suite_15,Deferred_Uber,0,1769,1.4779,0.599863,0.0024,0.059456,0.342016,2.07337,482.307,15000,0,0
Suite_15,Deferred_Uber,0,1770,1.47517,0.58882,0.002784,0.059168,0.346112,2.09493,477.343,15000,0,0
Suite_15,Deferred_Uber,0,1771,1.47376,0.587772,0.002432,0.059136,0.341088,2.07754,481.338,15000,0,0
Suite_15,Deferred_Uber,0,1772,1.48535,0.590437,0.002176,0.059456,0.346112,2.07512,481.901,15000,0,0
Suite_15,Deferred_Uber,0,1773,1.4872,0.589427,0.002624,0.059968,0.339968,2.09401,477.552,15000,0,0
Suite_15,Deferred_Uber,0,1774,1.48229,0.579634,0.002144,0.059392,0.335872,2.09182,478.053,15000,0,0
Suite_15,Deferred_Uber,0,1775,1.5064,0.667331,0.003648,0.060768,0.344768,2.07541,481.832,15000,0,0
Suite_15,Deferred_Uber,0,1776,1.49167,0.599018,0.002272,0.059296,0.345344,2.19228,456.147,15000,0,0
Suite_15,Deferred_Uber,0,1777,1.49017,0.587844,0.002688,0.059392,0.350208,2.10675,474.666,15000,0,0
Suite_15,Deferred_Uber,0,1778,1.48864,0.582588,0.003776,0.061408,0.372352,2.09194,478.026,15000,0,0
Suite_15,Deferred_Uber,0,1779,1.49486,0.600849,0.00304,0.059616,0.348352,2.08401,479.843,15000,0,0
Suite_15,Deferred_Uber,0,1780,1.49381,0.585755,0.004096,0.059776,0.340256,2.11107,473.694,15000,0,0
Suite_15,Deferred_Uber,0,1781,1.49321,0.579931,0.004096,0.05968,0.344,2.09455,477.429,15000,0,0
Suite_15,Deferred_Uber,0,1782,1.50033,0.594334,0.003936,0.059968,0.34672,2.08764,479.009,15000,0,0
Suite_15,Deferred_Uber,0,1783,1.50336,0.587108,0.003744,0.060448,0.352256,2.10935,474.079,15000,0,0
Suite_15,Deferred_Uber,0,1784,1.5028,0.580316,0.004096,0.059744,0.343328,2.10415,475.252,15000,0,0
Suite_15,Deferred_Uber,0,1785,1.50436,0.596409,0.003712,0.059936,0.351552,2.09765,476.723,15000,0,0
Suite_15,Deferred_Uber,0,1786,1.49956,0.592918,0.003904,0.059584,0.347008,2.11673,472.426,15000,0,0
Suite_15,Deferred_Uber,0,1787,1.50205,0.58841,0.005152,0.059392,0.346304,2.10594,474.847,15000,0,0
Suite_15,Deferred_Uber,0,1788,1.50238,0.582458,0.005312,0.062912,0.376256,2.10344,475.412,15000,0,0
Suite_15,Deferred_Uber,0,1789,1.5066,0.598017,0.004096,0.060512,0.348096,2.10013,476.161,15000,0,0
Suite_15,Deferred_Uber,0,1790,1.50856,0.58587,0.004128,0.059936,0.341472,2.12074,471.534,15000,0,0
Suite_15,Deferred_Uber,0,1791,1.5088,0.583103,0.005152,0.059392,0.366176,2.10736,474.528,15000,0,0
Suite_15,Deferred_Uber,0,1792,1.52043,0.591444,0.005216,0.060864,0.350432,2.10477,475.112,15000,0,0
Suite_15,Deferred_Uber,0,1793,1.52035,0.611204,0.004384,0.059968,0.345312,2.12876,469.756,15000,0,0
Suite_15,Deferred_Uber,0,1794,1.51388,0.586829,0.004704,0.060096,0.349536,2.1478,465.592,15000,0,0
Suite_15,Deferred_Uber,0,1795,1.51202,0.604252,0.004096,0.061088,0.342656,2.12021,471.651,15000,0,0
Suite_15,Deferred_Uber,0,1796,1.5205,0.596398,0.004096,0.060928,0.355744,2.13206,469.031,15000,0,0
Suite_15,Deferred_Uber,0,1797,1.52085,0.585684,0.005888,0.06016,0.346112,2.13241,468.953,15000,0,0
Suite_15,Deferred_Uber,0,1798,1.51831,0.584677,0.004224,0.059392,0.352224,2.12042,471.604,15000,0,0
Suite_15,Deferred_Uber,0,1799,1.52427,0.602683,0.004096,0.061152,0.35008,2.11664,472.448,15000,0,0
Suite_15,Deferred_Uber,0,1800,1.53223,0.581859,0.00592,0.060128,0.340288,2.1419,466.875,15000,0,0
Suite_15,Deferred_Uber,0,1801,1.52751,0.579254,0.006144,0.062752,0.377856,2.12859,469.794,15000,0,0
Suite_15,Deferred_Uber,0,1802,1.53473,0.607468,0.006144,0.059648,0.34352,2.1206,471.565,15000,0,0
Suite_15,Deferred_Uber,0,1803,1.53217,0.588361,0.004992,0.06048,0.34816,2.15813,463.365,15000,0,0
Suite_15,Deferred_Uber,0,1804,1.53048,0.583628,0.006048,0.05984,0.372736,2.13365,468.681,15000,0,0
Suite_15,Deferred_Uber,0,1805,1.53453,0.59884,0.006144,0.059744,0.345728,2.12958,469.576,15000,0,0
Suite_15,Deferred_Uber,0,1806,1.54036,0.583235,0.005824,0.06032,0.351936,2.14966,465.189,15000,0,0
Suite_15,Deferred_Uber,0,1807,1.55037,0.580886,0.00624,0.06144,0.346624,2.13643,468.071,15000,0,0
Suite_15,Deferred_Uber,0,1808,1.55045,0.592861,0.006144,0.059936,0.351776,2.14432,466.349,15000,0,0
Suite_15,Deferred_Uber,0,1809,1.55455,0.59255,0.006144,0.061472,0.344896,2.15963,463.043,15000,0,0
Suite_15,Deferred_Uber,0,1810,1.5506,0.584377,0.006304,0.06144,0.346112,2.1618,462.577,15000,0,0
Suite_15,Deferred_Uber,0,1811,1.5524,0.585919,0.00624,0.061024,0.349728,2.14759,465.638,15000,0,0
Suite_15,Deferred_Uber,0,1812,1.55701,0.59163,0.00624,0.06144,0.352256,2.15191,464.704,15000,0,0
Suite_15,Deferred_Uber,0,1813,1.55958,0.581083,0.006144,0.061344,0.346144,2.16452,461.997,15000,0,0
Suite_15,Deferred_Uber,0,1814,1.5661,0.577107,0.007488,0.063488,0.370688,2.15437,464.173,15000,0,0
Suite_15,Deferred_Uber,0,1815,1.5716,0.609323,0.007456,0.061504,0.35056,2.15611,463.798,15000,0,0
Suite_15,Deferred_Uber,0,1816,1.5673,0.586506,0.006208,0.062496,0.344064,2.19642,455.286,15000,0,0
Suite_15,Deferred_Uber,0,1817,1.56688,0.583568,0.008192,0.063488,0.376832,2.16885,461.073,15000,0,0
Suite_15,Deferred_Uber,0,1818,1.57704,0.594358,0.007136,0.06112,0.35648,2.1642,462.064,15000,0,0
Suite_15,Deferred_Uber,0,1819,1.58076,0.585763,0.008192,0.061536,0.35168,2.18581,457.497,15000,0,0
Suite_15,Deferred_Uber,0,1820,1.58258,0.578244,0.007872,0.061216,0.354304,2.17932,458.859,15000,0,0
Suite_15,Deferred_Uber,0,1821,1.58532,0.597797,0.007936,0.06176,0.3584,2.1758,459.6,15000,0,0
Suite_15,Deferred_Uber,0,1822,1.58423,0.587472,0.008192,0.06144,0.349792,2.19951,454.647,15000,0,0
Suite_15,Deferred_Uber,0,1823,1.58467,0.585237,0.008192,0.06144,0.344896,2.1849,457.686,15000,0,0
Suite_15,Deferred_Uber,0,1824,1.59603,0.595904,0.008416,0.061504,0.350208,2.18939,456.749,15000,0,0
Suite_15,Deferred_Uber,0,1825,1.59301,0.585736,0.008352,0.061728,0.352256,2.20915,452.663,15000,0,0
Suite_15,Deferred_Uber,0,1826,1.5978,0.583208,0.009536,0.063424,0.35104,2.19308,455.981,15000,0,0
Suite_15,Deferred_Uber,0,1827,1.59594,0.602103,0.008672,0.0624,0.350464,2.19429,455.729,15000,0,0
Suite_15,Deferred_Uber,0,1828,1.60165,0.595789,0.009632,0.06224,0.348544,2.21253,451.972,15000,0,0
Suite_15,Deferred_Uber,0,1829,1.6056,0.583665,0.008224,0.062496,0.354304,2.21331,451.813,15000,0,0
Suite_15,Deferred_Uber,0,1830,1.60714,0.578604,0.010144,0.061856,0.356288,2.20325,453.874,15000,0,0
Suite_15,Deferred_Uber,0,1831,1.61094,0.598199,0.01008,0.061888,0.354784,2.19855,454.846,15000,0,0
Suite_15,Deferred_Uber,0,1832,1.61821,0.587315,0.01024,0.06352,0.353568,2.22322,449.799,15000,0,0
Suite_15,Deferred_Uber,0,1833,1.61811,0.581057,0.01024,0.083968,0.385568,2.21998,450.454,15000,0,0
Suite_15,Deferred_Uber,0,1834,1.62577,0.595171,0.01024,0.0632,0.356768,2.21287,451.902,15000,0,0
Suite_15,Deferred_Uber,0,1835,1.62804,0.590346,0.010368,0.062688,0.3584,2.23509,447.41,15000,0,0
Suite_15,Deferred_Uber,0,1836,1.62444,0.583237,0.011008,0.065472,0.378976,2.23171,448.086,15000,0,0
Suite_15,Deferred_Uber,0,1837,1.63248,0.602177,0.01024,0.062976,0.364096,2.22322,449.799,15000,0,0
Suite_15,Deferred_Uber,0,1838,1.63798,0.581334,0.011712,0.0632,0.356736,2.25006,444.432,15000,0,0
Suite_15,Deferred_Uber,0,1839,1.64139,0.604945,0.012288,0.065536,0.378144,2.23211,448.006,15000,0,0
Suite_15,Deferred_Uber,0,1840,1.64502,0.607123,0.011744,0.064736,0.362816,2.2621,442.068,15000,0,0
Suite_15,Deferred_Uber,0,1841,1.64488,0.591576,0.011776,0.064864,0.35808,2.27001,440.527,15000,0,0
Suite_15,Deferred_Uber,0,1842,1.64606,0.579271,0.010848,0.064576,0.376896,2.25122,444.203,15000,0,0
Suite_15,Deferred_Uber,0,1843,1.65543,0.603334,0.01152,0.065152,0.359456,2.23834,446.76,15000,0,0
Suite_15,Deferred_Uber,0,1844,1.65228,0.586755,0.011136,0.06496,0.366528,2.27414,439.727,15000,0,0
Suite_15,Deferred_Uber,0,1845,1.65561,0.582247,0.012288,0.06384,0.376832,2.25431,443.596,15000,0,0
Suite_15,Deferred_Uber,0,1846,1.66269,0.600031,0.012256,0.064736,0.360448,2.2519,444.068,15000,0,0
Suite_15,Deferred_Uber,0,1847,1.66455,0.591677,0.012288,0.065536,0.36304,2.28836,436.994,15000,0,0
Suite_15,Deferred_Uber,0,1848,1.65773,0.582719,0.012832,0.064928,0.366048,2.26981,440.566,15000,0,0
Suite_15,Deferred_Uber,0,1849,1.66892,0.595523,0.012288,0.064896,0.362912,2.25591,443.281,15000,0,0
Suite_15,Deferred_Uber,0,1850,1.67058,0.584906,0.012448,0.065184,0.363936,2.28115,438.376,15000,0,0
Suite_15,Deferred_Uber,0,1851,1.66946,0.583848,0.0136,0.065536,0.360448,2.26913,440.698,15000,0,0
Suite_15,Deferred_Uber,0,1852,1.67367,0.59843,0.01232,0.065536,0.372736,2.27283,439.981,15000,0,0
Suite_15,Deferred_Uber,0,1853,1.67464,0.583773,0.014336,0.065408,0.366912,2.29001,436.679,15000,0,0
Suite_15,Deferred_Uber,0,1854,1.68439,0.583673,0.014144,0.06608,0.361856,2.27301,439.945,15000,0,0
Suite_15,Deferred_Uber,0,1855,1.68291,0.594471,0.014336,0.065536,0.368416,2.28145,438.319,15000,0,0
Suite_15,Deferred_Uber,0,1856,1.68794,0.586557,0.014176,0.066048,0.35968,2.29215,436.271,15000,0,0
Suite_15,Deferred_Uber,0,1857,1.68856,0.583336,0.014336,0.066784,0.368992,2.29027,436.63,15000,0,0
Suite_15,Deferred_Uber,0,1858,1.69241,0.592598,0.014624,0.066176,0.368096,2.28668,437.316,15000,0,0
Suite_15,Deferred_Uber,0,1859,1.69218,0.597188,0.015744,0.066048,0.37088,2.30064,434.662,15000,0,0
Suite_15,Deferred_Uber,0,1860,1.69974,0.584139,0.01488,0.065632,0.362656,2.30395,434.038,15000,0,0
Suite_15,Deferred_Uber,0,1861,1.69766,0.594224,0.016256,0.066272,0.371136,2.29942,434.892,15000,0,0
Suite_15,Deferred_Uber,0,1862,1.69633,0.592195,0.016,0.066432,0.370528,2.30878,433.129,15000,0,0
Suite_15,Deferred_Uber,0,1863,1.70262,0.583725,0.016384,0.065792,0.367072,2.30284,434.246,15000,0,0
Suite_15,Deferred_Uber,0,1864,1.69946,0.590913,0.016384,0.0672,0.364544,2.30026,434.734,15000,0,0
Suite_15,Deferred_Uber,0,1865,1.70557,0.592508,0.016192,0.066112,0.372608,2.30826,433.227,15000,0,0
Suite_15,Deferred_Uber,0,1866,1.71291,0.578112,0.01648,0.06736,0.363744,2.31331,432.281,15000,0,0
Suite_15,Deferred_Uber,0,1867,1.7071,0.593963,0.016384,0.067008,0.366592,2.30415,433.999,15000,0,0
Suite_15,Deferred_Uber,0,1868,1.71453,0.589265,0.016384,0.067584,0.366592,2.31627,431.73,15000,0,0
Suite_15,Deferred_Uber,0,1869,1.71409,0.580571,0.01728,0.067392,0.368736,2.31981,431.07,15000,0,0
Suite_15,Deferred_Uber,0,1870,1.72131,0.585068,0.017312,0.067552,0.372,2.30925,433.041,15000,0,0
Suite_15,Deferred_Uber,0,1871,1.72798,0.594255,0.016864,0.067584,0.374784,2.32147,430.761,15000,0,0
Suite_15,Deferred_Uber,0,1872,1.72545,0.581884,0.018432,0.067584,0.37488,2.33592,428.097,15000,0,0
Suite_15,Deferred_Uber,0,1873,1.72872,0.594455,0.018432,0.067424,0.379008,2.32279,430.517,15000,0,0
Suite_15,Deferred_Uber,0,1874,1.74053,0.588682,0.018432,0.067584,0.374816,2.33976,427.394,15000,0,0
Suite_15,Deferred_Uber,0,1875,1.73885,0.581242,0.018432,0.067584,0.369536,2.34817,425.864,15000,0,0
Suite_15,Deferred_Uber,0,1876,1.73555,0.585114,0.018912,0.068224,0.37888,2.33389,428.468,15000,0,0
Suite_15,Deferred_Uber,0,1877,1.73396,0.591328,0.020192,0.068416,0.37504,2.33708,427.884,15000,0,0
Suite_15,Deferred_Uber,0,1878,1.73896,0.580069,0.01968,0.067584,0.378144,2.34073,427.218,15000,0,0
Suite_15,Deferred_Uber,0,1879,1.74211,0.587928,0.019872,0.068576,0.373024,2.33226,428.768,15000,0,0
Suite_15,Deferred_Uber,0,1880,1.74628,0.590041,0.01904,0.069216,0.373984,2.34973,425.58,15000,0,0
Suite_15,Deferred_Uber,0,1881,1.7526,0.585183,0.02048,0.067872,0.37888,2.35989,423.748,15000,0,0
Suite_15,Deferred_Uber,0,1882,1.75211,0.598224,0.02048,0.06912,0.371712,2.35262,425.058,15000,0,0
Suite_15,Deferred_Uber,0,1883,1.75048,0.61443,0.021568,0.069536,0.376928,2.36565,422.717,15000,0,0
Suite_15,Deferred_Uber,0,1884,1.75209,0.580508,0.020576,0.069344,0.370112,2.38029,420.117,15000,0,0
Suite_15,Deferred_Uber,0,1885,1.76006,0.609185,0.02048,0.069632,0.375808,2.34889,425.732,15000,0,0
Suite_15,Deferred_Uber,0,1886,1.75557,0.590336,0.020928,0.069472,0.385024,2.38696,418.943,15000,0,0
Suite_15,Deferred_Uber,0,1887,1.75896,0.581415,0.022528,0.069536,0.399936,2.35991,423.746,15000,0,0
Suite_15,Deferred_Uber,0,1888,1.7637,0.599464,0.021856,0.069632,0.380928,2.35385,424.836,15000,0,0
Suite_15,Deferred_Uber,0,1889,1.77002,0.585215,0.022528,0.069632,0.38336,2.37973,420.216,15000,0,0
Suite_15,Deferred_Uber,0,1890,1.77399,0.581313,0.02368,0.096256,0.40624,2.37046,421.859,15000,0,0
Suite_15,Deferred_Uber,0,1891,1.77493,0.603443,0.022784,0.069952,0.382976,2.36827,422.25,15000,0,0
Suite_15,Deferred_Uber,0,1892,1.77283,0.584294,0.023264,0.070048,0.386688,2.39325,417.842,15000,0,0
Suite_15,Deferred_Uber,0,1893,1.77052,0.584948,0.026752,0.09408,0.408128,2.37187,421.608,15000,0,0
Suite_15,Deferred_Uber,0,1894,1.77559,0.598735,0.024128,0.070688,0.379808,2.36927,422.071,15000,0,0
Suite_15,Deferred_Uber,0,1895,1.78007,0.583207,0.024576,0.069824,0.385248,2.38841,418.688,15000,0,0
Suite_15,Deferred_Uber,0,1896,1.78753,0.583009,0.026816,0.08128,0.40336,2.37652,420.784,15000,0,0
Suite_15,Deferred_Uber,0,1897,1.78617,0.596024,0.024576,0.070112,0.379744,2.38501,419.286,15000,0,0
Suite_15,Deferred_Uber,0,1898,1.79884,0.584994,0.024864,0.071648,0.382976,2.39748,417.104,15000,0,0
Suite_15,Deferred_Uber,0,1899,1.79034,0.588805,0.0248,0.094176,0.420928,2.39669,417.242,15000,0,0
Suite_15,Deferred_Uber,0,1900,1.78841,0.593418,0.025248,0.070176,0.387072,2.39183,418.09,15000,0,0
Suite_15,Deferred_Uber,0,1901,1.79503,0.585299,0.024992,0.071424,0.391168,2.39881,416.873,15000,0,0
Suite_15,Deferred_Uber,0,1902,1.80151,0.586825,0.025568,0.071808,0.387072,2.3948,417.571,15000,0,0
Suite_15,Deferred_Uber,0,1903,1.80396,0.603035,0.026624,0.07008,0.385184,2.40356,416.05,15000,0,0
Suite_15,Deferred_Uber,0,1904,1.79912,0.583417,0.026624,0.072064,0.393632,2.4213,413.002,15000,0,0
Suite_15,Deferred_Uber,0,1905,1.81186,0.585192,0.026624,0.072864,0.385728,2.39709,417.173,15000,0,0
Suite_15,Deferred_Uber,0,1906,1.80955,0.592521,0.02768,0.07168,0.381696,2.41173,414.64,15000,0,0
Suite_15,Deferred_Uber,0,1907,1.80784,0.582726,0.026624,0.073056,0.393504,2.4154,414.011,15000,0,0
Suite_15,Deferred_Uber,0,1908,1.80857,0.604247,0.028608,0.07168,0.396416,2.40322,416.109,15000,0,0
Suite_15,Deferred_Uber,0,1909,1.84133,0.656287,0.028672,0.07216,0.38528,2.43894,410.014,15000,0,0
Suite_15,Deferred_Uber,0,1910,1.82462,0.588263,0.027328,0.073056,0.388864,2.51735,397.244,15000,0,0
Suite_15,Deferred_Uber,0,1911,1.81793,0.60457,0.028576,0.073728,0.385024,2.42714,412.007,15000,0,0
Suite_15,Deferred_Uber,0,1912,1.82162,0.583175,0.028608,0.072064,0.39616,2.43777,410.21,15000,0,0
Suite_15,Deferred_Uber,0,1913,1.82511,0.583924,0.029152,0.072224,0.413696,2.41972,413.271,15000,0,0
Suite_15,Deferred_Uber,0,1914,1.82608,0.592486,0.028864,0.072224,0.387072,2.42303,412.707,15000,0,0
Suite_15,Deferred_Uber,0,1915,1.83091,0.58781,0.029888,0.073728,0.387648,2.43318,410.985,15000,0,0
Suite_15,Deferred_Uber,0,1916,1.8331,0.577173,0.032704,0.100032,0.422592,2.4318,411.219,15000,0,0
Suite_15,Deferred_Uber,0,1917,1.83667,0.602554,0.029088,0.073728,0.393216,2.42507,412.359,15000,0,0
Suite_15,Deferred_Uber,0,1918,1.8258,0.583563,0.030624,0.074176,0.397568,2.45492,407.345,15000,0,0
Suite_15,Deferred_Uber,0,1919,1.83276,0.581571,0.030464,0.095328,0.429088,2.42216,412.855,15000,0,0
Suite_15,Deferred_Uber,0,1920,1.84474,0.597327,0.030528,0.074336,0.395264,2.42706,412.021,15000,0,0
Suite_15,Deferred_Uber,0,1921,1.83591,0.581394,0.03072,0.073952,0.39424,2.45827,406.79,15000,0,0
Suite_15,Deferred_Uber,0,1922,1.84045,0.585834,0.031744,0.075008,0.39584,2.43095,411.361,15000,0,0
Suite_15,Deferred_Uber,0,1923,1.84015,0.593282,0.031072,0.075392,0.39568,2.43973,409.881,15000,0,0
Suite_15,Deferred_Uber,0,1924,1.85206,0.593431,0.032352,0.07424,0.40224,2.44771,408.546,15000,0,0
Suite_15,Deferred_Uber,0,1925,1.85006,0.615344,0.031712,0.073856,0.402592,2.46232,406.12,15000,0,0
Suite_15,Deferred_Uber,0,1926,1.85843,0.601004,0.032288,0.075776,0.4096,2.48279,402.772,15000,0,0
Suite_15,Deferred_Uber,0,1927,1.8578,0.588025,0.03264,0.075776,0.399712,2.47407,404.192,15000,0,0
Suite_15,Deferred_Uber,0,1928,1.86177,0.601251,0.034208,0.075776,0.40528,2.46541,405.613,15000,0,0
Suite_15,Deferred_Uber,0,1929,1.85788,0.584207,0.03408,0.075776,0.398336,2.48055,403.137,15000,0,0
Suite_15,Deferred_Uber,0,1930,1.85923,0.582131,0.034176,0.075776,0.416064,2.45604,407.159,15000,0,0
Suite_15,Deferred_Uber,0,1931,1.85991,0.601221,0.03424,0.077024,0.399776,2.45483,407.36,15000,0,0
Suite_15,Deferred_Uber,0,1932,1.86612,0.582701,0.033856,0.076832,0.407264,2.47588,403.896,15000,0,0
Suite_15,Deferred_Uber,0,1933,1.8604,0.585148,0.03312,0.099552,0.42608,2.4694,404.956,15000,0,0
Suite_15,Deferred_Uber,0,1934,1.87896,0.593243,0.033728,0.075872,0.397312,2.45976,406.544,15000,0,0
Suite_15,Deferred_Uber,0,1935,1.87568,0.588566,0.034816,0.077408,0.41024,2.48699,402.092,15000,0,0
Suite_15,Deferred_Uber,0,1936,1.87241,0.578462,0.043008,0.075552,0.416416,2.47699,403.715,15000,0,0
Suite_15,Deferred_Uber,0,1937,1.87688,0.598963,0.034816,0.075776,0.40128,2.46527,405.635,15000,0,0
Suite_15,Deferred_Uber,0,1938,1.87219,0.58788,0.035136,0.076064,0.409504,2.49886,400.182,15000,0,0
Suite_15,Deferred_Uber,0,1939,1.8831,0.597389,0.03584,0.077696,0.401728,2.47395,404.212,15000,0,0
Suite_15,Deferred_Uber,0,1940,1.87447,0.589122,0.03584,0.07728,0.411424,2.49519,400.77,15000,0,0
Suite_15,Deferred_Uber,0,1941,1.87601,0.587219,0.035648,0.076,0.404992,2.47886,403.41,15000,0,0
Suite_15,Deferred_Uber,0,1942,1.88792,0.590218,0.036064,0.077568,0.405504,2.47751,403.632,15000,0,0
Suite_15,Deferred_Uber,0,1943,1.89221,0.598659,0.036864,0.076256,0.415424,2.49306,401.113,15000,0,0
Suite_15,Deferred_Uber,0,1944,1.884,0.581377,0.036736,0.077824,0.43216,2.50492,399.215,15000,0,0
Suite_15,Deferred_Uber,0,1945,1.89867,0.606168,0.036736,0.077504,0.408608,2.48063,403.124,15000,0,0
Suite_15,Deferred_Uber,0,1946,1.89223,0.582567,0.037184,0.078336,0.403456,2.5215,396.589,15000,0,0
Suite_15,Deferred_Uber,0,1947,1.89389,0.583605,0.036864,0.086016,0.432512,2.4882,401.896,15000,0,0
Suite_15,Deferred_Uber,0,1948,1.89888,0.596057,0.038048,0.077824,0.405984,2.49072,401.49,15000,0,0
Suite_15,Deferred_Uber,0,1949,1.8996,0.586829,0.038112,0.079136,0.415744,2.512,398.088,15000,0,0
Suite_15,Deferred_Uber,0,1950,1.90188,0.580706,0.03808,0.07888,0.415744,2.50019,399.969,15000,0,0
Suite_15,Deferred_Uber,0,1951,1.89764,0.598164,0.037536,0.077984,0.413696,2.49622,400.606,15000,0,0
Suite_15,Deferred_Uber,0,1952,1.90046,0.579978,0.038368,0.079424,0.415488,2.51068,398.299,15000,0,0
Suite_15,Deferred_Uber,0,1953,1.90263,0.603939,0.037696,0.077824,0.414976,2.49465,400.858,15000,0,0
Suite_15,Deferred_Uber,0,1954,1.90258,0.594235,0.038816,0.078432,0.418528,2.52868,395.463,15000,0,0
Suite_15,Deferred_Uber,0,1955,1.90155,0.588214,0.03904,0.078976,0.413568,2.51028,398.362,15000,0,0
Suite_15,Deferred_Uber,0,1956,1.90263,0.595059,0.039232,0.078464,0.413408,2.50294,399.531,15000,0,0
Suite_15,Deferred_Uber,0,1957,1.90598,0.585494,0.039168,0.079776,0.417792,2.51487,397.635,15000,0,0
Suite_15,Deferred_Uber,0,1958,1.90636,0.578649,0.040192,0.099712,0.43376,2.50565,399.098,15000,0,0
Suite_15,Deferred_Uber,0,1959,1.90419,0.599411,0.038944,0.07984,0.41728,2.49756,400.391,15000,0,0
Suite_15,Deferred_Uber,0,1960,1.91105,0.581996,0.039296,0.079872,0.41888,2.5178,397.172,15000,0,0
Suite_15,Deferred_Uber,0,1961,1.90346,0.584233,0.043456,0.079648,0.423648,2.50761,398.786,15000,0,0
Suite_15,Deferred_Uber,0,1962,1.92003,0.59003,0.040448,0.080928,0.421888,2.50141,399.774,15000,0,0
Suite_15,Deferred_Uber,0,1963,1.91094,0.585488,0.040384,0.080672,0.414464,2.52441,396.132,15000,0,0
Suite_15,Deferred_Uber,0,1964,1.91161,0.585138,0.040576,0.078752,0.412736,2.50918,398.537,15000,0,0
Suite_15,Deferred_Uber,0,1965,1.92027,0.626518,0.04096,0.08016,0.412256,2.5135,397.851,15000,0,0
Suite_15,Deferred_Uber,0,1966,1.91667,0.588206,0.04096,0.079744,0.415392,2.56973,389.147,15000,0,0
Suite_15,Deferred_Uber,0,1967,1.91206,0.61026,0.041056,0.08,0.417792,2.51834,397.087,15000,0,0
Suite_15,Deferred_Uber,0,1968,1.91514,0.586941,0.041504,0.080448,0.413536,2.53808,393.998,15000,0,0
Suite_15,Deferred_Uber,0,1969,1.91533,0.579878,0.04096,0.102304,0.448992,2.51695,397.306,15000,0,0
Suite_15,Deferred_Uber,0,1970,1.92169,0.600205,0.041248,0.082336,0.423072,2.50907,398.554,15000,0,0.152971
Suite_15,Deferred_Uber,0,1971,1.91856,0.58582,0.041152,0.083936,0.427552,2.53654,394.238,15000,0,0.153258
Suite_15,Deferred_Uber,0,1972,1.92469,0.584536,0.049984,0.083584,0.428032,2.51765,397.195,15000,0,0.153549
Suite_15,Deferred_Uber,0,1973,1.91791,0.594356,0.041408,0.083904,0.423936,2.52387,396.217,15000,0,0.153844
Suite_15,Deferred_Uber,0,1974,1.92497,0.58308,0.043008,0.083456,0.429984,2.5287,395.46,15000,0,0.154142
Suite_15,Deferred_Uber,0,1975,1.92222,0.589446,0.042528,0.083968,0.421888,2.52108,396.656,15000,0,0.154445
Suite_15,Deferred_Uber,0,1976,1.92475,0.591659,0.043008,0.083776,0.426784,2.52658,395.791,15000,0,0.154751
Suite_15,Deferred_Uber,0,1977,1.92186,0.590728,0.043104,0.083392,0.420384,2.53298,394.792,15000,0,0.155061
Suite_15,Deferred_Uber,0,1978,1.93054,0.604136,0.043008,0.083328,0.428032,2.52792,395.583,15000,0,0.155374
Suite_15,Deferred_Uber,0,1979,1.92786,0.583118,0.04336,0.086336,0.428032,2.55044,392.089,15000,0,0.329982
Suite_15,Deferred_Uber,0,1980,1.93377,0.586252,0.04336,0.084576,0.446016,2.52503,396.035,15000,0,0.330658
Suite_15,Deferred_Uber,0,1981,1.93897,0.599587,0.044448,0.087648,0.430272,2.5366,394.228,15000,0,0.331343
Suite_15,Deferred_Uber,0,1982,1.93628,0.587732,0.043776,0.089984,0.425312,2.55617,391.211,15000,0,0.429205
Suite_15,Deferred_Uber,0,1983,1.92437,0.592966,0.04448,0.090048,0.434464,2.53773,394.053,15000,0,0.430066
Suite_15,Deferred_Uber,0,1984,1.92679,0.601743,0.04368,0.090432,0.427424,2.53217,394.919,15000,0,0.430939
Suite_15,Deferred_Uber,0,1985,1.93629,0.591882,0.043648,0.090144,0.438272,2.54517,392.9,15000,0,0.431821
Suite_15,Deferred_Uber,0,1986,1.92029,0.593416,0.044608,0.089056,0.432608,2.54359,393.145,15000,0,0.432714
Suite_15,Deferred_Uber,0,1987,1.92571,0.594606,0.045056,0.090304,0.435136,2.52949,395.336,15000,0,0.433618
Suite_15,Deferred_Uber,0,1988,1.93186,0.578468,0.045056,0.089024,0.427872,2.53434,394.58,15000,0,0.434533
Suite_15,Deferred_Uber,0,1989,1.93424,0.601655,0.04496,0.089888,0.437792,2.52587,395.903,15000,0,0.43546
Suite_15,Deferred_Uber,0,1990,1.92837,0.585353,0.045056,0.092864,0.437344,2.55266,391.748,15000,0,0.584573
Suite_15,Deferred_Uber,0,1991,1.92904,0.591271,0.050048,0.094208,0.450752,2.5278,395.6,15000,0,0.585838
Suite_15,Deferred_Uber,0,1992,1.93554,0.598577,0.045056,0.094208,0.44224,2.53477,394.514,15000,0,0.587118
Suite_15,Deferred_Uber,0,1993,1.93033,0.587617,0.045056,0.095328,0.436672,2.55169,391.897,15000,0,0.588414
Suite_15,Deferred_Uber,0,1994,1.92781,0.58122,0.045568,0.094688,0.436224,2.5329,394.804,15000,0,0.589724
Suite_15,Deferred_Uber,0,1995,1.93467,0.597523,0.046272,0.09568,0.436192,2.5293,395.366,15000,0,0.591049
Suite_15,Deferred_Uber,0,1996,1.93683,0.587447,0.045216,0.094208,0.444192,2.5469,392.635,15000,0,0.59239
Suite_15,Deferred_Uber,0,1997,1.92822,0.59768,0.045184,0.099488,0.448512,2.53993,393.711,15000,0,0.775792
Suite_15,Deferred_Uber,0,1998,1.93563,0.588882,0.045792,0.104064,0.452608,2.54205,393.384,15000,0,0.86995
Suite_15,Deferred_Uber,0,1999,1.94001,0.58183,0.046016,0.104288,0.467136,2.53798,394.014,15000,0,0.871919
Suite_15,Deferred_Uber,0,2000,1.93621,0.601398,0.046496,0.104448,0.456704,2.53529,394.432,15000,0,0.873909
Suite_15,Deferred_Uber,0,2001,1.93524,0.582077,0.047104,0.10448,0.448704,2.55476,391.427,15000,0,0.875923
Suite_15,Deferred_Uber,0,2002,1.93586,0.586933,0.049024,0.1064,0.462208,2.53165,395,15000,0,0.877959
Suite_15,Deferred_Uber,0,2003,1.93988,0.599002,0.047104,0.10464,0.444,2.53613,394.301,15000,0,0.880018
Suite_15,Deferred_Uber,0,2004,1.94316,0.601394,0.047104,0.104736,0.444992,2.55469,391.438,15000,0,0.8821
Suite_15,Deferred_Uber,0,2005,1.93976,0.606817,0.047104,0.104448,0.44096,2.56373,390.056,15000,0,0.884206
Suite_15,Deferred_Uber,0,2006,1.935,0.607335,0.047232,0.105472,0.446656,2.56425,389.978,15000,0,0.886335
Suite_15,Deferred_Uber,0,2007,1.93458,0.59566,0.047104,0.10608,0.454656,2.55737,391.026,15000,0,0.888488
Suite_15,Deferred_Uber,0,2008,1.93442,0.600696,0.048224,0.1064,0.456864,2.54453,393,15000,0,0.890664
Suite_15,Deferred_Uber,0,2009,1.93989,0.595501,0.04736,0.110592,0.456704,2.55405,391.536,15000,0,0.973233
Suite_15,Deferred_Uber,0,2010,1.9392,0.580461,0.047264,0.128672,0.464576,2.55125,391.965,15000,0,0.975595
Suite_15,Deferred_Uber,0,2011,1.92956,0.613017,0.04736,0.110592,0.454656,2.53366,394.686,15000,0,0.977983
Suite_15,Deferred_Uber,0,2012,1.94398,0.590466,0.047328,0.116736,0.47104,2.56001,390.624,15000,0,1.13698
Suite_15,Deferred_Uber,0,2013,1.93058,0.587618,0.06144,0.116992,0.480096,2.55177,391.885,15000,0,1.13978
Suite_15,Deferred_Uber,0,2014,1.93706,0.597632,0.04768,0.116896,0.462848,2.53334,394.736,15000,0,1.14261
Suite_15,Deferred_Uber,0,2015,1.93526,0.587817,0.047904,0.128704,0.480608,2.54969,392.204,15000,0,1.4621
Suite_15,Deferred_Uber,0,2016,1.94211,0.58783,0.04736,0.12896,0.473088,2.5372,394.135,15000,0,1.46575
Suite_15,Deferred_Uber,0,2017,1.94051,0.595515,0.049056,0.127648,0.478048,2.54766,392.517,15000,0,1.46943
Suite_15,Deferred_Uber,0,2018,1.93353,0.585447,0.04912,0.127296,0.47104,2.55105,391.995,15000,0,1.47316
Suite_15,Deferred_Uber,0,2019,1.94397,0.595488,0.049056,0.127584,0.483648,2.53312,394.771,15000,0,1.47693
Suite_15,Deferred_Uber,0,2020,1.93824,0.589929,0.049152,0.127456,0.474464,2.55616,391.211,15000,0,1.48073
Suite_15,Deferred_Uber,0,2021,1.94563,0.582095,0.049152,0.135168,0.504416,2.54412,393.064,15000,0,1.55822
Suite_15,Deferred_Uber,0,2022,1.94263,0.610173,0.049152,0.135328,0.478912,2.54267,393.287,15000,0,1.56224
Suite_15,Deferred_Uber,0,2023,1.93791,0.586321,0.049152,0.135168,0.484,2.57545,388.282,15000,0,1.56631
Suite_15,Deferred_Uber,0,2024,1.94075,0.587178,0.049568,0.135488,0.487424,2.53886,393.877,15000,0,1.57042
Suite_15,Deferred_Uber,0,2025,1.93866,0.599842,0.050304,0.135168,0.48576,2.5443,393.036,15000,0,1.57457
Suite_15,Deferred_Uber,0,2026,1.93852,0.585826,0.04992,0.135232,0.483328,2.55528,391.347,15000,0,1.57876
Suite_15,Deferred_Uber,0,2027,1.94318,0.61186,0.050368,0.135168,0.480128,2.53831,393.963,15000,0,1.583
Suite_15,Deferred_Uber,0,2028,1.93812,0.630334,0.050496,0.1352,0.483968,2.57137,388.898,15000,0,1.58728
Suite_15,Deferred_Uber,0,2029,1.95584,0.652766,0.051104,0.156128,0.50016,2.59085,385.974,15000,0,1.66471
Suite_15,Deferred_Uber,0,2030,1.95136,0.609784,0.051136,0.141472,0.485824,2.62866,380.422,15000,0,1.66922
Suite_15,Deferred_Uber,0,2031,1.94147,0.594763,0.050368,0.142336,0.486624,2.57853,387.818,15000,0,1.67377
Suite_15,Deferred_Uber,0,2032,1.93694,0.582919,0.0512,0.148992,0.491904,2.55043,392.091,15000,0,1.7839
Suite_15,Deferred_Uber,0,2033,1.94704,0.607656,0.050048,0.14768,0.495136,2.53587,394.342,15000,0,1.78877
Suite_15,Deferred_Uber,0,2034,1.94409,0.585931,0.051072,0.149504,0.493248,2.57198,388.806,15000,0,1.7937
Suite_15,Deferred_Uber,0,2035,1.9303,0.595004,0.049856,0.15072,0.5016,2.54395,393.089,15000,0,1.79867
Suite_15,Deferred_Uber,0,2036,1.93945,0.594783,0.0512,0.149632,0.493088,2.54057,393.613,15000,0,1.80369
Suite_15,Deferred_Uber,0,2037,1.9324,0.583232,0.051136,0.150944,0.493568,2.55058,392.068,15000,0,1.80876
Suite_15,Deferred_Uber,0,2038,1.93943,0.599728,0.050944,0.150688,0.497568,2.53057,395.169,15000,0,1.81389
Suite_15,Deferred_Uber,0,2039,1.93596,0.586424,0.051104,0.150176,0.5096,2.55475,391.428,15000,0,1.81906
Suite_15,Deferred_Uber,0,2040,1.94488,0.586862,0.051872,0.151072,0.523328,2.53708,394.154,15000,0,1.82429
Suite_15,Deferred_Uber,0,2041,1.94096,0.601886,0.051264,0.157696,0.512,2.5474,392.557,15000,0,1.91744
Suite_15,Deferred_Uber,0,2042,1.95271,0.588352,0.0512,0.157504,0.510336,2.56027,390.583,15000,0,1.92296
Suite_15,Deferred_Uber,0,2043,1.94132,0.588627,0.0512,0.157696,0.506304,2.55523,391.354,15000,0,1.92854
Suite_15,Deferred_Uber,0,2044,1.9488,0.63248,0.0512,0.157664,0.51808,2.54469,392.975,15000,0,1.93417
Suite_15,Deferred_Uber,0,2045,1.93788,0.592489,0.051456,0.157344,0.513024,2.6016,384.378,15000,0,1.93986
Suite_15,Deferred_Uber,0,2046,1.94303,0.599073,0.051648,0.156352,0.512,2.54572,392.816,15000,0,1.9456
Suite_15,Deferred_Uber,0,2047,1.94317,0.593107,0.051936,0.157248,0.50176,2.55844,390.862,15000,0,1.95139
Suite_15,Deferred_Uber,0,2048,1.9321,0.581778,0.052512,0.165728,0.536512,2.55039,392.096,15000,0,2.03715
Suite_15,Deferred_Uber,0,2049,1.94142,0.607064,0.051392,0.165248,0.519616,2.52945,395.343,15000,0,2.04322
Suite_15,Deferred_Uber,0,2050,1.93877,0.582214,0.051872,0.164224,0.517856,2.56536,389.809,15000,0,2.04935
Suite_15,Deferred_Uber,0,2051,1.93659,0.586316,0.064,0.165088,0.536576,2.54165,393.445,15000,0,2.05554
Suite_15,Deferred_Uber,0,2052,1.94162,0.596052,0.053088,0.16448,0.520608,2.53685,394.189,15000,0,2.06178
Suite_15,Deferred_Uber,0,2053,1.942,0.590679,0.05248,0.172032,0.519168,2.55509,391.375,15000,0,2.12879
Suite_15,Deferred_Uber,0,2054,1.93649,0.589502,0.051456,0.171904,0.521472,2.54736,392.564,15000,0,2.13527
Suite_15,Deferred_Uber,0,2055,1.938,0.599691,0.051744,0.172032,0.526336,2.54112,393.527,15000,0,2.14182
Suite_15,Deferred_Uber,0,2056,1.94133,0.587244,0.05312,0.172288,0.518912,2.55233,391.799,15000,0,2.14842
Suite_15,Deferred_Uber,0,2057,1.93635,0.597199,0.052864,0.171008,0.528384,2.54413,393.062,15000,0,2.15509
Suite_15,Deferred_Uber,0,2058,1.94318,0.590549,0.053248,0.172032,0.53056,2.55026,392.116,15000,0,2.16182
Suite_15,Deferred_Uber,0,2059,1.95074,0.581497,0.053344,0.17184,0.548192,2.54845,392.396,15000,0,2.16862
Suite_15,Deferred_Uber,0,2060,1.93975,0.602253,0.052768,0.172032,0.527808,2.54647,392.701,15000,0,2.17548
Suite_15,Deferred_Uber,0,2061,1.9429,0.595946,0.053248,0.17216,0.5208,2.5607,390.518,15000,0,2.1824
Suite_15,Deferred_Uber,0,2062,1.94307,0.590947,0.053248,0.172032,0.526688,2.5549,391.405,15000,0,2.18939
Suite_15,Deferred_Uber,0,2063,1.94664,0.59749,0.053376,0.173248,0.522304,2.54835,392.41,15000,0,2.19644
Suite_15,Deferred_Uber,0,2064,1.93501,0.586155,0.054496,0.17344,0.518496,2.56435,389.962,15000,0,2.20356
Suite_15,Deferred_Uber,0,2065,1.94287,0.594248,0.05344,0.178816,0.538016,2.5371,394.151,15000,0,2.34639
Suite_15,Deferred_Uber,0,2066,1.94511,0.590862,0.053248,0.179424,0.536352,2.55336,391.64,15000,0,2.35401
Suite_15,Deferred_Uber,0,2067,1.94406,0.587176,0.054528,0.180224,0.54976,2.55035,392.103,15000,0,2.36171
Suite_15,Deferred_Uber,0,2068,1.94504,0.595109,0.053248,0.180224,0.532224,2.54552,392.847,15000,0,2.36948
Suite_15,Deferred_Uber,0,2069,1.94869,0.593251,0.054528,0.1792,0.52864,2.5595,390.701,15000,0,2.37732
Suite_15,Deferred_Uber,0,2070,1.95343,0.608338,0.065152,0.180224,0.564864,2.55709,391.07,15000,128,2.38528
Suite_15,Deferred_Uber,0,2071,1.95237,0.625787,0.05952,0.180736,0.538624,2.57594,388.208,15000,128,2.39327
Suite_15,Deferred_Uber,0,2072,1.95099,0.605062,0.060384,0.18128,0.534528,2.5948,385.386,15000,128,2.40132
Suite_15,Deferred_Uber,0,2073,1.94319,0.607954,0.0608,0.182144,0.539008,2.57183,388.828,15000,128,2.40946
Suite_15,Deferred_Uber,0,2074,1.94984,0.619256,0.06144,0.18064,0.547136,2.56775,389.446,15000,128,2.41766
Suite_15,Deferred_Uber,0,2075,1.95273,0.60304,0.060992,0.181216,0.543072,2.58433,386.948,15000,128,2.42595
Suite_15,Deferred_Uber,0,2076,1.94432,0.621145,0.060096,0.180544,0.542048,2.57027,389.064,15000,128,2.4343
Suite_15,Deferred_Uber,0,2077,1.95233,0.60472,0.061248,0.182176,0.544768,2.58427,386.957,15000,128,2.44273
Suite_15,Deferred_Uber,0,2078,1.95446,0.60649,0.065632,0.18336,0.557376,2.57283,388.676,15000,128,2.45124
Suite_15,Deferred_Uber,0,2079,1.9443,0.62685,0.06144,0.182016,0.54272,2.57523,388.314,15000,128,2.45983
Suite_15,Deferred_Uber,0,2080,1.95553,0.615858,0.065536,0.182272,0.548896,2.59394,385.515,15000,128,2.46849
Suite_15,Deferred_Uber,0,2081,1.94991,0.619305,0.062272,0.182272,0.540672,2.58766,386.449,15000,128,2.47723
Suite_15,Deferred_Uber,0,2082,1.95423,0.621368,0.064032,0.182432,0.546176,2.58538,386.79,15000,128,2.48605
Suite_15,Deferred_Uber,0,2083,1.95113,0.640299,0.06144,0.186016,0.54896,2.59107,385.941,15000,384,2.49508
Suite_15,Deferred_Uber,0,2084,1.94725,0.638255,0.065536,0.186368,0.552448,2.60869,383.334,15000,384,2.50406
Suite_15,Deferred_Uber,0,2085,1.95159,0.624566,0.065536,0.18576,0.551072,2.60509,383.863,15000,384,2.51312
Suite_15,Deferred_Uber,0,2086,1.95324,0.621128,0.06752,0.192992,0.552448,2.59231,385.757,15000,768,2.61694
Suite_15,Deferred_Uber,0,2087,1.95233,0.629145,0.063488,0.19456,0.56352,2.58946,386.181,15000,1024,2.62672
Suite_15,Deferred_Uber,0,2088,1.96242,0.621022,0.0656,0.193184,0.56272,2.59811,384.896,15000,1024,2.63627
Suite_15,Deferred_Uber,0,2089,1.95005,0.621825,0.063328,0.194208,0.559104,2.60059,384.528,15000,1024,2.6459
Suite_15,Deferred_Uber,0,2090,1.95427,0.626771,0.066592,0.193824,0.553664,2.58843,386.335,15000,1024,2.65562
Suite_15,Deferred_Uber,0,2091,1.94871,0.618033,0.063648,0.192544,0.559072,2.59732,385.013,15000,1152,2.66589
Suite_15,Deferred_Uber,0,2092,1.95678,0.627269,0.064608,0.195968,0.562528,2.58155,387.364,15000,1280,2.67596
Suite_15,Deferred_Uber,0,2093,1.9552,0.623377,0.063488,0.19456,0.556384,2.60362,384.08,15000,1408,2.68623
Suite_15,Deferred_Uber,0,2094,1.95765,0.612309,0.06688,0.206848,0.573536,2.59474,385.396,15000,1408,2.6963
Suite_15,Deferred_Uber,0,2095,1.95154,0.635428,0.065152,0.193408,0.561152,2.58928,386.208,15000,1664,2.7068
Suite_15,Deferred_Uber,0,2096,1.95542,0.619725,0.068864,0.19456,0.562688,2.60409,384.012,15000,1664,2.71705
Suite_15,Deferred_Uber,0,2097,1.95353,0.621245,0.064704,0.196256,0.561152,2.59245,385.736,15000,2048,2.72789
Suite_15,Deferred_Uber,0,2098,1.96711,0.638175,0.064224,0.19472,0.56064,2.59152,385.874,15000,2048,2.73832
Suite_15,Deferred_Uber,0,2099,1.95996,0.620065,0.065536,0.195776,0.560832,2.62159,381.448,15000,2048,2.74884
Suite_15,Deferred_Uber,0,2100,1.95762,0.652495,0.063424,0.201472,0.5632,2.59548,385.286,15000,2176,2.90412
Suite_15,Deferred_Uber,0,2101,1.96409,0.627788,0.06528,0.203456,0.561888,2.63124,380.049,15000,2176,2.91528
Suite_15,Deferred_Uber,0,2102,1.95725,0.612331,0.064032,0.212992,0.583488,2.60909,383.276,15000,2176,2.92653
Suite_15,Deferred_Uber,0,2103,1.9645,0.641405,0.065824,0.203712,0.565696,2.58521,386.816,15000,2176,2.93789
Suite_15,Deferred_Uber,0,2104,1.95603,0.620921,0.065536,0.202752,0.571456,2.62357,381.16,15000,2304,2.9494
Suite_15,Deferred_Uber,0,2105,1.96362,0.626856,0.065568,0.202752,0.565536,2.59497,385.361,15000,2432,2.9612
Suite_15,Deferred_Uber,0,2106,1.96223,0.641859,0.064,0.204096,0.571264,2.60764,383.489,15000,2560,2.97306
Suite_15,Deferred_Uber,0,2107,1.96338,0.618013,0.06384,0.206464,0.57344,2.62058,381.595,15000,2816,2.98534
Suite_15,Deferred_Uber,0,2108,1.96418,0.640941,0.067808,0.204768,0.579584,2.60372,384.065,15000,2816,2.99719
Suite_15,Deferred_Uber,0,2109,1.96918,0.626373,0.065792,0.2048,0.569344,2.626,380.808,15000,2816,3.00915
Suite_15,Deferred_Uber,0,2110,1.96485,0.621355,0.06944,0.205984,0.582016,2.61322,382.67,15000,2944,3.02159
Suite_15,Deferred_Uber,0,2111,1.9638,0.64282,0.064224,0.20624,0.573248,2.60237,384.266,15000,2944,3.03376
Suite_15,Deferred_Uber,0,2112,1.9629,0.618816,0.065344,0.20576,0.571232,2.62522,380.92,15000,2944,3.04603
Suite_15,Deferred_Uber,0,2113,1.96422,0.623877,0.065536,0.2048,0.565664,2.59965,384.667,15000,2944,3.05841
Suite_15,Deferred_Uber,0,2114,1.96564,0.632906,0.063488,0.206368,0.566144,2.60545,383.811,15000,2944,3.07089
Suite_15,Deferred_Uber,0,2115,1.96384,0.620087,0.067776,0.207808,0.571392,2.61503,382.405,15000,2944,3.08348
Suite_15,Deferred_Uber,0,2116,1.9643,0.633538,0.063488,0.205152,0.57776,2.59977,384.65,15000,2944,3.09617
Suite_15,Deferred_Uber,0,2117,1.96157,0.621552,0.066816,0.206816,0.576128,2.61648,382.192,15000,2944,3.10898
Suite_15,Deferred_Uber,0,2118,1.95554,0.61857,0.067584,0.212992,0.587456,2.59989,384.632,15000,3072,3.18699
Suite_15,Deferred_Uber,0,2119,1.96603,0.648278,0.065632,0.215232,0.57904,2.59401,385.504,15000,3328,3.20046
Suite_15,Deferred_Uber,0,2120,1.96693,0.62447,0.065536,0.212992,0.578048,2.63165,379.99,15000,3584,3.21395
Suite_15,Deferred_Uber,0,2121,1.96382,0.621552,0.067584,0.21504,0.578272,2.6096,383.201,15000,3840,3.22753
Suite_15,Deferred_Uber,0,2122,1.98891,0.664187,0.067488,0.214784,0.58368,2.60352,384.095,15000,3968,3.2414
Suite_15,Deferred_Uber,0,2123,1.97111,0.619646,0.066208,0.214432,0.577024,2.6734,374.056,15000,3968,3.25504
Suite_15,Deferred_Uber,0,2124,1.97049,0.639697,0.067584,0.215328,0.586624,2.60744,383.517,15000,3968,3.26879
Suite_15,Deferred_Uber,0,2125,1.9702,0.623441,0.066816,0.217088,0.589824,2.6314,380.026,15000,3968,3.28265
Suite_15,Deferred_Uber,0,2126,1.96924,0.621068,0.088064,0.216448,0.604992,2.61236,382.796,15000,3968,3.29663
Suite_15,Deferred_Uber,0,2127,1.97511,0.639413,0.065888,0.218208,0.595456,2.60607,383.72,15000,3968,3.31073
Suite_15,Deferred_Uber,0,2128,1.97442,0.623604,0.067584,0.216448,0.580672,2.63296,379.8,15000,4224,3.32546
Suite_15,Deferred_Uber,0,2129,1.96846,0.622513,0.068608,0.217088,0.587648,2.61635,382.211,15000,4352,3.33989
Suite_15,Deferred_Uber,0,2130,1.97,0.646448,0.06704,0.216928,0.58752,2.60848,383.365,15000,4352,3.35434
Suite_15,Deferred_Uber,0,2131,1.97115,0.616613,0.067584,0.217152,0.585888,2.63369,379.696,15000,4480,3.36897
Suite_15,Deferred_Uber,0,2132,1.97068,0.63442,0.066944,0.216928,0.58352,2.6039,384.04,15000,4480,3.38367
Suite_15,Deferred_Uber,0,2133,1.97358,0.623688,0.067584,0.219136,0.581632,2.62526,380.914,15000,4608,3.39866
Suite_15,Deferred_Uber,0,2134,1.96923,0.629138,0.083968,0.21776,0.606016,2.6148,382.439,15000,4736,3.4138
Suite_15,Deferred_Uber,0,2135,1.98519,0.668055,0.07088,0.220576,0.600064,2.61759,382.03,15000,4736,3.42887
Suite_15,Deferred_Uber,0,2136,1.98736,0.675699,0.068288,0.219136,0.587424,2.67378,374.003,15000,4608,3.44385
Suite_15,Deferred_Uber,0,2137,1.98579,0.69075,0.069632,0.2192,0.590016,2.69275,371.367,15000,4608,3.45918
Suite_15,Deferred_Uber,0,2138,1.98822,0.692115,0.06624,0.219136,0.581632,2.6996,370.426,15000,4736,3.47478
Suite_15,Deferred_Uber,0,2139,1.98134,0.639132,0.071904,0.23552,0.605216,2.70215,370.076,15000,4736,3.49036
Suite_15,Deferred_Uber,0,2140,1.98575,0.671716,0.070752,0.219136,0.594272,2.63968,378.834,15000,4736,3.50606
Suite_15,Deferred_Uber,0,2141,1.97307,0.628797,0.07024,0.221056,0.595488,2.6803,373.093,15000,4736,3.52189
Suite_15,Deferred_Uber,0,2142,1.97235,0.617769,0.067456,0.219936,0.589824,2.61982,381.706,15000,4736,3.53786
Suite_15,Deferred_Uber,0,2143,1.98093,0.929997,0.067552,0.221184,0.59792,2.60721,383.552,15000,4736,3.55395
Suite_15,Deferred_Uber,0,2144,1.97442,0.633209,0.069632,0.219136,0.592032,2.92919,341.391,15000,4864,3.57028
Suite_15,Deferred_Uber,0,2145,2.01893,0.692607,0.07168,0.220704,0.598752,2.62781,380.545,15000,4992,3.58674
Suite_15,Deferred_Uber,0,2146,1.97659,0.623731,0.070528,0.222816,0.600064,2.73414,365.746,15000,5120,3.60335
Suite_15,Deferred_Uber,0,2147,1.97901,0.625312,0.07168,0.223232,0.590624,2.61778,382.002,15000,5376,3.62031
Suite_15,Deferred_Uber,0,2148,1.9788,0.637395,0.070304,0.221792,0.589632,2.62077,381.568,15000,5504,3.63737
Suite_15,Deferred_Uber,0,2149,1.9717,0.625995,0.069632,0.229376,0.606976,2.64159,378.56,15000,5504,3.7106
Suite_15,Deferred_Uber,0,2150,1.9737,0.627334,0.069632,0.230496,0.608352,2.6155,382.337,15000,5504,3.72777
Suite_15,Deferred_Uber,0,2151,1.9834,0.745992,0.231424,0.229536,0.760832,2.61936,381.772,15000,5504,3.74508
Suite_15,Deferred_Uber,0,2152,1.98003,0.623278,0.070784,0.256992,0.623008,2.74784,363.922,15000,5504,3.76253
Suite_15,Deferred_Uber,0,2153,1.97834,0.63953,0.069792,0.229696,0.595968,2.62214,381.368,15000,5504,3.78012
Suite_15,Deferred_Uber,0,2154,1.97427,0.620291,0.069664,0.229376,0.60096,2.63735,379.169,15000,5632,3.79814
Suite_15,Deferred_Uber,0,2155,1.97337,0.623392,0.068288,0.229504,0.600064,2.61169,382.894,15000,5760,3.81636
Suite_15,Deferred_Uber,0,2156,1.98822,0.638921,0.072992,0.231424,0.605536,2.61519,382.381,15000,5760,3.83437
Suite_15,Deferred_Uber,0,2157,1.97881,0.618957,0.069952,0.2312,0.60352,2.64834,377.595,15000,5760,3.85253
Suite_15,Deferred_Uber,0,2158,1.97375,0.633017,0.07104,0.238304,0.613792,2.61565,382.314,15000,5760,3.92741
Suite_15,Deferred_Uber,0,2159,1.98138,0.62886,0.069632,0.239008,0.610368,2.62505,380.945,15000,5760,3.946
Suite_15,Deferred_Uber,0,2160,1.98023,0.658975,0.074432,0.247648,0.618336,2.62804,380.512,15000,5760,3.96473
Suite_15,Deferred_Uber,0,2161,1.98569,0.659689,0.07168,0.239648,0.616736,2.66026,375.903,15000,5760,3.98361
Suite_15,Deferred_Uber,0,2162,1.97941,0.62726,0.07168,0.238848,0.608,2.66764,374.864,15000,5760,4.00264
Suite_15,Deferred_Uber,0,2163,1.97684,0.652074,0.07168,0.237568,0.614016,2.6245,381.025,15000,5888,4.02195
Suite_15,Deferred_Uber,0,2164,1.99151,0.681661,0.072736,0.23952,0.613248,2.65099,377.218,15000,6016,4.04153
Suite_15,Deferred_Uber,0,2165,1.98391,0.622328,0.07168,0.2376,0.61504,2.70251,370.026,15000,6016,4.06101
Suite_15,Deferred_Uber,0,2166,2.00868,0.708766,0.07168,0.238592,0.612,2.62527,380.913,15000,6016,4.08064
Suite_15,Deferred_Uber,0,2167,1.99201,0.667328,0.075776,0.237568,0.614336,2.74008,364.953,15000,6016,4.10042
Suite_15,Deferred_Uber,0,2168,1.9825,0.617917,0.07216,0.237824,0.612352,2.67884,373.295,15000,6016,4.12036
Suite_15,Deferred_Uber,0,2169,1.98564,0.651174,0.070432,0.239616,0.60832,2.61969,381.725,15000,6016,4.14045
Suite_15,Deferred_Uber,0,2170,1.98048,0.623732,0.07408,0.24,0.618368,2.65716,376.342,15000,6016,4.16069
Suite_15,Deferred_Uber,0,2171,1.97676,0.622964,0.069632,0.239616,0.61264,2.62107,381.523,15000,6144,4.18131
Suite_15,Deferred_Uber,0,2172,1.98164,0.631804,0.070816,0.24288,0.621024,2.61729,382.075,15000,6144,4.20187
Suite_15,Deferred_Uber,0,2173,1.97846,0.622461,0.071872,0.241408,0.621888,2.63319,379.767,15000,6144,4.22258
Suite_15,Deferred_Uber,0,2174,1.98294,0.633637,0.0752,0.241504,0.6216,2.61987,381.698,15000,6144,4.24345
Suite_15,Deferred_Uber,0,2175,1.9855,0.626072,0.07168,0.243328,0.61456,2.63568,379.409,15000,6144,4.26448
Suite_15,Deferred_Uber,0,2176,1.98112,0.626766,0.067744,0.241664,0.608256,2.62914,380.352,15000,6272,4.28589
Suite_15,Deferred_Uber,0,2177,2.02896,0.68838,0.072448,0.242208,0.620768,2.63498,379.51,15000,6272,4.30724
Suite_15,Deferred_Uber,0,2178,1.98488,0.626088,0.063808,0.241984,0.608256,2.74148,364.767,15000,6272,4.32874
Suite_15,Deferred_Uber,0,2179,1.97941,0.631795,0.073696,0.241888,0.618016,2.62917,380.348,15000,6272,4.35041
Suite_15,Deferred_Uber,0,2180,1.98449,0.624796,0.071744,0.241664,0.61728,2.63435,379.6,15000,6272,4.37224
Suite_15,Deferred_Uber,0,2181,1.9777,0.625191,0.073024,0.242944,0.64528,2.62891,380.386,15000,6272,4.39424
Suite_15,Deferred_Uber,0,2182,1.98027,0.636312,0.070944,0.242112,0.622592,2.62136,381.482,15000,6400,4.41648
Suite_15,Deferred_Uber,0,2183,1.97586,0.626849,0.075648,0.242368,0.620544,2.6362,379.334,15000,6016,4.43793
Suite_15,Deferred_Uber,0,2184,1.97689,0.623363,0.070528,0.24384,0.61344,2.62004,381.674,15000,6144,4.46051
Suite_15,Deferred_Uber,0,2185,1.97985,0.637288,0.068448,0.24576,0.62064,2.61972,381.719,15000,6144,4.48315
Suite_15,Deferred_Uber,0,2186,1.98062,0.622088,0.070016,0.244448,0.616448,2.63716,379.196,15000,6144,4.50596
Suite_15,Deferred_Uber,0,2187,1.97827,0.652753,0.075104,0.245088,0.61792,2.6205,381.607,15000,6144,4.52893
Suite_15,Deferred_Uber,0,2188,1.98326,0.625515,0.071392,0.243712,0.612352,2.65077,377.248,15000,6144,4.55207
Suite_15,Deferred_Uber,0,2189,1.98178,0.625342,0.07072,0.244672,0.63488,2.62892,380.384,15000,6144,4.57538
Suite_15,Deferred_Uber,0,2190,1.98505,0.634053,0.07024,0.245248,0.622656,2.62506,380.944,15000,6144,4.59886
Suite_15,Deferred_Uber,0,2191,1.98132,0.625894,0.073408,0.24688,0.618496,2.63837,379.022,15000,6272,4.62271
Suite_15,Deferred_Uber,0,2192,1.97939,0.623829,0.071136,0.245664,0.610688,2.62418,381.071,15000,6272,4.64653
Suite_15,Deferred_Uber,0,2193,1.97766,0.631919,0.069472,0.248896,0.61552,2.62243,381.325,15000,6144,4.67009
Suite_15,Deferred_Uber,0,2194,1.97897,0.625471,0.073728,0.245792,0.643872,2.63564,379.414,15000,6144,4.69424
Suite_15,Deferred_Uber,0,2195,1.98282,0.638582,0.07056,0.24736,0.616448,2.62171,381.431,15000,6144,4.71855
Suite_15,Deferred_Uber,0,2196,1.98039,0.621518,0.073728,0.247808,0.620896,2.64103,378.64,15000,6144,4.74304
Suite_15,Deferred_Uber,0,2197,1.97986,0.622764,0.07168,0.249792,0.63456,2.62155,381.454,15000,6144,4.7677
Suite_15,Deferred_Uber,0,2198,2.0009,0.672696,0.07232,0.249504,0.62576,2.62041,381.62,15000,6144,4.79253
Suite_15,Deferred_Uber,0,2199,1.98077,0.622355,0.075232,0.247808,0.621312,2.69551,370.987,15000,6016,4.81684
Suite_15,Deferred_Uber,0,2200,1.97897,0.63297,0.0704,0.247776,0.623872,2.62158,381.45,15000,6144,4.84226
Suite_15,Deferred_Uber,0,2201,1.98546,0.642071,0.071136,0.248544,0.620864,2.63297,379.799,15000,6144,4.8676
Suite_15,Deferred_Uber,0,2202,1.98083,0.624271,0.075776,0.26976,0.64688,2.64806,377.635,15000,6272,4.89334
Suite_15,Deferred_Uber,0,2203,1.98554,0.648333,0.07264,0.248,0.626816,2.6233,381.199,15000,6400,4.91936
Suite_15,Deferred_Uber,0,2204,1.98301,0.622079,0.073728,0.249472,0.624128,2.65353,376.856,15000,6400,4.94521
Suite_15,Deferred_Uber,0,2205,1.98758,0.630065,0.07344,0.247616,0.62272,2.62607,380.797,15000,6272,4.97113
Suite_15,Deferred_Uber,0,2206,1.98433,0.640637,0.069632,0.247808,0.625248,2.63817,379.05,15000,6272,4.99711
Suite_15,Deferred_Uber,0,2207,1.98081,0.621238,0.071456,0.247552,0.616352,2.64364,378.266,15000,6272,5.02347
Suite_15,Deferred_Uber,0,2208,1.97978,0.645547,0.071712,0.246688,0.622592,2.61954,381.747,15000,6016,5.04872
Suite_15,Deferred_Uber,0,2209,1.98391,0.630928,0.074016,0.248032,0.626688,2.64626,377.892,15000,5760,5.07481
Suite_15,Deferred_Uber,0,2210,1.97475,0.634585,0.074112,0.249632,0.62864,2.6377,379.118,15000,6016,5.10192
Suite_15,Deferred_Uber,0,2211,1.9833,0.646684,0.073728,0.247232,0.62288,2.62635,380.756,15000,6016,5.12897
Suite_15,Deferred_Uber,0,2212,1.9787,0.631264,0.07168,0.247808,0.618496,2.64875,377.537,15000,6144,5.15637
Suite_15,Deferred_Uber,0,2213,1.97863,0.636949,0.07168,0.248992,0.623424,2.62865,380.424,15000,6272,5.18386
Suite_15,Deferred_Uber,0,2214,1.98477,0.65656,0.07616,0.24656,0.626688,2.63532,379.461,15000,6272,5.21141
Suite_15,Deferred_Uber,0,2215,1.98083,0.625272,0.069632,0.247808,0.622592,2.66063,375.85,15000,6272,5.23914
Suite_15,Deferred_Uber,0,2216,1.97974,0.644082,0.071904,0.246464,0.619584,2.62299,381.245,15000,6272,5.26704
Suite_15,Deferred_Uber,0,2217,1.98122,0.628432,0.073728,0.247808,0.627104,2.64457,378.133,15000,6272,5.29511
Suite_15,Deferred_Uber,0,2218,1.98107,0.649317,0.07168,0.247808,0.628576,2.62818,380.491,15000,6272,5.32335
Suite_15,Deferred_Uber,0,2219,1.98662,0.649629,0.073568,0.248096,0.622784,2.64823,377.61,15000,6272,5.35176
Suite_15,Deferred_Uber,0,2220,1.97927,0.636992,0.072928,0.248832,0.626688,2.65575,376.541,15000,6272,5.38033
Suite_15,Deferred_Uber,0,2221,1.9754,0.629368,0.074432,0.247936,0.622656,2.63635,379.312,15000,6272,5.40907
Suite_15,Deferred_Uber,0,2222,1.98668,0.64657,0.075328,0.248864,0.630784,2.62896,380.379,15000,6272,5.43798
Suite_15,Deferred_Uber,0,2223,1.98023,0.628468,0.073728,0.249248,0.649216,2.65175,377.11,15000,6272,5.46707
Suite_15,Deferred_Uber,0,2224,1.98083,0.662355,0.07328,0.248352,0.626496,2.6266,380.721,15000,6272,5.49631
Suite_15,Deferred_Uber,0,2225,1.98195,0.636285,0.07168,0.247808,0.619008,2.67204,374.246,15000,6272,5.52572
Suite_15,Deferred_Uber,0,2226,1.97768,0.627091,0.075776,0.247808,0.61712,2.6365,379.291,15000,6272,5.5553
Suite_15,Deferred_Uber,0,2227,1.9818,0.671746,0.074272,0.24816,0.622592,2.62234,381.338,15000,6272,5.58504
Suite_15,Deferred_Uber,0,2228,1.9839,0.630595,0.0704,0.247808,0.62464,2.67186,374.271,15000,6144,5.61477
Suite_15,Deferred_Uber,0,2229,1.98284,0.636351,0.074048,0.247968,0.622592,2.63338,379.74,15000,6272,5.64489
Suite_15,Deferred_Uber,0,2230,1.98474,0.642222,0.076288,0.241184,0.617504,2.63939,378.875,15000,6272,5.43703
Suite_15,Deferred_Uber,0,2231,1.97893,0.629466,0.075072,0.250784,0.625152,2.64452,378.14,15000,6272,5.4664
Suite_15,Deferred_Uber,0,2232,1.97739,0.642527,0.075264,0.243072,0.618624,2.6258,380.837,15000,6272,5.49592
Suite_15,Deferred_Uber,0,2233,1.97913,0.636486,0.073696,0.2432,0.622912,2.64021,378.758,15000,6016,5.52499
Suite_15,Deferred_Uber,0,2234,1.97632,0.629963,0.073728,0.243712,0.620832,2.63459,379.565,15000,6016,5.55482
Suite_15,Deferred_Uber,0,2235,1.97887,0.644318,0.073728,0.243392,0.622912,2.62861,380.429,15000,6144,5.58497
Suite_15,Deferred_Uber,0,2236,1.98637,0.686225,0.072,0.243712,0.618496,2.64228,378.461,15000,6144,5.61509
Suite_15,Deferred_Uber,0,2237,1.9818,0.663094,0.07168,0.241696,0.622752,2.69466,371.104,15000,6144,5.64536
Suite_15,Deferred_Uber,0,2238,1.97698,0.636678,0.073984,0.236,0.610304,2.67261,374.166,15000,6144,5.19309
Suite_15,Deferred_Uber,0,2239,1.97395,0.631336,0.083968,0.23552,0.625632,2.63591,379.375,15000,6016,5.2211
Suite_15,Deferred_Uber,0,2240,1.97844,0.647953,0.075776,0.233024,0.61008,2.62231,381.344,15000,6016,5.24953
Suite_15,Deferred_Uber,0,2241,1.97968,0.636214,0.071392,0.232128,0.610784,2.64706,377.777,15000,5888,5.2776
Suite_15,Deferred_Uber,0,2242,1.9731,0.631368,0.0736,0.233536,0.600832,2.63402,379.648,15000,5888,5.30613
Suite_15,Deferred_Uber,0,2243,1.98179,0.642723,0.070528,0.234176,0.610368,2.62223,381.354,15000,5888,5.33497
Suite_15,Deferred_Uber,0,2244,1.97812,0.62859,0.075616,0.233632,0.631744,2.64282,378.384,15000,5888,5.36395
Suite_15,Deferred_Uber,0,2245,1.97568,0.641321,0.073472,0.233888,0.610304,2.62579,380.838,15000,5760,5.3928
Suite_15,Deferred_Uber,0,2246,1.97996,0.626622,0.074656,0.233472,0.613792,2.637,379.218,15000,5760,5.42205
Suite_15,Deferred_Uber,0,2247,1.97612,0.621751,0.07168,0.23392,0.606016,2.62352,381.168,15000,5632,5.4508
Suite_15,Deferred_Uber,0,2248,1.98158,0.635949,0.071264,0.234112,0.600352,2.61525,382.372,15000,5504,5.47986
Suite_15,Deferred_Uber,0,2249,1.9754,0.626829,0.076544,0.233664,0.61152,2.63803,379.07,15000,5504,5.50951
Suite_15,Deferred_Uber,0,2250,1.98014,0.63053,0.0704,0.233472,0.608416,2.62032,381.633,15000,5504,5.53928
Suite_15,Deferred_Uber,0,2251,1.97999,0.630963,0.073696,0.234976,0.614944,2.63445,379.586,15000,5504,5.56918
Suite_15,Deferred_Uber,0,2252,1.97861,0.626305,0.073536,0.225824,0.620544,2.62891,380.385,15000,5504,5.03951
Suite_15,Deferred_Uber,0,2253,1.97349,0.643648,0.075328,0.228,0.608256,2.62529,380.911,15000,5248,5.06597
Suite_15,Deferred_Uber,0,2254,1.97526,0.620109,0.074528,0.228,0.608256,2.63719,379.191,15000,5248,5.09369
Suite_15,Deferred_Uber,0,2255,1.97304,0.624464,0.071712,0.225024,0.602112,2.61214,382.828,15000,4992,5.12114
Suite_15,Deferred_Uber,0,2256,1.9806,0.631591,0.076032,0.22528,0.601152,2.61421,382.524,15000,5120,5.14934
Suite_15,Deferred_Uber,0,2257,1.97022,0.621861,0.075776,0.22672,0.60416,2.63193,379.95,15000,5120,5.17744
Suite_15,Deferred_Uber,0,2258,1.96802,0.637198,0.07424,0.22592,0.595936,2.60962,383.197,15000,5120,5.20567
Suite_15,Deferred_Uber,0,2259,2.01508,0.708815,0.073216,0.22608,0.598016,2.62309,381.229,15000,5248,5.23409
Suite_15,Deferred_Uber,0,2260,1.97763,0.626602,0.072544,0.235904,0.606176,2.74594,364.173,15000,5248,5.26256
Suite_15,Deferred_Uber,0,2261,1.97948,0.643457,0.070912,0.227328,0.594784,2.62375,381.134,15000,5248,5.29114
Suite_15,Deferred_Uber,0,2262,1.97464,0.622757,0.073824,0.227328,0.608,2.64383,378.239,15000,5248,5.31984
Suite_15,Deferred_Uber,0,2263,1.97261,0.624297,0.072256,0.228064,0.595424,2.61444,382.491,15000,5248,5.34866
Suite_15,Deferred_Uber,0,2264,1.97738,0.637848,0.07168,0.227328,0.598432,2.61424,382.52,15000,5248,5.37758
Suite_15,Deferred_Uber,0,2265,1.96973,0.618694,0.070624,0.227072,0.599232,2.63487,379.525,15000,5120,5.40621
Suite_15,Deferred_Uber,0,2266,1.97286,0.636589,0.07168,0.227328,0.598016,2.60585,383.751,15000,5120,5.43536
Suite_15,Deferred_Uber,0,2267,1.97714,0.621233,0.072096,0.227232,0.606208,2.62735,380.611,15000,4992,5.46391
Suite_15,Deferred_Uber,0,2268,1.9681,0.620763,0.095392,0.227328,0.673824,2.61543,382.347,15000,4992,5.49327
Suite_15,Deferred_Uber,0,2269,1.97559,0.637628,0.07168,0.226784,0.606656,2.60833,383.386,15000,4864,5.52237
Suite_15,Deferred_Uber,0,2270,1.97019,0.618413,0.073664,0.225664,0.59984,2.63268,379.841,15000,4864,5.55192
Suite_15,Deferred_Uber,0,2271,1.97111,0.621712,0.073728,0.226368,0.6008,2.60486,383.899,15000,4736,5.58094
Suite_15,Deferred_Uber,0,2272,1.97671,0.634721,0.07296,0.227104,0.602112,2.60938,383.233,15000,4736,5.61069
Suite_15,Deferred_Uber,0,2273,1.9656,0.622024,0.073728,0.22528,0.600192,2.63524,379.472,15000,4608,5.64039
Suite_15,Deferred_Uber,0,2274,1.98765,0.676785,0.071296,0.225824,0.602624,2.60482,383.904,15000,4608,5.67031
Suite_15,Deferred_Uber,0,2275,1.97193,0.625628,0.07168,0.217344,0.588672,2.68499,372.44,15000,4480,5.20655
Suite_15,Deferred_Uber,0,2276,1.97166,0.621624,0.07232,0.217344,0.597792,2.61495,382.417,15000,4480,5.23435
Suite_15,Deferred_Uber,0,2277,1.96941,0.656574,0.070464,0.218944,0.597664,2.61147,382.926,15000,4608,5.26246
Suite_15,Deferred_Uber,0,2278,1.99142,0.702404,0.069632,0.218464,0.598656,2.64706,377.777,15000,4608,5.29042
Suite_15,Deferred_Uber,0,2279,1.98033,0.667447,0.07024,0.21712,0.585728,2.72091,367.524,15000,4608,5.31847
Suite_15,Deferred_Uber,0,2280,1.97381,0.670488,0.069632,0.218944,0.590592,2.66795,374.819,15000,4608,5.3466
Suite_15,Deferred_Uber,0,2281,1.97859,0.699549,0.07136,0.2192,0.614784,2.66748,374.886,15000,4608,5.37479
Suite_15,Deferred_Uber,0,2282,1.98921,0.70265,0.071552,0.225632,0.607552,2.70155,370.158,15000,4608,5.50704
Suite_15,Deferred_Uber,0,2283,1.98129,0.693494,0.070048,0.217888,0.591872,2.71299,368.598,15000,4608,4.80481
Suite_15,Deferred_Uber,0,2284,1.99443,0.69054,0.071712,0.217664,0.598016,2.69616,370.898,15000,4608,4.83061
Suite_15,Deferred_Uber,0,2285,1.97919,0.674855,0.072128,0.211264,0.593888,2.70971,369.043,15000,4736,4.52266
Suite_15,Deferred_Uber,0,2286,1.98773,0.720636,0.065536,0.210816,0.576448,2.676,373.691,15000,4736,4.54715
Suite_15,Deferred_Uber,0,2287,1.99458,0.704422,0.0728,0.212928,0.582368,2.80682,356.275,15000,4608,4.57152
Suite_15,Deferred_Uber,0,2288,1.99268,0.733539,0.071712,0.211328,0.59104,2.78825,358.648,15000,4608,4.59619
Suite_15,Deferred_Uber,0,2289,1.98484,0.714806,0.07168,0.210944,0.587328,2.85216,350.612,15000,4608,4.62094
Suite_15,Deferred_Uber,0,2290,1.99365,0.703933,0.075616,0.209536,0.589952,2.72654,366.765,15000,4736,4.64589
Suite_15,Deferred_Uber,0,2291,2.00201,0.716992,0.070976,0.212736,0.602464,2.72137,367.462,15000,4736,4.6708
Suite_15,Deferred_Uber,0,2292,1.98729,0.696637,0.06992,0.210944,0.58064,2.99565,333.818,15000,4736,4.69581
Suite_15,Deferred_Uber,0,2293,1.9988,0.73441,0.071168,0.211808,0.58832,2.71237,368.681,15000,4608,4.72032
Suite_15,Deferred_Uber,0,2294,1.99738,0.731068,0.07168,0.211072,0.586528,3.00902,332.334,15000,4736,4.74554
Suite_15,Deferred_Uber,0,2295,1.9857,0.682935,0.069632,0.210944,0.585344,2.94416,339.655,15000,4736,4.77078
Suite_15,Deferred_Uber,0,2296,1.99721,0.708787,0.076768,0.21104,0.597376,2.69051,371.677,15000,4736,4.79608
Suite_15,Deferred_Uber,0,2297,1.98362,0.662536,0.07168,0.212768,0.584224,2.93879,340.276,15000,4736,4.82147
Suite_15,Deferred_Uber,0,2298,1.97909,0.627524,0.071072,0.212224,0.5872,2.66788,374.829,15000,4736,4.84692
Suite_15,Deferred_Uber,0,2299,1.9695,0.625187,0.071296,0.209664,0.59072,2.62382,381.124,15000,4736,4.87243
Suite_15,Deferred_Uber,0,2300,1.97081,0.640948,0.072768,0.209824,0.585728,2.61221,382.818,15000,4736,4.89802
Suite_15,Deferred_Uber,0,2301,1.97414,0.62641,0.074976,0.212576,0.581888,2.6316,379.996,15000,4736,4.92366
Suite_15,Deferred_Uber,0,2302,1.96836,0.639237,0.071552,0.211328,0.59264,2.61814,381.95,15000,4736,4.94937
Suite_15,Deferred_Uber,0,2303,1.97013,0.627427,0.07536,0.212928,0.589888,2.62607,380.797,15000,4736,4.97514
Suite_15,Deferred_Uber,0,2304,1.96839,0.618053,0.070432,0.212128,0.587776,2.61456,382.473,15000,4736,5.00096
Suite_15,Deferred_Uber,0,2305,1.97002,0.64092,0.072256,0.211136,0.587776,2.60452,383.949,15000,4608,5.02617
Suite_15,Deferred_Uber,0,2306,1.97043,0.632503,0.0704,0.210816,0.585728,2.63059,380.143,15000,4608,5.0521
Suite_15,Deferred_Uber,0,2307,1.96646,0.619668,0.07232,0.210368,0.583744,2.62348,381.173,15000,4608,5.07807
Suite_15,Deferred_Uber,0,2308,1.97137,0.636677,0.073728,0.210944,0.590048,2.60293,384.182,15000,4608,5.10409
Suite_15,Deferred_Uber,0,2309,1.96968,0.619014,0.071712,0.211744,0.587776,2.62677,380.695,15000,4864,5.1303
Suite_15,Deferred_Uber,0,2310,1.96692,0.637627,0.071264,0.20928,0.5856,2.61037,383.087,15000,4864,5.15641
Suite_15,Deferred_Uber,0,2311,1.97732,0.659585,0.07456,0.211424,0.591392,2.62301,381.242,15000,5120,5.183
Suite_15,Deferred_Uber,0,2312,1.96876,0.623361,0.07392,0.21504,0.587168,2.65674,376.402,15000,5120,5.20919
Suite_15,Deferred_Uber,0,2313,1.97951,0.658073,0.07168,0.212704,0.581984,2.61094,383.004,15000,5120,5.23542
Suite_15,Deferred_Uber,0,2314,1.97679,0.625939,0.075072,0.212992,0.586336,2.65794,376.231,15000,5504,5.26235
Suite_15,Deferred_Uber,0,2315,1.9728,0.625512,0.071232,0.212512,0.589824,2.61947,381.756,15000,5632,5.28882
Suite_15,Deferred_Uber,0,2316,1.97733,0.639933,0.073728,0.212896,0.587776,2.61581,382.291,15000,5632,5.31515
Suite_15,Deferred_Uber,0,2317,1.97843,0.634679,0.073728,0.213152,0.610848,2.63726,379.182,15000,5760,5.34157
Suite_15,Deferred_Uber,0,2318,1.97489,0.643154,0.072128,0.212288,0.593312,2.63132,380.037,15000,5888,5.36801
Suite_15,Deferred_Uber,0,2319,1.97629,0.667181,0.071968,0.211392,0.579584,2.6369,379.233,15000,5888,5.39441
Suite_15,Deferred_Uber,0,2320,1.97589,0.629067,0.074144,0.212704,0.591872,2.66094,375.807,15000,5888,5.42084
Suite_15,Deferred_Uber,0,2321,1.98456,0.655547,0.074656,0.212832,0.596096,2.62372,381.138,15000,5888,5.44727
Suite_15,Deferred_Uber,0,2322,1.97464,0.629351,0.071968,0.21152,0.589056,2.66653,375.019,15000,5888,5.47373
Suite_15,Deferred_Uber,0,2323,1.97142,0.629039,0.07168,0.212992,0.587616,2.62119,381.506,15000,5888,5.50019
Suite_15,Deferred_Uber,0,2324,1.97938,0.653636,0.073728,0.212992,0.592288,2.61863,381.88,15000,6016,5.5269
Suite_15,Deferred_Uber,0,2325,1.97398,0.635736,0.07648,0.22592,0.595968,2.65316,376.908,15000,5888,5.55268
Suite_15,Deferred_Uber,0,2326,1.98232,0.650374,0.073248,0.213952,0.596768,2.62838,380.462,15000,6016,5.5793
Suite_15,Deferred_Uber,0,2327,1.97994,0.647508,0.073728,0.213312,0.585728,2.6522,377.046,15000,6016,5.6058
Suite_15,Deferred_Uber,0,2328,1.97437,0.639617,0.073472,0.205536,0.581632,2.64552,377.998,15000,6016,4.74206
Suite_15,Deferred_Uber,0,2329,1.98206,0.64406,0.072064,0.205984,0.589184,2.63532,379.46,15000,6144,4.76607
Suite_15,Deferred_Uber,0,2330,1.97451,0.630656,0.07168,0.206848,0.573824,2.64542,378.012,15000,6144,4.79002
Suite_15,Deferred_Uber,0,2331,1.98341,0.676774,0.07488,0.206304,0.577536,2.62197,381.393,15000,6528,4.81467
Suite_15,Deferred_Uber,0,2332,1.97744,0.634501,0.07408,0.20592,0.58368,2.67977,373.167,15000,6528,4.83822
Suite_15,Deferred_Uber,0,2333,1.98422,0.635964,0.073824,0.208896,0.57952,2.63152,380.009,15000,6912,4.86258
Suite_15,Deferred_Uber,0,2334,1.98603,0.650716,0.074752,0.208416,0.590048,2.63845,379.01,15000,7040,4.88701
Suite_15,Deferred_Uber,0,2335,1.98299,0.638238,0.07536,0.208768,0.585024,2.65626,376.469,15000,6912,4.91086
Suite_15,Deferred_Uber,0,2336,1.97796,0.637742,0.075072,0.208896,0.584,2.64438,378.16,15000,7040,4.93533
Suite_15,Deferred_Uber,0,2337,1.98221,0.65374,0.073728,0.208992,0.58832,2.63587,379.382,15000,7040,4.95965
Suite_15,Deferred_Uber,0,2338,1.9767,0.63588,0.073728,0.210304,0.606624,2.65552,376.574,15000,7040,4.98402
Suite_15,Deferred_Uber,0,2339,1.98039,0.652425,0.076928,0.21664,0.593536,2.63005,380.22,15000,7168,5.06973
Suite_15,Deferred_Uber,0,2340,1.97834,0.630943,0.075072,0.217088,0.598016,2.65199,377.075,15000,7296,5.09476
Suite_15,Deferred_Uber,0,2341,1.975,0.634375,0.073728,0.216608,0.589312,2.62896,380.379,15000,7296,5.11942
Suite_15,Deferred_Uber,0,2342,1.98534,0.653696,0.077696,0.215872,0.605408,2.62813,380.498,15000,7296,5.14412
Suite_15,Deferred_Uber,0,2343,1.98177,0.627589,0.075776,0.208576,0.58992,2.65811,376.207,15000,7424,4.29256
Suite_15,Deferred_Uber,0,2344,1.97955,0.64478,0.07168,0.202208,0.573472,2.62698,380.665,15000,7552,3.71286
Suite_15,Deferred_Uber,0,2345,1.98269,0.646303,0.073472,0.202752,0.581632,2.64558,377.988,15000,7680,3.73253
Suite_15,Deferred_Uber,0,2346,1.98194,0.624117,0.075776,0.218592,0.596896,2.64859,377.56,15000,7936,3.75236
Suite_15,Deferred_Uber,0,2347,1.97976,0.647294,0.073984,0.2008,0.581632,2.62402,381.095,15000,7808,3.7714
Suite_15,Deferred_Uber,0,2348,1.98199,0.621975,0.07168,0.201696,0.582464,2.64645,377.865,15000,8064,3.79163
Suite_15,Deferred_Uber,0,2349,1.98338,0.658942,0.075712,0.20096,0.580192,2.62412,381.08,15000,8192,3.81155
Suite_15,Deferred_Uber,0,2350,1.9931,0.652677,0.075776,0.203136,0.58352,2.6641,375.361,15000,8192,3.83151
Suite_15,Deferred_Uber,0,2351,1.99423,0.62383,0.075552,0.202848,0.583872,2.66609,375.082,15000,8192,3.85157
Suite_15,Deferred_Uber,0,2352,1.9866,0.63982,0.077536,0.202752,0.588,2.64057,378.706,15000,8448,3.87212
Suite_15,Deferred_Uber,0,2353,1.98575,0.645082,0.075392,0.202976,0.57968,2.64787,377.662,15000,8576,3.89287
Suite_15,Deferred_Uber,0,2354,1.98572,0.632494,0.078144,0.202432,0.582944,2.65058,377.276,15000,8960,3.91368
Suite_15,Deferred_Uber,0,2355,1.98837,0.6581,0.07664,0.210944,0.597632,2.637,379.219,15000,9216,4.01234
Suite_15,Deferred_Uber,0,2356,1.98946,0.642747,0.075104,0.21008,0.591488,2.66613,375.075,15000,9216,4.0331
Suite_15,Deferred_Uber,0,2357,1.98571,0.62941,0.075776,0.209024,0.590784,2.65225,377.038,15000,9728,4.05476
Suite_15,Deferred_Uber,0,2358,1.99328,0.639796,0.075648,0.210944,0.587168,2.63514,379.487,15000,10112,4.07619
Suite_15,Deferred_Uber,0,2359,1.99724,0.638446,0.077824,0.21088,0.61856,2.65223,377.041,15000,10496,4.09826
Suite_15,Deferred_Uber,0,2360,1.99433,0.642767,0.074272,0.210176,0.592896,2.65537,376.596,15000,10624,4.11955
Suite_15,Deferred_Uber,0,2361,1.99788,0.632264,0.07696,0.212992,0.593504,2.66009,375.927,15000,10752,4.14134
Suite_15,Deferred_Uber,0,2362,2.00294,0.63666,0.077312,0.213536,0.590144,2.65041,377.3,15000,11392,4.16488
Suite_15,Deferred_Uber,0,2363,2.00212,0.659243,0.075712,0.214912,0.601792,2.65872,376.121,15000,11648,4.18696
Suite_15,Deferred_Uber,0,2364,1.99892,0.637083,0.078496,0.21504,0.599968,2.68544,372.378,15000,11648,4.20855
Suite_15,Deferred_Uber,0,2365,1.9959,0.665186,0.079456,0.214336,0.599392,2.65743,376.303,15000,11776,4.23059
Suite_15,Deferred_Uber,0,2366,2.01106,0.658839,0.075264,0.213824,0.598016,2.68447,372.513,15000,12160,4.25286
Suite_15,Deferred_Uber,0,2367,2.0053,0.646421,0.077824,0.212992,0.660416,2.69021,371.718,15000,12288,4.27488
Suite_15,Deferred_Uber,0,2368,2.00487,0.658631,0.079296,0.213152,0.600576,2.67105,374.384,15000,12544,4.2973
Suite_15,Deferred_Uber,0,2369,2.00282,0.637522,0.076736,0.214336,0.601792,2.68636,372.25,15000,12800,4.32
Suite_15,Deferred_Uber,0,2370,1.99883,0.646534,0.079168,0.213984,0.594656,2.66073,375.836,15000,12928,4.34225
Suite_15,Deferred_Uber,0,2371,2.00733,0.660848,0.08192,0.214464,0.600128,2.66512,375.217,15000,12928,4.36454
Suite_15,Deferred_Uber,0,2372,2.04499,0.71169,0.077664,0.217728,0.626656,2.68853,371.95,15000,13184,4.38747
Suite_15,Deferred_Uber,0,2373,2.01765,0.682628,0.079648,0.2136,0.597056,2.78294,359.332,15000,13568,4.41036
Suite_15,Deferred_Uber,0,2374,2.01674,0.643776,0.07856,0.215744,0.59392,2.72475,367.006,15000,13952,4.43346
Suite_15,Deferred_Uber,0,2375,2.00541,0.629101,0.078688,0.227328,0.604192,2.68046,373.071,15000,14336,4.54484
Suite_15,Deferred_Uber,0,2376,2.01639,0.639712,0.077856,0.22528,0.606208,2.6555,376.577,15000,14848,4.56889
Suite_15,Deferred_Uber,0,2377,2.0157,0.633351,0.07968,0.224096,0.60416,2.68395,372.585,15000,15360,4.59333
Suite_15,Deferred_Uber,0,2378,2.01435,0.645867,0.082912,0.225216,0.610464,2.67025,374.497,15000,16000,4.61743
Suite_15,Deferred_Uber,0,2379,2.01684,0.632638,0.08192,0.22464,0.606784,2.68233,372.81,15000,16640,4.64224
Suite_15,Deferred_Uber,0,2380,2.01907,0.628314,0.086016,0.22528,0.614528,2.67032,374.487,15000,17024,4.66664
Suite_15,Deferred_Uber,0,2381,2.02392,0.649862,0.08352,0.225696,0.619808,2.67084,374.415,15000,17664,4.69136
Suite_15,Deferred_Uber,0,2382,2.02355,0.6268,0.081536,0.226016,0.6144,2.69794,370.653,15000,17920,4.71525
Suite_15,Deferred_Uber,0,2383,2.02014,0.636176,0.08144,0.225952,0.61104,2.67129,374.351,15000,18304,4.73936
Suite_15,Deferred_Uber,0,2384,2.03079,0.641585,0.082944,0.225312,0.608768,2.67862,373.326,15000,18688,4.76392
Suite_15,Deferred_Uber,0,2385,2.02631,0.631298,0.082208,0.250976,0.636928,2.69648,370.854,15000,19072,4.7887
Suite_15,Deferred_Uber,0,2386,2.02947,0.649404,0.08768,0.23008,0.622784,2.68003,373.13,15000,19712,4.81334
Suite_15,Deferred_Uber,0,2387,2.04784,0.66612,0.08192,0.241664,0.626688,2.70272,369.997,15000,20352,4.88447
Suite_15,Deferred_Uber,0,2388,2.04484,0.642185,0.086016,0.247616,0.627104,2.73847,365.167,15000,20608,4.95811
Suite_15,Deferred_Uber,0,2389,2.05588,0.656801,0.08848,0.264192,0.657024,2.7134,368.542,15000,21504,5.13781
Suite_15,Deferred_Uber,0,2390,2.0403,0.633546,0.083968,0.266368,0.671744,2.73851,365.162,15000,21760,5.16325
Suite_15,Deferred_Uber,0,2391,2.03916,0.652778,0.086944,0.266208,0.653408,2.69659,370.839,15000,22400,5.18921
Suite_15,Deferred_Uber,0,2392,2.05512,0.645506,0.088064,0.274272,0.669696,2.71684,368.075,15000,22784,5.26207
Suite_15,Deferred_Uber,0,2393,2.04909,0.815769,0.714752,0.274432,1.29059,2.73361,365.817,15000,23168,5.28768
Suite_15,Deferred_Uber,0,2394,2.05314,0.648789,0.086848,0.28,0.675072,2.89216,345.763,15000,23552,5.31375
Suite_15,Deferred_Uber,0,2395,2.05086,0.635704,0.088064,0.278528,0.659232,2.72626,366.803,15000,23808,5.34008
Suite_15,Deferred_Uber,0,2396,2.04867,0.645149,0.090112,0.276064,0.669856,2.71028,368.966,15000,24576,5.36713
Suite_15,Deferred_Uber,0,2397,2.05576,0.641936,0.08752,0.27648,0.669696,2.72226,367.343,15000,25216,5.3941
Suite_15,Deferred_Uber,0,2398,2.05833,0.63599,0.09232,0.276928,0.671296,2.72294,367.25,15000,26624,5.42197
Suite_15,Deferred_Uber,0,2399,2.06697,0.655844,0.094208,0.27648,0.677504,2.71809,367.906,15000,27520,5.4505
Suite_15,Deferred_Uber,0,2400,2.06837,0.637302,0.090464,0.286656,0.68304,2.74832,363.858,15000,28544,5.53104
Suite_15,Deferred_Uber,0,2401,2.06484,0.653309,0.090112,0.288544,0.675744,2.7331,365.885,15000,29696,5.55956
Suite_15,Deferred_Uber,0,2402,2.07565,0.646181,0.091648,0.289504,0.688128,2.74758,363.957,15000,29824,5.58673
Suite_15,Deferred_Uber,0,2403,2.07866,0.645437,0.092288,0.289056,0.686112,2.74802,363.898,15000,31360,5.6153
Suite_15,Deferred_Uber,0,2404,2.08373,0.678415,0.093248,0.292864,0.691872,2.74947,363.707,15000,32000,5.64326
Suite_15,Deferred_Uber,0,2405,2.08785,0.638494,0.092352,0.288768,0.681184,2.79168,358.207,15000,32768,5.67102
Suite_15,Deferred_Uber,0,2406,2.08075,0.649144,0.092416,0.305792,0.701728,2.75383,363.13,15000,33536,5.81488
Suite_15,Deferred_Uber,0,2407,2.08964,0.65095,0.096192,0.3072,0.704512,2.75917,362.428,15000,33920,5.84327
Suite_15,Deferred_Uber,0,2408,2.0923,0.636035,0.099616,0.313184,0.70768,2.76851,361.205,15000,35072,5.87214
Suite_15,Deferred_Uber,0,2409,2.10189,0.666057,0.100352,0.309248,0.714944,2.75701,362.712,15000,36992,5.90339
Suite_15,Deferred_Uber,0,2410,2.10309,0.645371,0.096416,0.3072,0.701728,2.79851,357.333,15000,38016,5.93241
Suite_15,Deferred_Uber,0,2411,2.10238,0.676372,0.09904,0.311296,0.71232,2.77671,360.138,15000,39168,5.96204
Suite_15,Deferred_Uber,0,2412,2.12184,0.659862,0.1024,0.314848,0.719488,2.80947,355.939,15000,41088,5.99224
Suite_15,Deferred_Uber,0,2413,2.11558,0.641181,0.106304,0.30992,0.715776,2.81478,355.268,15000,41856,6.0214
Suite_15,Deferred_Uber,0,2414,2.12609,0.660048,0.1048,0.31072,0.720896,2.78729,358.771,15000,42880,6.05031
Suite_15,Deferred_Uber,0,2415,2.16269,0.728052,0.103936,0.316128,0.718976,2.81891,354.747,15000,44416,6.08162
Suite_15,Deferred_Uber,0,2416,2.14299,0.678309,0.104448,0.311552,0.720672,2.92531,341.844,15000,45696,6.1125
Suite_15,Deferred_Uber,0,2417,2.14343,0.658189,0.110368,0.314752,0.727488,2.85794,349.902,15000,47104,6.14372
Suite_15,Deferred_Uber,0,2418,2.14154,0.662805,0.106432,0.315584,0.716096,2.83627,352.576,15000,48384,6.17514
Suite_15,Deferred_Uber,0,2419,2.15121,0.929063,0.110944,0.313344,0.72704,2.83931,352.198,15000,50176,6.20612
Suite_15,Deferred_Uber,0,2420,2.15228,0.653891,0.108448,0.324,0.729088,3.11452,321.076,15000,52224,6.23814
Suite_15,Deferred_Uber,0,2421,2.16113,0.671922,0.110624,0.324768,0.731136,2.84983,350.899,15000,53504,6.31766
Suite_15,Deferred_Uber,0,2422,2.16672,0.652796,0.112128,0.332256,0.748288,2.87006,348.425,15000,55040,6.39042
Suite_15,Deferred_Uber,0,2423,2.1737,0.702826,0.118784,0.335424,0.759552,2.8534,350.459,15000,56576,6.42235
Suite_15,Deferred_Uber,0,2424,2.18492,0.676995,0.116736,0.342656,0.76592,2.91546,342.999,15000,57984,6.5088
Suite_15,Deferred_Uber,0,2425,2.18033,0.660654,0.119136,0.355488,0.772288,2.90082,344.73,15000,59264,6.58881
Suite_15,Deferred_Uber,0,2426,2.1885,0.68083,0.118048,0.350976,0.770336,2.87868,347.382,15000,60672,6.62114
Suite_15,Deferred_Uber,0,2427,2.18546,0.701914,0.118176,0.352256,0.761856,2.90854,343.815,15000,61568,6.6517
Suite_15,Deferred_Uber,0,2428,2.18344,0.710154,0.119392,0.352256,0.77536,2.92457,341.93,15000,62592,6.68363
Suite_15,Deferred_Uber,0,2429,2.19511,0.702702,0.120864,0.353792,0.770048,2.93691,340.494,15000,63872,6.71556
Suite_15,Deferred_Uber,0,2430,2.19328,0.669527,0.125344,0.353824,0.774112,2.93717,340.464,15000,65536,6.74882
Suite_15,Deferred_Uber,0,2431,2.20592,0.677554,0.126976,0.36864,0.800768,2.90224,344.561,15000,66560,6.92556
Suite_15,Deferred_Uber,0,2432,2.20695,0.656579,0.130976,0.367296,0.845184,2.92273,342.146,15000,67712,6.95796
Suite_15,Deferred_Uber,0,2433,2.21792,0.675672,0.129088,0.375648,0.798752,2.90413,344.337,15000,70144,7.09113
Suite_15,Deferred_Uber,0,2434,2.22385,0.663075,0.126976,0.380928,0.8056,2.93553,340.654,15000,72064,7.20881
Suite_15,Deferred_Uber,0,2435,2.22353,0.677704,0.128288,0.383456,0.811264,2.92817,341.51,15000,73856,7.24338
Suite_15,Deferred_Uber,0,2436,2.24162,0.694495,0.13104,0.387456,0.8232,2.94342,339.741,15000,75904,7.45797
Suite_15,Deferred_Uber,0,2437,2.24655,0.727616,0.131008,0.389184,0.818272,2.97973,335.601,15000,77184,7.49256
Suite_15,Deferred_Uber,0,2438,2.25931,0.76965,0.148288,0.39936,0.84992,3.01814,331.33,15000,79232,7.58303
Suite_15,Deferred_Uber,0,2439,2.25807,0.674387,0.15904,0.404128,0.864928,3.07461,325.245,15000,81536,7.61876
Suite_15,Deferred_Uber,0,2440,2.2688,0.684404,0.13648,0.413696,0.854112,2.97608,336.012,15000,83584,7.74043
Suite_15,Deferred_Uber,0,2441,2.27433,0.672768,0.137024,0.421696,0.857728,3.00259,333.045,15000,85504,7.83229
Suite_15,Deferred_Uber,0,2442,2.2697,0.682344,0.139264,0.423712,0.860096,2.993,334.113,15000,87040,7.86752
Suite_15,Deferred_Uber,0,2443,2.29062,0.687189,0.140864,0.427872,0.868512,3.00254,333.051,15000,89216,7.9065
Suite_15,Deferred_Uber,0,2444,2.28652,0.683861,0.142368,0.42288,0.864128,3.02519,330.558,15000,91264,7.94322
Suite_15,Deferred_Uber,0,2445,2.29863,0.69736,0.14336,0.421888,0.86864,3.02146,330.966,15000,92416,7.97924
Suite_15,Deferred_Uber,0,2446,2.29837,0.682318,0.147552,0.421888,0.8704,3.04568,328.334,15000,94208,8.01521
Suite_15,Deferred_Uber,0,2447,2.30162,0.700427,0.147776,0.423488,0.872448,3.02838,330.209,15000,95872,8.05104
Suite_15,Deferred_Uber,0,2448,2.3117,0.739212,0.145408,0.428032,0.8744,3.05201,327.653,15000,98560,8.08993
Suite_15,Deferred_Uber,0,2449,2.3215,0.762325,0.151552,0.43008,0.891584,3.10703,321.851,15000,101888,8.12985
Suite_15,Deferred_Uber,0,2450,2.32972,0.741435,0.15344,0.446784,0.902976,3.14201,318.267,15000,103680,8.25776
Suite_15,Deferred_Uber,0,2451,2.32921,0.760013,0.15376,0.444448,0.89248,3.12241,320.266,15000,105216,8.29444
Suite_15,Deferred_Uber,0,2452,2.35101,0.746815,0.156576,0.446496,0.906784,3.14204,318.265,15000,108800,8.33689
Suite_15,Deferred_Uber,0,2453,2.34953,0.753608,0.160096,0.464896,0.916832,3.15263,317.195,15000,110976,8.55384
Suite_15,Deferred_Uber,0,2454,2.36933,0.75703,0.163904,0.468928,0.933632,3.16094,316.361,15000,113920,8.59428
Suite_15,Deferred_Uber,0,2455,2.37079,0.753303,0.163456,0.465856,0.93344,3.18639,313.835,15000,115968,8.63297
Suite_15,Deferred_Uber,0,2456,2.3937,0.808987,0.167136,0.476128,0.945504,3.18002,314.464,15000,118528,8.83954
Suite_15,Deferred_Uber,0,2457,2.40165,0.774849,0.16384,0.478848,0.940416,3.26555,306.227,15000,121088,8.87978
Suite_15,Deferred_Uber,0,2458,2.41166,0.781811,0.16864,0.477184,0.950176,3.23579,309.043,15000,124288,8.92183
Suite_15,Deferred_Uber,0,2459,2.41964,0.803631,0.696448,0.485344,1.53299,3.25489,307.23,15000,128896,8.96501
Suite_15,Deferred_Uber,0,2460,2.42564,0.796949,0.17568,0.491488,0.961536,3.2838,304.525,15000,131584,9.16239
Suite_15,Deferred_Uber,0,2461,2.43883,0.771054,0.175744,0.502016,0.976896,3.2883,304.109,15000,134912,9.2057
Suite_15,Deferred_Uber,0,2462,2.44372,0.797701,0.180672,0.486752,0.965728,3.27349,305.484,15000,139264,9.25021
Suite_15,Deferred_Uber,0,2463,2.46045,0.783399,0.182048,0.493888,1.00147,3.30821,302.278,15000,142592,9.29436
Suite_15,Deferred_Uber,0,2464,2.45917,0.805891,0.185152,0.489504,0.981088,3.30851,302.251,15000,146688,9.34305
Suite_15,Deferred_Uber,0,2465,2.48545,0.798346,0.189664,0.49648,0.989952,3.33604,299.757,15000,149888,9.38611
Suite_15,Deferred_Uber,0,2466,2.49161,0.814964,0.192736,0.493568,0.993248,3.3519,298.338,15000,154240,9.43038
Suite_15,Deferred_Uber,0,2467,2.50434,0.802561,0.195488,0.495296,0.987072,3.37731,296.094,15000,157568,9.47342
Suite_15,Deferred_Uber,0,2468,2.5132,0.83076,0.19632,0.507488,1.00086,3.37663,296.153,15000,161408,9.5698
Suite_15,Deferred_Uber,0,2469,2.53547,0.811922,0.199008,0.50944,1.0111,3.4193,292.457,15000,164992,9.61396
Suite_15,Deferred_Uber,0,2470,2.55441,0.834538,0.204928,0.53264,1.03629,3.42329,292.116,15000,169472,9.80426
Suite_15,Deferred_Uber,0,2471,2.55299,0.814966,0.206784,0.5328,1.04064,3.46545,288.563,15000,173184,9.84821
Suite_15,Deferred_Uber,0,2472,2.55342,0.823475,0.206592,0.53072,1.04211,3.44432,290.333,15000,176000,9.89259
Suite_15,Deferred_Uber,0,2473,2.57341,0.847372,0.743648,0.53376,1.57885,3.46222,288.832,15000,179840,9.93802
Suite_15,Deferred_Uber,0,2474,2.64698,0.910365,0.214048,0.547136,1.06752,3.5,285.714,15000,184960,10.1043
Suite_15,Deferred_Uber,0,2475,2.62454,0.837911,0.217088,0.538624,1.05302,3.64053,274.685,15000,189056,10.1511
Suite_15,Deferred_Uber,0,2476,2.62753,0.866052,0.219136,0.541696,1.05882,3.54743,281.894,15000,193152,10.1977
Suite_15,Deferred_Uber,0,2477,2.621,0.835429,0.219136,0.547648,1.06502,3.58173,279.194,15000,196224,10.3017
Suite_15,Deferred_Uber,0,2478,2.62268,0.866461,0.223392,0.559456,1.08339,3.5442,282.152,15000,199680,10.4809
Suite_15,Deferred_Uber,0,2479,2.65262,0.839674,0.229824,0.559712,1.10736,3.57634,279.615,15000,204672,10.5321
Suite_15,Deferred_Uber,0,2480,2.65979,0.875901,0.233472,0.556064,1.092,3.58469,278.964,15000,209152,10.5802
Suite_15,Deferred_Uber,0,2481,2.671,0.852541,0.228032,0.56384,1.10992,3.62686,275.72,15000,212224,10.6282
Suite_15,Deferred_Uber,0,2482,2.67409,0.874936,0.237568,0.57344,1.10838,3.61639,276.519,15000,215808,10.8335
Suite_15,Deferred_Uber,0,2483,2.69174,0.862401,0.234752,0.594752,1.13494,3.64175,274.593,15000,220544,11.1443
Suite_15,Deferred_Uber,0,2484,2.70564,0.901585,0.253952,0.591872,1.14909,3.64559,274.304,15000,225792,11.2546
Suite_15,Deferred_Uber,0,2485,2.72616,0.896497,0.24704,0.620896,1.16374,3.70397,269.98,15000,231552,11.5649
Suite_15,Deferred_Uber,0,2486,2.76176,0.908583,0.247296,0.635872,1.18627,3.72701,268.312,15000,236800,11.8605
Suite_15,Deferred_Uber,0,2487,2.76988,0.886587,0.253952,0.640736,1.19949,3.7717,265.132,15000,241664,11.9142
Suite_15,Deferred_Uber,0,2488,2.78617,0.902714,0.257952,0.6352,1.19008,3.75919,266.015,15000,247296,11.9702
Suite_15,Deferred_Uber,0,2489,2.78429,0.914001,0.25792,0.641376,1.19414,3.79631,263.414,15000,251520,12.0239
Suite_15,Deferred_Uber,0,2490,2.80339,0.906843,0.260832,0.651264,1.21651,3.80805,262.602,15000,256512,12.1858
Suite_15,Deferred_Uber,0,2491,2.8186,0.964111,0.263968,0.656032,1.21856,3.81653,262.018,15000,262016,12.2407
Suite_15,Deferred_Uber,0,2492,2.83548,0.929339,0.268288,0.661504,1.22522,3.88991,257.075,15000,268032,12.3002
Suite_15,Deferred_Uber,0,2493,2.84284,0.980678,0.288736,0.686272,1.39418,3.87494,258.069,15000,274176,12.5201
Suite_15,Deferred_Uber,0,2494,2.86974,0.94979,0.281888,0.684,1.88506,3.93669,254.021,15000,280192,12.5759
Suite_15,Deferred_Uber,0,2495,2.89907,0.996732,0.284032,0.729952,1.42688,3.93642,254.038,15000,285184,12.9108
Suite_15,Deferred_Uber,0,2496,2.91603,0.980913,0.286496,0.754016,2.84957,4.02112,248.687,15000,290560,13.1093
Suite_15,Deferred_Uber,0,2497,2.93241,0.990497,0.28736,0.767744,1.34909,4.01859,248.843,15000,296832,13.2327
Suite_15,Deferred_Uber,0,2498,2.9396,0.986746,0.292864,0.804288,1.51347,4.04308,247.336,15000,301952,13.4532
Suite_15,Deferred_Uber,0,2499,2.95447,0.978537,0.288576,0.819456,2.48237,4.05137,246.83,15000,307200,13.5129
Suite_15,Deferred_Uber,0,2500,2.9654,1.00773,0.300992,0.83184,1.5481,4.06526,245.987,15000,312320,13.6805
Suite_15,Deferred_Uber,0,2501,2.98496,0.996099,0.880256,0.846624,2.21798,4.10518,243.595,15000,319104,13.8027
Suite_15,Deferred_Uber,0,2502,3.00598,1.0183,0.310336,0.875936,1.48518,4.12111,242.653,15000,324352,13.9569
Suite_15,Deferred_Uber,0,2503,3.02398,1.02814,0.305152,0.90048,1.62262,4.15788,240.507,15000,331520,14.1069
Suite_15,Deferred_Uber,0,2504,3.0492,1.00993,0.307488,0.892928,2.63373,4.18412,238.999,15000,338176,14.1695
Suite_15,Deferred_Uber,0,2505,3.05772,1.03972,0.311296,0.89264,1.62611,4.19978,238.108,15000,344832,14.2617
Suite_15,Deferred_Uber,0,2506,3.07206,1.02602,0.323392,0.926112,1.66707,4.23525,236.113,15000,351232,15.4993
Suite_15,Deferred_Uber,0,2507,3.09201,1.05874,0.327776,0.950272,1.57658,4.24353,235.653,15000,356992,15.6748
Suite_15,Deferred_Uber,0,2508,3.10729,1.07665,0.339392,0.964384,1.72646,4.29875,232.626,15000,363904,16.0355
Suite_15,Deferred_Uber,0,2509,3.12927,1.05234,0.342592,1.00221,2.76419,4.33082,230.903,15000,371712,16.2221
Suite_15,Deferred_Uber,0,2510,3.1593,1.11452,0.33568,1.0016,1.75379,4.32609,231.155,15000,378112,16.2932
Suite_15,Deferred_Uber,0,2511,3.18048,1.09797,0.346112,1.01158,1.77386,4.4272,225.876,15000,385152,16.3615
Suite_15,Deferred_Uber,0,2512,3.19214,1.08018,0.344896,1.01971,2.23642,4.43648,225.404,15000,392320,16.5387
Suite_15,Deferred_Uber,0,2513,3.20287,1.10917,0.352576,1.0312,1.80838,4.43065,225.701,15000,399488,16.6627
Suite_15,Deferred_Uber,0,2514,3.21962,1.12587,1.87242,1.04467,3.33984,4.47423,223.502,15000,405888,16.7915
Suite_15,Deferred_Uber,0,2515,3.21949,1.10562,0.363424,1.05856,1.75526,4.50849,221.804,15000,411520,16.8643
Suite_15,Deferred_Uber,0,2516,3.26248,1.13,0.363968,1.05334,1.84,4.48806,222.813,15000,419328,16.9396
Suite_15,Deferred_Uber,0,2517,3.27856,1.12806,0.37888,1.0711,3.25709,4.56145,219.229,15000,426112,17.2881
Suite_15,Deferred_Uber,0,2518,3.30308,1.13623,0.373536,1.08954,1.77936,4.57291,218.679,15000,434048,17.3616
Suite_15,Deferred_Uber,0,2519,3.32667,1.18783,0.38656,1.14768,1.95174,4.60542,217.135,15000,441984,17.956
Suite_15,Deferred_Uber,0,2520,3.33787,1.13947,0.386816,1.15744,3.35741,4.68576,213.413,15000,448512,18.1147
Suite_15,Deferred_Uber,0,2521,3.35678,3.52586,0.382976,1.16912,3.36467,4.662,214.5,15000,453760,18.3532
Suite_15,Deferred_Uber,0,2522,3.39355,1.16756,0.390496,1.19146,2.44531,7.06277,141.587,15000,460672,18.4603
Suite_15,Deferred_Uber,0,2523,3.41078,1.18544,0.395328,1.20803,2.01702,4.73689,211.109,15000,468480,18.571
Suite_15,Deferred_Uber,0,2524,3.40583,1.23446,1.92141,1.20627,3.54288,4.81775,207.566,15000,476288,18.6525
Suite_15,Deferred_Uber,0,2525,3.42057,1.17422,0.404192,1.20998,3.04538,4.82608,207.208,15000,484864,19.172
Suite_15,Deferred_Uber,0,2526,3.4518,1.20182,0.410944,1.26451,2.09498,4.78716,208.892,15000,492928,19.3413
Suite_15,Deferred_Uber,0,2527,3.47359,1.21583,0.411648,1.26342,2.08742,4.84233,206.512,15000,500608,19.4224
Suite_15,Deferred_Uber,0,2528,3.4923,1.189,0.424416,1.26058,2.59686,4.89735,204.192,15000,509824,19.5076
Suite_15,Deferred_Uber,0,2529,3.51253,1.2423,0.55728,1.30051,2.15843,4.8774,205.027,15000,516608,19.7044
Suite_15,Deferred_Uber,0,2530,3.53312,1.24938,0.43168,1.28813,2.14054,4.9538,201.865,15000,523008,19.8575
Suite_15,Deferred_Uber,0,2531,3.56222,1.26921,0.438944,1.33565,3.58592,4.98146,200.744,15000,532352,20.1343
Suite_15,Deferred_Uber,0,2532,3.57283,1.26425,0.44208,1.33315,3.14944,5.03887,198.457,15000,538624,20.2178
Suite_15,Deferred_Uber,0,2533,3.59522,1.2793,0.458528,1.35578,2.22461,5.04106,198.371,15000,546432,20.3495
Suite_15,Deferred_Uber,0,2534,3.61463,1.28033,0.45616,1.37424,2.24694,5.08485,196.663,15000,555776,20.4988
Suite_15,Deferred_Uber,0,2535,3.62665,1.26906,0.46272,1.38291,3.65568,5.11496,195.505,15000,563712,20.5892
Suite_15,Deferred_Uber,0,2536,3.64455,1.27171,0.465856,1.40288,2.72598,5.11783,195.395,15000,571776,20.6776
Suite_15,Deferred_Uber,0,2537,3.66265,1.3164,0.483488,1.38854,2.28762,5.14054,194.532,15000,580224,20.7676
Suite_15,Deferred_Uber,0,2538,3.68914,1.30706,0.4776,1.41338,2.30822,5.19981,192.315,15000,587520,20.9726
Suite_15,Deferred_Uber,0,2539,3.70818,1.30428,0.487424,1.43565,3.79706,5.21772,191.655,15000,594944,21.1548
Suite_15,Deferred_Uber,0,2540,3.72995,1.32384,0.489024,1.45459,2.80352,5.23492,191.025,15000,602624,21.251
Suite_15,Deferred_Uber,0,2541,3.739,1.33813,0.505856,1.43075,2.3511,5.28861,189.086,15000,609152,21.3432
Suite_15,Deferred_Uber,0,2542,3.76494,1.41012,0.499328,1.46186,2.38112,5.30579,188.473,15000,617600,21.5982
Suite_15,Deferred_Uber,0,2543,3.79816,1.39571,0.505024,1.46154,2.38694,5.42575,184.306,15000,625536,21.6897
Suite_15,Deferred_Uber,0,2544,3.80226,1.34078,0.528384,1.48589,3.46192,5.43722,183.918,15000,632448,22.3053
Suite_15,Deferred_Uber,0,2545,3.82748,1.37775,0.524896,1.50989,3.46758,5.38625,185.658,15000,642176,22.6858
Suite_15,Deferred_Uber,0,2546,3.84361,1.37545,0.524288,1.52355,2.34656,5.46003,183.149,15000,651392,22.9403
Suite_15,Deferred_Uber,0,2547,3.86471,1.36943,0.524928,1.52365,2.468,5.46354,183.032,15000,658688,23.1271
Suite_15,Deferred_Uber,0,2548,3.88291,1.37866,0.533024,1.55008,3.8912,5.48573,182.291,15000,667520,23.2287
Suite_15,Deferred_Uber,0,2549,3.89546,1.40936,1.17402,1.54829,4.09616,5.5211,181.123,15000,673792,23.3281
Suite_15,Deferred_Uber,0,2550,3.9359,1.43278,0.540672,1.5913,2.99651,5.56908,179.563,15000,680448,23.5717
Suite_15,Deferred_Uber,0,2551,3.94535,1.42262,0.548864,1.61181,2.4576,5.62213,177.868,15000,687360,23.7017
Suite_15,Deferred_Uber,0,2552,3.95268,1.4282,0.555008,1.61923,2.59277,5.63147,177.574,15000,694272,23.8476
Suite_15,Deferred_Uber,0,2553,3.97117,1.42552,0.756256,1.6384,4.20256,5.65507,176.833,15000,702592,23.9878
Suite_15,Deferred_Uber,0,2554,3.99117,1.43154,0.561152,1.64454,3.06285,5.66826,176.421,15000,710912,24.1654
Suite_15,Deferred_Uber,0,2555,4.01215,1.45432,0.567296,1.71178,3.70752,5.6868,175.846,15000,718720,24.5094
Suite_15,Deferred_Uber,0,2556,4.02697,1.45816,0.58192,1.76947,3.29898,5.75543,173.749,15000,724480,24.7779
Suite_15,Deferred_Uber,0,2557,4.04855,1.47348,0.57552,1.77178,2.64602,5.75392,173.794,15000,730496,24.973
Suite_15,Deferred_Uber,0,2558,4.06217,1.47724,0.581888,1.81002,2.69418,5.80396,172.296,15000,739968,25.3851
Suite_15,Deferred_Uber,0,2559,4.08391,1.48007,1.23597,1.82496,4.8639,5.83509,171.377,15000,748160,25.7018
Suite_15,Deferred_Uber,0,2560,4.10267,1.46734,0.59024,1.82477,3.33997,5.83805,171.29,15000,756352,25.8169
Suite_15,Deferred_Uber,0,2561,4.13164,1.50919,0.594816,1.8432,3.30707,5.87219,170.294,15000,764416,26.7752
Suite_15,Deferred_Uber,0,2562,4.14785,1.50844,0.616448,1.85277,3.90349,5.93944,168.366,15000,771328,26.9226
Suite_15,Deferred_Uber,0,2563,4.16303,1.51569,0.609984,1.87619,2.78221,5.96171,167.737,15000,778752,27.1682
Suite_15,Deferred_Uber,0,2564,4.18086,1.48185,0.612352,1.89645,2.8096,5.97299,167.42,15000,787328,27.2915
Suite_15,Deferred_Uber,0,2565,4.19559,4.35619,2.95936,1.94765,5.77379,5.96767,167.57,15000,795520,27.4923
Suite_15,Deferred_Uber,0,2566,4.22685,1.5044,0.622592,1.96403,2.90202,8.84692,113.034,15000,802560,27.8852
Suite_15,Deferred_Uber,0,2567,4.27124,1.54516,0.63488,1.94957,2.88176,6.04045,165.551,15000,811392,28.0537
Suite_15,Deferred_Uber,0,2568,4.26009,1.55795,0.651264,1.97536,3.04806,6.17932,161.83,15000,818688,28.2549
Suite_15,Deferred_Uber,0,2569,4.27771,1.55946,0.647104,1.96336,3.02272,6.12342,163.307,15000,827904,28.6454
Suite_15,Deferred_Uber,0,2570,4.29962,1.56118,0.650848,1.99443,3.0583,6.15005,162.6,15000,835584,28.7745
Suite_15,Deferred_Uber,0,2571,4.32092,1.58601,1.73789,2.01114,4.61286,6.17105,162.047,15000,843648,28.9395
Suite_15,Deferred_Uber,0,2572,4.34478,1.5711,0.6864,2.00368,4.06442,6.23123,160.482,15000,851584,29.1234
Suite_15,Deferred_Uber,0,2573,4.36458,1.62423,0.671488,2.00973,4.11811,6.24167,160.213,15000,859648,29.2623
Suite_15,Deferred_Uber,0,2574,4.38377,1.62292,0.796672,2.03117,4.20394,6.30523,158.599,15000,866432,29.3973
Suite_15,Deferred_Uber,0,2575,4.40934,1.60505,0.681472,2.03651,3.03334,6.32498,158.103,15000,875392,29.5711
Suite_15,Deferred_Uber,0,2576,4.41728,1.61596,0.685344,2.01814,3.02179,6.35058,157.466,15000,882560,29.7139
Suite_15,Deferred_Uber,0,2577,4.4401,1.64438,0.819456,2.04938,3.1744,6.36008,157.231,15000,890624,29.928
Suite_15,Deferred_Uber,0,2578,4.45561,1.61776,0.694656,2.03574,3.03008,6.41331,155.926,15000,895360,30.0671
Suite_15,Deferred_Uber,0,2579,4.46162,1.63453,0.697184,2.05779,3.1744,6.40723,156.074,15000,902912,30.2429
Suite_15,Deferred_Uber,0,2580,4.48551,1.64817,2.22208,2.04502,4.69136,6.45394,154.944,15000,910464,30.4153
Suite_15,Deferred_Uber,0,2581,4.50019,1.64651,0.714752,2.10653,4.62608,6.48348,154.238,15000,918400,30.6029
Suite_15,Deferred_Uber,0,2582,4.52219,1.65597,0.716096,2.092,4.60806,6.48299,154.25,15000,925696,30.835
Suite_15,Deferred_Uber,0,2583,4.54679,1.70757,1.95011,2.11149,5.87526,6.52905,153.162,15000,933632,31.0684
Suite_15,Deferred_Uber,0,2584,4.5637,1.68844,0.724864,2.14861,3.36096,6.60159,151.479,15000,939904,31.4594
Suite_15,Deferred_Uber,0,2585,4.58336,1.6748,0.733216,2.19402,3.84614,6.60916,151.305,15000,947584,31.7764
Suite_15,Deferred_Uber,0,2586,4.59334,1.68535,0.957632,2.21846,4.6039,6.6074,151.346,15000,953472,31.9388
Suite_15,Deferred_Uber,0,2587,4.61753,1.68653,0.755712,2.2016,4.39133,6.63643,150.683,15000,961792,32.0985
Suite_15,Deferred_Uber,0,2588,4.63459,1.73213,0.759808,2.20957,4.35162,6.67646,149.78,15000,968064,32.3207
Suite_15,Deferred_Uber,0,2589,4.6533,1.79075,1.02589,2.2424,4.13462,6.74134,148.338,15000,975104,32.485
Suite_15,Deferred_Uber,0,2590,4.66849,1.72231,0.756032,2.25747,3.8865,6.81039,146.834,15000,981376,32.6505
Suite_15,Deferred_Uber,0,2591,4.68286,1.82589,0.753664,2.25075,4.44006,6.75332,148.075,15000,989056,32.8215
Suite_15,Deferred_Uber,0,2592,4.70586,1.75982,1.04864,2.26858,4.74931,6.89209,145.094,15000,994560,33.0273
Suite_15,Deferred_Uber,0,2593,4.71664,1.73343,0.769216,2.29376,4.49171,6.82858,146.443,15000,1001728,33.2025
Suite_15,Deferred_Uber,0,2594,4.72649,1.7399,0.772192,2.34496,4.5527,6.82886,146.437,15000,1009152,33.4104
Suite_15,Deferred_Uber,0,2595,4.74545,4.0172,3.66576,2.34912,7.81926,6.83892,146.222,15000,1015424,33.6668
Suite_15,Deferred_Uber,0,2596,4.77758,1.78631,0.782336,2.31843,3.51152,9.13957,109.414,15000,1023360,33.8461
Suite_15,Deferred_Uber,0,2597,4.78597,1.79637,0.784384,2.3593,4.95475,6.99479,142.963,15000,1029504,34.0534
Suite_15,Deferred_Uber,0,2598,4.79788,1.78627,1.96829,2.40246,6.18419,6.96602,143.554,15000,1036160,34.3644
Suite_15,Deferred_Uber,0,2599,4.80515,1.76152,0.800928,2.42688,5.09542,6.98122,143.241,15000,1040384,34.5492
Suite_15,Deferred_Uber,0,2600,4.83151,1.81735,1.97018,2.41597,6.1911,6.95223,143.839,15000,1047936,34.7396
Suite_15,Deferred_Uber,0,2601,4.83951,1.81791,0.805888,2.40845,5.02998,7.04188,142.008,15000,1054976,34.9306
Suite_15,Deferred_Uber,0,2602,4.86034,1.83973,1.45827,2.38474,4.26134,7.05174,141.809,15000,1060352,35.1227
Suite_15,Deferred_Uber,0,2603,4.87913,1.85642,0.80864,2.37818,4.99376,7.10718,140.703,15000,1068032,35.3203
Suite_15,Deferred_Uber,0,2604,4.89158,1.86073,2.41619,2.43347,5.27232,7.12934,140.266,15000,1073536,35.5186
Suite_15,Deferred_Uber,0,2605,4.91102,1.89317,0.827648,2.42122,3.67411,7.14601,139.938,15000,1080448,35.7803
Suite_15,Deferred_Uber,0,2606,4.92595,1.87678,2.35533,2.41062,5.18832,7.20807,138.733,15000,1086208,35.9844
Suite_15,Deferred_Uber,0,2607,4.93653,1.89473,0.82944,2.40547,3.65245,7.20804,138.734,15000,1091328,36.2263
Suite_15,Deferred_Uber,0,2608,4.95151,1.89543,0.847584,2.42099,3.68422,7.23701,138.179,15000,1096448,36.5161
Suite_15,Deferred_Uber,0,2609,4.96238,1.88331,0.842656,2.40554,3.54742,7.24247,138.074,15000,1101312,36.7261
Suite_15,Deferred_Uber,0,2610,4.98212,1.9091,1.3472,2.46272,4.1143,7.24669,137.994,15000,1107584,36.9853
Suite_15,Deferred_Uber,0,2611,5.00532,1.89093,0.854624,2.49021,3.66957,7.31985,136.615,15000,1112448,37.2446
Suite_15,Deferred_Uber,0,2612,5.00568,1.92329,1.27894,2.50003,5.1511,7.30917,136.814,15000,1118080,37.6005
Suite_15,Deferred_Uber,0,2613,5.0123,1.85745,0.854016,2.52387,4.87834,7.33785,136.28,15000,1124096,37.8716
Suite_15,Deferred_Uber,0,2614,5.03214,1.88892,1.23885,2.55587,4.66125,7.29488,137.082,15000,1128448,38.1007
Suite_15,Deferred_Uber,0,2615,5.03702,1.89098,0.864256,2.60666,4.85059,7.33594,136.315,15000,1132672,38.6671
Suite_15,Deferred_Uber,0,2616,5.05635,1.91921,1.20013,2.60506,5.24173,7.34764,136.098,15000,1136896,38.9029
Suite_15,Deferred_Uber,0,2617,5.06731,1.93192,0.897344,2.66733,4.43709,7.39332,135.257,15000,1143296,39.2477
Suite_15,Deferred_Uber,0,2618,5.07995,1.92696,1.19405,2.62886,5.25638,7.41938,134.782,15000,1148288,39.4855
Suite_15,Deferred_Uber,0,2619,5.09533,1.93663,0.87664,2.67046,4.46874,7.42798,134.626,15000,1152896,39.7994
Suite_15,Deferred_Uber,0,2620,5.11047,4.15086,3.59686,2.66771,6.57174,7.46,134.048,15000,1157760,40.0808
Suite_15,Deferred_Uber,0,2621,5.13351,1.93684,0.887552,2.68698,3.89638,9.70527,103.037,15000,1162624,40.4612
Suite_15,Deferred_Uber,0,2622,5.12975,1.95297,1.2199,2.68288,5.27565,7.53975,132.63,15000,1164928,40.757
Suite_15,Deferred_Uber,0,2623,5.1373,1.94798,0.89168,2.75251,5.0791,7.5133,133.097,15000,1170048,41.1078
Suite_15,Deferred_Uber,0,2624,5.14881,1.99435,1.26115,2.75059,5.38048,7.5279,132.839,15000,1174016,41.375
Suite_15,Deferred_Uber,0,2625,5.16111,1.95524,0.907264,2.74442,4.55018,7.58968,131.758,15000,1178496,41.646
Suite_15,Deferred_Uber,0,2626,5.1716,1.94239,1.1944,2.76758,5.39869,7.54228,132.586,15000,1183616,41.9597
Suite_15,Deferred_Uber,0,2627,5.18136,1.96177,0.915552,2.7673,4.6016,7.55807,132.309,15000,1187840,42.3097
Suite_15,Deferred_Uber,0,2628,5.19982,1.97946,2.11968,2.77907,5.1945,7.57067,132.089,15000,1193088,42.5931
Suite_15,Deferred_Uber,0,2629,5.20597,1.97213,0.915456,2.74227,4.08032,7.62165,131.205,15000,1197696,42.9104
Suite_15,Deferred_Uber,0,2630,5.21462,1.98285,2.44326,2.7607,5.6472,7.61829,131.263,15000,1203072,43.2
Suite_15,Deferred_Uber,0,2631,5.23606,2.03809,0.939296,2.76358,4.64995,7.63629,130.954,15000,1207808,43.499
Suite_15,Deferred_Uber,0,2632,5.27272,2.03081,1.81862,2.8113,5.49587,7.73362,129.306,15000,1213056,43.9615
Suite_15,Deferred_Uber,0,2633,5.25813,1.99606,0.93536,2.85142,5.21677,7.75124,129.012,15000,1218048,44.2725
Suite_15,Deferred_Uber,0,2634,5.27353,2.02102,1.3151,2.85936,5.55677,7.70491,129.787,15000,1222912,44.5847
Suite_15,Deferred_Uber,0,2635,5.28194,2.01406,0.98672,2.82822,5.38624,7.74683,129.085,15000,1227136,44.9438
Suite_15,Deferred_Uber,0,2636,5.28947,2.02014,1.71622,2.88147,5.52134,7.74602,129.099,15000,1230720,45.3889
Suite_15,Deferred_Uber,0,2637,5.29631,2.0395,0.949568,2.88026,4.13994,7.77645,128.593,15000,1232896,45.7509
Suite_15,Deferred_Uber,0,2638,5.30301,2.04492,2.48243,2.87539,5.79584,7.80335,128.15,15000,1234688,46.0797
Suite_15,Deferred_Uber,0,2639,5.30661,2.02141,0.946624,2.89098,5.2736,7.79853,128.229,15000,1236992,46.4681
Suite_15,Deferred_Uber,0,2640,5.30867,2.00171,1.8944,2.96928,5.19498,7.79365,128.31,15000,1238912,47.2562
Suite_15,Deferred_Uber,0,2641,5.3167,2.01055,0.956928,2.9743,5.31034,7.77182,128.67,15000,1241344,47.7887
Suite_15,Deferred_Uber,0,2642,5.32666,4.15959,4.08115,2.90909,7.47597,7.7943,128.299,15000,1244288,48.1453
Suite_15,Deferred_Uber,0,2643,5.34739,2.06581,0.966336,2.94752,4.21424,9.94566,100.546,15000,1246080,48.5041
Suite_15,Deferred_Uber,0,2644,5.33103,2.02358,2.48496,2.90406,5.82976,7.88886,126.761,15000,1248256,48.8705
Suite_15,Deferred_Uber,0,2645,5.34615,2.05953,0.971776,2.92483,4.34406,7.8067,128.095,15000,1251200,49.247
Suite_15,Deferred_Uber,0,2646,5.34807,2.04202,1.13008,2.8967,4.89725,7.87333,127.011,15000,1252480,49.6185
Suite_15,Deferred_Uber,0,2647,5.34499,2.02406,0.9736,2.94502,4.78413,7.83702,127.6,15000,1254144,50.0387
Suite_15,Deferred_Uber,0,2648,5.34888,2.04553,1.30106,2.90816,5.6528,7.83014,127.712,15000,1255808,50.4124
Suite_15,Deferred_Uber,0,2649,5.35964,2.05068,1.03677,2.94829,5.53574,7.87019,127.062,15000,1256832,50.9982
Suite_15,Deferred_Uber,0,2650,5.37284,2.07676,2.18771,2.89597,5.39133,7.87865,126.925,15000,1259008,51.3988
Suite_15,Deferred_Uber,0,2651,5.35759,2.03713,0.980992,2.9225,4.34739,7.91216,126.388,15000,1258112,51.7951
Suite_15,Deferred_Uber,0,2652,5.36197,2.05536,2.51638,2.96,6.9063,7.84396,127.487,15000,1258624,52.2145
Suite_15,Deferred_Uber,0,2653,5.36508,2.03681,0.989568,2.94502,4.23526,7.89105,126.726,15000,1259776,52.6394
Suite_15,Deferred_Uber,0,2654,5.35858,2.02558,1.36637,2.89843,5.64262,7.85539,127.301,15000,1260928,53.0537
Suite_15,Deferred_Uber,0,2655,5.36727,2.07015,0.989312,2.88154,5.31216,7.86719,127.11,15000,1260544,53.4918
Suite_15,Deferred_Uber,0,2656,5.36847,2.0498,1.4384,2.8887,5.712,7.89877,126.602,15000,1262464,53.9457
Suite_15,Deferred_Uber,0,2657,5.36922,2.05089,0.989184,2.84288,5.95744,7.88051,126.895,15000,1262080,54.4017
Suite_15,Deferred_Uber,0,2658,5.3683,2.04874,2.12522,2.86413,5.40192,7.8924,126.704,15000,1262336,54.8647
Suite_15,Deferred_Uber,0,2659,5.36952,2.02169,0.99632,2.85219,4.2617,7.88941,126.752,15000,1262848,55.3391
Suite_15,Deferred_Uber,0,2660,5.36824,2.03975,1.00966,2.85194,4.2967,7.86818,127.094,15000,1264000,55.8211
Suite_15,Deferred_Uber,0,2661,5.37298,2.04638,0.995168,2.82806,5.20109,7.87908,126.918,15000,1263744,55.2788
Suite_15,Deferred_Uber,0,2662,5.36941,2.04286,1.44794,2.83242,5.14458,7.87412,126.998,15000,1264128,55.7704
Suite_15,Deferred_Uber,0,2663,5.37915,2.04845,1.01398,2.81107,5.3305,7.88215,126.869,15000,1263488,56.2603
Suite_15,Deferred_Uber,0,2664,5.37039,4.29413,4.12534,2.89747,7.44371,7.88941,126.752,15000,1263616,56.777
Suite_15,Deferred_Uber,0,2665,5.38663,2.0601,1.01085,2.78374,4.11939,10.1423,98.597,15000,1263872,57.3047
Suite_15,Deferred_Uber,0,2666,5.35996,2.02385,1.8903,2.82928,6.21978,7.93119,126.084,15000,1262848,57.9066
Suite_15,Deferred_Uber,0,2667,5.36803,2.04328,1.00557,2.79347,5.22714,7.8611,127.209,15000,1264000,58.4549
Suite_15,Deferred_Uber,0,2668,5.36674,2.03899,1.49837,2.7895,5.16301,7.887,126.791,15000,1263744,58.9758
Suite_15,Deferred_Uber,0,2669,5.36629,2.04359,1.0647,2.76835,5.39357,7.87977,126.907,15000,1263360,59.5175
Suite_15,Deferred_Uber,0,2670,5.39181,2.09448,2.21798,2.80784,5.3305,7.86964,127.071,15000,1263616,60.0885
Suite_15,Deferred_Uber,0,2671,5.36319,2.03388,1.02304,2.80144,4.24173,7.95575,125.695,15000,1263616,60.7618
Suite_15,Deferred_Uber,0,2672,5.35632,2.05115,1.02378,2.82272,4.26659,7.87101,127.048,15000,1262848,61.332
Suite_15,Deferred_Uber,0,2673,5.35678,2.04539,1.01258,2.79981,4.10787,7.88592,126.808,15000,1261184,61.9149
Suite_15,Deferred_Uber,0,2674,5.34687,2.03646,1.47418,2.77965,5.62995,7.85694,127.276,15000,1260672,62.5117
Suite_15,Deferred_Uber,0,2675,5.35986,2.05005,1.00557,2.78016,5.2281,7.84556,127.461,15000,1259904,63.1879
Suite_15,Deferred_Uber,0,2676,5.35107,2.06089,1.54829,2.7599,5.68915,7.87871,126.924,15000,1259392,63.814
Suite_15,Deferred_Uber,0,2677,5.34563,2.03318,1.0184,2.79891,5.81558,7.8945,126.67,15000,1258496,64.437
Suite_15,Deferred_Uber,0,2678,5.34314,2.05968,2.22413,2.7233,5.25005,7.8399,127.553,15000,1259264,65.0734
Suite_15,Deferred_Uber,0,2679,5.34495,2.04801,1.03424,2.71456,4.16365,7.8715,127.041,15000,1257984,65.727
Suite_15,Deferred_Uber,0,2680,5.34716,2.06583,1.15098,2.71565,4.18816,7.84525,127.466,15000,1256960,66.3698
Suite_15,Deferred_Uber,0,2681,5.33898,2.01322,1.02448,2.68403,5.13379,7.86482,127.148,15000,1254784,66.8811
Suite_15,Deferred_Uber,0,2682,5.33283,2.03881,1.5831,2.65818,5.09312,7.83685,127.602,15000,1254272,67.6079
Suite_15,Deferred_Uber,0,2683,5.32622,2.04622,1.04493,2.67782,5.22035,7.83336,127.659,15000,1252352,68.2505
Suite_15,Deferred_Uber,0,2684,5.32431,2.032,1.52576,2.6968,5.65248,7.83223,127.678,15000,1250816,68.9798
Suite_15,Deferred_Uber,0,2685,5.32971,2.04641,1.04285,2.6768,5.62995,7.80654,128.098,15000,1251328,69.6318
Suite_15,Deferred_Uber,0,2686,5.32193,5.29084,4.26048,2.64998,8.28246,7.83632,127.611,15000,1248768,70.3159
Suite_15,Deferred_Uber,0,2687,5.33123,1.99063,1.03776,2.67962,5.15104,11.0649,90.3762,15000,1245696,71.1617
Suite_15,Deferred_Uber,0,2688,5.32074,2.08047,1.67322,2.64259,5.6832,7.83246,127.674,15000,1244672,71.8463
Suite_15,Deferred_Uber,0,2689,5.30562,2.01078,1.04586,2.67594,5.69373,7.85022,127.385,15000,1243008,72.5941
Suite_15,Deferred_Uber,0,2690,5.30074,2.04964,2.2521,2.68579,5.23795,7.77851,128.559,15000,1242880,73.2445
Suite_15,Deferred_Uber,0,2691,5.29431,2.02091,1.05149,2.71488,4.18006,7.82325,127.824,15000,1240192,74.0274
Suite_15,Deferred_Uber,0,2692,5.29128,2.05791,1.06115,2.70541,4.19968,7.76363,128.806,15000,1239040,74.6512
Suite_15,Deferred_Uber,0,2693,5.28869,2.05986,1.03581,2.77373,4.66986,7.80223,128.168,15000,1238528,75.3326
Suite_15,Deferred_Uber,0,2694,5.28469,2.03103,1.41526,2.71366,5.56848,7.79754,128.246,15000,1235840,76.0112
Suite_15,Deferred_Uber,0,2695,5.27782,2.03775,1.02714,2.75606,5.16813,7.7697,128.705,15000,1233536,76.6812
Suite_15,Deferred_Uber,0,2696,5.27241,2.04766,1.50669,2.74499,5.62349,7.77913,128.549,15000,1231744,77.5576
Suite_15,Deferred_Uber,0,2697,5.27633,2.01611,1.03322,2.77914,5.78598,7.78469,128.457,15000,1229184,78.2327
Suite_15,Deferred_Uber,0,2698,5.25988,2.03876,2.1681,2.75549,5.32534,7.73644,129.258,15000,1226368,78.8737
Suite_15,Deferred_Uber,0,2699,5.24583,2.00699,1.0281,2.7545,4.19059,7.7737,128.639,15000,1222272,78.1509
Suite_15,Deferred_Uber,0,2700,5.23461,2.05184,2.56083,2.71974,6.20707,7.70288,129.822,15000,1220352,78.8215
Suite_15,Deferred_Uber,0,2701,5.24031,2.03665,1.02835,2.76144,4.10525,7.73166,129.338,15000,1216512,79.4917
Suite_15,Deferred_Uber,0,2702,5.22202,1.99105,1.34989,2.80576,5.52112,7.74261,129.155,15000,1213952,79.4828
Suite_15,Deferred_Uber,0,2703,5.20979,2.00178,0.974848,3.01875,4.86861,7.6738,130.314,15000,1208960,79.7997
Suite_15,Deferred_Uber,0,2704,5.20929,2.00853,1.08736,3.06832,5.57907,7.65627,130.612,15000,1206784,80.5751
Suite_15,Deferred_Uber,0,2705,5.20005,2.01125,0.998944,3.06006,5.62358,7.65306,130.667,15000,1204864,81.482
Suite_15,Deferred_Uber,0,2706,5.19109,2.00073,1.01987,3.0088,5.51562,7.66395,130.481,15000,1201408,82.5028
Suite_15,Deferred_Uber,0,2707,5.18882,1.97363,0.960512,2.97229,5.86755,7.64116,130.87,15000,1198592,83.5937
Suite_15,Deferred_Uber,0,2708,5.1898,5.00254,4.62029,2.99939,9.04666,7.61256,131.362,15000,1194880,83.0605
Suite_15,Deferred_Uber,0,2709,5.16731,1.97677,0.956288,3.04582,5.37536,10.6401,93.9845,15000,1191168,83.0432
Suite_15,Deferred_Uber,0,2710,5.17343,1.99201,1.08144,3.00323,5.51882,7.58648,131.813,15000,1188608,80.0022
Suite_15,Deferred_Uber,0,2711,5.15363,1.97074,0.991232,3.00253,5.55274,7.66151,130.523,15000,1186816,80.3373
Suite_15,Deferred_Uber,0,2712,5.15327,2.00225,0.999168,3.01334,5.50467,7.55719,132.324,15000,1183744,80.6064
Suite_15,Deferred_Uber,0,2713,5.14964,2.00632,0.945024,3.01875,5.78765,7.59469,131.671,15000,1182976,80.849
Suite_15,Deferred_Uber,0,2714,5.13627,1.96856,2.12992,3.03718,5.46826,7.604,131.51,15000,1181184,81.0678
Suite_15,Deferred_Uber,0,2715,5.12317,1.96636,0.929312,2.91677,4.26794,7.55478,132.367,15000,1177728,80.3061
Suite_15,Deferred_Uber,0,2716,5.11774,1.98943,2.47123,2.95382,6.89277,7.53058,132.792,15000,1174400,80.4007
Suite_15,Deferred_Uber,0,2717,5.10521,1.9496,0.925792,2.95171,4.19597,7.55153,132.423,15000,1171200,80.3274
Suite_15,Deferred_Uber,0,2718,5.10494,2.01598,1.07725,2.9225,4.29872,7.51033,133.15,15000,1169792,80.3739
Suite_15,Deferred_Uber,0,2719,5.10354,1.9857,0.9216,2.90822,5.20051,7.57363,132.037,15000,1167360,80.4264
Suite_15,Deferred_Uber,0,2720,5.08366,1.9639,1.0415,2.94509,4.85376,7.53586,132.699,15000,1162112,79.7032
Suite_15,Deferred_Uber,0,2721,5.07632,1.9506,0.908736,2.9439,5.28384,7.46619,133.937,15000,1158656,79.5
Suite_15,Deferred_Uber,0,2722,5.07485,1.97603,1.03827,2.9088,4.8128,7.47828,133.721,15000,1156608,79.5079
Suite_15,Deferred_Uber,0,2723,5.05865,1.94896,0.945184,2.948,5.33709,7.48549,133.592,15000,1152640,77.9509
Suite_15,Deferred_Uber,0,2724,5.04585,1.93998,0.96784,2.88358,5.3432,7.44557,134.308,15000,1149056,78.0027
Suite_15,Deferred_Uber,0,2725,5.04215,1.93647,0.90224,2.92726,4.26765,7.42462,134.687,15000,1146752,77.9432
Suite_15,Deferred_Uber,0,2726,5.02462,1.92002,2.04163,2.93478,5.39552,7.41079,134.938,15000,1142144,77.8499
Suite_15,Deferred_Uber,0,2727,5.0287,1.94873,0.890496,2.92,4.23117,7.37901,135.52,15000,1138560,77.815
Suite_15,Deferred_Uber,0,2728,5.01066,1.92325,1.08502,2.86701,5.78349,7.43083,134.574,15000,1135104,77.733
Suite_15,Deferred_Uber,0,2729,5.00411,1.95468,0.886016,2.84902,4.03862,7.35544,135.954,15000,1131904,77.0575
Suite_15,Deferred_Uber,0,2730,4.99807,1.93134,0.89136,2.81603,4.18202,7.36996,135.686,15000,1128960,76.9641
Suite_15,Deferred_Uber,0,2731,4.98808,16.0671,0.891328,2.88912,4.09776,7.33892,136.26,15000,1125504,76.8774
Suite_15,Deferred_Uber,0,2732,4.98398,1.90786,1.80634,2.79734,4.90739,21.4878,46.538,15000,1122944,76.6597
Suite_15,Deferred_Uber,0,2733,4.9717,1.90406,0.876448,2.79706,4.53427,7.30125,136.963,15000,1119744,76.5741
Suite_15,Deferred_Uber,0,2734,4.96016,1.89374,0.99952,2.77222,5.14458,7.30055,136.976,15000,1115520,74.2404
Suite_15,Deferred_Uber,0,2735,4.94656,1.8968,0.880832,2.82832,5.13789,7.27107,137.531,15000,1111680,74.169
Suite_15,Deferred_Uber,0,2736,4.9413,1.8906,0.874752,2.80166,5.11107,7.25123,137.908,15000,1106432,74.0049
Suite_15,Deferred_Uber,0,2737,4.9272,1.86757,0.862208,2.78326,5.01907,7.2528,137.878,15000,1102464,73.8863
Suite_15,Deferred_Uber,0,2738,4.915,1.89927,0.994912,2.75094,5.17939,7.19479,138.99,15000,1097216,73.8159
Suite_15,Deferred_Uber,0,2739,4.91024,1.8745,0.857856,2.75658,5.04422,7.22794,138.352,15000,1092224,73.6571
Suite_15,Deferred_Uber,0,2740,4.89197,1.88551,0.981824,2.74227,4.58531,7.19041,139.074,15000,1088128,73.2472
Suite_15,Deferred_Uber,0,2741,4.87949,1.86151,0.872608,2.7607,5.0135,7.17303,139.411,15000,1083904,73.2063
Suite_15,Deferred_Uber,0,2742,4.86894,1.85768,0.907264,2.7255,5.13072,7.14663,139.926,15000,1078784,73.1705
Suite_15,Deferred_Uber,0,2743,4.86123,1.84388,0.903584,2.72522,5.01283,7.1292,140.268,15000,1075712,73.0376
Suite_15,Deferred_Uber,0,2744,4.85236,1.83559,1.02195,2.6888,5.14858,7.11572,140.534,15000,1072896,72.9285
Suite_15,Deferred_Uber,0,2745,4.84287,1.84573,0.89552,2.6921,5.01274,7.08035,141.236,15000,1069824,72.908
Suite_15,Deferred_Uber,0,2746,4.83133,1.84022,0.893664,2.6617,5.0559,7.09865,140.872,15000,1065088,72.8971
Suite_15,Deferred_Uber,0,2747,4.86681,1.89128,0.851488,2.68512,4.39715,7.07618,141.319,15000,1060864,72.8886
Suite_15,Deferred_Uber,0,2748,4.80395,1.80753,2.03376,2.69642,5.14458,7.15769,139.71,15000,1056384,72.9109
Suite_15,Deferred_Uber,0,2749,4.79642,1.84574,0.842464,2.64582,3.91782,7.01197,142.613,15000,1051776,72.8679
Suite_15,Deferred_Uber,0,2750,4.78731,1.80173,2.016,2.64784,5.08259,7.04035,142.038,15000,1048704,72.8001
Suite_15,Deferred_Uber,0,2751,4.77735,1.81187,0.84432,2.65344,3.92998,6.98702,143.123,15000,1044864,72.855
Suite_15,Deferred_Uber,0,2752,4.75921,1.7867,2.03206,2.60506,5.05651,6.97405,143.389,15000,1041024,72.9333
Suite_15,Deferred_Uber,0,2753,4.75985,1.80065,0.84992,2.63187,3.91008,6.94849,143.916,15000,1036288,73.0238
Suite_15,Deferred_Uber,0,2754,4.7305,1.76348,2.02694,2.63421,5.09299,6.95398,143.802,15000,1030400,72.9106
Suite_15,Deferred_Uber,0,2755,4.71714,1.76201,0.854016,2.63782,3.92176,6.8778,145.395,15000,1025408,73.015
Suite_15,Deferred_Uber,0,2756,4.70462,1.77094,0.845696,2.58925,4.35757,6.85032,145.979,15000,1020416,72.8602
Suite_15,Deferred_Uber,0,2757,4.6979,1.78113,2.52922,2.61952,6.58227,6.85601,145.857,15000,1015040,72.9835
Suite_15,Deferred_Uber,0,2758,4.70036,1.78221,0.83536,2.5617,3.85619,9.09595,109.939,15000,1010560,73.0952
Suite_15,Deferred_Uber,0,2759,4.69751,1.76894,2.45962,2.57354,5.4776,6.87281,145.501,15000,1006080,73.2921
Suite_15,Deferred_Uber,0,2760,4.65961,1.74726,0.816992,2.56058,3.67827,6.862,145.73,15000,1000448,73.0755
Suite_15,Deferred_Uber,0,2761,4.64934,1.73818,0.813056,2.51494,3.80182,6.77858,147.523,15000,996224,73.3653
Suite_15,Deferred_Uber,0,2762,4.62844,1.72625,2.32592,2.46787,5.2655,6.76454,147.83,15000,989952,73.3319
Suite_15,Deferred_Uber,0,2763,4.62359,1.71648,0.817152,2.49446,3.78534,6.74454,148.268,15000,985984,73.7313
Suite_15,Deferred_Uber,0,2764,4.61107,1.70968,0.813248,2.64854,5.42925,6.69771,149.305,15000,980224,74.0157
Suite_15,Deferred_Uber,0,2765,4.59549,1.72056,1.99133,2.67674,4.97549,6.68727,149.538,15000,973824,74.0772
Suite_15,Deferred_Uber,0,2766,4.57605,1.67391,0.805824,2.63578,3.8689,6.68418,149.607,15000,970368,74.5842
Suite_15,Deferred_Uber,0,2767,4.57492,1.71759,0.800576,2.64608,3.9295,6.60004,151.514,15000,964992,75.1238
Suite_15,Deferred_Uber,0,2768,4.56017,1.71117,0.865568,2.63645,5.0072,6.65878,150.178,15000,960640,75.4999
Suite_15,Deferred_Uber,0,2769,4.55163,1.71022,0.819072,2.65421,4.84202,6.63668,150.678,15000,955392,75.7071
Suite_15,Deferred_Uber,0,2770,4.53233,1.66432,0.814048,2.7232,5.03709,6.61822,151.098,15000,950400,73.8008
Suite_15,Deferred_Uber,0,2771,4.52181,1.70453,1.49299,2.68493,5.55494,6.55582,152.536,15000,944896,72.3901
Suite_15,Deferred_Uber,0,2772,4.50513,1.6689,0.765856,2.7344,4.92787,6.57964,151.984,15000,938624,72.666
Suite_15,Deferred_Uber,0,2773,4.49099,1.67001,0.761568,2.71392,4.33971,6.53116,153.112,15000,933504,72.9818
Suite_15,Deferred_Uber,0,2774,4.47659,1.65388,0.769664,2.73987,4.95194,6.50291,153.777,15000,928128,71.8411
Suite_15,Deferred_Uber,0,2775,4.46372,1.67719,0.764832,2.7167,4.8599,6.494,153.988,15000,924032,71.9864
Suite_15,Deferred_Uber,0,2776,4.4475,1.63833,0.763904,2.64298,4.84557,6.48529,154.195,15000,918016,72.1911
Suite_15,Deferred_Uber,0,2777,4.43729,1.65689,1.43101,2.64589,4.37533,6.43787,155.331,15000,913792,69.6609
Suite_15,Deferred_Uber,0,2778,4.42585,1.62609,0.757984,2.64646,3.82301,6.43629,155.369,15000,908672,69.9868
Suite_15,Deferred_Uber,0,2779,4.41063,1.6182,0.760704,2.59686,3.77658,6.38816,156.54,15000,903936,70.3642
Suite_15,Deferred_Uber,0,2780,4.39966,1.64061,0.763904,2.57843,3.83139,6.37198,156.937,15000,898816,68.8152
Suite_15,Deferred_Uber,0,2781,4.38849,1.64613,0.748288,2.5265,3.584,6.38958,156.505,15000,893696,69.2092
Suite_15,Deferred_Uber,0,2782,4.37749,1.62,0.748416,2.52298,4.1344,6.37229,156.929,15000,889600,69.1514
Suite_15,Deferred_Uber,0,2783,4.36507,1.63152,0.785536,2.50179,4.78,6.32714,158.049,15000,883968,69.441
Suite_15,Deferred_Uber,0,2784,4.35558,1.61511,0.744928,2.47293,4.57958,6.31888,158.256,15000,877952,67.6517
Suite_15,Deferred_Uber,0,2785,4.33061,1.59052,0.738592,2.43715,4.60685,6.31803,158.277,15000,872576,68.1693
Suite_15,Deferred_Uber,0,2786,4.32255,1.58525,1.42102,2.43366,5.2265,6.25242,159.938,15000,866688,67.2109
Suite_15,Deferred_Uber,0,2787,4.30552,3.8437,0.73728,2.4105,4.00992,6.2291,160.537,15000,861184,67.8281
Suite_15,Deferred_Uber,0,2788,4.30613,1.58536,0.731392,2.39757,4.56294,8.47569,117.984,15000,854912,68.0962
Suite_15,Deferred_Uber,0,2789,4.28367,1.60785,1.5169,2.34666,4.16563,6.24494,160.13,15000,848128,68.0699
Suite_15,Deferred_Uber,0,2790,4.25878,1.57993,0.723712,2.3633,4.55062,6.23353,160.423,15000,842880,68.4728
Suite_15,Deferred_Uber,0,2791,4.24639,1.5703,0.722176,2.34566,3.36896,6.15829,162.383,15000,838400,69.1168
Suite_15,Deferred_Uber,0,2792,4.26588,1.61585,0.720896,2.3511,3.54963,6.13811,162.917,15000,831360,69.7564
Suite_15,Deferred_Uber,0,2793,4.22419,1.54581,0.705888,2.37971,3.56426,6.19769,161.35,15000,826496,70.4731
Suite_15,Deferred_Uber,0,2794,4.21156,1.54431,0.702464,2.35728,3.48774,6.09514,164.065,15000,821760,69.5673
Suite_15,Deferred_Uber,0,2795,4.1914,1.5288,0.74736,2.3928,4.58461,6.07525,164.602,15000,816640,69.8694
Suite_15,Deferred_Uber,0,2796,4.18543,1.52806,0.700416,2.34618,4.42237,6.03634,165.663,15000,811904,70.6703
Suite_15,Deferred_Uber,0,2797,4.16595,1.51908,0.7032,2.38832,4.52822,6.02144,166.073,15000,805632,71.2311
Suite_15,Deferred_Uber,0,2798,4.15521,1.53485,1.22061,2.36339,3.88333,5.98775,167.008,15000,800384,72.0439
Suite_15,Deferred_Uber,0,2799,4.15051,1.54444,0.710656,2.31629,3.43859,6.00698,166.473,15000,795136,72.9444
Suite_15,Deferred_Uber,0,2800,4.12484,1.48554,0.700416,2.31446,4.8335,5.99774,166.729,15000,789888,73.5926
Suite_15,Deferred_Uber,0,2801,4.11274,1.50971,1.85139,2.43302,4.71827,5.91192,169.15,15000,783360,74.6168
Suite_15,Deferred_Uber,0,2802,4.09417,1.49783,0.70656,2.45078,4.53462,5.91827,168.968,15000,777216,75.8246
Suite_15,Deferred_Uber,0,2803,4.08193,1.46242,0.653312,2.43917,4.58598,5.89536,169.625,15000,771712,77.3371
Suite_15,Deferred_Uber,0,2804,4.07511,1.50317,0.735232,2.43664,3.4792,5.83878,171.269,15000,766848,74.7677
Suite_15,Deferred_Uber,0,2805,4.05502,1.47229,0.653312,2.41664,4.05395,5.86402,170.532,15000,760704,75.7579
Suite_15,Deferred_Uber,0,2806,4.04104,1.4638,0.661344,2.44531,3.40787,5.8166,171.922,15000,755840,76.1352
Suite_15,Deferred_Uber,0,2807,4.02949,1.45644,0.65536,2.41462,3.50003,5.80129,172.376,15000,751232,77.19
Suite_15,Deferred_Uber,0,2808,4.01096,1.42897,0.70368,2.41546,4.55286,5.76762,173.382,15000,745216,78.1903
Suite_15,Deferred_Uber,0,2809,4.0108,1.45722,0.661504,2.46784,4.66534,5.72152,174.779,15000,740352,79.2951
Suite_15,Deferred_Uber,0,2810,4.00262,1.65302,0.668704,2.51267,3.4816,5.74634,174.024,15000,737536,80.0181
Suite_15,Deferred_Uber,0,2811,3.9834,1.42309,0.65536,2.4535,4.56909,5.93278,168.555,15000,733184,79.922
Suite_15,Deferred_Uber,0,2812,3.96611,1.58481,0.663328,2.44947,3.42016,5.69122,175.709,15000,728192,81.1282
Suite_15,Deferred_Uber,0,2813,3.95977,1.44592,1.85344,2.40422,6.09699,5.82607,171.642,15000,721792,78.9518
Suite_15,Deferred_Uber,0,2814,3.9423,1.47069,0.68704,2.41869,4.53856,5.6741,176.239,15000,716800,80.223
Suite_15,Deferred_Uber,0,2815,3.93411,1.43583,0.643072,2.39955,4.53974,5.67778,176.125,15000,710784,81.5043
Suite_15,Deferred_Uber,0,2816,3.935,1.75913,0.65904,2.38432,3.36602,5.64093,177.276,15000,705152,80.8514
Suite_15,Deferred_Uber,0,2817,3.9034,1.39866,0.64512,2.4023,3.51024,5.97491,167.367,15000,699904,82.246
Suite_15,Deferred_Uber,0,2818,3.88272,1.41216,0.636256,2.37677,4.8151,5.5649,179.698,15000,695424,83.6712
Suite_15,Deferred_Uber,0,2819,3.87215,1.5422,0.661504,2.35347,4.51379,5.56738,179.618,15000,690432,85.0949
Suite_15,Deferred_Uber,0,2820,3.86703,1.42247,0.63504,2.36954,4.37453,5.68028,176.048,15000,686080,85.5372
Suite_15,Deferred_Uber,0,2821,3.8523,1.38233,0.62208,2.33693,4.3912,5.56514,179.69,15000,680960,87.0253
Suite_15,Deferred_Uber,0,2822,3.84583,1.55368,0.611328,2.34787,3.26131,5.49822,181.877,15000,676608,87.6742
Suite_15,Deferred_Uber,0,2823,3.8251,3.59971,3.29114,2.31933,5.95459,5.65886,176.714,15000,670336,89.1468
Suite_15,Deferred_Uber,0,2824,3.81998,1.39559,0.611648,2.28598,3.31178,7.6942,129.968,15000,664960,90.5762
Suite_15,Deferred_Uber,0,2825,3.82224,1.368,0.616448,2.28147,4.71606,5.47517,182.643,15000,660096,90.5296
Suite_15,Deferred_Uber,0,2826,3.78752,1.51216,0.654912,2.29174,4.50995,5.47832,182.538,15000,655488,92.0188
Suite_15,Deferred_Uber,0,2827,3.78613,1.36846,0.61376,2.29446,3.21107,5.54446,180.36,15000,650112,93.507
Suite_15,Deferred_Uber,0,2828,3.75963,1.3337,0.598816,2.29171,4.34995,5.41566,184.65,15000,645632,93.7776
Suite_15,Deferred_Uber,0,2829,3.7478,1.67576,0.602112,2.30186,3.20934,5.34394,187.128,15000,640512,95.2382
Suite_15,Deferred_Uber,0,2830,3.73228,1.34802,2.1064,2.25894,4.79507,5.67206,176.303,15000,635136,96.1497
Suite_15,Deferred_Uber,0,2831,3.72048,1.32109,0.577056,2.23642,4.2455,5.31676,188.084,15000,630400,97.6234
Suite_15,Deferred_Uber,0,2832,3.70973,1.35696,0.58064,2.25894,3.13894,5.27554,189.554,15000,624128,98.9901
Suite_15,Deferred_Uber,0,2833,3.69801,1.31262,0.563456,2.27245,3.25837,5.30242,188.593,15000,619264,99.4902
Suite_15,Deferred_Uber,0,2834,3.68702,1.34838,1.65283,2.20202,4.34787,5.26342,189.99,15000,614528,98.9631
Suite_15,Deferred_Uber,0,2835,3.68446,1.33563,0.526336,2.2088,4.26282,5.26891,189.793,15000,610944,99.9932
Suite_15,Deferred_Uber,0,2836,3.66502,1.3258,0.532224,2.16064,3.02899,5.26649,189.88,15000,605440,100.978
Suite_15,Deferred_Uber,0,2837,3.64485,1.292,0.542656,2.11811,3.08419,5.2275,191.296,15000,600960,100.066
Suite_15,Deferred_Uber,0,2838,3.62764,1.30346,1.83485,2.14467,5.78867,5.18276,192.947,15000,597248,100.931
Suite_15,Deferred_Uber,0,2839,3.62884,1.57578,0.528736,2.16019,4.06237,5.16235,193.71,15000,592000,101.706
Suite_15,Deferred_Uber,0,2840,3.62641,1.30913,0.528384,2.14362,4.11296,5.43338,184.047,15000,588416,102.504
Suite_15,Deferred_Uber,0,2841,3.61004,1.76515,0.52224,2.12787,2.95322,5.16045,193.782,15000,583296,103.274
Suite_15,Deferred_Uber,0,2842,3.5936,1.28512,0.530112,2.08317,3.04666,5.59921,178.597,15000,578432,103.301
Suite_15,Deferred_Uber,0,2843,3.56983,1.27039,0.49152,2.0983,4.00989,5.10451,195.905,15000,574208,104.017
Suite_15,Deferred_Uber,0,2844,3.56794,1.28033,0.50112,2.07478,4.0103,5.05765,197.72,15000,569088,104.721
Suite_15,Deferred_Uber,0,2845,3.59939,1.45833,0.493504,2.00013,2.79798,5.08118,196.805,15000,563712,105.05
Suite_15,Deferred_Uber,0,2846,3.54399,1.26126,0.499712,2.04506,2.96912,5.38694,185.634,15000,558464,105.633
Suite_15,Deferred_Uber,0,2847,3.51776,1.24798,0.487296,2.07837,3.98544,5.03919,198.445,15000,553984,105.691
Suite_15,Deferred_Uber,0,2848,3.50705,1.2653,0.4888,1.99296,2.77728,4.98516,200.595,15000,549504,105.147
Suite_15,Deferred_Uber,0,2849,3.50058,1.23271,0.477184,1.98451,2.88426,4.9901,200.397,15000,546432,105.636
Suite_15,Deferred_Uber,0,2850,3.48114,1.2241,1.11021,1.92672,4.46259,4.95007,202.017,15000,541312,104.368
Suite_15,Deferred_Uber,0,2851,3.47677,1.24543,0.481376,1.94886,3.85965,4.92356,203.105,15000,536064,104.763
Suite_15,Deferred_Uber,0,2852,3.47133,1.41675,0.486272,1.93126,2.71155,4.94253,202.325,15000,532096,105.116
Suite_15,Deferred_Uber,0,2853,3.46077,1.24755,0.476064,1.89405,4.23693,5.10351,195.944,15000,528640,104.204
Suite_15,Deferred_Uber,0,2854,3.4653,1.27341,0.487424,1.86051,3.82448,4.92077,203.22,15000,524032,104.458
Suite_15,Deferred_Uber,0,2855,3.45029,1.22904,0.475072,1.88086,3.80675,4.94538,202.209,15000,520448,104.665
Suite_15,Deferred_Uber,0,2856,3.43928,1.57006,0.474912,1.79046,2.56838,4.88487,204.714,15000,516352,104.441
Suite_15,Deferred_Uber,0,2857,3.42466,1.24035,0.54256,1.75923,3.67981,5.2211,191.53,15000,512896,104.181
Suite_15,Deferred_Uber,0,2858,3.41886,1.21964,1.9991,1.77402,5.19789,4.87231,205.242,15000,509824,104.206
Suite_15,Deferred_Uber,0,2859,3.4115,1.36898,0.473792,1.79126,2.55386,4.83648,206.762,15000,506624,104.157
Suite_15,Deferred_Uber,0,2860,3.40505,1.21412,0.470976,1.75962,4.09805,4.977,200.924,15000,502528,104.054
Suite_15,Deferred_Uber,0,2861,3.39311,1.35656,0.470528,1.73731,3.56864,4.81534,207.669,15000,497280,103.879
Suite_15,Deferred_Uber,0,2862,3.37004,1.19385,0.47104,1.6888,2.6056,4.94278,202.315,15000,492544,103.681
Suite_15,Deferred_Uber,0,2863,3.34625,1.21103,0.483456,1.73827,2.65216,4.75594,210.264,15000,488832,103.44
Suite_15,Deferred_Uber,0,2864,3.34766,1.18896,0.468992,1.7183,3.61427,4.75089,210.487,15000,484096,103.147
Suite_15,Deferred_Uber,0,2865,3.33361,1.19045,0.482336,1.70547,2.47875,4.72774,211.518,15000,480000,102.691
Suite_15,Deferred_Uber,0,2866,3.31606,1.16114,0.468992,1.75069,2.6985,4.70977,212.325,15000,475520,100.232
Suite_15,Deferred_Uber,0,2867,3.30053,1.17727,0.46224,1.73542,3.55504,4.67121,214.077,15000,470400,99.6115
Suite_15,Deferred_Uber,0,2868,3.28929,1.14889,2.07482,1.72464,5.25216,4.65932,214.623,15000,465792,98.963
Suite_15,Deferred_Uber,0,2869,3.26965,1.53248,0.47136,1.71622,2.49037,4.62793,216.079,15000,461440,98.569
Suite_15,Deferred_Uber,0,2870,3.27124,1.15608,0.512768,1.7177,3.59834,4.98199,200.723,15000,456960,98.2051
Suite_15,Deferred_Uber,0,2871,3.24631,3.45504,0.507904,1.76346,3.69107,4.61431,216.717,15000,452480,97.8787
Suite_15,Deferred_Uber,0,2872,3.26657,1.15474,0.478144,1.72832,3.63699,6.89004,145.137,15000,448000,97.4513
Suite_15,Deferred_Uber,0,2873,3.2668,1.60034,0.481152,1.71472,2.60566,4.60421,217.193,15000,443776,97.1583
Suite_15,Deferred_Uber,0,2874,3.23509,1.17034,0.538624,1.72022,3.62749,5.14081,194.522,15000,439168,96.482
Suite_15,Deferred_Uber,0,2875,3.2206,1.11554,0.469472,1.7457,3.64298,4.59334,217.707,15000,435584,96.2447
Suite_15,Deferred_Uber,0,2876,3.18629,1.61368,0.465984,1.74442,2.50998,4.50952,221.753,15000,430976,96.0492
Suite_15,Deferred_Uber,0,2877,3.18816,1.11885,0.465216,1.73443,2.63373,5.13028,194.921,15000,425600,95.6787
Suite_15,Deferred_Uber,0,2878,3.17107,1.1189,1.98246,1.71613,5.12906,4.48436,222.997,15000,421376,95.5035
Suite_15,Deferred_Uber,0,2879,3.14674,1.51296,0.461728,1.69114,2.4527,4.46679,223.874,15000,416640,95.2122
Suite_15,Deferred_Uber,0,2880,3.1557,1.14126,0.450368,1.63174,2.50954,4.99404,200.239,15000,412160,95.1632
Suite_15,Deferred_Uber,0,2881,3.14033,1.11253,0.454368,1.61782,3.49501,4.4723,223.599,15000,408192,95.0595
Suite_15,Deferred_Uber,0,2882,3.12454,1.30109,0.444416,1.61517,2.3623,4.41225,226.642,15000,403584,93.2629
Suite_15,Deferred_Uber,0,2883,3.12245,1.1219,1.14278,1.65069,4.16502,4.73902,211.014,15000,399872,93.4877
Suite_15,Deferred_Uber,0,2884,3.10307,1.09373,0.441632,1.66298,3.5289,4.40788,226.867,15000,396416,92.0006
Suite_15,Deferred_Uber,0,2885,3.08319,1.74027,0.435264,1.65478,2.38819,4.35502,229.62,15000,392064,92.3392
Suite_15,Deferred_Uber,0,2886,3.07512,1.08274,0.462592,1.67482,3.51325,4.98429,200.631,15000,387712,92.7623
Suite_15,Deferred_Uber,0,2887,3.06415,1.06033,0.418816,1.64659,3.48371,4.31511,231.744,15000,385024,93.3409
Suite_15,Deferred_Uber,0,2888,3.04306,1.72312,0.4096,1.64838,2.3615,4.27791,233.759,15000,381312,93.9564
Suite_15,Deferred_Uber,0,2889,3.05096,1.07171,1.03482,1.6425,4.05024,5.09657,196.21,15000,376576,93.6204
Suite_15,Deferred_Uber,0,2890,3.02664,1.05307,0.405568,1.61827,3.49747,4.27334,234.009,15000,373248,94.0419
Suite_15,Deferred_Uber,0,2891,3.00453,1.68863,0.401632,1.6888,2.3912,4.2319,236.301,15000,368768,94.6882
Suite_15,Deferred_Uber,0,2892,3.03296,1.07507,0.397312,1.66813,3.42899,5.0025,199.9,15000,364672,95.4544
Suite_15,Deferred_Uber,0,2893,3.01231,1.0464,0.40784,1.67936,2.53747,4.25712,234.901,15000,360704,95.9739
Suite_15,Deferred_Uber,0,2894,2.97379,1.03421,0.407072,1.66285,2.4953,4.21273,237.376,15000,356224,92.1867
Suite_15,Deferred_Uber,0,2895,2.98044,1.07963,1.92976,1.67558,5.0873,4.15433,240.712,15000,352384,93.2842
Suite_15,Deferred_Uber,0,2896,2.98639,2.00643,0.409792,1.66278,2.37267,4.21683,237.145,15000,349312,94.1865
Suite_15,Deferred_Uber,0,2897,2.98288,1.02983,0.414976,1.66579,2.51728,5.29226,188.955,15000,344320,95.3951
Suite_15,Deferred_Uber,0,2898,2.94052,1.00766,0.425824,1.70842,3.55955,4.15885,240.451,15000,341120,96.6951
Suite_15,Deferred_Uber,0,2899,2.92197,1.89796,0.424192,1.67318,2.40026,4.08427,244.842,15000,337280,97.3872
Suite_15,Deferred_Uber,0,2900,2.94313,1.0294,0.464448,1.62806,3.45686,5.11212,195.613,15000,333184,98.3724
Suite_15,Deferred_Uber,0,2901,2.91298,1.01043,0.416896,1.57696,3.45498,4.10755,243.454,15000,328704,99.8946
Suite_15,Deferred_Uber,0,2902,2.88315,2.00682,0.398208,1.35987,2.16637,4.06482,246.014,15000,325120,101.303
Suite_15,Deferred_Uber,0,2903,2.89995,1.02766,0.327232,1.42221,3.11968,5.21805,191.643,15000,321024,103.017
Suite_15,Deferred_Uber,0,2904,2.88837,0.998161,0.326592,1.36192,2.1071,4.0611,246.239,15000,317568,103.547
Suite_15,Deferred_Uber,0,2905,2.85908,0.983211,0.321248,1.32957,2.13411,4.02079,248.707,15000,314240,107.476
Suite_15,Deferred_Uber,0,2906,2.86178,1.01179,0.31856,1.31277,2.05754,3.97475,251.588,15000,311552,113.216
Suite_15,Deferred_Uber,0,2907,2.85419,1.00628,0.321632,1.32506,3.45242,4.00288,249.82,15000,307968,114.57
Suite_15,Deferred_Uber,0,2908,2.8526,1.28381,0.32768,1.2657,3.02602,3.98713,250.807,15000,304128,115.062
Suite_15,Deferred_Uber,0,2909,2.84949,1.09575,0.309344,1.25056,1.85754,4.47163,223.632,15000,300416,106.868
Suite_15,Deferred_Uber,0,2910,2.85372,1.00668,0.345888,1.22957,2.93472,4.07571,245.356,15000,297856,108.005
Suite_15,Deferred_Uber,0,2911,2.82304,0.96756,0.308704,1.23453,1.94835,3.98402,251.003,15000,294272,108.904
Suite_15,Deferred_Uber,0,2912,2.79383,0.958301,0.309248,1.2288,2.02186,3.9165,255.33,15000,292352,110.156
Suite_15,Deferred_Uber,0,2913,2.79987,0.982401,0.3072,1.20371,1.9297,3.87371,258.15,15000,289792,108.802
Suite_15,Deferred_Uber,0,2914,2.78788,0.980801,0.31264,1.21722,1.82275,3.90229,256.26,15000,287360,109.753
Suite_15,Deferred_Uber,0,2915,2.78084,0.967472,0.933888,1.22845,2.46454,3.88997,257.071,15000,284544,105.855
Suite_15,Deferred_Uber,0,2916,2.75703,0.940496,0.313664,1.1855,1.90874,3.86846,258.501,15000,281600,106.079
Suite_15,Deferred_Uber,0,2917,2.74083,0.945597,0.309024,1.17965,2.86464,3.82157,261.673,15000,279040,104.913
Suite_15,Deferred_Uber,0,2918,2.75019,0.978395,0.316928,1.20058,1.92582,3.80339,262.923,15000,275712,105.281
Suite_15,Deferred_Uber,0,2919,2.75212,0.955811,0.34304,1.16214,2.9249,3.84878,259.823,15000,272896,104.841
Suite_15,Deferred_Uber,0,2920,2.74431,0.996292,0.323264,1.12691,1.86368,3.82687,261.31,15000,269952,103.609
Suite_15,Deferred_Uber,0,2921,2.75438,0.970311,0.315392,1.12435,1.92192,3.85854,259.165,15000,267008,103.742
Suite_15,Deferred_Uber,0,2922,2.73797,0.946604,0.314112,1.08928,1.81846,3.83605,260.685,15000,264832,104.034
Suite_15,Deferred_Uber,0,2923,2.71125,0.949988,0.33104,1.07318,1.88461,3.80093,263.093,15000,262656,104.38
Suite_15,Deferred_Uber,0,2924,2.71051,0.957301,0.313344,1.03834,1.80522,3.77492,264.907,15000,260224,103.86
Suite_15,Deferred_Uber,0,2925,2.69762,0.806314,0.30976,1.03587,3.13942,3.78055,264.511,15000,257792,102.785
Suite_15,Deferred_Uber,0,2926,2.69026,0.779746,0.311936,1.00912,1.65478,3.61429,276.68,15000,254336,101.201
Suite_15,Deferred_Uber,0,2927,2.66963,0.801745,0.310048,1.00243,1.72451,3.57777,279.504,15000,251648,101.279
Suite_15,Deferred_Uber,0,2928,2.67233,0.776079,0.318528,0.990848,1.62966,3.5799,279.337,15000,248704,101.849
Suite_15,Deferred_Uber,0,2929,2.66642,0.815007,0.318816,0.977472,1.69638,3.55288,281.462,15000,246656,102.212
Suite_15,Deferred_Uber,0,2930,2.65433,0.77466,0.32192,0.982016,1.59334,3.58905,278.625,15000,244352,103.495
Suite_15,Deferred_Uber,0,2931,2.63994,0.801153,0.332352,0.980576,1.72589,3.53671,282.749,15000,241792,104.854
Suite_15,Deferred_Uber,0,2932,2.63609,0.787582,0.594368,1.00557,1.89235,3.54471,282.111,15000,239488,106.184
Suite_15,Deferred_Uber,0,2933,2.61665,0.79376,0.33296,0.993184,1.73101,3.52812,283.437,15000,235776,106.813
Suite_15,Deferred_Uber,0,2934,2.62021,0.768924,0.313056,1.00218,2.71155,3.51302,284.655,15000,233856,107.963
Suite_15,Deferred_Uber,0,2935,2.60392,0.778409,0.312192,0.989472,1.71018,3.49097,286.454,15000,231168,109.004
Suite_15,Deferred_Uber,0,2936,2.60559,0.76695,0.290816,0.990592,2.6897,3.47996,287.36,15000,228480,109.689
Suite_15,Deferred_Uber,0,2937,2.5868,0.782057,0.276736,0.937344,1.62202,3.47089,288.11,15000,226176,107.887
Suite_15,Deferred_Uber,0,2938,2.58394,0.756114,0.267936,0.935552,2.60096,3.46929,288.244,15000,223360,107.735
Suite_15,Deferred_Uber,0,2939,2.56209,0.782577,0.276512,0.89088,1.57462,3.43984,290.711,15000,220672,105.709
Suite_15,Deferred_Uber,0,2940,2.56462,0.76255,0.280576,0.917568,1.48893,3.43925,290.761,15000,217728,105.016
Suite_15,Deferred_Uber,0,2941,2.55199,0.789067,1.81725,0.858112,3.08541,3.42375,292.077,15000,214656,103.775
Suite_15,Deferred_Uber,0,2942,2.54018,0.76404,0.293152,0.796512,1.42336,3.43942,290.746,15000,212864,101.674
Suite_15,Deferred_Uber,0,2943,2.52798,0.785436,0.294048,0.758816,1.46032,3.39583,294.479,15000,210560,98.9262
Suite_15,Deferred_Uber,0,2944,2.52032,0.755368,0.279456,0.743424,1.30048,3.40777,293.447,15000,205824,96.2829
Suite_15,Deferred_Uber,0,2945,2.51041,0.763894,0.27616,0.73984,1.42579,3.36694,297.006,15000,201984,94.3184
Suite_15,Deferred_Uber,0,2946,2.5034,0.742529,0.272768,0.747968,1.31869,3.36606,297.083,15000,199424,92.2456
Suite_15,Deferred_Uber,0,2947,2.47646,0.752245,0.26608,0.739712,2.80176,3.33172,300.146,15000,196608,90.2599
Suite_15,Deferred_Uber,0,2948,2.49255,0.744126,0.27184,0.735168,1.30278,3.31822,301.366,15000,194048,88.3447
Suite_15,Deferred_Uber,0,2949,2.49748,0.797894,0.262784,0.7472,1.41731,3.32742,300.533,15000,191872,86.1578
Suite_15,Deferred_Uber,0,2950,2.48798,0.744628,0.26016,0.717216,1.27795,3.38471,295.446,15000,188672,84.4367
Suite_15,Deferred_Uber,0,2951,2.46934,0.741854,0.255648,0.7152,2.7703,3.31857,301.334,15000,186368,82.8514
Suite_15,Deferred_Uber,0,2952,2.45932,0.778584,0.382976,0.70656,1.3865,3.29334,303.643,15000,183808,80.768
Suite_15,Deferred_Uber,0,2953,2.43711,0.746422,0.24016,0.671744,1.21037,3.32379,300.861,15000,181376,79.3544
Suite_15,Deferred_Uber,0,2954,2.43666,0.75767,0.241664,0.679936,1.21718,3.26375,306.396,15000,177792,78.0799
Suite_15,Deferred_Uber,0,2955,2.42486,0.730841,0.227744,0.673568,1.18989,3.27688,305.169,15000,175872,76.5317
Suite_15,Deferred_Uber,0,2956,2.42493,0.753088,0.231168,0.665184,1.19235,3.23206,309.401,15000,173952,75.4734
Suite_15,Deferred_Uber,0,2957,2.41127,0.731537,0.263872,0.643552,1.20538,3.25982,306.765,15000,171136,72.2016
Suite_15,Deferred_Uber,0,2958,2.40624,0.767154,0.219136,0.64512,1.1617,3.21967,310.591,15000,169216,69.8449
Suite_15,Deferred_Uber,0,2959,2.39915,0.723106,0.210848,0.6472,1.15098,3.25551,307.171,15000,166272,67.6722
Suite_15,Deferred_Uber,0,2960,2.37628,0.736133,0.208896,0.647168,1.15507,3.19801,312.694,15000,162944,66.7928
Suite_15,Deferred_Uber,0,2961,2.37054,0.727064,0.203808,0.638976,1.13091,3.20069,312.433,15000,160384,66.0925
Suite_15,Deferred_Uber,0,2962,2.36005,0.735453,0.206144,0.633632,1.13434,3.17979,314.486,15000,158720,65.4232
Suite_15,Deferred_Uber,0,2963,2.36153,0.72103,0.202752,0.636928,1.1249,3.17104,315.354,15000,156544,64.7987
Suite_15,Deferred_Uber,0,2964,2.34328,0.741668,0.195872,0.647296,1.14074,3.15905,316.551,15000,153600,64.1977
Suite_15,Deferred_Uber,0,2965,2.34755,0.744079,0.33792,0.630624,1.26118,3.15783,316.673,15000,151680,63.287
Suite_15,Deferred_Uber,0,2966,2.33301,3.13563,0.191616,0.600224,1.08544,3.16522,315.934,15000,149248,60.8092
Suite_15,Deferred_Uber,0,2967,2.34553,0.760132,0.182464,0.616256,1.08339,5.5412,180.466,15000,147200,59.8903
Suite_15,Deferred_Uber,0,2968,2.32463,0.742512,0.190464,0.575424,1.05722,3.18404,314.067,15000,144896,59.1609
Suite_15,Deferred_Uber,0,2969,2.32054,0.720737,0.18816,0.588064,1.05882,3.13963,318.509,15000,143104,58.6109
Suite_15,Deferred_Uber,0,2970,2.31895,0.738273,0.191072,0.581632,1.06701,3.10916,321.63,15000,141184,55.2765
Suite_15,Deferred_Uber,0,2971,2.29982,0.71965,0.20592,0.659456,1.15562,3.16003,316.453,15000,139648,55.0481
Suite_15,Deferred_Uber,0,2972,2.28305,0.714177,0.16096,0.495616,0.941024,3.08928,323.7,15000,137344,54.9037
Suite_15,Deferred_Uber,0,2973,2.28038,0.722441,0.153472,0.450912,0.89696,3.06577,326.183,15000,134784,53.6284
Suite_15,Deferred_Uber,0,2974,2.26825,0.701746,0.1576,0.434976,0.88672,3.06971,325.763,15000,131968,51.3982
Suite_15,Deferred_Uber,0,2975,2.25922,0.723227,0.155904,0.434176,0.88656,3.03285,329.723,15000,130176,51.0593
Suite_15,Deferred_Uber,0,2976,2.24797,0.701309,0.15344,0.439808,0.929792,3.04725,328.164,15000,127232,50.7353
Suite_15,Deferred_Uber,0,2977,2.23415,0.714792,0.155648,0.42736,0.87264,3.01388,331.798,15000,125568,50.3915
Suite_15,Deferred_Uber,0,2978,2.24657,0.707038,0.155648,0.413696,0.862208,3.01322,331.871,15000,123904,49.6566
Suite_15,Deferred_Uber,0,2979,2.2336,0.732583,0.155168,0.407712,0.856768,3.01453,331.727,15000,121856,49.3738
Suite_15,Deferred_Uber,0,2980,2.23938,0.732788,0.154048,0.392928,0.833536,3.02681,330.381,15000,120448,48.7849
Suite_15,Deferred_Uber,0,2981,2.22435,0.720912,1.33629,0.37888,2.01056,3.03664,329.312,15000,117376,48.2205
Suite_15,Deferred_Uber,0,2982,2.21143,0.711606,0.14592,0.374784,0.811008,3.00591,332.678,15000,115200,47.6803
Suite_15,Deferred_Uber,0,2983,2.19599,0.692159,0.14336,0.393216,0.837632,2.98146,335.407,15000,113024,46.452
Suite_15,Deferred_Uber,0,2984,2.18488,0.703653,0.145824,0.351968,0.78848,2.9457,339.478,15000,111616,45.6507
Suite_15,Deferred_Uber,0,2985,2.18713,0.692925,0.14848,0.3488,0.790656,2.94823,339.187,15000,108288,45.439
Suite_15,Deferred_Uber,0,2986,2.16948,0.699455,0.14384,0.341696,0.771552,2.93463,340.759,15000,107392,43.4529
Suite_15,Deferred_Uber,0,2987,2.17591,0.702842,0.14336,0.329984,0.760096,2.92485,341.898,15000,105088,43.1021
Suite_15,Deferred_Uber,0,2988,2.15869,0.680359,0.143136,0.31744,0.7552,2.93353,340.886,15000,103040,42.6283
Suite_15,Deferred_Uber,0,2989,2.15009,0.698077,0.135008,0.31744,0.745472,2.89806,345.058,15000,100992,41.968
Suite_15,Deferred_Uber,0,2990,2.1503,0.683981,0.143104,0.308704,0.739264,2.90643,344.065,15000,99456,41.8868
Suite_15,Deferred_Uber,0,2991,2.13858,0.703072,0.135168,0.31232,0.732032,2.88586,346.517,15000,98432,41.4686
Suite_15,Deferred_Uber,0,2992,2.14154,0.68702,0.133472,0.290976,0.718464,2.89347,345.605,15000,97024,38.2605
Suite_15,Deferred_Uber,0,2993,2.12624,0.687235,0.13312,0.292864,0.720896,2.88045,347.168,15000,96384,38.3183
Suite_15,Deferred_Uber,0,2994,2.13124,0.71832,0.131072,0.27776,0.698944,2.86557,348.971,15000,94720,36.1925
Suite_15,Deferred_Uber,0,2995,2.11852,0.686179,0.120992,0.292352,0.700608,3.05028,327.839,15000,92672,36.1209
Suite_15,Deferred_Uber,0,2996,2.11585,0.697649,0.122176,0.268992,0.681664,2.85293,350.517,15000,91904,36.2683
Suite_15,Deferred_Uber,0,2997,2.10134,0.683544,0.11824,0.256384,0.67088,2.86646,348.863,15000,89600,34.2399
Suite_15,Deferred_Uber,0,2998,2.082,0.680535,0.113568,0.253952,0.657792,2.83435,352.814,15000,87552,34.3991
Suite_15,Deferred_Uber,0,2999,2.08908,0.707459,0.114208,0.242304,0.645696,2.81288,355.508,15000,86272,34.3936
Suite_15,Deferred_Uber,0,3000,2.13041,0.755497,0.111872,0.240352,0.639072,2.84701,351.246,15000,85504,34.3618
Suite_15,Deferred_Volume,0,1,2.0892,0.735844,0.110592,0.618496,1.03482,5.98419,167.107,15000,83840,34.5416
Suite_15,Deferred_Volume,0,2,2.07009,0.746588,0.108544,0.588928,0.9864,2.87235,348.147,15000,82176,34.7316
Suite_15,Deferred_Volume,0,3,2.0649,0.717959,0.106496,0.579584,0.974848,2.86652,348.855,15000,80768,34.4653
Suite_15,Deferred_Volume,0,4,2.05665,0.707996,0.106496,0.57344,0.963712,2.82935,353.438,15000,78592,34.646
Suite_15,Deferred_Volume,0,5,2.04706,0.863791,0.100384,0.571392,0.958528,2.81196,355.624,15000,76672,34.8203
Suite_15,Deferred_Volume,0,6,2.04057,0.71362,0.1024,0.57536,0.995328,2.95769,338.102,15000,75648,34.6781
Suite_15,Deferred_Volume,0,7,2.02594,0.718988,0.095552,0.555104,0.932352,2.79732,357.485,15000,73600,34.8404
Suite_15,Deferred_Volume,0,8,2.02975,0.712397,0.094624,0.538144,0.917504,2.78974,358.456,15000,72320,34.6821
Suite_15,Deferred_Volume,0,9,2.01809,0.710914,0.090816,0.503808,0.887072,2.78587,358.955,15000,70400,34.8154
Suite_15,Deferred_Volume,0,10,2.01551,0.750254,0.090816,0.495936,0.866304,2.77338,360.571,15000,69248,34.947
Suite_15,Deferred_Volume,0,11,2.00619,0.701513,0.106528,0.502432,0.923392,2.80787,356.142,15000,67840,35.0577
Suite_15,Deferred_Volume,0,12,2.00298,0.716855,0.089888,0.493248,0.866304,2.75292,363.251,15000,66304,35.1529
Suite_15,Deferred_Volume,0,13,1.99639,0.706391,0.085856,0.487424,0.861408,2.7644,361.742,15000,65152,35.2287
Suite_15,Deferred_Volume,0,14,1.9783,0.695629,0.085408,0.48368,0.85568,2.74312,364.548,15000,63232,35.2531
Suite_15,Deferred_Volume,0,15,1.98117,0.82671,0.079776,0.479232,0.84432,2.7139,368.473,15000,61312,34.9614
Suite_15,Deferred_Volume,0,16,1.97099,0.69642,0.079872,0.485376,0.88688,2.84817,351.103,15000,60160,32.7973
Suite_15,Deferred_Volume,0,17,1.96405,0.717588,0.07968,0.442112,0.812544,2.70699,369.414,15000,59136,32.7072
Suite_15,Deferred_Volume,0,18,1.9653,0.702592,0.075776,0.435296,0.793504,2.7217,367.417,15000,57728,32.6478
Suite_15,Deferred_Volume,0,19,1.95929,0.70698,0.07264,0.433472,0.790272,2.72065,367.559,15000,56960,32.3798
Suite_15,Deferred_Volume,0,20,1.95657,0.815371,0.083968,0.429056,0.803392,2.70382,369.847,15000,55680,32.3295
Suite_15,Deferred_Volume,0,21,1.94752,0.705186,0.06832,0.443616,0.78848,2.81166,355.662,15000,54784,32.2562
Suite_15,Deferred_Volume,0,22,1.93315,0.707074,0.065536,0.40976,0.756128,2.68971,371.788,15000,53376,32.0044
Suite_15,Deferred_Volume,0,23,1.93329,0.692822,0.062272,0.425984,0.776064,2.67765,373.461,15000,52224,31.8697
Suite_15,Deferred_Volume,0,24,1.92282,0.691947,0.063488,0.395936,0.744384,2.66091,375.811,15000,50816,30.087
Suite_15,Deferred_Volume,0,25,1.92377,0.834759,0.057344,0.39104,0.734048,2.65018,377.332,15000,49408,29.9313
Suite_15,Deferred_Volume,0,26,1.9164,0.689242,0.057376,0.385312,0.73248,2.79501,357.78,15000,48256,29.7612
Suite_15,Deferred_Volume,0,27,1.89915,0.700415,0.05408,0.380928,0.725056,2.63827,379.037,15000,47232,29.5766
Suite_15,Deferred_Volume,0,28,1.90165,0.7023,0.051264,0.36864,0.700416,2.63382,379.677,15000,45440,27.9063
Suite_15,Deferred_Volume,0,29,1.89179,0.687051,0.051072,0.37088,0.745312,2.63829,379.034,15000,43520,27.4488
Suite_15,Deferred_Volume,0,30,1.88194,0.707789,0.04896,0.364352,0.69632,2.61087,383.014,15000,42240,26.639
Suite_15,Deferred_Volume,0,31,1.88,0.684226,0.049056,0.36208,0.700416,2.62173,381.428,15000,41216,26.4189
Suite_15,Deferred_Volume,0,32,1.86914,0.710656,0.045824,0.360064,0.697888,2.5938,385.535,15000,39936,22.0323
Suite_15,Deferred_Volume,0,33,1.8845,0.726153,0.047456,0.3584,0.698176,2.6144,382.497,15000,38784,21.8866
Suite_15,Deferred_Volume,0,34,1.86577,0.718715,0.043936,0.355808,0.6904,2.64384,378.238,15000,37632,21.7415
Suite_15,Deferred_Volume,0,35,1.85108,0.704455,0.044032,0.354016,0.690208,2.61389,382.571,15000,36864,21.6007
Suite_15,Deferred_Volume,0,36,1.85622,0.68157,0.0424,0.350688,0.669984,2.58627,386.657,15000,36480,21.469
Suite_15,Deferred_Volume,0,37,1.84447,0.697816,0.038912,0.352672,0.69984,2.57601,388.197,15000,35968,21.341
Suite_15,Deferred_Volume,0,38,1.84238,0.700373,0.039072,0.347872,0.6736,2.57135,388.9,15000,34816,21.2183
Suite_15,Deferred_Volume,0,39,1.83237,0.67956,0.036992,0.345024,0.675808,2.57238,388.745,15000,33280,20.5593
Suite_15,Deferred_Volume,0,40,1.82462,0.676348,0.038048,0.34432,0.672672,2.53963,393.759,15000,31744,20.4337
Suite_15,Deferred_Volume,0,41,1.82473,0.692043,0.034656,0.3424,0.66752,2.52951,395.333,15000,30848,20.3289
Suite_15,Deferred_Volume,0,42,1.82203,0.677384,0.036416,0.339968,0.656896,2.54529,392.882,15000,30720,20.2361
Suite_15,Deferred_Volume,0,43,1.80856,0.698107,0.032768,0.337664,0.66192,2.5254,395.977,15000,29696,20.1422
Suite_15,Deferred_Volume,0,44,1.81521,0.684447,0.031936,0.336224,0.649824,2.53452,394.552,15000,29312,20.0633
Suite_15,Deferred_Volume,0,45,1.80634,0.672499,0.030048,0.333728,0.66784,2.52779,395.602,15000,28160,19.9895
Suite_15,Deferred_Volume,0,46,1.79524,0.689264,0.02896,0.331776,0.64512,2.5052,399.171,15000,27520,17.8605
Suite_15,Deferred_Volume,0,47,1.79413,0.677804,0.028256,0.327456,0.659904,2.51707,397.287,15000,26112,17.8365
Suite_15,Deferred_Volume,0,48,1.78769,0.672956,0.025312,0.332192,0.673792,2.49732,400.43,15000,25088,17.8188
Suite_15,Deferred_Volume,0,49,1.7794,0.687611,0.024672,0.325792,0.64512,2.48625,402.212,15000,24320,17.811
Suite_15,Deferred_Volume,0,50,1.77839,0.675887,0.023936,0.325728,0.658144,2.49358,401.03,15000,23168,17.8058
Suite_15,Deferred_Volume,0,51,1.77198,0.667513,0.030208,0.323328,0.643072,2.47804,403.544,15000,22528,17.8118
Suite_15,Deferred_Volume,0,52,1.76474,0.699646,0.021184,0.324864,0.626112,2.46252,406.087,15000,21120,17.8204
Suite_15,Deferred_Volume,0,53,1.76158,0.696138,0.022016,0.325344,0.635296,2.49097,401.45,15000,20224,17.8336
Suite_15,Deferred_Volume,0,54,1.75218,0.678142,0.01984,0.321824,0.625984,2.48192,402.914,15000,19584,17.8557
Suite_15,Deferred_Volume,0,55,1.74863,0.684058,0.018976,0.317952,0.62032,2.45356,407.572,15000,18944,17.585
Suite_15,Deferred_Volume,0,56,1.74523,0.670356,0.018208,0.316288,0.610432,2.45624,407.127,15000,18688,16.489
Suite_15,Deferred_Volume,0,57,1.73532,0.67637,0.016384,0.315072,0.61808,2.43949,409.922,15000,17920,16.5188
Suite_15,Deferred_Volume,0,58,1.74411,0.72291,0.015904,0.314592,0.613536,2.43583,410.537,15000,17024,16.5512
Suite_15,Deferred_Volume,0,59,1.73356,0.686105,0.014784,0.312128,0.609536,2.49211,401.267,15000,15872,16.5872
Suite_15,Deferred_Volume,0,60,1.71899,0.678698,0.014336,0.310624,0.60416,2.44164,409.561,15000,15232,16.6266
Suite_15,Deferred_Volume,0,61,1.72388,0.677112,0.0144,0.309248,0.608256,2.42153,412.962,15000,14592,16.6637
Suite_15,Deferred_Volume,0,62,1.71546,0.664918,0.013696,0.324352,0.624352,2.42344,412.637,15000,14080,16.7098
Suite_15,Deferred_Volume,0,63,1.71177,0.701574,0.012288,0.280576,0.585728,2.40023,416.626,15000,13824,16.7591
Suite_15,Deferred_Volume,0,64,1.70141,0.667478,0.012288,0.278336,0.592672,2.43492,410.692,15000,12800,16.8044
Suite_15,Deferred_Volume,0,65,1.69627,0.678386,0.012128,0.294176,0.600864,2.39049,418.324,15000,11904,16.8529
Suite_15,Deferred_Volume,0,66,1.69768,0.685576,0.010944,0.266752,0.564672,2.39552,417.447,15000,11392,16.9021
Suite_15,Deferred_Volume,0,67,1.69194,0.663784,0.011296,0.29264,0.579904,2.40492,415.814,15000,11008,16.5205
Suite_15,Deferred_Volume,0,68,1.68627,0.669879,0.009088,0.264576,0.555584,2.37467,421.111,15000,10752,16.5703
Suite_15,Deferred_Volume,0,69,1.68268,0.685718,0.008576,0.262144,0.55888,2.37794,420.531,15000,10112,16.422
Suite_15,Deferred_Volume,0,70,1.67768,0.662504,0.008192,0.286432,0.581632,2.39099,418.238,15000,9088,16.4656
Suite_15,Deferred_Volume,0,71,1.67105,0.669141,0.00864,0.257504,0.557184,2.35895,423.917,15000,8704,14.343
Suite_15,Deferred_Volume,0,72,1.66713,0.683603,0.008192,0.258048,0.548768,2.35821,424.05,15000,8064,14.4485
Suite_15,Deferred_Volume,0,73,1.66848,0.693258,0.008192,0.24976,0.530688,2.37222,421.546,15000,7552,14.5531
Suite_15,Deferred_Volume,0,74,1.65917,0.667724,0.00704,0.246432,0.538752,2.38293,419.652,15000,6784,14.653
Suite_15,Deferred_Volume,0,75,1.65482,0.683928,0.00688,0.241664,0.533696,2.34929,425.661,15000,6400,14.5594
Suite_15,Deferred_Volume,0,76,1.64976,0.661164,0.006688,0.237792,0.531808,2.35974,423.776,15000,6016,14.6537
Suite_15,Deferred_Volume,0,77,1.6409,0.663135,0.006144,0.238464,0.53968,2.33001,429.182,15000,5632,14.7437
Suite_15,Deferred_Volume,0,78,1.64098,0.678391,0.005792,0.23744,0.53248,2.32227,430.613,15000,5504,14.8308
Suite_15,Deferred_Volume,0,79,1.64177,0.658859,0.005824,0.233888,0.525184,2.33894,427.544,15000,5248,14.9139
Suite_15,Deferred_Volume,0,80,1.63056,0.659808,0.004544,0.23008,0.520416,2.32331,430.421,15000,4864,14.9912
Suite_15,Deferred_Volume,0,81,1.62705,0.685501,0.004832,0.229344,0.510208,2.30926,433.039,15000,4352,15.0648
Suite_15,Deferred_Volume,0,82,1.62488,0.659364,0.005632,0.225248,0.516256,2.33241,428.742,15000,4096,15.1369
Suite_15,Deferred_Volume,0,83,1.62208,0.660927,0.004096,0.223072,0.510848,2.3012,434.555,15000,3968,15.2051
Suite_15,Deferred_Volume,0,84,1.62217,0.686102,0.004096,0.21504,0.50464,2.29961,434.857,15000,3712,15.269
Suite_15,Deferred_Volume,0,85,1.61761,0.655236,0.003712,0.20944,0.498784,2.32828,429.503,15000,3584,15.3293
Suite_15,Deferred_Volume,0,86,1.61271,0.655638,0.002912,0.198656,0.494272,2.29057,436.573,15000,3200,15.3844
Suite_15,Deferred_Volume,0,87,1.60568,0.661779,0.002208,0.192448,0.483008,2.28414,437.802,15000,2688,15.4365
Suite_15,Deferred_Volume,0,88,1.60618,0.644048,0.003968,0.188096,0.474848,2.28512,437.613,15000,2688,15.4872
Suite_15,Deferred_Volume,0,89,1.60764,0.658069,0.003712,0.182272,0.478304,2.26797,440.923,15000,2688,14.5429
Suite_15,Deferred_Volume,0,90,1.60349,0.665914,0.00352,0.178112,0.467104,2.28272,438.074,15000,2560,14.5751
Suite_15,Deferred_Volume,0,91,1.59667,0.661969,0.002496,0.200704,0.47872,2.28615,437.417,15000,2304,14.6049
Suite_15,Deferred_Volume,0,92,1.60266,0.748126,0.002048,0.174208,0.462848,2.27482,439.594,15000,2176,14.6326
Suite_15,Deferred_Volume,0,93,1.60472,0.723021,0.002048,0.172032,0.45248,2.37682,420.73,15000,1792,14.6559
Suite_15,Deferred_Volume,0,94,1.58705,0.658755,0.002464,0.168192,0.472416,2.35086,425.377,15000,1408,14.6763
Suite_15,Deferred_Volume,0,95,1.58597,0.643168,0.002048,0.165856,0.45824,2.26281,441.929,15000,1280,14.6952
Suite_15,Deferred_Volume,0,96,1.57937,0.672299,0.002016,0.164576,0.44784,2.24449,445.536,15000,1280,14.1418
Suite_15,Deferred_Volume,0,97,1.57919,0.652536,0.000992,0.180064,0.468736,2.27055,440.421,15000,1280,14.152
Suite_15,Deferred_Volume,0,98,1.57246,0.648964,0.001792,0.15632,0.440448,2.24842,444.757,15000,1280,14.16
Suite_15,Deferred_Volume,0,99,1.57606,0.671285,0.0008,0.149504,0.436224,2.23678,447.071,15000,1152,14.1654
Suite_15,Deferred_Volume,0,100,1.57235,0.652041,0.000672,0.143168,0.448512,2.26386,441.723,15000,1024,13.577
Suite_15,Deferred_Volume,0,101,1.56321,0.660898,0.001344,0.161792,0.448512,2.24195,446.04,15000,896,13.5744
Suite_15,Deferred_Volume,0,102,1.56406,0.663877,0.001984,0.129856,0.405792,2.24052,446.324,15000,896,13.5709
Suite_15,Deferred_Volume,0,103,1.56322,0.644225,0.001888,0.127744,0.401312,2.24545,445.346,15000,640,13.5642
Suite_15,Deferred_Volume,0,104,1.56217,0.640698,0.00048,0.126208,0.42944,2.22889,448.654,15000,384,11.1989
Suite_15,Deferred_Volume,0,105,1.55015,0.65548,0.001504,0.122528,0.397536,2.21936,450.581,15000,256,11.2239
Suite_15,Deferred_Volume,0,106,1.55073,0.655791,0.001312,0.120832,0.406016,2.22299,449.844,15000,256,8.72719
Suite_15,Deferred_Volume,0,107,1.54552,0.649609,0.00064,0.118912,0.405504,2.22163,450.121,15000,128,8.78511
Suite_15,Deferred_Volume,0,108,1.54911,0.644216,0.000864,0.117664,0.393376,2.21017,452.453,15000,128,8.84269
Suite_15,Deferred_Volume,0,109,1.53502,0.639263,0.001728,0.113856,0.399392,2.21037,452.412,15000,0,8.89838
Suite_15,Deferred_Volume,0,110,1.5296,0.639842,0.000256,0.11072,0.403456,2.19043,456.531,15000,0,8.95429
Suite_15,Deferred_Volume,0,111,1.52543,0.636362,0.001152,0.11024,0.392064,2.18418,457.837,15000,0,9.00939
Suite_15,Deferred_Volume,0,112,1.52679,0.653284,0.000608,0.109088,0.391136,2.17643,459.469,15000,0,9.0637
Suite_15,Deferred_Volume,0,113,1.53047,0.631318,0.00064,0.108576,0.38912,2.1991,454.732,15000,0,9.11724
Suite_15,Deferred_Volume,0,114,1.52631,0.639982,0.000736,0.108544,0.38928,2.17755,459.231,15000,0,9.17002
Suite_15,Deferred_Volume,0,115,1.52652,0.650166,0.000736,0.108544,0.384608,2.18102,458.501,15000,0,9.22208
Suite_15,Deferred_Volume,0,116,1.51811,0.632304,0.001472,0.106496,0.391424,2.19225,456.152,15000,0,9.27344
Suite_15,Deferred_Volume,0,117,1.51588,0.643211,0.001696,0.106496,0.389376,2.1672,461.424,15000,0,9.32413
Suite_15,Deferred_Volume,0,118,1.51699,0.67601,0.001728,0.106496,0.389248,2.17727,459.29,15000,0,9.37418
Suite_15,Deferred_Volume,0,119,1.51394,0.630144,0.000448,0.104864,0.413504,2.20944,452.604,15000,0,9.42363
Suite_15,Deferred_Volume,0,120,1.50699,0.629448,0.001344,0.124512,0.412224,2.15899,463.179,15000,0,9.4725
Suite_15,Deferred_Volume,0,121,1.49899,0.639345,0.000128,0.104448,0.388864,2.15657,463.7,15000,0,8.83452
Suite_15,Deferred_Volume,0,122,1.50197,0.646589,0.001664,0.104448,0.39088,2.15525,463.984,15000,0,8.88009
Suite_15,Deferred_Volume,0,123,1.49937,0.635023,0.00112,0.10416,0.38464,2.16424,462.057,15000,0,8.4871
Suite_15,Deferred_Volume,0,124,1.49222,0.650993,0.001312,0.10432,0.385216,2.14862,465.415,15000,0,8.52947
Suite_15,Deferred_Volume,0,125,1.50287,0.645395,0.001248,0.103776,0.387488,2.16789,461.278,15000,0,8.57155
Suite_15,Deferred_Volume,0,126,1.49636,0.629477,0.001056,0.10256,0.38016,2.16578,461.727,15000,0,8.61338
Suite_15,Deferred_Volume,0,127,1.49766,0.63741,0.000608,0.102688,0.386496,2.14023,467.24,15000,0,8.65499
Suite_15,Deferred_Volume,0,128,1.49547,0.644205,0.000704,0.101312,0.384384,2.15116,464.866,15000,0,8.69643
Suite_15,Deferred_Volume,0,129,1.48638,0.633744,0,0.10224,0.385024,2.15588,463.849,15000,0,8.3879
Suite_15,Deferred_Volume,0,130,1.48427,0.628335,0.001376,0.1024,0.382976,2.13529,468.32,15000,0,8.42671
Suite_15,Deferred_Volume,0,131,1.48938,0.637179,0.001696,0.101824,0.384704,2.12668,470.216,15000,0,8.46544
Suite_15,Deferred_Volume,0,132,1.47955,0.625584,0.00128,0.124928,0.411328,2.14925,465.278,15000,0,8.5041
Suite_15,Deferred_Volume,0,133,1.47755,0.625976,6.4e-05,0.101696,0.380992,2.12221,471.207,15000,0,8.10172
Suite_15,Deferred_Volume,0,134,1.47556,0.634338,0.000704,0.100384,0.38608,2.11891,471.942,15000,0,8.13626
Suite_15,Deferred_Volume,0,135,1.47296,0.640645,0.001696,0.10144,0.376544,2.1249,470.611,15000,0,8.1708
Suite_15,Deferred_Volume,0,136,1.4718,0.629975,6.4e-05,0.100288,0.382368,2.12848,469.82,15000,0,6.30728
Suite_15,Deferred_Volume,0,137,1.46917,0.640414,0.000128,0.099872,0.382976,2.11767,472.218,15000,0,6.36506
Suite_15,Deferred_Volume,0,138,1.46619,0.637295,0.000256,0.09872,0.380928,2.12572,470.429,15000,0,6.42297
Suite_15,Deferred_Volume,0,139,1.45918,0.744638,0.000576,0.35264,0.638048,2.11838,472.06,15000,0,6.481
Suite_15,Deferred_Volume,0,140,1.46669,0.626095,0.00112,0.099328,0.377216,2.21843,450.769,15000,0,6.13876
Suite_15,Deferred_Volume,0,141,1.45782,0.636145,0.00128,0.098304,0.373312,2.10894,474.171,15000,0,6.19375
Suite_15,Deferred_Volume,0,142,1.45613,0.631594,0,0.098304,0.372736,2.10989,473.957,15000,0,6.2488
Suite_15,Deferred_Volume,0,143,1.45643,0.631636,0,0.098112,0.384512,2.10206,475.724,15000,0,6.3039
Suite_15,Deferred_Volume,0,144,1.45433,0.653515,0.001664,0.098304,0.376992,2.10202,475.733,15000,0,6.35904
Suite_15,Deferred_Volume,0,145,1.453,0.630654,0,0.097536,0.398048,2.12491,470.608,15000,0,6.41419
Suite_15,Deferred_Volume,0,146,1.44303,0.627339,0.001632,0.124064,0.401408,2.09947,476.31,15000,0,6.46934
Suite_15,Deferred_Volume,0,147,1.44211,0.632744,0.00064,0.0968,0.380448,2.08497,479.623,15000,0,6.52447
Suite_15,Deferred_Volume,0,148,1.44577,0.639299,9.6e-05,0.09648,0.371456,2.09024,478.413,15000,0,6.57957
Suite_15,Deferred_Volume,0,149,1.4483,0.637024,0.00032,0.096416,0.376832,2.10309,475.49,15000,0,6.63461
Suite_15,Deferred_Volume,0,150,1.44649,0.636382,0.001248,0.096256,0.376736,2.1012,475.918,15000,0,6.68957
Suite_15,Deferred_Volume,0,151,1.44441,0.634434,0.001664,0.096256,0.374496,2.09817,476.606,15000,0,5.61456
Suite_15,Deferred_Volume,0,152,1.44276,0.629826,0.001664,0.095808,0.377152,2.09305,477.773,15000,0,5.67116
Suite_15,Deferred_Volume,0,153,1.42894,0.643601,0.001536,0.096064,0.375584,2.08831,478.857,15000,0,4.72197
Suite_15,Deferred_Volume,0,154,1.43237,0.645359,0.00048,0.094592,0.36864,2.08753,479.034,15000,0,4.77017
Suite_15,Deferred_Volume,0,155,1.43189,0.629699,0.000448,0.094336,0.396992,2.0935,477.669,15000,0,4.81845
Suite_15,Deferred_Volume,0,156,1.42879,0.625406,0.000576,0.10928,0.386112,2.07591,481.717,15000,0,4.86679
Suite_15,Deferred_Volume,0,157,1.42521,0.629957,0.000672,0.094144,0.372736,2.07066,482.937,15000,0,4.91517
Suite_15,Deferred_Volume,0,158,1.4232,0.646257,0.00096,0.092928,0.37888,2.07092,482.876,15000,0,4.96357
Suite_15,Deferred_Volume,0,159,1.42297,0.634575,0.00176,0.09376,0.379008,2.08451,479.73,15000,0,5.01196
Suite_15,Deferred_Volume,0,160,1.41902,0.628164,0,0.09232,0.376832,2.07186,482.657,15000,0,5.06031
Suite_15,Deferred_Volume,0,161,1.42109,0.638596,0.000736,0.092544,0.37008,2.07011,483.067,15000,0,5.1086
Suite_15,Deferred_Volume,0,162,1.41434,0.632119,3.2e-05,0.092288,0.378752,2.07573,481.758,15000,0,4.56118
Suite_15,Deferred_Volume,0,163,1.41129,0.625817,0.001344,0.09216,0.3808,2.06071,485.271,15000,0,4.60458
Suite_15,Deferred_Volume,0,164,1.4129,0.636249,0.000736,0.09216,0.378208,2.05145,487.46,15000,0,4.64785
Suite_15,Deferred_Volume,0,165,1.41336,0.653336,3.2e-05,0.0904,0.401408,2.06775,483.617,15000,0,4.69095
Suite_15,Deferred_Volume,0,166,1.40305,0.63099,0.001184,0.091168,0.397536,2.08389,479.871,15000,0,4.73385
Suite_15,Deferred_Volume,0,167,1.3981,0.638929,0.000768,0.091584,0.37072,2.04875,488.103,15000,0,4.77652
Suite_15,Deferred_Volume,0,168,1.3989,0.639941,0,0.090112,0.371712,2.05151,487.445,15000,0,4.81894
Suite_15,Deferred_Volume,0,169,1.40494,0.633309,0.001632,0.090112,0.37712,2.0548,486.666,15000,0,4.86108
Suite_15,Deferred_Volume,0,170,1.40068,0.627967,0.000576,0.088896,0.366592,2.05381,486.899,15000,0,4.90289
Suite_15,Deferred_Volume,0,171,1.40142,0.642681,0.000704,0.088864,0.366592,2.04281,489.522,15000,0,4.94436
Suite_15,Deferred_Volume,0,172,1.39461,0.635138,0.0016,0.090112,0.371072,2.05915,485.638,15000,0,4.98545
Suite_15,Deferred_Volume,0,173,1.39191,0.626094,0.000384,0.088576,0.371712,2.04536,488.912,15000,0,5.02613
Suite_15,Deferred_Volume,0,174,1.39022,0.644918,0.00112,0.088064,0.376928,2.03286,491.917,15000,0,5.06637
Suite_15,Deferred_Volume,0,175,1.39004,0.627746,0.000864,0.088064,0.366592,2.05014,487.772,15000,0,5.10613
Suite_15,Deferred_Volume,0,176,1.39044,0.623677,0.0008,0.08704,0.372128,2.03159,492.226,15000,0,5.14539
Suite_15,Deferred_Volume,0,177,1.38392,0.643286,0.000672,0.087776,0.370688,2.02964,492.699,15000,0,5.18412
Suite_15,Deferred_Volume,0,178,1.3822,0.637296,0,0.087744,0.369344,2.04264,489.562,15000,0,3.67435
Suite_15,Deferred_Volume,0,179,1.3794,0.633158,0.001312,0.087744,0.369152,2.03403,491.636,15000,0,3.70214
Suite_15,Deferred_Volume,0,180,1.38709,0.622685,0.001024,0.087584,0.370016,2.02612,493.553,15000,0,3.72962
Suite_15,Deferred_Volume,0,181,1.37909,0.645308,0.001376,0.086016,0.362304,2.02625,493.522,15000,0,3.75678
Suite_15,Deferred_Volume,0,182,1.37909,0.625437,0.000576,0.086464,0.385024,2.04062,490.046,15000,0,3.78358
Suite_15,Deferred_Volume,0,183,1.37336,0.623975,0.000704,0.085856,0.38912,2.01859,495.395,15000,0,3.81002
Suite_15,Deferred_Volume,0,184,1.37797,0.62171,0,0.086016,0.369664,2.01135,497.18,15000,0,3.83608
Suite_15,Deferred_Volume,0,185,1.37585,0.635081,0.001728,0.086016,0.370848,2.01649,495.912,15000,0,3.86173
Suite_15,Deferred_Volume,0,186,1.37544,0.635436,0.001568,0.085952,0.370368,2.02717,493.3,15000,0,3.88695
Suite_15,Deferred_Volume,0,187,1.37319,0.62861,0.001504,0.086016,0.362848,2.02509,493.806,15000,0,3.91173
Suite_15,Deferred_Volume,0,188,1.37516,0.653035,0.00112,0.085728,0.369216,2.01662,495.88,15000,0,3.93606
Suite_15,Deferred_Volume,0,189,1.36952,0.62413,0.001792,0.085568,0.36256,2.05029,487.737,15000,0,3.9599
Suite_15,Deferred_Volume,0,190,1.36638,0.620356,0.000896,0.104352,0.38448,2.00938,497.665,15000,0,3.98324
Suite_15,Deferred_Volume,0,191,1.3685,0.635301,0.000448,0.084256,0.3584,2.00077,499.806,15000,0,4.00607
Suite_15,Deferred_Volume,0,192,1.36558,0.631091,0.000544,0.084384,0.36448,2.0183,495.467,15000,0,4.02837
Suite_15,Deferred_Volume,0,193,1.35904,0.623578,0.000768,0.084192,0.36864,2.01287,496.804,15000,0,4.05012
Suite_15,Deferred_Volume,0,194,1.35628,0.620746,0.000352,0.083872,0.362496,1.99778,500.555,15000,0,4.0713
Suite_15,Deferred_Volume,0,195,1.35692,0.645496,0.001056,0.083936,0.36752,1.99148,502.138,15000,0,4.09191
Suite_15,Deferred_Volume,0,196,1.35426,0.625313,0.001664,0.083904,0.3648,2.0172,495.736,15000,0,4.11192
Suite_15,Deferred_Volume,0,197,1.35155,0.629379,0.00192,0.08448,0.379488,1.99664,500.842,15000,0,4.13132
Suite_15,Deferred_Volume,0,198,1.34902,0.625769,0.000896,0.082848,0.35776,1.99591,501.026,15000,0,4.1501
Suite_15,Deferred_Volume,0,199,1.35387,0.633182,0.001216,0.083488,0.36944,1.98936,502.673,15000,0,4.16824
Suite_15,Deferred_Volume,0,200,1.35017,0.63487,0.001824,0.083968,0.367008,2.00186,499.535,15000,0,4.18573
Suite_15,Deferred_Volume,0,201,1.344,0.624338,0.000352,0.082464,0.356352,2.00082,499.796,15000,0,4.20257
Suite_15,Deferred_Volume,0,202,1.34459,0.633821,0.001952,0.083968,0.368832,1.98392,504.052,15000,0,4.21873
Suite_15,Deferred_Volume,0,203,1.3428,0.623137,0.001792,0.083552,0.364736,1.99314,501.72,15000,0,2.82122
Suite_15,Deferred_Volume,0,204,1.34204,0.659785,0.000768,0.082528,0.370208,1.97978,505.107,15000,0,2.82764
Suite_15,Deferred_Volume,0,205,1.33931,0.648855,0.00192,0.083968,0.362656,2.01763,495.63,15000,0,2.23735
Suite_15,Deferred_Volume,0,206,1.33795,0.623825,0.001344,0.083616,0.365024,2.00458,498.857,15000,0,2.24148
Suite_15,Deferred_Volume,0,207,1.33774,0.623118,0.001824,0.083968,0.360576,1.97561,506.173,15000,0,2.24521
Suite_15,Deferred_Volume,0,208,1.33453,0.626906,0.00016,0.083936,0.36864,1.97494,506.344,15000,0,2.24852
Suite_15,Deferred_Volume,0,209,1.334,0.652826,0.00096,0.083392,0.366592,1.97894,505.321,15000,0,2.25143
Suite_15,Deferred_Volume,0,210,1.33106,0.62858,0.001024,0.082976,0.366592,2.0023,499.425,15000,0,2.25393
Suite_15,Deferred_Volume,0,211,1.32361,0.620978,0.001632,0.083456,0.36208,1.97389,506.614,15000,0,0.761089
Suite_15,Deferred_Volume,0,212,1.32254,0.670387,9.6e-05,0.08192,0.370688,1.95849,510.598,15000,0,0.764989
Suite_15,Deferred_Volume,0,213,1.32,0.627575,0.002016,0.08256,0.368192,2.01075,497.328,15000,0,0.768849
Suite_15,Deferred_Volume,0,214,1.32411,0.630622,0.000864,0.082464,0.36864,1.963,509.426,15000,0,0.772669
Suite_15,Deferred_Volume,0,215,1.31937,0.66331,0.00016,0.08192,0.366592,1.96821,508.075,15000,0,0.776446
Suite_15,Deferred_Volume,0,216,1.31651,0.644623,0.001184,0.08192,0.366464,2.00011,499.972,15000,0,0.780181
Suite_15,Deferred_Volume,0,217,1.31285,0.637821,0.001344,0.08192,0.36752,1.97803,505.553,15000,0,0.783871
Suite_15,Deferred_Volume,0,218,1.31181,0.643142,0.001888,0.082592,0.37152,1.97045,507.497,15000,0,0.787517
Suite_15,Deferred_Volume,0,219,1.31269,0.651304,0.001152,0.08192,0.3584,1.96905,507.859,15000,0,0.791116
Suite_15,Deferred_Volume,0,220,1.30768,0.629031,0.001504,0.08192,0.36848,1.97928,505.234,15000,0,0.794669
Suite_15,Deferred_Volume,0,221,1.30294,0.626008,0.001664,0.083424,0.366976,1.95282,512.081,15000,0,0.798173
Suite_15,Deferred_Volume,0,222,1.30205,0.625814,0.000832,0.082368,0.370496,1.94362,514.503,15000,0,0.801628
Suite_15,Deferred_Volume,0,223,1.30392,0.655717,0.001216,0.08192,0.361824,1.9419,514.961,15000,0,0.805034
Suite_15,Deferred_Volume,0,224,1.30086,0.629151,0.002048,0.09248,0.38224,1.97541,506.225,15000,0,0.808389
Suite_15,Deferred_Volume,0,225,1.29735,0.628766,0.001024,0.107264,0.39488,1.94553,513.998,15000,0,0.811692
Suite_15,Deferred_Volume,0,226,1.29437,0.626805,0.002048,0.08208,0.355904,1.94058,515.31,15000,0,0.814943
Suite_15,Deferred_Volume,0,227,1.29537,0.640129,0.002048,0.082592,0.366816,1.935,516.795,15000,0,0.818141
Suite_15,Deferred_Volume,0,228,1.2947,0.644439,0.00032,0.08192,0.364544,1.95053,512.681,15000,0,0.821285
Suite_15,Deferred_Volume,0,229,1.28794,0.628339,0.001408,0.083072,0.366592,1.95511,511.479,15000,0,0.824374
Suite_15,Deferred_Volume,0,230,1.28838,0.855365,0.001952,0.083616,0.360256,1.93078,517.926,15000,0,0.827408
Suite_15,Deferred_Volume,0,231,1.29097,0.630288,0.001408,0.083168,0.384672,2.15904,463.169,15000,0,0.830386
Suite_15,Deferred_Volume,0,232,1.28792,0.631343,0.001792,0.083616,0.385856,1.93525,516.73,15000,0,0.833307
Suite_15,Deferred_Volume,0,233,1.28034,0.633314,0.001472,0.08192,0.364288,1.93446,516.939,15000,0,0.83617
Suite_15,Deferred_Volume,0,234,1.2815,0.643804,0.0016,0.083584,0.365312,1.92883,518.45,15000,0,0.838977
Suite_15,Deferred_Volume,0,235,1.28737,0.629584,0.001984,0.083456,0.3664,1.94519,514.089,15000,0,0.841724
Suite_15,Deferred_Volume,0,236,1.28559,0.620869,0.00112,0.083136,0.370688,1.93124,517.802,15000,0,0.844413
Suite_15,Deferred_Volume,0,237,1.29869,0.729612,0.00192,0.083968,0.371392,1.92189,520.322,15000,0,0.847042
Suite_15,Deferred_Volume,0,238,1.28888,0.661192,0.001728,0.083232,0.36256,2.05023,487.751,15000,0,0.849611
Suite_15,Deferred_Volume,0,239,1.28807,0.63232,0.001568,0.08304,0.362496,1.96571,508.721,15000,0,0.852121
Suite_15,Deferred_Volume,0,240,1.27994,0.624007,0.001632,0.083008,0.364544,1.93401,517.061,15000,0,0.85457
Suite_15,Deferred_Volume,0,241,1.27708,0.64275,0.001632,0.083744,0.36544,1.92012,520.8,15000,0,0.856958
Suite_15,Deferred_Volume,0,242,1.27544,0.63742,0.001632,0.08192,0.36864,1.93566,516.621,15000,0,0.859285
Suite_15,Deferred_Volume,0,243,1.26791,0.634805,0.002048,0.082304,0.366976,1.92667,519.031,15000,0,0.86155
Suite_15,Deferred_Volume,0,244,1.2721,0.651748,0.000768,0.081984,0.363936,1.91617,521.875,15000,0,0.863754
Suite_15,Deferred_Volume,0,245,1.26726,0.631747,0.002048,0.082144,0.360512,1.94241,514.824,15000,0,0.865897
Suite_15,Deferred_Volume,0,246,1.26308,0.642125,0.002048,0.082208,0.370048,1.92078,520.622,15000,0,0.867977
Suite_15,Deferred_Volume,0,247,1.266,0.635076,0.002048,0.08224,0.369184,1.91958,520.948,15000,0,0.869996
Suite_15,Deferred_Volume,0,248,1.26773,0.645387,0.002048,0.082496,0.363104,1.91491,522.217,15000,0,0.871952
Suite_15,Deferred_Volume,0,249,1.26067,0.624656,0.00192,0.108224,0.401888,1.93004,518.123,15000,0,0.873847
Suite_15,Deferred_Volume,0,250,1.25914,0.63197,0.001888,0.108544,0.394752,1.90052,526.171,15000,0,0.87568
Suite_15,Deferred_Volume,0,251,1.26253,0.648598,0.002048,0.082624,0.370688,1.90518,524.886,15000,0,0.87745
Suite_15,Deferred_Volume,0,252,1.26645,0.640011,0.002048,0.08224,0.361856,1.92547,519.354,15000,0,0.879159
Suite_15,Deferred_Volume,0,253,1.25606,0.632459,0.002048,0.083968,0.36864,1.92315,519.981,15000,0,0.880806
Suite_15,Deferred_Volume,0,254,1.25647,0.628543,0.002048,0.082432,0.372736,1.9031,525.458,15000,0,0.882391
Suite_15,Deferred_Volume,0,255,1.2554,0.654499,0.002048,0.082336,0.363296,1.89878,526.654,15000,0,0.883915
Suite_15,Deferred_Volume,0,256,1.25265,0.635927,0.002176,0.082624,0.355968,1.92604,519.201,15000,0,0.885378
Suite_15,Deferred_Volume,0,257,1.24831,0.628386,0.002144,0.082816,0.366592,1.90445,525.085,15000,0,0.88678
Suite_15,Deferred_Volume,0,258,1.24792,0.62682,0.002304,0.082848,0.371808,1.89125,528.752,15000,0,0.888121
Suite_15,Deferred_Volume,0,259,1.25038,0.648375,0.00224,0.086016,0.374784,1.88907,529.36,15000,0,0.889402
Suite_15,Deferred_Volume,0,260,1.24518,0.641246,0.002272,0.085728,0.374752,1.91359,522.579,15000,0,0.890623
Suite_15,Deferred_Volume,0,261,1.24322,0.623268,0.002048,0.106208,0.390624,1.90364,525.308,15000,0,0.891785
Suite_15,Deferred_Volume,0,262,1.24093,0.622844,0.002368,0.083904,0.366592,1.88126,531.558,15000,0,0.892887
Suite_15,Deferred_Volume,0,263,1.24369,0.640256,0.003424,0.08592,0.368096,1.87765,532.579,15000,0,0.89393
Suite_15,Deferred_Volume,0,264,1.23997,0.627986,0.003424,0.085056,0.364832,1.898,526.87,15000,0,0.894916
Suite_15,Deferred_Volume,0,265,1.23995,0.634188,0.003264,0.08544,0.377792,1.88322,531.005,15000,0,0.895843
Suite_15,Deferred_Volume,0,266,1.23629,0.65017,0.002048,0.083968,0.373056,1.88889,529.411,15000,0,0.896713
Suite_15,Deferred_Volume,0,267,1.2418,0.653575,0.002688,0.08416,0.3584,1.90194,525.78,15000,0,0.897527
Suite_15,Deferred_Volume,0,268,1.23588,0.634252,0.00272,0.084352,0.374784,1.91133,523.196,15000,0,0.898284
Suite_15,Deferred_Volume,0,269,1.23277,0.626612,0.00272,0.084384,0.372736,1.88614,530.184,15000,0,0.898986
Suite_15,Deferred_Volume,0,270,1.2333,0.636578,0.003488,0.08496,0.370176,1.87452,533.47,15000,0,0.899633
Suite_15,Deferred_Volume,0,271,1.23616,0.633915,0.002336,0.084064,0.376832,1.8845,530.645,15000,0,0.900225
Suite_15,Deferred_Volume,0,272,1.22929,0.655516,0.003712,0.08448,0.389216,1.88385,530.828,15000,0,0.900764
Suite_15,Deferred_Volume,0,273,1.2295,0.64011,0.003936,0.084352,0.36352,1.90029,526.235,15000,0,0.90125
Suite_15,Deferred_Volume,0,274,1.22835,0.642158,0.002208,0.085248,0.370688,1.88493,530.523,15000,0,0.901684
Suite_15,Deferred_Volume,0,275,1.22845,0.638262,0.002848,0.084128,0.370688,1.89136,528.719,15000,0,0.902067
Suite_15,Deferred_Volume,0,276,1.22628,0.631482,0.002976,0.084096,0.372544,1.88502,530.498,15000,0,0.902398
Suite_15,Deferred_Volume,0,277,1.22867,0.647559,0.003712,0.084864,0.368416,1.87396,533.63,15000,0,0.902679
Suite_15,Deferred_Volume,0,278,1.22082,0.638106,0.003648,0.084832,0.37248,1.89311,528.231,15000,0,0.902911
Suite_15,Deferred_Volume,0,279,1.22095,0.62092,0.003968,0.084192,0.37216,1.87272,533.982,15000,0,0.903095
Suite_15,Deferred_Volume,0,280,1.22244,0.622564,0.00272,0.083968,0.370304,1.85564,538.899,15000,0,0.903231
Suite_15,Deferred_Volume,0,281,1.21645,0.638467,0.002912,0.085248,0.374784,1.8609,537.374,15000,0,0.90332
Suite_15,Deferred_Volume,0,282,1.21857,0.642221,0.003616,0.084512,0.380448,1.87104,534.462,15000,0,0.903363
Suite_15,Deferred_Volume,0,283,1.21294,0.654389,0.003552,0.087392,0.39936,1.87488,533.367,15000,0,0.903361
Suite_15,Deferred_Volume,0,284,1.21464,0.629134,0.003936,0.086016,0.373824,1.88156,531.474,15000,0,0.903314
Suite_15,Deferred_Volume,0,285,1.21452,0.663117,0.004096,0.086272,0.376832,1.86531,536.104,15000,0,0.903224
Suite_15,Deferred_Volume,0,286,1.21377,0.628013,0.004096,0.086432,0.37056,1.89381,528.036,15000,0,0.903091
Suite_15,Deferred_Volume,0,287,1.21516,0.643613,0.004128,0.08448,0.37856,1.85581,538.848,15000,0,0.902916
Suite_15,Deferred_Volume,0,288,1.21036,0.646177,0.004096,0.086016,0.368576,1.87269,533.992,15000,0,0.9027
Suite_15,Deferred_Volume,0,289,1.21284,0.636477,0.004064,0.086016,0.376128,1.87456,533.458,15000,0,0.902444
Suite_15,Deferred_Volume,0,290,1.21036,0.626151,0.004096,0.086016,0.368192,1.86457,536.316,15000,0,0.902149
Suite_15,Deferred_Volume,0,291,1.20422,0.634235,0.004096,0.086016,0.377344,1.8503,540.452,15000,0,0.901816
Suite_15,Deferred_Volume,0,292,1.21073,0.869401,0.004288,0.086272,0.372736,1.85325,539.591,15000,0,0.901445
Suite_15,Deferred_Volume,0,293,1.20793,0.629255,0.00576,0.084992,0.393312,2.09751,476.755,15000,0,0.901038
Suite_15,Deferred_Volume,0,294,1.20533,0.625776,0.004416,0.086016,0.390208,1.85283,539.716,15000,0,0.900595
Suite_15,Deferred_Volume,0,295,1.20185,0.622763,0.00416,0.087616,0.37888,1.8488,540.891,15000,0,0.900117
Suite_15,Deferred_Volume,0,296,1.2099,0.640962,0.004096,0.088064,0.376864,1.839,543.775,15000,0,0.899606
Suite_15,Deferred_Volume,0,297,1.20214,0.637245,0.005664,0.086848,0.374496,1.86729,535.535,15000,0,0.899061
Suite_15,Deferred_Volume,0,298,1.2025,0.634154,0.005536,0.087744,0.372736,1.85472,539.164,15000,0,0.898484
Suite_15,Deferred_Volume,0,299,1.19931,0.641727,0.005728,0.088448,0.377024,1.85044,540.413,15000,0,0.897876
Suite_15,Deferred_Volume,0,300,1.19871,0.62871,0.005696,0.087808,0.36896,1.85634,538.695,15000,0,0.897238
Suite_15,Deferred_Volume,0,301,1.19635,0.641389,0.005504,0.086976,0.378432,1.84345,542.462,15000,0,0.896571
Suite_15,Deferred_Volume,0,302,1.20293,0.647876,0.00464,0.08768,0.382976,1.85373,539.454,15000,0,0.895875
Suite_15,Deferred_Volume,0,303,1.20778,0.66467,0.005856,0.086688,0.37936,1.87323,533.836,15000,0,0.895151
Suite_15,Deferred_Volume,0,304,1.20001,0.639305,0.006144,0.088224,0.372928,1.88965,529.199,15000,0,0.894401
Suite_15,Deferred_Volume,0,305,1.19062,0.636111,0.005696,0.087008,0.37888,1.85535,538.983,15000,0,0.893624
Suite_15,Deferred_Volume,0,306,1.19934,0.626581,0.006144,0.087456,0.370208,1.84192,542.913,15000,0,0.892823
Suite_15,Deferred_Volume,0,307,1.19664,0.645299,0.00608,0.088128,0.370656,1.83992,543.502,15000,0,0.891997
Suite_15,Deferred_Volume,0,308,1.19196,0.625201,0.006144,0.088064,0.396864,1.85732,538.411,15000,0,0.891148
Suite_15,Deferred_Volume,0,309,1.19278,0.630534,0.006336,0.089312,0.398688,1.83376,545.327,15000,0,0.890277
Suite_15,Deferred_Volume,0,310,1.18905,0.614895,0.006144,0.088064,0.374784,1.83834,543.969,15000,0,0
Suite_15,Deferred_Volume,0,311,1.1919,0.680899,0.0072,0.089984,0.37472,1.81772,550.141,15000,0,0
Suite_15,Deferred_Volume,0,312,1.18992,0.612306,0.00656,0.088736,0.37584,1.88786,529.701,15000,0,0
Suite_15,Deferred_Volume,0,313,1.19047,0.611089,0.008192,0.090464,0.388,1.82431,548.154,15000,0,0
Suite_15,Deferred_Volume,0,314,1.18803,0.605989,0.006816,0.08848,0.380928,1.81624,550.589,15000,0,0
Suite_15,Deferred_Volume,0,315,1.19752,0.63142,0.006496,0.08976,0.3808,1.80729,553.315,15000,0,0
Suite_15,Deferred_Volume,0,316,1.18998,0.622095,0.006144,0.090112,0.382976,1.8433,542.505,15000,0,0
Suite_15,Deferred_Volume,0,317,1.18389,0.614208,0.006592,0.090112,0.390656,1.82832,546.949,15000,0,0
Suite_15,Deferred_Volume,0,318,1.18484,0.624251,0.008192,0.089888,0.3824,1.81274,551.652,15000,0,0
Suite_15,Deferred_Volume,0,319,1.1893,0.606924,0.008192,0.0896,0.38352,1.824,548.246,15000,0,0
Suite_15,Deferred_Volume,0,320,1.18268,0.601545,0.008192,0.089696,0.377376,1.80971,552.575,15000,0,0
Suite_15,Deferred_Volume,0,321,1.18999,0.639247,0.008192,0.090208,0.385568,1.79884,555.913,15000,0,0
Suite_15,Deferred_Volume,0,322,1.19269,0.939523,0.007136,0.090112,0.376832,1.84721,541.358,15000,0,0
Suite_15,Deferred_Volume,0,323,1.18821,0.610568,0.008224,0.089728,0.398912,2.14886,465.364,15000,0,0
Suite_15,Deferred_Volume,0,324,1.18188,0.607206,0.008192,0.090112,0.385184,1.81294,551.59,15000,0,0
Suite_15,Deferred_Volume,0,325,1.18186,0.608577,0.008416,0.090272,0.390592,1.80491,554.045,15000,0,0
Suite_15,Deferred_Volume,0,326,1.18806,0.721613,0.009568,0.090944,0.376832,1.80482,554.072,15000,0,0
Suite_15,Deferred_Volume,0,327,1.18339,0.609789,0.009504,0.091072,0.383296,1.92469,519.564,15000,0,0
Suite_15,Deferred_Volume,0,328,1.17467,0.599793,0.009696,0.11312,0.405376,1.80697,553.414,15000,0,0
Suite_15,Deferred_Volume,0,329,1.18059,0.608442,0.00864,0.091488,0.391168,1.78983,558.713,15000,0,0
Suite_15,Deferred_Volume,0,330,1.18449,0.67133,0.009024,0.09168,0.382976,1.80387,554.365,15000,0,0
Suite_15,Deferred_Volume,0,331,1.17395,0.608758,0.00992,0.092096,0.381888,1.87629,532.966,15000,0,0
Suite_15,Deferred_Volume,0,332,1.17838,0.606061,0.009664,0.0936,0.385088,1.7962,556.73,15000,0,0
Suite_15,Deferred_Volume,0,333,1.1822,0.614811,0.009664,0.093568,0.382208,1.79906,555.846,15000,0,0
Suite_15,Deferred_Volume,0,334,1.17924,0.604639,0.01024,0.09216,0.388672,1.81222,551.808,15000,0,0
Suite_15,Deferred_Volume,0,335,1.17804,0.606181,0.01024,0.09216,0.38336,1.79727,556.401,15000,0,0
Suite_15,Deferred_Volume,0,336,1.18293,0.605276,0.010304,0.09216,0.384768,1.79701,556.479,15000,0,0
Suite_15,Deferred_Volume,0,337,1.17847,0.626061,0.010464,0.091808,0.38912,1.80318,554.575,15000,0,0
Suite_15,Deferred_Volume,0,338,1.17356,0.601662,0.01024,0.09216,0.385664,1.82057,549.278,15000,0,0
Suite_15,Deferred_Volume,0,339,1.17799,0.603497,0.01088,0.090848,0.391264,1.78848,559.134,15000,0,0
Suite_15,Deferred_Volume,0,340,1.2001,0.631826,0.011904,0.091904,0.387424,1.79416,557.364,15000,0,0
Suite_15,Deferred_Volume,0,341,1.19322,0.857724,0.011776,0.093856,0.39072,1.85076,540.32,15000,0,0
Suite_15,Deferred_Volume,0,342,1.18202,0.617054,0.011968,0.092768,0.415232,2.06856,483.429,15000,0,0
Suite_15,Deferred_Volume,0,343,1.17953,0.609968,0.012064,0.09184,0.381664,1.81284,551.622,15000,0,0
Suite_15,Deferred_Volume,0,344,1.17795,0.609812,0.01088,0.09216,0.38448,1.80247,554.793,15000,0,0
Suite_15,Deferred_Volume,0,345,1.18181,0.704674,0.012288,0.094208,0.393248,1.81044,552.353,15000,0,0
Suite_15,Deferred_Volume,0,346,1.18499,0.616105,0.012288,0.092544,0.395712,1.90405,525.197,15000,0,0
Suite_15,Deferred_Volume,0,347,1.17675,0.610502,0.012704,0.116864,0.417152,1.81455,551.102,15000,0,0
Suite_15,Deferred_Volume,0,348,1.17908,0.616091,0.013312,0.093824,0.392608,1.80048,555.409,15000,0,0
Suite_15,Deferred_Volume,0,349,1.17893,0.688314,0.014016,0.0952,0.395296,1.81042,552.359,15000,0,0
Suite_15,Deferred_Volume,0,350,1.17857,0.611956,0.013344,0.094208,0.393088,1.88237,531.244,15000,0,0
Suite_15,Deferred_Volume,0,351,1.17537,0.602446,0.014336,0.093888,0.38912,1.80382,554.378,15000,0,0
Suite_15,Deferred_Volume,0,352,1.17734,0.620224,0.013984,0.092832,0.393504,1.7907,558.441,15000,0,0
Suite_15,Deferred_Volume,0,353,1.18284,0.611678,0.012896,0.095744,0.39936,1.8138,551.328,15000,0,0
Suite_15,Deferred_Volume,0,354,1.18494,0.609351,0.014336,0.09392,0.397664,1.80901,552.789,15000,0,0
Suite_15,Deferred_Volume,0,355,1.18318,0.609064,0.014336,0.095328,0.398368,1.81797,550.065,15000,0,0
Suite_15,Deferred_Volume,0,356,1.1777,0.612806,0.014336,0.095552,0.40176,1.8053,553.925,15000,0,0
Suite_15,Deferred_Volume,0,357,1.17723,0.607385,0.014464,0.094848,0.39936,1.8078,553.159,15000,0,0
Suite_15,Deferred_Volume,0,358,1.17311,0.607007,0.014336,0.095392,0.389728,1.79952,555.703,15000,0,0
Suite_15,Deferred_Volume,0,359,1.18253,0.610295,0.014848,0.094592,0.395264,1.79315,557.677,15000,0,0
Suite_15,Deferred_Volume,0,360,1.18144,0.813001,0.0144,0.096256,0.395264,1.81223,551.808,15000,0,0
Suite_15,Deferred_Volume,0,361,1.17631,0.611222,0.01616,0.094592,0.411904,2.01127,497.199,15000,0,0
Suite_15,Deferred_Volume,0,362,1.18214,0.59979,0.015648,0.09568,0.399328,1.80225,554.864,15000,0,0
Suite_15,Deferred_Volume,0,363,1.1821,0.605615,0.014912,0.095776,0.391168,1.7949,557.133,15000,0,0
Suite_15,Deferred_Volume,0,364,1.17762,0.739604,0.016032,0.097632,0.397632,1.80128,555.161,15000,0,0
Suite_15,Deferred_Volume,0,365,1.17996,0.618859,0.016384,0.096032,0.397056,1.93357,517.178,15000,0,0
Suite_15,Deferred_Volume,0,366,1.17572,0.61305,0.01648,0.113632,0.415744,1.81309,551.546,15000,0,0
Suite_15,Deferred_Volume,0,367,1.17592,0.610959,0.016672,0.095168,0.399424,1.80208,554.915,15000,0,0
Suite_15,Deferred_Volume,0,368,1.18864,0.682196,0.016928,0.09776,0.4096,1.80118,555.19,15000,0,0
Suite_15,Deferred_Volume,0,369,1.18311,0.608901,0.016448,0.096256,0.403392,1.88875,529.45,15000,0,0
Suite_15,Deferred_Volume,0,370,1.18107,0.607631,0.016608,0.096256,0.400576,1.8066,553.526,15000,0,0
Suite_15,Deferred_Volume,0,371,1.18057,0.625698,0.0168,0.096256,0.395264,1.80158,555.067,15000,0,0
Suite_15,Deferred_Volume,0,372,1.18159,0.608249,0.018432,0.0984,0.401088,1.82094,549.166,15000,0,0
Suite_15,Deferred_Volume,0,373,1.17951,0.604376,0.017248,0.097984,0.403328,1.80549,553.866,15000,0,0
Suite_15,Deferred_Volume,0,374,1.18282,0.599669,0.02016,0.098016,0.411648,1.79768,556.271,15000,0,0
Suite_15,Deferred_Volume,0,375,1.18235,0.625806,0.018656,0.096864,0.407552,1.79541,556.977,15000,0,0
Suite_15,Deferred_Volume,0,376,1.18304,0.62706,0.01888,0.098592,0.407488,1.82367,548.346,15000,0,0
Suite_15,Deferred_Volume,0,377,1.18248,0.617381,0.019904,0.097184,0.405248,1.83481,545.015,15000,0,0
Suite_15,Deferred_Volume,0,378,1.1724,0.610172,0.01872,0.099328,0.406752,1.81421,551.204,15000,0,0
Suite_15,Deferred_Volume,0,379,1.18025,0.804613,0.02048,0.100192,0.409984,1.79632,556.694,15000,0,0
Suite_15,Deferred_Volume,0,380,1.18147,0.605058,0.020256,0.099104,0.423936,1.99967,500.083,15000,0,0
Suite_15,Deferred_Volume,0,381,1.18235,0.604137,0.02048,0.098304,0.407104,1.80214,554.897,15000,0,0
Suite_15,Deferred_Volume,0,382,1.17892,0.605737,0.020416,0.0992,0.4096,1.80042,555.426,15000,0,0
Suite_15,Deferred_Volume,0,383,1.17995,0.740611,0.020672,0.099936,0.403456,1.79769,556.27,15000,0,0
Suite_15,Deferred_Volume,0,384,1.17694,0.609167,0.02048,0.100288,0.41184,1.9347,516.877,15000,0,0
Suite_15,Deferred_Volume,0,385,1.17773,0.614983,0.022208,0.121664,0.430688,1.80102,555.241,15000,0,0
Suite_15,Deferred_Volume,0,386,1.1835,0.610381,0.021536,0.100352,0.412192,1.80768,553.194,15000,0,0
Suite_15,Deferred_Volume,0,387,1.18026,0.720315,0.022112,0.101024,0.413504,1.80733,553.303,15000,0,0
Suite_15,Deferred_Volume,0,388,1.1805,0.613516,0.02112,0.100352,0.41104,1.92216,520.248,15000,0,0
Suite_15,Deferred_Volume,0,389,1.17763,0.606951,0.022528,0.101888,0.406304,1.81023,552.417,15000,0,0
Suite_15,Deferred_Volume,0,390,1.17667,0.618484,0.022496,0.102176,0.415744,1.79891,555.892,15000,0,0
Suite_15,Deferred_Volume,0,391,1.17433,0.611444,0.023072,0.103136,0.415136,1.8098,552.548,15000,0,0
Suite_15,Deferred_Volume,0,392,1.1831,0.603067,0.023648,0.103552,0.422624,1.79883,555.917,15000,0,0
Suite_15,Deferred_Volume,0,393,1.1771,0.607934,0.022688,0.1024,0.42192,1.80064,555.359,15000,0,0
Suite_15,Deferred_Volume,0,394,1.17977,0.617725,0.0232,0.103808,0.421632,1.79919,555.806,15000,0,0
Suite_15,Deferred_Volume,0,395,1.17757,0.608089,0.023424,0.1024,0.415744,1.81236,551.767,15000,0,0
Suite_15,Deferred_Volume,0,396,1.17712,0.601695,0.023424,0.1024,0.413408,1.79917,555.813,15000,0,0
Suite_15,Deferred_Volume,0,397,1.18086,0.603633,0.024352,0.103328,0.421888,1.79356,557.551,15000,0,0
Suite_15,Deferred_Volume,0,398,1.17941,0.859652,0.024768,0.10336,0.411168,1.79874,555.946,15000,0,0
Suite_15,Deferred_Volume,0,399,1.18628,0.685702,0.025312,0.129472,0.438112,2.05377,486.909,15000,0,0
Suite_15,Deferred_Volume,0,400,1.18446,0.655381,0.024576,0.104448,0.444416,1.89236,528.44,15000,0,0
Suite_15,Deferred_Volume,0,401,1.18268,0.61669,0.025792,0.105504,0.4248,1.85778,538.277,15000,0,0
Suite_15,Deferred_Volume,0,402,1.17975,0.775426,0.026624,0.106016,0.424,1.8147,551.054,15000,0,0
Suite_15,Deferred_Volume,0,403,1.18206,0.610138,0.02624,0.105984,0.425984,1.9698,507.667,15000,0,0
Suite_15,Deferred_Volume,0,404,1.1709,0.611728,0.026688,0.105344,0.427424,1.80534,553.913,15000,0,0
Suite_15,Deferred_Volume,0,405,1.17879,0.615776,0.026624,0.106496,0.42768,1.79806,556.156,15000,0,0
Suite_15,Deferred_Volume,0,406,1.17834,0.684221,0.027744,0.106496,0.41776,1.81064,552.29,15000,0,0
Suite_15,Deferred_Volume,0,407,1.17673,0.61728,0.027264,0.105952,0.427648,1.87643,532.928,15000,0,0
Suite_15,Deferred_Volume,0,408,1.1768,0.611819,0.028256,0.10512,0.425984,1.80719,553.344,15000,0,0
Suite_15,Deferred_Volume,0,409,1.17851,0.624766,0.02816,0.107936,0.418656,1.80838,552.981,15000,0,0
Suite_15,Deferred_Volume,0,410,1.18239,0.602607,0.027232,0.107776,0.423936,1.81971,549.539,15000,0,0
Suite_15,Deferred_Volume,0,411,1.18462,0.600672,0.02848,0.106688,0.426784,1.79825,556.097,15000,0,0
Suite_15,Deferred_Volume,0,412,1.17677,0.609488,0.028672,0.106752,0.423968,1.7982,556.113,15000,0,0
Suite_15,Deferred_Volume,0,413,1.18119,0.931987,0.028672,0.108544,0.428384,1.80157,555.073,15000,0,0
Suite_15,Deferred_Volume,0,414,1.18328,0.608247,0.029024,0.107328,0.432224,2.12869,469.772,15000,0,0
Suite_15,Deferred_Volume,0,415,1.18073,0.606344,0.029536,0.1072,0.450592,1.80511,553.982,15000,0,0
Suite_15,Deferred_Volume,0,416,1.17925,0.602909,0.029504,0.10848,0.428032,1.79992,555.581,15000,0,0
Suite_15,Deferred_Volume,0,417,1.18708,0.819659,0.029024,0.108544,0.433312,1.80296,554.642,15000,0,0
Suite_15,Deferred_Volume,0,418,1.17655,0.613307,0.029312,0.10864,0.434176,2.02259,494.415,15000,0,0
Suite_15,Deferred_Volume,0,419,1.18371,0.602487,0.033664,0.108416,0.43584,1.80323,554.561,15000,0,0
Suite_15,Deferred_Volume,0,420,1.17626,0.6036,0.031744,0.108448,0.4344,1.79913,555.824,15000,0,0
Suite_15,Deferred_Volume,0,421,1.17762,0.730097,0.030848,0.108928,0.4296,1.79477,557.174,15000,0,0
Suite_15,Deferred_Volume,0,422,1.18251,0.639913,0.03072,0.108544,0.433088,1.92316,519.978,15000,0,0.785526
Suite_15,Deferred_Volume,0,423,1.18561,0.639972,0.03072,0.1096,0.425504,1.83645,544.528,15000,0,0.785198
Suite_15,Deferred_Volume,0,424,1.17793,0.643621,0.031744,0.11008,0.437248,1.83922,543.71,15000,0,0.784885
Suite_15,Deferred_Volume,0,425,1.18586,0.638257,0.032768,0.1088,0.428416,1.83861,543.89,15000,0,0.784585
Suite_15,Deferred_Volume,0,426,1.18111,0.626824,0.032768,0.110592,0.43008,1.83908,543.751,15000,0,0.784301
Suite_15,Deferred_Volume,0,427,1.17773,0.635746,0.032768,0.110592,0.432352,1.8217,548.939,15000,0,0.78403
Suite_15,Deferred_Volume,0,428,1.17739,0.817525,0.033952,0.112448,0.438336,1.82757,547.175,15000,0,0.783774
Suite_15,Deferred_Volume,0,429,1.17506,0.636667,0.033216,0.110048,0.433696,2.01219,496.97,15000,0,0.783532
Suite_15,Deferred_Volume,0,430,1.18471,0.648903,0.033536,0.111872,0.460832,1.82674,547.423,15000,0,0.783305
Suite_15,Deferred_Volume,0,431,1.18357,0.642652,0.033984,0.110592,0.43472,1.84949,540.69,15000,0,0.783091
Suite_15,Deferred_Volume,0,432,1.19001,0.769018,0.03392,0.11264,0.4432,1.8408,543.243,15000,0,0.782891
Suite_15,Deferred_Volume,0,433,1.18439,0.628277,0.034144,0.111456,0.441472,1.97573,506.141,15000,0,0.782705
Suite_15,Deferred_Volume,0,434,1.178,0.625795,0.034816,0.1128,0.444544,1.82778,547.112,15000,0,0.782534
Suite_15,Deferred_Volume,0,435,1.18101,0.64156,0.034816,0.11104,0.437152,1.81729,550.27,15000,0,0.782376
Suite_15,Deferred_Volume,0,436,1.18319,0.676337,0.033792,0.11264,0.436224,1.83757,544.195,15000,0,0.782232
Suite_15,Deferred_Volume,0,437,1.17992,0.640219,0.034912,0.11264,0.446464,1.87603,533.04,15000,0,0.782101
Suite_15,Deferred_Volume,0,438,1.18367,0.625113,0.035104,0.112704,0.434176,1.83487,544.997,15000,0,0.781985
Suite_15,Deferred_Volume,0,439,1.18579,0.644295,0.036192,0.113728,0.446304,1.82278,548.612,15000,0,0.781882
Suite_15,Deferred_Volume,0,440,1.18217,0.625405,0.035424,0.11264,0.446464,1.84557,541.839,15000,0,0.781792
Suite_15,Deferred_Volume,0,441,1.18101,0.630654,0.035904,0.11264,0.441184,1.82285,548.591,15000,0,0.781716
Suite_15,Deferred_Volume,0,442,1.17919,0.630892,0.03616,0.11392,0.446336,1.82635,547.54,15000,0,0.781653
Suite_15,Deferred_Volume,0,443,1.17976,0.807775,0.03584,0.114048,0.446464,1.82366,548.347,15000,0,0.781604
Suite_15,Deferred_Volume,0,444,1.18067,0.636972,0.036768,0.139264,0.476672,2.00219,499.453,15000,0,1.08284
Suite_15,Deferred_Volume,0,445,1.17816,0.628043,0.036864,0.11264,0.470624,1.84141,543.062,15000,0,1.08333
Suite_15,Deferred_Volume,0,446,1.18268,0.622003,0.036864,0.114624,0.440288,1.82104,549.136,15000,0,1.08385
Suite_15,Deferred_Volume,0,447,1.18334,0.808826,0.037152,0.117088,0.451872,1.81848,549.911,15000,0,1.08439
Suite_15,Deferred_Volume,0,448,1.18023,0.62737,0.037312,0.11328,0.448064,2.00669,498.334,15000,0,1.08495
Suite_15,Deferred_Volume,0,449,1.17993,0.629393,0.037344,0.114752,0.449728,1.82356,548.377,15000,0,1.08553
Suite_15,Deferred_Volume,0,450,1.18406,0.647045,0.03808,0.114688,0.450464,1.82383,548.297,15000,0,1.08614
Suite_15,Deferred_Volume,0,451,1.17643,0.650067,0.037376,0.114688,0.444416,1.84693,541.44,15000,0,1.08676
Suite_15,Deferred_Volume,0,452,1.17782,0.654534,0.037792,0.114848,0.444672,1.84487,542.045,15000,0,1.08741
Suite_15,Deferred_Volume,0,453,1.1839,0.628346,0.038912,0.115072,0.447104,1.84911,540.802,15000,0,1.08807
Suite_15,Deferred_Volume,0,454,1.18522,0.647338,0.037664,0.116096,0.453664,1.82699,547.349,15000,0,1.08876
Suite_15,Deferred_Volume,0,455,1.18372,0.638837,0.038912,0.114688,0.453248,1.84851,540.977,15000,0,1.08946
Suite_15,Deferred_Volume,0,456,1.18297,0.625497,0.039328,0.115488,0.452256,1.83609,544.636,15000,0,1.09019
Suite_15,Deferred_Volume,0,457,1.18477,0.644789,0.038912,0.114848,0.45424,1.82349,548.398,15000,0,1.09094
Suite_15,Deferred_Volume,0,458,1.18696,0.808792,0.040352,0.116736,0.456704,1.84434,542.201,15000,0,1.0917
Suite_15,Deferred_Volume,0,459,1.18123,0.633604,0.039264,0.120832,0.465984,2.01107,497.249,15000,0,1.09249
Suite_15,Deferred_Volume,0,460,1.18597,0.627365,0.039584,0.114656,0.453632,1.82851,546.893,15000,0,1.0933
Suite_15,Deferred_Volume,0,461,1.17709,0.625727,0.04016,0.116736,0.451264,1.82826,546.968,15000,0,1.09413
Suite_15,Deferred_Volume,0,462,1.18154,0.83286,0.04096,0.11696,0.45024,1.81734,550.254,15000,0,1.09498
Suite_15,Deferred_Volume,0,463,1.18307,0.635105,0.04096,0.116512,0.458176,2.02952,492.727,15000,0,1.09585
Suite_15,Deferred_Volume,0,464,1.17929,0.653194,0.04064,0.118784,0.4608,1.83264,545.662,15000,0,1.09673
Suite_15,Deferred_Volume,0,465,1.17889,0.6533,0.039808,0.117888,0.458496,1.84786,541.167,15000,0,1.09764
Suite_15,Deferred_Volume,0,466,1.18319,0.632738,0.042016,0.118784,0.454752,1.84872,540.915,15000,0,1.09857
Suite_15,Deferred_Volume,0,467,1.18486,0.635953,0.041216,0.116992,0.456512,1.83013,546.41,15000,0,1.09952
Suite_15,Deferred_Volume,0,468,1.18177,0.633256,0.041376,0.118368,0.452416,1.83447,545.118,15000,0,1.10048
Suite_15,Deferred_Volume,0,469,1.18516,1.01032,0.04096,0.118784,0.455552,1.83128,546.067,15000,0,1.10147
Suite_15,Deferred_Volume,0,470,1.1863,0.64142,0.041696,0.138784,0.487072,2.21195,452.09,15000,0,1.10247
Suite_15,Deferred_Volume,0,471,1.1815,0.633625,0.042944,0.116896,0.480576,1.84215,542.843,15000,0,1.1035
Suite_15,Deferred_Volume,0,472,1.17971,0.625437,0.041504,0.116736,0.458336,1.82907,546.725,15000,0,1.10454
Suite_15,Deferred_Volume,0,473,1.18522,0.834291,0.041408,0.119808,0.46192,1.82125,549.072,15000,0,1.1056
Suite_15,Deferred_Volume,0,474,1.1801,0.630927,0.042464,0.11952,0.462432,2.04065,490.04,15000,0,1.10669
Suite_15,Deferred_Volume,0,475,1.17935,0.627592,0.043008,0.11888,0.454304,1.82467,548.045,15000,0,1.10779
Suite_15,Deferred_Volume,0,476,1.18675,0.650685,0.041856,0.118784,0.461952,1.82031,549.357,15000,0,1.23468
Suite_15,Deferred_Volume,0,477,1.18619,0.627438,0.043008,0.120768,0.46064,1.86336,536.665,15000,0,1.23604
Suite_15,Deferred_Volume,0,478,1.18255,0.633841,0.043232,0.117728,0.462976,1.82877,546.816,15000,0,1.33061
Suite_15,Deferred_Volume,0,479,1.17677,0.629081,0.044256,0.118848,0.458432,1.82988,546.483,15000,0,1.33216
Suite_15,Deferred_Volume,0,480,1.18504,0.646765,0.043584,0.118816,0.462016,1.81929,549.666,15000,0,1.4878
Suite_15,Deferred_Volume,0,481,1.18203,0.635525,0.044128,0.120832,0.46352,1.84908,540.808,15000,0,1.4897
Suite_15,Deferred_Volume,0,482,1.18639,0.629712,0.043808,0.1192,0.458752,1.83254,545.691,15000,0,1.49163
Suite_15,Deferred_Volume,0,483,1.18239,0.622373,0.044416,0.121792,0.461792,1.83,546.447,15000,0,1.49358
Suite_15,Deferred_Volume,0,484,1.18977,0.833368,0.044864,0.121216,0.466816,1.81881,549.812,15000,0,1.49556
Suite_15,Deferred_Volume,0,485,1.18698,0.659105,0.043616,0.120832,0.462016,2.04321,489.426,15000,0,1.49757
Suite_15,Deferred_Volume,0,486,1.18449,0.626667,0.04368,0.147456,0.48128,1.86173,537.134,15000,0,1.4996
Suite_15,Deferred_Volume,0,487,1.18775,0.634191,0.044608,0.12304,0.466944,1.82507,547.925,15000,0,1.50165
Suite_15,Deferred_Volume,0,488,1.18177,0.836002,0.044992,0.122816,0.457728,1.83678,544.431,15000,0,1.50373
Suite_15,Deferred_Volume,0,489,1.18335,0.640649,0.045056,0.12288,0.47264,2.04169,489.79,15000,0,1.50584
Suite_15,Deferred_Volume,0,490,1.1853,0.628159,0.045056,0.12416,0.467392,1.83926,543.698,15000,0,1.70113
Suite_15,Deferred_Volume,0,491,1.18064,0.653867,0.045344,0.124928,0.466304,1.82714,547.304,15000,0,1.70368
Suite_15,Deferred_Volume,0,492,1.18806,0.629342,0.045056,0.124928,0.47584,1.85003,540.531,15000,0,1.70626
Suite_15,Deferred_Volume,0,493,1.1803,0.628199,0.046304,0.124672,0.46752,1.83295,545.568,15000,0,1.70887
Suite_15,Deferred_Volume,0,494,1.17935,0.642816,0.045056,0.124928,0.465504,1.82298,548.551,15000,0,1.80433
Suite_15,Deferred_Volume,0,495,1.19006,0.954454,0.046368,0.125344,0.469472,1.8373,544.278,15000,0,1.80716
Suite_15,Deferred_Volume,0,496,1.18686,0.631694,0.045984,0.147648,0.503936,2.15949,463.072,15000,0,1.81002
Suite_15,Deferred_Volume,0,497,1.18147,0.635364,0.046528,0.12512,0.493632,1.83556,544.792,15000,0,1.81291
Suite_15,Deferred_Volume,0,498,1.18293,0.622032,0.045696,0.126432,0.474432,1.83166,545.954,15000,0,1.12773
Suite_15,Deferred_Volume,0,499,1.18357,0.881072,0.046944,0.127296,0.477664,1.81938,549.638,15000,0,1.13044
Suite_15,Deferred_Volume,0,500,1.18969,0.626007,0.045888,0.128224,0.47824,2.0797,480.839,15000,0,1.13319
Suite_15,Deferred_Volume,0,501,1.18649,0.630212,0.04704,0.125696,0.476544,1.83192,545.876,15000,0,1.13596
Suite_15,Deferred_Volume,0,502,1.18777,0.641342,0.04688,0.12672,0.47104,1.8356,544.781,15000,0,1.13877
Suite_15,Deferred_Volume,0,503,1.18558,0.634921,0.047104,0.128416,0.473888,1.84455,542.139,15000,0,1.1416
Suite_15,Deferred_Volume,0,504,1.17998,0.625945,0.047104,0.129024,0.47728,1.83458,545.084,15000,0,1.14447
Suite_15,Deferred_Volume,0,505,1.18341,0.628334,0.047264,0.127968,0.476224,1.82839,546.928,15000,0,1.14737
Suite_15,Deferred_Volume,0,506,1.18525,0.63909,0.04832,0.131072,0.475328,1.82674,547.424,15000,0,1.26945
Suite_15,Deferred_Volume,0,507,1.19393,0.630263,0.047168,0.131008,0.474112,1.83991,543.504,15000,0,1.36968
Suite_15,Deferred_Volume,0,508,1.18363,0.655796,0.048544,0.129536,0.473536,1.83828,543.987,15000,0,1.37311
Suite_15,Deferred_Volume,0,509,1.1852,0.631776,0.04864,0.129728,0.481216,1.85493,539.105,15000,0,1.37658
Suite_15,Deferred_Volume,0,510,1.18066,0.971933,0.047648,0.132768,0.484736,1.83235,545.747,15000,0,1.38008
Suite_15,Deferred_Volume,0,511,1.18993,0.636007,0.047616,0.13264,0.485376,2.16884,461.077,15000,0,1.38362
Suite_15,Deferred_Volume,0,512,1.18152,0.62799,0.0512,0.13312,0.492736,1.84033,543.382,15000,0,1.38719
Suite_15,Deferred_Volume,0,513,1.18015,0.638282,0.047328,0.13312,0.475136,1.82594,547.663,15000,0,1.39081
Suite_15,Deferred_Volume,0,514,1.18932,0.766688,0.049152,0.13472,0.483584,1.8344,545.138,15000,0,1.39447
Suite_15,Deferred_Volume,0,515,1.19269,0.638439,0.048128,0.13648,0.48752,1.97247,506.979,15000,0,1.39816
Suite_15,Deferred_Volume,0,516,1.18553,0.632832,0.048704,0.136384,0.486528,1.84653,541.556,15000,0,1.40189
Suite_15,Deferred_Volume,0,517,1.18306,0.65139,0.048032,0.136832,0.48464,1.84074,543.259,15000,0,1.40566
Suite_15,Deferred_Volume,0,518,1.18329,0.629273,0.049152,0.135456,0.476,1.85081,540.305,15000,0,1.40948
Suite_15,Deferred_Volume,0,519,1.18336,0.632818,0.04912,0.137216,0.477312,1.82676,547.418,15000,0,1.41333
Suite_15,Deferred_Volume,0,520,1.18472,0.62919,0.049152,0.138432,0.483424,1.8301,546.417,15000,0,1.41722
Suite_15,Deferred_Volume,0,521,1.18243,0.87643,0.049152,0.139264,0.489472,1.83028,546.364,15000,0,1.42115
Suite_15,Deferred_Volume,0,522,1.18379,0.626413,0.049152,0.154912,0.512544,2.07549,481.814,15000,0,1.42513
Suite_15,Deferred_Volume,0,523,1.18531,0.635761,0.049152,0.139264,0.490176,1.82436,548.137,15000,0,1.42914
Suite_15,Deferred_Volume,0,524,1.18262,0.629178,0.049472,0.139424,0.489472,1.83494,544.976,15000,0,1.4332
Suite_15,Deferred_Volume,0,525,1.18386,0.897342,0.049824,0.1408,0.497472,1.82778,547.111,15000,0,1.4373
Suite_15,Deferred_Volume,0,526,1.18489,0.645973,0.050208,0.14256,0.494304,2.09757,476.742,15000,0,1.44144
Suite_15,Deferred_Volume,0,527,1.18301,0.631024,0.0504,0.1416,0.495296,1.85269,539.756,15000,0,1.44562
Suite_15,Deferred_Volume,0,528,1.18562,0.645266,0.049312,0.14304,0.487424,1.82781,547.101,15000,0,1.44985
Suite_15,Deferred_Volume,0,529,1.18206,0.650239,0.049344,0.14448,0.489248,1.84805,541.111,15000,0,1.45411
Suite_15,Deferred_Volume,0,530,1.18963,0.631417,0.04992,0.14336,0.489472,1.84776,541.196,15000,0,1.45842
Suite_15,Deferred_Volume,0,531,1.18436,0.625674,0.050432,0.144928,0.500064,1.83947,543.635,15000,0,1.46278
Suite_15,Deferred_Volume,0,532,1.18659,1.03076,0.049888,0.145408,0.50176,1.82463,548.055,15000,0,1.46718
Suite_15,Deferred_Volume,0,533,1.18492,0.631208,0.05328,0.151264,0.50672,2.23575,447.277,15000,0,1.47162
Suite_15,Deferred_Volume,0,534,1.18708,0.63514,0.05104,0.170336,0.514688,1.83166,545.952,15000,0,1.4761
Suite_15,Deferred_Volume,0,535,1.18654,0.634826,0.051072,0.14784,0.503648,1.83643,544.534,15000,0,1.48063
Suite_15,Deferred_Volume,0,536,1.18618,0.904695,0.050016,0.149504,0.505664,1.83553,544.802,15000,0,1.48521
Suite_15,Deferred_Volume,0,537,1.18703,0.652228,0.051072,0.149504,0.502816,2.10838,474.298,15000,0,1.48983
Suite_15,Deferred_Volume,0,538,1.18758,0.643725,0.051232,0.148768,0.499584,1.85788,538.248,15000,0,1.4945
Suite_15,Deferred_Volume,0,539,1.18592,0.659564,0.0512,0.149504,0.503136,1.84664,541.525,15000,0,1.49921
Suite_15,Deferred_Volume,0,540,1.1806,0.626134,0.051616,0.15008,0.507904,1.86136,537.241,15000,0,1.50397
Suite_15,Deferred_Volume,0,541,1.19152,0.624882,0.051392,0.150464,0.505664,1.82265,548.653,15000,0,1.50877
Suite_15,Deferred_Volume,0,542,1.18243,0.644522,0.051392,0.149792,0.505856,1.83133,546.051,15000,0,1.51363
Suite_15,Deferred_Volume,0,543,1.18565,0.950304,0.052256,0.153056,0.5016,1.8417,542.978,15000,0,1.51853
Suite_15,Deferred_Volume,0,544,1.18279,0.632486,0.051328,0.155648,0.54272,2.15109,464.881,15000,0,1.52347
Suite_15,Deferred_Volume,0,545,1.18597,0.629429,0.05264,0.152544,0.508224,1.83123,546.081,15000,0,1.69076
Suite_15,Deferred_Volume,0,546,1.18565,0.629396,0.051552,0.1536,0.509952,1.83071,546.236,15000,0,1.69629
Suite_15,Deferred_Volume,0,547,1.18556,0.920175,0.051552,0.154912,0.509952,1.829,546.745,15000,0,1.70187
Suite_15,Deferred_Volume,0,548,1.18277,0.656574,0.052512,0.156608,0.513856,2.12094,471.489,15000,0,1.70751
Suite_15,Deferred_Volume,0,549,1.18963,0.63291,0.052064,0.155936,0.501824,1.88006,531.897,15000,0,1.7132
Suite_15,Deferred_Volume,0,550,1.18857,0.640256,0.052608,0.156576,0.514688,1.83808,544.045,15000,0,1.71894
Suite_15,Deferred_Volume,0,551,1.18583,0.635299,0.05296,0.158048,0.509952,1.844,542.298,15000,0,1.72474
Suite_15,Deferred_Volume,0,552,1.18016,0.629279,0.052832,0.157664,0.510496,1.83533,544.861,15000,0,1.73059
Suite_15,Deferred_Volume,0,553,1.18079,0.642698,0.052608,0.157632,0.516448,1.8254,547.825,15000,0,1.73649
Suite_15,Deferred_Volume,0,554,1.18606,0.950878,0.05296,0.160192,0.516256,1.83918,543.72,15000,0,1.74245
Suite_15,Deferred_Volume,0,555,1.18261,0.644327,0.05392,0.16384,0.542464,2.15216,464.649,15000,0,1.85372
Suite_15,Deferred_Volume,0,556,1.18653,0.639867,0.052704,0.182272,0.533728,1.84144,543.052,15000,0,1.95246
Suite_15,Deferred_Volume,0,557,1.19216,0.667148,0.053248,0.159744,0.516224,1.84435,542.197,15000,0,1.95904
Suite_15,Deferred_Volume,0,558,1.19225,0.952911,0.053248,0.161664,0.51616,1.87939,532.086,15000,0,1.96567
Suite_15,Deferred_Volume,0,559,1.1898,0.651146,0.053248,0.161792,0.510112,2.16556,461.775,15000,0,1.97236
Suite_15,Deferred_Volume,0,560,1.20371,0.749573,0.053024,0.161792,0.517536,1.85627,538.715,15000,0,1.97912
Suite_15,Deferred_Volume,0,561,1.18939,1.12445,0.053248,0.163648,0.522144,1.98348,504.165,15000,0,1.98594
Suite_15,Deferred_Volume,0,562,1.18857,0.650664,0.055296,0.165824,0.521536,2.33359,428.524,15000,0,1.99282
Suite_15,Deferred_Volume,0,563,1.19204,0.630035,0.053248,0.186368,0.543488,1.85455,539.216,15000,0,1.99976
Suite_15,Deferred_Volume,0,564,1.18427,0.635046,0.053248,0.16384,0.521056,1.83603,544.653,15000,0,2.00677
Suite_15,Deferred_Volume,0,565,1.18357,0.944538,0.053664,0.165504,0.52224,1.83674,544.442,15000,0,2.01383
Suite_15,Deferred_Volume,0,566,1.19088,0.633183,0.053728,0.165984,0.526336,2.14497,466.207,15000,0,2.02097
Suite_15,Deferred_Volume,0,567,1.18588,0.632104,0.053248,0.166944,0.526176,1.83848,543.926,15000,0,2.02816
Suite_15,Deferred_Volume,0,568,1.191,0.652029,0.053248,0.165888,0.523008,1.83197,545.862,15000,0,2.03543
Suite_15,Deferred_Volume,0,569,1.19056,0.63991,0.05392,0.168288,0.524288,1.86129,537.261,15000,0,2.12574
Suite_15,Deferred_Volume,0,570,1.1889,0.629026,0.05392,0.167328,0.526432,1.84621,541.652,15000,0,2.13331
Suite_15,Deferred_Volume,0,571,1.18717,0.641627,0.054752,0.166816,0.524704,1.83225,545.776,15000,0,2.14095
Suite_15,Deferred_Volume,0,572,1.19518,0.921138,0.054464,0.168768,0.520576,1.84509,541.978,15000,0,2.14866
Suite_15,Deferred_Volume,0,573,1.18984,0.642475,0.054112,0.170016,0.530496,2.13629,468.101,15000,0,2.15644
Suite_15,Deferred_Volume,0,574,1.18794,0.668344,0.055008,0.18704,0.540992,1.84807,541.106,15000,0,2.16428
Suite_15,Deferred_Volume,0,575,1.19581,0.696744,0.0552,0.170496,0.5264,1.87084,534.52,15000,0,2.17219
Suite_15,Deferred_Volume,0,576,1.20145,0.823945,0.05392,0.172032,0.526336,1.92061,520.668,15000,0,2.18017
Suite_15,Deferred_Volume,0,577,1.19616,0.658302,0.06144,0.179296,0.545728,2.04588,488.786,15000,128,2.18839
Suite_15,Deferred_Volume,0,578,1.19475,0.648438,0.06112,0.176608,0.541216,1.87167,534.281,15000,128,2.35063
Suite_15,Deferred_Volume,0,579,1.1948,0.671253,0.061056,0.178368,0.544512,1.85757,538.337,15000,128,2.35921
Suite_15,Deferred_Volume,0,580,1.19802,0.652785,0.061568,0.179072,0.561152,1.88237,531.246,15000,256,2.36798
Suite_15,Deferred_Volume,0,581,1.195,0.653489,0.060096,0.178176,0.540672,1.86798,535.337,15000,256,2.60108
Suite_15,Deferred_Volume,0,582,1.1943,0.67168,0.059808,0.180032,0.546048,1.86417,536.432,15000,256,2.6105
Suite_15,Deferred_Volume,0,583,1.20014,0.941132,0.06144,0.180224,0.540448,1.88265,531.166,15000,384,2.62016
Suite_15,Deferred_Volume,0,584,1.19609,0.664181,0.064544,0.18192,0.545088,2.15854,463.275,15000,384,2.62975
Suite_15,Deferred_Volume,0,585,1.19615,0.681046,0.062784,0.181184,0.547616,1.87787,532.518,15000,384,2.63941
Suite_15,Deferred_Volume,0,586,1.19383,0.659339,0.06304,0.180896,0.553888,1.89358,528.101,15000,384,2.64916
Suite_15,Deferred_Volume,0,587,1.20194,0.857774,0.063776,0.182976,0.548192,1.87209,534.163,15000,512,2.65926
Suite_15,Deferred_Volume,0,588,1.19799,0.65774,0.063488,0.181888,0.542592,2.07533,481.852,15000,640,2.66923
Suite_15,Deferred_Volume,0,589,1.19673,0.657311,0.061152,0.184064,0.544768,1.87218,534.136,15000,640,2.67922
Suite_15,Deferred_Volume,0,590,1.21195,0.70229,0.064512,0.18432,0.553824,1.87015,534.717,15000,768,2.68972
Suite_15,Deferred_Volume,0,591,1.20678,0.654978,0.063488,0.202752,0.574912,1.93371,517.14,15000,896,2.70012
Suite_15,Deferred_Volume,0,592,1.20062,0.660764,0.061344,0.18432,0.571424,1.87699,532.767,15000,1024,2.71053
Suite_15,Deferred_Volume,0,593,1.19907,0.664503,0.063488,0.18592,0.543584,1.87808,532.459,15000,1024,2.72085
Suite_15,Deferred_Volume,0,594,1.20083,0.671632,0.06544,0.184736,0.55872,1.88023,531.849,15000,1024,2.73125
Suite_15,Deferred_Volume,0,595,1.19897,0.660838,0.063488,0.186144,0.5528,1.88982,529.151,15000,1024,2.74174
Suite_15,Deferred_Volume,0,596,1.20294,0.651383,0.06272,0.185344,0.546784,1.87518,533.281,15000,1152,2.75235
Suite_15,Deferred_Volume,0,597,1.20015,0.652245,0.061792,0.186368,0.5424,1.8718,534.246,15000,1280,2.76328
Suite_15,Deferred_Volume,0,598,1.2047,0.660237,0.065056,0.184704,0.556832,1.86989,534.791,15000,1536,2.77454
Suite_15,Deferred_Volume,0,599,1.20759,0.65377,0.073216,0.187168,0.5816,1.88073,531.71,15000,1792,2.78602
Suite_15,Deferred_Volume,0,600,1.208,0.913148,0.06368,0.187808,0.551328,1.87722,532.704,15000,1920,2.79723
Suite_15,Deferred_Volume,0,601,1.20787,0.668004,0.063488,0.18816,0.54832,2.13969,467.359,15000,2048,2.80855
Suite_15,Deferred_Volume,0,602,1.20151,0.664601,0.063488,0.217088,0.586464,1.89385,528.025,15000,2176,2.81987
Suite_15,Deferred_Volume,0,603,1.20526,0.653681,0.063488,0.212992,0.571392,1.88171,531.431,15000,2304,2.83123
Suite_15,Deferred_Volume,0,604,1.2087,0.652018,0.065536,0.189888,0.55488,1.87472,533.412,15000,2304,2.8425
Suite_15,Deferred_Volume,0,605,1.20573,0.960589,0.063712,0.189408,0.561856,1.87807,532.461,15000,2432,2.85395
Suite_15,Deferred_Volume,0,606,1.20597,0.671731,0.063488,0.189984,0.557504,2.18482,457.703,15000,2432,2.86539
Suite_15,Deferred_Volume,0,607,1.2055,0.6481,0.067072,0.192512,0.56336,1.89325,528.192,15000,2432,2.87692
Suite_15,Deferred_Volume,0,608,1.21291,0.668869,0.067648,0.191168,0.559104,1.86909,535.019,15000,2432,2.88853
Suite_15,Deferred_Volume,0,609,1.20394,0.670764,0.063648,0.1904,0.579264,1.9006,526.149,15000,2432,2.90024
Suite_15,Deferred_Volume,0,610,1.20589,0.652089,0.06592,0.190464,0.554432,1.89211,528.51,15000,2432,2.91203
Suite_15,Deferred_Volume,0,611,1.20348,0.672052,0.067584,0.19216,0.566048,1.87378,533.68,15000,2560,2.92412
Suite_15,Deferred_Volume,0,612,1.21402,0.931927,0.065696,0.19456,0.571392,1.89198,528.547,15000,2560,2.93609
Suite_15,Deferred_Volume,0,613,1.20649,0.673197,0.06576,0.194272,0.565248,2.16718,461.429,15000,2688,2.94819
Suite_15,Deferred_Volume,0,614,1.21063,0.655399,0.065536,0.19456,0.56912,1.89699,527.151,15000,2816,2.9607
Suite_15,Deferred_Volume,0,615,1.21402,0.66501,0.065536,0.196096,0.559584,1.88173,531.427,15000,2944,2.97298
Suite_15,Deferred_Volume,0,616,1.2104,0.829198,0.067392,0.196608,0.560672,1.8999,526.342,15000,3072,2.98534
Suite_15,Deferred_Volume,0,617,1.21196,0.665663,0.065216,0.196608,0.567808,2.08041,480.675,15000,3072,2.99776
Suite_15,Deferred_Volume,0,618,1.20703,0.670036,0.0696,0.196736,0.571904,1.89448,527.85,15000,3200,3.01038
Suite_15,Deferred_Volume,0,619,1.21094,0.965242,0.066144,0.19984,0.5632,1.89349,528.125,15000,3200,3.02298
Suite_15,Deferred_Volume,0,620,1.21276,0.676015,0.069984,0.198464,0.56752,2.1935,455.893,15000,3200,3.03567
Suite_15,Deferred_Volume,0,621,1.20645,0.666685,0.06864,0.197888,0.569344,1.90638,524.553,15000,3072,3.04823
Suite_15,Deferred_Volume,0,622,1.20748,0.659779,0.066656,0.19792,0.567328,1.88982,529.151,15000,3200,3.06131
Suite_15,Deferred_Volume,0,623,1.20875,0.923339,0.069888,0.198656,0.571904,1.88298,531.073,15000,3456,3.07454
Suite_15,Deferred_Volume,0,624,1.20933,0.682956,0.068512,0.198656,0.574496,2.14846,465.451,15000,3584,3.08778
Suite_15,Deferred_Volume,0,625,1.21196,0.671537,0.074176,0.198656,0.579584,1.9103,523.479,15000,3840,3.10142
Suite_15,Deferred_Volume,0,626,1.21264,0.69085,0.07232,0.19952,0.577536,1.9005,526.177,15000,3840,3.11466
Suite_15,Deferred_Volume,0,627,1.21342,0.681572,0.073984,0.20032,0.58368,1.9273,518.861,15000,3840,3.24105
Suite_15,Deferred_Volume,0,628,1.21116,0.671965,0.069632,0.224864,0.594304,1.91148,523.156,15000,3968,3.25493
Suite_15,Deferred_Volume,0,629,1.21135,0.680696,0.07168,0.200672,0.581632,1.90165,525.858,15000,4224,3.26921
Suite_15,Deferred_Volume,0,630,1.21536,0.689341,0.069536,0.202304,0.571136,1.90958,523.675,15000,4224,3.28317
Suite_15,Deferred_Volume,0,631,1.21285,0.707036,0.067712,0.200704,0.576832,1.9227,520.103,15000,4224,3.35075
Suite_15,Deferred_Volume,0,632,1.2181,0.665139,0.068288,0.200704,0.575488,1.93626,516.461,15000,4224,3.36502
Suite_15,Deferred_Volume,0,633,1.2173,0.678415,0.073216,0.201024,0.577952,1.90113,526.004,15000,4352,3.37952
Suite_15,Deferred_Volume,0,634,1.22175,0.68959,0.069632,0.20224,0.567872,1.91436,522.368,15000,4480,3.3942
Suite_15,Deferred_Volume,0,635,1.21636,0.663289,0.076384,0.202752,0.579936,1.92847,518.547,15000,4608,3.40881
Suite_15,Deferred_Volume,0,636,1.21688,0.886191,0.069504,0.202784,0.578016,1.89666,527.243,15000,4608,3.42345
Suite_15,Deferred_Volume,0,637,1.21555,0.689217,0.071808,0.204928,0.585344,2.1219,471.276,15000,4736,3.43849
Suite_15,Deferred_Volume,0,638,1.21768,0.670738,0.069216,0.205088,0.571584,1.92402,519.745,15000,4736,3.52401
Suite_15,Deferred_Volume,0,639,1.215,0.67553,0.07168,0.202752,0.582144,1.90542,524.819,15000,4736,3.27291
Suite_15,Deferred_Volume,0,640,1.21692,0.698696,0.074496,0.206176,0.583872,1.90716,524.339,15000,4992,3.28789
Suite_15,Deferred_Volume,0,641,1.21881,0.842793,0.069856,0.204864,0.587776,1.93511,516.767,15000,5120,3.3027
Suite_15,Deferred_Volume,0,642,1.21534,0.68018,0.070496,0.204768,0.575008,2.0798,480.814,15000,5120,3.31729
Suite_15,Deferred_Volume,0,643,1.22152,0.677619,0.07168,0.204928,0.578048,1.91439,522.359,15000,5120,3.33197
Suite_15,Deferred_Volume,0,644,1.22318,0.920174,0.070144,0.206816,0.581024,1.92038,520.73,15000,5120,3.34674
Suite_15,Deferred_Volume,0,645,1.22117,0.680721,0.069632,0.206272,0.5856,2.16445,462.012,15000,5504,3.12586
Suite_15,Deferred_Volume,0,646,1.21801,0.669257,0.07024,0.206304,0.571392,1.9202,520.779,15000,5504,3.13978
Suite_15,Deferred_Volume,0,647,1.21918,0.700805,0.07168,0.206848,0.583232,1.90376,525.276,15000,5632,3.15401
Suite_15,Deferred_Volume,0,648,1.21966,0.892843,0.070752,0.206848,0.576992,1.93833,515.908,15000,5760,3.16853
Suite_15,Deferred_Volume,0,649,1.21776,0.667303,0.069504,0.2048,0.578112,2.13688,467.971,15000,5632,3.18234
Suite_15,Deferred_Volume,0,650,1.21901,0.674801,0.07168,0.2048,0.578368,1.90317,525.44,15000,5632,3.1966
Suite_15,Deferred_Volume,0,651,1.22177,0.928878,0.069568,0.208288,0.587072,1.91181,523.066,15000,5632,3.21095
Suite_15,Deferred_Volume,0,652,1.21873,0.878352,0.939008,0.206848,1.45386,2.17006,460.818,15000,5504,3.22522
Suite_15,Deferred_Volume,0,653,1.21887,0.674603,0.06976,0.208032,0.587776,2.11612,472.563,15000,5504,3.23973
Suite_15,Deferred_Volume,0,654,1.22018,0.690148,0.071808,0.208672,0.58544,1.91187,523.048,15000,5632,3.25457
Suite_15,Deferred_Volume,0,655,1.21899,0.718733,0.070688,0.207872,0.590368,1.9292,518.35,15000,5632,3.26924
Suite_15,Deferred_Volume,0,656,1.21925,0.703876,0.07168,0.206848,0.57376,1.95509,511.485,15000,5760,3.28408
Suite_15,Deferred_Volume,0,657,1.21861,0.672004,0.069632,0.210496,0.575872,1.94187,514.969,15000,5888,3.29898
Suite_15,Deferred_Volume,0,658,1.22483,0.916321,0.071616,0.20896,0.583072,1.90884,523.878,15000,5888,3.31391
Suite_15,Deferred_Volume,0,659,1.22487,0.675838,0.07168,0.208896,0.5872,2.15972,463.022,15000,5888,3.32891
Suite_15,Deferred_Volume,0,660,1.21814,0.666315,0.068928,0.209088,0.583456,1.92445,519.629,15000,5888,3.34358
Suite_15,Deferred_Volume,0,661,1.21758,0.698226,0.074048,0.209376,0.59392,1.90387,525.245,15000,6016,3.35897
Suite_15,Deferred_Volume,0,662,1.22133,0.914975,0.06992,0.208864,0.595872,1.93479,516.851,15000,6016,3.37421
Suite_15,Deferred_Volume,0,663,1.21909,0.679445,0.066368,0.208704,0.579072,2.15369,464.319,15000,6016,3.38947
Suite_15,Deferred_Volume,0,664,1.21992,0.671647,0.069056,0.209376,0.584192,1.91525,522.124,15000,6016,3.40488
Suite_15,Deferred_Volume,0,665,1.22048,0.941866,0.07184,0.211456,0.591872,1.91037,523.458,15000,6016,3.42036
Suite_15,Deferred_Volume,0,666,1.22013,0.685084,0.069632,0.20992,0.583648,2.18201,458.292,15000,6144,3.43599
Suite_15,Deferred_Volume,0,667,1.2164,0.703018,0.073344,0.210176,0.5912,1.92223,520.229,15000,6144,3.45162
Suite_15,Deferred_Volume,0,668,1.22205,0.68781,0.073728,0.21264,0.586976,1.93683,516.309,15000,6144,3.46733
Suite_15,Deferred_Volume,0,669,1.22029,0.831964,0.071424,0.210944,0.60592,1.93487,516.831,15000,6144,3.48312
Suite_15,Deferred_Volume,0,670,1.22123,0.671782,0.069632,0.210624,0.577248,2.07143,482.758,15000,6144,3.49899
Suite_15,Deferred_Volume,0,671,1.22082,0.676422,0.071456,0.211328,0.583392,1.91009,523.535,15000,6144,3.31242
Suite_15,Deferred_Volume,0,672,1.22353,0.932525,0.069856,0.210816,0.585728,1.91454,522.319,15000,6144,3.32779
Suite_15,Deferred_Volume,0,673,1.22502,0.709802,0.0712,0.210944,0.580704,2.1802,458.674,15000,6144,3.34323
Suite_15,Deferred_Volume,0,674,1.21903,0.674016,0.069632,0.210944,0.589312,1.95345,511.915,15000,6144,3.35873
Suite_15,Deferred_Volume,0,675,1.22655,0.692887,0.068768,0.210944,0.576,1.91099,523.29,15000,6144,3.37431
Suite_15,Deferred_Volume,0,676,1.23072,0.827512,0.07104,0.210944,0.608704,1.93894,515.747,15000,6272,3.39012
Suite_15,Deferred_Volume,0,677,1.22351,0.671403,0.071328,0.209696,0.582688,2.07848,481.12,15000,6272,3.40584
Suite_15,Deferred_Volume,0,678,1.22124,0.673774,0.069504,0.211584,0.58768,1.91292,522.762,15000,6272,3.42162
Suite_15,Deferred_Volume,0,679,1.22575,0.949406,0.071584,0.211424,0.586912,1.91234,522.92,15000,6400,3.43782
Suite_15,Deferred_Volume,0,680,1.22527,0.686184,0.070432,0.212,0.58576,2.19315,455.965,15000,6400,3.45373
Suite_15,Deferred_Volume,0,681,1.22084,0.680004,0.069632,0.212992,0.587776,1.93558,516.642,15000,6400,3.46971
Suite_15,Deferred_Volume,0,682,1.22505,0.687049,0.070112,0.212992,0.591872,1.9188,521.16,15000,6400,3.48536
Suite_15,Deferred_Volume,0,683,1.22328,0.841636,0.070112,0.212992,0.606208,1.93023,518.074,15000,6272,3.5012
Suite_15,Deferred_Volume,0,684,1.22067,0.673241,0.07344,0.211392,0.578784,2.08237,480.223,15000,6272,3.51736
Suite_15,Deferred_Volume,0,685,1.21961,0.680262,0.068256,0.210944,0.586944,1.91285,522.779,15000,6272,3.53358
Suite_15,Deferred_Volume,0,686,1.22494,1.03878,0.07056,0.2136,0.587776,1.91843,521.261,15000,6272,3.54986
Suite_15,Deferred_Volume,0,687,1.22212,0.680928,0.071232,0.212992,0.59008,2.28289,438.041,15000,6144,3.56583
Suite_15,Deferred_Volume,0,688,1.2221,0.680416,0.075584,0.213536,0.591872,1.92073,520.635,15000,6144,3.58223
Suite_15,Deferred_Volume,0,689,1.22385,0.693291,0.07168,0.214592,0.59152,1.92082,520.61,15000,6144,3.59868
Suite_15,Deferred_Volume,0,690,1.22195,0.774522,0.073504,0.2128,0.606816,1.93749,516.132,15000,6144,3.61519
Suite_15,Deferred_Volume,0,691,1.22517,0.666158,0.067584,0.212992,0.580992,2.01468,496.357,15000,6144,3.63176
Suite_15,Deferred_Volume,0,692,1.21612,0.662138,0.0728,0.213792,0.586432,1.90818,524.059,15000,6144,3.64838
Suite_15,Deferred_Volume,0,693,1.22971,0.970924,0.070016,0.212992,0.591584,1.89833,526.78,15000,6272,2.8435
Suite_15,Deferred_Volume,0,694,1.22583,0.671056,0.069184,0.212864,0.584384,2.22322,449.799,15000,6272,2.85772
Suite_15,Deferred_Volume,0,695,1.2259,0.668089,0.069632,0.2144,0.586176,1.91446,522.34,15000,6272,2.87204
Suite_15,Deferred_Volume,0,696,1.21785,0.676374,0.071584,0.212992,0.589152,1.91086,523.325,15000,6144,2.88636
Suite_15,Deferred_Volume,0,697,1.22087,0.87803,0.07168,0.213152,0.606912,1.91511,522.164,15000,6144,2.90088
Suite_15,Deferred_Volume,0,698,1.21853,0.672885,0.069696,0.212512,0.58368,2.11769,472.212,15000,6272,2.96534
Suite_15,Deferred_Volume,0,699,1.22313,0.670981,0.069632,0.212992,0.585728,1.90828,524.033,15000,6272,2.98018
Suite_15,Deferred_Volume,0,700,1.22552,0.949563,0.070048,0.213184,0.59392,1.91171,523.092,15000,6272,2.99513
Suite_15,Deferred_Volume,0,701,1.21996,0.678969,0.071072,0.213312,0.590528,2.20184,454.165,15000,6016,3.00965
Suite_15,Deferred_Volume,0,702,1.21772,0.665968,0.07168,0.21312,0.591584,1.91738,521.545,15000,6144,3.02494
Suite_15,Deferred_Volume,0,703,1.21533,0.682832,0.073696,0.212544,0.59392,1.90078,526.1,15000,5888,3.03948
Suite_15,Deferred_Volume,0,704,1.22123,0.909243,0.070016,0.212,0.600064,1.91604,521.909,15000,5888,3.05484
Suite_15,Deferred_Volume,0,705,1.21622,0.685968,0.069632,0.211904,0.590464,2.1551,464.015,15000,5632,3.06969
Suite_15,Deferred_Volume,0,706,1.21466,0.665004,0.073728,0.211904,0.591872,1.92012,520.802,15000,5632,3.08525
Suite_15,Deferred_Volume,0,707,1.21666,0.990685,0.071712,0.212736,0.589824,1.89721,527.09,15000,5632,3.10091
Suite_15,Deferred_Volume,0,708,1.21392,0.682152,0.073312,0.2112,0.584672,2.2255,449.337,15000,5632,3.11667
Suite_15,Deferred_Volume,0,709,1.21481,0.656603,0.069504,0.209696,0.587008,1.91569,522.006,15000,5504,3.13214
Suite_15,Deferred_Volume,0,710,1.21576,0.67435,0.069632,0.212032,0.592384,1.88892,529.404,15000,5504,3.14811
Suite_15,Deferred_Volume,0,711,1.21877,0.899265,0.06976,0.21152,0.602112,1.90801,524.107,15000,5504,3.16418
Suite_15,Deferred_Volume,0,712,1.2152,0.665845,0.069568,0.211104,0.585728,2.13527,468.325,15000,5376,3.18008
Suite_15,Deferred_Volume,0,713,1.2164,0.663612,0.068608,0.211808,0.592032,1.89978,526.376,15000,5248,3.1962
Suite_15,Deferred_Volume,0,714,1.24595,0.957148,0.071552,0.212,0.592032,1.8977,526.955,15000,5248,3.21258
Suite_15,Deferred_Volume,0,715,1.22388,0.697881,0.075776,0.212992,0.596064,2.22695,449.045,15000,5120,3.22857
Suite_15,Deferred_Volume,0,716,1.21874,0.658526,0.073312,0.21184,0.58144,1.93979,515.52,15000,5120,3.29922
Suite_15,Deferred_Volume,0,717,1.21362,0.674462,0.069632,0.212992,0.589824,1.89601,527.424,15000,5120,3.31605
Suite_15,Deferred_Volume,0,718,1.21483,0.858513,0.073728,0.212672,0.610304,1.90744,524.262,15000,4992,3.3324
Suite_15,Deferred_Volume,0,719,1.21216,0.670664,0.073216,0.21152,0.589824,2.09075,478.298,15000,4864,3.34911
Suite_15,Deferred_Volume,0,720,1.21386,0.647384,0.07168,0.211584,0.577568,1.89938,526.489,15000,4992,3.36655
Suite_15,Deferred_Volume,0,721,1.21669,0.972591,0.071552,0.211072,0.587168,1.88036,531.814,15000,4992,3.3838
Suite_15,Deferred_Volume,0,722,1.21407,0.670788,0.069344,0.212736,0.591776,2.20911,452.672,15000,4992,2.9256
Suite_15,Deferred_Volume,0,723,1.21212,0.65521,0.071616,0.211456,0.57984,1.90217,525.715,15000,4992,2.94112
Suite_15,Deferred_Volume,0,724,1.21314,0.654694,0.070208,0.21216,0.583232,1.88368,530.876,15000,4864,2.95645
Suite_15,Deferred_Volume,0,725,1.22085,0.906209,0.070016,0.210496,0.574464,1.88659,530.057,15000,4864,2.97218
Suite_15,Deferred_Volume,0,726,1.21394,0.663146,0.075616,0.210464,0.591872,2.14508,466.183,15000,4992,2.98816
Suite_15,Deferred_Volume,0,727,1.21083,0.645295,0.073728,0.210944,0.585664,1.89804,526.86,15000,4864,3.07136
Suite_15,Deferred_Volume,0,728,1.22027,0.668477,0.0728,0.209824,0.58896,1.87251,534.043,15000,4864,3.08762
Suite_15,Deferred_Volume,0,729,1.21697,0.69087,0.0968,0.210528,0.618048,1.9085,523.971,15000,4736,3.10391
Suite_15,Deferred_Volume,0,730,1.21711,0.657544,0.07168,0.234624,0.610496,1.92919,518.351,15000,4736,3.1204
Suite_15,Deferred_Volume,0,731,1.21467,0.652801,0.071392,0.211392,0.591872,1.89107,528.801,15000,4736,3.19555
Suite_15,Deferred_Volume,0,732,1.22236,0.677553,0.06944,0.208896,0.581408,1.88399,530.789,15000,4736,3.21241
Suite_15,Deferred_Volume,0,733,1.21263,0.661093,0.070688,0.20928,0.584416,1.91927,521.031,15000,4736,3.22939
Suite_15,Deferred_Volume,0,734,1.21195,0.653292,0.07168,0.2104,0.585728,1.89183,528.588,15000,4736,3.33012
Suite_15,Deferred_Volume,0,735,1.2155,0.692194,0.075776,0.210816,0.589728,1.88146,531.503,15000,4736,3.34758
Suite_15,Deferred_Volume,0,736,1.22343,0.652725,0.071648,0.210848,0.583136,1.92639,519.107,15000,4736,3.36517
Suite_15,Deferred_Volume,0,737,1.21407,0.671473,0.076352,0.221632,0.599136,1.90504,524.924,15000,4608,3.38231
Suite_15,Deferred_Volume,0,738,1.21638,0.898427,0.07104,0.209696,0.57584,1.90317,525.438,15000,4736,3.40021
Suite_15,Deferred_Volume,0,739,1.21253,0.680633,0.069696,0.209888,0.585728,2.13199,469.045,15000,4736,3.41815
Suite_15,Deferred_Volume,0,740,1.21874,0.670166,0.0744,0.208928,0.589088,1.91152,523.144,15000,4736,3.4362
Suite_15,Deferred_Volume,0,741,1.21369,0.649138,0.075776,0.208896,0.5888,1.90888,523.867,15000,4608,3.45402
Suite_15,Deferred_Volume,0,742,1.21272,0.659842,0.072192,0.2104,0.586784,1.87995,531.929,15000,4608,3.4723
Suite_15,Deferred_Volume,0,743,1.21313,0.991782,0.069952,0.209216,0.573536,1.88919,529.327,15000,4608,3.49071
Suite_15,Deferred_Volume,0,744,1.22184,0.687601,0.0752,0.208288,0.575808,2.22161,450.124,15000,4608,3.56581
Suite_15,Deferred_Volume,0,745,1.21749,0.661339,0.073152,0.20912,0.59088,1.92934,518.313,15000,4736,3.58469
Suite_15,Deferred_Volume,0,746,1.21812,0.681301,0.071008,0.208704,0.587776,1.89734,527.054,15000,4736,3.6036
Suite_15,Deferred_Volume,0,747,1.21697,0.67795,0.070976,0.207776,0.582208,1.91753,521.503,15000,4736,3.62262
Suite_15,Deferred_Volume,0,748,1.21226,0.655536,0.072416,0.228672,0.606208,1.91223,522.95,15000,4736,3.64177
Suite_15,Deferred_Volume,0,749,1.21194,0.660507,0.069472,0.208992,0.585728,1.8863,530.137,15000,4608,3.66095
Suite_15,Deferred_Volume,0,750,1.21712,0.68432,0.072288,0.208896,0.58368,1.88991,529.125,15000,4608,3.75122
Suite_15,Deferred_Volume,0,751,1.21445,0.677964,0.075328,0.207456,0.587872,1.9195,520.968,15000,4608,3.77092
Suite_15,Deferred_Volume,0,752,1.21361,0.649109,0.073728,0.208544,0.5784,1.90942,523.718,15000,4608,3.79075
Suite_15,Deferred_Volume,0,753,1.21249,0.675928,0.073312,0.208896,0.583712,1.88568,530.314,15000,4608,3.81069
Suite_15,Deferred_Volume,0,754,1.2171,0.683698,0.07536,0.207584,0.605728,1.90738,524.28,15000,4736,3.83082
Suite_15,Deferred_Volume,0,755,1.21919,0.671146,0.073728,0.211168,0.59152,1.91771,521.454,15000,4736,3.851
Suite_15,Deferred_Volume,0,756,1.21452,0.909417,0.07168,0.208896,0.589984,1.90765,524.205,15000,4608,3.87099
Suite_15,Deferred_Volume,0,757,1.23358,0.676684,0.070208,0.208416,0.58368,2.1435,466.527,15000,4608,3.89141
Suite_15,Deferred_Volume,0,758,1.21822,0.673094,0.071488,0.20704,0.587808,1.94038,515.362,15000,4480,3.91146
Suite_15,Deferred_Volume,0,759,1.21325,0.665435,0.07104,0.207456,0.583936,1.90851,523.968,15000,4480,3.93211
Suite_15,Deferred_Volume,0,760,1.21363,0.702336,0.075488,0.207328,0.592192,1.89564,527.527,15000,4480,3.95233
Suite_15,Deferred_Volume,0,761,1.21589,0.839708,0.0776,0.207392,0.618496,1.93628,516.454,15000,4480,3.97322
Suite_15,Deferred_Volume,0,762,1.21498,0.665049,0.072928,0.210944,0.588384,2.07461,482.019,15000,4480,3.99422
Suite_15,Deferred_Volume,0,763,1.21496,0.663607,0.070432,0.206848,0.579808,1.89676,527.216,15000,4480,4.01534
Suite_15,Deferred_Volume,0,764,1.21639,0.976047,0.073312,0.206848,0.591904,1.89595,527.441,15000,4352,4.03618
Suite_15,Deferred_Volume,0,765,1.21559,0.675095,0.070272,0.207872,0.587776,2.21213,452.054,15000,4224,4.05679
Suite_15,Deferred_Volume,0,766,1.21062,0.66314,0.07168,0.206848,0.58784,1.90845,523.985,15000,4224,4.07825
Suite_15,Deferred_Volume,0,767,1.21403,0.673252,0.070464,0.206848,0.58512,1.88999,529.103,15000,4224,4.09983
Suite_15,Deferred_Volume,0,768,1.21643,0.945218,0.072192,0.206656,0.607232,1.90546,524.808,15000,4224,4.12152
Suite_15,Deferred_Volume,0,769,1.21465,0.671128,0.071968,0.207008,0.581056,2.18549,457.563,15000,4224,4.14333
Suite_15,Deferred_Volume,0,770,1.21236,0.6688,0.078048,0.20672,0.591872,1.90349,525.352,15000,4224,4.16525
Suite_15,Deferred_Volume,0,771,1.21396,0.982832,0.073728,0.206848,0.586816,1.89777,526.935,15000,4224,4.18701
Suite_15,Deferred_Volume,0,772,1.21314,0.678633,0.072608,0.206848,0.587136,2.21446,451.577,15000,4224,4.20915
Suite_15,Deferred_Volume,0,773,1.21111,0.65764,0.076928,0.206816,0.594144,1.91118,523.236,15000,4352,4.23161
Suite_15,Deferred_Volume,0,774,1.21507,0.682258,0.076064,0.206848,0.59504,1.88634,530.128,15000,4352,4.25398
Suite_15,Deferred_Volume,0,775,1.21461,0.947886,0.071136,0.206912,0.605184,1.91565,522.017,15000,4480,4.27665
Suite_15,Deferred_Volume,0,776,1.21386,0.671292,0.072768,0.208896,0.589792,2.17956,458.808,15000,4480,4.29924
Suite_15,Deferred_Volume,0,777,1.21322,0.670703,0.073088,0.205696,0.577792,1.90407,525.192,15000,4480,4.32193
Suite_15,Deferred_Volume,0,778,1.22125,0.965097,0.07408,0.209184,0.590816,1.90251,525.622,15000,4480,4.34473
Suite_15,Deferred_Volume,0,779,1.2152,0.660365,0.075872,0.207456,0.579584,2.20543,453.427,15000,4480,4.36763
Suite_15,Deferred_Volume,0,780,1.21239,0.673539,0.07584,0.205248,0.58704,1.89226,528.469,15000,4352,4.38996
Suite_15,Deferred_Volume,0,781,1.21474,0.675504,0.07184,0.208128,0.585504,1.90449,525.076,15000,4352,4.41307
Suite_15,Deferred_Volume,0,782,1.21476,0.910355,0.07168,0.206848,0.603456,1.90965,523.657,15000,4352,4.43628
Suite_15,Deferred_Volume,0,783,1.21302,0.66268,0.071328,0.207104,0.58736,2.14239,466.768,15000,4352,4.23348
Suite_15,Deferred_Volume,0,784,1.21107,0.669835,0.072704,0.208416,0.589312,1.89184,528.585,15000,4352,4.25604
Suite_15,Deferred_Volume,0,785,1.21507,0.983493,0.072544,0.206848,0.577536,1.89922,526.532,15000,4352,4.27871
Suite_15,Deferred_Volume,0,786,1.21219,0.678759,0.072224,0.207168,0.58368,2.21753,450.952,15000,4224,4.30138
Suite_15,Deferred_Volume,0,787,1.21273,0.651023,0.078272,0.20528,0.591712,1.91456,522.312,15000,4224,4.38941
Suite_15,Deferred_Volume,0,788,1.21421,0.68986,0.07168,0.206336,0.583872,1.8802,531.858,15000,4224,4.41254
Suite_15,Deferred_Volume,0,789,1.21289,0.941671,0.070144,0.206624,0.606208,1.92512,519.449,15000,4224,4.43577
Suite_15,Deferred_Volume,0,790,1.21135,0.670292,0.07264,0.2048,0.582848,2.17317,460.157,15000,4352,4.4592
Suite_15,Deferred_Volume,0,791,1.21037,0.666777,0.07168,0.206144,0.588288,1.89794,526.886,15000,4224,4.48243
Suite_15,Deferred_Volume,0,792,1.21258,0.99026,0.069984,0.206848,0.580576,1.89836,526.769,15000,4224,4.50593
Suite_15,Deferred_Volume,0,793,1.21487,0.700786,0.07344,0.20512,0.583872,2.22212,450.02,15000,4224,4.52951
Suite_15,Deferred_Volume,0,794,1.212,0.665707,0.077824,0.206848,0.587296,1.93368,517.148,15000,4224,4.55319
Suite_15,Deferred_Volume,0,795,1.21813,0.706012,0.073728,0.206848,0.58192,1.89421,527.924,15000,4224,4.57694
Suite_15,Deferred_Volume,0,796,1.21881,0.872969,0.07632,0.205376,0.606208,1.95086,512.595,15000,4096,4.60032
Suite_15,Deferred_Volume,0,797,1.21548,0.66796,0.072096,0.206848,0.579584,2.11182,473.525,15000,4096,4.62424
Suite_15,Deferred_Volume,0,798,1.21027,0.65707,0.071936,0.206016,0.58368,1.90151,525.898,15000,4096,4.64825
Suite_15,Deferred_Volume,0,799,1.21747,0.976289,0.069632,0.2064,0.57728,1.88413,530.75,15000,4096,4.67233
Suite_15,Deferred_Volume,0,800,1.2101,0.657649,0.074048,0.206336,0.589824,2.21176,452.129,15000,4096,4.69649
Suite_15,Deferred_Volume,0,801,1.20997,0.667272,0.075776,0.205792,0.588608,1.89592,527.449,15000,4096,4.72072
Suite_15,Deferred_Volume,0,802,1.2158,0.678015,0.078112,0.206848,0.591104,1.89477,527.77,15000,4224,4.74537
Suite_15,Deferred_Volume,0,803,1.21305,0.958385,0.07168,0.209632,0.610592,1.91206,522.997,15000,4224,4.76975
Suite_15,Deferred_Volume,0,804,1.21037,0.666772,0.0712,0.207232,0.584256,2.19213,456.178,15000,4224,4.79421
Suite_15,Deferred_Volume,0,805,1.2147,0.673143,0.07168,0.208896,0.587776,1.89579,527.486,15000,4224,4.81873
Suite_15,Deferred_Volume,0,806,1.22111,0.969893,0.069728,0.206976,0.582336,1.90604,524.647,15000,4224,4.84332
Suite_15,Deferred_Volume,0,807,1.21239,0.66008,0.069888,0.208608,0.580704,2.20917,452.66,15000,4352,4.86832
Suite_15,Deferred_Volume,0,808,1.216,0.65518,0.073728,0.208256,0.588192,1.88935,529.281,15000,4480,4.89334
Suite_15,Deferred_Volume,0,809,1.21878,0.675551,0.075296,0.207424,0.586016,1.88918,529.329,15000,4480,4.91815
Suite_15,Deferred_Volume,0,810,1.22394,0.935632,0.074848,0.206752,0.60416,1.91376,522.531,15000,4480,4.94299
Suite_15,Deferred_Volume,0,811,1.21789,0.702586,0.071968,0.2072,0.583392,2.17671,459.408,15000,4608,4.96813
Suite_15,Deferred_Volume,0,812,1.21878,0.660079,0.076096,0.207648,0.59392,1.93745,516.143,15000,4608,4.99309
Suite_15,Deferred_Volume,0,813,1.21952,0.953429,0.071744,0.207648,0.59184,1.89752,527.005,15000,4736,5.01851
Suite_15,Deferred_Volume,0,814,1.22729,0.661314,0.069984,0.208896,0.583136,2.19222,456.159,15000,4736,5.04357
Suite_15,Deferred_Volume,0,815,1.21859,0.659685,0.07168,0.20704,0.581152,1.91196,523.023,15000,4736,5.06869
Suite_15,Deferred_Volume,0,816,1.21694,0.674809,0.077568,0.207232,0.587872,1.8953,527.621,15000,4736,5.09385
Suite_15,Deferred_Volume,0,817,1.21782,0.917783,0.074016,0.2088,0.60416,1.91135,523.189,15000,4736,5.11906
Suite_15,Deferred_Volume,0,818,1.22426,0.659744,0.073344,0.208672,0.586208,2.15408,464.234,15000,4736,4.35147
Suite_15,Deferred_Volume,0,819,1.21508,0.655714,0.07168,0.208896,0.586336,1.90041,526.202,15000,4992,4.37429
Suite_15,Deferred_Volume,0,820,1.2171,1.00671,0.076032,0.2096,0.583392,1.88767,529.753,15000,5248,4.39726
Suite_15,Deferred_Volume,0,821,1.21845,0.654161,0.073728,0.208896,0.582112,2.2445,445.533,15000,5504,4.42011
Suite_15,Deferred_Volume,0,822,1.22122,0.660931,0.07456,0.210624,0.58768,1.8907,528.906,15000,5504,4.44275
Suite_15,Deferred_Volume,0,823,1.21676,0.671592,0.075776,0.209856,0.595776,1.89869,526.679,15000,5504,4.46546
Suite_15,Deferred_Volume,0,824,1.22048,0.909027,0.075488,0.209888,0.611776,1.9071,524.357,15000,5504,4.48825
Suite_15,Deferred_Volume,0,825,1.21847,0.67327,0.076224,0.212064,0.589728,2.1485,465.44,15000,5504,4.51111
Suite_15,Deferred_Volume,0,826,1.22094,0.662553,0.07312,0.209696,0.59536,1.90965,523.656,15000,5632,4.53413
Suite_15,Deferred_Volume,0,827,1.2274,0.970643,0.075808,0.210976,0.596,1.90263,525.588,15000,5632,4.63939
Suite_15,Deferred_Volume,0,828,1.22161,0.680147,0.075584,0.211104,0.59824,2.21819,450.819,15000,5760,4.66299
Suite_15,Deferred_Volume,0,829,1.21878,0.676122,0.072192,0.208896,0.59088,1.9221,520.265,15000,5760,4.68637
Suite_15,Deferred_Volume,0,830,1.21821,0.663821,0.077824,0.210944,0.59856,1.91326,522.667,15000,5760,4.7098
Suite_15,Deferred_Volume,0,831,1.22013,1.10247,0.074016,0.233632,0.617248,1.89911,526.562,15000,5760,4.73331
Suite_15,Deferred_Volume,0,832,1.21888,0.660689,0.077824,0.208768,0.593472,2.34037,427.283,15000,5632,4.75677
Suite_15,Deferred_Volume,0,833,1.21904,0.677555,0.074272,0.208352,0.589824,1.90387,525.247,15000,5888,4.781
Suite_15,Deferred_Volume,0,834,1.21997,0.675154,0.075168,0.209632,0.594464,1.91486,522.232,15000,5888,4.80469
Suite_15,Deferred_Volume,0,835,1.22277,0.66588,0.077824,0.210688,0.59392,1.91391,522.49,15000,5888,4.82843
Suite_15,Deferred_Volume,0,836,1.21862,0.668502,0.077248,0.209408,0.59216,1.90611,524.628,15000,6016,4.85232
Suite_15,Deferred_Volume,0,837,1.22298,0.705048,0.077056,0.209856,0.587744,1.90677,524.447,15000,6144,4.87629
Suite_15,Deferred_Volume,0,838,1.22009,0.66728,0.073728,0.211232,0.585376,1.9496,512.926,15000,6272,4.90037
Suite_15,Deferred_Volume,0,839,1.2209,0.674888,0.088064,0.210944,0.619296,1.90538,524.829,15000,6400,4.92436
Suite_15,Deferred_Volume,0,840,1.22339,0.87853,0.073376,0.21136,0.585728,1.91382,522.516,15000,6912,4.94911
Suite_15,Deferred_Volume,0,841,1.22474,0.686668,0.078784,0.212992,0.601152,2.12207,471.239,15000,7040,4.97321
Suite_15,Deferred_Volume,0,842,1.22414,0.658745,0.075776,0.212992,0.594528,1.93123,517.804,15000,7296,4.99776
Suite_15,Deferred_Volume,0,843,1.22361,0.654813,0.074912,0.232352,0.614784,1.90486,524.974,15000,7680,5.02324
Suite_15,Deferred_Volume,0,844,1.2269,0.649734,0.073728,0.216448,0.5968,1.89613,527.391,15000,7936,5.04811
Suite_15,Deferred_Volume,0,845,1.23291,0.976206,0.077568,0.215584,0.60416,1.8966,527.259,15000,8064,5.0728
Suite_15,Deferred_Volume,0,846,1.23303,0.688675,0.07584,0.21504,0.598016,2.22978,448.474,15000,8064,5.09708
Suite_15,Deferred_Volume,0,847,1.22969,0.682206,0.073728,0.216416,0.592544,1.94557,513.988,15000,8064,5.12138
Suite_15,Deferred_Volume,0,848,1.23625,1.00122,0.07504,0.21728,0.602784,1.93055,517.987,15000,8320,5.14601
Suite_15,Deferred_Volume,0,849,1.22767,0.700769,0.073728,0.216992,0.596672,2.2586,442.752,15000,8448,5.17042
Suite_15,Deferred_Volume,0,850,1.22859,0.660833,0.094208,0.215072,0.644608,1.94808,513.326,15000,8832,5.19586
Suite_15,Deferred_Volume,0,851,1.2293,0.660769,0.075456,0.217664,0.602112,1.90801,524.107,15000,9344,5.22088
Suite_15,Deferred_Volume,0,852,1.23792,0.905624,0.076,0.216896,0.595648,1.90815,524.067,15000,9600,5.24589
Suite_15,Deferred_Volume,0,853,1.22853,0.676501,0.078176,0.217088,0.60192,2.16472,461.954,15000,9472,5.26936
Suite_15,Deferred_Volume,0,854,1.23008,0.665721,0.07504,0.219168,0.600064,1.92467,519.569,15000,9728,5.29438
Suite_15,Deferred_Volume,0,855,1.23924,0.683354,0.077728,0.221088,0.597568,1.91425,522.399,15000,10112,5.31924
Suite_15,Deferred_Volume,0,856,1.23936,0.685328,0.077824,0.220352,0.59696,1.94288,514.701,15000,10112,5.34378
Suite_15,Deferred_Volume,0,857,1.23778,0.674479,0.079296,0.241888,0.625952,1.95111,512.529,15000,10112,5.36834
Suite_15,Deferred_Volume,0,858,1.23623,0.670896,0.077824,0.221024,0.598688,1.93218,517.551,15000,10240,5.39305
Suite_15,Deferred_Volume,0,859,1.23511,0.688165,0.077056,0.221376,0.631136,1.92612,519.18,15000,10368,5.41777
Suite_15,Deferred_Volume,0,860,1.23484,0.680181,0.079872,0.22208,0.60096,1.9426,514.774,15000,10624,5.44261
Suite_15,Deferred_Volume,0,861,1.23496,0.683634,0.079392,0.223264,0.60448,1.93533,516.707,15000,10752,5.4675
Suite_15,Deferred_Volume,0,862,1.2368,0.683004,0.08192,0.22432,0.614144,1.93875,515.797,15000,10752,5.49211
Suite_15,Deferred_Volume,0,863,1.23621,0.681528,0.083936,0.248064,0.648384,1.94029,515.386,15000,10752,5.61663
Suite_15,Deferred_Volume,0,864,1.23764,0.710583,0.077824,0.22688,0.607008,1.93715,516.222,15000,11136,5.64207
Suite_15,Deferred_Volume,0,865,1.24082,1.06092,0.083968,0.227328,0.622592,1.96934,507.784,15000,11520,5.66756
Suite_15,Deferred_Volume,0,866,1.24475,0.692808,0.08144,0.227872,0.610496,2.32457,430.187,15000,11648,5.79572
Suite_15,Deferred_Volume,0,867,1.27084,0.780288,0.083168,0.227712,0.618848,1.95887,510.499,15000,11904,5.82155
Suite_15,Deferred_Volume,0,868,1.25858,0.696131,0.07744,0.230656,0.612352,2.07622,481.643,15000,12160,5.84689
Suite_15,Deferred_Volume,0,869,1.25153,0.898992,0.079872,0.2304,0.621184,1.97901,505.303,15000,12544,5.87257
Suite_15,Deferred_Volume,0,870,1.25166,0.675357,0.080736,0.230688,0.616384,2.17388,460.007,15000,12672,5.89778
Suite_15,Deferred_Volume,0,871,1.25089,0.681911,0.086368,0.232736,0.62464,1.94667,513.697,15000,13056,5.98042
Suite_15,Deferred_Volume,0,872,1.25063,0.668559,0.081696,0.233472,0.621376,1.95616,511.205,15000,13440,6.00617
Suite_15,Deferred_Volume,0,873,1.25266,0.917851,0.084288,0.233472,0.6488,1.94094,515.215,15000,13568,6.03165
Suite_15,Deferred_Volume,0,874,1.24849,0.681974,0.08192,0.232288,0.61456,2.19153,456.303,15000,13696,6.05697
Suite_15,Deferred_Volume,0,875,1.25098,0.856041,0.082336,0.546816,0.93984,1.95034,512.731,15000,13952,6.08268
Suite_15,Deferred_Volume,0,876,1.25338,0.743753,0.08192,0.237568,0.62752,2.13198,469.049,15000,14464,6.10841
Suite_15,Deferred_Volume,0,877,1.25548,0.718585,0.083872,0.237568,0.62464,2.02151,494.679,15000,14720,6.13391
Suite_15,Deferred_Volume,0,878,1.25357,0.683054,0.084448,0.239616,0.630784,1.99679,500.803,15000,15488,6.16047
Suite_15,Deferred_Volume,0,879,1.26527,0.70352,0.083904,0.240512,0.630688,1.95698,510.992,15000,16000,6.1864
Suite_15,Deferred_Volume,0,880,1.26214,0.678655,0.083488,0.239552,0.656256,1.99128,502.189,15000,16256,6.21197
Suite_15,Deferred_Volume,0,881,1.26656,0.677953,0.09216,0.242048,0.641024,1.96385,509.203,15000,17152,6.23858
Suite_15,Deferred_Volume,0,882,1.26377,0.893776,0.085376,0.244192,0.638976,1.96721,508.333,15000,17536,6.26413
Suite_15,Deferred_Volume,0,883,1.26643,0.703266,0.086016,0.24576,0.637088,2.17944,458.834,15000,17792,6.36557
Suite_15,Deferred_Volume,0,884,1.26968,0.686547,0.08752,0.245984,0.641856,1.9931,501.731,15000,18432,6.39227
Suite_15,Deferred_Volume,0,885,1.26465,0.685117,0.086816,0.248704,0.649056,1.98079,504.85,15000,18688,6.41769
Suite_15,Deferred_Volume,0,886,1.27274,0.702207,0.086016,0.251904,0.643392,1.98392,504.052,15000,19072,6.44311
Suite_15,Deferred_Volume,0,887,1.27602,0.691928,0.087168,0.285024,0.677408,1.99833,500.419,15000,19968,6.46942
Suite_15,Deferred_Volume,0,888,1.27197,0.676027,0.084064,0.252768,0.659072,1.99106,502.244,15000,20096,6.49466
Suite_15,Deferred_Volume,0,889,1.27135,0.683685,0.092032,0.256768,0.657024,1.98206,504.525,15000,20352,6.52016
Suite_15,Deferred_Volume,0,890,1.2787,1.00446,0.088064,0.258048,0.650112,1.98359,504.137,15000,20864,5.60105
Suite_15,Deferred_Volume,0,891,1.27641,0.682743,0.088832,0.260096,0.652704,2.30762,433.347,15000,20992,5.62429
Suite_15,Deferred_Volume,0,892,1.27303,0.715782,0.088448,0.258912,0.66096,1.98183,504.585,15000,21120,5.64754
Suite_15,Deferred_Volume,0,893,1.28337,0.977539,0.088288,0.262144,0.653312,2.01446,496.41,15000,21504,5.67136
Suite_15,Deferred_Volume,0,894,1.28657,0.687407,0.090112,0.26384,0.66304,2.28739,437.18,15000,22528,5.86284
Suite_15,Deferred_Volume,0,895,1.28723,0.681942,0.0896,0.268288,0.664256,1.99707,500.734,15000,23040,5.88791
Suite_15,Deferred_Volume,0,896,1.30116,0.802082,0.088448,0.26672,0.659456,1.99232,501.926,15000,23296,5.91179
Suite_15,Deferred_Volume,0,897,1.3203,0.787243,0.089856,0.29744,0.694016,2.13748,467.84,15000,23936,5.93659
Suite_15,Deferred_Volume,0,898,1.30666,0.68686,0.092928,0.270336,0.681696,2.13734,467.872,15000,24832,5.96167
Suite_15,Deferred_Volume,0,899,1.29373,0.689855,0.093984,0.273408,0.673984,2.0187,495.368,15000,25472,5.98708
Suite_15,Deferred_Volume,0,900,1.30611,0.993822,0.09216,0.276,0.673504,2.01267,496.851,15000,26368,6.01179
Suite_15,Deferred_Volume,0,901,1.29832,0.709514,0.093664,0.276736,0.67232,2.32909,429.352,15000,27136,6.03634
Suite_15,Deferred_Volume,0,902,1.29856,0.738145,0.09424,0.278528,0.675264,2.03408,491.623,15000,27392,6.12796
Suite_15,Deferred_Volume,0,903,1.3091,0.932616,0.094112,0.282624,0.682912,2.06376,484.553,15000,28160,6.15289
Suite_15,Deferred_Volume,0,904,1.30751,0.701702,0.092608,0.281504,0.688128,2.26903,440.718,15000,28544,6.17669
Suite_15,Deferred_Volume,0,905,1.3042,0.689178,0.096096,0.285056,0.694272,2.03691,490.94,15000,29440,6.20165
Suite_15,Deferred_Volume,0,906,1.31648,1.52407,0.097664,0.291456,0.702464,2.02061,494.9,15000,30720,6.22699
Suite_15,Deferred_Volume,0,907,1.31876,0.710917,0.097952,0.290272,0.69824,2.86871,348.588,15000,31744,6.25335
Suite_15,Deferred_Volume,0,908,1.3146,0.685222,0.099456,0.29264,0.703328,2.0566,486.241,15000,32384,6.27869
Suite_15,Deferred_Volume,0,909,1.32369,1.51953,0.098304,0.295648,0.701248,2.02761,493.191,15000,33664,6.3046
Suite_15,Deferred_Volume,0,910,1.32862,0.691137,0.099968,0.299424,0.710656,2.8726,348.117,15000,35200,6.38916
Suite_15,Deferred_Volume,0,911,1.32834,0.696477,0.098816,0.30512,0.710656,2.04868,488.118,15000,35712,6.41369
Suite_15,Deferred_Volume,0,912,1.33736,1.50104,0.1024,0.3072,0.721056,2.05289,487.118,15000,37120,6.43974
Suite_15,Deferred_Volume,0,913,1.33902,0.712722,0.106496,0.313088,0.729824,2.87035,348.39,15000,38016,6.532
Suite_15,Deferred_Volume,0,914,1.34088,0.716261,0.104384,0.312608,0.7168,2.08166,480.386,15000,39296,6.69775
Suite_15,Deferred_Volume,0,915,1.3519,1.42412,0.107712,0.31376,0.733344,2.08601,479.385,15000,40448,6.72513
Suite_15,Deferred_Volume,0,916,1.3526,0.689466,0.107296,0.3184,0.732832,2.8067,356.291,15000,41472,6.75126
Suite_15,Deferred_Volume,0,917,1.35268,0.70594,0.106912,0.321088,0.73728,2.0751,481.904,15000,42240,6.77705
Suite_15,Deferred_Volume,0,918,1.36112,1.36916,0.107968,0.324256,0.741376,2.09058,478.335,15000,43264,6.80414
Suite_15,Deferred_Volume,0,919,1.36157,0.699037,0.109888,0.329824,0.747488,2.76248,361.993,15000,44416,6.83046
Suite_15,Deferred_Volume,0,920,1.366,0.712401,0.111904,0.328,0.745472,2.09246,477.905,15000,45312,6.85595
Suite_15,Deferred_Volume,0,921,1.3772,1.36983,0.114688,0.335616,0.755712,2.11187,473.514,15000,46080,6.88151
Suite_15,Deferred_Volume,0,922,1.37221,0.743586,0.11264,0.339968,0.763616,2.78199,359.454,15000,47232,6.90774
Suite_15,Deferred_Volume,0,923,1.37226,0.695894,0.115968,0.345216,0.766784,2.14807,465.535,15000,48640,6.97894
Suite_15,Deferred_Volume,0,924,1.39001,1.31923,0.114688,0.346752,0.774688,2.10055,476.065,15000,49408,7.00465
Suite_15,Deferred_Volume,0,925,1.38735,0.739922,0.119264,0.35008,0.780288,2.74655,364.094,15000,50176,7.03019
Suite_15,Deferred_Volume,0,926,1.38654,0.741542,0.114976,0.354304,0.784,2.16134,462.676,15000,52352,7.05767
Suite_15,Deferred_Volume,0,927,1.40379,1.22195,0.122336,0.358944,0.784288,2.16224,462.484,15000,54016,7.1453
Suite_15,Deferred_Volume,0,928,1.40323,0.764754,0.120832,0.358912,0.781856,2.66176,375.691,15000,55424,7.21664
Suite_15,Deferred_Volume,0,929,1.40349,0.716401,0.122496,0.364352,0.796768,2.21215,452.049,15000,57728,7.2448
Suite_15,Deferred_Volume,0,930,1.41861,1.11532,0.124672,0.370176,0.806688,2.15636,463.744,15000,58880,7.27102
Suite_15,Deferred_Volume,0,931,1.41905,0.716087,0.126976,0.37104,0.808288,2.57233,388.753,15000,59904,7.29677
Suite_15,Deferred_Volume,0,932,1.42222,0.790613,1.64797,0.379584,2.3385,2.17136,460.54,15000,62976,7.32592
Suite_15,Deferred_Volume,0,933,1.45027,1.12924,0.12512,0.382976,0.817152,2.25514,443.432,15000,65280,7.35391
Suite_15,Deferred_Volume,0,934,1.44455,0.722961,0.13008,0.385632,0.825952,2.62078,381.565,15000,67200,7.38174
Suite_15,Deferred_Volume,0,935,1.43799,0.733002,0.132064,0.388704,0.827392,2.20628,453.252,15000,68480,7.41098
Suite_15,Deferred_Volume,0,936,1.4607,1.05045,0.1328,0.391296,0.834912,2.21153,452.175,15000,70912,7.44013
Suite_15,Deferred_Volume,0,937,1.45731,0.722429,0.133792,0.395264,0.837632,2.56249,390.246,15000,72448,7.46696
Suite_15,Deferred_Volume,0,938,1.45857,0.731859,0.137344,0.399936,0.841344,2.22125,450.197,15000,74496,7.57293
Suite_15,Deferred_Volume,0,939,1.487,1.02992,0.137216,0.40528,0.852128,2.23323,447.782,15000,76800,7.60265
Suite_15,Deferred_Volume,0,940,1.50181,0.75559,0.139552,0.406368,0.85808,2.56086,390.494,15000,79488,7.63282
Suite_15,Deferred_Volume,0,941,1.49885,0.726475,0.139264,0.413696,0.864512,2.30619,433.616,15000,81280,7.65964
Suite_15,Deferred_Volume,0,942,1.50891,1.66069,0.141344,0.44336,0.895488,2.27051,440.429,15000,82816,7.76992
Suite_15,Deferred_Volume,0,943,1.52318,0.725702,0.159072,0.441216,0.901952,3.22052,310.509,15000,84480,7.79684
Suite_15,Deferred_Volume,0,944,1.51502,0.712955,0.144992,0.423392,0.877632,2.295,435.73,15000,86912,7.82575
Suite_15,Deferred_Volume,0,945,1.51295,1.02192,0.179104,0.431776,0.919552,2.2759,439.387,15000,88704,7.85377
Suite_15,Deferred_Volume,0,946,1.51352,0.719765,0.147232,0.434752,0.888832,2.58443,386.932,15000,91264,7.88181
Suite_15,Deferred_Volume,0,947,1.52233,0.730228,0.149472,0.438272,0.896064,2.27956,438.681,15000,93696,7.91056
Suite_15,Deferred_Volume,0,948,1.54597,1.73415,0.149504,0.44032,0.888832,2.30131,434.535,15000,96512,7.94099
Suite_15,Deferred_Volume,0,949,1.54778,0.730975,0.1536,0.446208,0.90976,3.33145,300.169,15000,98816,8.12563
Suite_15,Deferred_Volume,0,950,1.56288,0.731293,0.153568,0.450208,0.914848,2.33172,428.868,15000,102144,8.22922
Suite_15,Deferred_Volume,0,951,1.56133,0.734878,0.178432,0.473088,0.96256,2.34724,426.032,15000,103680,8.2985
Suite_15,Deferred_Volume,0,952,1.56425,1.46985,0.157984,0.458496,0.927744,2.34758,425.971,15000,105728,8.32612
Suite_15,Deferred_Volume,0,953,1.58251,0.759505,0.155456,0.4928,0.953248,3.09025,323.598,15000,108672,8.47873
Suite_15,Deferred_Volume,0,954,1.59489,0.737798,0.159264,0.51168,0.982688,2.39673,417.235,15000,111744,8.50889
Suite_15,Deferred_Volume,0,955,1.59213,0.763279,1.74499,0.472704,2.51821,2.3875,418.849,15000,114432,8.58632
Suite_15,Deferred_Volume,0,956,1.60414,0.928657,0.16528,0.47584,0.949568,2.4107,414.817,15000,117120,8.6202
Suite_15,Deferred_Volume,0,957,1.61051,0.740584,0.161888,0.48128,0.950272,2.59639,385.15,15000,120320,8.65098
Suite_15,Deferred_Volume,0,958,1.62553,0.753442,0.170208,0.485376,0.964608,2.40909,415.095,15000,123392,8.76242
Suite_15,Deferred_Volume,0,959,1.64894,1.41475,0.173856,0.496128,0.980928,2.43972,409.883,15000,127104,8.79318
Suite_15,Deferred_Volume,0,960,1.64694,0.74427,0.17216,0.497504,0.978944,3.12779,319.714,15000,129664,8.82189
Suite_15,Deferred_Volume,0,961,1.66512,0.750889,0.180864,0.509504,1.02195,2.45684,407.026,15000,132480,8.8525
Suite_15,Deferred_Volume,0,962,1.67225,0.754252,0.203328,0.50896,1.02602,2.47854,403.464,15000,137216,8.88622
Suite_15,Deferred_Volume,0,963,1.68572,1.41564,0.176128,0.524832,1.00147,2.48891,401.783,15000,142336,8.9222
Suite_15,Deferred_Volume,0,964,1.711,0.785664,0.188416,0.53248,1.02912,3.17178,315.28,15000,146816,8.95346
Suite_15,Deferred_Volume,0,965,1.7067,0.764112,0.186368,0.537408,1.03808,2.56871,389.301,15000,149376,8.983
Suite_15,Deferred_Volume,0,966,1.72442,1.25382,0.188672,0.542304,1.05882,2.5413,393.499,15000,151424,9.01229
Suite_15,Deferred_Volume,0,967,1.73368,0.762702,0.190368,0.561376,1.06291,3.04985,327.885,15000,154880,9.04392
Suite_15,Deferred_Volume,0,968,1.73378,0.761122,0.194144,0.55456,1.06131,2.56745,389.492,15000,158848,9.23067
Suite_15,Deferred_Volume,0,969,1.75846,0.867985,0.217088,0.562752,1.08538,2.56602,389.709,15000,162560,9.31816
Suite_15,Deferred_Volume,0,970,1.76985,0.786269,1.12851,0.567488,2.00422,2.70057,370.293,15000,167296,9.38512
Suite_15,Deferred_Volume,0,971,1.77886,1.52151,0.201728,0.571648,1.09363,2.62871,380.415,15000,170752,9.41741
Suite_15,Deferred_Volume,0,972,1.79696,0.781182,0.200384,0.60256,1.10989,3.37635,296.178,15000,172800,9.44681
Suite_15,Deferred_Volume,0,973,1.79909,0.776772,0.206848,0.587776,1.10605,2.65942,376.022,15000,177280,9.59573
Suite_15,Deferred_Volume,0,974,1.82589,0.801283,0.238016,0.59456,1.13869,2.65637,376.453,15000,181632,9.62868
Suite_15,Deferred_Volume,0,975,1.83746,0.795664,0.213952,0.597856,1.11962,2.71127,368.831,15000,187264,9.66479
Suite_15,Deferred_Volume,0,976,1.84838,1.3564,0.216,0.627968,1.15651,2.71603,368.185,15000,190592,9.69666
Suite_15,Deferred_Volume,0,977,1.86095,0.800239,0.21504,0.654816,1.17606,3.29177,303.788,15000,195456,9.73189
Suite_15,Deferred_Volume,0,978,1.8693,0.825595,0.219136,0.620544,1.14563,2.74501,364.297,15000,199808,9.85035
Suite_15,Deferred_Volume,0,979,1.8964,0.805206,0.223232,0.62464,1.15558,2.78453,359.127,15000,204032,9.88404
Suite_15,Deferred_Volume,0,980,1.89923,0.806473,0.226944,0.63056,1.16182,2.78766,358.724,15000,209152,9.91774
Suite_15,Deferred_Volume,0,981,1.92042,1.18034,0.243648,1.28454,1.83965,2.795,357.782,15000,213888,10.0082
Suite_15,Deferred_Volume,0,982,1.93904,0.823769,0.233472,0.643072,1.18662,3.19593,312.898,15000,219264,10.0418
Suite_15,Deferred_Volume,0,983,1.95248,0.840784,0.231968,0.647552,1.19194,2.8587,349.81,15000,224256,10.1311
Suite_15,Deferred_Volume,0,984,1.9598,0.80781,0.262048,0.667648,1.91712,2.88904,346.136,15000,227456,10.264
Suite_15,Deferred_Volume,0,985,1.97144,1.19262,0.241824,0.66704,1.21856,2.87085,348.328,15000,232064,10.467
Suite_15,Deferred_Volume,0,986,2.00112,0.825125,0.241088,0.670336,1.22371,3.26951,305.856,15000,237696,10.6383
Suite_15,Deferred_Volume,0,987,2.00657,0.810684,0.24656,0.688128,1.42131,2.92619,341.741,15000,241536,10.8891
Suite_15,Deferred_Volume,0,988,2.0394,0.840436,0.247808,0.720896,1.84112,2.92003,342.462,15000,247808,10.9279
Suite_15,Deferred_Volume,0,989,2.05297,0.840168,0.2512,0.70112,2.81021,2.98518,334.988,15000,252672,11.1982
Suite_15,Deferred_Volume,0,990,2.06165,1.62813,0.264608,1.35987,1.92874,3.00259,333.045,15000,257920,11.2959
Suite_15,Deferred_Volume,0,991,2.09183,1.07425,0.25696,0.722944,1.28819,3.80325,262.933,15000,264064,11.333
Suite_15,Deferred_Volume,0,992,2.14262,1.06738,0.258272,0.73216,1.32656,3.28106,304.779,15000,268544,11.5545
Suite_15,Deferred_Volume,0,993,2.14041,0.998939,0.276352,0.743008,1.99843,3.32907,300.385,15000,272768,11.7712
Suite_15,Deferred_Volume,0,994,2.13567,1.03411,0.266112,0.753568,1.32582,3.2513,307.569,15000,278400,11.9092
Suite_15,Deferred_Volume,0,995,2.15646,1.02806,0.270368,0.791872,1.92922,3.28363,304.541,15000,283776,12.0293
Suite_15,Deferred_Volume,0,996,2.15986,1.01099,0.26976,0.767296,1.48336,3.29952,303.074,15000,289664,12.3204
Suite_15,Deferred_Volume,0,997,2.17816,1.03609,0.27632,0.796512,1.96326,3.29222,303.747,15000,296448,12.5177
Suite_15,Deferred_Volume,0,998,2.19651,1.06934,2.18934,0.80688,3.92768,3.33735,299.639,15000,302336,12.5604
Suite_15,Deferred_Volume,0,999,2.24344,1.26924,0.285312,0.827392,1.99216,3.38933,295.044,15000,306688,12.5995
Suite_15,Deferred_Volume,0,1000,2.25216,1.11317,0.293312,0.804672,1.41312,3.63897,274.803,15000,314112,12.8431
Suite_15,Deferred_Volume,0,1001,2.26971,1.05344,0.320928,0.819392,2.12557,3.50467,285.334,15000,320512,12.925
Suite_15,Deferred_Volume,0,1002,2.29096,1.05879,0.300256,0.83824,1.44749,3.45098,289.773,15000,326528,12.9671
Suite_15,Deferred_Volume,0,1003,2.30387,1.07095,0.301088,0.878592,2.05414,3.48848,286.658,15000,331904,13.228
Suite_15,Deferred_Volume,0,1004,2.31974,1.05853,0.30688,0.862208,1.6001,3.5106,284.851,15000,338176,13.369
Suite_15,Deferred_Volume,0,1005,2.34811,1.08763,0.64528,0.902496,2.42451,3.51948,284.133,15000,345472,13.6209
Suite_15,Deferred_Volume,0,1006,2.36352,1.09499,0.318176,1.53546,2.15802,3.57199,279.956,15000,352512,14.0289
Suite_15,Deferred_Volume,0,1007,2.39211,1.0966,0.345728,1.53018,2.18694,3.60194,277.628,15000,358144,14.1028
Suite_15,Deferred_Volume,0,1008,2.41559,1.12096,0.322304,0.919168,1.54214,3.62885,275.57,15000,365184,14.1488
Suite_15,Deferred_Volume,0,1009,2.45003,1.14957,0.331776,1.10182,1.74051,3.68712,271.215,15000,371840,14.1978
Suite_15,Deferred_Volume,0,1010,2.46767,1.24018,0.332256,1.52461,2.16678,3.75559,266.27,15000,377216,14.4643
Suite_15,Deferred_Volume,0,1011,2.47676,1.12648,1.972,1.13706,3.42016,3.85769,259.222,15000,384384,14.5466
Suite_15,Deferred_Volume,0,1012,2.49951,1.13628,0.366112,1.528,2.20243,3.75187,266.533,15000,390016,14.6232
Suite_15,Deferred_Volume,0,1013,2.50983,1.1303,0.345792,1.15917,1.81181,3.79047,263.819,15000,395904,14.9141
Suite_15,Deferred_Volume,0,1014,2.53568,1.14738,0.356,1.00147,1.68026,3.79953,263.191,15000,402944,15.0006
Suite_15,Deferred_Volume,0,1015,2.54681,1.15405,0.3584,1.0161,1.68346,3.84241,260.253,15000,410112,15.051
Suite_15,Deferred_Volume,0,1016,2.57464,1.15133,0.352128,1.62614,2.28051,3.86411,258.792,15000,416896,15.4391
Suite_15,Deferred_Volume,0,1017,2.59136,1.16044,0.377184,1.692,2.38208,3.89648,256.642,15000,423424,15.5195
Suite_15,Deferred_Volume,0,1018,2.59776,1.14911,0.37376,1.18752,1.87405,3.92106,255.033,15000,430464,15.6146
Suite_15,Deferred_Volume,0,1019,2.63436,1.18066,0.380416,1.67165,2.35722,3.91025,255.738,15000,436736,15.6674
Suite_15,Deferred_Volume,0,1020,2.65687,1.17814,0.384608,1.27568,1.96698,3.98358,251.03,15000,444416,15.7188
Suite_15,Deferred_Volume,0,1021,2.68436,1.21279,0.38528,1.12048,1.83667,4.00902,249.438,15000,451200,15.8421
Suite_15,Deferred_Volume,0,1022,2.69586,1.21626,0.40032,1.30662,2.03933,4.07822,245.205,15000,458368,15.8966
Suite_15,Deferred_Volume,0,1023,2.72264,1.22179,0.41904,1.72259,2.44259,4.09566,244.161,15000,465280,16.0009
Suite_15,Deferred_Volume,0,1024,2.74146,1.21502,0.399744,1.81862,2.52832,4.13296,241.957,15000,473344,16.4805
Suite_15,Deferred_Volume,0,1025,2.76152,1.23021,0.41104,1.17949,1.89642,4.1438,241.325,15000,480768,16.6013
Suite_15,Deferred_Volume,0,1026,2.79996,1.38148,0.411552,3.26246,3.98502,4.18415,238.997,15000,487040,16.8421
Suite_15,Deferred_Volume,0,1027,2.82233,1.42948,0.423936,1.26499,2.16454,4.37351,228.649,15000,494592,16.9005
Suite_15,Deferred_Volume,0,1028,2.84312,1.24293,0.41648,2.82128,3.54714,4.4468,224.881,15000,502144,16.9562
Suite_15,Deferred_Volume,0,1029,2.86843,1.4224,0.42944,1.8351,2.57085,4.27824,233.741,15000,510208,17.0973
Suite_15,Deferred_Volume,0,1030,2.88372,1.24869,0.43008,1.28771,2.0239,4.49893,222.275,15000,516480,17.3476
Suite_15,Deferred_Volume,0,1031,2.89206,1.26942,0.467616,1.99885,2.77242,4.32585,231.168,15000,525312,17.4136
Suite_15,Deferred_Volume,0,1032,2.9276,1.29574,0.43968,1.91117,2.65824,4.36453,229.12,15000,533632,17.4704
Suite_15,Deferred_Volume,0,1033,2.95072,1.31462,0.448128,1.53805,2.29882,4.43241,225.611,15000,540928,17.5653
Suite_15,Deferred_Volume,0,1034,2.99096,1.31178,0.45056,1.94355,2.69914,4.47227,223.6,15000,548736,17.9691
Suite_15,Deferred_Volume,0,1035,2.99803,1.30454,0.464896,2.03213,2.80387,4.51463,221.502,15000,555520,18.0283
Suite_15,Deferred_Volume,0,1036,3.00823,1.30256,0.461376,1.40698,2.17293,4.52432,221.028,15000,562048,18.0874
Suite_15,Deferred_Volume,0,1037,3.03812,2.18111,0.485376,2.10944,2.89578,4.53397,220.558,15000,569216,18.146
Suite_15,Deferred_Volume,0,1038,3.07948,1.35867,0.495872,1.9848,2.81162,5.44083,183.795,15000,578944,18.2688
Suite_15,Deferred_Volume,0,1039,3.09762,1.46635,0.48912,1.64237,2.4449,4.66582,214.324,15000,586752,18.6126
Suite_15,Deferred_Volume,0,1040,3.12184,1.3538,0.50048,2.02179,2.83571,4.78534,208.971,15000,593664,18.9603
Suite_15,Deferred_Volume,0,1041,3.13893,1.36501,0.492672,2.10006,2.94093,4.70825,212.393,15000,601344,19.0243
Suite_15,Deferred_Volume,0,1042,3.15572,1.38934,0.491584,1.49155,2.304,4.72966,211.432,15000,608256,19.4447
Suite_15,Deferred_Volume,0,1043,3.19015,1.38391,0.527904,2.18886,3.0271,4.78634,208.928,15000,617856,19.6624
Suite_15,Deferred_Volume,0,1044,3.2166,1.38849,0.497184,1.57315,2.94067,4.82193,207.386,15000,626048,19.8456
Suite_15,Deferred_Volume,0,1045,3.23604,1.38191,0.505952,2.20365,3.01459,4.85509,205.969,15000,633344,20.0523
Suite_15,Deferred_Volume,0,1046,3.25435,1.37555,0.510368,1.68522,2.5047,4.86074,205.73,15000,640640,20.1572
Suite_15,Deferred_Volume,0,1047,3.28231,1.42477,2.03981,2.29926,4.64896,4.87988,204.923,15000,647296,20.2766
Suite_15,Deferred_Volume,0,1048,3.30714,1.41507,0.520352,2.21181,3.05939,4.95894,201.656,15000,654080,20.6105
Suite_15,Deferred_Volume,0,1049,3.32836,1.40666,0.529184,2.34435,3.18586,4.98095,200.765,15000,661888,20.6844
Suite_15,Deferred_Volume,0,1050,3.35993,1.5529,0.536576,1.66806,2.51133,4.99629,200.149,15000,671872,20.8792
Suite_15,Deferred_Volume,0,1051,3.37969,1.42721,1.33734,3.76422,5.41162,5.17604,193.198,15000,679424,20.9797
Suite_15,Deferred_Volume,0,1052,3.40296,1.45481,0.545632,2.29072,3.14205,5.08607,196.616,15000,686208,21.5207
Suite_15,Deferred_Volume,0,1053,3.41962,1.44785,0.544768,1.90742,2.76144,5.12555,195.101,15000,693120,21.8956
Suite_15,Deferred_Volume,0,1054,3.45743,1.51672,1.2264,2.28966,3.8295,5.1302,194.924,15000,700800,22.0478
Suite_15,Deferred_Volume,0,1055,3.47355,1.45805,0.566976,2.33267,3.20531,5.24042,190.824,15000,708992,22.1252
Suite_15,Deferred_Volume,0,1056,3.49229,1.48392,0.56176,2.35229,3.21331,5.19182,192.611,15000,715392,22.2393
Suite_15,Deferred_Volume,0,1057,3.51391,1.49632,0.579584,1.96314,2.85286,5.26065,190.091,15000,723584,22.3167
Suite_15,Deferred_Volume,0,1058,3.5416,1.49162,0.569792,3.34848,4.22522,5.28861,189.086,15000,731904,22.4508
Suite_15,Deferred_Volume,0,1059,3.57471,1.50808,0.579584,2.38182,3.25885,5.3118,188.26,15000,741632,22.5277
Suite_15,Deferred_Volume,0,1060,3.59479,1.61117,1.34131,2.43171,4.07085,5.35512,186.737,15000,750080,22.6385
Suite_15,Deferred_Volume,0,1061,3.61216,1.56643,0.597952,2.44262,3.34643,5.4914,182.103,15000,758656,22.8164
Suite_15,Deferred_Volume,0,1062,3.66531,1.59349,0.6048,2.07814,2.99018,5.46992,182.818,15000,766080,22.8943
Suite_15,Deferred_Volume,0,1063,3.67351,1.55355,1.03014,2.48218,3.82416,5.55636,179.974,15000,773376,23.02
Suite_15,Deferred_Volume,0,1064,3.68821,1.53209,0.606944,2.51491,3.43213,5.53025,180.824,15000,781952,23.1039
Suite_15,Deferred_Volume,0,1065,3.72199,1.56561,0.610336,2.51789,3.43987,5.50765,181.566,15000,791552,23.2806
Suite_15,Deferred_Volume,0,1066,3.73732,1.58694,0.630624,2.6713,3.60803,5.59066,178.87,15000,798208,23.8357
Suite_15,Deferred_Volume,0,1067,3.765,1.56557,0.623936,1.97392,2.90909,5.61647,178.048,15000,806016,23.9218
Suite_15,Deferred_Volume,0,1068,3.78508,1.5724,0.634784,2.6153,3.56966,5.62403,177.808,15000,814080,24.0796
Suite_15,Deferred_Volume,0,1069,3.81472,1.733,2.16474,2.68493,5.16301,5.678,176.118,15000,822400,24.2445
Suite_15,Deferred_Volume,0,1070,3.84928,1.62317,0.653888,2.66445,3.62496,5.85363,170.834,15000,831744,24.6167
Suite_15,Deferred_Volume,0,1071,3.87461,1.63731,0.64624,2.70723,3.68432,5.78429,172.882,15000,841472,24.7688
Suite_15,Deferred_Volume,0,1072,3.89936,1.68453,1.35123,2.09232,3.75603,5.8265,171.63,15000,848128,24.8568
Suite_15,Deferred_Volume,0,1073,3.91947,1.63268,0.657408,2.09562,3.08483,5.91117,169.171,15000,855936,24.9883
Suite_15,Deferred_Volume,0,1074,3.93371,2.47857,0.665984,2.82214,3.7904,5.89025,169.772,15000,862208,25.0767
Suite_15,Deferred_Volume,0,1075,3.96177,1.65166,1.75286,2.13811,4.20045,6.74488,148.261,15000,870272,25.1653
Suite_15,Deferred_Volume,0,1076,3.98247,1.62965,0.6944,2.83443,3.83795,5.93556,168.476,15000,879232,25.3678
Suite_15,Deferred_Volume,0,1077,4.0199,1.65624,0.68016,2.77629,3.76422,5.93704,168.434,15000,889088,25.5813
Suite_15,Deferred_Volume,0,1078,4.04199,1.78934,0.964032,3.29715,4.57546,6.00013,166.663,15000,897280,25.6736
Suite_15,Deferred_Volume,0,1079,4.06398,1.69222,0.694912,2.88358,3.88522,6.16904,162.1,15000,905088,25.7616
Suite_15,Deferred_Volume,0,1080,4.08482,1.69388,0.695392,2.8183,3.8159,6.1014,163.897,15000,912384,25.8901
Suite_15,Deferred_Volume,0,1081,4.1044,1.70667,0.708608,2.9737,3.99571,6.13523,162.993,15000,920320,25.9845
Suite_15,Deferred_Volume,0,1082,4.1339,1.6973,0.700768,2.3032,3.30957,6.14714,162.677,15000,927872,26.0779
Suite_15,Deferred_Volume,0,1083,4.14928,1.69715,0.70656,2.41264,3.42762,6.17524,161.937,15000,935552,26.1737
Suite_15,Deferred_Volume,0,1084,4.17779,1.71378,1.51552,2.90173,4.73088,6.18551,161.668,15000,942208,26.2665
Suite_15,Deferred_Volume,0,1085,4.19024,1.82907,0.717472,2.93344,3.95405,6.2534,159.913,15000,948608,26.3644
Suite_15,Deferred_Volume,0,1086,4.21891,1.72279,0.739328,3.04726,4.0992,6.37153,156.948,15000,957312,26.4933
Suite_15,Deferred_Volume,0,1087,4.24518,1.76183,1.56877,2.96346,4.83587,6.30337,158.645,15000,964736,26.6421
Suite_15,Deferred_Volume,0,1088,4.25821,1.79575,0.755712,3.49901,4.56138,6.37183,156.941,15000,972544,26.9624
Suite_15,Deferred_Volume,0,1089,4.2856,1.78359,0.751616,3.56352,4.62246,6.41222,155.952,15000,979328,27.0639
Suite_15,Deferred_Volume,0,1090,4.30495,1.79731,1.54582,3.02067,4.87392,6.4385,155.316,15000,985984,27.164
Suite_15,Deferred_Volume,0,1091,4.32334,1.78465,0.748064,3.00851,4.09126,6.47004,154.559,15000,992896,27.2642
Suite_15,Deferred_Volume,0,1092,4.34616,1.79751,0.758592,3.05437,4.14026,6.46789,154.61,15000,1000064,27.3696
Suite_15,Deferred_Volume,0,1093,4.36612,1.93136,2.29024,3.18186,5.80003,6.51752,153.433,15000,1007872,27.841
Suite_15,Deferred_Volume,0,1094,4.38205,1.80603,0.764256,2.52922,4.16147,6.67628,149.784,15000,1014144,27.9412
Suite_15,Deferred_Volume,0,1095,4.40559,1.80047,0.776544,3.24416,4.33603,6.56009,152.437,15000,1021696,28.1077
Suite_15,Deferred_Volume,0,1096,4.42446,1.83017,0.773632,2.53347,3.63376,6.58605,151.836,15000,1028480,28.2171
Suite_15,Deferred_Volume,0,1097,4.44458,1.82291,1.41846,2.67398,4.42685,6.6297,150.836,15000,1035136,28.3565
Suite_15,Deferred_Volume,0,1098,4.46801,1.84458,0.77808,4.66944,5.75862,6.66006,150.149,15000,1040768,28.4561
Suite_15,Deferred_Volume,0,1099,4.48195,1.86175,1.44989,2.58998,4.34339,6.7148,148.925,15000,1046912,28.5676
Suite_15,Deferred_Volume,0,1100,4.49778,1.89084,0.7912,4.69184,5.7855,6.72639,148.668,15000,1054464,28.813
Suite_15,Deferred_Volume,0,1101,4.52798,2.73893,1.61635,2.61917,4.54042,6.78338,147.419,15000,1059968,28.919
Suite_15,Deferred_Volume,0,1102,4.53595,1.86946,0.796672,3.32739,4.43427,7.654,130.651,15000,1065344,29.1004
Suite_15,Deferred_Volume,0,1103,4.55614,1.9615,1.38979,2.64579,4.3472,6.80253,147.004,15000,1070720,29.3194
Suite_15,Deferred_Volume,0,1104,4.56846,1.91328,0.806912,2.77066,3.87837,6.91308,144.653,15000,1074688,29.4558
Suite_15,Deferred_Volume,0,1105,4.58781,1.9279,1.45613,2.79552,4.58662,6.87456,145.464,15000,1081728,29.6509
Suite_15,Deferred_Volume,0,1106,4.60879,1.92059,0.817152,4.8015,5.92019,6.91816,144.547,15000,1087616,29.869
Suite_15,Deferred_Volume,0,1107,4.62676,1.96188,1.47661,2.71712,4.52538,6.93459,144.205,15000,1093632,29.983
Suite_15,Deferred_Volume,0,1108,4.64458,1.90169,0.825184,4.82307,5.96109,6.98449,143.174,15000,1099264,30.1751
Suite_15,Deferred_Volume,0,1109,4.68781,2.01103,1.4775,2.79651,4.60138,6.95723,143.735,15000,1104896,30.2971
Suite_15,Deferred_Volume,0,1110,4.67169,1.90876,0.835584,3.50429,4.6456,7.11952,140.459,15000,1109504,30.4546
Suite_15,Deferred_Volume,0,1111,4.69158,1.97852,1.43344,2.77517,4.5368,6.97889,143.289,15000,1115008,30.7134
Suite_15,Deferred_Volume,0,1112,4.7016,1.97889,0.834816,3.4249,4.5688,7.08752,141.093,15000,1120000,30.8374
Suite_15,Deferred_Volume,0,1113,4.72663,2.00952,2.35408,3.51232,6.17318,7.11625,140.524,15000,1125632,30.9597
Suite_15,Deferred_Volume,0,1114,4.73897,1.99327,0.842976,3.41866,4.57152,7.17515,139.37,15000,1130880,31.2979
Suite_15,Deferred_Volume,0,1115,4.75179,2.03647,0.860448,3.54099,4.70835,7.1454,139.95,15000,1135616,31.4799
Suite_15,Deferred_Volume,0,1116,4.75993,1.99575,0.848896,3.40832,4.56346,7.19849,138.918,15000,1140224,31.604
Suite_15,Deferred_Volume,0,1117,4.77421,2.01376,0.867328,3.55597,4.75632,7.19522,138.981,15000,1145088,31.7307
Suite_15,Deferred_Volume,0,1118,4.78712,2.00541,0.854976,3.46378,4.62746,7.21012,138.694,15000,1149056,31.8638
Suite_15,Deferred_Volume,0,1119,4.80448,2.03598,0.885536,3.60038,4.79846,7.2185,138.533,15000,1155072,32.0177
Suite_15,Deferred_Volume,0,1120,4.81407,1.98209,0.86912,4.06202,5.24493,7.26629,137.622,15000,1158528,32.1513
Suite_15,Deferred_Volume,0,1121,4.82942,2.01047,0.878592,4.11238,5.30086,7.21149,138.668,15000,1164288,32.2886
Suite_15,Deferred_Volume,0,1122,4.84512,2.03645,0.896,4.02685,5.22918,7.27252,137.504,15000,1168896,32.4265
Suite_15,Deferred_Volume,0,1123,4.86195,2.04623,0.911104,4.09158,5.31046,7.318,136.649,15000,1174784,32.6137
Suite_15,Deferred_Volume,0,1124,4.8773,2.02961,0.884736,3.54992,4.748,7.32919,136.441,15000,1179776,32.7573
Suite_15,Deferred_Volume,0,1125,4.88695,2.90122,1.6823,3.57334,5.56698,7.34959,136.062,15000,1184512,32.8908
Suite_15,Deferred_Volume,0,1126,4.91163,2.08427,0.917504,3.67328,4.92349,8.23418,121.445,15000,1188480,33.0958
Suite_15,Deferred_Volume,0,1127,4.92121,2.05368,1.85926,3.5847,5.76717,7.42513,134.678,15000,1193600,33.2478
Suite_15,Deferred_Volume,0,1128,4.93009,2.04958,0.896896,3.14163,4.3479,7.42933,134.602,15000,1198208,33.5145
Suite_15,Deferred_Volume,0,1129,4.94501,2.06354,3.02458,3.74352,7.09389,7.43768,134.45,15000,1201920,33.6988
Suite_15,Deferred_Volume,0,1130,4.95479,2.05061,0.907264,3.62288,4.83974,7.463,133.994,15000,1206400,33.8499
Suite_15,Deferred_Volume,0,1131,4.97673,2.10672,0.91616,3.71709,4.96624,7.44818,134.261,15000,1210752,34.3924
Suite_15,Deferred_Volume,0,1132,4.97396,2.05751,0.9216,3.6265,4.87046,7.52952,132.811,15000,1215232,34.5482
Suite_15,Deferred_Volume,0,1133,4.98817,2.10066,1.10592,4.19107,5.608,7.49608,133.403,15000,1218688,33.9087
Suite_15,Deferred_Volume,0,1134,4.9987,2.06443,0.939328,4.15613,5.40125,7.53643,132.689,15000,1222144,34.0637
Suite_15,Deferred_Volume,0,1135,5.01734,2.08006,0.964608,3.6649,5.56509,7.5051,133.243,15000,1228032,34.2701
Suite_15,Deferred_Volume,0,1136,5.0313,2.09557,0.929984,5.16368,6.4288,7.55371,132.385,15000,1231360,34.4296
Suite_15,Deferred_Volume,0,1137,5.04118,2.09755,0.941856,3.72819,4.97254,7.57323,132.044,15000,1233280,34.5884
Suite_15,Deferred_Volume,0,1138,5.04409,2.05963,0.950144,3.77242,5.04794,7.6017,131.55,15000,1236096,34.7551
Suite_15,Deferred_Volume,0,1139,5.05978,2.13798,1.94509,3.69037,5.94278,7.54425,132.551,15000,1239936,34.9212
Suite_15,Deferred_Volume,0,1140,5.06861,2.07996,0.949792,3.26042,5.08314,7.65959,130.555,15000,1244160,35.1438
Suite_15,Deferred_Volume,0,1141,5.07793,2.10637,2.46925,3.88122,6.65747,7.61672,131.29,15000,1246976,35.3124
Suite_15,Deferred_Volume,0,1142,5.09227,2.09548,0.947648,3.76013,5.01616,7.63963,130.896,15000,1249664,35.4841
Suite_15,Deferred_Volume,0,1143,5.09378,2.1477,0.956512,3.76992,5.21216,7.64459,130.811,15000,1250816,35.7909
Suite_15,Deferred_Volume,0,1144,5.09594,2.12808,0.969504,3.79661,5.6361,7.70816,129.733,15000,1251712,35.9576
Suite_15,Deferred_Volume,0,1145,5.1077,2.16038,0.982656,3.73382,5.65078,7.71636,129.595,15000,1253888,36.132
Suite_15,Deferred_Volume,0,1146,5.10875,2.10817,0.950912,3.36058,6.6719,7.71823,129.563,15000,1254656,36.3633
Suite_15,Deferred_Volume,0,1147,5.11676,10.782,9.46032,5.24544,15.0265,7.6906,130.029,15000,1256064,36.5389
Suite_15,Deferred_Volume,0,1148,5.12249,2.2143,0.958368,3.73965,5.00598,16.3924,61.0037,15000,1258112,36.7255
Suite_15,Deferred_Volume,0,1149,5.12878,2.15779,0.9704,3.73965,5.01987,7.80812,128.072,15000,1260672,36.9093
Suite_15,Deferred_Volume,0,1150,5.13192,2.1246,0.962368,4.33562,5.61046,7.7539,128.967,15000,1261696,37.0951
Suite_15,Deferred_Volume,0,1151,5.14272,2.10906,0.995328,3.75434,5.68365,7.70844,129.728,15000,1264000,37.3246
Suite_15,Deferred_Volume,0,1152,5.14252,2.10986,0.971712,3.36077,6.68672,7.73166,129.338,15000,1264512,37.4872
Suite_15,Deferred_Volume,0,1153,5.14788,2.11953,0.985536,3.7977,5.09789,7.7226,129.49,15000,1265152,37.6767
Suite_15,Deferred_Volume,0,1154,5.14634,2.10728,0.990624,3.29834,5.22384,7.72991,129.368,15000,1267072,37.8737
Suite_15,Deferred_Volume,0,1155,5.1538,2.11821,2.3913,3.3161,6.01498,7.70804,129.735,15000,1267968,38.0724
Suite_15,Deferred_Volume,0,1156,5.15988,2.14511,0.972768,3.23514,5.19373,7.73221,129.329,15000,1269376,38.2634
Suite_15,Deferred_Volume,0,1157,5.16254,2.13003,2.49194,3.89363,6.68877,7.77387,128.636,15000,1270400,38.4611
Suite_15,Deferred_Volume,0,1158,5.15894,2.09711,0.971872,3.77642,5.0591,7.75924,128.879,15000,1270784,38.6663
Suite_15,Deferred_Volume,0,1159,5.16607,2.12778,1.15882,4.29862,5.76435,7.72845,129.392,15000,1272064,38.8619
Suite_15,Deferred_Volume,0,1160,5.17127,2.1073,0.991328,3.81952,5.67658,7.75055,129.023,15000,1272320,39.1205
Suite_15,Deferred_Volume,0,1161,5.17872,2.12064,0.980992,3.82362,5.73926,7.76396,128.8,15000,1273088,39.3336
Suite_15,Deferred_Volume,0,1162,5.18126,2.101,0.991936,3.19107,5.74243,7.7651,128.781,15000,1273088,39.5467
Suite_15,Deferred_Volume,0,1163,5.18386,2.14739,1.64864,3.73936,5.71242,7.74944,129.042,15000,1272448,39.9043
Suite_15,Deferred_Volume,0,1164,5.17586,2.10309,0.977088,3.19494,5.15482,7.79167,128.342,15000,1272832,40.1213
Suite_15,Deferred_Volume,0,1165,5.18602,2.11185,2.4927,3.90035,6.70259,7.75256,128.99,15000,1273600,40.3201
Suite_15,Deferred_Volume,0,1166,5.18163,2.12195,0.965728,3.75536,5.02813,7.77155,128.675,15000,1273088,40.5456
Suite_15,Deferred_Volume,0,1167,5.18706,2.14172,1.156,4.3479,5.81379,7.75825,128.895,15000,1273856,40.7792
Suite_15,Deferred_Volume,0,1168,5.18529,2.9674,0.974848,3.73238,5.00806,7.79399,128.304,15000,1272960,40.9974
Suite_15,Deferred_Volume,0,1169,5.18963,2.18356,0.984864,3.81174,5.23264,8.62607,115.928,15000,1270528,41.2206
Suite_15,Deferred_Volume,0,1170,5.17814,2.10529,0.987136,3.32083,5.19254,7.85082,127.375,15000,1269760,41.6614
Suite_15,Deferred_Volume,0,1171,5.18544,2.1222,0.996192,3.8136,5.7449,7.76012,128.864,15000,1268736,41.8942
Suite_15,Deferred_Volume,0,1172,5.18051,2.10291,0.969216,3.77856,5.22794,7.7779,128.569,15000,1268736,42.195
Suite_15,Deferred_Volume,0,1173,5.1828,2.13501,2.57411,4.42934,7.31546,7.75648,128.925,15000,1269248,42.4351
Suite_15,Deferred_Volume,0,1174,5.16934,2.11863,0.966656,3.7752,5.0431,7.7968,128.258,15000,1266560,42.6763
Suite_15,Deferred_Volume,0,1175,5.18347,2.11843,0.980992,3.79699,5.72989,7.74889,129.051,15000,1267200,42.926
Suite_15,Deferred_Volume,0,1176,5.1836,2.11901,0.992832,3.85306,5.70573,7.75316,128.98,15000,1267328,43.2299
Suite_15,Deferred_Volume,0,1177,5.18124,2.12107,0.987136,3.73146,5.1456,7.76759,128.74,15000,1267456,43.5454
Suite_15,Deferred_Volume,0,1178,5.18173,2.13042,0.985088,3.19558,5.74294,7.78315,128.483,15000,1266432,43.7908
Suite_15,Deferred_Volume,0,1179,5.18203,2.15348,1.96163,3.83117,6.10282,7.8053,128.118,15000,1265408,44.0529
Suite_15,Deferred_Volume,0,1180,5.17486,2.0738,0.956416,3.16954,5.10426,7.78848,128.395,15000,1264256,44.3271
Suite_15,Deferred_Volume,0,1181,5.17377,2.13008,2.49472,3.90691,6.70867,7.7068,129.756,15000,1261696,44.6039
Suite_15,Deferred_Volume,0,1182,5.17558,2.12059,0.966656,3.77779,5.05197,7.78234,128.496,15000,1261056,44.8921
Suite_15,Deferred_Volume,0,1183,5.16573,2.13608,1.14989,4.31514,5.77354,7.76455,128.791,15000,1259136,45.1426
Suite_15,Deferred_Volume,0,1184,5.1711,2.09919,0.996352,3.88301,5.74982,7.76874,128.721,15000,1258496,45.416
Suite_15,Deferred_Volume,0,1185,5.16673,2.15187,0.976832,3.80886,5.71226,7.75322,128.979,15000,1256320,45.6725
Suite_15,Deferred_Volume,0,1186,5.16258,2.12064,0.985696,3.22336,5.76512,7.79758,128.245,15000,1255040,45.9594
Suite_15,Deferred_Volume,0,1187,5.18459,2.20009,1.54054,3.73846,5.61066,7.75303,128.982,15000,1252736,46.2005
Suite_15,Deferred_Volume,0,1188,5.15568,2.08776,0.963008,3.24592,5.1793,7.84116,127.532,15000,1251968,46.4901
Suite_15,Deferred_Volume,0,1189,5.15309,3.01874,3.20006,3.83347,7.34557,7.69289,129.99,15000,1249152,46.9447
Suite_15,Deferred_Volume,0,1190,5.14301,2.11975,0.960512,4.32947,5.58499,8.63108,115.86,15000,1246464,47.2443
Suite_15,Deferred_Volume,0,1191,5.14338,2.12607,0.989248,3.86566,5.7881,7.73562,129.272,15000,1244800,47.7105
Suite_15,Deferred_Volume,0,1192,5.13805,2.13394,0.97808,3.952,5.7897,7.71479,129.621,15000,1242240,47.9025
Suite_15,Deferred_Volume,0,1193,5.1299,2.08058,0.948224,3.91402,5.17043,7.73833,129.227,15000,1239552,48.2179
Suite_15,Deferred_Volume,0,1194,5.12753,2.09407,0.94016,3.89677,5.14438,7.68253,130.165,15000,1238528,48.484
Suite_15,Deferred_Volume,0,1195,5.12868,2.13352,0.978048,3.36589,5.27437,7.67206,130.343,15000,1235840,48.5757
Suite_15,Deferred_Volume,0,1196,5.13195,2.10049,0.936096,5.35552,6.59978,7.73053,129.357,15000,1234688,48.6908
Suite_15,Deferred_Volume,0,1197,5.11703,2.09923,0.948224,3.8359,5.08928,7.70064,129.859,15000,1233280,48.9977
Suite_15,Deferred_Volume,0,1198,5.10734,2.07011,0.944192,3.8097,5.06192,7.68306,130.157,15000,1230720,49.2383
Suite_15,Deferred_Volume,0,1199,5.10608,2.11085,2.4617,4.54656,7.31546,7.63359,131,15000,1227264,49.578
Suite_15,Deferred_Volume,0,1200,5.09389,2.05806,0.946176,4.39501,5.64298,7.67861,130.232,15000,1223680,49.9031
Suite_15,Deferred_Volume,0,1201,5.09007,2.05932,0.976896,3.88301,5.79379,7.59142,131.728,15000,1220224,50.2586
Suite_15,Deferred_Volume,0,1202,5.08566,2.0624,0.948832,3.8623,5.10746,7.59173,131.722,15000,1218816,50.6156
Suite_15,Deferred_Volume,0,1203,5.07771,2.07244,0.953184,3.87277,5.12374,7.59502,131.665,15000,1215616,50.98
Suite_15,Deferred_Volume,0,1204,5.07535,2.05886,0.948224,3.80333,5.05786,7.58749,131.796,15000,1212288,51.3308
Suite_15,Deferred_Volume,0,1205,5.06035,2.05882,0.969312,3.31754,5.22448,7.58188,131.893,15000,1208704,51.7003
Suite_15,Deferred_Volume,0,1206,5.05733,2.06315,0.945312,5.30874,6.55866,7.57314,132.046,15000,1205888,52.084
Suite_15,Deferred_Volume,0,1207,5.05683,2.1062,0.94576,3.77856,5.6489,7.56354,132.213,15000,1203072,52.456
Suite_15,Deferred_Volume,0,1208,5.05113,2.05318,0.94208,3.996,5.24298,7.62062,131.223,15000,1201408,52.8109
Suite_15,Deferred_Volume,0,1209,5.04409,2.06375,1.9169,3.77824,5.99142,7.55836,132.304,15000,1198720,53.1974
Suite_15,Deferred_Volume,0,1210,5.03294,2.08763,0.940992,3.82157,5.07066,7.54329,132.568,15000,1196416,53.5715
Suite_15,Deferred_Volume,0,1211,5.03563,2.92957,1.5696,4.33152,6.20986,7.55133,132.427,15000,1193856,53.9845
Suite_15,Deferred_Volume,0,1212,5.03414,2.04061,0.92512,3.83843,5.06624,8.4102,118.903,15000,1190784,54.395
Suite_15,Deferred_Volume,0,1213,5.02542,2.05906,1.95789,3.81542,6.08051,7.51794,133.015,15000,1187200,54.8022
Suite_15,Deferred_Volume,0,1214,5.00445,2.01056,0.904864,3.84061,5.05424,7.53125,132.78,15000,1182720,52.359
Suite_15,Deferred_Volume,0,1215,5.00908,2.06806,0.937248,3.8767,5.11597,7.4621,134.011,15000,1180800,52.8051
Suite_15,Deferred_Volume,0,1216,5.00041,2.01928,0.93776,3.85645,5.10566,7.53056,132.792,15000,1177728,52.5875
Suite_15,Deferred_Volume,0,1217,4.98742,2.02456,0.90368,4.02403,5.22371,7.47223,133.829,15000,1174400,53.0111
Suite_15,Deferred_Volume,0,1218,4.98668,2.03673,0.887648,3.30957,5.07469,7.45722,134.098,15000,1171712,53.4487
Suite_15,Deferred_Volume,0,1219,4.97699,2.03615,0.901984,4.01984,5.228,7.46187,134.015,15000,1168512,53.9014
Suite_15,Deferred_Volume,0,1220,4.97471,2.01605,0.886336,3.89344,5.09952,7.43328,134.53,15000,1166208,53.8235
Suite_15,Deferred_Volume,0,1221,4.95784,2.08554,0.888288,4.03862,5.23878,7.44013,134.406,15000,1161856,53.916
Suite_15,Deferred_Volume,0,1222,4.95915,1.97529,0.88064,4.42883,5.6201,7.47105,133.85,15000,1159040,54.3252
Suite_15,Deferred_Volume,0,1223,4.94366,2.01723,0.917504,4.54621,5.76826,7.36686,135.743,15000,1156352,54.7679
Suite_15,Deferred_Volume,0,1224,4.94393,2.00425,0.888896,4.45712,5.66208,7.38498,135.41,15000,1153152,55.2389
Suite_15,Deferred_Volume,0,1225,4.92483,1.96969,2.39245,4.49366,7.20102,7.39144,135.292,15000,1149312,55.5458
Suite_15,Deferred_Volume,0,1226,4.92284,1.97823,0.861888,4.01734,5.18122,7.33245,136.38,15000,1145600,56.0847
Suite_15,Deferred_Volume,0,1227,4.94153,2.04889,0.860192,4.0632,5.23264,7.33069,136.413,15000,1140992,54.0829
Suite_15,Deferred_Volume,0,1228,4.90189,1.96968,0.84992,3.96902,5.11891,7.41156,134.924,15000,1136384,54.5623
Suite_15,Deferred_Volume,0,1229,4.89376,2.00102,0.883808,4.03318,5.2265,7.2923,137.131,15000,1132416,54.5012
Suite_15,Deferred_Volume,0,1230,4.89539,1.98617,0.864416,3.93738,5.11082,7.32237,136.568,15000,1128576,53.6301
Suite_15,Deferred_Volume,0,1231,4.86949,1.98041,0.864096,4.0543,5.22854,7.29193,137.138,15000,1124224,54.1388
Suite_15,Deferred_Volume,0,1232,4.8688,1.98769,0.867968,3.99222,5.17338,7.26365,137.672,15000,1119872,54.621
Suite_15,Deferred_Volume,0,1233,4.85519,1.95569,0.8496,4.09395,5.24493,7.26997,137.552,15000,1116672,55.1472
Suite_15,Deferred_Volume,0,1234,4.8514,5.47076,0.858496,4.48058,5.64838,7.22577,138.394,15000,1112576,55.6474
Suite_15,Deferred_Volume,0,1235,4.85331,1.95566,2.51027,4.54128,7.36051,10.7248,93.2417,15000,1108992,56.1663
Suite_15,Deferred_Volume,0,1236,4.85255,1.95072,0.83968,4.46874,5.62176,7.21178,138.662,15000,1105792,56.7034
Suite_15,Deferred_Volume,0,1237,4.82003,1.91785,3.01805,4.03334,7.35642,7.21314,138.636,15000,1102976,57.2489
Suite_15,Deferred_Volume,0,1238,4.81088,1.93274,0.82992,3.95264,5.09117,7.14511,139.956,15000,1099264,57.7908
Suite_15,Deferred_Volume,0,1239,4.80843,1.87888,0.837632,3.9904,5.13158,7.15767,139.71,15000,1095424,58.3385
Suite_15,Deferred_Volume,0,1240,4.79569,1.91378,0.823296,3.90106,5.02861,7.09479,140.948,15000,1091456,58.0821
Suite_15,Deferred_Volume,0,1241,4.78497,1.88508,0.83968,3.97693,5.12614,7.1258,140.335,15000,1087104,58.6392
Suite_15,Deferred_Volume,0,1242,4.79008,1.91173,0.825344,3.86483,4.98704,7.06803,141.482,15000,1083136,59.2312
Suite_15,Deferred_Volume,0,1243,4.76495,1.92042,0.833824,3.94525,5.08928,7.09381,140.968,15000,1078656,59.7905
Suite_15,Deferred_Volume,0,1244,4.7661,1.92345,0.831488,3.87686,5.01158,7.08761,141.091,15000,1075072,60.3567
Suite_15,Deferred_Volume,0,1245,4.75064,1.94555,0.858048,3.92192,5.11501,7.09701,140.904,15000,1070848,60.4934
Suite_15,Deferred_Volume,0,1246,4.73933,1.90795,0.8192,3.89578,5.0176,7.08405,141.162,15000,1066240,61.0668
Suite_15,Deferred_Volume,0,1247,4.72564,1.90342,0.846368,3.96493,5.12736,7.05453,141.753,15000,1060736,61.6382
Suite_15,Deferred_Volume,0,1248,4.71783,1.88225,0.832096,3.87354,5.01862,7.01824,142.486,15000,1056384,62.1967
Suite_15,Deferred_Volume,0,1249,4.71099,1.94888,0.84272,3.90758,5.06102,6.99893,142.879,15000,1052800,62.7911
Suite_15,Deferred_Volume,0,1250,4.70577,1.90742,0.833536,3.83277,4.97254,7.05517,141.74,15000,1048960,63.357
Suite_15,Deferred_Volume,0,1251,4.68115,1.86512,0.837632,3.93328,5.07699,6.99319,142.996,15000,1043456,63.3651
Suite_15,Deferred_Volume,0,1252,4.67993,1.87392,0.837632,3.85347,4.99674,6.92226,144.461,15000,1039104,63.9677
Suite_15,Deferred_Volume,0,1253,4.6625,1.87313,0.832064,3.90349,5.04419,6.93927,144.107,15000,1034496,64.1585
Suite_15,Deferred_Volume,0,1254,4.65105,1.83427,0.837408,3.85027,4.98746,6.91905,144.529,15000,1029888,64.7614
Suite_15,Deferred_Volume,0,1255,4.63363,1.84877,0.841216,3.88301,5.0321,6.85729,145.83,15000,1025152,65.3437
Suite_15,Deferred_Volume,0,1256,4.62966,1.82385,0.79872,3.85491,4.9649,6.87133,145.532,15000,1020800,65.948
Suite_15,Deferred_Volume,0,1257,4.61544,1.83773,0.841728,3.88339,5.0512,6.84254,146.145,15000,1017088,65.7951
Suite_15,Deferred_Volume,0,1258,4.60568,1.80273,0.802816,3.808,4.91978,6.8536,145.909,15000,1011840,66.4285
Suite_15,Deferred_Volume,0,1259,4.59014,4.37075,2.53203,3.30547,6.14202,6.7808,147.475,15000,1005696,67.0671
Suite_15,Deferred_Volume,0,1260,4.60576,1.81757,0.800736,3.97674,5.07891,9.34685,106.988,15000,1001344,67.7572
Suite_15,Deferred_Volume,0,1261,4.59396,1.82137,0.827392,3.26422,5.5255,6.80159,147.024,15000,996992,68.4096
Suite_15,Deferred_Volume,0,1262,4.5598,1.78892,0.792576,4.00794,5.09987,6.8155,146.724,15000,989312,69.0358
Suite_15,Deferred_Volume,0,1263,4.55044,1.81595,0.796448,3.33798,5.01149,6.72242,148.756,15000,983296,69.4717
Suite_15,Deferred_Volume,0,1264,4.52447,1.75734,2.83648,3.99014,7.13318,6.73676,148.439,15000,977792,70.1383
Suite_15,Deferred_Volume,0,1265,4.51419,1.80381,0.802944,3.85434,4.9656,6.64281,150.539,15000,972160,70.8094
Suite_15,Deferred_Volume,0,1266,4.50422,1.71828,0.7784,3.95878,5.04838,6.70314,149.184,15000,967808,70.9381
Suite_15,Deferred_Volume,0,1267,4.49034,1.77041,1.3633,3.88909,5.58694,6.60329,151.44,15000,962304,71.493
Suite_15,Deferred_Volume,0,1268,4.48055,1.74082,0.78784,3.88781,4.98595,6.6277,150.882,15000,957952,72.026
Suite_15,Deferred_Volume,0,1269,4.51895,1.78886,0.763904,3.94813,5.01757,6.58626,151.831,15000,953984,71.6417
Suite_15,Deferred_Volume,0,1270,4.45494,1.72432,1.41654,5.3255,7.05021,6.6817,149.663,15000,948352,71.5058
Suite_15,Deferred_Volume,0,1271,4.44808,2.20533,0.75824,3.8359,4.90086,6.53888,152.931,15000,941952,72.0512
Suite_15,Deferred_Volume,0,1272,4.43777,1.70194,0.766592,5.31853,6.41648,7.01691,142.513,15000,936576,72.5918
Suite_15,Deferred_Volume,0,1273,4.41846,2.37799,1.46022,3.80518,5.57501,6.49442,153.978,15000,931584,72.8416
Suite_15,Deferred_Volume,0,1274,4.41042,1.71373,0.768,5.28131,6.37171,7.15756,139.712,15000,927360,73.361
Suite_15,Deferred_Volume,0,1275,4.405,2.61776,0.771072,3.79904,4.87846,6.46612,154.652,15000,922624,73.7636
Suite_15,Deferred_Volume,0,1276,4.38172,1.70471,1.68557,3.89722,5.8921,7.37488,135.596,15000,916992,74.2433
Suite_15,Deferred_Volume,0,1277,4.36841,1.69898,0.772384,4.33443,5.41286,6.42803,155.569,15000,910336,74.7125
Suite_15,Deferred_Volume,0,1278,4.36549,2.12614,0.779808,4.22506,5.30768,6.41265,155.942,15000,906624,75.1713
Suite_15,Deferred_Volume,0,1279,4.35319,1.69389,2.36563,4.33552,7.01565,6.82275,146.568,15000,902784,74.8886
Suite_15,Deferred_Volume,0,1280,4.33398,2.23927,0.770432,4.28282,5.35942,6.38648,156.581,15000,896128,75.2926
Suite_15,Deferred_Volume,0,1281,4.31743,1.6759,0.800768,4.26803,5.37635,6.91336,144.648,15000,890112,75.6569
Suite_15,Deferred_Volume,0,1282,4.31089,2.31936,0.777568,3.68026,4.87869,6.32213,158.174,15000,883840,75.8954
Suite_15,Deferred_Volume,0,1283,4.29627,1.63744,0.767424,3.7975,4.86611,6.97402,143.389,15000,878336,76.2367
Suite_15,Deferred_Volume,0,1284,4.28815,1.83772,0.770048,3.65411,4.73171,6.27792,159.288,15000,872704,74.3286
Suite_15,Deferred_Volume,0,1285,4.26594,1.64976,2.88,3.77037,6.96934,6.45595,154.896,15000,867200,74.6945
Suite_15,Deferred_Volume,0,1286,4.25635,2.32703,0.762432,3.65062,4.7183,6.2351,160.382,15000,861696,75.0807
Suite_15,Deferred_Volume,0,1287,4.2433,1.6165,0.751488,3.75795,4.81894,6.9152,144.609,15000,856704,74.8439
Suite_15,Deferred_Volume,0,1288,4.23063,3.88525,2.27328,3.59424,6.17158,6.19247,161.486,15000,851456,75.1345
Suite_15,Deferred_Volume,0,1289,4.22637,1.60514,0.745152,3.75398,4.80784,8.43931,118.493,15000,846336,74.334
Suite_15,Deferred_Volume,0,1290,4.22399,1.6251,0.763776,3.58605,4.67533,6.16857,162.112,15000,840448,73.4643
Suite_15,Deferred_Volume,0,1291,4.18791,1.59811,2.27834,3.74928,6.33174,6.18234,161.751,15000,834688,73.7918
Suite_15,Deferred_Volume,0,1292,4.1774,1.90921,0.724992,3.67632,4.7145,6.08914,164.227,15000,829312,74.1403
Suite_15,Deferred_Volume,0,1293,4.16899,1.60168,0.741024,3.69018,4.73232,6.40641,156.094,15000,824960,74.523
Suite_15,Deferred_Volume,0,1294,4.16118,2.42798,0.733184,3.75514,5.42208,6.08376,164.372,15000,820096,74.9312
Suite_15,Deferred_Volume,0,1295,4.14556,1.56718,0.718848,3.76218,4.7807,6.90349,144.854,15000,815744,75.376
Suite_15,Deferred_Volume,0,1296,4.13153,2.69798,0.708608,4.25165,5.2695,6.01213,166.33,15000,811136,75.6799
Suite_15,Deferred_Volume,0,1297,4.1194,1.55965,0.831744,5.71187,6.84442,7.14071,140.042,15000,806272,74.9319
Suite_15,Deferred_Volume,0,1298,4.10348,2.67269,0.67376,3.74717,4.72346,5.98488,167.088,15000,801408,75.2867
Suite_15,Deferred_Volume,0,1299,4.09603,1.56445,0.673728,5.69712,6.67792,7.09984,140.848,15000,796672,74.3499
Suite_15,Deferred_Volume,0,1300,4.08415,2.76269,0.684032,3.72109,4.90906,5.971,167.476,15000,792576,74.4693
Suite_15,Deferred_Volume,0,1301,4.07723,1.54934,0.669472,5.18992,6.17194,7.16072,139.651,15000,787584,74.8491
Suite_15,Deferred_Volume,0,1302,4.06445,2.34888,0.659456,3.68746,4.64973,5.92503,168.775,15000,781184,73.893
Suite_15,Deferred_Volume,0,1303,4.04773,1.52688,0.843872,3.69459,4.83856,6.72654,148.665,15000,776576,74.322
Suite_15,Deferred_Volume,0,1304,4.02744,1.50599,0.673376,3.75011,4.72883,5.86105,170.618,15000,771584,74.792
Suite_15,Deferred_Volume,0,1305,4.0278,2.17064,0.64912,3.75738,4.71654,5.83588,171.354,15000,765568,74.9546
Suite_15,Deferred_Volume,0,1306,4.00957,1.49908,0.810368,5.64406,6.7584,6.49773,153.9,15000,759808,75.4986
Suite_15,Deferred_Volume,0,1307,3.99755,2.85687,0.64112,3.6944,4.63459,5.78866,172.752,15000,754432,75.8606
Suite_15,Deferred_Volume,0,1308,3.98253,1.47767,0.626688,3.7056,4.63488,7.14827,139.894,15000,749952,76.2237
Suite_15,Deferred_Volume,0,1309,3.97225,1.53195,1.28109,5.7329,7.32134,5.7515,173.868,15000,744320,76.4748
Suite_15,Deferred_Volume,0,1310,3.96237,2.75658,0.628608,3.70688,4.63232,5.78562,172.842,15000,737536,77.0782
Suite_15,Deferred_Volume,0,1311,3.94915,1.48631,0.629728,5.20806,6.1481,6.99951,142.867,15000,733184,77.7114
Suite_15,Deferred_Volume,0,1312,3.94464,2.51014,1.26054,3.68922,5.25773,5.70785,175.197,15000,729344,78.3721
Suite_15,Deferred_Volume,0,1313,3.92108,1.49509,0.635904,3.66384,4.60422,6.78646,147.352,15000,724352,79.1496
Suite_15,Deferred_Volume,0,1314,3.9078,1.4717,0.640832,3.73482,4.70256,5.69749,175.516,15000,719360,78.9056
Suite_15,Deferred_Volume,0,1315,3.90121,2.48938,1.24538,3.70435,5.2529,5.65735,176.761,15000,712448,79.449
Suite_15,Deferred_Volume,0,1316,3.89208,1.51628,0.620064,5.66477,6.59517,6.72738,148.646,15000,707072,80.0092
Suite_15,Deferred_Volume,0,1317,3.87502,2.91886,0.628,4.11789,5.04048,5.67625,176.173,15000,702464,80.9894
Suite_15,Deferred_Volume,0,1318,3.86594,1.49024,0.621376,5.65722,6.70522,7.1213,140.424,15000,699136,82.0634
Suite_15,Deferred_Volume,0,1319,3.8525,2.9631,0.6024,3.65654,4.56704,5.61668,178.041,15000,693504,81.6913
Suite_15,Deferred_Volume,0,1320,3.83925,1.4683,0.601152,5.17341,6.07837,7.14148,140.027,15000,688384,80.1358
Suite_15,Deferred_Volume,0,1321,3.83824,2.63341,1.23283,3.59386,5.12016,5.56579,179.669,15000,683136,78.4385
Suite_15,Deferred_Volume,0,1322,3.81593,1.4461,0.618496,3.54918,4.46646,6.79852,147.091,15000,678912,79.7498
Suite_15,Deferred_Volume,0,1323,3.79412,1.42782,0.616512,3.65821,4.5993,5.5193,181.182,15000,673920,81.2439
Suite_15,Deferred_Volume,0,1324,3.78269,3.70667,1.67805,3.56688,5.55014,5.48023,182.474,15000,668288,81.8963
Suite_15,Deferred_Volume,0,1325,3.79115,1.438,0.587776,3.62701,4.51674,7.74367,129.138,15000,664192,83.6053
Suite_15,Deferred_Volume,0,1326,3.79483,2.24435,0.601824,4.05318,4.96019,5.49716,181.912,15000,658560,85.4401
Suite_15,Deferred_Volume,0,1327,3.7623,1.41572,0.591776,5.55213,6.57616,6.43159,155.483,15000,653568,87.4314
Suite_15,Deferred_Volume,0,1328,3.7324,2.9997,0.59712,3.52413,4.41674,5.49016,182.144,15000,648064,89.5579
Suite_15,Deferred_Volume,0,1329,3.73437,1.41117,0.593376,5.02531,5.90643,6.98952,143.071,15000,643840,91.8635
Suite_15,Deferred_Volume,0,1330,3.72721,2.57856,0.596224,3.52035,4.41315,5.39319,185.419,15000,638592,94.3503
Suite_15,Deferred_Volume,0,1331,3.70638,1.38169,0.719232,3.51379,4.55168,6.66897,149.948,15000,633856,96.9977
Suite_15,Deferred_Volume,0,1332,3.6866,1.36138,0.583968,3.54099,4.42547,5.43971,183.833,15000,629632,99.9092
Suite_15,Deferred_Volume,0,1333,3.6745,2.66662,0.600064,3.97507,4.87178,5.29082,189.007,15000,624256,102.988
Suite_15,Deferred_Volume,0,1334,3.66901,1.39616,0.591712,5.43354,6.32454,6.58473,151.867,15000,617984,106.282
Suite_15,Deferred_Volume,0,1335,3.65394,2.98124,0.610304,3.37555,4.30694,5.40593,184.982,15000,613632,109.801
Suite_15,Deferred_Volume,0,1336,3.65191,1.54209,0.60352,4.89283,5.81213,6.86749,145.614,15000,609792,113.78
Suite_15,Deferred_Volume,0,1337,3.64131,3.12142,0.598208,2.80784,4.26301,5.54619,180.304,15000,605056,117.834
Suite_15,Deferred_Volume,0,1338,3.62536,1.33709,0.6144,3.41933,4.31949,6.99556,142.948,15000,600192,122.497
Suite_15,Deferred_Volume,0,1339,3.60117,1.33094,0.599872,4.77158,5.66682,5.20019,192.301,15000,595712,127.552
Suite_15,Deferred_Volume,0,1340,3.60078,2.4072,0.595968,3.79827,4.69578,5.16458,193.627,15000,592512,132.757
Suite_15,Deferred_Volume,0,1341,3.58764,1.34659,0.580352,5.25517,6.14218,6.34744,157.544,15000,588544,138.972
Suite_15,Deferred_Volume,0,1342,3.57494,2.8891,0.591872,3.18669,4.08982,5.27283,189.652,15000,583296,145.429
Suite_15,Deferred_Volume,0,1343,3.58292,1.36773,1.36851,4.6551,6.32218,6.69964,149.262,15000,579456,154.306
Suite_15,Deferred_Volume,0,1344,3.56488,2.27241,0.642752,3.09862,4.04976,5.17052,193.404,15000,575360,159.879
Suite_15,Deferred_Volume,0,1345,3.54612,1.30772,0.619872,4.66166,5.58768,6.22346,160.682,15000,569856,162.802
Suite_15,Deferred_Volume,0,1346,3.53297,2.29291,0.604832,3.75933,4.66534,5.07645,196.988,15000,565888,160.952
Suite_15,Deferred_Volume,0,1347,3.5226,1.36386,0.54272,5.44768,6.42723,6.19454,161.433,15000,560000,165.4
Suite_15,Deferred_Volume,0,1348,3.50697,3.11082,0.536576,3.4993,4.33747,5.25963,190.128,15000,555520,167.221
Suite_15,Deferred_Volume,0,1349,3.51314,1.30525,0.534336,3.00102,3.8441,6.83425,146.322,15000,552448,171.098
Suite_15,Deferred_Volume,0,1350,3.4864,1.28278,0.55296,3.4848,4.34982,5.03057,198.785,15000,547712,175.071
Suite_15,Deferred_Volume,0,1351,3.47491,2.76125,0.538048,3.54838,5.0057,4.98149,200.743,15000,543360,177.346
Suite_15,Deferred_Volume,0,1352,3.47023,1.57847,0.510112,5.40467,6.2208,6.59983,151.519,15000,539392,176.296
Suite_15,Deferred_Volume,0,1353,3.45967,2.9953,0.50176,3.42922,4.2441,5.41024,184.835,15000,534272,172.221
Suite_15,Deferred_Volume,0,1354,3.44009,1.27724,0.50144,3.43146,4.22797,6.76251,147.874,15000,528512,164.522
Suite_15,Deferred_Volume,0,1355,3.42689,1.33298,0.492672,3.46077,6.30189,4.92055,203.229,15000,523520,162.438
Suite_15,Deferred_Volume,0,1356,3.42744,3.09076,0.47792,3.35491,4.14515,5.16019,193.791,15000,519552,160.236
Suite_15,Deferred_Volume,0,1357,3.40884,1.2535,0.494016,3.89542,4.68992,6.72799,148.633,15000,515584,157.906
Suite_15,Deferred_Volume,0,1358,3.39334,1.33183,0.4656,4.8128,5.58822,4.86346,205.615,15000,512256,155.177
Suite_15,Deferred_Volume,0,1359,3.37736,2.55554,0.468256,3.31981,4.76966,5.10303,195.962,15000,508032,151.039
Suite_15,Deferred_Volume,0,1360,3.39392,1.37899,0.477184,3.33587,4.11293,6.12902,163.158,15000,504448,148.62
Suite_15,Deferred_Volume,0,1361,3.37173,1.23232,0.452192,3.4104,4.16358,5.17546,193.22,15000,500352,146.396
Suite_15,Deferred_Volume,0,1362,3.35268,2.98611,0.477696,3.85734,4.64618,4.7958,208.516,15000,495744,144.653
Suite_15,Deferred_Volume,0,1363,3.35222,1.40285,0.468256,4.71923,5.62214,6.55004,152.671,15000,490880,143.336
Suite_15,Deferred_Volume,0,1364,3.34598,2.45062,0.464544,2.76298,4.15744,5.15001,194.174,15000,485760,140.389
Suite_15,Deferred_Volume,0,1365,3.3476,1.44898,0.48368,3.29021,4.07757,6.04397,165.454,15000,482432,139.916
Suite_15,Deferred_Volume,0,1366,3.32322,1.22737,0.478336,4.75427,5.53757,5.17679,193.17,15000,478592,140.328
Suite_15,Deferred_Volume,0,1367,3.34118,2.93055,0.48784,3.74784,4.53766,4.74568,210.718,15000,475520,139.565
Suite_15,Deferred_Volume,0,1368,3.30292,1.42117,0.475296,4.74445,5.65808,6.45897,154.823,15000,471424,139.381
Suite_15,Deferred_Volume,0,1369,3.28389,2.54518,0.471008,2.66979,4.00637,5.11276,195.589,15000,466944,142.341
Suite_15,Deferred_Volume,0,1370,3.28171,1.42465,0.466656,3.20938,3.97907,6.07286,164.667,15000,462720,146.183
Suite_15,Deferred_Volume,0,1371,3.26533,3.43248,0.462368,3.20938,3.98102,5.09864,196.131,15000,458880,151.567
Suite_15,Deferred_Volume,0,1372,3.27372,1.20923,0.4872,3.19267,3.9856,6.88248,145.296,15000,455552,158.726
Suite_15,Deferred_Volume,0,1373,3.26544,1.20527,2.57638,3.328,6.2231,4.6635,214.431,15000,451840,167.927
Suite_15,Deferred_Volume,0,1374,3.22945,2.93105,0.475968,2.63267,3.98131,4.69427,213.026,15000,447488,179.744
Suite_15,Deferred_Volume,0,1375,3.22061,1.31773,0.472192,4.66179,5.43366,6.39392,156.399,15000,444416,194.813
Suite_15,Deferred_Volume,0,1376,3.20647,2.53769,0.470432,3.16576,3.93235,4.94819,202.094,15000,438912,212.974
Suite_15,Deferred_Volume,0,1377,3.20362,1.41165,0.479488,3.16826,3.97517,5.96847,167.547,15000,435712,236.702
Suite_15,Deferred_Volume,0,1378,3.17649,1.20501,1.12214,4.65347,6.08013,5.02081,199.171,15000,432256,265.949
Suite_15,Deferred_Volume,0,1379,3.19208,2.82524,0.470816,2.55469,3.33123,4.55777,219.406,15000,426368,299.983
Suite_15,Deferred_Volume,0,1380,3.17201,1.15876,0.454656,3.12934,3.8793,6.33658,157.814,15000,423680,337.221
Suite_15,Deferred_Volume,0,1381,3.13189,1.25312,0.449216,4.53018,5.28794,4.50313,222.068,15000,418816,371.535
Suite_15,Deferred_Volume,0,1382,3.12236,2.49333,0.44032,2.53187,3.27878,4.80333,208.189,15000,414976,395.596
Suite_15,Deferred_Volume,0,1383,3.13219,1.39335,0.441088,3.02694,3.77437,5.83014,171.522,15000,410880,400.609
Suite_15,Deferred_Volume,0,1384,3.11685,1.13439,0.446464,3.07779,3.82589,4.94263,202.322,15000,408064,385.215
Suite_15,Deferred_Volume,0,1385,3.1011,2.66866,0.438208,2.92058,3.65798,4.41312,226.597,15000,404736,354.284
Suite_15,Deferred_Volume,0,1386,3.10549,1.15611,0.430688,4.42659,5.16301,6.09912,163.958,15000,401280,316.626
Suite_15,Deferred_Volume,0,1387,3.08998,2.53443,0.445312,2.84058,3.58982,4.42145,226.17,15000,397056,278.868
Suite_15,Deferred_Volume,0,1388,3.08836,1.14658,0.678336,2.87875,3.8583,6.03418,165.722,15000,393856,243.88
Suite_15,Deferred_Volume,0,1389,3.07319,1.12991,0.40464,2.9311,3.64083,4.39641,227.458,15000,390528,216.085
Suite_15,Deferred_Volume,0,1390,3.06781,2.31291,0.401408,2.2016,2.90243,4.35964,229.377,15000,386048,193.602
Suite_15,Deferred_Volume,0,1391,3.05538,1.09746,0.38896,4.23117,4.92602,5.79229,172.643,15000,382080,171.813
Suite_15,Deferred_Volume,0,1392,3.02313,2.26626,0.37264,2.74022,3.41274,4.30097,232.506,15000,378112,157.388
Suite_15,Deferred_Volume,0,1393,3.03152,1.1198,0.36256,4.2455,4.90106,5.75584,173.737,15000,374272,145.658
Suite_15,Deferred_Volume,0,1394,3.02377,2.23919,0.357824,2.69133,3.46422,4.29953,232.584,15000,370048,135.407
Suite_15,Deferred_Volume,0,1395,3.00935,1.08493,0.3536,2.68134,3.35658,5.72367,174.713,15000,366464,127.751
Suite_15,Deferred_Volume,0,1396,2.99086,1.07359,0.350208,2.79542,3.45107,4.25655,234.932,15000,362880,121.277
Suite_15,Deferred_Volume,0,1397,2.99178,2.02956,0.346624,2.70131,3.35053,4.21654,237.161,15000,358656,115.754
Suite_15,Deferred_Volume,0,1398,2.97049,1.10865,0.343392,2.71229,3.37104,5.48718,182.243,15000,354048,111.39
Suite_15,Deferred_Volume,0,1399,2.96959,1.08022,0.339616,2.84435,3.48835,4.22171,236.871,15000,350208,107.368
Suite_15,Deferred_Volume,0,1400,2.96203,2.17691,0.362784,2.74602,3.41322,4.19506,238.376,15000,346624,104.218
Suite_15,Deferred_Volume,0,1401,2.93913,1.07645,0.360448,2.72282,3.39357,5.58888,178.927,15000,342144,101.725
Suite_15,Deferred_Volume,0,1402,2.90779,1.05353,0.361088,2.8713,3.52461,4.15446,240.705,15000,339584,99.7898
Suite_15,Deferred_Volume,0,1403,2.93308,2.36696,0.3736,2.63264,3.30342,4.09745,244.054,15000,336384,98.0278
Suite_15,Deferred_Volume,0,1404,2.91885,1.05688,0.350272,2.63178,3.30342,5.74717,173.999,15000,333312,94.5513
Suite_15,Deferred_Volume,0,1405,2.89452,1.05402,0.358144,2.75891,3.41994,4.10975,243.324,15000,330368,93.0669
Suite_15,Deferred_Volume,0,1406,2.89872,2.21457,0.35872,2.60275,3.2601,4.08308,244.913,15000,326528,89.2813
Suite_15,Deferred_Volume,0,1407,2.88677,1.04838,0.350048,2.59686,3.25094,5.5535,180.067,15000,322688,88.1402
Suite_15,Deferred_Volume,0,1408,2.85753,1.03422,0.352,2.68758,3.33552,4.06832,245.802,15000,319616,84.2193
Suite_15,Deferred_Volume,0,1409,2.88202,2.10385,0.355072,2.57638,3.22355,4.0268,248.336,15000,316288,83.3807
Suite_15,Deferred_Volume,0,1410,2.86898,1.03539,0.352256,2.57638,3.22429,5.45934,183.172,15000,313472,80.2009
Suite_15,Deferred_Volume,0,1411,2.84687,1.03825,0.352992,2.67674,3.3311,4.03299,247.955,15000,310656,77.045
Suite_15,Deferred_Volume,0,1412,2.84583,2.13591,0.349248,2.55594,3.2071,4.01646,248.975,15000,306688,75.4344
Suite_15,Deferred_Volume,0,1413,2.83671,1.0438,0.720768,1.97043,3.55856,5.46606,182.947,15000,304256,74.9054
Suite_15,Deferred_Volume,0,1414,2.81771,1.05159,0.358144,2.1007,2.77389,4.00399,249.751,15000,302080,73.9506
Suite_15,Deferred_Volume,0,1415,2.83184,1.54404,0.350432,2.56179,3.20442,3.9996,250.025,15000,299392,71.5514
Suite_15,Deferred_Volume,0,1416,2.81986,1.03748,0.356896,3.94035,4.59558,4.82456,207.273,15000,296064,71.2118
Suite_15,Deferred_Volume,0,1417,2.79306,2.18587,0.355744,1.99834,2.6497,4.18451,238.977,15000,293888,71.0848
Suite_15,Deferred_Volume,0,1418,2.77838,1.02913,0.366592,2.42074,3.08262,5.10208,195.999,15000,290048,70.9621
Suite_15,Deferred_Volume,0,1419,2.78582,1.00909,0.336224,3.93011,4.56704,3.93114,254.379,15000,287360,70.9111
Suite_15,Deferred_Volume,0,1420,2.77363,2.01113,0.33632,2.41955,3.17395,3.91891,255.173,15000,284544,70.5441
Suite_15,Deferred_Volume,0,1421,2.78077,1.03661,0.329312,2.38378,3.01226,5.26946,189.773,15000,281472,70.4555
Suite_15,Deferred_Volume,0,1422,2.75111,0.986265,0.3216,1.94704,2.57318,3.94218,253.667,15000,277888,70.2811
Suite_15,Deferred_Volume,0,1423,2.74326,1.39089,0.320384,2.37472,2.99622,3.85597,259.338,15000,273920,70.0913
Suite_15,Deferred_Volume,0,1424,2.74004,1.00182,0.319808,3.73693,4.36198,4.60838,216.996,15000,270464,70.1663
Suite_15,Deferred_Volume,0,1425,2.72036,2.03907,0.325344,2.24237,2.86358,3.95965,252.547,15000,267008,70.2703
Suite_15,Deferred_Volume,0,1426,2.71405,1.01075,0.315264,2.2583,2.87744,4.8758,205.095,15000,263680,68.5795
Suite_15,Deferred_Volume,0,1427,2.71409,0.986466,0.323488,1.85446,2.48416,3.8378,260.566,15000,260096,66.6536
Suite_15,Deferred_Volume,0,1428,2.69628,1.36067,0.338656,2.28147,3.48294,3.80915,262.526,15000,255232,66.7702
Suite_15,Deferred_Volume,0,1429,2.68775,0.950953,0.319456,3.65174,4.27597,4.52378,221.054,15000,252416,66.4377
Suite_15,Deferred_Volume,0,1430,2.70517,1.91014,0.331424,2.17328,2.80166,3.94509,253.48,15000,249472,66.5394
Suite_15,Deferred_Volume,0,1431,2.66909,0.847967,0.313344,2.19542,2.81011,4.72602,211.595,15000,247808,64.7692
Suite_15,Deferred_Volume,0,1432,2.65486,0.82008,0.315392,1.77357,2.4161,3.6243,275.915,15000,245120,62.7264
Suite_15,Deferred_Volume,0,1433,2.64741,1.48756,0.311296,2.26749,2.88726,3.58518,278.926,15000,242432,62.9894
Suite_15,Deferred_Volume,0,1434,2.64452,0.941164,0.308704,3.67459,4.27808,4.59933,217.423,15000,239232,63.2548
Suite_15,Deferred_Volume,0,1435,2.63068,2.06334,0.290816,2.12458,2.72054,3.84112,260.341,15000,236544,60.9276
Suite_15,Deferred_Volume,0,1436,2.6187,0.934555,0.68896,1.50118,2.49264,4.79759,208.438,15000,233472,61.1345
Suite_15,Deferred_Volume,0,1437,2.5818,0.916766,0.289984,1.63098,2.21626,3.65277,273.765,15000,229888,61.4091
Suite_15,Deferred_Volume,0,1438,2.60576,1.08481,0.283584,2.0009,2.58048,3.59728,277.988,15000,226944,61.6526
Suite_15,Deferred_Volume,0,1439,2.60365,0.847084,0.288192,2.95738,3.54176,4.15234,240.828,15000,223488,57.6182
Suite_15,Deferred_Volume,0,1440,2.59665,1.2576,0.287392,1.4377,2.02266,3.54989,281.698,15000,222464,57.9134
Suite_15,Deferred_Volume,0,1441,2.57655,0.828429,0.285664,1.43286,2.01114,4.11543,242.988,15000,219136,55.5397
Suite_15,Deferred_Volume,0,1442,2.54815,0.79361,0.290816,3.52589,4.11443,3.65386,273.683,15000,216320,55.7175
Suite_15,Deferred_Volume,0,1443,2.53636,1.97081,0.287872,1.52454,2.10909,3.43706,290.946,15000,213504,53.7121
Suite_15,Deferred_Volume,0,1444,2.5401,0.820819,0.283968,2.12224,2.69923,4.60477,217.166,15000,211200,52.4703
Suite_15,Deferred_Volume,0,1445,2.5273,0.890399,1.92922,2.19136,4.40899,3.45896,289.104,15000,208896,52.9462
Suite_15,Deferred_Volume,0,1446,2.53866,1.41817,0.274848,1.82419,2.39616,3.51251,284.697,15000,206208,53.527
Suite_15,Deferred_Volume,0,1447,2.53068,0.927105,0.27648,1.76048,2.3415,4.40729,226.897,15000,203520,54.4379
Suite_15,Deferred_Volume,0,1448,2.50808,0.889756,0.272384,1.33325,1.91155,3.54702,281.927,15000,201728,56.1535
Suite_15,Deferred_Volume,0,1449,2.50283,0.92375,0.260288,1.73466,2.29786,3.48588,286.872,15000,198912,59.9129
Suite_15,Deferred_Volume,0,1450,2.4942,0.874283,0.264192,2.70675,3.27418,3.71861,268.918,15000,197376,60.1482
Suite_15,Deferred_Volume,0,1451,2.48452,1.56286,0.255488,1.14096,1.69402,3.45323,289.584,15000,194048,60.3871
Suite_15,Deferred_Volume,0,1452,2.47661,0.798857,0.254048,1.1409,1.6937,4.13557,241.805,15000,191872,50.3373
Suite_15,Deferred_Volume,0,1453,2.44503,0.772368,0.251392,1.69712,2.24826,3.36284,297.368,15000,189056,49.7101
Suite_15,Deferred_Volume,0,1454,2.43778,2.96364,0.233472,1.12141,1.6688,3.29982,303.047,15000,186112,49.7055
Suite_15,Deferred_Volume,0,1455,2.4565,0.821904,0.82544,1.7449,2.8672,5.49743,181.903,15000,182656,49.899
Suite_15,Deferred_Volume,0,1456,2.44359,0.785098,0.221184,1.76019,2.28774,3.36644,297.049,15000,180224,49.3755
Suite_15,Deferred_Volume,0,1457,2.44263,0.804652,0.21504,1.71741,2.23181,3.31299,301.842,15000,177408,48.7174
Suite_15,Deferred_Volume,0,1458,2.40787,0.79688,0.21504,1.07315,1.57936,3.55498,281.296,15000,174720,48.8035
Suite_15,Deferred_Volume,0,1459,2.41225,0.833916,0.20512,1.70646,2.20992,3.28312,304.588,15000,172416,48.8797
Suite_15,Deferred_Volume,0,1460,2.40424,0.883254,0.200448,1.04848,1.54419,3.32472,300.777,15000,169472,49.0288
Suite_15,Deferred_Volume,0,1461,2.40454,0.861529,0.2048,1.04019,1.54339,3.36786,296.924,15000,167296,49.1933
Suite_15,Deferred_Volume,0,1462,2.38708,0.852754,0.200704,1.21037,1.70832,3.34125,299.289,15000,165120,48.0916
Suite_15,Deferred_Volume,0,1463,2.38256,0.872263,0.198368,1.02531,1.51587,3.31392,301.757,15000,162944,47.7497
Suite_15,Deferred_Volume,0,1464,2.37405,0.854453,0.199104,1.1937,1.68755,3.32859,300.428,15000,160896,47.8399
Suite_15,Deferred_Volume,0,1465,2.38092,0.800453,0.197952,1.01466,1.50819,3.30384,302.678,15000,158080,47.9587
Suite_15,Deferred_Volume,0,1466,2.35441,0.765924,0.19344,1.19398,1.68122,3.26311,306.456,15000,154752,48.0886
Suite_15,Deferred_Volume,0,1467,2.34487,0.874139,0.210944,1.00717,2.2057,3.19377,313.109,15000,152960,47.9938
Suite_15,Deferred_Volume,0,1468,2.33264,0.764088,0.194016,2.66698,3.14816,3.29044,303.91,15000,150912,48.1203
Suite_15,Deferred_Volume,0,1469,2.33259,1.36302,0.196608,0.991264,1.48237,3.17139,315.319,15000,149376,48.1143
Suite_15,Deferred_Volume,0,1470,2.3207,0.77053,0.190272,0.997056,1.48218,3.7675,265.428,15000,147584,48.2027
Suite_15,Deferred_Volume,0,1471,2.29464,0.760316,0.181024,1.57402,2.05005,3.15803,316.653,15000,145280,46.4377
Suite_15,Deferred_Volume,0,1472,2.29072,0.748365,0.184512,1.15046,1.63635,3.12038,320.474,15000,142848,46.5263
Suite_15,Deferred_Volume,0,1473,2.28838,0.867481,0.176128,1.55357,2.03123,3.10924,321.622,15000,140160,46.6118
Suite_15,Deferred_Volume,0,1474,2.29182,0.863188,0.169984,1.56672,2.02202,3.47074,288.123,15000,138496,45.9619
Suite_15,Deferred_Volume,0,1475,2.29157,0.846508,0.159744,0.977792,2.05837,3.22235,310.333,15000,135296,45.8643
Suite_15,Deferred_Volume,0,1476,2.28073,0.908921,0.143456,0.960512,2.01114,3.20209,312.296,15000,134016,45.9395
Suite_15,Deferred_Volume,0,1477,2.25899,0.826996,0.139264,0.940032,1.37142,3.25789,306.947,15000,132096,46.0221
Suite_15,Deferred_Volume,0,1478,2.2602,0.83621,0.145088,0.9672,2.03715,3.15535,316.922,15000,129664,45.7482
Suite_15,Deferred_Volume,0,1479,2.2506,1.08114,0.159744,0.93232,1.3887,3.15986,316.47,15000,128000,45.4676
Suite_15,Deferred_Volume,0,1480,2.24788,0.764684,0.17856,0.935936,1.41312,3.39462,294.584,15000,125824,45.0891
Suite_15,Deferred_Volume,0,1481,2.24145,0.767036,1.69325,0.888736,3.05152,3.0764,325.055,15000,123008,45.1321
Suite_15,Deferred_Volume,0,1482,2.24552,0.85668,0.180544,0.875744,1.92307,3.07002,325.731,15000,121344,43.5176
Suite_15,Deferred_Volume,0,1483,2.22161,0.775324,0.159136,0.8504,2.89075,3.16852,315.605,15000,119296,43.585
Suite_15,Deferred_Volume,0,1484,2.20833,1.45842,0.173216,0.843392,1.8769,3.05583,327.243,15000,116992,40.077
Suite_15,Deferred_Volume,0,1485,2.20345,0.791289,0.151552,0.828928,1.39949,3.72994,268.101,15000,114432,40.1647
Suite_15,Deferred_Volume,0,1486,2.18582,0.728781,0.13888,0.842784,1.9048,3.05308,327.538,15000,112384,40.2522
Suite_15,Deferred_Volume,0,1487,2.18011,0.747311,0.1424,0.81184,1.87347,2.96883,336.833,15000,110080,40.1317
Suite_15,Deferred_Volume,0,1488,2.17127,0.732063,0.13552,0.770464,1.19917,3.19026,313.454,15000,108288,40.2264
Suite_15,Deferred_Volume,0,1489,2.17579,0.738031,0.13312,0.790368,1.22157,2.95949,337.895,15000,106112,40.314
Suite_15,Deferred_Volume,0,1490,2.16457,1.05991,0.129024,0.751584,1.1673,2.96801,336.926,15000,103936,40.4144
Suite_15,Deferred_Volume,0,1491,2.16526,0.75242,0.13024,0.748352,1.16995,3.27846,305.022,15000,101888,40.2827
Suite_15,Deferred_Volume,0,1492,2.15037,0.760545,0.131072,0.741152,1.16173,2.97185,336.491,15000,99968,40.4037
Suite_15,Deferred_Volume,0,1493,2.14483,1.05882,0.128352,0.761984,1.18182,2.96576,337.182,15000,98048,40.528
Suite_15,Deferred_Volume,0,1494,2.13506,0.778454,0.131808,0.736448,1.17949,3.25733,307,15000,96384,38.4694
Suite_15,Deferred_Volume,0,1495,2.11791,0.726467,0.129408,0.74752,1.16531,2.96456,337.318,15000,94720,38.6748
Suite_15,Deferred_Volume,0,1496,2.11529,0.821969,0.131296,0.71456,1.13459,2.89577,345.332,15000,92672,38.8833
Suite_15,Deferred_Volume,0,1497,2.10846,0.723694,0.128,0.707936,1.12042,2.98768,334.708,15000,91008,37.1489
Suite_15,Deferred_Volume,0,1498,2.10648,0.728865,0.126336,0.702528,1.12531,2.88725,346.35,15000,89344,37.3864
Suite_15,Deferred_Volume,0,1499,2.09864,1.20478,0.122976,0.690848,1.09878,2.88873,346.173,15000,87936,37.6231
Suite_15,Deferred_Volume,0,1500,2.09601,0.770852,0.739328,0.707552,1.73341,3.34957,298.546,15000,86784,37.3203
Suite_15,Deferred_Volume,0,1501,2.08674,0.713344,0.116736,0.710656,1.11821,2.91609,342.924,15000,85120,37.5477
Suite_15,Deferred_Volume,0,1502,2.07338,0.708576,0.114272,0.679936,1.08819,2.84653,351.305,15000,83712,37.7784
Suite_15,Deferred_Volume,0,1503,2.07207,0.71884,0.11248,0.653312,1.05888,2.82654,353.789,15000,82432,38.0112
Suite_15,Deferred_Volume,0,1504,2.06331,0.710788,0.105888,0.632416,1.03098,2.93679,340.508,15000,81152,38.2305
Suite_15,Deferred_Volume,0,1505,2.06254,0.723272,0.106144,0.606304,1.00147,2.81936,354.69,15000,79488,38.1872
Suite_15,Deferred_Volume,0,1506,2.05191,0.712341,0.102112,0.596704,0.980992,2.8317,353.145,15000,77952,38.409
Suite_15,Deferred_Volume,0,1507,2.05458,0.75483,0.101888,0.587872,0.978944,2.8069,356.265,15000,76160,37.5551
Suite_15,Deferred_Volume,0,1508,2.05816,0.703022,0.10064,0.583872,0.96848,2.85736,349.973,15000,74880,37.7612
Suite_15,Deferred_Volume,0,1509,2.03437,0.715422,0.094208,0.577376,0.963328,2.81004,355.866,15000,73472,37.3942
Suite_15,Deferred_Volume,0,1510,2.03417,0.72495,0.096256,0.577536,0.962784,2.79305,358.032,15000,72320,37.5758
Suite_15,Deferred_Volume,0,1511,2.02513,0.707687,0.091488,0.562784,0.934432,2.80196,356.893,15000,70272,37.7272
Suite_15,Deferred_Volume,0,1512,2.01816,1.26921,0.087552,0.575392,0.950592,2.77305,360.613,15000,68736,37.8387
Suite_15,Deferred_Volume,0,1513,2.00817,0.704139,0.086688,0.558368,0.934016,3.33103,300.208,15000,67328,36.2314
Suite_15,Deferred_Volume,0,1514,1.99225,0.701776,0.082432,0.538624,0.907264,2.75262,363.29,15000,65920,35.873
Suite_15,Deferred_Volume,0,1515,1.99676,0.716673,0.082272,0.532192,0.902848,2.73393,365.774,15000,64768,35.9597
Suite_15,Deferred_Volume,0,1516,1.99126,0.696588,0.07952,0.529824,0.897024,2.80949,355.937,15000,63104,35.6891
Suite_15,Deferred_Volume,0,1517,1.97794,0.694751,0.077472,0.526912,0.905216,2.73345,365.839,15000,61184,35.748
Suite_15,Deferred_Volume,0,1518,1.96605,0.693018,0.071392,0.557056,0.943712,2.71067,368.912,15000,59648,35.7883
Suite_15,Deferred_Volume,0,1519,1.96312,0.701556,0.068384,0.519328,0.874816,2.69496,371.062,15000,58752,31.6257
Suite_15,Deferred_Volume,0,1520,1.9893,0.792982,0.06688,0.516896,0.872448,2.70294,369.967,15000,56576,31.7281
Suite_15,Deferred_Volume,0,1521,1.97403,0.710925,0.071168,0.514208,0.874496,2.82419,354.084,15000,55040,31.8194
Suite_15,Deferred_Volume,0,1522,1.96365,1.03317,0.06576,0.528576,0.888832,2.72132,367.469,15000,53376,31.8744
Suite_15,Deferred_Volume,0,1523,1.94455,0.701835,0.063488,0.505568,0.887712,3.03286,329.722,15000,51584,31.9297
Suite_15,Deferred_Volume,0,1524,1.92403,0.686044,0.062528,0.50224,0.849888,2.6807,373.037,15000,50688,31.9743
Suite_15,Deferred_Volume,0,1525,1.92958,0.714609,0.06112,0.495872,0.840352,2.64633,377.882,15000,48896,31.5308
Suite_15,Deferred_Volume,0,1526,1.92631,0.693814,0.061344,0.493536,0.843776,2.6835,372.648,15000,48256,31.5455
Suite_15,Deferred_Volume,0,1527,1.9193,1.24132,0.059136,0.493056,0.84416,2.65292,376.944,15000,47488,31.5499
Suite_15,Deferred_Volume,0,1528,1.9109,0.709892,0.056704,0.489408,0.854816,3.1944,313.047,15000,46080,31.5474
Suite_15,Deferred_Volume,0,1529,1.89733,0.730578,1.57491,0.475168,2.33955,2.65413,376.771,15000,44672,31.536
Suite_15,Deferred_Volume,0,1530,1.90065,0.697313,0.053248,0.452608,0.787072,2.66106,375.79,15000,42880,31.5055
Suite_15,Deferred_Volume,0,1531,1.89131,0.681946,0.055296,0.451552,0.8,2.62954,380.294,15000,40832,31.3121
Suite_15,Deferred_Volume,0,1532,1.89308,1.1648,0.0512,0.444416,0.805312,2.60314,384.152,15000,39808,31.2916
Suite_15,Deferred_Volume,0,1533,1.88195,0.684797,0.049152,0.439168,0.774944,3.29381,303.6,15000,38272,30.7863
Suite_15,Deferred_Volume,0,1534,1.86454,0.694607,0.046464,0.432768,0.769056,2.59713,385.041,15000,37504,29.4235
Suite_15,Deferred_Volume,0,1535,1.86645,0.692861,0.047104,0.425984,0.765408,2.58851,386.323,15000,36352,29.3933
Suite_15,Deferred_Volume,0,1536,1.85798,0.687034,0.043008,0.45056,0.815104,2.58799,386.401,15000,35072,29.3596
Suite_15,Deferred_Volume,0,1537,1.84717,0.68635,0.03952,0.421888,0.751616,2.57444,388.433,15000,33792,28.9302
Suite_15,Deferred_Volume,0,1538,1.83815,0.683845,0.038752,0.415872,0.741824,2.56298,390.171,15000,32896,28.9107
Suite_15,Deferred_Volume,0,1539,1.83774,0.683042,0.049184,0.413696,0.75088,2.54998,392.16,15000,32128,28.5648
Suite_15,Deferred_Volume,0,1540,1.83777,0.685812,0.035584,0.410208,0.730304,2.54694,392.628,15000,31616,26.377
Suite_15,Deferred_Volume,0,1541,1.82956,0.69817,0.036096,0.405632,0.749824,2.56049,390.549,15000,30336,24.1987
Suite_15,Deferred_Volume,0,1542,1.823,0.697542,0.032768,0.403456,0.717504,2.55696,391.089,15000,30080,24.2452
Suite_15,Deferred_Volume,0,1543,1.82262,0.696042,0.03072,0.430144,0.751424,2.54679,392.65,15000,29312,24.2906
Suite_15,Deferred_Volume,0,1544,1.81986,0.696166,0.028672,0.400256,0.716064,2.54582,392.801,15000,28416,24.3371
Suite_15,Deferred_Volume,0,1545,1.81114,0.690039,0.029184,0.399232,0.70656,2.54567,392.824,15000,27264,24.3833
Suite_15,Deferred_Volume,0,1546,1.80555,0.680737,0.027552,0.3952,0.714656,2.52897,395.418,15000,25600,24.4268
Suite_15,Deferred_Volume,0,1547,1.80097,0.679658,0.03168,0.391584,0.70656,2.51141,398.182,15000,24832,24.475
Suite_15,Deferred_Volume,0,1548,1.78964,1.1991,0.02448,0.389312,0.704032,2.50472,399.246,15000,24320,24.5276
Suite_15,Deferred_Volume,0,1549,1.78725,0.681316,0.025664,0.38864,0.700704,3.2686,305.942,15000,22784,24.5653
Suite_15,Deferred_Volume,0,1550,1.78244,0.673613,0.022912,0.386944,0.692224,2.49316,401.098,15000,22144,24.6157
Suite_15,Deferred_Volume,0,1551,1.78165,0.68784,0.023744,0.4104,0.71888,2.48018,403.196,15000,21760,24.6637
Suite_15,Deferred_Volume,0,1552,1.76646,0.671365,0.020928,0.377824,0.710368,2.493,401.124,15000,20352,24.7
Suite_15,Deferred_Volume,0,1553,1.76148,0.675881,0.02048,0.37952,0.682784,2.46171,406.222,15000,20096,24.7469
Suite_15,Deferred_Volume,0,1554,1.75942,0.682159,0.018944,0.375808,0.68608,2.46224,406.134,15000,19200,24.7889
Suite_15,Deferred_Volume,0,1555,1.75694,0.671185,0.018848,0.399008,0.698368,2.47124,404.655,15000,18432,24.8277
Suite_15,Deferred_Volume,0,1556,1.74543,0.671838,0.017632,0.372192,0.67744,2.44966,408.22,15000,17920,24.8648
Suite_15,Deferred_Volume,0,1557,1.75207,0.676927,0.016384,0.366592,0.668416,2.4427,409.383,15000,17536,24.8997
Suite_15,Deferred_Volume,0,1558,1.74291,0.668343,0.018688,0.364544,0.673856,2.45171,407.879,15000,16640,24.929
Suite_15,Deferred_Volume,0,1559,1.73868,0.661693,0.016128,0.360448,0.651872,2.43233,411.128,15000,16128,24.9596
Suite_15,Deferred_Volume,0,1560,1.73223,0.666187,0.014336,0.354304,0.652704,2.42105,413.043,15000,15232,24.9856
Suite_15,Deferred_Volume,0,1561,1.72718,0.674782,0.014336,0.329728,0.622784,2.42147,412.972,15000,14848,25.0117
Suite_15,Deferred_Volume,0,1562,1.72762,0.677759,0.013504,0.323808,0.624608,2.42341,412.642,15000,13952,23.8412
Suite_15,Deferred_Volume,0,1563,1.72062,0.684015,0.013696,0.319328,0.619296,2.42676,412.072,15000,13440,23.8603
Suite_15,Deferred_Volume,0,1564,1.71752,0.671525,0.012288,0.31744,0.610528,2.42461,412.438,15000,12672,23.8721
Suite_15,Deferred_Volume,0,1565,1.7205,0.71259,0.01104,0.31712,0.607712,2.41025,414.895,15000,12672,23.8892
Suite_15,Deferred_Volume,0,1566,1.70923,0.682036,0.01024,0.313344,0.6144,2.46253,406.087,15000,11776,23.8987
Suite_15,Deferred_Volume,0,1567,1.70392,0.67178,0.010496,0.310496,0.608256,2.41139,414.699,15000,11520,23.911
Suite_15,Deferred_Volume,0,1568,1.69997,0.678752,0.01024,0.306432,0.626336,2.3955,417.45,15000,10496,23.9176
Suite_15,Deferred_Volume,0,1569,1.70158,0.662122,0.00992,0.304192,0.598016,2.40009,416.65,15000,9984,23.9273
Suite_15,Deferred_Volume,0,1570,1.68656,0.679161,0.009536,0.302688,0.592864,2.38324,419.597,15000,9344,20.9871
Suite_15,Deferred_Volume,0,1571,1.69079,0.680496,0.008192,0.32768,0.610272,2.38555,419.191,15000,9088,21.0554
Suite_15,Deferred_Volume,0,1572,1.68624,0.682367,0.008192,0.296128,0.5888,2.3897,418.463,15000,8704,21.1215
Suite_15,Deferred_Volume,0,1573,1.68023,0.690175,0.009344,0.291712,0.581504,2.39017,418.38,15000,8192,21.1852
Suite_15,Deferred_Volume,0,1574,1.6817,0.690019,0.008,0.313504,0.600672,2.3918,418.094,15000,7680,21.248
Suite_15,Deferred_Volume,0,1575,1.67695,0.679017,0.00704,0.284672,0.596416,2.39075,418.278,15000,7040,20.9723
Suite_15,Deferred_Volume,0,1576,1.66701,0.676654,0.007872,0.280672,0.563424,2.37453,421.136,15000,6784,21.0294
Suite_15,Deferred_Volume,0,1577,1.67192,0.66998,0.0064,0.27904,0.565248,2.36479,422.871,15000,6400,21.0844
Suite_15,Deferred_Volume,0,1578,1.6662,0.671795,0.006144,0.27648,0.592032,2.36187,423.393,15000,5888,21.1371
Suite_15,Deferred_Volume,0,1579,1.66036,0.666902,0.006144,0.272384,0.561632,2.35536,424.563,15000,5888,21.1917
Suite_15,Deferred_Volume,0,1580,1.65862,0.675083,0.005568,0.271008,0.55568,2.34591,426.273,15000,5376,19.442
Suite_15,Deferred_Volume,0,1581,1.64849,0.661013,0.00512,0.268288,0.581568,2.35378,424.848,15000,5120,19.2121
Suite_15,Deferred_Volume,0,1582,1.64813,0.670751,0.004128,0.264448,0.54848,2.3274,429.664,15000,4864,19.255
Suite_15,Deferred_Volume,0,1583,1.64787,0.675493,0.003872,0.26176,0.54272,2.34079,427.207,15000,4608,18.779
Suite_15,Deferred_Volume,0,1584,1.63824,0.66782,0.002656,0.258048,0.54272,2.34104,427.161,15000,3968,18.8159
Suite_15,Deferred_Volume,0,1585,1.63613,0.6901,0.00336,0.256512,0.545824,2.32478,430.147,15000,3840,18.8555
Suite_15,Deferred_Volume,0,1586,1.64145,0.694221,0.002336,0.251904,0.534176,2.34859,425.786,15000,3328,18.8937
Suite_15,Deferred_Volume,0,1587,1.62931,0.660941,0.003872,0.274816,0.563168,2.3532,424.953,15000,3072,18.932
Suite_15,Deferred_Volume,0,1588,1.62585,0.657563,0.002688,0.239232,0.530304,2.30624,433.607,15000,2688,18.2111
Suite_15,Deferred_Volume,0,1589,1.62491,0.688237,0.002336,0.222816,0.508032,2.30217,434.374,15000,2432,18.2437
Suite_15,Deferred_Volume,0,1590,1.61849,0.663191,0.003232,0.206848,0.487168,2.33121,428.961,15000,2176,18.2758
Suite_15,Deferred_Volume,0,1591,1.61451,0.67065,0.001952,0.199392,0.480576,2.29809,435.144,15000,2048,18.3064
Suite_15,Deferred_Volume,0,1592,1.61821,0.677561,0.002048,0.190464,0.476832,2.30267,434.278,15000,1792,18.3357
Suite_15,Deferred_Volume,0,1593,1.61346,0.661477,0.002048,0.182528,0.495808,2.31484,431.995,15000,1536,18.3633
Suite_15,Deferred_Volume,0,1594,1.60089,0.667065,0.001536,0.176064,0.462016,2.29179,436.34,15000,896,18.3875
Suite_15,Deferred_Volume,0,1595,1.60445,0.667855,0.000128,0.17408,0.452608,2.28484,437.667,15000,896,18.4134
Suite_15,Deferred_Volume,0,1596,1.60567,0.659362,0.000544,0.175584,0.4824,2.28823,437.02,15000,384,18.4351
Suite_15,Deferred_Volume,0,1597,1.59396,0.654406,0.000128,0.17552,0.457632,2.28153,438.302,15000,384,18.4574
Suite_15,Deferred_Volume,0,1598,1.59052,0.65415,0.000768,0.17248,0.458688,2.26553,441.397,15000,384,18.4777
Suite_15,Deferred_Volume,0,1599,1.59235,0.641649,0.00176,0.173536,0.45648,2.25981,442.514,15000,256,16.1752
Suite_15,Deferred_Volume,0,1600,1.58677,0.646951,0.001408,0.172,0.459456,2.24852,444.736,15000,128,16.2352
Suite_15,Deferred_Volume,0,1601,1.58208,0.658315,0.001952,0.196608,0.485376,2.2508,444.286,15000,128,16.2932
Suite_15,Deferred_Volume,0,1602,1.58051,0.646358,0.000864,0.172,0.461952,2.2561,443.242,15000,128,16.3485
Suite_15,Deferred_Volume,0,1603,1.57908,0.644276,0.00112,0.171936,0.456384,2.24145,446.14,15000,128,16.4011
Suite_15,Deferred_Volume,0,1604,1.57836,0.653625,0.001504,0.171488,0.476864,2.2384,446.748,15000,128,16.451
Suite_15,Deferred_Volume,0,1605,1.57318,0.632802,3.2e-05,0.16096,0.442368,2.24897,444.648,15000,0,16.497
Suite_15,Deferred_Volume,0,1606,1.5639,0.632253,0.001728,0.161792,0.448512,2.22168,450.109,15000,0,16.5419
Suite_15,Deferred_Volume,0,1607,1.56919,0.633992,0.00016,0.159744,0.4408,2.21157,452.167,15000,0,16.5843
Suite_15,Deferred_Volume,0,1608,1.56751,0.629692,0.000416,0.159904,0.445952,2.21865,450.724,15000,0,13.851
Suite_15,Deferred_Volume,0,1609,1.56486,0.6323,0.000192,0.159552,0.444416,2.213,451.876,15000,0,13.9258
Suite_15,Deferred_Volume,0,1610,1.55939,0.639044,0.001536,0.159712,0.438432,2.2127,451.936,15000,0,13.9976
Suite_15,Deferred_Volume,0,1611,1.56238,0.633868,0.00144,0.159328,0.444736,2.22173,450.099,15000,0,13.4728
Suite_15,Deferred_Volume,0,1612,1.56219,0.622469,0.001184,0.159488,0.446272,2.21043,452.401,15000,0,13.5371
Suite_15,Deferred_Volume,0,1613,1.56105,0.641299,0.001152,0.159424,0.436544,2.2004,454.462,15000,0,13.5992
Suite_15,Deferred_Volume,0,1614,1.55203,0.633365,0.001664,0.159264,0.43616,2.21977,450.497,15000,0,13.3859
Suite_15,Deferred_Volume,0,1615,1.5502,0.627265,0.000736,0.158176,0.44096,2.19954,454.641,15000,0,13.4429
Suite_15,Deferred_Volume,0,1616,1.54998,0.646811,0.000128,0.15776,0.44032,2.19134,456.341,15000,0,13.4983
Suite_15,Deferred_Volume,0,1617,1.55283,0.626727,0.000128,0.157472,0.442368,2.21506,451.455,15000,0,13.5523
Suite_15,Deferred_Volume,0,1618,1.55118,0.629033,0.001024,0.182272,0.469408,2.19499,455.584,15000,0,13.6051
Suite_15,Deferred_Volume,0,1619,1.5453,0.63733,0.001024,0.157696,0.441184,2.19447,455.692,15000,0,13.6569
Suite_15,Deferred_Volume,0,1620,1.54557,0.638727,0,0.157632,0.43104,2.19775,455.011,15000,0,13.7078
Suite_15,Deferred_Volume,0,1621,1.53983,0.639754,0.000128,0.1576,0.464896,2.20147,454.241,15000,0,13.7579
Suite_15,Deferred_Volume,0,1622,1.54439,0.628525,0.000736,0.158016,0.44592,2.20383,453.756,15000,0,13.8074
Suite_15,Deferred_Volume,0,1623,1.54514,0.632738,0.000736,0.185312,0.462848,2.18805,457.027,15000,0,13.8564
Suite_15,Deferred_Volume,0,1624,1.54225,0.627133,0.000768,0.159744,0.446624,2.19733,455.099,15000,0,13.1158
Suite_15,Deferred_Volume,0,1625,1.53602,0.636663,0.000768,0.160544,0.446464,2.18521,457.622,15000,0,13.1605
Suite_15,Deferred_Volume,0,1626,1.53831,0.635543,0.0016,0.161792,0.444576,2.18952,456.721,15000,0,13.205
Suite_15,Deferred_Volume,0,1627,1.53483,0.622494,0.00032,0.160096,0.443552,2.18846,456.943,15000,0,13.2493
Suite_15,Deferred_Volume,0,1628,1.53101,0.626927,0.001184,0.161152,0.444224,2.17169,460.472,15000,0,13.2934
Suite_15,Deferred_Volume,0,1629,1.53198,0.64253,0.000352,0.16016,0.443712,2.17529,459.709,15000,0,13.3374
Suite_15,Deferred_Volume,0,1630,1.52662,0.6455,0.000288,0.160128,0.441344,2.19128,456.355,15000,0,13.3811
Suite_15,Deferred_Volume,0,1631,1.53049,0.641346,0.00032,0.159264,0.439648,2.18885,456.862,15000,0,13.4246
Suite_15,Deferred_Volume,0,1632,1.53528,0.642967,0.000192,0.158144,0.440064,2.18655,457.342,15000,0,13.4679
Suite_15,Deferred_Volume,0,1633,1.53158,0.62601,0.00064,0.158272,0.441632,2.1962,455.331,15000,0,12.3758
Suite_15,Deferred_Volume,0,1634,1.52684,0.625314,0.001504,0.158048,0.436416,2.17362,460.061,15000,0,12.4087
Suite_15,Deferred_Volume,0,1635,1.51606,0.643418,0.000768,0.15776,0.442368,2.16614,461.651,15000,0,12.4412
Suite_15,Deferred_Volume,0,1636,1.52008,0.62862,0.000736,0.15648,0.440448,2.17554,459.657,15000,0,12.4733
Suite_15,Deferred_Volume,0,1637,1.51554,0.631776,0.000672,0.149728,0.454464,2.16532,461.825,15000,0,12.5049
Suite_15,Deferred_Volume,0,1638,1.5216,0.629744,0.001664,0.132608,0.411776,2.1625,462.427,15000,0,12.5358
Suite_15,Deferred_Volume,0,1639,1.52687,0.632491,0.000448,0.131136,0.415168,2.16614,461.651,15000,0,12.5661
Suite_15,Deferred_Volume,0,1640,1.52198,0.628045,0.000608,0.129632,0.4096,2.18331,458.021,15000,0,12.5956
Suite_15,Deferred_Volume,0,1641,1.50714,0.63558,0,0.1304,0.41472,2.16585,461.712,15000,0,11.9654
Suite_15,Deferred_Volume,0,1642,1.50821,0.637817,0.001376,0.130464,0.413536,2.15926,463.121,15000,0,11.9894
Suite_15,Deferred_Volume,0,1643,1.5055,0.627406,0.000768,0.129408,0.415168,2.15989,462.987,15000,0,12.0124
Suite_15,Deferred_Volume,0,1644,1.50771,0.624002,0.001568,0.129344,0.417248,2.14687,465.794,15000,0,12.0343
Suite_15,Deferred_Volume,0,1645,1.50684,0.632199,0.001696,0.129024,0.413536,2.148,465.55,15000,0,11.6639
Suite_15,Deferred_Volume,0,1646,1.50069,0.635409,0.001216,0.128608,0.414464,2.15455,464.134,15000,0,11.6814
Suite_15,Deferred_Volume,0,1647,1.51989,0.714562,0.00064,0.127392,0.41792,2.15174,464.741,15000,0,11.6976
Suite_15,Deferred_Volume,0,1648,1.50327,0.65584,0,0.126976,0.4096,2.25383,443.689,15000,0,11.7123
Suite_15,Deferred_Volume,0,1649,1.50171,0.635534,0.000768,0.125952,0.40944,2.1781,459.115,15000,0,10.9359
Suite_15,Deferred_Volume,0,1650,1.50462,0.620473,0.000256,0.126976,0.413792,2.15236,464.605,15000,0,8.86375
Suite_15,Deferred_Volume,0,1651,1.49804,0.638361,0.00016,0.126144,0.413696,2.13898,467.513,15000,0,8.91495
Suite_15,Deferred_Volume,0,1652,1.4959,0.620288,0.001792,0.125408,0.40112,2.15227,464.625,15000,0,8.96347
Suite_15,Deferred_Volume,0,1653,1.4912,0.626033,0.000448,0.125312,0.413696,2.13244,468.946,15000,0,9.00931
Suite_15,Deferred_Volume,0,1654,1.48883,0.635202,0.0016,0.124928,0.40384,2.1329,468.845,15000,0,9.05246
Suite_15,Deferred_Volume,0,1655,1.49108,0.641324,0.001568,0.149504,0.42544,2.14027,467.23,15000,0,7.23937
Suite_15,Deferred_Volume,0,1656,1.48566,0.627425,0.001344,0.124928,0.407776,2.14763,465.629,15000,0,7.27058
Suite_15,Deferred_Volume,0,1657,1.49147,0.625311,0.000352,0.124512,0.407552,2.12903,469.697,15000,0,7.29977
Suite_15,Deferred_Volume,0,1658,1.48816,0.626904,0.000416,0.12352,0.409248,2.13273,468.883,15000,0,7.32695
Suite_15,Deferred_Volume,0,1659,1.49174,0.622117,0.000736,0.123744,0.411648,2.12948,469.598,15000,0,7.35218
Suite_15,Deferred_Volume,0,1660,1.48976,0.624998,0,0.124,0.407552,2.1277,469.991,15000,0,7.37549
Suite_15,Deferred_Volume,0,1661,1.48556,0.652403,0,0.12448,0.410336,2.1305,469.373,15000,0,7.39694
Suite_15,Deferred_Volume,0,1662,1.48026,0.638096,0.001312,0.124416,0.39984,2.25695,443.076,15000,0,7.41657
Suite_15,Deferred_Volume,0,1663,1.47503,0.629135,0,0.124384,0.412672,2.13305,468.812,15000,0,7.43445
Suite_15,Deferred_Volume,0,1664,1.48184,0.63892,0,0.12288,0.406048,2.11789,472.169,15000,0,7.45064
Suite_15,Deferred_Volume,0,1665,1.47772,0.625204,0.001184,0.12288,0.402048,2.13771,467.791,15000,0,7.46519
Suite_15,Deferred_Volume,0,1666,1.48145,0.619323,0.000736,0.122848,0.424032,2.11779,472.191,15000,0,7.47818
Suite_15,Deferred_Volume,0,1667,1.47825,0.630037,0,0.12288,0.40624,2.11452,472.921,15000,0,7.48967
Suite_15,Deferred_Volume,0,1668,1.47905,0.634054,0.0016,0.147456,0.419712,2.1292,469.661,15000,0,7.49971
Suite_15,Deferred_Volume,0,1669,1.47297,0.632885,0.001088,0.12288,0.402144,2.12999,469.487,15000,0,7.50838
Suite_15,Deferred_Volume,0,1670,1.47089,0.62921,0.001536,0.122848,0.401696,2.12086,471.508,15000,0,7.51574
Suite_15,Deferred_Volume,0,1671,1.47507,0.635606,0.001312,0.122656,0.396736,2.11475,472.869,15000,0,7.52185
Suite_15,Deferred_Volume,0,1672,1.47123,0.623778,0.000704,0.122688,0.406624,2.1254,470.499,15000,0,7.52678
Suite_15,Deferred_Volume,0,1673,1.46935,0.62496,0,0.120832,0.402496,2.11056,473.808,15000,0,7.53057
Suite_15,Deferred_Volume,0,1674,1.4708,0.634499,0.00016,0.116832,0.39936,2.10918,474.118,15000,0,7.53329
Suite_15,Deferred_Volume,0,1675,1.4718,0.625267,0.000288,0.110592,0.387072,2.12052,471.582,15000,0,7.53498
Suite_15,Deferred_Volume,0,1676,1.46723,0.621741,0.001664,0.105088,0.398016,2.11125,473.653,15000,0,7.5357
Suite_15,Deferred_Volume,0,1677,1.47094,0.66122,0.00144,0.10032,0.3832,2.10476,475.114,15000,0,7.5355
Suite_15,Deferred_Volume,0,1678,1.46493,0.640531,0.000512,0.097824,0.388288,2.15102,464.896,15000,0,7.5344
Suite_15,Deferred_Volume,0,1679,1.46616,0.627661,0.001472,0.096256,0.373632,2.12081,471.518,15000,0,7.53246
Suite_15,Deferred_Volume,0,1680,1.46493,0.630282,0,0.095456,0.38016,2.10796,474.393,15000,0,7.5297
Suite_15,Deferred_Volume,0,1681,1.46662,0.629442,0.00176,0.0952,0.378496,2.11249,473.374,15000,0,7.52615
Suite_15,Deferred_Volume,0,1682,1.46937,0.621554,0,0.09568,0.372736,2.1116,473.575,15000,0,6.14214
Suite_15,Deferred_Volume,0,1683,1.46696,0.621355,0.00064,0.095808,0.37888,2.10468,475.132,15000,0,6.13983
Suite_15,Deferred_Volume,0,1684,1.46925,0.637146,0.000736,0.096064,0.37888,2.1027,475.579,15000,0,6.13709
Suite_15,Deferred_Volume,0,1685,1.4561,0.628261,0.000192,0.094496,0.372736,2.12319,470.99,15000,0,6.13392
Suite_15,Deferred_Volume,0,1686,1.45972,0.626801,0.001824,0.09488,0.37952,2.09906,476.404,15000,0,6.13032
Suite_15,Deferred_Volume,0,1687,1.4606,0.642101,0.001696,0.09552,0.381088,2.10072,476.028,15000,0,6.12631
Suite_15,Deferred_Volume,0,1688,1.46005,0.629633,0.000672,0.094624,0.37888,2.1185,472.033,15000,0,6.12187
Suite_15,Deferred_Volume,0,1689,1.45772,0.626172,0.000128,0.094336,0.406624,2.10514,475.028,15000,0,6.117
Suite_15,Deferred_Volume,0,1690,1.45895,0.622469,0,0.094176,0.382176,2.09869,476.487,15000,0,6.11171
Suite_15,Deferred_Volume,0,1691,1.46006,0.633304,0.0016,0.094208,0.393376,2.09634,477.021,15000,0,6.10597
Suite_15,Deferred_Volume,0,1692,1.46558,0.620541,0,0.093824,0.374592,2.10731,474.538,15000,0,6.09977
Suite_15,Deferred_Volume,0,1693,1.45473,0.622264,0.001568,0.094048,0.371136,2.10158,475.833,15000,0,6.09311
Suite_15,Deferred_Volume,0,1694,1.46689,0.634626,0.001632,0.09376,0.376128,2.09152,478.121,15000,0,6.08597
Suite_15,Deferred_Volume,0,1695,1.45264,0.626439,0.001504,0.09216,0.370624,2.11615,472.555,15000,0,6.07833
Suite_15,Deferred_Volume,0,1696,1.45679,0.622426,0.000672,0.092192,0.37856,2.09273,477.846,15000,0,6.07018
Suite_15,Deferred_Volume,0,1697,1.45494,0.647806,0.000608,0.092192,0.374784,2.10123,475.911,15000,0,6.06149
Suite_15,Deferred_Volume,0,1698,1.46075,0.6268,0.000608,0.09184,0.376832,2.11884,471.956,15000,0,6.05224
Suite_15,Deferred_Volume,0,1699,1.46224,0.625794,0.00192,0.09072,0.370368,2.10137,475.88,15000,0,6.04243
Suite_15,Deferred_Volume,0,1700,1.45528,0.622135,0.00064,0.090432,0.372736,2.10212,475.711,15000,0,6.03202
Suite_15,Deferred_Volume,0,1701,1.45624,0.635239,0.000288,0.090112,0.395264,2.09461,477.417,15000,0,6.02101
Suite_15,Deferred_Volume,0,1702,1.4547,0.622915,0.00112,0.090112,0.371488,2.1071,474.585,15000,0,6.00937
Suite_15,Deferred_Volume,0,1703,1.45929,0.631709,0,0.09152,0.378848,2.09114,478.208,15000,0,5.99708
Suite_15,Deferred_Volume,0,1704,1.45991,0.673105,0.001504,0.09136,0.370368,2.1067,474.676,15000,0,5.98413
Suite_15,Deferred_Volume,0,1705,1.45807,0.637369,0.001312,0.090112,0.376992,2.15188,464.71,15000,0,5.9705
Suite_15,Deferred_Volume,0,1706,1.45327,0.628855,9.6e-05,0.090112,0.372736,2.11047,473.829,15000,0,5.95619
Suite_15,Deferred_Volume,0,1707,1.4539,0.663807,0.00016,0.090112,0.364544,2.09605,477.089,15000,0,5.94117
Suite_15,Deferred_Volume,0,1708,1.45583,0.630893,0.001856,0.090112,0.36912,2.13277,468.873,15000,0,5.92543
Suite_15,Deferred_Volume,0,1709,1.45842,0.628218,0.001376,0.090112,0.376832,2.10237,475.653,15000,0,5.90897
Suite_15,Deferred_Volume,0,1710,1.45912,0.641602,0.001888,0.090112,0.372064,2.10142,475.868,15000,0,4.28177
Suite_15,Deferred_Volume,0,1711,1.4562,0.627972,0.0008,0.088416,0.370688,2.11598,472.593,15000,0,4.2897
Suite_15,Deferred_Volume,0,1712,1.45556,0.619769,0.001472,0.089312,0.366592,2.09791,476.665,15000,0,4.29639
Suite_15,Deferred_Volume,0,1713,1.45295,0.629292,0.001056,0.088064,0.370688,2.0906,478.332,15000,0,4.30187
Suite_15,Deferred_Volume,0,1714,1.45719,0.632801,0.000288,0.088192,0.366208,2.09796,476.654,15000,0,4.30612
Suite_15,Deferred_Volume,0,1715,1.45548,0.62737,0.000896,0.086784,0.368832,2.1041,475.262,15000,0,4.30916
Suite_15,Deferred_Volume,0,1716,1.45562,0.625941,0.00112,0.087776,0.372736,2.09642,477.004,15000,0,4.311
Suite_15,Deferred_Volume,0,1717,1.45724,0.63823,0.000672,0.087584,0.374624,2.09903,476.411,15000,0,4.31165
Suite_15,Deferred_Volume,0,1718,1.45564,0.625218,0.000608,0.086368,0.362176,2.11153,473.591,15000,0,4.31112
Suite_15,Deferred_Volume,0,1719,1.44999,0.619445,0.001312,0.0872,0.376224,2.0949,477.35,15000,0,3.38052
Suite_15,Deferred_Volume,0,1720,1.45976,0.633698,0.00096,0.085856,0.362496,2.0831,480.053,15000,0,3.37578
Suite_15,Deferred_Volume,0,1721,1.4539,0.62309,0.000256,0.083968,0.370688,2.11044,473.835,15000,0,2.44525
Suite_15,Deferred_Volume,0,1722,1.45011,0.618177,0.000544,0.08416,0.368,2.09231,477.941,15000,0,2.43627
Suite_15,Deferred_Volume,0,1723,1.44637,0.628657,0.001216,0.083968,0.366592,2.0823,480.238,15000,0,2.42651
Suite_15,Deferred_Volume,0,1724,1.45022,0.632016,0.002048,0.08384,0.390944,2.08969,478.54,15000,0,2.41598
Suite_15,Deferred_Volume,0,1725,1.45633,0.661566,0.000448,0.083968,0.364384,2.10454,475.163,15000,0,2.40472
Suite_15,Deferred_Volume,0,1726,1.44973,0.634777,0.001376,0.083392,0.361344,2.13463,468.464,15000,0,2.39275
Suite_15,Deferred_Volume,0,1727,1.45579,0.642531,0.000928,0.082368,0.366592,2.10046,476.087,15000,0,2.3801
Suite_15,Deferred_Volume,0,1728,1.45391,0.629273,0.001312,0.083424,0.366144,2.11221,473.438,15000,0,2.3668
Suite_15,Deferred_Volume,0,1729,1.4517,0.620625,0.001984,0.083296,0.36656,2.09818,476.604,15000,0,2.35288
Suite_15,Deferred_Volume,0,1730,1.46126,0.635878,0.000512,0.083968,0.371808,2.08705,479.145,15000,0,2.33838
Suite_15,Deferred_Volume,0,1731,1.45635,0.62226,0.000704,0.084032,0.363648,2.11255,473.362,15000,0,2.32331
Suite_15,Deferred_Volume,0,1732,1.44819,0.616516,0.001984,0.084512,0.389536,2.09251,477.896,15000,0,2.30772
Suite_15,Deferred_Volume,0,1733,1.45185,0.629468,0.000672,0.084096,0.36864,2.08117,480.498,15000,0,2.29164
Suite_15,Deferred_Volume,0,1734,1.45268,0.630071,0.00144,0.098304,0.390976,2.09801,476.643,15000,0,2.27509
Suite_15,Deferred_Volume,0,1735,1.45201,0.625933,0.002048,0.084064,0.37024,2.0972,476.826,15000,0,2.25811
Suite_15,Deferred_Volume,0,1736,1.44902,0.630077,0.00192,0.085056,0.365248,2.09126,478.18,15000,0,2.24072
Suite_15,Deferred_Volume,0,1737,1.45019,0.613427,0.001504,0.083968,0.370528,2.09676,476.927,15000,0,0
Suite_15,Deferred_Volume,0,1738,1.44802,0.606803,0.001696,0.083968,0.3696,2.07926,480.941,15000,0,0
Suite_15,Deferred_Volume,0,1739,1.45188,0.607068,0.001728,0.08432,0.372736,2.06859,483.422,15000,0,0
Suite_15,Deferred_Volume,0,1740,1.45616,0.61204,0.001568,0.083968,0.365792,2.072,482.626,15000,0,0
Suite_15,Deferred_Volume,0,1741,1.45162,0.602852,0.001568,0.083968,0.366592,2.08507,479.599,15000,0,0
Suite_15,Deferred_Volume,0,1742,1.46227,0.599248,0.002048,0.082816,0.390432,2.06859,483.42,15000,0,0
Suite_15,Deferred_Volume,0,1743,1.45914,0.607493,0.002048,0.084256,0.360992,2.0748,481.973,15000,0,0
Suite_15,Deferred_Volume,0,1744,1.4619,0.605857,0.00176,0.11152,0.393952,2.0813,480.469,15000,0,0
Suite_15,Deferred_Volume,0,1745,1.46104,0.610095,0.001728,0.083968,0.366592,2.08296,480.087,15000,0,0
Suite_15,Deferred_Volume,0,1746,1.45338,0.613928,0.001888,0.083968,0.372416,2.08513,479.587,15000,0,0
Suite_15,Deferred_Volume,0,1747,1.45724,0.619242,0.002016,0.083968,0.370368,2.08315,480.042,15000,0,0
Suite_15,Deferred_Volume,0,1748,1.46012,0.607203,0.00176,0.08288,0.36864,2.09057,478.338,15000,0,0
Suite_15,Deferred_Volume,0,1749,1.45694,0.612559,0.002048,0.083968,0.37488,2.08245,480.204,15000,0,0
Suite_15,Deferred_Volume,0,1750,1.46021,0.622363,0.002048,0.084128,0.36784,2.084,479.847,15000,0,0
Suite_15,Deferred_Volume,0,1751,1.45616,0.608933,0.002048,0.083968,0.374784,2.09739,476.784,15000,0,0
Suite_15,Deferred_Volume,0,1752,1.46177,0.599154,0.002048,0.084352,0.395264,2.07866,481.079,15000,0,0
Suite_15,Deferred_Volume,0,1753,1.46844,0.606673,0.001024,0.083968,0.366464,2.0756,481.788,15000,0,0
Suite_15,Deferred_Volume,0,1754,1.46573,0.605395,0.002048,0.104064,0.395264,2.09742,476.775,15000,0,0
Suite_15,Deferred_Volume,0,1755,1.46752,0.601692,0.003072,0.083968,0.370816,2.08432,479.774,15000,0,0
Suite_15,Deferred_Volume,0,1756,1.46063,0.603242,0.002112,0.083968,0.371904,2.08208,480.29,15000,0,0
Suite_15,Deferred_Volume,0,1757,1.47585,0.620258,0.002176,0.085664,0.372736,2.07973,480.832,15000,0,0
Suite_15,Deferred_Volume,0,1758,1.46314,0.605618,0.003136,0.083968,0.372576,2.111,473.709,15000,0,0
Suite_15,Deferred_Volume,0,1759,1.46497,0.605698,0.002048,0.083968,0.364,2.08202,480.303,15000,0,0
Suite_15,Deferred_Volume,0,1760,1.46839,0.617252,0.00336,0.086016,0.368864,2.08351,479.96,15000,0,0
Suite_15,Deferred_Volume,0,1761,1.4667,0.608031,0.002048,0.083968,0.37248,2.1014,475.873,15000,0,0
Suite_15,Deferred_Volume,0,1762,1.4691,0.60297,0.002432,0.084448,0.378656,2.08947,478.59,15000,0,0
Suite_15,Deferred_Volume,0,1763,1.46919,0.605332,0.0024,0.084672,0.365888,2.08508,479.597,15000,0,0
Suite_15,Deferred_Volume,0,1764,1.47427,0.609043,0.001856,0.084896,0.385504,2.08827,478.865,15000,0,0
Suite_15,Deferred_Volume,0,1765,1.47338,0.603403,0.00208,0.084064,0.362272,2.0997,476.259,15000,0,0
Suite_15,Deferred_Volume,0,1766,1.46966,0.60445,0.002464,0.08432,0.37664,2.09075,478.297,15000,0,0
Suite_15,Deferred_Volume,0,1767,1.47995,0.610948,0.002592,0.084832,0.36864,2.08756,479.027,15000,0,0
Suite_15,Deferred_Volume,0,1768,1.47677,0.606359,0.002048,0.085024,0.373696,2.10862,474.243,15000,0,0
Suite_15,Deferred_Volume,0,1769,1.47215,0.605417,0.002048,0.085728,0.376576,2.09747,476.765,15000,0,0
Suite_15,Deferred_Volume,0,1770,1.48046,0.617142,0.00368,0.085984,0.375008,2.09185,478.046,15000,0,0
Suite_15,Deferred_Volume,0,1771,1.47696,0.606439,0.002112,0.085536,0.374784,2.11159,473.577,15000,0,0
Suite_15,Deferred_Volume,0,1772,1.47831,0.609109,0.003552,0.086016,0.387904,2.09642,477.004,15000,0,0
Suite_15,Deferred_Volume,0,1773,1.49163,0.636492,0.003296,0.0856,0.377056,2.10795,474.395,15000,0,0
Suite_15,Deferred_Volume,0,1774,1.49377,0.61351,0.00224,0.085888,0.372736,2.14584,466.018,15000,0,0
Suite_15,Deferred_Volume,0,1775,1.48874,0.60335,0.003488,0.084928,0.370688,2.1211,471.454,15000,0,0
Suite_15,Deferred_Volume,0,1776,1.48216,0.604713,0.003904,0.084896,0.372928,2.10508,475.042,15000,0,0
Suite_15,Deferred_Volume,0,1777,1.49396,0.613707,0.003296,0.086016,0.370496,2.1026,475.602,15000,0,0
Suite_15,Deferred_Volume,0,1778,1.48355,0.605668,0.003776,0.08592,0.369184,2.12196,471.262,15000,0,0
Suite_15,Deferred_Volume,0,1779,1.48764,0.606287,0.00304,0.086016,0.372672,2.10204,475.729,15000,0,0
Suite_15,Deferred_Volume,0,1780,1.48941,0.620924,0.003648,0.086368,0.367424,2.10757,474.481,15000,0,0
Suite_15,Deferred_Volume,0,1781,1.49855,0.614431,0.002528,0.086016,0.367808,2.12725,470.09,15000,0,0
Suite_15,Deferred_Volume,0,1782,1.49889,0.601568,0.003552,0.086592,0.378272,2.13383,468.641,15000,0,0
Suite_15,Deferred_Volume,0,1783,1.50318,0.61477,0.004096,0.086112,0.371008,2.11332,473.188,15000,0,0
Suite_15,Deferred_Volume,0,1784,1.49834,0.603583,0.003968,0.085856,0.375648,2.13297,468.83,15000,0,0
Suite_15,Deferred_Volume,0,1785,1.49902,0.606493,0.00384,0.087488,0.388672,2.11685,472.4,15000,0,0
Suite_15,Deferred_Volume,0,1786,1.49456,0.60841,0.003744,0.088064,0.378304,2.11978,471.747,15000,0,0
Suite_15,Deferred_Volume,0,1787,1.5018,0.617728,0.004096,0.087712,0.397664,2.11638,472.504,15000,0,0
Suite_15,Deferred_Volume,0,1788,1.50582,0.608415,0.004096,0.0872,0.371168,2.1331,468.801,15000,0,0
Suite_15,Deferred_Volume,0,1789,1.50419,0.663063,0.004096,0.087968,0.368736,2.12897,469.711,15000,0,0
Suite_15,Deferred_Volume,0,1790,1.52823,0.676549,0.004096,0.086624,0.3728,2.18946,456.733,15000,0,0
Suite_15,Deferred_Volume,0,1791,1.51827,0.610266,0.004256,0.087328,0.376832,2.22374,449.693,15000,0,0
Suite_15,Deferred_Volume,0,1792,1.51143,0.60744,0.004288,0.086528,0.382528,2.14671,465.83,15000,0,0
Suite_15,Deferred_Volume,0,1793,1.51131,0.62915,0.005312,0.088064,0.368512,2.13422,468.556,15000,0,0
Suite_15,Deferred_Volume,0,1794,1.51415,0.62455,0.00528,0.088064,0.37744,2.15759,463.479,15000,0,0
Suite_15,Deferred_Volume,0,1795,1.52018,0.608008,0.005344,0.088064,0.382976,2.15335,464.393,15000,0,0
Suite_15,Deferred_Volume,0,1796,1.52806,0.624636,0.004128,0.087552,0.366592,2.14104,467.063,15000,0,0
Suite_15,Deferred_Volume,0,1797,1.52931,0.60392,0.00416,0.08768,0.372736,2.171,460.617,15000,0,0
Suite_15,Deferred_Volume,0,1798,1.5236,0.606533,0.005152,0.108096,0.388768,2.14798,465.553,15000,0,0
Suite_15,Deferred_Volume,0,1799,1.52355,0.613925,0.004704,0.08784,0.374016,2.14345,466.538,15000,0,0
Suite_15,Deferred_Volume,0,1800,1.52711,0.616793,0.00448,0.088064,0.372384,2.1517,464.749,15000,0,0
Suite_15,Deferred_Volume,0,1801,1.52847,0.606043,0.005056,0.088064,0.36832,2.15967,463.034,15000,0,0
Suite_15,Deferred_Volume,0,1802,1.52977,0.606741,0.004864,0.088064,0.382112,2.1488,465.375,15000,0,0
Suite_15,Deferred_Volume,0,1803,1.53265,0.610336,0.005792,0.088608,0.391808,2.15082,464.939,15000,0,0
Suite_15,Deferred_Volume,0,1804,1.53859,0.611988,0.005184,0.089696,0.38016,2.15641,463.735,15000,0,0
Suite_15,Deferred_Volume,0,1805,1.54067,0.611684,0.0048,0.089408,0.382016,2.16614,461.652,15000,0,0
Suite_15,Deferred_Volume,0,1806,1.54306,0.616444,0.006144,0.088512,0.380832,2.16803,461.248,15000,0,0
Suite_15,Deferred_Volume,0,1807,1.53925,0.610427,0.006144,0.089408,0.375328,2.17293,460.208,15000,0,0
Suite_15,Deferred_Volume,0,1808,1.54957,0.604314,0.006144,0.089632,0.381888,2.16294,462.333,15000,0,0
Suite_15,Deferred_Volume,0,1809,1.55224,0.621596,0.00624,0.089088,0.384576,2.16967,460.9,15000,0,0
Suite_15,Deferred_Volume,0,1810,1.55325,0.609004,0.006144,0.090048,0.377504,2.19018,456.583,15000,0,0
Suite_15,Deferred_Volume,0,1811,1.5482,0.605372,0.00672,0.088832,0.387744,2.18223,458.247,15000,0,0
Suite_15,Deferred_Volume,0,1812,1.55764,0.620488,0.007328,0.089792,0.380256,2.16649,461.576,15000,0,0
Suite_15,Deferred_Volume,0,1813,1.55603,0.610851,0.007744,0.088608,0.37824,2.1954,455.498,15000,0,0
Suite_15,Deferred_Volume,0,1814,1.55928,0.599962,0.007584,0.114272,0.407808,2.18109,458.487,15000,0,0
Suite_15,Deferred_Volume,0,1815,1.56139,0.603509,0.007552,0.090112,0.3888,2.17227,460.347,15000,0,0
Suite_15,Deferred_Volume,0,1816,1.57697,0.6129,0.006272,0.089664,0.384544,2.17881,458.966,15000,0,0
Suite_15,Deferred_Volume,0,1817,1.56699,0.610412,0.00672,0.090112,0.380928,2.20489,453.537,15000,0,0
Suite_15,Deferred_Volume,0,1818,1.57419,0.610959,0.007072,0.08992,0.385504,2.19144,456.32,15000,0,0
Suite_15,Deferred_Volume,0,1819,1.57631,0.613115,0.007648,0.106496,0.40592,2.19915,454.72,15000,0,0
Suite_15,Deferred_Volume,0,1820,1.58322,0.624879,0.008192,0.090112,0.37488,2.20452,453.612,15000,0,0
Suite_15,Deferred_Volume,0,1821,1.58197,0.616166,0.007872,0.090432,0.380992,2.22491,449.456,15000,0,0
Suite_15,Deferred_Volume,0,1822,1.58371,0.613121,0.008192,0.090176,0.40384,2.21444,451.581,15000,0,0
Suite_15,Deferred_Volume,0,1823,1.58493,0.609078,0.008096,0.090112,0.378368,2.21074,452.337,15000,0,0
Suite_15,Deferred_Volume,0,1824,1.61627,0.615895,0.008192,0.092064,0.380576,2.2075,453.002,15000,0,0
Suite_15,Deferred_Volume,0,1825,1.59966,0.629995,0.00832,0.09088,0.380736,2.25,444.445,15000,0,0
Suite_15,Deferred_Volume,0,1826,1.5951,0.612051,0.008544,0.090432,0.380992,2.24684,445.07,15000,0,0
Suite_15,Deferred_Volume,0,1827,1.59926,0.608495,0.008416,0.09024,0.3888,2.22105,450.238,15000,0,0
Suite_15,Deferred_Volume,0,1828,1.61085,0.618753,0.0088,0.090304,0.384096,2.22104,450.239,15000,0,0
Suite_15,Deferred_Volume,0,1829,1.60612,0.616568,0.01008,0.09056,0.389152,2.24781,444.878,15000,0,0
Suite_15,Deferred_Volume,0,1830,1.60276,0.608137,0.008256,0.091648,0.386752,2.24212,446.007,15000,0,0
Suite_15,Deferred_Volume,0,1831,1.6087,0.624148,0.009184,0.092032,0.383136,2.224,449.641,15000,0,0
Suite_15,Deferred_Volume,0,1832,1.61649,0.6022,0.008608,0.09152,0.388672,2.24771,444.897,15000,0,0
Suite_15,Deferred_Volume,0,1833,1.61597,0.601831,0.01056,0.09072,0.381056,2.23326,447.777,15000,0,0
Suite_15,Deferred_Volume,0,1834,1.62673,0.617631,0.01024,0.09216,0.385216,2.23177,448.076,15000,0,0
Suite_15,Deferred_Volume,0,1835,1.62621,0.610668,0.010048,0.09088,0.384064,2.25928,442.618,15000,0,0
Suite_15,Deferred_Volume,0,1836,1.62445,0.597571,0.011968,0.092,0.388992,2.25012,444.42,15000,0,0
Suite_15,Deferred_Volume,0,1837,1.62933,0.615365,0.010624,0.091776,0.391168,2.23648,447.131,15000,0,0
Suite_15,Deferred_Volume,0,1838,1.64006,0.605533,0.011552,0.091136,0.388896,2.26101,442.28,15000,0,0
Suite_15,Deferred_Volume,0,1839,1.63271,0.606597,0.011744,0.092256,0.395104,2.26764,440.987,15000,0,0
Suite_15,Deferred_Volume,0,1840,1.64545,0.616021,0.010464,0.09216,0.394752,2.25219,444.011,15000,0,0
Suite_15,Deferred_Volume,0,1841,1.64394,0.609432,0.010624,0.09216,0.38912,2.27739,439.098,15000,0,0
Suite_15,Deferred_Volume,0,1842,1.64644,0.604516,0.011936,0.110592,0.405376,2.2676,440.995,15000,0,0
Suite_15,Deferred_Volume,0,1843,1.64759,0.613474,0.011584,0.092512,0.394464,2.26408,441.68,15000,0,0
Suite_15,Deferred_Volume,0,1844,1.6506,0.60802,0.011712,0.093376,0.394432,2.27543,439.477,15000,0,0
Suite_15,Deferred_Volume,0,1845,1.65492,0.607446,0.012128,0.09312,0.397312,2.27455,439.646,15000,0,0
Suite_15,Deferred_Volume,0,1846,1.65514,0.616852,0.012288,0.093568,0.385504,2.27651,439.269,15000,0,0
Suite_15,Deferred_Volume,0,1847,1.66825,0.620467,0.012352,0.093824,0.391168,2.28734,437.189,15000,0,0
Suite_15,Deferred_Volume,0,1848,1.66234,0.599559,0.012288,0.0936,0.4096,2.30219,434.37,15000,0,0
Suite_15,Deferred_Volume,0,1849,1.66884,0.619937,0.012384,0.092352,0.394528,2.2767,439.232,15000,0,0
Suite_15,Deferred_Volume,0,1850,1.6735,0.615792,0.012896,0.093056,0.384832,2.30618,433.617,15000,0,0
Suite_15,Deferred_Volume,0,1851,1.67133,0.600824,0.012576,0.094176,0.413696,2.3031,434.198,15000,0,0
Suite_15,Deferred_Volume,0,1852,1.67475,0.611488,0.014272,0.094144,0.393376,2.28505,437.627,15000,0,0
Suite_15,Deferred_Volume,0,1853,1.67429,0.616647,0.014336,0.094048,0.387232,2.30234,434.341,15000,0,0
Suite_15,Deferred_Volume,0,1854,1.6784,0.60164,0.013888,0.093152,0.41984,2.30556,433.734,15000,0,0
Suite_15,Deferred_Volume,0,1855,1.68294,0.610508,0.013152,0.094208,0.39728,2.29322,436.068,15000,0,0
Suite_15,Deferred_Volume,0,1856,1.68518,0.615922,0.014336,0.094208,0.398784,2.30757,433.355,15000,0,0
Suite_15,Deferred_Volume,0,1857,1.68921,0.601828,0.01536,0.095328,0.417792,2.31662,431.664,15000,0,0
Suite_15,Deferred_Volume,0,1858,1.69701,0.619205,0.014336,0.095712,0.395552,2.30554,433.737,15000,0,0
Suite_15,Deferred_Volume,0,1859,1.68712,0.614669,0.015808,0.096,0.393248,2.33048,429.097,15000,0,0
Suite_15,Deferred_Volume,0,1860,1.69173,0.602524,0.015008,0.095424,0.4096,2.31539,431.892,15000,0,0
Suite_15,Deferred_Volume,0,1861,1.69732,0.609885,0.015648,0.096,0.39424,2.30981,432.937,15000,0,0
Suite_15,Deferred_Volume,0,1862,1.69802,0.616995,0.015264,0.095968,0.401856,2.32248,430.574,15000,0,0
Suite_15,Deferred_Volume,0,1863,1.70314,0.60437,0.016288,0.096032,0.422496,2.3295,429.277,15000,0,0
Suite_15,Deferred_Volume,0,1864,1.70833,0.635631,0.016128,0.096256,0.39936,2.32084,430.878,15000,0,0
Suite_15,Deferred_Volume,0,1865,1.71105,0.618804,0.016384,0.09568,0.401856,2.3631,423.172,15000,0,0
Suite_15,Deferred_Volume,0,1866,1.71491,0.602255,0.016384,0.096256,0.425664,2.34502,426.436,15000,0,0
Suite_15,Deferred_Volume,0,1867,1.70859,0.606985,0.016384,0.096256,0.4,2.3367,427.955,15000,0,0
Suite_15,Deferred_Volume,0,1868,1.71722,0.613001,0.017504,0.096256,0.405664,2.3345,428.357,15000,0,0
Suite_15,Deferred_Volume,0,1869,1.7195,0.601599,0.018304,0.096288,0.397984,2.34551,426.347,15000,0,0
Suite_15,Deferred_Volume,0,1870,1.72701,0.611373,0.018208,0.095968,0.39568,2.3353,428.21,15000,0,0
Suite_15,Deferred_Volume,0,1871,1.72358,0.618892,0.018144,0.09696,0.406464,2.35267,425.048,15000,0,0
Suite_15,Deferred_Volume,0,1872,1.72906,0.600178,0.018112,0.118624,0.425984,2.35619,424.414,15000,0,0
Suite_15,Deferred_Volume,0,1873,1.73068,0.610694,0.018208,0.097056,0.39936,2.34395,426.631,15000,0,0
Suite_15,Deferred_Volume,0,1874,1.73397,0.613904,0.018496,0.096864,0.39936,2.35663,424.335,15000,0,0
Suite_15,Deferred_Volume,0,1875,1.73677,0.602424,0.020128,0.098112,0.407744,2.36124,423.506,15000,0,0
Suite_15,Deferred_Volume,0,1876,1.73278,0.617468,0.018912,0.096992,0.411648,2.35174,425.218,15000,0,0
Suite_15,Deferred_Volume,0,1877,1.73872,0.608131,0.019648,0.098304,0.408192,2.36667,422.535,15000,0,0
Suite_15,Deferred_Volume,0,1878,1.73508,0.598243,0.02048,0.09776,0.405504,2.36091,423.566,15000,0,0
Suite_15,Deferred_Volume,0,1879,1.74661,0.618619,0.019776,0.098304,0.403328,2.34621,426.22,15000,0,0
Suite_15,Deferred_Volume,0,1880,1.74303,0.601483,0.02,0.098656,0.40576,2.37953,420.252,15000,0,0
Suite_15,Deferred_Volume,0,1881,1.75183,0.604879,0.02048,0.09968,0.40848,2.35909,423.893,15000,0,0
Suite_15,Deferred_Volume,0,1882,1.74992,0.624974,0.02048,0.099648,0.405824,2.37098,421.767,15000,0,0
Suite_15,Deferred_Volume,0,1883,1.75442,0.603634,0.02048,0.099872,0.414112,2.39309,417.87,15000,0,0
Suite_15,Deferred_Volume,0,1884,1.75471,0.604829,0.020992,0.098624,0.414112,2.37128,421.714,15000,0,0
Suite_15,Deferred_Volume,0,1885,1.75439,0.623069,0.020928,0.099808,0.40672,2.37451,421.14,15000,0,0
Suite_15,Deferred_Volume,0,1886,1.76311,0.604365,0.021632,0.099328,0.41984,2.39344,417.809,15000,0,0
Suite_15,Deferred_Volume,0,1887,1.76398,0.60972,0.021504,0.100416,0.402816,2.38045,420.088,15000,0,0
Suite_15,Deferred_Volume,0,1888,1.76466,0.612315,0.022528,0.100608,0.411872,2.39724,417.147,15000,0,0
Suite_15,Deferred_Volume,0,1889,1.76731,0.615625,0.022528,0.100832,0.414208,2.39253,417.967,15000,0,0
Suite_15,Deferred_Volume,0,1890,1.76238,0.607026,0.022464,0.101056,0.415744,2.39678,417.227,15000,0,0
Suite_15,Deferred_Volume,0,1891,1.77178,0.614217,0.022784,0.100736,0.412864,2.38265,419.701,15000,0,0
Suite_15,Deferred_Volume,0,1892,1.77203,0.613116,0.022528,0.100352,0.416928,2.39955,416.744,15000,0,0
Suite_15,Deferred_Volume,0,1893,1.7735,0.605702,0.023296,0.102272,0.417792,2.40096,416.5,15000,0,0
Suite_15,Deferred_Volume,0,1894,1.78159,0.616749,0.02416,0.102944,0.438464,2.39383,417.74,15000,0,0
Suite_15,Deferred_Volume,0,1895,1.77047,0.607273,0.023872,0.104448,0.415744,2.41152,414.677,15000,0,0
Suite_15,Deferred_Volume,0,1896,1.78361,0.608105,0.024576,0.10288,0.419968,2.39686,417.213,15000,0,0
Suite_15,Deferred_Volume,0,1897,1.78843,0.614129,0.027072,0.10352,0.42576,2.40865,415.17,15000,0,0
Suite_15,Deferred_Volume,0,1898,1.78851,0.600917,0.024704,0.10432,0.414912,2.41667,413.792,15000,0,0
Suite_15,Deferred_Volume,0,1899,1.78519,0.612276,0.024576,0.103488,0.419424,2.40245,416.242,15000,0,0
Suite_15,Deferred_Volume,0,1900,1.79398,0.612479,0.025248,0.103296,0.424224,2.41158,414.666,15000,0,0
Suite_15,Deferred_Volume,0,1901,1.7945,0.602727,0.026048,0.104448,0.441568,2.4219,412.899,15000,0,0
Suite_15,Deferred_Volume,0,1902,1.79936,0.61114,0.025824,0.10416,0.412576,2.41112,414.746,15000,0,0
Suite_15,Deferred_Volume,0,1903,1.80349,0.610138,0.026464,0.102944,0.426656,2.42479,412.407,15000,0,0
Suite_15,Deferred_Volume,0,1904,1.8084,0.604246,0.031872,0.105792,0.42432,2.42733,411.975,15000,0,0
Suite_15,Deferred_Volume,0,1905,1.80995,0.610473,0.027648,0.104448,0.415808,2.42783,411.891,15000,0,0
Suite_15,Deferred_Volume,0,1906,1.81603,0.646508,0.02704,0.104448,0.429568,2.43577,410.548,15000,0,0
Suite_15,Deferred_Volume,0,1907,1.81325,0.613569,0.027168,0.105152,0.423904,2.47866,403.444,15000,0,0
Suite_15,Deferred_Volume,0,1908,1.8135,0.621027,0.028256,0.105152,0.422496,2.44002,409.833,15000,0,0
Suite_15,Deferred_Volume,0,1909,1.81227,0.607673,0.028672,0.105984,0.428672,2.45153,407.909,15000,0,0
Suite_15,Deferred_Volume,0,1910,1.81821,0.602663,0.0272,0.106496,0.42976,2.43493,410.689,15000,0,0
Suite_15,Deferred_Volume,0,1911,1.82117,0.617315,0.028288,0.105312,0.424896,2.43405,410.838,15000,0,0
Suite_15,Deferred_Volume,0,1912,1.81438,0.603491,0.028448,0.106432,0.423584,2.45235,407.773,15000,0,0
Suite_15,Deferred_Volume,0,1913,1.82096,0.620663,0.028672,0.106496,0.428768,2.43291,411.03,15000,0,0
Suite_15,Deferred_Volume,0,1914,1.83306,0.628675,0.029312,0.106016,0.452608,2.45859,406.738,15000,0,0
Suite_15,Deferred_Volume,0,1915,1.83381,0.610612,0.029024,0.106496,0.43392,2.47722,403.678,15000,0,0
Suite_15,Deferred_Volume,0,1916,1.83478,0.608247,0.02976,0.108544,0.433632,2.45773,406.88,15000,0,0
Suite_15,Deferred_Volume,0,1917,1.83365,0.617784,0.030432,0.107488,0.430784,2.45902,406.666,15000,0,0
Suite_15,Deferred_Volume,0,1918,1.83514,0.608022,0.03072,0.107872,0.44912,2.46682,405.381,15000,0,0
Suite_15,Deferred_Volume,0,1919,1.83747,0.613592,0.03072,0.10832,0.429824,2.45634,407.11,15000,0,0
Suite_15,Deferred_Volume,0,1920,1.83431,0.704277,0.03088,0.106944,0.42976,2.46526,405.636,15000,0,0
Suite_15,Deferred_Volume,0,1921,1.84946,0.655596,0.03072,0.10752,0.43632,2.56042,390.561,15000,0,0
Suite_15,Deferred_Volume,0,1922,1.84616,0.63481,0.03168,0.108608,0.430368,2.52194,396.52,15000,0,0
Suite_15,Deferred_Volume,0,1923,1.85368,0.609703,0.032448,0.109056,0.438208,2.49726,400.439,15000,0,0
Suite_15,Deferred_Volume,0,1924,1.84227,0.60803,0.032768,0.106688,0.4344,2.48312,402.72,15000,0,0
Suite_15,Deferred_Volume,0,1925,1.85082,0.630633,0.032064,0.110144,0.4408,2.46607,405.504,15000,0,0
Suite_15,Deferred_Volume,0,1926,1.8503,0.613685,0.031232,0.108544,0.437536,2.49749,400.401,15000,0,0
Suite_15,Deferred_Volume,0,1927,1.85582,0.610799,0.032896,0.110016,0.44032,2.47779,403.585,15000,0,0
Suite_15,Deferred_Volume,0,1928,1.85659,0.618237,0.032768,0.108544,0.43392,2.48111,403.046,15000,0,0
Suite_15,Deferred_Volume,0,1929,1.85852,0.602118,0.032768,0.10992,0.433696,2.49018,401.578,15000,0,0
Suite_15,Deferred_Volume,0,1930,1.86392,0.611661,0.033184,0.10912,0.435776,2.47429,404.157,15000,0,0
Suite_15,Deferred_Volume,0,1931,1.8594,0.610867,0.033312,0.110368,0.436224,2.48964,401.664,15000,0,0
Suite_15,Deferred_Volume,0,1932,1.8642,0.606759,0.034816,0.110112,0.449024,2.48373,402.621,15000,0,0
Suite_15,Deferred_Volume,0,1933,1.86214,0.614194,0.033184,0.110496,0.435584,2.48598,402.256,15000,0,0
Suite_15,Deferred_Volume,0,1934,1.87432,0.613686,0.033408,0.110592,0.436224,2.49213,401.263,15000,0,0
Suite_15,Deferred_Volume,0,1935,1.86945,0.602769,0.033696,0.110592,0.444512,2.50164,399.738,15000,0,0
Suite_15,Deferred_Volume,0,1936,1.88437,0.617975,0.034624,0.110592,0.442368,2.48498,402.417,15000,0,0
Suite_15,Deferred_Volume,0,1937,1.87336,0.606018,0.034816,0.110592,0.442816,2.5184,397.078,15000,0,0
Suite_15,Deferred_Volume,0,1938,1.87338,0.608633,0.036128,0.111616,0.44176,2.49353,401.038,15000,0,0
Suite_15,Deferred_Volume,0,1939,1.87716,0.61558,0.036448,0.111232,0.43232,2.49588,400.66,15000,0,0
Suite_15,Deferred_Volume,0,1940,1.88755,0.607804,0.034816,0.112416,0.448704,2.50704,398.877,15000,0,0
Suite_15,Deferred_Volume,0,1941,1.88061,0.607758,0.035392,0.110592,0.44992,2.51105,398.241,15000,0,0
Suite_15,Deferred_Volume,0,1942,1.88263,0.610875,0.036864,0.112768,0.45056,2.50439,399.299,15000,0,0
Suite_15,Deferred_Volume,0,1943,1.87888,0.606051,0.036864,0.111008,0.444928,2.50779,398.757,15000,0,0
Suite_15,Deferred_Volume,0,1944,1.88044,0.611157,0.036864,0.11264,0.447072,2.49808,400.307,15000,0,0
Suite_15,Deferred_Volume,0,1945,1.89568,0.610149,0.036736,0.114688,0.447744,2.50845,398.653,15000,0,0
Suite_15,Deferred_Volume,0,1946,1.88702,0.619938,0.03792,0.11264,0.444512,2.52062,396.728,15000,0,0
Suite_15,Deferred_Volume,0,1947,1.89224,0.641906,0.037216,0.11328,0.448416,2.52293,396.365,15000,0,0
Suite_15,Deferred_Volume,0,1948,1.89246,0.608034,0.037536,0.113056,0.44832,2.54996,392.164,15000,0,0
Suite_15,Deferred_Volume,0,1949,1.89494,0.608798,0.037088,0.113856,0.45056,2.51584,397.482,15000,0,0
Suite_15,Deferred_Volume,0,1950,1.89479,0.617406,0.03728,0.114208,0.450176,2.51814,397.119,15000,0,0
Suite_15,Deferred_Volume,0,1951,1.89467,0.608995,0.037888,0.113888,0.450784,2.5261,395.867,15000,0,0
Suite_15,Deferred_Volume,0,1952,1.90003,0.604415,0.037856,0.114496,0.454112,2.51654,397.371,15000,0,0
Suite_15,Deferred_Volume,0,1953,1.90529,0.618151,0.043008,0.117728,0.458176,2.52808,395.556,15000,0,0
Suite_15,Deferred_Volume,0,1954,1.90331,0.602032,0.038912,0.114752,0.442304,2.53786,394.033,15000,0,0
Suite_15,Deferred_Volume,0,1955,1.89379,0.61641,0.038912,0.114688,0.450624,2.51807,397.129,15000,0,0
Suite_15,Deferred_Volume,0,1956,1.90184,0.610089,0.039072,0.115168,0.456704,2.52455,396.11,15000,0,0
Suite_15,Deferred_Volume,0,1957,1.89879,0.605457,0.039168,0.114176,0.449824,2.52767,395.622,15000,0,0
Suite_15,Deferred_Volume,0,1958,1.90594,0.614768,0.038912,0.11584,0.452352,2.51798,397.143,15000,0,0
Suite_15,Deferred_Volume,0,1959,1.90573,0.608397,0.038976,0.116192,0.452608,2.53491,394.491,15000,0,0
Suite_15,Deferred_Volume,0,1960,1.89944,0.59958,0.04064,0.117472,0.456096,2.52784,395.595,15000,0,0
Suite_15,Deferred_Volume,0,1961,1.90715,0.6242,0.040128,0.11616,0.453184,2.51425,397.732,15000,0,0
Suite_15,Deferred_Volume,0,1962,1.91447,0.601885,0.0408,0.11664,0.454848,2.54692,392.631,15000,0,0
Suite_15,Deferred_Volume,0,1963,1.91268,0.611107,0.040832,0.116448,0.454368,2.52967,395.309,15000,0,0
Suite_15,Deferred_Volume,0,1964,1.91261,0.612868,0.039744,0.118784,0.46416,2.5381,393.996,15000,0,0
Suite_15,Deferred_Volume,0,1965,1.90471,0.613178,0.040768,0.116736,0.473088,2.54092,393.558,15000,0,0
Suite_15,Deferred_Volume,0,1966,1.91063,0.616098,0.040992,0.11648,0.458016,2.5321,394.93,15000,0,0
Suite_15,Deferred_Volume,0,1967,1.91443,0.6135,0.04096,0.116416,0.45648,2.5415,393.469,15000,0,0
Suite_15,Deferred_Volume,0,1968,1.91254,0.605576,0.041248,0.116832,0.456704,2.54178,393.426,15000,0,0
Suite_15,Deferred_Volume,0,1969,1.91834,0.614498,0.041376,0.116736,0.456416,2.53273,394.831,15000,0,0
Suite_15,Deferred_Volume,0,1970,1.91793,0.634939,0.041728,0.117376,0.464768,2.54805,392.457,15000,0,0.152971
Suite_15,Deferred_Volume,0,1971,1.92217,0.623645,0.042752,0.117408,0.45696,2.56635,389.658,15000,0,0.153258
Suite_15,Deferred_Volume,0,1972,1.92033,0.649449,0.041088,0.116736,0.479232,2.55953,390.697,15000,0,0.153549
Suite_15,Deferred_Volume,0,1973,1.91776,0.625375,0.041856,0.116992,0.455936,2.58736,386.494,15000,0,0.153844
Suite_15,Deferred_Volume,0,1974,1.91857,0.63489,0.043008,0.117088,0.4592,2.55821,390.898,15000,0,0.154142
Suite_15,Deferred_Volume,0,1975,1.92275,0.633975,0.04272,0.116992,0.463776,2.56839,389.35,15000,0,0.154445
Suite_15,Deferred_Volume,0,1976,1.9132,0.620183,0.042912,0.141312,0.48144,2.5709,388.969,15000,0,0.154751
Suite_15,Deferred_Volume,0,1977,1.92481,0.632026,0.043008,0.11696,0.455488,2.54853,392.383,15000,0,0.155061
Suite_15,Deferred_Volume,0,1978,1.93035,0.627275,0.04304,0.117696,0.452032,2.573,388.651,15000,0,0.155374
Suite_15,Deferred_Volume,0,1979,1.92686,0.630928,0.043008,0.117856,0.45872,2.57135,388.901,15000,0,0.329982
Suite_15,Deferred_Volume,0,1980,1.92261,0.634703,0.043008,0.118272,0.458912,2.57141,388.892,15000,0,0.330658
Suite_15,Deferred_Volume,0,1981,1.92358,0.631464,0.043488,0.118592,0.461824,2.58048,387.525,15000,0,0.331343
Suite_15,Deferred_Volume,0,1982,1.92752,0.636116,0.043232,0.118272,0.457888,2.56985,389.128,15000,0,0.429205
Suite_15,Deferred_Volume,0,1983,1.93091,0.628598,0.044448,0.1192,0.456992,2.57963,387.652,15000,0,0.430066
Suite_15,Deferred_Volume,0,1984,1.92494,0.626987,0.044384,0.11776,0.483936,2.57336,388.598,15000,0,0.430939
Suite_15,Deferred_Volume,0,1985,1.92604,0.633683,0.045056,0.118976,0.456096,2.56698,389.562,15000,0,0.431821
Suite_15,Deferred_Volume,0,1986,1.93632,0.666271,0.044544,0.119232,0.466816,2.57533,388.3,15000,0,0.432714
Suite_15,Deferred_Volume,0,1987,1.93474,0.627896,0.045056,0.118784,0.457184,2.61916,381.802,15000,0,0.433618
Suite_15,Deferred_Volume,0,1988,1.92887,0.644836,0.045056,0.118784,0.465184,2.57639,388.139,15000,0,0.434533
Suite_15,Deferred_Volume,0,1989,1.93648,0.637416,0.044928,0.120832,0.460608,2.5915,385.878,15000,0,0.43546
Suite_15,Deferred_Volume,0,1990,1.93301,0.675483,0.044704,0.119744,0.457984,2.59587,385.227,15000,0,0.584573
Suite_15,Deferred_Volume,0,1991,1.93801,0.653332,0.059424,0.12288,0.4888,2.62664,380.714,15000,0,0.585838
Suite_15,Deferred_Volume,0,1992,1.93147,0.650303,0.045408,0.122464,0.488736,2.60662,383.639,15000,0,0.587118
Suite_15,Deferred_Volume,0,1993,1.93563,0.649746,0.04544,0.1216,0.469184,2.599,384.763,15000,0,0.588414
Suite_15,Deferred_Volume,0,1994,1.93624,0.642782,0.045568,0.121248,0.468416,2.60286,384.192,15000,0,0.589724
Suite_15,Deferred_Volume,0,1995,1.93223,0.623112,0.0456,0.122464,0.470368,2.5933,385.609,15000,0,0.591049
Suite_15,Deferred_Volume,0,1996,1.92996,0.643361,0.045856,0.123616,0.470848,2.56893,389.267,15000,0,0.59239
Suite_15,Deferred_Volume,0,1997,1.93037,0.628649,0.045952,0.12336,0.46912,2.59017,386.075,15000,0,0.775792
Suite_15,Deferred_Volume,0,1998,1.9425,0.626591,0.046176,0.124256,0.47456,2.57417,388.474,15000,0,0.86995
Suite_15,Deferred_Volume,0,1999,1.93406,0.623936,0.046528,0.1536,0.492768,2.58274,387.186,15000,0,0.871919
Suite_15,Deferred_Volume,0,2000,1.93344,0.623482,0.0456,0.124928,0.473056,2.57154,388.872,15000,0,0.873909
Suite_15,Deferred_Volume,0,2001,1.94919,0.641454,0.04656,0.124864,0.468992,2.57233,388.752,15000,0,0.875923
Suite_15,Deferred_Volume,0,2002,1.9369,0.627156,0.047104,0.12512,0.471584,2.60722,383.55,15000,0,0.877959
Suite_15,Deferred_Volume,0,2003,1.9267,0.625691,0.046848,0.125792,0.475136,2.57804,387.891,15000,0,0.880018
Suite_15,Deferred_Volume,0,2004,1.97555,0.702079,0.047104,0.126976,0.477152,2.56592,389.723,15000,0,0.8821
Suite_15,Deferred_Volume,0,2005,1.93536,0.629671,0.047104,0.126976,0.4792,2.69875,370.542,15000,0,0.884206
Suite_15,Deferred_Volume,0,2006,1.93863,0.624155,0.047104,0.127776,0.473632,2.58039,387.538,15000,0,0.886335
Suite_15,Deferred_Volume,0,2007,1.93436,0.619925,0.047584,0.127488,0.497696,2.57674,388.087,15000,0,0.888488
Suite_15,Deferred_Volume,0,2008,1.93619,0.624964,0.047712,0.128608,0.503808,2.56854,389.326,15000,0,0.890664
Suite_15,Deferred_Volume,0,2009,1.93719,0.629014,0.047648,0.129216,0.48128,2.57661,388.107,15000,0,0.973233
Suite_15,Deferred_Volume,0,2010,1.9359,0.639464,0.047104,0.131072,0.476,2.58906,386.241,15000,0,0.975595
Suite_15,Deferred_Volume,0,2011,1.9472,0.636352,0.048864,0.131424,0.47104,2.59039,386.043,15000,0,0.977983
Suite_15,Deferred_Volume,0,2012,1.93812,0.643666,0.048192,0.132992,0.476,2.59804,384.906,15000,0,1.13698
Suite_15,Deferred_Volume,0,2013,1.93426,0.633611,0.048032,0.1328,0.475136,2.59897,384.768,15000,0,1.13978
Suite_15,Deferred_Volume,0,2014,1.93862,0.629158,0.048928,0.132544,0.47552,2.5832,387.117,15000,0,1.14261
Suite_15,Deferred_Volume,0,2015,1.9321,0.638037,0.048544,0.131744,0.493824,2.58793,386.409,15000,0,1.4621
Suite_15,Deferred_Volume,0,2016,1.93613,0.639537,0.049152,0.134848,0.477568,2.5845,386.921,15000,0,1.46575
Suite_15,Deferred_Volume,0,2017,1.93174,0.63233,0.048736,0.133696,0.485248,2.59267,385.703,15000,0,1.46943
Suite_15,Deferred_Volume,0,2018,1.93871,0.639808,0.047744,0.135168,0.479264,2.57952,387.669,15000,0,1.47316
Suite_15,Deferred_Volume,0,2019,1.93328,0.625375,0.049152,0.136288,0.475424,2.59312,385.636,15000,0,1.47693
Suite_15,Deferred_Volume,0,2020,1.9428,0.633988,0.048128,0.137216,0.487776,2.57225,388.764,15000,0,1.48073
Suite_15,Deferred_Volume,0,2021,1.94165,0.636251,0.049088,0.13728,0.49344,2.59472,385.398,15000,0,1.55822
Suite_15,Deferred_Volume,0,2022,1.93802,0.62672,0.049184,0.13808,0.483328,2.59382,385.531,15000,0,1.56224
Suite_15,Deferred_Volume,0,2023,1.94197,0.642204,0.049152,0.139104,0.482048,2.57946,387.678,15000,0,1.56631
Suite_15,Deferred_Volume,0,2024,1.93594,0.62408,0.049152,0.139264,0.494432,2.59882,384.79,15000,0,1.57042
Suite_15,Deferred_Volume,0,2025,1.9464,0.675961,0.049152,0.141056,0.49392,2.57565,388.251,15000,0,1.57457
Suite_15,Deferred_Volume,0,2026,1.93752,0.640894,0.050432,0.140288,0.490016,2.642,378.501,15000,0,1.57876
Suite_15,Deferred_Volume,0,2027,1.93252,0.623811,0.049728,0.16384,0.517728,2.59321,385.622,15000,0,1.583
Suite_15,Deferred_Volume,0,2028,1.93633,0.641398,0.050496,0.145408,0.502336,2.57059,389.016,15000,0,1.58728
Suite_15,Deferred_Volume,0,2029,1.93909,0.64182,0.049568,0.144576,0.49968,2.59545,385.29,15000,0,1.66471
Suite_15,Deferred_Volume,0,2030,1.94405,0.635672,0.04944,0.145376,0.495616,2.59704,385.054,15000,0,1.66922
Suite_15,Deferred_Volume,0,2031,1.93835,0.647349,0.050912,0.145984,0.498016,2.59456,385.421,15000,0,1.67377
Suite_15,Deferred_Volume,0,2032,1.94237,0.62935,0.050784,0.14608,0.497632,2.60183,384.345,15000,0,1.7839
Suite_15,Deferred_Volume,0,2033,1.93587,0.6408,0.049856,0.1488,0.497664,2.58813,386.379,15000,0,1.78877
Suite_15,Deferred_Volume,0,2034,1.94561,0.632801,0.0512,0.149824,0.503456,2.59456,385.422,15000,0,1.7937
Suite_15,Deferred_Volume,0,2035,1.93875,0.630325,0.050944,0.172512,0.520864,2.59295,385.662,15000,0,1.79867
Suite_15,Deferred_Volume,0,2036,1.94404,0.634124,0.05072,0.151552,0.505856,2.58328,387.105,15000,0,1.80369
Suite_15,Deferred_Volume,0,2037,1.94339,0.634442,0.049856,0.153536,0.512,2.59657,385.124,15000,0,1.80876
Suite_15,Deferred_Volume,0,2038,1.96288,0.732281,0.050944,0.151904,0.507328,2.60315,384.151,15000,0,1.81389
Suite_15,Deferred_Volume,0,2039,1.93886,0.668602,0.051168,0.153504,0.518976,2.71563,368.238,15000,0,1.81906
Suite_15,Deferred_Volume,0,2040,1.95375,0.634496,0.0512,0.154784,0.506016,2.62441,381.038,15000,0,1.82429
Suite_15,Deferred_Volume,0,2041,1.94561,0.639136,0.0512,0.15536,0.50624,2.60488,383.895,15000,0,1.91744
Suite_15,Deferred_Volume,0,2042,1.93695,0.636774,0.052256,0.156832,0.508224,2.60141,384.408,15000,0,1.92296
Suite_15,Deferred_Volume,0,2043,1.93718,0.634155,0.052256,0.1776,0.522528,2.5888,386.279,15000,0,1.92854
Suite_15,Deferred_Volume,0,2044,1.94378,0.636368,0.05152,0.156544,0.507616,2.58566,386.749,15000,0,1.93417
Suite_15,Deferred_Volume,0,2045,1.94327,0.637907,0.052352,0.159744,0.518272,2.59861,384.822,15000,0,1.93986
Suite_15,Deferred_Volume,0,2046,1.93989,0.629496,0.0512,0.1608,0.510656,2.59725,385.023,15000,0,1.9456
Suite_15,Deferred_Volume,0,2047,1.94181,0.637673,0.051264,0.159744,0.516096,2.58387,387.017,15000,0,1.95139
Suite_15,Deferred_Volume,0,2048,1.94843,0.632172,0.052736,0.162144,0.518176,2.59441,385.444,15000,0,2.03715
Suite_15,Deferred_Volume,0,2049,1.9405,0.638432,0.0512,0.161792,0.508,2.59686,385.081,15000,0,2.04322
Suite_15,Deferred_Volume,0,2050,1.94982,0.64282,0.052032,0.164128,0.517504,2.59722,385.028,15000,0,2.04935
Suite_15,Deferred_Volume,0,2051,1.935,0.631107,0.052928,0.187968,0.538144,2.60746,383.516,15000,0,2.05554
Suite_15,Deferred_Volume,0,2052,1.94021,0.633857,0.05264,0.166176,0.525632,2.58032,387.549,15000,0,2.06178
Suite_15,Deferred_Volume,0,2053,1.94897,0.638585,0.052928,0.16656,0.526048,2.59242,385.74,15000,0,2.12879
Suite_15,Deferred_Volume,0,2054,1.9503,0.624298,0.052448,0.166976,0.513088,2.60304,384.166,15000,0,2.13527
Suite_15,Deferred_Volume,0,2055,1.949,0.642748,0.052736,0.168544,0.524288,2.58882,386.276,15000,0,2.14182
Suite_15,Deferred_Volume,0,2056,1.95296,0.63003,0.053248,0.169376,0.522752,2.60683,383.608,15000,0,2.14842
Suite_15,Deferred_Volume,0,2057,1.94184,0.632393,0.053248,0.170208,0.524832,2.59893,384.774,15000,0,2.15509
Suite_15,Deferred_Volume,0,2058,1.94057,0.635294,0.052896,0.17024,0.530208,2.59126,385.912,15000,0,2.16182
Suite_15,Deferred_Volume,0,2059,1.94468,0.623925,0.053184,0.171552,0.523648,2.59042,386.038,15000,0,2.16862
Suite_15,Deferred_Volume,0,2060,1.93914,0.642566,0.053248,0.173056,0.530592,2.5828,387.177,15000,0,2.17548
Suite_15,Deferred_Volume,0,2061,1.94468,0.648134,0.053248,0.173792,0.533024,2.6001,384.601,15000,0,2.1824
Suite_15,Deferred_Volume,0,2062,1.94635,0.625537,0.053248,0.1744,0.528768,2.60918,383.262,15000,0,2.18939
Suite_15,Deferred_Volume,0,2063,1.94926,0.671129,0.0544,0.176128,0.530048,2.58686,386.568,15000,0,2.19644
Suite_15,Deferred_Volume,0,2064,1.94284,0.637581,0.053344,0.176128,0.529792,2.64743,377.724,15000,0,2.20356
Suite_15,Deferred_Volume,0,2065,1.94279,0.644105,0.053344,0.17664,0.529664,2.59777,384.946,15000,0,2.34639
Suite_15,Deferred_Volume,0,2066,1.94984,0.637364,0.053344,0.178688,0.537696,2.60452,383.948,15000,0,2.35401
Suite_15,Deferred_Volume,0,2067,1.93769,0.629269,0.05472,0.182816,0.55296,2.61133,382.946,15000,0,2.36171
Suite_15,Deferred_Volume,0,2068,1.93773,0.63835,0.053248,0.180224,0.527904,2.58205,387.288,15000,0,2.36948
Suite_15,Deferred_Volume,0,2069,1.94811,0.63771,0.053536,0.18048,0.540672,2.59542,385.294,15000,0,2.37732
Suite_15,Deferred_Volume,0,2070,1.94228,0.650983,0.059904,0.1816,0.550912,2.60241,384.26,15000,128,2.38528
Suite_15,Deferred_Volume,0,2071,1.95351,0.66376,0.059488,0.184352,0.543808,2.60829,383.393,15000,128,2.39327
Suite_15,Deferred_Volume,0,2072,1.94256,0.641557,0.06,0.183424,0.538624,2.63377,379.684,15000,128,2.40132
Suite_15,Deferred_Volume,0,2073,1.94852,0.652221,0.06128,0.184,0.541536,2.60094,384.476,15000,128,2.40946
Suite_15,Deferred_Volume,0,2074,1.94524,0.645545,0.059392,0.186368,0.550912,2.61837,381.917,15000,128,2.41766
Suite_15,Deferred_Volume,0,2075,1.9451,0.644403,0.06144,0.208736,0.577344,2.60639,383.672,15000,128,2.42595
Suite_15,Deferred_Volume,0,2076,1.94622,0.65377,0.061728,0.186368,0.548864,2.60455,383.944,15000,128,2.4343
Suite_15,Deferred_Volume,0,2077,1.94345,0.647054,0.062784,0.188576,0.546368,2.61805,381.963,15000,128,2.44273
Suite_15,Deferred_Volume,0,2078,1.9462,0.641436,0.063008,0.18848,0.547008,2.60716,383.559,15000,128,2.45124
Suite_15,Deferred_Volume,0,2079,1.95461,0.661754,0.06144,0.18864,0.552928,2.60235,384.268,15000,128,2.45983
Suite_15,Deferred_Volume,0,2080,1.94695,0.654631,0.06144,0.190464,0.557184,2.63237,379.886,15000,128,2.46849
Suite_15,Deferred_Volume,0,2081,1.95345,0.66794,0.063488,0.192512,0.560608,2.61773,382.01,15000,128,2.47723
Suite_15,Deferred_Volume,0,2082,1.95151,0.658205,0.06144,0.192512,0.561728,2.64006,378.78,15000,128,2.48605
Suite_15,Deferred_Volume,0,2083,1.95175,0.65536,0.062304,0.221184,0.589824,2.62513,380.934,15000,384,2.49508
Suite_15,Deferred_Volume,0,2084,1.94543,0.66452,0.063488,0.196608,0.565312,2.62169,381.433,15000,384,2.50406
Suite_15,Deferred_Volume,0,2085,1.94854,0.659583,0.063072,0.199168,0.565984,2.62851,380.444,15000,384,2.51312
Suite_15,Deferred_Volume,0,2086,1.95137,0.655957,0.063488,0.198848,0.565504,2.62474,380.99,15000,768,2.61694
Suite_15,Deferred_Volume,0,2087,1.95634,0.673868,0.06144,0.199008,0.577536,2.62269,381.287,15000,1024,2.62672
Suite_15,Deferred_Volume,0,2088,1.95131,0.658582,0.063584,0.200832,0.571392,2.64588,377.946,15000,1024,2.63627
Suite_15,Deferred_Volume,0,2089,1.95478,0.665551,0.06352,0.202752,0.57072,2.6276,380.575,15000,1024,2.6459
Suite_15,Deferred_Volume,0,2090,1.95448,0.660084,0.061504,0.202752,0.57088,2.63841,379.016,15000,1024,2.65562
Suite_15,Deferred_Volume,0,2091,1.95634,0.658126,0.061696,0.203104,0.57344,2.63021,380.197,15000,1152,2.66589
Suite_15,Deferred_Volume,0,2092,1.95792,0.672982,0.065536,0.205952,0.567008,2.62935,380.321,15000,1280,2.67596
Suite_15,Deferred_Volume,0,2093,1.95261,0.828899,0.065536,0.73728,1.10518,2.64894,377.509,15000,1408,2.68623
Suite_15,Deferred_Volume,0,2094,1.94685,0.657837,0.062464,0.206848,0.575296,2.7985,357.334,15000,1408,2.6963
Suite_15,Deferred_Volume,0,2095,1.94961,0.654318,0.068128,0.208896,0.595744,2.62708,380.651,15000,1664,2.7068
Suite_15,Deferred_Volume,0,2096,1.95482,0.651159,0.0688,0.20752,0.592576,2.61916,381.803,15000,1664,2.71705
Suite_15,Deferred_Volume,0,2097,1.96053,0.669393,0.066016,0.208992,0.5736,2.62341,381.184,15000,2048,2.72789
Suite_15,Deferred_Volume,0,2098,1.96242,0.658846,0.06592,0.210368,0.583008,2.6478,377.672,15000,2048,2.73832
Suite_15,Deferred_Volume,0,2099,1.95776,0.648418,0.063488,0.212672,0.574016,2.6369,379.233,15000,2048,2.74884
Suite_15,Deferred_Volume,0,2100,1.96327,0.670228,0.063488,0.212992,0.581632,2.62131,381.489,15000,2176,2.90412
Suite_15,Deferred_Volume,0,2101,1.95756,0.662833,0.064832,0.214784,0.582176,2.65294,376.941,15000,2176,2.91528
Suite_15,Deferred_Volume,0,2102,1.96367,0.69683,0.063776,0.21504,0.581056,2.63762,379.13,15000,2176,2.92653
Suite_15,Deferred_Volume,0,2103,1.96692,0.671673,0.066752,0.216224,0.58368,2.67976,373.167,15000,2176,2.93789
Suite_15,Deferred_Volume,0,2104,1.96344,0.656676,0.064352,0.238784,0.611712,2.65495,376.655,15000,2304,2.9494
Suite_15,Deferred_Volume,0,2105,1.96448,0.689085,0.065248,0.215872,0.587776,2.63835,379.024,15000,2432,2.9612
Suite_15,Deferred_Volume,0,2106,1.9734,0.724763,0.065536,0.218752,0.59392,2.6737,374.013,15000,2560,2.97306
Suite_15,Deferred_Volume,0,2107,1.96722,0.704069,0.065152,0.217248,0.585728,2.71798,367.92,15000,2816,2.98534
Suite_15,Deferred_Volume,0,2108,1.97273,0.711178,0.064256,0.239616,0.608256,2.69054,371.673,15000,2816,2.99719
Suite_15,Deferred_Volume,0,2109,1.97762,0.740849,0.063616,0.219136,0.606208,2.70696,369.419,15000,2816,3.00915
Suite_15,Deferred_Volume,0,2110,1.9765,0.732796,0.06352,0.219808,0.577536,2.7414,364.776,15000,2944,3.02159
Suite_15,Deferred_Volume,0,2111,1.98267,0.733918,0.066208,0.219136,0.585728,2.73079,366.194,15000,2944,3.03376
Suite_15,Deferred_Volume,0,2112,1.99068,0.726088,0.059392,0.221184,0.586112,2.7394,365.043,15000,2944,3.04603
Suite_15,Deferred_Volume,0,2113,1.98061,0.717821,0.0648,0.219456,0.604768,2.74074,364.865,15000,2944,3.05841
Suite_15,Deferred_Volume,0,2114,1.99515,0.771501,0.065536,0.222496,0.614848,2.72067,367.556,15000,2944,3.07089
Suite_15,Deferred_Volume,0,2115,1.97834,0.747499,0.068544,0.224704,0.596,3.02063,331.056,15000,2944,3.08348
Suite_15,Deferred_Volume,0,2116,2.00292,0.761072,0.065632,0.225056,0.585728,2.83344,352.928,15000,2944,3.09617
Suite_15,Deferred_Volume,0,2117,1.98064,0.733505,0.065536,0.224224,0.592736,2.83394,352.866,15000,2944,3.10898
Suite_15,Deferred_Volume,0,2118,1.98642,0.770493,0.07216,0.225184,0.597408,2.7383,365.191,15000,3072,3.18699
Suite_15,Deferred_Volume,0,2119,1.98973,0.743832,0.08192,0.226752,0.62768,2.88151,347.04,15000,3328,3.20046
Suite_15,Deferred_Volume,0,2120,1.99516,0.766042,0.067168,0.227328,0.59456,2.7554,362.924,15000,3584,3.21395
Suite_15,Deferred_Volume,0,2121,1.98436,0.744939,0.065344,0.227328,0.595552,2.88393,346.749,15000,3840,3.22753
Suite_15,Deferred_Volume,0,2122,1.98535,0.728513,0.067584,0.22528,0.58848,2.7813,359.544,15000,3968,3.2414
Suite_15,Deferred_Volume,0,2123,1.98425,0.752323,0.067776,0.228192,0.595968,2.74942,363.713,15000,3968,3.25504
Suite_15,Deferred_Volume,0,2124,1.98117,0.714967,0.0656,0.252352,0.620192,2.76075,362.22,15000,3968,3.26879
Suite_15,Deferred_Volume,0,2125,1.97561,0.702432,0.067232,0.230464,0.605824,2.74406,364.424,15000,3968,3.28265
Suite_15,Deferred_Volume,0,2126,1.97566,0.676029,0.06704,0.229824,0.6056,2.70031,370.327,15000,3968,3.29663
Suite_15,Deferred_Volume,0,2127,1.97335,0.666698,0.067328,0.230912,0.60336,2.66945,374.608,15000,3968,3.31073
Suite_15,Deferred_Volume,0,2128,1.97113,0.679384,0.068672,0.230336,0.604192,2.65792,376.235,15000,4224,3.32546
Suite_15,Deferred_Volume,0,2129,1.97173,0.662546,0.068128,0.232768,0.605248,2.67017,374.508,15000,4352,3.33989
Suite_15,Deferred_Volume,0,2130,1.97509,0.670212,0.067712,0.233184,0.606208,2.65216,377.051,15000,4352,3.35434
Suite_15,Deferred_Volume,0,2131,1.97401,0.672698,0.067584,0.233472,0.602048,2.66366,375.424,15000,4480,3.36897
Suite_15,Deferred_Volume,0,2132,1.97024,0.65335,0.066144,0.233472,0.603808,2.66409,375.362,15000,4480,3.38367
Suite_15,Deferred_Volume,0,2133,1.97665,0.677003,0.06592,0.234688,0.609344,2.64219,378.473,15000,4608,3.39866
Suite_15,Deferred_Volume,0,2134,1.9748,0.659407,0.06784,0.235264,0.605536,2.67229,374.211,15000,4736,3.4138
Suite_15,Deferred_Volume,0,2135,1.9742,0.657716,0.069632,0.235392,0.606528,2.65139,377.161,15000,4736,3.42887
Suite_15,Deferred_Volume,0,2136,1.96851,0.657524,0.067424,0.234368,0.610304,2.6549,376.661,15000,4608,3.44385
Suite_15,Deferred_Volume,0,2137,1.97037,0.661398,0.067584,0.239616,0.641024,2.64461,378.127,15000,4608,3.45918
Suite_15,Deferred_Volume,0,2138,1.97779,0.676208,0.069408,0.236832,0.608736,2.65018,377.332,15000,4736,3.47478
Suite_15,Deferred_Volume,0,2139,1.98397,0.692498,0.069216,0.237728,0.610528,2.67366,374.019,15000,4736,3.49036
Suite_15,Deferred_Volume,0,2140,1.97885,0.661162,0.070688,0.236992,0.613216,2.69439,371.142,15000,4736,3.50606
Suite_15,Deferred_Volume,0,2141,1.97662,0.678908,0.069632,0.237568,0.632512,2.65924,376.048,15000,4736,3.52189
Suite_15,Deferred_Volume,0,2142,1.97366,0.660605,0.068352,0.237568,0.613408,2.67463,373.883,15000,4736,3.53786
Suite_15,Deferred_Volume,0,2143,1.9698,0.666945,0.067584,0.239616,0.613728,2.651,377.216,15000,4736,3.55395
Suite_15,Deferred_Volume,0,2144,1.97265,0.665649,0.069632,0.24128,0.619136,2.65445,376.726,15000,4864,3.57028
Suite_15,Deferred_Volume,0,2145,1.97515,0.661264,0.069632,0.239136,0.606944,2.65752,376.291,15000,4992,3.58674
Suite_15,Deferred_Volume,0,2146,1.98043,0.674511,0.067904,0.239808,0.60416,2.65369,376.834,15000,5120,3.60335
Suite_15,Deferred_Volume,0,2147,1.98288,0.656577,0.070912,0.241792,0.611776,2.67293,374.122,15000,5376,3.62031
Suite_15,Deferred_Volume,0,2148,1.97156,0.657174,0.071168,0.239808,0.61776,2.65627,376.468,15000,5504,3.63737
Suite_15,Deferred_Volume,0,2149,1.97706,0.655738,0.072576,0.263776,0.636064,2.6482,377.615,15000,5504,3.7106
Suite_15,Deferred_Volume,0,2150,1.97477,0.654394,0.074304,0.242816,0.640288,2.65062,377.27,15000,5504,3.72777
Suite_15,Deferred_Volume,0,2151,1.97905,0.736756,0.069216,0.24176,0.616448,2.64596,377.935,15000,5504,3.74508
Suite_15,Deferred_Volume,0,2152,2.00022,0.739759,0.069632,0.243712,0.61952,2.74544,364.241,15000,5504,3.76253
Suite_15,Deferred_Volume,0,2153,1.98203,0.664129,0.07008,0.241664,0.615936,2.76397,361.798,15000,5504,3.78012
Suite_15,Deferred_Volume,0,2154,1.98787,0.691534,0.07136,0.246816,0.641504,2.6654,375.178,15000,5632,3.79814
Suite_15,Deferred_Volume,0,2155,1.98036,0.667136,0.0712,0.244192,0.618336,2.69855,370.57,15000,5760,3.81636
Suite_15,Deferred_Volume,0,2156,1.97868,0.677182,0.073728,0.24688,0.626496,2.66497,375.239,15000,5760,3.83437
Suite_15,Deferred_Volume,0,2157,1.98434,0.679356,0.070208,0.24576,0.6144,2.67727,373.515,15000,5760,3.85253
Suite_15,Deferred_Volume,0,2158,1.97584,0.660029,0.070304,0.247168,0.621888,2.6827,372.759,15000,5760,3.92741
Suite_15,Deferred_Volume,0,2159,1.99172,0.686284,0.07344,0.246016,0.623264,2.65252,377,15000,5760,3.946
Suite_15,Deferred_Volume,0,2160,1.98051,0.664841,0.071264,0.24752,0.628864,2.70298,369.962,15000,5760,3.96473
Suite_15,Deferred_Volume,0,2161,1.98124,0.660851,0.068352,0.247808,0.622624,2.66461,375.289,15000,5760,3.98361
Suite_15,Deferred_Volume,0,2162,1.97869,0.656945,0.07168,0.248384,0.625376,2.66032,375.895,15000,5760,4.00264
Suite_15,Deferred_Volume,0,2163,1.97889,0.66559,0.071424,0.260384,0.661056,2.65297,376.937,15000,5888,4.02195
Suite_15,Deferred_Volume,0,2164,1.97974,0.674103,0.073728,0.248832,0.630656,2.66177,375.69,15000,6016,4.04153
Suite_15,Deferred_Volume,0,2165,1.97873,0.658382,0.070176,0.24944,0.624032,2.6747,373.873,15000,6016,4.06101
Suite_15,Deferred_Volume,0,2166,1.97817,0.662599,0.07168,0.249856,0.627424,2.65541,376.589,15000,6016,4.08064
Suite_15,Deferred_Volume,0,2167,1.98199,0.675984,0.071104,0.248,0.647648,2.65788,376.24,15000,6016,4.10042
Suite_15,Deferred_Volume,0,2168,1.98117,0.675661,0.072032,0.249344,0.624896,2.67668,373.598,15000,6016,4.12036
Suite_15,Deferred_Volume,0,2169,1.97798,0.672066,0.07168,0.251904,0.623008,2.67657,373.613,15000,6016,4.14045
Suite_15,Deferred_Volume,0,2170,1.98135,0.670828,0.071392,0.250464,0.631968,2.67018,374.507,15000,6016,4.16069
Suite_15,Deferred_Volume,0,2171,1.97979,0.653469,0.070016,0.251488,0.62608,2.66989,374.548,15000,6144,4.18131
Suite_15,Deferred_Volume,0,2172,1.97987,0.68194,0.071456,0.252256,0.628512,2.65006,377.349,15000,6144,4.20187
Suite_15,Deferred_Volume,0,2173,1.9773,0.663841,0.071424,0.250272,0.621568,2.68219,372.83,15000,6144,4.22258
Suite_15,Deferred_Volume,0,2174,1.97374,0.655215,0.073568,0.251904,0.6344,2.66001,375.938,15000,6144,4.24345
Suite_15,Deferred_Volume,0,2175,1.98001,0.657254,0.077824,0.253952,0.636928,2.646,377.929,15000,6144,4.26448
Suite_15,Deferred_Volume,0,2176,1.98654,0.696253,0.073184,0.25248,0.657312,2.65443,376.728,15000,6272,4.28589
Suite_15,Deferred_Volume,0,2177,1.98042,0.695137,0.073856,0.254592,0.637056,2.70419,369.796,15000,6272,4.30724
Suite_15,Deferred_Volume,0,2178,1.98291,0.665674,0.068896,0.253536,0.61744,2.69633,370.874,15000,6272,4.32874
Suite_15,Deferred_Volume,0,2179,1.97882,0.667061,0.073024,0.253696,0.631232,2.66614,375.074,15000,6272,4.35041
Suite_15,Deferred_Volume,0,2180,1.98925,0.679792,0.072288,0.25376,0.656576,2.66764,374.863,15000,6272,4.37224
Suite_15,Deferred_Volume,0,2181,1.97808,0.66639,0.07184,0.253856,0.630784,2.7012,370.205,15000,6272,4.39424
Suite_15,Deferred_Volume,0,2182,1.9849,0.677066,0.069696,0.255968,0.634432,2.66323,375.484,15000,6400,4.41648
Suite_15,Deferred_Volume,0,2183,1.98205,0.671763,0.069632,0.253952,0.626688,2.68051,373.063,15000,6016,4.43793
Suite_15,Deferred_Volume,0,2184,1.97621,0.666239,0.071808,0.259968,0.63488,2.67139,374.336,15000,6144,4.46051
Suite_15,Deferred_Volume,0,2185,1.9849,0.67877,0.07168,0.252736,0.619328,2.66178,375.688,15000,6144,4.48315
Suite_15,Deferred_Volume,0,2186,1.98237,0.663131,0.070464,0.256,0.626752,2.68332,372.673,15000,6144,4.50596
Suite_15,Deferred_Volume,0,2187,1.97915,0.664247,0.070016,0.256224,0.63088,2.66363,375.428,15000,6144,4.52893
Suite_15,Deferred_Volume,0,2188,1.97543,0.657013,0.07168,0.255744,0.62752,2.6604,375.883,15000,6144,4.55207
Suite_15,Deferred_Volume,0,2189,1.97985,0.658794,0.070272,0.266208,0.666624,2.65104,377.21,15000,6144,4.57538
Suite_15,Deferred_Volume,0,2190,1.98319,0.674908,0.06912,0.254752,0.621376,2.65711,376.349,15000,6144,4.59886
Suite_15,Deferred_Volume,0,2191,1.9854,0.682922,0.07088,0.254816,0.633472,2.67753,373.478,15000,6272,4.62271
Suite_15,Deferred_Volume,0,2192,1.9865,0.674,0.071968,0.25552,0.628736,2.6876,372.079,15000,6272,4.64653
Suite_15,Deferred_Volume,0,2193,1.98455,0.695128,0.07168,0.255744,0.656928,2.67992,373.145,15000,6144,4.67009
Suite_15,Deferred_Volume,0,2194,1.98741,0.664279,0.073184,0.256064,0.627808,2.70074,370.269,15000,6144,4.69424
Suite_15,Deferred_Volume,0,2195,1.98195,0.676237,0.073184,0.258592,0.63488,2.66993,374.542,15000,6144,4.71855
Suite_15,Deferred_Volume,0,2196,1.9893,0.667114,0.072224,0.258176,0.632832,2.67706,373.544,15000,6144,4.74304
Suite_15,Deferred_Volume,0,2197,1.97934,0.661403,0.07168,0.2568,0.633184,2.67659,373.61,15000,6144,4.7677
Suite_15,Deferred_Volume,0,2198,1.98575,0.679715,0.069056,0.256288,0.636928,2.65903,376.077,15000,6144,4.79253
Suite_15,Deferred_Volume,0,2199,1.97998,0.667465,0.072704,0.256768,0.637472,2.68422,372.548,15000,6016,4.81684
Suite_15,Deferred_Volume,0,2200,1.98166,0.664959,0.073728,0.258048,0.64016,2.66547,375.168,15000,6144,4.84226
Suite_15,Deferred_Volume,0,2201,1.97825,0.658721,0.075776,0.257472,0.639552,2.66578,375.125,15000,6144,4.8676
Suite_15,Deferred_Volume,0,2202,1.97547,0.670703,0.07168,0.266112,0.67296,2.65492,376.659,15000,6272,4.89334
Suite_15,Deferred_Volume,0,2203,1.98048,0.674673,0.07168,0.257824,0.625472,2.66363,375.427,15000,6400,4.91936
Suite_15,Deferred_Volume,0,2204,1.98506,0.680572,0.072608,0.259232,0.636832,2.67371,374.012,15000,6400,4.94521
Suite_15,Deferred_Volume,0,2205,1.98558,0.664599,0.073696,0.258048,0.639712,2.68638,372.249,15000,6272,4.97113
Suite_15,Deferred_Volume,0,2206,1.9861,0.691185,0.072864,0.256896,0.641792,2.6697,374.574,15000,6272,4.99711
Suite_15,Deferred_Volume,0,2207,1.98196,0.66492,0.071584,0.253952,0.63168,2.69704,370.777,15000,6272,5.02347
Suite_15,Deferred_Volume,0,2208,1.97643,0.662904,0.07232,0.255616,0.634816,2.66419,375.348,15000,6016,5.04872
Suite_15,Deferred_Volume,0,2209,1.97676,0.673178,0.070336,0.255072,0.632544,2.66515,375.213,15000,5760,5.07481
Suite_15,Deferred_Volume,0,2210,1.98094,0.659222,0.068576,0.253952,0.620608,2.66896,374.678,15000,6016,5.10192
Suite_15,Deferred_Volume,0,2211,1.98005,0.686995,0.071264,0.256512,0.632832,2.65709,376.352,15000,6016,5.12897
Suite_15,Deferred_Volume,0,2212,1.98094,0.669437,0.071936,0.255968,0.63616,2.68552,372.368,15000,6144,5.15637
Suite_15,Deferred_Volume,0,2213,1.9746,0.672446,0.072768,0.253952,0.6312,2.67025,374.496,15000,6272,5.18386
Suite_15,Deferred_Volume,0,2214,1.98378,0.693212,0.07344,0.25536,0.62912,2.66542,375.175,15000,6272,5.21141
Suite_15,Deferred_Volume,0,2215,1.98234,0.667374,0.075776,0.272192,0.678432,2.69619,370.894,15000,6272,5.23914
Suite_15,Deferred_Volume,0,2216,1.98591,0.692443,0.073984,0.256064,0.636928,2.6678,374.84,15000,6272,5.26704
Suite_15,Deferred_Volume,0,2217,1.98399,0.676272,0.070816,0.254496,0.632704,2.69904,370.503,15000,6272,5.29511
Suite_15,Deferred_Volume,0,2218,1.98216,0.668909,0.071488,0.254816,0.626848,2.6796,373.19,15000,6272,5.32335
Suite_15,Deferred_Volume,0,2219,1.98197,0.698195,0.073728,0.284672,0.65872,2.6685,374.742,15000,6272,5.35176
Suite_15,Deferred_Volume,0,2220,1.9862,0.673005,0.071808,0.253952,0.632832,2.70005,370.363,15000,6272,5.38033
Suite_15,Deferred_Volume,0,2221,1.97854,0.684022,0.072864,0.25408,0.634368,2.67939,373.22,15000,6272,5.40907
Suite_15,Deferred_Volume,0,2222,1.97607,0.689105,0.07376,0.255456,0.632832,2.68244,372.795,15000,6272,5.43798
Suite_15,Deferred_Volume,0,2223,1.97925,0.665414,0.076256,0.255104,0.630112,2.68296,372.722,15000,6272,5.46707
Suite_15,Deferred_Volume,0,2224,1.97954,0.68821,0.073568,0.254048,0.646976,2.66167,375.704,15000,6272,5.49631
Suite_15,Deferred_Volume,0,2225,1.98447,0.678925,0.077856,0.255296,0.641024,2.68852,371.952,15000,6272,5.52572
Suite_15,Deferred_Volume,0,2226,1.98077,0.661836,0.073728,0.255616,0.636448,2.68162,372.908,15000,6272,5.5553
Suite_15,Deferred_Volume,0,2227,1.97411,0.673003,0.075776,0.255808,0.636928,2.66399,375.377,15000,6272,5.58504
Suite_15,Deferred_Volume,0,2228,1.97127,0.669619,0.07168,0.270336,0.670592,2.66388,375.392,15000,6144,5.61477
Suite_15,Deferred_Volume,0,2229,1.98115,0.688097,0.077792,0.255552,0.643072,2.66085,375.819,15000,6272,5.64489
Suite_15,Deferred_Volume,0,2230,1.98061,0.663223,0.070624,0.253568,0.626848,2.68931,371.842,15000,6272,5.43703
Suite_15,Deferred_Volume,0,2231,1.97869,0.689977,0.073408,0.254112,0.632256,2.6613,375.757,15000,6272,5.4664
Suite_15,Deferred_Volume,0,2232,1.98361,0.686324,0.06976,0.275712,0.6568,2.68738,372.11,15000,6272,5.49592
Suite_15,Deferred_Volume,0,2233,1.97822,0.663813,0.075616,0.25232,0.632416,2.69023,371.715,15000,6016,5.52499
Suite_15,Deferred_Volume,0,2234,1.97907,0.683658,0.074464,0.255456,0.636608,2.66047,375.873,15000,6016,5.55482
Suite_15,Deferred_Volume,0,2235,1.97864,0.683487,0.07248,0.253952,0.63424,2.68113,372.977,15000,6144,5.58497
Suite_15,Deferred_Volume,0,2236,1.97956,0.661562,0.074944,0.252736,0.629216,2.68014,373.115,15000,6144,5.61509
Suite_15,Deferred_Volume,0,2237,1.9849,0.708279,0.073472,0.252032,0.653056,2.66348,375.449,15000,6144,5.64536
Suite_15,Deferred_Volume,0,2238,1.97779,0.670149,0.075776,0.253216,0.628704,2.71405,368.453,15000,6144,5.19309
Suite_15,Deferred_Volume,0,2239,1.97361,0.668038,0.07328,0.253504,0.63056,2.66536,375.184,15000,6016,5.2211
Suite_15,Deferred_Volume,0,2240,1.97703,0.664287,0.073728,0.253856,0.628128,2.65875,376.117,15000,6016,5.24953
Suite_15,Deferred_Volume,0,2241,1.97571,0.669933,0.075328,0.261696,0.666624,2.65999,375.942,15000,5888,5.2776
Suite_15,Deferred_Volume,0,2242,1.9804,0.668062,0.073792,0.252576,0.636032,2.66385,375.396,15000,5888,5.30613
Suite_15,Deferred_Volume,0,2243,1.97728,0.675725,0.07376,0.250752,0.63488,2.6677,374.855,15000,5888,5.33497
Suite_15,Deferred_Volume,0,2244,1.97425,0.666405,0.073728,0.251904,0.63488,2.67024,374.498,15000,5888,5.36395
Suite_15,Deferred_Volume,0,2245,1.9797,0.671506,0.072928,0.273888,0.655936,2.6606,375.855,15000,5760,5.3928
Suite_15,Deferred_Volume,0,2246,1.97865,0.670744,0.0704,0.251584,0.630592,2.67053,374.458,15000,5760,5.42205
Suite_15,Deferred_Volume,0,2247,1.97693,0.668886,0.070336,0.253792,0.630784,2.66671,374.994,15000,5632,5.4508
Suite_15,Deferred_Volume,0,2248,1.97634,0.673262,0.071872,0.251616,0.633952,2.66405,375.369,15000,5504,5.47986
Suite_15,Deferred_Volume,0,2249,1.97682,0.663579,0.069728,0.25248,0.632832,2.66957,374.592,15000,5504,5.50951
Suite_15,Deferred_Volume,0,2250,1.97877,0.676808,0.072448,0.250656,0.653312,2.65852,376.149,15000,5504,5.53928
Suite_15,Deferred_Volume,0,2251,1.97694,0.670701,0.070688,0.249888,0.620544,2.67389,373.987,15000,5504,5.56918
Suite_15,Deferred_Volume,0,2252,1.97636,0.66971,0.073376,0.250272,0.622592,2.66701,374.951,15000,5504,5.03951
Suite_15,Deferred_Volume,0,2253,1.97881,0.659985,0.077152,0.250976,0.632832,2.66514,375.215,15000,5248,5.06597
Suite_15,Deferred_Volume,0,2254,1.97164,0.655248,0.073408,0.258272,0.667648,2.65638,376.452,15000,5248,5.09369
Suite_15,Deferred_Volume,0,2255,1.97545,0.674677,0.0728,0.25072,0.631648,2.64332,378.313,15000,4992,5.12114
Suite_15,Deferred_Volume,0,2256,1.97257,0.661583,0.077056,0.248448,0.6368,2.66834,374.764,15000,5120,5.14934
Suite_15,Deferred_Volume,0,2257,1.97151,0.655195,0.072416,0.2496,0.628736,2.65285,376.953,15000,5120,5.17744
Suite_15,Deferred_Volume,0,2258,1.97255,0.672561,0.071744,0.24736,0.646912,2.64468,378.117,15000,5120,5.20567
Suite_15,Deferred_Volume,0,2259,1.97763,0.661355,0.075392,0.248672,0.631872,2.66292,375.527,15000,5248,5.23409
Suite_15,Deferred_Volume,0,2260,1.97095,0.663449,0.073152,0.249856,0.626048,2.65574,376.542,15000,5248,5.26256
Suite_15,Deferred_Volume,0,2261,1.97511,0.67219,0.073088,0.248352,0.620544,2.65473,376.686,15000,5248,5.29114
Suite_15,Deferred_Volume,0,2262,1.97462,0.654988,0.069952,0.247488,0.626688,2.66561,375.149,15000,5248,5.31984
Suite_15,Deferred_Volume,0,2263,1.97625,0.677661,0.073472,0.24624,0.639168,2.65074,377.253,15000,5248,5.34866
Suite_15,Deferred_Volume,0,2264,2.00195,0.928653,0.724448,0.248352,1.28205,2.67231,374.208,15000,5248,5.37758
Suite_15,Deferred_Volume,0,2265,1.9826,0.680637,0.073728,0.24576,0.61488,2.95611,338.282,15000,5120,5.40621
Suite_15,Deferred_Volume,0,2266,1.97762,0.655785,0.07168,0.249184,0.624,2.68787,372.042,15000,5120,5.43536
Suite_15,Deferred_Volume,0,2267,1.9717,0.666874,0.074208,0.255904,0.667648,2.65037,377.306,15000,4992,5.46391
Suite_15,Deferred_Volume,0,2268,1.97814,0.686286,0.069824,0.248448,0.628736,2.65591,376.518,15000,4992,5.49327
Suite_15,Deferred_Volume,0,2269,1.97056,0.667429,0.073536,0.247904,0.626688,2.68587,372.319,15000,4864,5.52237
Suite_15,Deferred_Volume,0,2270,1.971,0.668578,0.075776,0.247808,0.633536,2.65647,376.439,15000,4864,5.55192
Suite_15,Deferred_Volume,0,2271,1.97264,0.676737,0.07168,0.264096,0.648416,2.6564,376.449,15000,4736,5.58094
Suite_15,Deferred_Volume,0,2272,1.97164,0.664511,0.073184,0.245248,0.620544,2.66692,374.964,15000,4736,5.61069
Suite_15,Deferred_Volume,0,2273,1.96572,0.679327,0.072896,0.247808,0.623712,2.65473,376.686,15000,4608,5.64039
Suite_15,Deferred_Volume,0,2274,1.96858,0.686085,0.071456,0.24576,0.619264,2.6652,375.207,15000,4608,5.67031
Suite_15,Deferred_Volume,0,2275,1.97295,0.660294,0.070432,0.24576,0.619968,2.67259,374.168,15000,4480,5.20655
Suite_15,Deferred_Volume,0,2276,1.97543,0.694905,0.073184,0.244608,0.647168,2.6498,377.388,15000,4480,5.23435
Suite_15,Deferred_Volume,0,2277,1.97125,0.664127,0.07168,0.2472,0.626688,2.6911,371.596,15000,4608,5.26246
Suite_15,Deferred_Volume,0,2278,1.97127,0.652703,0.07168,0.24496,0.62064,2.65305,376.925,15000,4608,5.29042
Suite_15,Deferred_Volume,0,2279,1.97479,0.660565,0.072384,0.243904,0.620864,2.63996,378.793,15000,4608,5.31847
Suite_15,Deferred_Volume,0,2280,1.964,0.660436,0.076096,0.253728,0.667648,2.66249,375.589,15000,4608,5.3466
Suite_15,Deferred_Volume,0,2281,1.97059,0.670765,0.07168,0.24576,0.623328,2.64284,378.38,15000,4608,5.37479
Suite_15,Deferred_Volume,0,2282,1.97375,0.671183,0.07168,0.24576,0.627648,2.65988,375.957,15000,4608,5.50704
Suite_15,Deferred_Volume,0,2283,1.96662,0.663619,0.072192,0.243712,0.622592,2.66146,375.733,15000,4608,4.80481
Suite_15,Deferred_Volume,0,2284,1.97093,0.668142,0.07168,0.243712,0.628864,2.64657,377.848,15000,4608,4.83061
Suite_15,Deferred_Volume,0,2285,1.96996,0.665452,0.071776,0.243872,0.618016,2.65876,376.116,15000,4736,4.52266
Suite_15,Deferred_Volume,0,2286,1.97217,0.671423,0.077824,0.243712,0.625088,2.65283,376.956,15000,4736,4.54715
Suite_15,Deferred_Volume,0,2287,1.96966,0.664085,0.07168,0.24576,0.62352,2.66183,375.681,15000,4608,4.57152
Suite_15,Deferred_Volume,0,2288,1.96931,0.656296,0.07056,0.245024,0.608608,2.65059,377.274,15000,4608,4.59619
Suite_15,Deferred_Volume,0,2289,1.98273,0.712106,0.072416,0.24576,0.618496,2.64387,378.233,15000,4608,4.62094
Suite_15,Deferred_Volume,0,2290,1.96903,0.658844,0.07168,0.244864,0.618816,2.71631,368.146,15000,4736,4.64589
Suite_15,Deferred_Volume,0,2291,1.97134,0.669863,0.07296,0.244256,0.626688,2.64469,378.116,15000,4736,4.6708
Suite_15,Deferred_Volume,0,2292,1.97467,0.657405,0.069632,0.245344,0.621344,2.6574,376.308,15000,4736,4.69581
Suite_15,Deferred_Volume,0,2293,1.96715,0.654982,0.070784,0.251712,0.666016,2.65085,377.237,15000,4608,4.72032
Suite_15,Deferred_Volume,0,2294,1.97633,0.692644,0.073696,0.243968,0.624416,2.64702,377.783,15000,4736,4.74554
Suite_15,Deferred_Volume,0,2295,1.97648,0.662349,0.071776,0.244224,0.628416,2.68848,371.957,15000,4736,4.77078
Suite_15,Deferred_Volume,0,2296,1.96585,0.659834,0.071232,0.244096,0.620192,2.65585,376.527,15000,4736,4.79608
Suite_15,Deferred_Volume,0,2297,1.97694,0.674421,0.072992,0.243936,0.644576,2.64388,378.233,15000,4736,4.82147
Suite_15,Deferred_Volume,0,2298,1.96857,0.658864,0.071168,0.244416,0.6144,2.67084,374.414,15000,4736,4.84692
Suite_15,Deferred_Volume,0,2299,1.97282,0.664196,0.071776,0.243808,0.62448,2.64449,378.144,15000,4736,4.87243
Suite_15,Deferred_Volume,0,2300,1.97298,0.666677,0.072384,0.244928,0.622624,2.6549,376.662,15000,4736,4.89802
Suite_15,Deferred_Volume,0,2301,1.97124,0.658435,0.079584,0.24336,0.647776,2.65856,376.144,15000,4736,4.92366
Suite_15,Deferred_Volume,0,2302,1.96962,0.661081,0.071552,0.243936,0.620544,2.64702,377.783,15000,4736,4.94937
Suite_15,Deferred_Volume,0,2303,1.97114,0.676451,0.070048,0.24576,0.626144,2.64909,377.488,15000,4736,4.97514
Suite_15,Deferred_Volume,0,2304,1.97071,0.695918,0.072,0.243488,0.613952,2.66485,375.255,15000,4736,5.00096
Suite_15,Deferred_Volume,0,2305,1.97127,0.67636,0.073056,0.247936,0.647296,2.68671,372.202,15000,4608,5.02617
Suite_15,Deferred_Volume,0,2306,1.97059,0.67064,0.071648,0.245792,0.643072,2.66783,374.836,15000,4608,5.0521
Suite_15,Deferred_Volume,0,2307,1.97241,0.679488,0.07152,0.243904,0.622688,2.65839,376.168,15000,4608,5.07807
Suite_15,Deferred_Volume,0,2308,1.97048,0.670379,0.07136,0.24576,0.621216,2.67105,374.384,15000,4608,5.10409
Suite_15,Deferred_Volume,0,2309,1.97514,0.6596,0.072704,0.243712,0.620672,2.66089,375.814,15000,4864,5.1303
Suite_15,Deferred_Volume,0,2310,1.97368,0.688888,0.071968,0.244064,0.642688,2.65207,377.064,15000,4864,5.15641
Suite_15,Deferred_Volume,0,2311,1.97216,0.658034,0.07168,0.243712,0.616448,2.68088,373.012,15000,5120,5.183
Suite_15,Deferred_Volume,0,2312,1.96845,0.665174,0.079264,0.243744,0.628512,2.64715,377.765,15000,5120,5.20919
Suite_15,Deferred_Volume,0,2313,1.97005,0.652175,0.072544,0.245984,0.630784,2.652,377.074,15000,5120,5.23542
Suite_15,Deferred_Volume,0,2314,1.97157,0.66015,0.072928,0.25088,0.645728,2.63976,378.822,15000,5504,5.26235
Suite_15,Deferred_Volume,0,2315,1.9771,0.679807,0.072064,0.24416,0.628288,2.6485,377.572,15000,5632,5.28882
Suite_15,Deferred_Volume,0,2316,1.97362,0.656953,0.073472,0.244,0.627008,2.67522,373.801,15000,5632,5.31515
Suite_15,Deferred_Volume,0,2317,1.97446,0.664851,0.073248,0.245824,0.623008,2.64889,377.517,15000,5760,5.34157
Suite_15,Deferred_Volume,0,2318,1.98001,0.689863,0.075264,0.270848,0.647168,2.65818,376.197,15000,5888,5.36801
Suite_15,Deferred_Volume,0,2319,1.97315,0.661289,0.07376,0.245632,0.623968,2.68844,371.963,15000,5888,5.39441
Suite_15,Deferred_Volume,0,2320,1.97154,0.679898,0.073184,0.244224,0.626752,2.65147,377.149,15000,5888,5.42084
Suite_15,Deferred_Volume,0,2321,1.97731,0.679434,0.072832,0.24608,0.630784,2.67174,374.288,15000,5888,5.44727
Suite_15,Deferred_Volume,0,2322,1.97453,0.654183,0.07168,0.24576,0.61776,2.67582,373.717,15000,5888,5.47373
Suite_15,Deferred_Volume,0,2323,1.97538,0.685142,0.071872,0.243712,0.641024,2.65058,377.276,15000,5888,5.50019
Suite_15,Deferred_Volume,0,2324,1.97717,0.670941,0.072288,0.245824,0.626976,2.67978,373.165,15000,6016,5.5269
Suite_15,Deferred_Volume,0,2325,1.97221,0.654978,0.0776,0.244,0.621248,2.66753,374.878,15000,5888,5.55268
Suite_15,Deferred_Volume,0,2326,1.971,0.674822,0.073824,0.245984,0.622368,2.64489,378.087,15000,6016,5.5793
Suite_15,Deferred_Volume,0,2327,1.98375,0.708428,0.086016,0.249248,0.67584,2.66233,375.611,15000,6016,5.6058
Suite_15,Deferred_Volume,0,2328,1.97499,0.685591,0.07424,0.245856,0.628704,2.7115,368.8,15000,6016,4.74206
Suite_15,Deferred_Volume,0,2329,1.97654,0.673552,0.078016,0.247104,0.628736,2.68135,372.947,15000,6144,4.76607
Suite_15,Deferred_Volume,0,2330,1.97746,0.668201,0.070464,0.247296,0.61648,2.66858,374.732,15000,6144,4.79002
Suite_15,Deferred_Volume,0,2331,1.98117,0.68029,0.073344,0.26816,0.653312,2.66319,375.489,15000,6528,4.81467
Suite_15,Deferred_Volume,0,2332,1.97139,0.668285,0.074528,0.247808,0.629984,2.6793,373.233,15000,6528,4.83822
Suite_15,Deferred_Volume,0,2333,1.98087,0.704758,0.073792,0.24592,0.630784,2.66235,375.608,15000,6912,4.86258
Suite_15,Deferred_Volume,0,2334,1.98176,0.683607,0.073792,0.247712,0.63472,2.70606,369.541,15000,7040,4.88701
Suite_15,Deferred_Volume,0,2335,1.98199,0.667042,0.077696,0.24784,0.630912,2.68321,372.688,15000,6912,4.91086
Suite_15,Deferred_Volume,0,2336,1.98117,0.689678,0.07376,0.247648,0.64272,2.66639,375.038,15000,7040,4.93533
Suite_15,Deferred_Volume,0,2337,1.97876,0.675727,0.073632,0.248576,0.626016,2.69198,371.474,15000,7040,4.95965
Suite_15,Deferred_Volume,0,2338,1.97916,0.662401,0.075488,0.247968,0.62832,2.67335,374.063,15000,7040,4.98402
Suite_15,Deferred_Volume,0,2339,1.981,0.68027,0.074688,0.250976,0.63056,2.6588,376.11,15000,7168,5.06973
Suite_15,Deferred_Volume,0,2340,1.98372,0.674371,0.073728,0.253952,0.692224,2.67877,373.306,15000,7296,5.09476
Suite_15,Deferred_Volume,0,2341,1.98289,0.684714,0.0728,0.250368,0.627264,2.67837,373.362,15000,7296,5.11942
Suite_15,Deferred_Volume,0,2342,1.97895,0.676627,0.073024,0.25056,0.631712,2.6876,372.08,15000,7296,5.14412
Suite_15,Deferred_Volume,0,2343,1.97688,0.678038,0.076544,0.249856,0.638496,2.67351,374.041,15000,7424,4.29256
Suite_15,Deferred_Volume,0,2344,1.98263,0.682786,0.07696,0.2784,0.6536,2.67317,374.087,15000,7552,3.71286
Suite_15,Deferred_Volume,0,2345,1.97728,0.678388,0.073728,0.251904,0.635392,2.68536,372.389,15000,7680,3.73253
Suite_15,Deferred_Volume,0,2346,1.97931,0.676132,0.073216,0.253952,0.630656,2.67453,373.897,15000,7936,3.75236
Suite_15,Deferred_Volume,0,2347,1.9834,0.679387,0.074464,0.252128,0.63104,2.67522,373.801,15000,7808,3.7714
Suite_15,Deferred_Volume,0,2348,1.9847,0.670518,0.077248,0.252384,0.637792,2.68054,373.058,15000,8064,3.79163
Suite_15,Deferred_Volume,0,2349,1.98515,0.691995,0.075776,0.253312,0.653632,2.67418,373.947,15000,8192,3.81155
Suite_15,Deferred_Volume,0,2350,1.98665,0.68118,0.073536,0.253568,0.629472,2.69769,370.687,15000,8192,3.83151
Suite_15,Deferred_Volume,0,2351,1.98363,0.685286,0.077152,0.254368,0.631264,2.69007,371.737,15000,8192,3.85157
Suite_15,Deferred_Volume,0,2352,1.98058,0.670673,0.074464,0.256544,0.64208,2.69418,371.17,15000,8448,3.87212
Suite_15,Deferred_Volume,0,2353,1.98262,0.674114,0.074496,0.265696,0.673536,2.67061,374.447,15000,8576,3.89287
Suite_15,Deferred_Volume,0,2354,1.9887,0.689364,0.075712,0.258048,0.639584,2.67648,373.625,15000,8960,3.91368
Suite_15,Deferred_Volume,0,2355,1.9874,0.671562,0.076736,0.256864,0.639168,2.69807,370.636,15000,9216,4.01234
Suite_15,Deferred_Volume,0,2356,1.98752,0.670752,0.075776,0.258048,0.638976,2.67734,373.505,15000,9216,4.0331
Suite_15,Deferred_Volume,0,2357,1.98987,0.687546,0.077888,0.260096,0.657472,2.68483,372.463,15000,9728,4.05476
Suite_15,Deferred_Volume,0,2358,1.99295,0.66613,0.076416,0.259904,0.663936,2.69848,370.578,15000,10112,4.07619
Suite_15,Deferred_Volume,0,2359,1.99201,0.683967,0.076128,0.262016,0.650336,2.67798,373.416,15000,10496,4.09826
Suite_15,Deferred_Volume,0,2360,1.99906,0.679052,0.077632,0.26032,0.647168,2.6959,370.934,15000,10624,4.11955
Suite_15,Deferred_Volume,0,2361,1.99391,0.676778,0.076416,0.260896,0.641024,2.699,370.508,15000,10752,4.14134
Suite_15,Deferred_Volume,0,2362,1.99746,0.669806,0.077952,0.26288,0.669696,2.69064,371.658,15000,11392,4.16488
Suite_15,Deferred_Volume,0,2363,1.99385,0.669245,0.077664,0.263904,0.669664,2.6861,372.287,15000,11648,4.18696
Suite_15,Deferred_Volume,0,2364,1.9965,0.710772,0.078144,0.264192,0.651264,2.68221,372.826,15000,11648,4.20855
Suite_15,Deferred_Volume,0,2365,2.00115,0.702474,0.076096,0.267936,0.645152,2.73226,365.997,15000,11776,4.23059
Suite_15,Deferred_Volume,0,2366,2.00608,0.669336,0.079872,0.26624,0.653312,2.72483,366.996,15000,12160,4.25286
Suite_15,Deferred_Volume,0,2367,2.01098,0.69785,0.076672,0.268608,0.67728,2.6945,371.126,15000,12288,4.27488
Suite_15,Deferred_Volume,0,2368,2.00279,0.680958,0.077824,0.268288,0.649216,2.7297,366.341,15000,12544,4.2973
Suite_15,Deferred_Volume,0,2369,1.99859,0.675847,0.076928,0.270464,0.653984,2.70503,369.681,15000,12800,4.32
Suite_15,Deferred_Volume,0,2370,2.00083,0.669881,0.078976,0.27232,0.654336,2.69472,371.096,15000,12928,4.34225
Suite_15,Deferred_Volume,0,2371,1.99751,0.675008,0.079232,0.284704,0.693568,2.68988,371.763,15000,12928,4.36454
Suite_15,Deferred_Volume,0,2372,2.0038,0.697426,0.079712,0.272384,0.657952,2.69244,371.41,15000,13184,4.38747
Suite_15,Deferred_Volume,0,2373,2.00866,0.677366,0.08352,0.273664,0.6648,2.72549,366.907,15000,13568,4.41036
Suite_15,Deferred_Volume,0,2374,2.00317,0.673819,0.078752,0.27776,0.663072,2.70729,369.374,15000,13952,4.43346
Suite_15,Deferred_Volume,0,2375,2.01362,0.692142,0.077824,0.27632,0.663552,2.70408,369.812,15000,14336,4.54484
Suite_15,Deferred_Volume,0,2376,2.00912,0.702101,0.08192,0.298432,0.686176,2.72694,366.712,15000,14848,4.56889
Suite_15,Deferred_Volume,0,2377,2.04742,0.75438,0.0816,0.278528,0.665344,2.73787,365.248,15000,15360,4.59333
Suite_15,Deferred_Volume,0,2378,2.03086,0.688134,0.080576,0.280512,0.670016,2.83022,353.33,15000,16000,4.61743
Suite_15,Deferred_Volume,0,2379,2.02675,0.682161,0.08192,0.28144,0.67248,2.74573,364.202,15000,16640,4.64224
Suite_15,Deferred_Volume,0,2380,2.02666,0.701697,0.090208,0.284672,0.688128,2.73089,366.181,15000,17024,4.66664
Suite_15,Deferred_Volume,0,2381,2.02965,0.672313,0.085216,0.282944,0.696992,2.75469,363.017,15000,17664,4.69136
Suite_15,Deferred_Volume,0,2382,2.02143,0.693092,0.080576,0.288704,0.673888,2.72425,367.073,15000,17920,4.71525
Suite_15,Deferred_Volume,0,2383,2.02871,0.682281,0.082912,0.288768,0.681216,2.73741,365.308,15000,18304,4.73936
Suite_15,Deferred_Volume,0,2384,2.02538,0.663587,0.083968,0.290816,0.676672,2.73284,365.919,15000,18688,4.76392
Suite_15,Deferred_Volume,0,2385,2.02634,0.671141,0.084608,0.313344,0.714752,2.71209,368.719,15000,19072,4.7887
Suite_15,Deferred_Volume,0,2386,2.02974,0.673532,0.083968,0.311296,0.700416,2.72032,367.604,15000,19712,4.81334
Suite_15,Deferred_Volume,0,2387,2.03788,0.684448,0.086944,0.290816,0.681952,2.72621,366.81,15000,20352,4.88447
Suite_15,Deferred_Volume,0,2388,2.03669,0.714031,0.083072,0.295168,0.683328,2.74553,364.229,15000,20608,4.95811
Suite_15,Deferred_Volume,0,2389,2.04395,0.668259,0.086016,0.296576,0.690592,2.77644,360.173,15000,21504,5.13781
Suite_15,Deferred_Volume,0,2390,2.04342,0.702433,0.08176,0.32352,0.718208,2.73538,365.58,15000,21760,5.16325
Suite_15,Deferred_Volume,0,2391,2.04382,0.681698,0.086016,0.297408,0.69216,2.76998,361.013,15000,22400,5.18921
Suite_15,Deferred_Volume,0,2392,2.05124,0.710312,0.087936,0.301056,0.690016,2.74886,363.788,15000,22784,5.26207
Suite_15,Deferred_Volume,0,2393,2.05379,0.705464,0.088064,0.303104,0.700448,2.79001,358.421,15000,23168,5.28768
Suite_15,Deferred_Volume,0,2394,2.05278,0.684546,0.088192,0.30464,0.701696,2.78619,358.914,15000,23552,5.31375
Suite_15,Deferred_Volume,0,2395,2.05803,0.738209,0.088576,0.329728,0.731136,2.7609,362.201,15000,23808,5.34008
Suite_15,Deferred_Volume,0,2396,2.05273,0.682445,0.09008,0.30736,0.698368,2.82133,354.443,15000,24576,5.36713
Suite_15,Deferred_Volume,0,2397,2.05861,0.694165,0.089888,0.309248,0.708864,2.76066,362.232,15000,25216,5.3941
Suite_15,Deferred_Volume,0,2398,2.07253,0.680703,0.089184,0.311072,0.709472,2.78027,359.677,15000,26624,5.42197
Suite_15,Deferred_Volume,0,2399,2.06752,0.718366,0.091328,0.315104,0.709824,2.77861,359.892,15000,27520,5.4505
Suite_15,Deferred_Volume,0,2400,2.07574,0.719964,0.094208,0.343616,0.742144,2.81132,355.704,15000,28544,5.53104
Suite_15,Deferred_Volume,0,2401,2.08259,0.720211,0.09088,0.315392,0.7192,2.82536,353.937,15000,29696,5.55956
Suite_15,Deferred_Volume,0,2402,2.07609,0.70533,0.091104,0.31904,0.709888,2.83308,352.972,15000,29824,5.58673
Suite_15,Deferred_Volume,0,2403,2.08932,0.699505,0.093632,0.321984,0.72704,2.80966,355.915,15000,31360,5.6153
Suite_15,Deferred_Volume,0,2404,2.07984,0.71266,0.091936,0.323168,0.714752,2.8168,355.013,15000,32000,5.64326
Suite_15,Deferred_Volume,0,2405,2.08867,0.708922,0.09616,0.348288,0.750208,2.82214,354.342,15000,32768,5.67102
Suite_15,Deferred_Volume,0,2406,2.08973,0.690284,0.097568,0.326112,0.729568,2.82748,353.672,15000,33536,5.81488
Suite_15,Deferred_Volume,0,2407,2.08567,0.686772,0.09584,0.329472,0.732768,2.80839,356.075,15000,33920,5.84327
Suite_15,Deferred_Volume,0,2408,2.09344,0.849211,0.638976,0.334976,1.2841,2.8063,356.341,15000,35072,5.87214
Suite_15,Deferred_Volume,0,2409,2.09938,0.689988,0.098304,0.33904,0.73552,2.9728,336.383,15000,36992,5.90339
Suite_15,Deferred_Volume,0,2410,2.09675,0.672624,0.098304,0.33792,0.741376,2.81826,354.829,15000,38016,5.93241
Suite_15,Deferred_Volume,0,2411,2.1001,1.03905,0.100352,0.349568,0.758336,2.79788,357.413,15000,39168,5.96204
Suite_15,Deferred_Volume,0,2412,2.11733,0.698006,0.100544,0.34704,0.750496,3.1686,315.597,15000,41088,5.99224
Suite_15,Deferred_Volume,0,2413,2.11832,0.696117,0.106336,0.354528,0.768288,2.84793,351.132,15000,41856,6.0214
Suite_15,Deferred_Volume,0,2414,2.11149,0.695709,0.1024,0.356352,0.766336,2.84587,351.386,15000,42880,6.05031
Suite_15,Deferred_Volume,0,2415,2.12783,0.706924,0.1024,0.362496,0.76688,2.83814,352.343,15000,44416,6.08162
Suite_15,Deferred_Volume,0,2416,2.12876,0.694707,0.10768,0.361152,0.774912,2.86505,349.035,15000,45696,6.1125
Suite_15,Deferred_Volume,0,2417,2.13944,0.745438,0.106336,0.393696,0.806112,2.85716,349.998,15000,47104,6.14372
Suite_15,Deferred_Volume,0,2418,2.14182,0.695286,0.104448,0.372736,0.809664,2.9189,342.594,15000,48384,6.17514
Suite_15,Deferred_Volume,0,2419,2.14326,0.693195,0.110304,0.378848,0.79872,2.86874,348.585,15000,50176,6.20612
Suite_15,Deferred_Volume,0,2420,2.15833,0.717296,0.114432,0.382976,0.803648,2.87007,348.423,15000,52224,6.23814
Suite_15,Deferred_Volume,0,2421,2.16119,0.704061,0.11328,0.390688,0.80912,2.92031,342.43,15000,53504,6.31766
Suite_15,Deferred_Volume,0,2422,2.16133,0.701626,0.10928,0.393152,0.803936,2.90075,344.738,15000,55040,6.39042
Suite_15,Deferred_Volume,0,2423,2.16804,0.943138,0.114688,0.39936,0.817696,2.89791,345.076,15000,56576,6.42235
Suite_15,Deferred_Volume,0,2424,2.17303,0.723439,0.11712,0.39952,0.843808,3.14664,317.799,15000,57984,6.5088
Suite_15,Deferred_Volume,0,2425,2.17794,0.704644,0.116608,0.402784,0.821664,2.93814,340.351,15000,59264,6.58881
Suite_15,Deferred_Volume,0,2426,2.17391,0.702265,0.120896,0.40816,0.831552,2.92006,342.459,15000,60672,6.62114
Suite_15,Deferred_Volume,0,2427,2.18664,0.758918,0.122528,0.411904,0.83968,2.91649,342.878,15000,61568,6.6517
Suite_15,Deferred_Volume,0,2428,2.18544,0.734464,0.120448,0.415296,0.830944,2.98299,335.235,15000,62592,6.68363
Suite_15,Deferred_Volume,0,2429,2.18507,0.740009,0.121088,0.419616,0.849664,2.96015,337.82,15000,63872,6.71556
Suite_15,Deferred_Volume,0,2430,2.18926,0.973763,0.124992,0.421376,0.853504,2.96285,337.513,15000,65536,6.74882
Suite_15,Deferred_Volume,0,2431,2.20296,0.716892,0.127552,0.425504,0.85408,3.20109,312.394,15000,66560,6.92556
Suite_15,Deferred_Volume,0,2432,2.20971,0.708333,0.126752,0.425568,0.88064,2.96109,337.713,15000,67712,6.95796
Suite_15,Deferred_Volume,0,2433,2.21137,0.710122,0.131072,0.432128,0.872544,2.95959,337.885,15000,70144,7.09113
Suite_15,Deferred_Volume,0,2434,2.22316,0.712187,0.126944,0.43744,0.871168,2.96386,337.398,15000,72064,7.20881
Suite_15,Deferred_Volume,0,2435,2.22396,0.730691,0.131136,0.441984,0.868352,2.97821,335.772,15000,73856,7.24338
Suite_15,Deferred_Volume,0,2436,2.24343,0.735892,0.132576,0.444576,0.876608,3.00114,333.207,15000,75904,7.45797
Suite_15,Deferred_Volume,0,2437,2.24611,0.756261,0.134592,0.452128,0.885472,3.02474,330.607,15000,77184,7.49256
Suite_15,Deferred_Volume,0,2438,2.24907,0.769041,0.133728,0.483328,0.925696,3.04677,328.216,15000,79232,7.58303
Suite_15,Deferred_Volume,0,2439,2.25101,0.711167,0.131712,0.480896,0.919552,3.0623,326.552,15000,81536,7.61876
Suite_15,Deferred_Volume,0,2440,2.25329,0.720864,0.142944,0.462848,0.937984,3.00663,332.598,15000,83584,7.74043
Suite_15,Deferred_Volume,0,2441,2.27242,0.76961,0.718496,0.470464,1.49779,3.02203,330.903,15000,85504,7.83229
Suite_15,Deferred_Volume,0,2442,2.2752,0.725881,0.142016,0.477184,0.915456,3.08879,323.751,15000,87040,7.86752
Suite_15,Deferred_Volume,0,2443,2.28839,0.734758,0.141344,0.478592,0.925696,3.04929,327.946,15000,89216,7.9065
Suite_15,Deferred_Volume,0,2444,2.28681,0.717071,0.14336,0.483264,0.930592,3.0701,325.723,15000,91264,7.94322
Suite_15,Deferred_Volume,0,2445,2.29672,0.73963,0.14896,0.487552,0.937984,3.05452,327.384,15000,92416,7.97924
Suite_15,Deferred_Volume,0,2446,2.30008,0.719599,0.148864,0.493536,0.948512,3.0868,323.961,15000,94208,8.01521
Suite_15,Deferred_Volume,0,2447,2.29268,0.729299,0.146464,0.52224,0.971168,3.06991,325.743,15000,95872,8.05104
Suite_15,Deferred_Volume,0,2448,2.30755,0.771487,0.144192,0.50256,0.956416,3.07497,325.206,15000,98560,8.08993
Suite_15,Deferred_Volume,0,2449,2.31002,0.797925,0.15344,0.508928,0.970656,3.12981,319.508,15000,101888,8.12985
Suite_15,Deferred_Volume,0,2450,2.33431,0.796438,0.15328,0.515168,0.969472,3.16622,315.834,15000,103680,8.25776
Suite_15,Deferred_Volume,0,2451,2.33806,0.796044,0.155648,0.521024,0.98528,3.1832,314.149,15000,105216,8.29444
Suite_15,Deferred_Volume,0,2452,2.35123,0.782534,0.158688,0.528192,0.988864,3.18836,313.641,15000,108800,8.33689
Suite_15,Deferred_Volume,0,2453,2.3535,0.798274,0.16032,0.530432,0.991232,3.19067,313.414,15000,110976,8.55384
Suite_15,Deferred_Volume,0,2454,2.37207,0.808637,0.163296,0.540544,0.998304,3.20945,311.58,15000,113920,8.59428
Suite_15,Deferred_Volume,0,2455,2.37393,0.80089,0.162336,0.546336,1.00694,3.23687,308.94,15000,115968,8.63297
Suite_15,Deferred_Volume,0,2456,2.38519,0.812328,0.161792,0.550912,1.01962,3.23397,309.217,15000,118528,8.83954
Suite_15,Deferred_Volume,0,2457,2.39336,0.801764,0.167936,0.568896,1.04038,3.26192,306.568,15000,121088,8.87978
Suite_15,Deferred_Volume,0,2458,2.39745,0.831119,0.170048,0.577184,1.05472,3.25426,307.29,15000,124288,8.92183
Suite_15,Deferred_Volume,0,2459,2.41041,0.817661,0.16896,0.587776,1.05888,3.28973,303.977,15000,128896,8.96501
Suite_15,Deferred_Volume,0,2460,2.41273,0.826516,0.733344,0.622016,1.66093,3.28797,304.139,15000,131584,9.16239
Suite_15,Deferred_Volume,0,2461,2.41662,0.818754,0.192128,0.60896,1.10096,3.30567,302.511,15000,134912,9.2057
Suite_15,Deferred_Volume,0,2462,2.44743,0.845247,0.178528,0.626976,1.10355,3.30566,302.511,15000,139264,9.25021
Suite_15,Deferred_Volume,0,2463,2.46311,0.812704,0.180096,0.641024,1.15098,3.35994,297.625,15000,142592,9.29436
Suite_15,Deferred_Volume,0,2464,2.45494,0.83518,0.182784,0.653312,1.14182,3.34487,298.965,15000,146688,9.34305
Suite_15,Deferred_Volume,0,2465,2.48136,0.853368,0.183424,0.643808,1.12374,3.36556,297.127,15000,149888,9.38611
Suite_15,Deferred_Volume,0,2466,2.49661,0.848601,0.187584,0.664416,1.15632,3.40544,293.648,15000,154240,9.43038
Suite_15,Deferred_Volume,0,2467,2.51973,0.881489,0.190464,0.658432,1.14912,3.41596,292.743,15000,157568,9.47342
Suite_15,Deferred_Volume,0,2468,2.53173,0.868224,0.19456,0.669696,1.1615,3.47491,287.777,15000,161408,9.5698
Suite_15,Deferred_Volume,0,2469,2.53393,0.879354,0.201696,0.670816,1.17898,3.476,287.687,15000,164992,9.61396
Suite_15,Deferred_Volume,0,2470,2.54566,0.883347,0.202752,0.68128,1.18646,3.48738,286.748,15000,169472,9.80426
Suite_15,Deferred_Volume,0,2471,2.55337,0.869149,0.202752,0.691904,1.19603,3.50845,285.026,15000,173184,9.84821
Suite_15,Deferred_Volume,0,2472,2.5564,0.866593,0.206368,0.705056,1.21856,3.49951,285.754,15000,176000,9.89259
Suite_15,Deferred_Volume,0,2473,2.57469,0.902065,0.740064,0.69968,1.73706,3.50404,285.385,15000,179840,9.93802
Suite_15,Deferred_Volume,0,2474,2.58763,0.891176,0.211552,0.712704,1.22266,3.55512,281.285,15000,184960,10.1043
Suite_15,Deferred_Volume,0,2475,2.60289,0.882942,0.212736,0.726688,1.80326,3.5618,280.757,15000,189056,10.1511
Suite_15,Deferred_Volume,0,2476,2.62993,0.980809,0.21792,0.72704,1.87581,3.5711,280.026,15000,193152,10.1977
Suite_15,Deferred_Volume,0,2477,2.6486,0.922845,0.221248,0.707904,1.2288,3.7024,270.095,15000,196224,10.3017
Suite_15,Deferred_Volume,0,2478,2.64587,0.90115,0.239616,0.716544,1.82541,3.66173,273.095,15000,199680,10.4809
Suite_15,Deferred_Volume,0,2479,2.64775,0.918528,0.227584,0.721024,1.36723,3.63645,274.994,15000,204672,10.5321
Suite_15,Deferred_Volume,0,2480,2.66284,0.923964,0.23328,0.72704,1.26634,3.65372,273.694,15000,209152,10.5802
Suite_15,Deferred_Volume,0,2481,2.65856,0.919847,0.229216,0.730464,1.44227,3.67765,271.913,15000,212224,10.6282
Suite_15,Deferred_Volume,0,2482,2.68796,0.930482,0.232224,0.751744,1.28595,3.66924,272.536,15000,215808,10.8335
Suite_15,Deferred_Volume,0,2483,2.69524,0.927969,0.230304,0.74432,1.45213,3.70884,269.626,15000,220544,11.1443
Suite_15,Deferred_Volume,0,2484,2.72364,0.958621,0.563808,0.774144,1.64854,3.71971,268.838,15000,225792,11.2546
Suite_15,Deferred_Volume,0,2485,2.7299,0.945247,0.241664,0.78848,1.3312,3.78485,264.212,15000,231552,11.5649
Suite_15,Deferred_Volume,0,2486,2.75354,0.945016,0.24528,0.790528,1.36266,3.7783,264.669,15000,236800,11.8605
Suite_15,Deferred_Volume,0,2487,2.75218,0.950751,0.24832,0.826432,1.94765,3.79554,263.467,15000,241664,11.9142
Suite_15,Deferred_Volume,0,2488,2.78383,0.951587,0.249856,0.837632,1.9585,3.80593,262.748,15000,247296,11.9702
Suite_15,Deferred_Volume,0,2489,2.786,0.946354,0.250304,0.851968,2.03571,3.83927,260.466,15000,251520,12.0239
Suite_15,Deferred_Volume,0,2490,2.78035,0.943557,0.260128,0.831232,1.50934,3.8356,260.715,15000,256512,12.1858
Suite_15,Deferred_Volume,0,2491,2.8057,3.1679,0.255872,0.876736,1.9968,3.83283,260.904,15000,262016,12.2407
Suite_15,Deferred_Volume,0,2492,2.84779,1.02089,0.264704,0.879936,2.01245,6.091,164.177,15000,268032,12.3002
Suite_15,Deferred_Volume,0,2493,2.88144,1.02977,0.293696,0.84784,2.12611,3.98856,250.717,15000,274176,12.5201
Suite_15,Deferred_Volume,0,2494,2.91361,1.05417,0.27648,0.858304,1.43629,4.0489,246.981,15000,280192,12.5759
Suite_15,Deferred_Volume,0,2495,2.89596,1.02138,0.278528,0.869376,1.64701,4.1069,243.492,15000,285184,12.9108
Suite_15,Deferred_Volume,0,2496,2.90867,1.02612,0.287008,0.87488,1.47866,4.03443,247.867,15000,290560,13.1093
Suite_15,Deferred_Volume,0,2497,2.91373,1.03319,0.286208,1.4769,2.06848,4.05364,246.692,15000,296832,13.2327
Suite_15,Deferred_Volume,0,2498,2.93927,1.02793,0.30752,1.46618,2.07437,4.07338,245.497,15000,301952,13.4532
Suite_15,Deferred_Volume,0,2499,2.94839,1.02448,0.293408,1.02861,1.62202,4.09732,244.062,15000,307200,13.5129
Suite_15,Deferred_Volume,0,2500,2.94712,1.03937,0.806912,0.93312,2.03715,4.09469,244.219,15000,312320,13.6805
Suite_15,Deferred_Volume,0,2501,2.98318,1.06605,0.302272,1.63027,2.23642,4.11255,243.158,15000,319104,13.8027
Suite_15,Deferred_Volume,0,2502,3.00213,1.08499,0.301056,0.981056,1.59123,4.17739,239.384,15000,324352,13.9569
Suite_15,Deferred_Volume,0,2503,3.02492,1.05273,0.31872,1.56224,2.18714,4.22877,236.475,15000,331520,14.1069
Suite_15,Deferred_Volume,0,2504,3.031,1.07801,0.311296,1.00234,1.61728,4.21414,237.296,15000,338176,14.1695
Suite_15,Deferred_Volume,0,2505,3.03198,1.06373,0.309728,1.01549,1.6343,4.24419,235.616,15000,344832,14.2617
Suite_15,Deferred_Volume,0,2506,3.07297,1.10221,0.315168,1.65869,2.28147,4.23433,236.165,15000,351232,15.4993
Suite_15,Deferred_Volume,0,2507,3.08599,1.12226,0.929792,1.63613,2.8752,4.33025,230.934,15000,356992,15.6748
Suite_15,Deferred_Volume,0,2508,3.10749,1.09765,0.327072,2.60112,3.24291,4.35621,229.557,15000,363904,16.0355
Suite_15,Deferred_Volume,0,2509,3.13788,1.13169,0.334112,1.04006,1.66912,4.35289,229.733,15000,371712,16.2221
Suite_15,Deferred_Volume,0,2510,3.14382,1.09843,0.333824,1.07309,1.70842,4.4169,226.403,15000,378112,16.2932
Suite_15,Deferred_Volume,0,2511,3.14907,1.11159,0.357984,1.65638,2.3193,4.3923,227.671,15000,385152,16.3615
Suite_15,Deferred_Volume,0,2512,3.18014,1.14718,0.349408,2.61805,3.27357,4.41932,226.279,15000,392320,16.5387
Suite_15,Deferred_Volume,0,2513,3.20399,1.16692,0.370144,1.10592,1.77811,4.48551,222.94,15000,399488,16.6627
Suite_15,Deferred_Volume,0,2514,3.22142,1.14745,0.349952,1.71827,2.36586,4.54162,220.186,15000,405888,16.7915
Suite_15,Deferred_Volume,0,2515,3.22785,1.14113,0.366656,1.14893,1.81645,4.53575,220.471,15000,411520,16.8643
Suite_15,Deferred_Volume,0,2516,3.24153,1.15482,0.364544,1.17219,1.83251,4.54109,220.211,15000,419328,16.9396
Suite_15,Deferred_Volume,0,2517,3.28585,1.2169,0.36688,1.78163,2.45478,4.56093,219.254,15000,426112,17.2881
Suite_15,Deferred_Volume,0,2518,3.30867,1.21016,1.29126,2.71235,4.30864,4.67007,214.13,15000,434048,17.3616
Suite_15,Deferred_Volume,0,2519,3.32399,1.20719,0.38144,1.20227,1.90592,4.69314,213.077,15000,441984,17.956
Suite_15,Deferred_Volume,0,2520,3.3396,1.19053,0.402432,1.80086,2.50698,4.71152,212.246,15000,448512,18.1147
Suite_15,Deferred_Volume,0,2521,3.3268,1.18946,0.387072,1.23494,1.9209,4.7057,212.508,15000,453760,18.3532
Suite_15,Deferred_Volume,0,2522,3.34632,1.21259,0.38912,1.28781,1.97843,4.70819,212.396,15000,460672,18.4603
Suite_15,Deferred_Volume,0,2523,3.38772,1.23567,0.607648,1.84781,2.7607,4.73844,211.04,15000,468480,18.571
Suite_15,Deferred_Volume,0,2524,3.41521,1.24736,0.395776,1.95584,2.65216,4.80228,208.235,15000,476288,18.6525
Suite_15,Deferred_Volume,0,2525,3.44292,1.28348,0.403456,1.92099,2.62291,4.85645,205.912,15000,484864,19.172
Suite_15,Deferred_Volume,0,2526,3.45937,1.25558,0.40432,2.03776,2.74234,4.9135,203.521,15000,492928,19.3413
Suite_15,Deferred_Volume,0,2527,3.47545,1.27947,0.415744,1.39264,2.10973,4.90356,203.933,15000,500608,19.4224
Suite_15,Deferred_Volume,0,2528,3.49084,1.26523,1.68346,1.51411,3.49568,4.9593,201.641,15000,509824,19.5076
Suite_15,Deferred_Volume,0,2529,3.50433,1.28724,0.42464,1.40342,2.13197,4.95002,202.02,15000,516608,19.7044
Suite_15,Deferred_Volume,0,2530,3.53155,1.29544,0.451808,1.99069,2.74493,4.99258,200.297,15000,523008,19.8575
Suite_15,Deferred_Volume,0,2531,3.55526,1.28288,0.436224,1.47866,2.2177,5.03648,198.551,15000,532352,20.1343
Suite_15,Deferred_Volume,0,2532,3.55397,1.30568,1.09747,2.04563,3.43936,5.03765,198.505,15000,538624,20.2178
Suite_15,Deferred_Volume,0,2533,3.59294,1.32568,0.448512,1.6016,2.3552,5.0681,197.313,15000,546432,20.3495
Suite_15,Deferred_Volume,0,2534,3.61876,1.33159,0.450336,2.09523,2.85082,5.14173,194.487,15000,555776,20.4988
Suite_15,Deferred_Volume,0,2535,3.63478,1.3193,0.45792,1.52163,2.86118,5.16146,193.744,15000,563712,20.5892
Suite_15,Deferred_Volume,0,2536,3.64213,1.34343,1.13795,2.11366,3.55818,5.16456,193.627,15000,571776,20.6776
Suite_15,Deferred_Volume,0,2537,3.66191,1.39415,0.469152,1.6416,2.41242,5.21257,191.844,15000,580224,20.7676
Suite_15,Deferred_Volume,0,2538,3.6955,1.37041,0.498624,2.1463,2.9447,5.28183,189.328,15000,587520,20.9726
Suite_15,Deferred_Volume,0,2539,3.70955,1.3757,0.475136,1.62259,2.98746,5.29264,188.942,15000,594944,21.1548
Suite_15,Deferred_Volume,0,2540,3.72494,1.39498,1.16922,2.19309,3.66493,5.31407,188.18,15000,602624,21.251
Suite_15,Deferred_Volume,0,2541,3.73952,1.36482,0.491936,1.64573,3.00442,5.35717,186.666,15000,609152,21.3432
Suite_15,Deferred_Volume,0,2542,3.76219,1.3792,0.495424,1.7719,2.57581,5.35296,186.813,15000,617600,21.5982
Suite_15,Deferred_Volume,0,2543,3.77576,1.48287,0.503616,1.69395,3.06586,5.37698,185.978,15000,625536,21.6897
Suite_15,Deferred_Volume,0,2544,3.81239,1.44071,1.46541,3.72202,5.49466,5.50899,181.522,15000,632448,22.3053
Suite_15,Deferred_Volume,0,2545,3.83224,1.44752,0.511008,2.2487,3.06432,5.50845,181.539,15000,642176,22.6858
Suite_15,Deferred_Volume,0,2546,3.84913,1.39808,0.517216,2.42973,3.24675,5.52977,180.839,15000,651392,22.9403
Suite_15,Deferred_Volume,0,2547,3.86553,1.4138,0.551648,2.30502,3.16614,5.49689,181.921,15000,658688,23.1271
Suite_15,Deferred_Volume,0,2548,3.88458,1.43426,0.538976,2.42269,3.268,5.53681,180.61,15000,667520,23.2287
Suite_15,Deferred_Volume,0,2549,3.89965,3.6878,0.527552,2.37542,3.20963,5.58812,178.951,15000,673792,23.3281
Suite_15,Deferred_Volume,0,2550,3.92886,1.42738,0.534208,2.38397,3.21536,7.84983,127.391,15000,680448,23.5717
Suite_15,Deferred_Volume,0,2551,3.93179,1.50796,1.81248,3.83133,5.94534,5.63114,177.584,15000,687360,23.7017
Suite_15,Deferred_Volume,0,2552,3.94979,1.46058,0.548128,2.41072,3.25894,5.73596,174.339,15000,694272,23.8476
Suite_15,Deferred_Volume,0,2553,3.97249,1.4645,0.548864,2.56614,3.41475,5.6817,176.004,15000,702592,23.9878
Suite_15,Deferred_Volume,0,2554,3.9967,1.49532,1.84163,1.86368,4.01197,5.71006,175.13,15000,710912,24.1654
Suite_15,Deferred_Volume,0,2555,4.01897,1.51822,0.561856,2.47923,3.3401,5.7529,173.825,15000,718720,24.5094
Suite_15,Deferred_Volume,0,2556,4.03626,1.48623,0.570784,2.56214,3.43322,5.80277,172.331,15000,724480,24.7779
Suite_15,Deferred_Volume,0,2557,4.04276,1.51532,1.29683,2.5047,4.10806,5.80925,172.139,15000,730496,24.973
Suite_15,Deferred_Volume,0,2558,4.0639,1.5107,0.57344,2.52051,3.39382,5.84113,171.2,15000,739968,25.3851
Suite_15,Deferred_Volume,0,2559,4.09156,1.51428,0.584224,2.67674,3.56394,5.84888,170.973,15000,748160,25.7018
Suite_15,Deferred_Volume,0,2560,4.10812,1.57883,1.51741,2.0009,3.82362,5.88183,170.015,15000,756352,25.8169
Suite_15,Deferred_Volume,0,2561,4.12778,1.53774,0.615712,2.59197,3.51232,5.97624,167.329,15000,764416,26.7752
Suite_15,Deferred_Volume,0,2562,4.14891,1.56584,0.597056,2.67552,3.5799,5.95699,167.87,15000,771328,26.9226
Suite_15,Deferred_Volume,0,2563,4.1654,1.59676,0.899072,2.0951,3.32595,5.99889,166.698,15000,778752,27.1682
Suite_15,Deferred_Volume,0,2564,4.18461,1.60996,0.610304,2.21594,3.13587,6.0517,165.243,15000,787328,27.2915
Suite_15,Deferred_Volume,0,2565,4.20535,1.59065,0.635168,2.67558,3.61882,6.08723,164.278,15000,795520,27.4923
Suite_15,Deferred_Volume,0,2566,4.22555,1.5969,0.630816,2.83226,3.7697,6.11149,163.626,15000,802560,27.8852
Suite_15,Deferred_Volume,0,2567,4.23926,1.56827,0.6232,2.18022,3.1001,6.13554,162.985,15000,811392,28.0537
Suite_15,Deferred_Volume,0,2568,4.25149,1.55725,0.632832,2.29776,3.2303,6.11003,163.665,15000,818688,28.2549
Suite_15,Deferred_Volume,0,2569,4.28015,1.60357,1.39501,2.7607,4.45824,6.12023,163.392,15000,827904,28.6454
Suite_15,Deferred_Volume,0,2570,4.2959,1.59936,0.642688,2.78938,3.7384,6.19783,161.347,15000,835584,28.7745
Suite_15,Deferred_Volume,0,2571,4.32619,1.59993,0.64736,2.87539,3.82771,6.2145,160.914,15000,843648,28.9395
Suite_15,Deferred_Volume,0,2572,4.34774,1.65152,1.44813,2.28115,4.02598,6.25616,159.843,15000,851584,29.1234
Suite_15,Deferred_Volume,0,2573,4.36189,1.63209,0.665024,2.2856,3.27667,6.32103,158.202,15000,859648,29.2623
Suite_15,Deferred_Volume,0,2574,4.37814,1.65603,0.668064,2.91178,3.89421,6.32319,158.148,15000,866432,29.3973
Suite_15,Deferred_Volume,0,2575,4.39724,1.66459,1.4336,2.87789,4.60976,6.35734,157.298,15000,875392,29.5711
Suite_15,Deferred_Volume,0,2576,4.41936,1.68428,0.677728,2.89997,3.87757,6.38173,156.697,15000,882560,29.7139
Suite_15,Deferred_Volume,0,2577,4.44137,1.68165,0.684032,2.92454,3.91626,6.43939,155.294,15000,890624,29.928
Suite_15,Deferred_Volume,0,2578,4.44694,1.69335,2.2136,3.06381,5.5849,6.47658,154.402,15000,895360,30.0671
Suite_15,Deferred_Volume,0,2579,4.47036,1.68454,0.69696,2.41178,3.9768,6.48536,154.193,15000,902912,30.2429
Suite_15,Deferred_Volume,0,2580,4.4807,1.68931,0.697856,2.5159,3.52,6.49113,154.056,15000,910464,30.4153
Suite_15,Deferred_Volume,0,2581,4.51507,1.74057,1.51405,2.54771,4.36595,6.51669,153.452,15000,918400,30.6029
Suite_15,Deferred_Volume,0,2582,4.52792,1.71129,0.729312,3.0007,4.06451,6.59313,151.673,15000,925696,30.835
Suite_15,Deferred_Volume,0,2583,4.5514,1.73806,0.733408,3.01219,4.05296,6.58765,151.799,15000,933632,31.0684
Suite_15,Deferred_Volume,0,2584,4.56592,4.32333,3.18522,3.0423,6.53094,6.6286,150.861,15000,939904,31.4594
Suite_15,Deferred_Volume,0,2585,4.59007,1.72584,0.725536,3.11706,4.14682,9.23581,108.274,15000,947584,31.7764
Suite_15,Deferred_Volume,0,2586,4.6224,1.71469,0.72816,3.2137,4.24621,6.6635,150.071,15000,953472,31.9388
Suite_15,Deferred_Volume,0,2587,4.6199,1.77494,1.01738,2.53747,4.42368,6.74898,148.17,15000,961792,32.0985
Suite_15,Deferred_Volume,0,2588,4.62527,1.72102,0.735424,3.19715,4.23466,6.74756,148.202,15000,968064,32.3207
Suite_15,Deferred_Volume,0,2589,4.6513,1.76142,0.73664,4.70016,5.74259,6.70071,149.238,15000,975104,32.485
Suite_15,Deferred_Volume,0,2590,4.66465,1.77076,1.4073,2.62435,4.89584,6.79833,147.095,15000,981376,32.6505
Suite_15,Deferred_Volume,0,2591,4.67241,1.79117,0.75328,4.73888,5.79766,6.80263,147.002,15000,989056,32.8215
Suite_15,Deferred_Volume,0,2592,4.71076,1.79197,0.762336,3.20512,4.27213,6.84225,146.151,15000,994560,33.0273
Suite_15,Deferred_Volume,0,2593,4.70444,1.77728,2.04317,4.75411,7.10451,6.87227,145.512,15000,1001728,33.2025
Suite_15,Deferred_Volume,0,2594,4.73631,1.81127,0.764096,3.24086,4.31514,6.84565,146.078,15000,1009152,33.4104
Suite_15,Deferred_Volume,0,2595,4.74671,1.7968,0.794784,3.3799,4.48522,6.92629,144.377,15000,1015424,33.6668
Suite_15,Deferred_Volume,0,2596,4.76705,1.80142,0.76928,4.7841,5.85197,6.91713,144.569,15000,1023360,33.8461
Suite_15,Deferred_Volume,0,2597,4.78423,1.82472,1.42528,3.30342,5.03379,6.95031,143.878,15000,1029504,34.0534
Suite_15,Deferred_Volume,0,2598,4.79538,1.77669,0.785312,4.82627,5.9103,6.99386,142.983,15000,1036160,34.3644
Suite_15,Deferred_Volume,0,2599,4.81198,1.84138,1.44093,3.33475,5.07574,6.94944,143.896,15000,1040384,34.5492
Suite_15,Deferred_Volume,0,2600,4.82343,1.7872,0.791808,4.85818,5.95581,7.03675,142.111,15000,1047936,34.7396
Suite_15,Deferred_Volume,0,2601,4.84174,1.90242,1.44515,3.34032,5.08464,7.0129,142.594,15000,1054976,34.9306
Suite_15,Deferred_Volume,0,2602,4.85695,1.82962,0.800768,4.90211,6.00714,7.13205,140.212,15000,1060352,35.1227
Suite_15,Deferred_Volume,0,2603,4.88583,1.89553,1.44141,3.37619,5.11472,7.06948,141.453,15000,1068032,35.3203
Suite_15,Deferred_Volume,0,2604,4.88299,1.85538,0.806912,3.5663,4.67814,7.17115,139.448,15000,1073536,35.5186
Suite_15,Deferred_Volume,0,2605,4.91404,1.91837,1.71715,3.4056,5.42931,7.15131,139.835,15000,1080448,35.7803
Suite_15,Deferred_Volume,0,2606,4.92102,1.88511,0.817152,3.4263,4.55136,7.23062,138.301,15000,1086208,35.9844
Suite_15,Deferred_Volume,0,2607,4.94044,1.94552,0.833504,3.56691,4.70682,7.21474,138.605,15000,1091328,36.2263
Suite_15,Deferred_Volume,0,2608,4.94984,1.90548,0.833536,3.4888,4.64995,7.27957,137.371,15000,1096448,36.5161
Suite_15,Deferred_Volume,0,2609,4.96065,1.97117,1.02106,3.45798,4.81011,7.26433,137.659,15000,1101312,36.7261
Suite_15,Deferred_Volume,0,2610,4.97716,4.29505,0.836,3.48774,4.63037,7.34989,136.056,15000,1107584,36.9853
Suite_15,Deferred_Volume,0,2611,5.00909,1.92992,0.971744,3.49363,4.77114,9.68186,103.286,15000,1112448,37.2446
Suite_15,Deferred_Volume,0,2612,5.01034,1.96153,0.861728,3.55187,4.7224,7.41804,134.806,15000,1118080,37.6005
Suite_15,Deferred_Volume,0,2613,5.02025,1.93537,0.881216,3.59219,4.77984,7.38708,135.372,15000,1124096,37.8716
Suite_15,Deferred_Volume,0,2614,5.02882,1.94307,0.84992,5.01917,6.17642,7.38463,135.416,15000,1128448,38.1007
Suite_15,Deferred_Volume,0,2615,5.0572,1.97913,0.86528,3.58499,5.37466,7.37877,135.524,15000,1132672,38.6671
Suite_15,Deferred_Volume,0,2616,5.05128,1.92423,0.860096,3.67606,4.86323,7.46142,134.023,15000,1136896,38.9029
Suite_15,Deferred_Volume,0,2617,5.06839,1.98345,1.41926,3.56557,5.29034,7.41183,134.92,15000,1143296,39.2477
Suite_15,Deferred_Volume,0,2618,5.07388,1.94755,0.870592,3.56982,4.76774,7.47714,133.741,15000,1148288,39.4855
Suite_15,Deferred_Volume,0,2619,5.08954,2.00266,1.08339,3.58605,4.97254,7.44567,134.306,15000,1152896,39.7994
Suite_15,Deferred_Volume,0,2620,5.10031,1.99315,0.89088,4.14736,5.34202,7.53077,132.789,15000,1157760,40.0808
Suite_15,Deferred_Volume,0,2621,5.11493,2.00114,1.52166,3.69427,5.52144,7.52265,132.932,15000,1162624,40.4612
Suite_15,Deferred_Volume,0,2622,5.11966,2.00305,0.878592,3.73958,4.94182,7.55241,132.408,15000,1164928,40.757
Suite_15,Deferred_Volume,0,2623,5.13689,2.00499,1.2839,3.66019,5.24698,7.54968,132.456,15000,1170048,41.1078
Suite_15,Deferred_Volume,0,2624,5.14773,1.96643,0.89248,3.78432,4.98893,7.57439,132.024,15000,1174016,41.375
Suite_15,Deferred_Volume,0,2625,5.1652,2.01038,0.917504,3.78266,5.00589,7.54764,132.492,15000,1178496,41.646
Suite_15,Deferred_Volume,0,2626,5.17155,2.02185,0.894976,5.21626,6.4368,7.61346,131.346,15000,1183616,41.9597
Suite_15,Deferred_Volume,0,2627,5.18496,2.01351,0.91376,3.73146,4.94797,7.6465,130.779,15000,1187840,42.3097
Suite_15,Deferred_Volume,0,2628,5.19514,2.02174,0.907264,3.78566,5.00038,7.62962,131.068,15000,1193088,42.5931
Suite_15,Deferred_Volume,0,2629,5.20732,2.02277,2.46784,4.41267,7.18397,7.65825,130.578,15000,1197696,42.9104
Suite_15,Deferred_Volume,0,2630,5.21997,2.01812,0.932096,4.29402,5.53104,7.66983,130.381,15000,1203072,43.2
Suite_15,Deferred_Volume,0,2631,5.22645,2.00317,1.55469,3.7919,5.65453,7.69747,129.913,15000,1207808,43.499
Suite_15,Deferred_Volume,0,2632,5.25543,2.16266,0.921152,3.84762,5.08435,7.6823,130.169,15000,1213056,43.9615
Suite_15,Deferred_Volume,0,2633,5.25452,4.2252,4.95821,3.94723,9.20909,7.87145,127.041,15000,1218048,44.2725
Suite_15,Deferred_Volume,0,2634,5.2925,2.04835,0.925088,3.83558,5.0688,9.94537,100.549,15000,1222912,44.5847
Suite_15,Deferred_Volume,0,2635,5.28756,2.0819,0.947648,3.9447,5.20147,7.81884,127.896,15000,1227136,44.9438
Suite_15,Deferred_Volume,0,2636,5.29403,2.01481,0.961344,3.91341,5.74874,7.82274,127.832,15000,1230720,45.3889
Suite_15,Deferred_Volume,0,2637,5.29577,2.07012,0.949824,3.92531,5.18144,7.74836,129.06,15000,1232896,45.7509
Suite_15,Deferred_Volume,0,2638,5.29665,2.01398,0.938304,3.86611,5.11386,7.81224,128.004,15000,1234688,46.0797
Suite_15,Deferred_Volume,0,2639,5.29815,2.04813,0.946592,3.94858,5.20173,7.76424,128.796,15000,1236992,46.4681
Suite_15,Deferred_Volume,0,2640,5.31034,2.04185,0.976896,3.95408,5.80298,7.81115,128.022,15000,1238912,47.2562
Suite_15,Deferred_Volume,0,2641,5.32581,2.08497,0.954848,3.87229,5.30694,7.8178,127.913,15000,1241344,47.7887
Suite_15,Deferred_Volume,0,2642,5.3252,2.07461,0.949216,3.99974,5.26707,7.86292,127.179,15000,1244288,48.1453
Suite_15,Deferred_Volume,0,2643,5.32942,2.10606,1.86406,3.92397,6.09024,7.85036,127.383,15000,1246080,48.5041
Suite_15,Deferred_Volume,0,2644,5.32746,2.08737,0.954528,3.95869,5.78499,7.88042,126.897,15000,1248256,48.8705
Suite_15,Deferred_Volume,0,2645,5.3357,2.09301,0.968672,3.92829,5.31907,7.87575,126.972,15000,1251200,49.247
Suite_15,Deferred_Volume,0,2646,5.35002,2.10256,0.955392,3.95846,5.87734,7.89484,126.665,15000,1252480,49.6185
Suite_15,Deferred_Volume,0,2647,5.34718,2.11445,1.81658,3.90534,6.03053,7.91215,126.388,15000,1254144,50.0387
Suite_15,Deferred_Volume,0,2648,5.34975,2.06644,0.971456,3.92128,5.3104,7.9203,126.258,15000,1255808,50.4124
Suite_15,Deferred_Volume,0,2649,5.36055,2.09516,2.50838,4.05322,6.8881,7.88567,126.812,15000,1256832,50.9982
Suite_15,Deferred_Volume,0,2650,5.35954,2.09814,0.974432,3.92845,5.20957,7.92138,126.241,15000,1259008,51.3988
Suite_15,Deferred_Volume,0,2651,5.35658,2.10649,1.18323,4.47398,5.96371,7.92343,126.208,15000,1258112,51.7951
Suite_15,Deferred_Volume,0,2652,5.35731,2.07008,0.984864,3.9609,5.25578,7.91781,126.298,15000,1258624,52.2145
Suite_15,Deferred_Volume,0,2653,5.35749,2.12237,2.49744,4.03853,6.83248,7.88572,126.812,15000,1259776,52.6394
Suite_15,Deferred_Volume,0,2654,5.36696,4.89896,0.980448,3.96886,5.25926,7.94389,125.883,15000,1260928,53.0537
Suite_15,Deferred_Volume,0,2655,5.37975,2.10018,1.01424,3.97011,5.96102,10.7275,93.2184,15000,1260544,53.4918
Suite_15,Deferred_Volume,0,2656,5.37009,2.07506,0.988768,4.06499,6.85523,7.96211,125.595,15000,1262464,53.9457
Suite_15,Deferred_Volume,0,2657,5.3726,2.13227,0.999424,3.95888,5.40358,7.90977,126.426,15000,1262080,54.4017
Suite_15,Deferred_Volume,0,2658,5.36101,2.10042,1.00541,4.01402,5.90701,7.99554,125.07,15000,1262336,54.8647
Suite_15,Deferred_Volume,0,2659,5.36787,2.08927,1.01171,3.96467,5.9655,7.91834,126.289,15000,1262848,55.3391
Suite_15,Deferred_Volume,0,2660,5.37538,2.0777,0.980992,3.97158,5.44858,7.92875,126.123,15000,1264000,55.8211
Suite_15,Deferred_Volume,0,2661,5.37329,2.08872,2.58522,4.53427,7.43014,7.92459,126.189,15000,1263744,55.2788
Suite_15,Deferred_Volume,0,2662,5.36845,2.09242,1.00614,4.02115,5.888,7.93855,125.968,15000,1264128,55.7704
Suite_15,Deferred_Volume,0,2663,5.36809,2.0866,1.00365,3.96154,5.38454,7.91598,126.327,15000,1263488,56.2603
Suite_15,Deferred_Volume,0,2664,5.36782,2.0695,0.992096,3.99974,5.41286,7.91258,126.381,15000,1263616,56.777
Suite_15,Deferred_Volume,0,2665,5.36756,2.09014,2.54157,4.52829,7.38246,7.88906,126.758,15000,1263872,57.3047
Suite_15,Deferred_Volume,0,2666,5.3706,2.10689,0.989216,3.96698,5.26746,7.91497,126.343,15000,1262848,57.9066
Suite_15,Deferred_Volume,0,2667,5.3591,2.08711,1.00352,3.93168,5.41677,7.96232,125.592,15000,1264000,58.4549
Suite_15,Deferred_Volume,0,2668,5.36462,2.08358,1.02995,3.4008,5.98426,7.91973,126.267,15000,1263744,58.9758
Suite_15,Deferred_Volume,0,2669,5.36201,2.08834,1.83792,4.47866,6.62534,7.91724,126.307,15000,1263360,59.5175
Suite_15,Deferred_Volume,0,2670,5.40169,2.13257,1.00147,3.99299,5.30573,7.91688,126.312,15000,1263616,60.0885
Suite_15,Deferred_Volume,0,2671,5.36248,2.10632,2.51437,4.04195,6.86038,8.00605,124.906,15000,1263616,60.7618
Suite_15,Deferred_Volume,0,2672,5.36311,2.10924,1.02605,4.00589,5.90714,7.93544,126.017,15000,1262848,61.332
Suite_15,Deferred_Volume,0,2673,5.34868,2.0865,1.02339,3.97126,5.92589,7.93263,126.062,15000,1261184,61.9149
Suite_15,Deferred_Volume,0,2674,5.35266,2.10652,1.0057,3.93258,5.44064,7.89616,126.644,15000,1260672,62.5117
Suite_15,Deferred_Volume,0,2675,5.36156,2.1014,1.18493,5.94186,7.43306,7.91227,126.386,15000,1259904,63.1879
Suite_15,Deferred_Volume,0,2676,5.34864,4.8202,1.00669,3.95056,5.26173,7.92735,126.146,15000,1259392,63.814
Suite_15,Deferred_Volume,0,2677,5.35829,2.08507,1.15754,3.9087,5.37139,10.6377,94.0054,15000,1258496,64.437
Suite_15,Deferred_Volume,0,2678,5.36805,2.13423,1.00762,3.91277,5.32694,7.9285,126.127,15000,1259264,65.0734
Suite_15,Deferred_Volume,0,2679,5.34375,2.12309,2.524,4.0263,6.86128,7.97134,125.449,15000,1257984,65.727
Suite_15,Deferred_Volume,0,2680,5.33545,2.0836,1.04858,3.95267,5.86358,7.94541,125.859,15000,1256960,66.3698
Suite_15,Deferred_Volume,0,2681,5.32884,2.10417,1.0361,3.8521,5.80874,7.88101,126.887,15000,1254784,66.8811
Suite_15,Deferred_Volume,0,2682,5.32765,2.05841,1.0199,3.87853,5.3192,7.90521,126.499,15000,1254272,67.6079
Suite_15,Deferred_Volume,0,2683,5.33356,2.09927,2.60134,4.39709,7.30726,7.84684,127.44,15000,1252352,68.2505
Suite_15,Deferred_Volume,0,2684,5.32761,2.08585,1.04214,3.28726,5.75078,7.88068,126.893,15000,1250816,68.9798
Suite_15,Deferred_Volume,0,2685,5.3172,2.08931,1.03878,3.81338,5.84022,7.88298,126.856,15000,1251328,69.6318
Suite_15,Deferred_Volume,0,2686,5.31817,2.07573,1.03248,3.80109,5.3039,7.85633,127.286,15000,1248768,70.3159
Suite_15,Deferred_Volume,0,2687,5.30819,2.12122,2.66035,4.43187,7.39123,7.87538,126.978,15000,1245696,71.1617
Suite_15,Deferred_Volume,0,2688,5.30887,2.07971,1.05792,3.84,5.7569,7.90756,126.461,15000,1244672,71.8463
Suite_15,Deferred_Volume,0,2689,5.29575,2.06338,1.04406,3.84941,5.82237,7.85744,127.268,15000,1243008,72.5941
Suite_15,Deferred_Volume,0,2690,5.30129,2.10191,1.03014,3.8185,5.26765,7.80636,128.101,15000,1242880,73.2445
Suite_15,Deferred_Volume,0,2691,5.31544,2.13693,2.55987,4.34358,7.20259,7.84702,127.437,15000,1240192,74.0274
Suite_15,Deferred_Volume,0,2692,5.2974,2.10196,1.0585,3.79494,5.70368,7.91945,126.271,15000,1239040,74.6512
Suite_15,Deferred_Volume,0,2693,5.28501,2.07384,1.03901,3.7888,5.2983,7.86904,127.08,15000,1238528,75.3326
Suite_15,Deferred_Volume,0,2694,5.27959,2.07594,1.04438,3.81952,5.1616,7.81667,127.932,15000,1235840,76.0112
Suite_15,Deferred_Volume,0,2695,5.27423,2.10414,2.58074,4.43597,7.31882,7.81154,128.016,15000,1233536,76.6812
Suite_15,Deferred_Volume,0,2696,5.26776,2.06163,1.03837,3.85872,5.75722,7.85435,127.318,15000,1231744,77.5576
Suite_15,Deferred_Volume,0,2697,5.26399,5.21654,3.76906,3.83933,7.90771,7.77866,128.557,15000,1229184,78.2327
Suite_15,Deferred_Volume,0,2698,5.26682,2.098,1.02275,3.78464,5.21402,10.9362,91.4393,15000,1226368,78.8737
Suite_15,Deferred_Volume,0,2699,5.26486,2.09562,1.04259,3.20893,5.79606,7.8291,127.729,15000,1222272,78.1509
Suite_15,Deferred_Volume,0,2700,5.23895,2.03208,1.02195,3.84976,5.7264,7.8082,128.071,15000,1220352,78.8215
Suite_15,Deferred_Volume,0,2701,5.23033,2.10974,1.01786,3.75114,5.6873,7.72767,129.405,15000,1216512,79.4917
Suite_15,Deferred_Volume,0,2702,5.22344,2.01969,0.996992,3.80957,5.21626,7.79709,128.253,15000,1213952,79.4828
Suite_15,Deferred_Volume,0,2703,5.20783,2.0873,2.55542,4.72474,7.5817,7.67618,130.273,15000,1208960,79.7997
Suite_15,Deferred_Volume,0,2704,5.21598,2.06713,0.974848,4.19037,6.04477,7.75514,128.947,15000,1206784,80.5751
Suite_15,Deferred_Volume,0,2705,5.19812,2.03068,2.49974,4.80032,7.59779,7.73348,129.308,15000,1204864,81.482
Suite_15,Deferred_Volume,0,2706,5.19266,2.02581,0.96032,4.17194,5.43331,7.67843,130.235,15000,1201408,82.5028
Suite_15,Deferred_Volume,0,2707,5.18106,2.15086,0.956416,4.19536,5.62867,7.66126,130.527,15000,1198592,83.5937
Suite_15,Deferred_Volume,0,2708,5.17964,2.08093,0.966656,4.19446,6.1456,7.78387,128.471,15000,1194880,83.0605
Suite_15,Deferred_Volume,0,2709,5.16697,2.05919,1.20125,4.72931,6.23507,7.70936,129.712,15000,1191168,83.0432
Suite_15,Deferred_Volume,0,2710,5.1521,2.01804,0.94416,4.26966,5.51936,7.66131,130.526,15000,1188608,80.0022
Suite_15,Deferred_Volume,0,2711,5.14874,2.03463,1.10387,4.18035,6.22557,7.61448,131.329,15000,1186816,80.3373
Suite_15,Deferred_Volume,0,2712,5.14369,2.0091,0.934912,4.21562,5.46,7.6184,131.261,15000,1183744,80.6064
Suite_15,Deferred_Volume,0,2713,5.14039,2.03463,2.48486,4.7104,7.4975,7.58296,131.875,15000,1182976,80.849
Suite_15,Deferred_Volume,0,2714,5.1313,2.01712,0.941024,4.16742,5.4089,7.61294,131.355,15000,1181184,81.0678
Suite_15,Deferred_Volume,0,2715,5.12174,1.99974,2.46592,4.7616,7.5305,7.57176,132.07,15000,1177728,80.3061
Suite_15,Deferred_Volume,0,2716,5.11446,2.0369,0.914912,4.14736,5.36941,7.55483,132.366,15000,1174400,80.4007
Suite_15,Deferred_Volume,0,2717,5.1083,2.03415,0.928768,4.2663,5.52122,7.58905,131.769,15000,1171200,80.3274
Suite_15,Deferred_Volume,0,2718,5.10345,1.99122,0.911008,4.15885,5.37936,7.5796,131.933,15000,1169792,80.3739
Suite_15,Deferred_Volume,0,2719,5.09537,11.8201,10.2245,4.14272,14.6941,7.53209,132.765,15000,1167360,80.4264
Suite_15,Deferred_Volume,0,2720,5.08854,1.97834,0.903232,4.1528,5.36371,17.3566,57.6151,15000,1162112,79.7032
Suite_15,Deferred_Volume,0,2721,5.07798,1.99151,0.93184,4.73619,5.97197,7.52447,132.9,15000,1158656,79.5
Suite_15,Deferred_Volume,0,2722,5.06656,1.99615,0.93168,4.17078,5.41053,7.49813,133.367,15000,1156608,79.5079
Suite_15,Deferred_Volume,0,2723,5.05699,1.96568,2.93952,4.2927,7.55123,7.47895,133.709,15000,1152640,77.9509
Suite_15,Deferred_Volume,0,2724,5.04916,1.98739,0.890144,4.15232,5.34938,7.46643,133.933,15000,1149056,78.0027
Suite_15,Deferred_Volume,0,2725,5.03602,1.9694,0.903808,4.24259,5.45939,7.46774,133.909,15000,1146752,77.9432
Suite_15,Deferred_Volume,0,2726,5.03057,1.99942,0.899072,4.14646,5.34864,7.43923,134.423,15000,1142144,77.8499
Suite_15,Deferred_Volume,0,2727,5.01652,2.0114,0.91088,4.7713,5.98976,7.44224,134.368,15000,1138560,77.815
Suite_15,Deferred_Volume,0,2728,5.00823,1.96924,0.897952,4.65178,5.85114,7.45348,134.165,15000,1135104,77.733
Suite_15,Deferred_Volume,0,2729,5.01274,2.02471,2.95114,4.17792,7.43331,7.4161,134.842,15000,1131904,77.0575
Suite_15,Deferred_Volume,0,2730,4.99446,1.99287,0.882688,4.09427,5.28755,7.45428,134.151,15000,1128960,76.9641
Suite_15,Deferred_Volume,0,2731,4.97949,1.96599,0.889088,4.1769,5.36774,7.41312,134.896,15000,1125504,76.8774
Suite_15,Deferred_Volume,0,2732,4.98116,1.96432,0.873664,4.12499,5.3023,7.36907,135.702,15000,1122944,76.6597
Suite_15,Deferred_Volume,0,2733,4.96737,1.9449,0.8824,4.17382,5.36182,7.37192,135.65,15000,1119744,76.5741
Suite_15,Deferred_Volume,0,2734,4.96224,1.96375,0.858464,4.14643,5.31482,7.32856,136.452,15000,1115520,74.2404
Suite_15,Deferred_Volume,0,2735,4.9477,1.94306,0.886944,4.68704,5.8793,7.33134,136.401,15000,1111680,74.169
Suite_15,Deferred_Volume,0,2736,4.93448,1.93276,0.886784,4.11334,5.3041,7.30837,136.829,15000,1106432,74.0049
Suite_15,Deferred_Volume,0,2737,4.92178,1.91898,2.39494,4.72448,7.4217,7.28505,137.267,15000,1102464,73.8863
Suite_15,Deferred_Volume,0,2738,4.91892,1.92658,0.873824,4.08326,5.26166,7.24498,138.027,15000,1097216,73.8159
Suite_15,Deferred_Volume,0,2739,4.89978,1.92254,2.90627,4.1839,7.3953,7.25156,137.901,15000,1092224,73.6571
Suite_15,Deferred_Volume,0,2740,4.89432,1.92986,0.844064,4.02755,5.17872,7.22866,138.338,15000,1088128,73.2472
Suite_15,Deferred_Volume,0,2741,4.87651,1.91,0.854016,4.15334,5.31046,7.22846,138.342,15000,1083904,73.2063
Suite_15,Deferred_Volume,0,2742,4.86917,4.10177,0.868352,4.55952,5.73536,7.19932,138.902,15000,1078784,73.1705
Suite_15,Deferred_Volume,0,2743,4.85773,1.89543,3.03104,4.09811,7.43251,9.38852,106.513,15000,1075712,73.0376
Suite_15,Deferred_Volume,0,2744,4.85294,1.92096,0.84016,4.04707,5.19578,7.15145,139.832,15000,1072896,72.9285
Suite_15,Deferred_Volume,0,2745,4.83777,1.86009,3.02122,4.06938,7.38688,7.18777,139.125,15000,1069824,72.908
Suite_15,Deferred_Volume,0,2746,4.82986,1.95479,0.837536,4.03251,5.16858,7.11161,140.615,15000,1065088,72.8971
Suite_15,Deferred_Volume,0,2747,4.82613,1.9358,0.847456,4.0777,5.22106,7.1835,139.208,15000,1060864,72.8886
Suite_15,Deferred_Volume,0,2748,4.81102,1.89864,0.839936,3.9767,5.12125,7.15111,139.838,15000,1056384,72.9109
Suite_15,Deferred_Volume,0,2749,4.79449,1.87964,0.846048,4.0489,5.22198,7.12696,140.312,15000,1051776,72.8679
Suite_15,Deferred_Volume,0,2750,4.78736,1.89566,0.840736,3.96902,5.11437,7.07268,141.389,15000,1048704,72.8001
Suite_15,Deferred_Volume,0,2751,4.77351,1.86524,0.849152,4.0641,5.22835,7.07471,141.349,15000,1044864,72.855
Suite_15,Deferred_Volume,0,2752,4.7637,1.85227,0.845824,3.94035,5.08358,7.02384,142.372,15000,1041024,72.9333
Suite_15,Deferred_Volume,0,2753,4.7475,1.8475,0.84944,3.9975,5.15891,7.0004,142.849,15000,1036288,73.0238
Suite_15,Deferred_Volume,0,2754,4.73794,1.84614,0.83968,3.87827,5.0241,6.97215,143.428,15000,1030400,72.9106
Suite_15,Deferred_Volume,0,2755,4.72516,1.8143,0.84784,3.94013,5.08666,6.97795,143.308,15000,1025408,73.015
Suite_15,Deferred_Volume,0,2756,4.7111,1.87312,0.833568,3.8481,4.98726,6.91681,144.575,15000,1020416,72.8602
Suite_15,Deferred_Volume,0,2757,4.69615,1.81749,0.83968,3.87597,5.04003,6.96274,143.622,15000,1015040,72.9835
Suite_15,Deferred_Volume,0,2758,4.68989,1.8097,0.821984,3.79494,4.92749,6.89167,145.103,15000,1010560,73.0952
Suite_15,Deferred_Volume,0,2759,4.67415,1.78313,0.830592,3.87731,5.00198,6.89172,145.102,15000,1006080,73.2921
Suite_15,Deferred_Volume,0,2760,4.66104,1.79236,0.815168,3.74432,4.85715,6.82811,146.453,15000,1000448,73.0755
Suite_15,Deferred_Volume,0,2761,4.63926,1.78724,0.821248,3.7976,4.91392,6.85358,145.909,15000,996224,73.3653
Suite_15,Deferred_Volume,0,2762,4.6288,1.78703,0.803936,3.73981,4.83702,6.79412,147.186,15000,989952,73.3319
Suite_15,Deferred_Volume,0,2763,4.62275,1.76611,0.804736,3.81152,4.92128,6.7955,147.156,15000,985984,73.7313
Suite_15,Deferred_Volume,0,2764,4.60962,1.76609,0.814784,3.8432,4.95821,6.75833,147.965,15000,980224,74.0157
Suite_15,Deferred_Volume,0,2765,4.58731,1.75173,0.806912,3.99168,5.09933,6.75667,148.002,15000,973824,74.0772
Suite_15,Deferred_Volume,0,2766,4.57882,1.77698,1.51725,3.99789,5.82246,6.72389,148.723,15000,970368,74.5842
Suite_15,Deferred_Volume,0,2767,4.57087,1.73688,0.802176,3.97338,5.08115,6.71914,148.829,15000,964992,75.1238
Suite_15,Deferred_Volume,0,2768,4.55621,4.12169,0.792704,3.94438,5.06611,6.66159,150.114,15000,960640,75.4999
Suite_15,Deferred_Volume,0,2769,4.55617,1.75426,2.29158,3.97504,6.56026,9.04649,110.54,15000,955392,75.7071
Suite_15,Deferred_Volume,0,2770,4.53394,1.76008,0.776448,3.93398,5.00736,6.68786,149.525,15000,950400,73.8008
Suite_15,Deferred_Volume,0,2771,4.53533,1.78095,0.76448,4.0097,5.07088,6.64189,150.559,15000,944896,72.3901
Suite_15,Deferred_Volume,0,2772,4.51528,2.05344,1.39709,4.03402,5.72826,6.66849,149.959,15000,938624,72.666
Suite_15,Deferred_Volume,0,2773,4.49286,1.7435,0.750816,4.07754,5.13638,6.93077,144.284,15000,933504,72.9818
Suite_15,Deferred_Volume,0,2774,4.48562,2.41426,0.749344,4.09299,5.15277,6.58293,151.908,15000,928128,71.8411
Suite_15,Deferred_Volume,0,2775,4.47018,1.73847,1.40246,5.49702,7.20048,7.26142,137.714,15000,924032,71.9864
Suite_15,Deferred_Volume,0,2776,4.45535,2.26321,0.750336,3.96301,5.02374,6.55004,152.671,15000,918016,72.1911
Suite_15,Deferred_Volume,0,2777,4.43895,1.70529,0.754656,5.41619,6.49024,7.30001,136.986,15000,913792,69.6609
Suite_15,Deferred_Volume,0,2778,4.43306,2.18573,1.45203,3.94042,5.70205,6.4977,153.901,15000,908672,69.9868
Suite_15,Deferred_Volume,0,2779,4.41441,1.68134,0.750144,5.36362,6.44656,7.21799,138.543,15000,903936,70.3642
Suite_15,Deferred_Volume,0,2780,4.39821,2.26729,0.747392,3.87277,4.92902,6.43845,155.317,15000,898816,68.8152
Suite_15,Deferred_Volume,0,2781,4.38707,1.6729,1.55034,3.94192,5.79622,7.26995,137.552,15000,893696,69.2092
Suite_15,Deferred_Volume,0,2782,4.37476,1.69674,0.753664,4.4073,5.4703,6.38574,156.599,15000,889600,69.1514
Suite_15,Deferred_Volume,0,2783,4.36486,1.97032,0.764384,3.78198,4.84966,6.40366,156.161,15000,883968,69.441
Suite_15,Deferred_Volume,0,2784,4.34385,1.64643,2.33315,4.41558,7.05142,6.92845,144.332,15000,877952,67.6517
Suite_15,Deferred_Volume,0,2785,4.33075,2.14609,0.733216,3.83795,4.87699,6.32473,158.109,15000,872576,68.1693
Suite_15,Deferred_Volume,0,2786,4.33149,1.68504,0.759808,3.88915,4.95226,7.07226,141.397,15000,866688,67.2109
Suite_15,Deferred_Volume,0,2787,4.31646,1.68665,0.740224,3.78771,5.39779,6.33572,157.835,15000,861184,67.8281
Suite_15,Deferred_Volume,0,2788,4.28841,1.61718,0.720192,3.88285,4.90378,6.56386,152.349,15000,854912,68.0962
Suite_15,Deferred_Volume,0,2789,4.28139,2.54854,0.721408,3.77366,4.80051,6.23199,160.462,15000,848128,68.0699
Suite_15,Deferred_Volume,0,2790,4.27168,1.77165,2.81542,3.93043,7.05517,7.14416,139.975,15000,842880,68.4728
Suite_15,Deferred_Volume,0,2791,4.25506,2.08435,0.709952,3.80163,4.81206,6.36871,157.018,15000,838400,69.1168
Suite_15,Deferred_Volume,0,2792,4.23137,1.59684,0.7168,3.94413,4.96861,6.91658,144.58,15000,831360,69.7564
Suite_15,Deferred_Volume,0,2793,4.2245,2.3868,0.736192,3.8017,4.83546,6.15184,162.553,15000,826496,70.4731
Suite_15,Deferred_Volume,0,2794,4.21526,1.63094,0.715776,4.43072,5.44925,7.16235,139.619,15000,821760,69.5673
Suite_15,Deferred_Volume,0,2795,4.19958,2.30567,0.688128,3.82976,4.82352,6.15427,162.489,15000,816640,69.8694
Suite_15,Deferred_Volume,0,2796,4.17953,1.59852,2.79978,3.85584,6.96019,7.07153,141.412,15000,811904,70.6703
Suite_15,Deferred_Volume,0,2797,4.16565,1.81435,0.689472,3.84141,4.83021,6.08616,164.307,15000,805632,71.2311
Suite_15,Deferred_Volume,0,2798,4.15335,1.57153,0.690176,3.7512,4.7455,6.53479,153.027,15000,800384,72.0439
Suite_15,Deferred_Volume,0,2799,4.14011,4.12971,2.09939,3.69254,6.08851,6.03099,165.81,15000,795136,72.9444
Suite_15,Deferred_Volume,0,2800,4.1459,1.55231,0.696128,3.70013,4.7143,8.57748,116.584,15000,789888,73.5926
Suite_15,Deferred_Volume,0,2801,4.14834,1.76159,0.668,3.86365,4.84147,5.99683,166.755,15000,783360,74.6168
Suite_15,Deferred_Volume,0,2802,4.09954,1.55401,0.82224,5.9144,7.04675,6.32223,158.172,15000,777216,75.8246
Suite_15,Deferred_Volume,0,2803,4.08404,3.00127,0.65312,3.85024,4.80742,5.95075,168.046,15000,771712,77.3371
Suite_15,Deferred_Volume,0,2804,4.0727,1.55992,0.653888,3.85347,4.83533,7.37705,135.556,15000,766848,74.7677
Suite_15,Deferred_Volume,0,2805,4.05393,1.56116,1.29638,5.39648,6.99696,5.92624,168.741,15000,760704,75.7579
Suite_15,Deferred_Volume,0,2806,4.05209,2.19158,0.657472,3.89261,4.85786,5.91322,169.113,15000,755840,76.1352
Suite_15,Deferred_Volume,0,2807,4.03789,1.54194,0.64512,3.9424,4.89286,6.78761,147.327,15000,751232,77.19
Suite_15,Deferred_Volume,0,2808,4.01687,1.65853,0.649184,3.97027,6.98093,5.91869,168.956,15000,745216,78.1903
Suite_15,Deferred_Volume,0,2809,4.00898,3.10095,0.664992,3.86246,4.83885,5.96695,167.59,15000,740352,79.2951
Suite_15,Deferred_Volume,0,2810,3.99657,1.50346,0.667488,5.34733,6.32038,7.40461,135.051,15000,737536,80.0181
Suite_15,Deferred_Volume,0,2811,3.98921,2.32977,0.666144,3.89939,5.55418,5.7718,173.256,15000,733184,79.922
Suite_15,Deferred_Volume,0,2812,3.97329,1.49801,0.664768,3.96736,4.9407,6.87443,145.467,15000,728192,81.1282
Suite_15,Deferred_Volume,0,2813,3.95332,1.64912,0.653312,3.95674,4.91571,6.00682,166.477,15000,721792,78.9518
Suite_15,Deferred_Volume,0,2814,3.94861,3.22774,1.22118,3.94074,5.47738,5.87983,170.073,15000,716800,80.223
Suite_15,Deferred_Volume,0,2815,3.93358,1.48759,0.659456,5.8463,6.81139,7.4603,134.043,15000,710784,81.5043
Suite_15,Deferred_Volume,0,2816,3.91403,3.14666,0.653728,4.3193,5.29066,5.92027,168.911,15000,705152,80.8514
Suite_15,Deferred_Volume,0,2817,3.91108,1.51772,0.640896,5.89734,6.96934,7.3353,136.327,15000,699904,82.246
Suite_15,Deferred_Volume,0,2818,3.89349,3.20707,0.653536,3.86458,4.8487,5.91015,169.2,15000,695424,83.6712
Suite_15,Deferred_Volume,0,2819,3.8769,1.48924,0.624256,5.91648,6.84163,7.37301,135.63,15000,690432,85.0949
Suite_15,Deferred_Volume,0,2820,3.86759,3.39875,0.626688,3.78675,4.83542,5.62138,177.892,15000,686080,85.5372
Suite_15,Deferred_Volume,0,2821,3.85476,1.43759,0.618496,5.33504,6.25053,7.77897,128.552,15000,680960,87.0253
Suite_15,Deferred_Volume,0,2822,3.84136,2.68274,0.61744,3.77734,4.69616,5.55106,180.146,15000,676608,87.6742
Suite_15,Deferred_Volume,0,2823,3.81901,1.50076,0.644352,3.83846,5.42707,7.0943,140.958,15000,670336,89.1468
Suite_15,Deferred_Volume,0,2824,3.80712,1.76965,0.60672,4.31718,5.23507,5.73314,174.425,15000,664960,90.5762
Suite_15,Deferred_Volume,0,2825,3.80064,3.05988,0.609408,3.73405,4.67142,5.82884,171.561,15000,660096,90.5296
Suite_15,Deferred_Volume,0,2826,3.78843,1.41487,1.25952,5.1695,6.73062,7.17169,139.437,15000,655488,92.0188
Suite_15,Deferred_Volume,0,2827,3.77465,2.53703,0.606208,3.72701,4.62899,5.46942,182.835,15000,650112,93.507
Suite_15,Deferred_Volume,0,2828,3.75983,1.51708,0.62656,3.67059,4.60595,6.86588,145.648,15000,645632,93.7776
Suite_15,Deferred_Volume,0,2829,3.75022,1.39357,0.616448,3.79168,4.71037,5.72487,174.677,15000,640512,95.2382
Suite_15,Deferred_Volume,0,2830,3.74043,2.84259,0.60448,3.68026,5.14973,5.39183,185.466,15000,635136,96.1497
Suite_15,Deferred_Volume,0,2831,3.71737,1.39228,0.618688,5.65862,6.58352,6.8329,146.351,15000,630400,97.6234
Suite_15,Deferred_Volume,0,2832,3.71389,3.16397,0.572064,3.69094,4.56909,5.56506,179.692,15000,624128,98.9901
Suite_15,Deferred_Volume,0,2833,3.70242,1.43261,0.559104,3.67818,4.56349,7.11756,140.498,15000,619264,99.4902
Suite_15,Deferred_Volume,0,2834,3.67881,1.3678,1.19712,5.07488,6.59139,5.70602,175.253,15000,614528,98.9631
Suite_15,Deferred_Volume,0,2835,3.66943,2.86074,0.544416,3.6495,4.50048,5.29123,188.992,15000,610944,99.9932
Suite_15,Deferred_Volume,0,2836,3.65964,1.39746,0.53376,3.59686,4.46054,6.81152,146.81,15000,605440,100.978
Suite_15,Deferred_Volume,0,2837,3.64518,3.80499,0.534944,3.68938,4.53018,5.59871,178.613,15000,600960,100.066
Suite_15,Deferred_Volume,0,2838,3.67566,1.52634,0.538624,5.02989,6.01056,7.68637,130.1,15000,597248,100.931
Suite_15,Deferred_Volume,0,2839,3.63353,2.56916,0.51568,3.57178,4.39395,5.48684,182.254,15000,592000,101.706
Suite_15,Deferred_Volume,0,2840,3.62385,1.37672,0.534976,3.56557,4.41126,6.43756,155.338,15000,588416,102.504
Suite_15,Deferred_Volume,0,2841,3.60245,1.33905,0.519744,4.11171,4.94842,5.5118,181.429,15000,583296,103.274
Suite_15,Deferred_Volume,0,2842,3.58877,3.40955,0.52256,3.53075,4.46669,5.17681,193.169,15000,578432,103.301
Suite_15,Deferred_Volume,0,2843,3.58019,1.31714,0.500256,4.98688,5.79584,7.22442,138.419,15000,574208,104.017
Suite_15,Deferred_Volume,0,2844,3.56196,2.51605,0.501152,3.48797,4.29014,5.11413,195.537,15000,569088,104.721
Suite_15,Deferred_Volume,0,2845,3.55111,1.36472,0.491008,3.46157,4.25779,6.64469,150.496,15000,563712,105.05
Suite_15,Deferred_Volume,0,2846,3.52971,1.30411,2.61072,3.53533,6.4553,5.43457,184.007,15000,558464,105.633
Suite_15,Deferred_Volume,0,2847,3.53293,2.7339,0.485344,3.42218,4.21683,5.05534,197.811,15000,553984,105.691
Suite_15,Deferred_Volume,0,2848,3.51009,1.29055,0.485056,4.81728,5.62586,6.49734,153.909,15000,549504,105.147
Suite_15,Deferred_Volume,0,2849,3.49966,2.22862,0.480992,2.78682,4.12902,5.01212,199.516,15000,546432,105.636
Suite_15,Deferred_Volume,0,2850,3.50501,1.33423,0.484736,3.36726,4.16144,6.29981,158.735,15000,541312,104.368
Suite_15,Deferred_Volume,0,2851,3.4717,1.27012,0.4744,3.46669,4.2496,5.26436,189.957,15000,536064,104.763
Suite_15,Deferred_Volume,0,2852,3.4632,2.64847,0.485376,3.33037,4.14781,4.95052,201.999,15000,532096,105.116
Suite_15,Deferred_Volume,0,2853,3.45795,1.26111,0.477792,4.75299,5.55622,6.31726,158.297,15000,528640,104.204
Suite_15,Deferred_Volume,0,2854,3.43527,2.29546,0.487488,3.31382,4.78442,4.92252,203.148,15000,524032,104.458
Suite_15,Deferred_Volume,0,2855,3.43482,1.29426,0.475712,3.29318,4.07552,6.26026,159.738,15000,520448,104.665
Suite_15,Deferred_Volume,0,2856,3.41808,1.2486,0.472416,3.41034,4.17946,5.23427,191.049,15000,516352,104.441
Suite_15,Deferred_Volume,0,2857,3.42553,2.67464,0.465472,3.24586,4.03866,4.87647,205.067,15000,512896,104.181
Suite_15,Deferred_Volume,0,2858,3.41396,1.25637,1.12803,4.7224,6.15686,6.29872,158.762,15000,509824,104.206
Suite_15,Deferred_Volume,0,2859,3.40502,2.19575,0.474656,2.67472,4.03085,4.87607,205.083,15000,506624,104.157
Suite_15,Deferred_Volume,0,2860,3.3934,1.26519,0.461312,3.24448,4.00768,6.15742,162.406,15000,502528,104.054
Suite_15,Deferred_Volume,0,2861,3.363,1.23718,0.468992,3.32304,4.09197,5.16097,193.762,15000,497280,103.879
Suite_15,Deferred_Volume,0,2862,3.36062,2.69133,0.476,3.2081,3.98954,4.79324,208.627,15000,492544,103.681
Suite_15,Deferred_Volume,0,2863,3.35093,1.23583,0.472992,4.65491,5.43674,6.25626,159.84,15000,488832,103.44
Suite_15,Deferred_Volume,0,2864,3.33833,2.31891,0.495616,3.14518,3.94752,4.78097,209.163,15000,484096,103.147
Suite_15,Deferred_Volume,0,2865,3.32779,1.23698,0.466944,4.64662,5.41498,6.20996,161.032,15000,480000,102.691
Suite_15,Deferred_Volume,0,2866,3.32534,2.44234,0.466464,2.53379,3.3065,4.75065,210.497,15000,475520,100.232
Suite_15,Deferred_Volume,0,2867,3.30129,1.23597,0.601696,3.07197,3.97722,6.31918,158.248,15000,470400,99.6115
Suite_15,Deferred_Volume,0,2868,3.29763,1.22977,0.469856,3.12752,3.8912,4.98611,200.557,15000,465792,98.963
Suite_15,Deferred_Volume,0,2869,3.28396,2.53746,0.46976,3.05069,3.82717,4.71811,211.949,15000,461440,98.569
Suite_15,Deferred_Volume,0,2870,3.27947,1.20513,0.4912,2.95968,3.76518,6.00685,166.476,15000,456960,98.2051
Suite_15,Deferred_Volume,0,2871,3.25256,1.18306,0.473216,3.0903,3.86406,4.65954,214.614,15000,452480,97.8787
Suite_15,Deferred_Volume,0,2872,3.23413,2.19597,0.509184,2.47597,3.92288,4.60977,216.931,15000,448000,97.4513
Suite_15,Deferred_Volume,0,2873,3.23568,1.20073,0.464928,4.45232,5.21626,5.99629,166.77,15000,443776,97.1583
Suite_15,Deferred_Volume,0,2874,3.23564,2.21961,0.493824,2.92144,3.72304,4.60853,216.989,15000,439168,96.482
Suite_15,Deferred_Volume,0,2875,3.2237,1.21348,0.471328,2.36483,3.14342,6.00952,166.403,15000,435584,96.2447
Suite_15,Deferred_Volume,0,2876,3.19523,1.17711,0.47104,2.93888,3.70493,4.61153,216.848,15000,430976,96.0492
Suite_15,Deferred_Volume,0,2877,3.17822,1.78347,0.468992,2.93683,4.27149,4.54593,219.977,15000,425600,95.6787
Suite_15,Deferred_Volume,0,2878,3.17812,1.19738,0.453344,4.37174,5.12205,5.55168,180.126,15000,421376,95.5035
Suite_15,Deferred_Volume,0,2879,3.16502,2.2899,0.453184,2.31424,3.07782,4.69898,212.812,15000,416640,95.2122
Suite_15,Deferred_Volume,0,2880,3.15854,1.176,0.454656,2.87962,3.63555,5.63028,177.611,15000,412160,95.1632
Suite_15,Deferred_Volume,0,2881,3.12614,1.13933,0.454656,3.0167,3.78122,4.76489,209.868,15000,408192,95.0595
Suite_15,Deferred_Volume,0,2882,3.11131,2.61515,0.4608,2.88883,3.65408,4.43213,225.625,15000,403584,93.2629
Suite_15,Deferred_Volume,0,2883,3.12232,1.14444,0.4608,2.86797,3.63565,5.8938,169.67,15000,399872,93.4877
Suite_15,Deferred_Volume,0,2884,3.09289,1.11936,0.438272,3.0217,3.77046,4.43267,225.597,15000,396416,92.0006
Suite_15,Deferred_Volume,0,2885,3.09099,2.28576,0.426176,2.90736,3.64275,4.37042,228.811,15000,392064,92.3392
Suite_15,Deferred_Volume,0,2886,3.07944,1.12511,0.43216,4.36019,5.09706,5.94672,168.16,15000,387712,92.7623
Suite_15,Deferred_Volume,0,2887,3.06494,2.22251,0.430496,2.88496,3.7888,4.36228,229.238,15000,385024,93.3409
Suite_15,Deferred_Volume,0,2888,3.07563,1.17402,0.405504,2.43302,3.14253,5.85141,170.899,15000,381312,93.9564
Suite_15,Deferred_Volume,0,2889,3.04788,1.13652,0.397312,2.8119,3.5031,4.40921,226.798,15000,376576,93.6204
Suite_15,Deferred_Volume,0,2890,3.03314,2.12796,0.42592,2.74371,3.46787,4.33932,230.451,15000,373248,94.0419
Suite_15,Deferred_Volume,0,2891,3.0343,1.10904,0.396896,4.35056,5.05379,5.72047,174.811,15000,368768,94.6882
Suite_15,Deferred_Volume,0,2892,3.02865,2.25885,0.397312,2.78026,3.48307,4.28788,233.215,15000,364672,95.4544
Suite_15,Deferred_Volume,0,2893,3.01121,1.14856,1.05309,4.2496,5.60118,5.87046,170.344,15000,360704,95.9739
Suite_15,Deferred_Volume,0,2894,3.04334,3.68813,0.405952,2.18147,2.88304,4.35962,229.378,15000,356224,92.1867
Suite_15,Deferred_Volume,0,2895,3.00736,1.09367,0.40912,2.85142,3.56822,6.92275,144.451,15000,352384,93.2842
Suite_15,Deferred_Volume,0,2896,3.01651,1.69939,0.405408,2.74218,3.44269,4.2527,235.145,15000,349312,94.1865
Suite_15,Deferred_Volume,0,2897,2.97337,1.09436,0.411648,4.21069,4.92528,5.31349,188.2,15000,344320,95.3951
Suite_15,Deferred_Volume,0,2898,2.9444,2.11773,0.417792,2.72794,3.45034,4.20589,237.762,15000,341120,96.6951
Suite_15,Deferred_Volume,0,2899,2.94855,1.11751,0.618944,2.71322,3.63514,5.60914,178.281,15000,337280,97.3872
Suite_15,Deferred_Volume,0,2900,2.92857,1.0603,0.41984,2.76851,3.49062,4.20253,237.952,15000,333184,98.3724
Suite_15,Deferred_Volume,0,2901,2.90589,2.32673,0.41728,2.62406,3.34246,4.13055,242.098,15000,328704,99.8946
Suite_15,Deferred_Volume,0,2902,2.91357,1.0853,0.38688,2.49203,3.17661,5.83424,171.402,15000,325120,101.303
Suite_15,Deferred_Volume,0,2903,2.89279,1.04528,0.327712,2.64365,3.27638,4.13612,241.773,15000,321024,103.017
Suite_15,Deferred_Volume,0,2904,2.86925,1.88887,0.323424,2.5225,3.15354,4.06709,245.876,15000,317568,103.547
Suite_15,Deferred_Volume,0,2905,2.89407,1.09295,0.786432,2.54278,3.62957,5.35271,186.821,15000,314240,107.476
Suite_15,Deferred_Volume,0,2906,2.87345,1.0328,0.313216,2.55386,3.17069,4.12585,242.374,15000,311552,113.216
Suite_15,Deferred_Volume,0,2907,2.85374,1.75504,0.322784,1.8919,3.0839,4.04029,247.507,15000,307968,114.57
Suite_15,Deferred_Volume,0,2908,2.85439,1.08247,0.309248,1.87786,3.04544,5.20125,192.262,15000,304128,115.062
Suite_15,Deferred_Volume,0,2909,2.85243,1.05767,0.323584,1.95322,2.59507,4.06661,245.905,15000,300416,106.868
Suite_15,Deferred_Volume,0,2910,2.83435,1.1267,0.31072,1.93331,2.552,4.04048,247.495,15000,297856,108.005
Suite_15,Deferred_Volume,0,2911,2.81496,1.04365,0.313568,3.82947,4.4473,4.53704,220.408,15000,294272,108.904
Suite_15,Deferred_Volume,0,2912,2.81174,1.88037,0.31584,2.35123,3.1392,3.98478,250.955,15000,292352,110.156
Suite_15,Deferred_Volume,0,2913,2.80869,1.02997,0.311392,2.35184,2.96038,5.01973,199.214,15000,289792,108.802
Suite_15,Deferred_Volume,0,2914,2.78915,1.00847,0.315968,2.42893,3.04029,3.95839,252.628,15000,287360,109.753
Suite_15,Deferred_Volume,0,2915,2.76397,1.68956,0.3168,1.78592,2.96256,3.91742,255.27,15000,284544,105.855
Suite_15,Deferred_Volume,0,2916,2.77715,1.03218,0.315392,1.78982,2.96128,5.04193,198.337,15000,281600,106.079
Suite_15,Deferred_Volume,0,2917,2.76551,1.01075,0.311936,2.37456,2.98922,3.92824,254.567,15000,279040,104.913
Suite_15,Deferred_Volume,0,2918,2.74855,1.15782,0.33024,2.27328,2.90406,3.89308,256.866,15000,275712,105.281
Suite_15,Deferred_Volume,0,2919,2.73675,1.02814,1.01802,3.20006,4.51142,4.47397,223.515,15000,272896,104.841
Suite_15,Deferred_Volume,0,2920,2.75148,1.20907,0.315392,2.3081,2.92029,3.89314,256.862,15000,269952,103.609
Suite_15,Deferred_Volume,0,2921,2.74224,1.02457,0.313376,1.66042,2.85485,4.33475,230.694,15000,267008,103.742
Suite_15,Deferred_Volume,0,2922,2.71935,0.98505,0.334496,2.31968,2.94502,3.98353,251.034,15000,264832,104.034
Suite_15,Deferred_Volume,0,2923,2.71292,1.5938,0.315392,2.2089,2.81837,3.81952,261.813,15000,262656,104.38
Suite_15,Deferred_Volume,0,2924,2.702,0.976182,0.313408,3.10902,3.7376,4.41642,226.428,15000,260224,103.86
Suite_15,Deferred_Volume,0,2925,2.68438,1.62279,0.312576,2.19702,2.81014,3.7865,264.096,15000,257792,102.785
Suite_15,Deferred_Volume,0,2926,2.68273,0.866709,0.31152,1.53206,2.15859,4.66041,214.573,15000,254336,101.201
Suite_15,Deferred_Volume,0,2927,2.67958,0.85078,1.87459,2.22851,4.40525,3.86201,258.933,15000,251648,101.279
Suite_15,Deferred_Volume,0,2928,2.67667,1.59214,0.307488,2.14016,2.74778,3.63974,274.745,15000,248704,101.849
Suite_15,Deferred_Volume,0,2929,2.65727,0.825839,0.308544,2.14704,2.75856,4.37576,228.532,15000,246656,102.212
Suite_15,Deferred_Volume,0,2930,2.62767,0.813752,0.329728,2.23642,2.87642,3.59013,278.542,15000,244352,103.495
Suite_15,Deferred_Volume,0,2931,2.62404,1.32358,0.324,1.68141,2.29581,3.55052,281.649,15000,241792,104.854
Suite_15,Deferred_Volume,0,2932,2.63251,0.818779,0.334816,3.64717,4.27008,4.45542,224.446,15000,239488,106.184
Suite_15,Deferred_Volume,0,2933,2.6387,1.87979,0.330624,1.5872,2.22352,3.55795,281.061,15000,235776,106.813
Suite_15,Deferred_Volume,0,2934,2.62873,0.821512,0.323552,1.59094,2.21645,5.04809,198.095,15000,233856,107.963
Suite_15,Deferred_Volume,0,2935,2.59642,0.806257,0.329888,2.18931,2.82006,3.54906,281.765,15000,231168,109.004
Suite_15,Deferred_Volume,0,2936,2.58734,1.31422,0.31536,1.68093,2.91021,3.50274,285.491,15000,228480,109.689
Suite_15,Deferred_Volume,0,2937,2.58759,0.822846,0.278528,2.13811,2.71008,4.42147,226.169,15000,226176,107.887
Suite_15,Deferred_Volume,0,2938,2.57124,0.803837,0.272512,1.6519,2.22208,3.50912,284.972,15000,223360,107.735
Suite_15,Deferred_Volume,0,2939,2.55961,1.24055,0.271264,1.6273,2.18317,3.47276,287.955,15000,220672,105.709
Suite_15,Deferred_Volume,0,2940,2.55918,0.83412,0.282208,3.02285,3.60403,4.32776,231.066,15000,217728,105.016
Suite_15,Deferred_Volume,0,2941,2.55491,1.22503,0.299008,2.12784,2.71987,3.49249,286.329,15000,214656,103.775
Suite_15,Deferred_Volume,0,2942,2.55414,0.852431,0.29712,1.44912,2.05824,4.32907,230.996,15000,212864,101.674
Suite_15,Deferred_Volume,0,2943,2.53851,0.807597,0.280864,2.11424,2.69664,3.75704,266.167,15000,210560,98.9262
Suite_15,Deferred_Volume,0,2944,2.53334,1.72971,0.280896,1.41146,1.99613,3.43672,290.975,15000,205824,96.2829
Suite_15,Deferred_Volume,0,2945,2.51064,0.824074,0.717184,1.95392,2.9696,4.35582,229.578,15000,201984,94.3184
Suite_15,Deferred_Volume,0,2946,2.49263,0.780718,0.288864,2.03187,2.61642,3.42538,291.939,15000,199424,92.2456
Suite_15,Deferred_Volume,0,2947,2.48061,1.05873,0.262016,1.92717,2.48013,3.36648,297.046,15000,196608,90.2599
Suite_15,Deferred_Volume,0,2948,2.48985,0.788476,0.264192,1.90669,2.46826,4.08732,244.659,15000,194048,88.3447
Suite_15,Deferred_Volume,0,2949,2.47843,0.77849,0.268288,1.42832,1.98944,3.36557,297.126,15000,191872,86.1578
Suite_15,Deferred_Volume,0,2950,2.46184,1.13977,0.253568,1.82112,2.3727,3.34203,299.22,15000,188672,84.4367
Suite_15,Deferred_Volume,0,2951,2.45447,0.81591,0.270912,1.75581,2.32432,4.03713,247.701,15000,186368,82.8514
Suite_15,Deferred_Volume,0,2952,2.45002,0.78353,0.264192,1.85754,2.41869,3.35681,297.902,15000,183808,80.768
Suite_15,Deferred_Volume,0,2953,2.44186,0.958617,0.242656,1.32515,1.86787,3.31754,301.428,15000,181376,79.3544
Suite_15,Deferred_Volume,0,2954,2.43667,0.790203,0.23232,1.76538,2.29322,3.84268,260.235,15000,177792,78.0799
Suite_15,Deferred_Volume,0,2955,2.42414,0.770997,0.239424,1.26797,1.80093,3.30964,302.148,15000,175872,76.5317
Suite_15,Deferred_Volume,0,2956,2.40571,1.03071,0.239616,1.16211,2.3161,3.2813,304.757,15000,173952,75.4734
Suite_15,Deferred_Volume,0,2957,2.40835,0.801156,0.21504,1.69984,2.21786,3.66808,272.622,15000,171136,72.2016
Suite_15,Deferred_Volume,0,2958,2.40453,0.777953,0.24576,1.78864,2.33645,3.28927,304.018,15000,169216,69.8449
Suite_15,Deferred_Volume,0,2959,2.39229,1.12359,0.210944,1.68506,2.19805,3.2595,306.795,15000,166272,67.6722
Suite_15,Deferred_Volume,0,2960,2.39733,0.802126,0.206048,1.69037,2.19955,3.64746,274.163,15000,162944,66.7928
Suite_15,Deferred_Volume,0,2961,2.38468,0.771208,0.208384,1.73062,2.23658,3.2769,305.167,15000,160384,66.0925
Suite_15,Deferred_Volume,0,2962,2.36049,1.11725,0.202912,1.72646,2.23021,3.23232,309.375,15000,158720,65.4232
Suite_15,Deferred_Volume,0,2963,2.34364,0.771856,0.198656,1.67283,2.17178,3.60189,277.632,15000,156544,64.7987
Suite_15,Deferred_Volume,0,2964,2.3535,0.779916,0.198656,1.73315,2.23437,3.1899,313.49,15000,153600,64.1977
Suite_15,Deferred_Volume,0,2965,2.33898,1.12862,0.194752,1.64867,2.13606,3.20654,311.862,15000,151680,63.287
Suite_15,Deferred_Volume,0,2966,2.34225,0.779669,0.19008,1.07053,1.57696,3.59647,278.051,15000,149248,60.8092
Suite_15,Deferred_Volume,0,2967,2.32267,0.76637,0.186336,1.75664,2.24198,3.19212,313.271,15000,147200,59.8903
Suite_15,Deferred_Volume,0,2968,2.32175,1.1351,0.194144,1.01584,1.50893,3.15709,316.747,15000,144896,59.1609
Suite_15,Deferred_Volume,0,2969,2.36385,0.884356,0.807264,1.01386,2.11683,3.57977,279.348,15000,143104,58.6109
Suite_15,Deferred_Volume,0,2970,2.32701,0.775806,0.1912,1.16182,1.64045,3.46305,288.763,15000,141184,55.2765
Suite_15,Deferred_Volume,0,2971,2.3016,0.773316,0.205216,1.21651,1.7072,3.17213,315.245,15000,139648,55.0481
Suite_15,Deferred_Volume,0,2972,2.29019,0.782908,0.161952,0.935936,1.52688,3.14064,318.407,15000,137344,54.9037
Suite_15,Deferred_Volume,0,2973,2.28802,0.810936,0.150112,0.89776,1.45168,3.14317,318.15,15000,134784,53.6284
Suite_15,Deferred_Volume,0,2974,2.2711,0.762816,0.154208,0.888928,2.84621,3.21921,310.636,15000,131968,51.3982
Suite_15,Deferred_Volume,0,2975,2.27706,1.15692,0.153728,0.88288,1.44589,3.09996,322.585,15000,130176,51.0593
Suite_15,Deferred_Volume,0,2976,2.25379,0.767625,0.15456,0.87712,1.43571,3.49673,285.981,15000,127232,50.7353
Suite_15,Deferred_Volume,0,2977,2.24961,0.742083,0.156064,0.89552,1.92717,3.09772,322.818,15000,125568,50.3915
Suite_15,Deferred_Volume,0,2978,2.23258,0.73521,0.16384,0.864096,2.01277,3.05301,327.546,15000,123904,49.6566
Suite_15,Deferred_Volume,0,2979,2.24122,0.899287,0.155648,0.840384,1.28832,3.03014,330.017,15000,121856,49.3738
Suite_15,Deferred_Volume,0,2980,2.22484,0.740943,0.155424,0.823008,1.27181,3.25334,307.377,15000,120448,48.7849
Suite_15,Deferred_Volume,0,2981,2.19942,0.73967,0.1536,0.811008,1.37619,3.02622,330.445,15000,117376,48.2205
Suite_15,Deferred_Volume,0,2982,2.19531,0.731244,0.147456,0.798176,1.34819,2.99724,333.64,15000,115200,47.6803
Suite_15,Deferred_Volume,0,2983,2.19533,0.75087,0.149504,0.790528,2.74864,2.98537,334.967,15000,113024,46.452
Suite_15,Deferred_Volume,0,2984,2.19256,0.951992,0.162976,1.44691,1.90272,3.0035,332.944,15000,111616,45.6507
Suite_15,Deferred_Volume,0,2985,2.18417,0.7534,0.159808,0.779008,1.78576,3.20391,312.118,15000,108288,45.439
Suite_15,Deferred_Volume,0,2986,2.18028,0.729282,0.144608,0.796672,1.85139,2.9933,334.079,15000,107392,43.4529
Suite_15,Deferred_Volume,0,2987,2.16051,0.743101,0.137216,0.759808,1.18736,2.96441,337.335,15000,105088,43.1021
Suite_15,Deferred_Volume,0,2988,2.16506,0.930392,0.143328,0.720896,1.15712,2.95701,338.179,15000,103040,42.6283
Suite_15,Deferred_Volume,0,2989,2.1499,0.72981,0.136,0.713376,1.14691,3.15058,317.402,15000,100992,41.968
Suite_15,Deferred_Volume,0,2990,2.13373,0.71953,0.141504,0.67584,1.11539,2.93323,340.921,15000,99456,41.8868
Suite_15,Deferred_Volume,0,2991,2.13895,0.724444,0.157312,0.6656,1.11434,2.90551,344.173,15000,98432,41.4686
Suite_15,Deferred_Volume,0,2992,2.15129,0.781809,0.131072,0.681632,1.10275,2.91304,343.284,15000,97024,38.2605
Suite_15,Deferred_Volume,0,2993,2.14822,0.731296,0.131072,0.68608,1.12522,2.98898,334.562,15000,96384,38.3183
Suite_15,Deferred_Volume,0,2994,2.12097,0.719986,0.126816,0.647264,1.06163,2.93779,340.391,15000,94720,36.1925
Suite_15,Deferred_Volume,0,2995,2.12174,0.733521,0.126976,0.640608,1.06211,2.89075,345.931,15000,92672,36.1209
Suite_15,Deferred_Volume,0,2996,2.10417,0.719626,0.11712,0.628032,1.03203,2.90313,344.455,15000,91904,36.2683
Suite_15,Deferred_Volume,0,2997,2.1044,1.3612,0.118624,0.621792,1.03082,2.87404,347.942,15000,89600,34.2399
Suite_15,Deferred_Volume,0,2998,2.08941,0.72246,0.133184,0.616448,1.04448,3.51505,284.491,15000,87552,34.3991
Suite_15,Deferred_Volume,0,2999,2.08415,0.714142,0.108544,0.633696,1.0289,2.85887,349.789,15000,86272,34.3936
Suite_15,Deferred_Volume,0,3000,2.07558,0.72108,0.109888,0.630752,1.05942,2.84455,351.549,15000,85504,34.3618
