Suite,Architecture,StepValue,FrameNumber,CpuLogicMs,CpuRenderMs,GeomMs,LightMs,TotalGpuMs,TotalFrameMs,FPS,Instances,Triangles,OverdrawFactor
Suite_13,Forward,0,1,2.05482,0.763452,0,0.098304,0.325952,12.3362,81.062,15000,83840,0.457804
Suite_13,Forward,0,2,2.02812,0.702586,0,0.0816,0.323552,2.8617,349.443,15000,82176,0.46404
Suite_13,Forward,0,3,2.00532,0.717485,0,0.080736,0.323264,2.77624,360.199,15000,80768,0.467477
Suite_13,Forward,0,4,2.00722,0.638195,0,0.079008,0.320832,2.76865,361.186,15000,78592,0.466676
Suite_13,Forward,0,5,1.99385,0.6334,0,0.07472,0.33872,2.69521,371.029,15000,76672,0.461801
Suite_13,Forward,0,6,1.98541,0.658857,0,0.074656,0.317696,2.66853,374.738,15000,75648,0.466005
Suite_13,Forward,0,7,1.98019,0.648551,0,0.072672,0.312736,2.68665,372.211,15000,73600,0.462275
Suite_13,Forward,0,8,1.96256,0.655168,0,0.072064,0.317824,2.669,374.673,15000,72320,0.431773
Suite_13,Forward,0,9,1.96945,0.660468,0,0.065856,0.305152,2.65987,375.958,15000,70400,0.422195
Suite_13,Forward,0,10,1.95535,0.635839,0,0.0672,0.305248,2.67035,374.483,15000,69248,0.42479
Suite_13,Forward,0,11,1.94289,0.666574,0,0.064352,0.303328,2.63279,379.825,15000,67840,0.422813
Suite_13,Forward,0,12,1.94444,0.645622,0,0.06464,0.30224,2.6501,377.345,15000,66304,0.423978
Suite_13,Forward,0,13,1.93006,0.638486,0,0.062816,0.32368,2.62952,380.297,15000,65152,0.426365
Suite_13,Forward,0,14,1.93131,0.634326,0,0.06064,0.299008,2.60607,383.719,15000,63232,0.399809
Suite_13,Forward,0,15,1.91706,0.609239,0,0.059392,0.29696,2.60234,384.269,15000,61312,0.354735
Suite_13,Forward,0,16,1.92148,0.662693,0,0.05584,0.294688,2.55991,390.638,15000,60160,0.356375
Suite_13,Forward,0,17,1.9222,0.621068,0,0.055296,0.293728,2.62454,381.02,15000,59136,0.359788
Suite_13,Forward,0,18,1.89844,0.599706,0,0.0512,0.290816,2.57855,387.815,15000,57728,0.291751
Suite_13,Forward,0,19,1.89543,0.62639,0,0.051424,0.290368,2.53169,394.993,15000,56960,0.29456
Suite_13,Forward,0,20,1.89516,0.662673,0,0.0512,0.292224,2.55572,391.279,15000,55680,0.293391
Suite_13,Forward,0,21,1.88563,0.655772,0,0.049408,0.313312,2.59347,385.583,15000,54784,0.295678
Suite_13,Forward,0,22,1.87546,0.671749,0,0.045152,0.284256,2.57389,388.516,15000,53376,0.292068
Suite_13,Forward,0,23,1.86787,0.661053,0,0.045504,0.28816,2.58099,387.448,15000,52224,0.28169
Suite_13,Forward,0,24,1.85793,0.65791,0,0.045056,0.292192,2.5607,390.519,15000,50816,0.278661
Suite_13,Forward,0,25,1.8604,0.646437,0,0.043072,0.280576,2.54929,392.267,15000,49408,0.272596
Suite_13,Forward,0,26,1.85233,0.653125,0,0.040448,0.280576,2.53964,393.756,15000,48256,0.267762
Suite_13,Forward,0,27,1.84595,0.657443,0,0.039296,0.277664,2.53509,394.464,15000,47232,0.261634
Suite_13,Forward,0,28,1.83995,0.634362,0,0.038496,0.276192,2.53535,394.423,15000,45440,0.256026
Suite_13,Forward,0,29,1.82362,0.639478,0,0.035968,0.298016,2.50511,399.184,15000,43520,0.236341
Suite_13,Forward,0,30,1.82006,0.661206,0,0.034816,0.273536,2.49224,401.246,15000,42240,0.228678
Suite_13,Forward,0,31,1.82128,0.642922,0,0.036864,0.274432,2.51154,398.162,15000,41216,0.206883
Suite_13,Forward,0,32,1.8081,0.620036,0,0.03488,0.294464,2.49235,401.228,15000,39936,0.185073
Suite_13,Forward,0,33,1.80507,0.615562,0,0.032768,0.269664,2.45678,407.037,15000,38784,0.181627
Suite_13,Forward,0,34,1.80053,0.602387,0,0.0312,0.268352,2.45008,408.149,15000,37632,0.176985
Suite_13,Forward,0,35,1.78722,0.600018,0,0.043008,0.278528,2.42961,411.588,15000,36864,0.173382
Suite_13,Forward,0,36,1.79609,0.661224,0,0.045056,0.274528,2.41413,414.227,15000,36480,0.174599
Suite_13,Forward,0,37,1.78485,0.638214,0,0.026976,0.264544,2.48817,401.902,15000,35968,0.174037
Suite_13,Forward,0,38,1.78456,0.656059,0,0.03184,0.277024,2.45043,408.092,15000,34816,0.172432
Suite_13,Forward,0,39,1.78385,0.667045,0,0.028832,0.263872,2.4692,404.99,15000,33280,0.153329
Suite_13,Forward,0,40,1.76936,0.585546,0,0.026624,0.262208,2.47743,403.644,15000,31744,0.137796
Suite_13,Forward,0,41,1.7537,0.612426,0,0.0264,0.26224,2.38042,420.094,15000,30848,0.135188
Suite_13,Forward,0,42,1.7599,0.601435,0,0.026624,0.265984,2.39319,417.852,15000,30720,0.136582
Suite_13,Forward,0,43,1.75027,0.604989,0,0.024576,0.262144,2.38627,419.065,15000,29696,0.128616
Suite_13,Forward,0,44,1.74343,0.609097,0,0.025024,0.265248,2.37928,420.295,15000,29312,0.127375
Suite_13,Forward,0,45,1.74427,0.595193,0,0.024576,0.259744,2.38766,418.821,15000,28160,0.122915
Suite_13,Forward,0,46,1.73289,0.587756,0,0.021312,0.2584,2.3644,422.941,15000,27520,0.11688
Suite_13,Forward,0,47,1.72193,0.619927,0,0.022496,0.256832,2.34288,426.825,15000,26112,0.113031
Suite_13,Forward,0,48,1.7253,0.597555,0,0.02144,0.258656,2.3658,422.69,15000,25088,0.10821
Suite_13,Forward,0,49,1.71919,0.599476,0,0.018432,0.253952,2.34696,426.083,15000,24320,0.106385
Suite_13,Forward,0,50,1.70209,0.592922,0,0.018816,0.253952,2.34111,427.148,15000,23168,0.100577
Suite_13,Forward,0,51,1.70686,0.588476,0,0.018432,0.255296,2.31744,431.51,15000,22528,0.0996472
Suite_13,Forward,0,52,1.6996,0.591596,0,0.018432,0.255808,2.31578,431.819,15000,21120,0.0954797
Suite_13,Forward,0,53,1.6883,0.595872,0,0.019936,0.255936,2.31399,432.155,15000,20224,0.0902484
Suite_13,Forward,0,54,1.69097,0.589299,0,0.014336,0.248512,2.30672,433.516,15000,19584,0.0889353
Suite_13,Forward,0,55,1.68699,0.579533,0,0.014336,0.249856,2.30011,434.761,15000,18944,0.0872281
Suite_13,Forward,0,56,1.68131,0.589776,0,0.013984,0.248416,2.28554,437.533,15000,18688,0.0861019
Suite_13,Forward,0,57,1.68703,0.619902,0,0.013792,0.249856,2.29291,436.128,15000,17920,0.0838269
Suite_13,Forward,0,58,1.67317,0.579385,0,0.013504,0.24672,2.32997,429.191,15000,17024,0.080332
Suite_13,Forward,0,59,1.66542,0.610227,0,0.012288,0.245632,2.27142,440.254,15000,15872,0.0769785
Suite_13,Forward,0,60,1.66622,0.595679,0,0.012032,0.24576,2.30785,433.303,15000,15232,0.0740431
Suite_13,Forward,0,61,1.65197,0.584542,0,0.011808,0.244736,2.28242,438.131,15000,14592,0.0660031
Suite_13,Forward,0,62,1.64472,0.586674,0,0.009088,0.243936,2.25576,443.31,15000,14080,0.0646791
Suite_13,Forward,0,63,1.64454,0.601049,0,0.009952,0.242304,2.25009,444.426,15000,13824,0.0647142
Suite_13,Forward,0,64,1.63636,0.57991,0,0.008832,0.241728,2.26396,441.704,15000,12800,0.0590765
Suite_13,Forward,0,65,1.63143,0.589695,0,0.01024,0.249792,2.23538,447.351,15000,11904,0.0554999
Suite_13,Forward,0,66,1.63237,0.602804,0,0.008736,0.24112,2.24059,446.311,15000,11392,0.0517921
Suite_13,Forward,0,67,1.62015,0.597758,0,0.008192,0.244832,2.25279,443.893,15000,11008,0.0515919
Suite_13,Forward,0,68,1.61176,0.617632,0,0.011296,0.25216,2.23441,447.545,15000,10752,0.0499708
Suite_13,Forward,0,69,1.61926,0.598327,0,0.008192,0.240896,2.25027,444.39,15000,10112,0.0475569
Suite_13,Forward,0,70,1.60799,0.577952,0,0.006912,0.23824,2.23569,447.29,15000,9088,0.0410992
Suite_13,Forward,0,71,1.60195,0.581418,0,0.00784,0.247808,2.20194,454.146,15000,8704,0.0405183
Suite_13,Forward,0,72,1.59729,0.592934,0,0.008064,0.239392,2.19974,454.599,15000,8064,0.0357085
Suite_13,Forward,0,73,1.59401,0.578594,0,0.005696,0.237088,2.20867,452.761,15000,7552,0.0333665
Suite_13,Forward,0,74,1.58816,0.578329,0,0.00576,0.256,2.1953,455.519,15000,6784,0.0299956
Suite_13,Forward,0,75,1.58952,0.601846,0,0.004192,0.234304,2.18152,458.396,15000,6400,0.0288258
Suite_13,Forward,0,76,1.58088,0.575934,0,0.00464,0.233632,2.20917,452.66,15000,6016,0.0282014
Suite_13,Forward,0,77,1.57316,0.576543,0,0.00464,0.233056,2.17351,460.084,15000,5632,0.0270388
Suite_13,Forward,0,78,1.56853,0.586979,0,0.004448,0.232832,2.16552,461.782,15000,5504,0.0267187
Suite_13,Forward,0,79,1.56963,0.58795,0,0.00432,0.23248,2.17194,460.417,15000,5248,0.0262446
Suite_13,Forward,0,80,1.56793,0.576709,0,0.002944,0.233344,2.17238,460.324,15000,4864,0.0238255
Suite_13,Forward,0,81,1.56586,0.587015,0,0.004128,0.231424,2.16054,462.847,15000,4352,0.0214263
Suite_13,Forward,0,82,1.56061,0.587495,0,0.004224,0.231328,2.16973,460.888,15000,4096,0.0213038
Suite_13,Forward,0,83,1.55254,0.579247,0,0.004096,0.23104,2.16351,462.212,15000,3968,0.0210322
Suite_13,Forward,0,84,1.5479,0.576063,0,0.005792,0.241664,2.14583,466.021,15000,3712,0.0201739
Suite_13,Forward,0,85,1.55334,0.593716,0,0.003904,0.231104,2.14106,467.059,15000,3584,0.0194055
Suite_13,Forward,0,86,1.5439,0.567842,0,0.004096,0.231296,2.16303,462.316,15000,3200,0.0169771
Suite_13,Forward,0,87,1.53734,0.569429,0,0.007104,0.243712,2.12535,470.51,15000,2688,0.0150964
Suite_13,Forward,0,88,1.5411,0.582624,0,0.004096,0.231008,2.12044,471.601,15000,2688,0.0152665
Suite_13,Forward,0,89,1.53275,0.573559,0,0.004096,0.229376,2.14,467.29,15000,2688,0.0154391
Suite_13,Forward,0,90,1.52754,0.574951,0,0.004096,0.228224,2.12101,471.473,15000,2560,0.0136569
Suite_13,Forward,0,91,1.5267,0.595125,0,0.005472,0.229824,2.11568,472.661,15000,2304,0.0125134
Suite_13,Forward,0,92,1.5237,0.574255,0,0.003552,0.228672,2.13698,467.95,15000,2176,0.0121731
Suite_13,Forward,0,93,1.51984,0.569228,0,0.002624,0.22736,2.11361,473.125,15000,1792,0.010323
Suite_13,Forward,0,94,1.51429,0.57629,0,0.003648,0.229216,2.1029,475.533,15000,1408,0.00830747
Suite_13,Forward,0,95,1.51849,0.587475,0,0.002976,0.225568,2.10415,475.252,15000,1280,0.00735487
Suite_13,Forward,0,96,1.52486,0.65535,0,0.003264,0.228704,2.1195,471.81,15000,1280,0.00743633
Suite_13,Forward,0,97,1.51864,0.606357,0,0.00288,0.237568,2.20085,454.37,15000,1280,0.00751893
Suite_13,Forward,0,98,1.51158,0.592781,0,0.003072,0.228384,2.14172,466.915,15000,1280,0.0076027
Suite_13,Forward,0,99,1.50454,0.572813,0,0.00208,0.227328,2.11914,471.889,15000,1152,0.00719059
Suite_13,Forward,0,100,1.50124,0.566742,0,0.002464,0.251904,2.09035,478.389,15000,1024,0.00633116
Suite_13,Forward,0,101,1.50041,0.590013,0,0.002048,0.22864,2.08348,479.967,15000,896,0.00562609
Suite_13,Forward,0,102,1.49829,0.572569,0,0.002016,0.225536,2.11039,473.845,15000,896,0.00569026
Suite_13,Forward,0,103,1.49886,0.58127,0,0.003296,0.226048,2.08419,479.804,15000,640,0.00396309
Suite_13,Forward,0,104,1.49188,0.591581,0,0.000672,0.227328,2.09408,477.538,15000,384,0.00263315
Suite_13,Forward,0,105,1.48954,0.568954,0,0.001408,0.22528,2.10018,476.15,15000,256,0.00152025
Suite_13,Forward,0,106,1.48335,0.569921,0,0.001664,0.227328,2.072,482.625,15000,256,0.00153818
Suite_13,Forward,0,107,1.48367,0.563716,0,0.001888,0.233824,2.06562,484.115,15000,128,0.00103802
Suite_13,Forward,0,108,1.48546,0.582163,0,0.001248,0.22528,2.05955,485.542,15000,128,0.0010508
Suite_13,Forward,0,109,1.46626,0.563095,0,0.001088,0.227104,2.08338,479.989,15000,0,0
Suite_13,Forward,0,110,1.4647,0.556676,0,0.001024,0.247808,2.04333,489.397,15000,0,0
Suite_13,Forward,0,111,1.46452,0.570023,0,0.00144,0.225472,2.03323,491.829,15000,0,0
Suite_13,Forward,0,112,1.46556,0.567006,0,0.000704,0.22528,2.04818,488.238,15000,0,0
Suite_13,Forward,0,113,1.4622,0.555832,0,0.001344,0.24576,2.04678,488.571,15000,0,0
Suite_13,Forward,0,114,1.45311,0.556644,0,0.002176,0.227328,2.03087,492.4,15000,0,0
Suite_13,Forward,0,115,1.45883,0.566447,0,0.002048,0.226464,2.02263,494.405,15000,0,0
Suite_13,Forward,0,116,1.45403,0.563061,0,0,0.227328,2.03838,490.585,15000,0,0
Suite_13,Forward,0,117,1.45097,0.556446,0,0.000896,0.23552,2.03105,492.355,15000,0,0
Suite_13,Forward,0,118,1.44513,0.569473,0,0.002048,0.22592,2.02046,494.936,15000,0,0
Suite_13,Forward,0,119,1.45247,0.562083,0,0.001024,0.225024,2.02817,493.056,15000,0,0
Suite_13,Forward,0,120,1.441,0.563134,0,0.001792,0.22528,2.03317,491.843,15000,0,0
Suite_13,Forward,0,121,1.44512,0.572901,0,0.001728,0.225536,2.0185,495.418,15000,0,0
Suite_13,Forward,0,122,1.44165,0.561472,0,0.000224,0.225888,2.0336,491.739,15000,0,0
Suite_13,Forward,0,123,1.43738,0.556699,0,0.001344,0.22528,2.01587,496.063,15000,0,0
Suite_13,Forward,0,124,1.4355,0.554153,0,0.00096,0.233792,2.00618,498.459,15000,0,0
Suite_13,Forward,0,125,1.43301,0.577699,0,0.000928,0.226688,2.00353,499.12,15000,0,0
Suite_13,Forward,0,126,1.4276,0.556895,0,0.000736,0.224864,2.02473,493.894,15000,0,0
Suite_13,Forward,0,127,1.42572,0.554359,0,0.002048,0.226752,1.99642,500.897,15000,0,0
Suite_13,Forward,0,128,1.42325,0.570186,0,0.001216,0.22528,1.99169,502.087,15000,0,0
Suite_13,Forward,0,129,1.42415,0.5574,0,0.00112,0.227104,2.00824,497.949,15000,0,0
Suite_13,Forward,0,130,1.41772,0.557852,0,0.001504,0.22448,1.99484,501.294,15000,0,0
Suite_13,Forward,0,131,1.42107,0.561157,0,0.001504,0.234624,1.995,501.254,15000,0,0
Suite_13,Forward,0,132,1.41463,0.584863,0,0.001024,0.226432,1.99467,501.336,15000,0,0
Suite_13,Forward,0,133,1.4146,0.555033,0,0.000864,0.225632,2.01491,496.301,15000,0,0
Suite_13,Forward,0,134,1.40845,0.554936,0,0.002048,0.226752,1.98327,504.218,15000,0,0
Suite_13,Forward,0,135,1.40905,0.56715,0,0.001792,0.225728,1.97535,506.24,15000,0,0
Suite_13,Forward,0,136,1.40555,0.55582,0,0.002048,0.22528,1.98948,502.643,15000,0,0
Suite_13,Forward,0,137,1.40776,0.556275,0,0.001152,0.22368,1.97541,506.225,15000,0,0
Suite_13,Forward,0,138,1.40776,0.567784,0,0.001664,0.233472,1.97718,505.771,15000,0,0
Suite_13,Forward,0,139,1.40166,0.566061,0,0.000608,0.226688,1.9878,503.069,15000,0,0
Suite_13,Forward,0,140,1.39872,0.557232,0,0.001216,0.22528,1.9808,504.846,15000,0,0
Suite_13,Forward,0,141,1.39755,0.55364,0,0.00176,0.225408,1.969,507.873,15000,0,0
Suite_13,Forward,0,142,1.39597,0.568895,0,0.001376,0.225664,1.9638,509.216,15000,0,0
Suite_13,Forward,0,143,1.39216,0.568052,0,0.001376,0.225728,1.97896,505.316,15000,0,0
Suite_13,Forward,0,144,1.38739,0.570442,0,0.000256,0.22528,1.97231,507.02,15000,0,0
Suite_13,Forward,0,145,1.39087,0.560817,0,0.000512,0.235136,1.97101,507.354,15000,0,0
Suite_13,Forward,0,146,1.38991,0.569961,0,0.000224,0.225472,1.96492,508.926,15000,0,0
Suite_13,Forward,0,147,1.38964,0.559032,0,0.001216,0.225632,1.97324,506.78,15000,0,0
Suite_13,Forward,0,148,1.38674,0.554363,0,0.001888,0.22576,1.96082,509.992,15000,0,0
Suite_13,Forward,0,149,1.38247,0.57311,0,0.001696,0.226528,1.95499,511.512,15000,0,0
Suite_13,Forward,0,150,1.38465,0.569281,0,0.000768,0.255392,1.96988,507.645,15000,0,0
Suite_13,Forward,0,151,1.38064,0.550372,0,0.000416,0.224864,1.96986,507.65,15000,0,0
Suite_13,Forward,0,152,1.37817,0.551083,0,0,0.235168,1.94316,514.627,15000,0,0
Suite_13,Forward,0,153,1.38794,0.590635,0,0.001568,0.225376,1.9426,514.774,15000,0,0
Suite_13,Forward,0,154,1.38179,0.55216,0,0.002048,0.226464,1.9962,500.953,15000,0,0
Suite_13,Forward,0,155,1.37925,0.558661,0,0.00144,0.225408,1.94633,513.788,15000,0,0
Suite_13,Forward,0,156,1.37296,0.56622,0,0.00048,0.226336,1.95036,512.727,15000,0,0
Suite_13,Forward,0,157,1.37273,0.564145,0,0.000416,0.25456,1.95519,511.459,15000,0,0
Suite_13,Forward,0,158,1.36915,0.553603,0,0.000736,0.224992,2.0012,499.7,15000,0,0
Suite_13,Forward,0,159,1.36935,0.549007,0,0.000512,0.239008,1.94053,515.322,15000,0,0
Suite_13,Forward,0,160,1.36423,0.566521,0,0.002048,0.22528,1.93016,518.091,15000,0,0
Suite_13,Forward,0,161,1.36418,0.557094,0,0.000512,0.22528,1.94608,513.854,15000,0,0
Suite_13,Forward,0,162,1.35844,0.553981,0,0.001632,0.247808,1.9346,516.903,15000,0,0
Suite_13,Forward,0,163,1.35653,0.56839,0,0.002048,0.227008,1.92476,519.545,15000,0,0
Suite_13,Forward,0,164,1.35273,0.686341,0,0.001728,0.245376,1.93918,515.682,15000,0,0
Suite_13,Forward,0,165,1.35252,0.557414,0,0.00096,0.22528,2.05459,486.715,15000,0,0
Suite_13,Forward,0,166,1.34962,0.563002,0,0.001856,0.24896,1.92315,519.981,15000,0,0
Suite_13,Forward,0,167,1.34943,0.576596,0,0.001696,0.225856,1.92437,519.651,15000,0,0
Suite_13,Forward,0,168,1.34869,0.555897,0,0,0.225824,1.93971,515.542,15000,0,0
Suite_13,Forward,0,169,1.34051,0.551795,0,0.001504,0.223232,1.91804,521.364,15000,0,0
Suite_13,Forward,0,170,1.34272,0.55966,0,0.001472,0.235264,1.90512,524.901,15000,0,0
Suite_13,Forward,0,171,1.34973,0.566386,0,0.001792,0.22528,1.91561,522.026,15000,0,0
Suite_13,Forward,0,172,1.34566,0.561153,0,0.0008,0.226176,1.92899,518.407,15000,0,0
Suite_13,Forward,0,173,1.3421,0.562244,0,0.000544,0.225088,1.92092,520.584,15000,0,0
Suite_13,Forward,0,174,1.34205,0.563039,0,0.001728,0.225728,1.91699,521.652,15000,0,0
Suite_13,Forward,0,175,1.33668,0.560043,0,0.001408,0.253952,1.91855,521.228,15000,0,0
Suite_13,Forward,0,176,1.33111,0.555854,0,0.000832,0.225344,1.9088,523.89,15000,0,0
Suite_13,Forward,0,177,1.32344,0.551536,0,0.001376,0.238048,1.89996,526.327,15000,0,0
Suite_13,Forward,0,178,1.33374,0.57023,0,0.001664,0.2264,1.88775,529.731,15000,0,0
Suite_13,Forward,0,179,1.32344,0.566871,0,0.000864,0.227328,1.91667,521.738,15000,0,0
Suite_13,Forward,0,180,1.32227,0.552125,0,0.001888,0.221952,1.9022,525.708,15000,0,0
Suite_13,Forward,0,181,1.32218,0.562881,0,0.00192,0.227232,1.88838,529.555,15000,0,0
Suite_13,Forward,0,182,1.33198,0.567626,0,0.000992,0.226112,1.89984,526.361,15000,0,0
Suite_13,Forward,0,183,1.31679,0.552833,0,0.001472,0.225248,1.91206,522.997,15000,0,0
Suite_13,Forward,0,184,1.32312,0.549342,0,0.000544,0.22528,1.88182,531.4,15000,0,0
Suite_13,Forward,0,185,1.31995,0.573144,0,0.001632,0.226816,1.88576,530.292,15000,0,0
Suite_13,Forward,0,186,1.31157,0.568895,0,0.002048,0.251744,1.90714,524.346,15000,0,0
Suite_13,Forward,0,187,1.30655,0.552307,0,0.002048,0.225376,1.89715,527.106,15000,0,0
Suite_13,Forward,0,188,1.31199,0.557364,0,0,0.237568,1.87079,534.534,15000,0,0
Suite_13,Forward,0,189,1.30855,0.570504,0,0.002048,0.22592,1.88271,531.149,15000,0,0
Suite_13,Forward,0,190,1.30624,0.550505,0,0.001632,0.227264,1.89375,528.053,15000,0,0
Suite_13,Forward,0,191,1.31032,0.55623,0,0.000672,0.223136,1.86882,535.098,15000,0,0
Suite_13,Forward,0,192,1.30466,0.567102,0,0.000352,0.235488,1.87831,532.393,15000,0,0
Suite_13,Forward,0,193,1.30571,0.561909,0,0.002048,0.225152,1.88708,529.92,15000,0,0
Suite_13,Forward,0,194,1.30647,0.5578,0,0.002048,0.22528,1.8809,531.66,15000,0,0
Suite_13,Forward,0,195,1.30279,0.552943,0,0.002048,0.225952,1.87618,532.998,15000,0,0
Suite_13,Forward,0,196,1.29636,0.568779,0,0.001536,0.227328,1.86728,535.538,15000,0,0
Suite_13,Forward,0,197,1.29687,0.618642,0,0.002048,0.248832,1.88045,531.787,15000,0,0
Suite_13,Forward,0,198,1.29551,0.548592,0,0.003072,0.223776,1.92871,518.48,15000,0,0
Suite_13,Forward,0,199,1.29157,0.558812,0,0.00176,0.24784,1.8564,538.678,15000,0,0
Suite_13,Forward,0,200,1.29736,0.564937,0,0.000352,0.22656,1.86201,537.054,15000,0,0
Suite_13,Forward,0,201,1.29022,0.551424,0,0.002048,0.226304,1.8769,532.792,15000,0,0
Suite_13,Forward,0,202,1.28743,0.553269,0,0.001216,0.224768,1.85479,539.145,15000,0,0
Suite_13,Forward,0,203,1.28346,0.561637,0,0.002048,0.23616,1.85243,539.832,15000,0,0
Suite_13,Forward,0,204,1.2857,0.564468,0,0.002048,0.22624,1.8574,538.388,15000,0,0
Suite_13,Forward,0,205,1.28319,0.554395,0,0.001792,0.226208,1.86427,536.404,15000,0,0
Suite_13,Forward,0,206,1.28373,0.568695,0,0.001568,0.245824,1.85534,538.984,15000,0,0
Suite_13,Forward,0,207,1.28159,0.580146,0,0.000448,0.226656,1.86602,535.9,15000,0,0
Suite_13,Forward,0,208,1.28469,0.565337,0,0.003264,0.22608,1.87582,533.101,15000,0,0
Suite_13,Forward,0,209,1.27445,0.555925,0,0.001504,0.229568,1.86508,536.169,15000,0,0
Suite_13,Forward,0,210,1.2729,0.555184,0,0.002048,0.225728,1.84324,542.522,15000,0,0
Suite_13,Forward,0,211,1.27117,0.563198,0,0.000224,0.225568,1.84003,543.469,15000,0,0
Suite_13,Forward,0,212,1.27374,0.593588,0,0.002048,0.2496,1.84715,541.373,15000,0,0
Suite_13,Forward,0,213,1.26821,0.551505,0,0.003776,0.226944,1.88163,531.455,15000,0,0
Suite_13,Forward,0,214,1.26467,0.548642,0,0.002048,0.242048,1.83255,545.686,15000,0,0
Suite_13,Forward,0,215,1.26349,0.570632,0,0.001792,0.227328,1.82497,547.955,15000,0,0
Suite_13,Forward,0,216,1.26135,0.559552,0,0.001856,0.227328,1.85412,539.34,15000,0,0
Suite_13,Forward,0,217,1.25808,0.552401,0,0.001632,0.225056,1.83532,544.864,15000,0,0
Suite_13,Forward,0,218,1.25901,0.558575,0,0.002816,0.23712,1.82364,548.355,15000,0,0
Suite_13,Forward,0,219,1.25858,0.560044,0,0.003584,0.22736,1.83051,546.296,15000,0,0
Suite_13,Forward,0,220,1.25886,0.560092,0,0.002272,0.227328,1.83082,546.203,15000,0,0
Suite_13,Forward,0,221,1.2506,0.555877,0,0.002048,0.223296,1.83241,545.729,15000,0,0
Suite_13,Forward,0,222,1.2529,0.555526,0,0.000928,0.230016,1.81946,549.614,15000,0,0
Suite_13,Forward,0,223,1.25199,0.567685,0,0.00096,0.22656,1.82033,549.352,15000,0,0
Suite_13,Forward,0,224,1.24472,0.557651,0,0.001824,0.227328,1.83215,545.808,15000,0,0
Suite_13,Forward,0,225,1.24854,0.548518,0,0.002048,0.228512,1.81562,550.775,15000,0,0
Suite_13,Forward,0,226,1.25302,0.577499,0,0.002048,0.228832,1.80959,552.61,15000,0,0
Suite_13,Forward,0,227,1.24308,0.561161,0,0.001888,0.227328,1.84398,542.305,15000,0,0
Suite_13,Forward,0,228,1.24224,0.55525,0,0.002496,0.227328,1.8162,550.601,15000,0,0
Suite_13,Forward,0,229,1.23719,0.552743,0,0.00336,0.22736,1.81116,552.132,15000,0,0
Suite_13,Forward,0,230,1.23547,0.558611,0,0.002496,0.22688,1.80239,554.817,15000,0,0
Suite_13,Forward,0,231,1.24098,0.780431,0,0.002464,0.257184,1.80699,553.406,15000,0,0
Suite_13,Forward,0,232,1.23937,0.552506,0,0.001984,0.2256,2.03387,491.674,15000,0,0
Suite_13,Forward,0,233,1.2324,0.56644,0,0.002048,0.23968,1.80528,553.93,15000,0,0
Suite_13,Forward,0,234,1.23631,0.564093,0,0.002048,0.225888,1.8124,551.755,15000,0,0
Suite_13,Forward,0,235,1.23073,0.559226,0,0.002048,0.227328,1.81391,551.296,15000,0,0
Suite_13,Forward,0,236,1.22539,0.553005,0,0.003808,0.226464,1.80242,554.81,15000,0,0
Suite_13,Forward,0,237,1.22669,0.558224,0,0.001856,0.240864,1.79162,558.155,15000,0,0
Suite_13,Forward,0,238,1.2322,0.564948,0,0.002048,0.226048,1.79921,555.8,15000,0,0
Suite_13,Forward,0,239,1.22663,0.557337,0,0.002944,0.226784,1.80925,552.716,15000,0,0
Suite_13,Forward,0,240,1.22177,0.562672,0,0.0032,0.224608,1.79558,556.922,15000,0,0
Suite_13,Forward,0,241,1.22144,0.549895,0,0.00304,0.235488,1.79777,556.245,15000,0,0
Suite_13,Forward,0,242,1.22451,0.562967,0,0.003936,0.22848,1.78416,560.488,15000,0,0
Suite_13,Forward,0,243,1.22447,0.554118,0,0.002592,0.227328,1.80114,555.205,15000,0,0
Suite_13,Forward,0,244,1.21815,0.556512,0,0.002048,0.249216,1.7967,556.575,15000,0,0
Suite_13,Forward,0,245,1.21771,0.566017,0,0.004096,0.231712,1.7896,558.785,15000,0,0
Suite_13,Forward,0,246,1.2165,0.555895,0,0.002592,0.227328,1.79885,555.912,15000,0,0
Suite_13,Forward,0,247,1.21796,0.561901,0,0.002048,0.226304,1.785,560.225,15000,0,0
Suite_13,Forward,0,248,1.21201,0.556734,0,0.00368,0.227168,1.79165,558.143,15000,0,0
Suite_13,Forward,0,249,1.21201,0.566831,0,0.004096,0.227616,1.78278,560.922,15000,0,0
Suite_13,Forward,0,250,1.21446,0.562373,0,0.002656,0.227328,1.79298,557.731,15000,0,0
Suite_13,Forward,0,251,1.20609,0.553128,0,0.003808,0.227552,1.7893,558.879,15000,0,0
Suite_13,Forward,0,252,1.20852,0.548253,0,0.004608,0.227328,1.77093,564.676,15000,0,0
Suite_13,Forward,0,253,1.22587,0.643415,0,0.002784,0.227008,1.77003,564.961,15000,0,0
Suite_13,Forward,0,254,1.20952,0.579495,0,0.004096,0.227392,1.88765,529.758,15000,0,0
Suite_13,Forward,0,255,1.20275,0.554628,0,0.00384,0.22816,1.80277,554.701,15000,0,0
Suite_13,Forward,0,256,1.19777,0.551353,0,0.00336,0.228128,1.7689,565.325,15000,0,0
Suite_13,Forward,0,257,1.20673,0.566169,0,0.004064,0.2288,1.7625,567.375,15000,0,0
Suite_13,Forward,0,258,1.19939,0.562156,0,0.004096,0.253664,1.78763,559.399,15000,0,0
Suite_13,Forward,0,259,1.19162,0.565672,0,0.003872,0.227584,1.77389,563.733,15000,0,0
Suite_13,Forward,0,260,1.19142,0.551233,0,0.00288,0.249568,1.76921,565.223,15000,0,0
Suite_13,Forward,0,261,1.2002,0.599825,0,0.003904,0.227584,1.75636,569.359,15000,0,0
Suite_13,Forward,0,262,1.1937,0.607942,0,0.004096,0.250848,1.81776,550.129,15000,0,0
Suite_13,Forward,0,263,1.19397,0.558098,0,0.005568,0.229376,1.8146,551.086,15000,0,0
Suite_13,Forward,0,264,1.18588,0.553891,0,0.005888,0.241664,1.76439,566.768,15000,0,0
Suite_13,Forward,0,265,1.19035,0.566228,0,0.003776,0.229184,1.75346,570.3,15000,0,0
Suite_13,Forward,0,266,1.19001,0.564494,0,0.004192,0.229152,1.7711,564.619,15000,0,0
Suite_13,Forward,0,267,1.18431,0.554257,0,0.003968,0.227264,1.76703,565.921,15000,0,0
Suite_13,Forward,0,268,1.18147,0.558957,0,0.004128,0.239168,1.75055,571.249,15000,0,0
Suite_13,Forward,0,269,1.18379,0.562614,0,0.002112,0.230432,1.75478,569.873,15000,0,0
Suite_13,Forward,0,270,1.1846,0.550825,0,0.002688,0.228768,1.76005,568.167,15000,0,0
Suite_13,Forward,0,271,1.17905,0.554115,0,0.003936,0.227328,1.74762,572.208,15000,0,0
Suite_13,Forward,0,272,1.17621,0.559021,0,0.006016,0.238304,1.74487,573.11,15000,0,0
Suite_13,Forward,0,273,1.18013,0.568861,0,0.00288,0.229408,1.75665,569.267,15000,0,0
Suite_13,Forward,0,274,1.18189,0.549515,0,0.002048,0.230944,1.76239,567.41,15000,0,0
Suite_13,Forward,0,275,1.17387,0.553221,0,0.002272,0.230496,1.74346,573.572,15000,0,0
Suite_13,Forward,0,276,1.1776,0.562184,0,0.006144,0.242336,1.7387,575.143,15000,0,0
Suite_13,Forward,0,277,1.17653,0.560403,0,0.0032,0.231424,1.7551,569.767,15000,0,0
Suite_13,Forward,0,278,1.17381,0.556846,0,0.002048,0.229824,1.75085,571.15,15000,0,0
Suite_13,Forward,0,279,1.17246,0.565436,0,0.004096,0.227328,1.74286,573.769,15000,0,0
Suite_13,Forward,0,280,1.16941,0.557458,0,0.003648,0.239616,1.75002,571.421,15000,0,0
Suite_13,Forward,0,281,1.17,0.560299,0,0.004256,0.229376,1.74164,574.172,15000,0,0
Suite_13,Forward,0,282,1.1673,0.555671,0,0.005984,0.22944,1.74389,573.431,15000,0,0
Suite_13,Forward,0,283,1.16501,0.551434,0,0.00288,0.228032,1.73522,576.295,15000,0,0
Suite_13,Forward,0,284,1.16804,0.559237,0,0.004032,0.240352,1.72818,578.642,15000,0,0
Suite_13,Forward,0,285,1.16836,0.556982,0,0.004096,0.22912,1.74189,574.088,15000,0,0
Suite_13,Forward,0,286,1.16687,0.5637,0,0.003296,0.229376,1.73899,575.046,15000,0,0
Suite_13,Forward,0,287,1.1678,0.552839,0,0.002912,0.228768,1.7427,573.823,15000,0,0
Suite_13,Forward,0,288,1.16312,0.561453,0,0.004352,0.238432,1.73249,577.203,15000,0,0
Suite_13,Forward,0,289,1.16807,0.567935,0,0.003968,0.231136,1.7398,574.778,15000,0,0
Suite_13,Forward,0,290,1.1666,0.558221,0,0.003968,0.230688,1.75083,571.157,15000,0,0
Suite_13,Forward,0,291,1.16059,0.552628,0,0.002912,0.228096,1.73696,575.718,15000,0,0
Suite_13,Forward,0,292,1.16117,0.562994,0,0.005664,0.240224,1.72535,579.593,15000,0,0
Suite_13,Forward,0,293,1.16768,0.577926,0,0.004096,0.23056,1.74158,574.191,15000,0,0
Suite_13,Forward,0,294,1.15899,0.55758,0,0.004096,0.229504,1.7595,568.343,15000,0,0
Suite_13,Forward,0,295,1.15392,0.553545,0,0.004288,0.22864,1.7284,578.571,15000,0,0
Suite_13,Forward,0,296,1.15527,0.549407,0,0.004736,0.241568,1.71916,581.68,15000,0,0
Suite_13,Forward,0,297,1.16218,0.569342,0,0.004096,0.231264,1.71763,582.197,15000,0,0
Suite_13,Forward,0,298,1.1543,0.556569,0,0.004096,0.230336,1.74592,572.764,15000,0,0
Suite_13,Forward,0,299,1.14936,0.554899,0,0.004096,0.229376,1.72314,580.335,15000,0,0
Suite_13,Forward,0,300,1.15169,0.557065,0,0.004736,0.2416,1.71609,582.719,15000,0,0
Suite_13,Forward,0,301,1.15573,0.569627,0,0.005152,0.23136,1.7288,578.436,15000,0,0
Suite_13,Forward,0,302,1.14832,0.556345,0,0.004608,0.231648,1.73921,574.973,15000,0,0
Suite_13,Forward,0,303,1.1492,0.547696,0,0.005536,0.232832,1.71699,582.416,15000,0,0
Suite_13,Forward,0,304,1.15422,0.552957,0,0.005408,0.243648,1.7086,585.273,15000,0,0
Suite_13,Forward,0,305,1.14725,0.57251,0,0.005216,0.233376,1.72214,580.672,15000,0,0
Suite_13,Forward,0,306,1.14733,0.563464,0,0.005184,0.23232,1.73401,576.698,15000,0,0
Suite_13,Forward,0,307,1.1485,0.548353,0,0.005856,0.23552,1.72256,580.532,15000,0,0
Suite_13,Forward,0,308,1.14741,0.553161,0,0.005824,0.24576,1.70868,585.247,15000,0,0
Suite_13,Forward,0,309,1.14688,0.565891,0,0.0056,0.232288,1.71414,583.382,15000,0,0
Suite_13,Forward,0,310,1.14332,0.552224,0,0.006048,0.266336,1.72657,579.182,15000,0,0
Suite_13,Forward,0,311,1.14658,0.552608,0,0.005504,0.231584,1.70747,585.663,15000,0,0
Suite_13,Forward,0,312,1.14466,0.553014,0,0.006272,0.247424,1.71122,584.379,15000,0,0
Suite_13,Forward,0,313,1.14813,0.568729,0,0.006144,0.233728,1.71129,584.353,15000,0,0
Suite_13,Forward,0,314,1.14617,0.567043,0,0.004672,0.268,1.73181,577.432,15000,0,0
Suite_13,Forward,0,315,1.14518,0.552904,0,0.005536,0.231776,1.72616,579.319,15000,0,0
Suite_13,Forward,0,316,1.14181,0.554277,0,0.006976,0.251104,1.71027,584.704,15000,0,0
Suite_13,Forward,0,317,1.14368,0.565887,0,0.006304,0.237568,1.71039,584.662,15000,0,0
Suite_13,Forward,0,318,1.14339,0.552858,0,0.006144,0.258176,1.73059,577.838,15000,0,0
Suite_13,Forward,0,319,1.14303,0.579378,0,0.007328,0.240224,1.70883,585.196,15000,0,0
Suite_13,Forward,0,320,1.14273,0.559051,0,0.006144,0.259808,1.73507,576.346,15000,0,0
Suite_13,Forward,0,321,1.14305,0.564307,0,0.006144,0.23616,1.7154,582.953,15000,0,0
Suite_13,Forward,0,322,1.14549,0.552419,0,0.006048,0.264096,1.7214,580.923,15000,0,0
Suite_13,Forward,0,323,1.14194,0.556927,0,0.006144,0.237568,1.71056,584.606,15000,0,0
Suite_13,Forward,0,324,1.13809,0.551285,0,0.005984,0.258144,1.71124,584.37,15000,0,0
Suite_13,Forward,0,325,1.14157,0.557089,0,0.007232,0.23712,1.70316,587.143,15000,0,0
Suite_13,Forward,0,326,1.14008,0.850317,0,0.006464,0.269568,1.71261,583.905,15000,0,0
Suite_13,Forward,0,327,1.1361,0.557769,0,0.0072,0.237568,2.00321,499.199,15000,0,0
Suite_13,Forward,0,328,1.13719,0.555666,0,0.0072,0.241952,1.70594,586.188,15000,0,0
Suite_13,Forward,0,329,1.13963,0.568834,0,0.006144,0.23552,1.70692,585.85,15000,0,0
Suite_13,Forward,0,330,1.1399,0.553824,0,0.007712,0.26864,1.7293,578.269,15000,0,0
Suite_13,Forward,0,331,1.13407,0.55411,0,0.006144,0.237568,1.70601,586.163,15000,0,0
Suite_13,Forward,0,332,1.13493,0.564823,0,0.00704,0.260096,1.70027,588.142,15000,0,0
Suite_13,Forward,0,333,1.14299,0.56176,0,0.00656,0.239072,1.71298,583.777,15000,0,0
Suite_13,Forward,0,334,1.13569,0.558889,0,0.006816,0.268288,1.71885,581.785,15000,0,0
Suite_13,Forward,0,335,1.13395,0.559957,0,0.006272,0.237504,1.70686,585.872,15000,0,0
Suite_13,Forward,0,336,1.1332,0.54903,0,0.008384,0.264,1.70578,586.243,15000,0,0
Suite_13,Forward,0,337,1.13719,0.561596,0,0.008096,0.237568,1.69521,589.896,15000,0,0
Suite_13,Forward,0,338,1.13384,0.56136,0,0.008192,0.2392,1.71286,583.82,15000,0,0
Suite_13,Forward,0,339,1.13844,0.556661,0,0.00816,0.2392,1.70782,585.542,15000,0,0
Suite_13,Forward,0,340,1.13954,0.549735,0,0.00816,0.238272,1.7065,585.996,15000,0,0
Suite_13,Forward,0,341,1.12876,0.571377,0,0.008032,0.237568,1.70415,586.802,15000,0,0
Suite_13,Forward,0,342,1.13861,0.861343,0,0.008192,0.274432,1.71497,583.101,15000,0,0
Suite_13,Forward,0,343,1.14024,0.55976,0,0.008224,0.23776,2.01335,496.684,15000,0,0
Suite_13,Forward,0,344,1.1301,0.567252,0,0.008,0.262144,1.71189,584.148,15000,0,0
Suite_13,Forward,0,345,1.13964,0.57685,0,0.009824,0.24496,1.71079,584.526,15000,0,0
Suite_13,Forward,0,346,1.13536,0.559658,0,0.008448,0.268256,1.73135,577.585,15000,0,0
Suite_13,Forward,0,347,1.1384,0.552683,0,0.008608,0.241664,1.70786,585.529,15000,0,0
Suite_13,Forward,0,348,1.13982,0.548327,0,0.008288,0.260256,1.7033,587.094,15000,0,0
Suite_13,Forward,0,349,1.1342,0.572129,0,0.008192,0.240576,1.70202,587.538,15000,0,0
Suite_13,Forward,0,350,1.13885,0.575138,0,0.0088,0.243104,1.72073,581.148,15000,0,0
Suite_13,Forward,0,351,1.13907,0.552273,0,0.009152,0.242912,1.72808,578.678,15000,0,0
Suite_13,Forward,0,352,1.13885,0.553956,0,0.01024,0.24576,1.7036,586.993,15000,0,0
Suite_13,Forward,0,353,1.13108,0.565954,0,0.009984,0.242048,1.70672,585.92,15000,0,0
Suite_13,Forward,0,354,1.1377,0.556292,0,0.010528,0.243712,1.71185,584.164,15000,0,0
Suite_13,Forward,0,355,1.14158,0.549189,0,0.01024,0.242304,1.70689,585.86,15000,0,0
Suite_13,Forward,0,356,1.13051,0.552798,0,0.01024,0.243488,1.70273,587.294,15000,0,0
Suite_13,Forward,0,357,1.13708,0.562181,0,0.010784,0.243712,1.6979,588.963,15000,0,0
Suite_13,Forward,0,358,1.13345,0.578081,0,0.011392,0.245856,1.72283,580.44,15000,0,0
Suite_13,Forward,0,359,1.13218,0.563085,0,0.011648,0.243872,1.72501,579.707,15000,0,0
Suite_13,Forward,0,360,1.13101,0.553043,0,0.011008,0.245568,1.70741,585.682,15000,0,0
Suite_13,Forward,0,361,1.13552,0.551381,0,0.011872,0.24576,1.69799,588.931,15000,0,0
Suite_13,Forward,0,362,1.13692,0.560247,0,0.01024,0.242688,1.70074,587.978,15000,0,0
Suite_13,Forward,0,363,1.13361,0.554864,0,0.013312,0.249248,1.70956,584.946,15000,0,0
Suite_13,Forward,0,364,1.13619,0.558108,0,0.011616,0.243712,1.70017,588.177,15000,0,0
Suite_13,Forward,0,365,1.14008,0.56171,0,0.011968,0.243712,1.70751,585.649,15000,0,0
Suite_13,Forward,0,366,1.13688,0.559366,0,0.010368,0.244,1.71626,582.662,15000,0,0
Suite_13,Forward,0,367,1.13486,0.562241,0,0.012288,0.249984,1.70872,585.233,15000,0,0
Suite_13,Forward,0,368,1.13276,0.551026,0,0.013632,0.249856,1.70919,585.072,15000,0,0
Suite_13,Forward,0,369,1.1353,0.559532,0,0.013056,0.24576,1.69734,589.158,15000,0,0
Suite_13,Forward,0,370,1.14147,0.562708,0,0.012128,0.24576,1.70926,585.049,15000,0,0
Suite_13,Forward,0,371,1.1377,0.560219,0,0.012288,0.24496,1.71742,582.268,15000,0,0
Suite_13,Forward,0,372,1.13733,0.54992,0,0.013216,0.249632,1.70955,584.948,15000,0,0
Suite_13,Forward,0,373,1.13085,0.55933,0,0.012896,0.247776,1.70148,587.722,15000,0,0
Suite_13,Forward,0,374,1.1377,0.565143,0,0.013248,0.247008,1.70412,586.812,15000,0,0
Suite_13,Forward,0,375,1.1318,0.550817,0,0.01312,0.249088,1.71519,583.025,15000,0,0
Suite_13,Forward,0,376,1.13446,0.552442,0,0.014432,0.270976,1.69438,590.187,15000,0,0
Suite_13,Forward,0,377,1.13617,0.564068,0,0.013248,0.247136,1.70006,588.213,15000,0,0
Suite_13,Forward,0,378,1.14257,0.591853,0,0.0144,0.2472,1.71494,583.111,15000,0,0
Suite_13,Forward,0,379,1.13474,0.552791,0,0.015904,0.249824,1.74836,571.966,15000,0,0
Suite_13,Forward,0,380,1.13299,0.554357,0,0.015168,0.274432,1.70005,588.219,15000,0,0
Suite_13,Forward,0,381,1.13758,0.563911,0,0.014336,0.248192,1.70074,587.981,15000,0,0
Suite_13,Forward,0,382,1.13835,0.560731,0,0.014336,0.249856,1.71537,582.966,15000,0,0
Suite_13,Forward,0,383,1.13454,0.554662,0,0.014592,0.24832,1.71166,584.228,15000,0,0
Suite_13,Forward,0,384,1.13382,0.559266,0,0.015872,0.249856,1.70114,587.841,15000,0,0
Suite_13,Forward,0,385,1.13969,0.562244,0,0.016384,0.250848,1.70723,585.745,15000,0,0
Suite_13,Forward,0,386,1.14358,0.562582,0,0.015808,0.24944,1.71601,582.749,15000,0,0
Suite_13,Forward,0,387,1.13381,0.565053,0,0.014528,0.24976,1.72369,580.15,15000,0,0
Suite_13,Forward,0,388,1.12999,0.551557,0,0.016384,0.251808,1.71128,584.359,15000,0,0
Suite_13,Forward,0,389,1.13181,0.558073,0,0.01808,0.262528,1.69627,589.527,15000,0,0
Suite_13,Forward,0,390,1.14108,0.563745,0,0.017856,0.254976,1.70378,586.931,15000,0,0
Suite_13,Forward,0,391,1.13141,0.563593,0,0.016384,0.249984,1.71781,582.136,15000,0,0
Suite_13,Forward,0,392,1.12752,0.548159,0,0.017024,0.254368,1.70669,585.928,15000,0,0
Suite_13,Forward,0,393,1.13334,0.560444,0,0.016416,0.262304,1.68905,592.047,15000,0,0
Suite_13,Forward,0,394,1.12913,0.566622,0,0.016832,0.252064,1.70788,585.521,15000,0,0
Suite_13,Forward,0,395,1.13143,0.55024,0,0.018432,0.255168,1.70877,585.216,15000,0,0
Suite_13,Forward,0,396,1.1404,0.547136,0,0.018272,0.256,1.69383,590.379,15000,0,0
Suite_13,Forward,0,397,1.13414,0.562909,0,0.018432,0.258048,1.70159,587.684,15000,0,0
Suite_13,Forward,0,398,1.14212,0.570472,0,0.016672,0.253472,1.71116,584.398,15000,0,0
Suite_13,Forward,0,399,1.13143,0.552511,0,0.016928,0.282592,1.72542,579.568,15000,0,0
Suite_13,Forward,0,400,1.1322,0.578097,0,0.018432,0.258112,1.69617,589.564,15000,0,0
Suite_13,Forward,0,401,1.13554,0.559451,0,0.025024,0.272448,1.72368,580.155,15000,0,0
Suite_13,Forward,0,402,1.13288,0.564849,0,0.019712,0.253952,1.70919,585.072,15000,0,0
Suite_13,Forward,0,403,1.14123,0.554188,0,0.018432,0.285472,1.71053,584.612,15000,0,0
Suite_13,Forward,0,404,1.13652,0.557877,0,0.018944,0.254048,1.70804,585.467,15000,0,0
Suite_13,Forward,0,405,1.13375,0.555101,0,0.020128,0.271136,1.70869,585.244,15000,0,0
Suite_13,Forward,0,406,1.13552,0.561358,0,0.019488,0.257248,1.70142,587.745,15000,0,0
Suite_13,Forward,0,407,1.13594,0.577179,0,0.02048,0.288448,1.70978,584.869,15000,0,0
Suite_13,Forward,0,408,1.13701,0.552178,0,0.020064,0.253952,1.72534,579.595,15000,0,0
Suite_13,Forward,0,409,1.13557,0.557397,0,0.018816,0.277856,1.70239,587.41,15000,0,0
Suite_13,Forward,0,410,1.13754,0.57869,0,0.019936,0.256448,1.70687,585.866,15000,0,0
Suite_13,Forward,0,411,1.13371,0.560001,0,0.019008,0.285696,1.73042,577.896,15000,0,0
Suite_13,Forward,0,412,1.13488,0.553898,0,0.022528,0.260576,1.70581,586.232,15000,0,0
Suite_13,Forward,0,413,1.13723,0.552878,0,0.02048,0.2576,1.70193,587.567,15000,0,0
Suite_13,Forward,0,414,1.13194,0.561127,0,0.022528,0.26064,1.70297,587.21,15000,0,0
Suite_13,Forward,0,415,1.13772,0.901058,0,0.022528,0.293248,1.71185,584.164,15000,0,0
Suite_13,Forward,0,416,1.13619,0.565117,0,0.020576,0.257984,2.05188,487.358,15000,0,0
Suite_13,Forward,0,417,1.13775,0.552151,0,0.032064,0.267648,1.7145,583.262,15000,0,0
Suite_13,Forward,0,418,1.13694,0.561173,0,0.022272,0.259616,1.70256,587.35,15000,0,0
Suite_13,Forward,0,419,1.13846,0.588135,0,0.022304,0.291584,1.71184,584.168,15000,0,0
Suite_13,Forward,0,420,1.13295,0.560304,0,0.024576,0.262528,1.73901,575.041,15000,0,0
Suite_13,Forward,0,421,1.13637,0.551267,0,0.022816,0.284224,1.70733,585.71,15000,0,0
Suite_13,Forward,0,422,1.13908,0.570511,0,0.021184,0.260096,1.70105,587.873,15000,0,0
Suite_13,Forward,0,423,1.13338,0.587936,0,0.022688,0.29696,1.72357,580.191,15000,0,0
Suite_13,Forward,0,424,1.13784,0.551436,0,0.024,0.26528,1.73355,576.85,15000,0,0
Suite_13,Forward,0,425,1.13192,0.550151,0,0.02336,0.284672,1.70242,587.4,15000,0,0
Suite_13,Forward,0,426,1.13589,0.561691,0,0.024576,0.26624,1.69455,590.126,15000,0,0
Suite_13,Forward,0,427,1.15372,0.637925,0,0.024576,0.263872,1.71019,584.732,15000,0,0
Suite_13,Forward,0,428,1.14058,0.569578,0,0.024832,0.270304,1.80805,553.083,15000,0,0
Suite_13,Forward,0,429,1.1406,0.548342,0,0.022976,0.278688,1.7254,579.575,15000,0,0
Suite_13,Forward,0,430,1.13354,0.575615,0,0.02336,0.262144,1.70182,587.607,15000,0,0
Suite_13,Forward,0,431,1.1331,0.914026,0,0.023968,0.289216,1.72253,580.54,15000,0,0
Suite_13,Forward,0,432,1.13354,0.554438,0,0.025376,0.268288,2.05952,485.549,15000,0,0
Suite_13,Forward,0,433,1.13717,0.55089,0,0.034336,0.284672,1.70129,587.79,15000,0,0
Suite_13,Forward,0,434,1.14092,0.568189,0,0.024576,0.264,1.7014,587.751,15000,0,0
Suite_13,Forward,0,435,1.13381,0.562351,0,0.026304,0.290848,1.7222,580.651,15000,0,0
Suite_13,Forward,0,436,1.13616,0.568227,0,0.024736,0.262496,1.70865,585.259,15000,0,0
Suite_13,Forward,0,437,1.14076,0.554436,0,0.028672,0.289792,1.71995,581.411,15000,0,0
Suite_13,Forward,0,438,1.13624,0.578441,0,0.026048,0.263776,1.70833,585.368,15000,0,0
Suite_13,Forward,0,439,1.13886,0.575974,0,0.02608,0.298688,1.72829,578.607,15000,0,0
Suite_13,Forward,0,440,1.1293,0.565191,0,0.025344,0.264192,1.77863,562.232,15000,0,0
Suite_13,Forward,0,441,1.13392,0.555866,0,0.025248,0.28624,1.7081,585.447,15000,0,0
Suite_13,Forward,0,442,1.13857,0.566985,0,0.026144,0.264608,1.70277,587.278,15000,0,0
Suite_13,Forward,0,443,1.1287,0.594868,0,0.025408,0.294816,1.72633,579.262,15000,0,0
Suite_13,Forward,0,444,1.12769,0.550479,0,0.026624,0.268288,1.73606,576.018,15000,0,0
Suite_13,Forward,0,445,1.14082,0.554945,0,0.026624,0.290688,1.69562,589.757,15000,0,0
Suite_13,Forward,0,446,1.13514,0.566065,0,0.026976,0.269568,1.70861,585.269,15000,0,0
Suite_13,Forward,0,447,1.13959,0.877572,0,0.027712,0.299008,1.71409,583.401,15000,0,0
Suite_13,Forward,0,448,1.13241,0.551927,0,0.028576,0.270944,2.02991,492.631,15000,0,0
Suite_13,Forward,0,449,1.13822,0.565507,0,0.035968,0.2896,1.69867,588.695,15000,0,0
Suite_13,Forward,0,450,1.13647,0.569296,0,0.026912,0.26736,1.71741,582.272,15000,0,0
Suite_13,Forward,0,451,1.13712,0.55322,0,0.026624,0.303104,1.71962,581.523,15000,0,0
Suite_13,Forward,0,452,1.13871,0.550944,0,0.028672,0.27232,1.70269,587.306,15000,0,0
Suite_13,Forward,0,453,1.12703,0.554429,0,0.027968,0.28672,1.70366,586.972,15000,0,0
Suite_13,Forward,0,454,1.13878,0.576073,0,0.026624,0.266432,1.69447,590.155,15000,0,0
Suite_13,Forward,0,455,1.13721,0.591543,0,0.0288,0.299008,1.72839,578.572,15000,0,0
Suite_13,Forward,0,456,1.12713,0.556263,0,0.028672,0.268512,1.74108,574.355,15000,0,0
Suite_13,Forward,0,457,1.13013,0.554455,0,0.027168,0.292224,1.69689,589.314,15000,0,0
Suite_13,Forward,0,458,1.13769,0.562594,0,0.026624,0.269536,1.69758,589.075,15000,0,0
Suite_13,Forward,0,459,1.1368,0.608795,0,0.028736,0.301056,1.71396,583.445,15000,0,0
Suite_13,Forward,0,460,1.14005,0.553427,0,0.028672,0.270336,1.75787,568.87,15000,0,0
Suite_13,Forward,0,461,1.13552,0.563211,0,0.028672,0.294016,1.70681,585.887,15000,0,0
Suite_13,Forward,0,462,1.13438,0.560586,0,0.029152,0.27024,1.71154,584.269,15000,0,0
Suite_13,Forward,0,463,1.13224,0.895031,0,0.028672,0.305152,1.70836,585.358,15000,0,0
Suite_13,Forward,0,464,1.13504,0.552633,0,0.03072,0.272224,2.03978,490.249,15000,0,0
Suite_13,Forward,0,465,1.13405,0.55347,0,0.038912,0.27936,1.70084,587.944,15000,0,0
Suite_13,Forward,0,466,1.13176,0.565434,0,0.030528,0.271104,1.70046,588.078,15000,0,0
Suite_13,Forward,0,467,1.13565,0.599244,0,0.032,0.303104,1.71188,584.154,15000,0,0
Suite_13,Forward,0,468,1.13649,0.562567,0,0.030976,0.274144,1.75245,570.628,15000,0,0
Suite_13,Forward,0,469,1.13629,0.556545,0,0.029088,0.294912,1.71337,583.645,15000,0,0
Suite_13,Forward,0,470,1.136,0.563785,0,0.029472,0.27104,1.70561,586.299,15000,0,0
Suite_13,Forward,0,471,1.13705,0.615637,0,0.030208,0.303264,1.71326,583.681,15000,0,0
Suite_13,Forward,0,472,1.13912,0.554229,0,0.032,0.277088,1.7699,565.003,15000,0,0
Suite_13,Forward,0,473,1.13234,0.561383,0,0.03072,0.294976,1.70652,585.988,15000,0,0
Suite_13,Forward,0,474,1.13352,0.571523,0,0.03264,0.27472,1.70655,585.979,15000,0,0
Suite_13,Forward,0,475,1.13477,0.613656,0,0.032032,0.30896,1.71897,581.745,15000,0,0
Suite_13,Forward,0,476,1.13318,0.74469,0,0.684,0.92464,1.76081,567.921,15000,0,0
Suite_13,Forward,0,477,1.13781,0.557516,0,0.032416,0.284672,1.89742,527.033,15000,0,0
Suite_13,Forward,0,478,1.13188,0.557832,0,0.033792,0.274496,1.70874,585.226,15000,0,0
Suite_13,Forward,0,479,1.13345,0.761704,0,0.032288,0.302432,1.70339,587.065,15000,0,0
Suite_13,Forward,0,480,1.13392,0.555532,0,0.034816,0.27984,1.9081,524.081,15000,0,0
Suite_13,Forward,0,481,1.13278,0.554613,0,0.032768,0.278528,1.70331,587.093,15000,0,0
Suite_13,Forward,0,482,1.13684,0.560582,0,0.034816,0.27872,1.70095,587.907,15000,0,0
Suite_13,Forward,0,483,1.13807,0.556,0,0.032352,0.298912,1.71138,584.324,15000,0,0
Suite_13,Forward,0,484,1.13226,0.556398,0,0.033664,0.27808,1.70664,585.948,15000,0,0
Suite_13,Forward,0,485,1.13036,0.552,0,0.034816,0.288768,1.70342,587.054,15000,0,0
Suite_13,Forward,0,486,1.13407,0.560541,0,0.032768,0.27488,1.69564,589.748,15000,0,0
Suite_13,Forward,0,487,1.13034,0.612466,0,0.032096,0.311488,1.70815,585.43,15000,0,0
Suite_13,Forward,0,488,1.13276,0.566195,0,0.036064,0.280544,1.75549,569.641,15000,0,0
Suite_13,Forward,0,489,1.13651,0.549104,0,0.032768,0.29696,1.71282,583.831,15000,0,0
Suite_13,Forward,0,490,1.1319,0.565199,0,0.034816,0.278496,1.69902,588.574,15000,0,0
Suite_13,Forward,0,491,1.13939,0.625947,0,0.035008,0.309248,1.71044,584.646,15000,0,0
Suite_13,Forward,0,492,1.13275,0.554764,0,0.036192,0.280576,1.77829,562.339,15000,0,0
Suite_13,Forward,0,493,1.13695,0.548892,0,0.032768,0.294912,1.70067,588.003,15000,0,0
Suite_13,Forward,0,494,1.14211,0.596871,0,0.033344,0.27824,1.69866,588.701,15000,0,0
Suite_13,Forward,0,495,1.14089,0.842545,0,0.036864,0.306016,1.7554,569.671,15000,0,0
Suite_13,Forward,0,496,1.13464,0.557049,0,0.035584,0.278368,1.99635,500.915,15000,0,0
Suite_13,Forward,0,497,1.13328,0.550992,0,0.033632,0.279168,1.70614,586.118,15000,0,0
Suite_13,Forward,0,498,1.14231,0.570632,0,0.034816,0.275904,1.69751,589.098,15000,0,0
Suite_13,Forward,0,499,1.13508,0.57963,0,0.035296,0.306816,1.72633,579.263,15000,0,0
Suite_13,Forward,0,500,1.13543,0.557243,0,0.034816,0.276416,1.73237,577.245,15000,0,0
Suite_13,Forward,0,501,1.13281,0.548147,0,0.037024,0.282624,1.70661,585.958,15000,0,0
Suite_13,Forward,0,502,1.13731,0.570364,0,0.034816,0.278528,1.69378,590.395,15000,0,0
Suite_13,Forward,0,503,1.13668,0.605828,0,0.034976,0.302816,1.72074,581.145,15000,0,0
Suite_13,Forward,0,504,1.13017,0.549135,0,0.03648,0.280576,1.75525,569.719,15000,0,0
Suite_13,Forward,0,505,1.14067,0.548589,0,0.034688,0.300864,1.69263,590.796,15000,0,0
Suite_13,Forward,0,506,1.13537,0.575025,0,0.036416,0.282176,1.70215,587.492,15000,0,0
Suite_13,Forward,0,507,1.13703,0.633373,0,0.035264,0.3104,1.72415,579.996,15000,0,0
Suite_13,Forward,0,508,1.13666,0.56419,0,0.035008,0.278528,1.78264,560.967,15000,0,0
Suite_13,Forward,0,509,1.13831,0.551962,0,0.034816,0.303104,1.71431,583.325,15000,0,0
Suite_13,Forward,0,510,1.13399,0.562173,0,0.035072,0.278272,1.70292,587.227,15000,0,0
Suite_13,Forward,0,511,1.14047,0.922915,0,0.035008,0.315392,1.70964,584.919,15000,0,0
Suite_13,Forward,0,512,1.13403,0.559984,0,0.036832,0.282752,2.07655,481.568,15000,0,0
Suite_13,Forward,0,513,1.13615,0.553152,0,0.036032,0.278656,1.71433,583.319,15000,0,0
Suite_13,Forward,0,514,1.13687,0.570756,0,0.035168,0.278528,1.70377,586.935,15000,0,0
Suite_13,Forward,0,515,1.13343,0.559521,0,0.037152,0.313472,1.72178,580.793,15000,0,0
Suite_13,Forward,0,516,1.1361,0.550411,0,0.036544,0.280192,1.70535,586.39,15000,0,0
Suite_13,Forward,0,517,1.13708,0.558514,0,0.034848,0.284672,1.70117,587.831,15000,0,0
Suite_13,Forward,0,518,1.13357,0.565638,0,0.036544,0.281472,1.70856,585.288,15000,0,0
Suite_13,Forward,0,519,1.1347,0.730307,0,0.037344,0.30704,1.7119,584.145,15000,0,0
Suite_13,Forward,0,520,1.13861,0.554564,0,0.038624,0.284928,1.90483,524.982,15000,0,0
Suite_13,Forward,0,521,1.1417,0.56455,0,0.038528,0.280576,1.70674,585.913,15000,0,0
Suite_13,Forward,0,522,1.13101,0.568029,0,0.03744,0.280576,1.72018,581.333,15000,0,0
Suite_13,Forward,0,523,1.13792,0.555658,0,0.038304,0.308128,1.71219,584.048,15000,0,0
Suite_13,Forward,0,524,1.12885,0.551991,0,0.038688,0.284608,1.7057,586.271,15000,0,0
Suite_13,Forward,0,525,1.13906,0.568345,0,0.040832,0.288384,1.69424,590.236,15000,0,0
Suite_13,Forward,0,526,1.1379,0.569343,0,0.036864,0.280576,1.72195,580.737,15000,0,0
Suite_13,Forward,0,527,1.13847,0.61864,0,0.037792,0.31344,1.72062,581.188,15000,0,0
Suite_13,Forward,0,528,1.1319,0.550341,0,0.039392,0.287136,1.76983,565.027,15000,0,0
Suite_13,Forward,0,529,1.13723,0.55564,0,0.03952,0.29408,1.70372,586.951,15000,0,0
Suite_13,Forward,0,530,1.14077,0.567223,0,0.038784,0.283264,1.7061,586.131,15000,0,0
Suite_13,Forward,0,531,1.13559,0.631282,0,0.038912,0.309696,1.72169,580.825,15000,0,0
Suite_13,Forward,0,532,1.13461,0.549019,0,0.039296,0.283808,1.77947,561.964,15000,0,0
Suite_13,Forward,0,533,1.12998,0.555527,0,0.037056,0.302848,1.6987,588.684,15000,0,0
Suite_13,Forward,0,534,1.14355,0.569432,0,0.038816,0.282688,1.69858,588.727,15000,0,0
Suite_13,Forward,0,535,1.13637,0.620533,0,0.0384,0.31328,1.73063,577.825,15000,0,0
Suite_13,Forward,0,536,1.13202,0.554893,0,0.039008,0.282144,1.76891,565.321,15000,0,0
Suite_13,Forward,0,537,1.13493,0.551776,0,0.037056,0.301824,1.70015,588.183,15000,0,0
Suite_13,Forward,0,538,1.13259,0.556122,0,0.037728,0.282592,1.69918,588.517,15000,0,0
Suite_13,Forward,0,539,1.14482,0.933021,0,0.039072,0.323104,1.70172,587.642,15000,0,0
Suite_13,Forward,0,540,1.13603,0.550858,0,0.04096,0.285344,2.09057,478.339,15000,0,0
Suite_13,Forward,0,541,1.13636,0.563803,0,0.038912,0.28384,1.70003,588.225,15000,0,0
Suite_13,Forward,0,542,1.13553,0.572279,0,0.038912,0.282912,1.71335,583.651,15000,0,0
Suite_13,Forward,0,543,1.13861,0.557554,0,0.037184,0.31744,1.72088,581.097,15000,0,0
Suite_13,Forward,0,544,1.13357,0.556374,0,0.040448,0.28672,1.70825,585.395,15000,0,0
Suite_13,Forward,0,545,1.13586,0.559068,0,0.040192,0.3072,1.7033,587.097,15000,0,0
Suite_13,Forward,0,546,1.13715,0.559516,0,0.0408,0.283552,1.70826,585.391,15000,0,0
Suite_13,Forward,0,547,1.13404,0.597391,0,0.038912,0.311808,1.71065,584.574,15000,0,0
Suite_13,Forward,0,548,1.13968,0.572305,0,0.03968,0.28384,1.79461,557.225,15000,0,0
Suite_13,Forward,0,549,1.13107,0.560834,0,0.0392,0.288032,1.72662,579.166,15000,0,0
Suite_13,Forward,0,550,1.13287,0.56254,0,0.040704,0.28352,1.7113,584.351,15000,0,0
Suite_13,Forward,0,551,1.13645,0.615438,0,0.04096,0.31056,1.70863,585.265,15000,0,0
Suite_13,Forward,0,552,1.13793,0.573099,0,0.04096,0.28672,1.76512,566.533,15000,0,0
Suite_13,Forward,0,553,1.13156,0.5588,0,0.046848,0.291584,1.72563,579.5,15000,0,0
Suite_13,Forward,0,554,1.14264,0.578179,0,0.039328,0.284672,1.70324,587.116,15000,0,0
Suite_13,Forward,0,555,1.14,0.608312,0,0.04096,0.317056,1.73411,576.664,15000,0,0
Suite_13,Forward,0,556,1.13629,0.55436,0,0.0408,0.286688,1.76037,568.061,15000,0,0
Suite_13,Forward,0,557,1.137,0.550672,0,0.040384,0.304032,1.70868,585.247,15000,0,0
Suite_13,Forward,0,558,1.14091,0.560054,0,0.04096,0.28512,1.70053,588.053,15000,0,0
Suite_13,Forward,0,559,1.13773,0.631931,0,0.040992,0.321504,1.71425,583.346,15000,0,0
Suite_13,Forward,0,560,1.13858,0.557317,0,0.04096,0.287104,1.78234,561.061,15000,0,0
Suite_13,Forward,0,561,1.13236,0.56185,0,0.040672,0.309216,1.71,584.796,15000,0,0
Suite_13,Forward,0,562,1.13802,0.568493,0,0.041152,0.28672,1.7076,585.618,15000,0,0
Suite_13,Forward,0,563,1.13927,0.632282,0,0.04096,0.31744,1.71935,581.616,15000,0,0
Suite_13,Forward,0,564,1.13678,0.552787,0,0.041504,0.286272,1.78393,560.559,15000,0,0
Suite_13,Forward,0,565,1.13448,0.550011,0,0.038912,0.30592,1.70479,586.583,15000,0,0
Suite_13,Forward,0,566,1.13405,0.564599,0,0.04096,0.28672,1.69721,589.202,15000,0,0
Suite_13,Forward,0,567,1.14111,0.91059,0,0.0416,0.323456,1.713,583.77,15000,0,0
Suite_13,Forward,0,568,1.13769,0.555421,0,0.042432,0.28672,2.06397,484.502,15000,0,0
Suite_13,Forward,0,569,1.13943,0.549624,0,0.04096,0.28624,1.70637,586.039,15000,0,0
Suite_13,Forward,0,570,1.14105,0.559744,0,0.041088,0.290272,1.70203,587.535,15000,0,0
Suite_13,Forward,0,571,1.13623,0.559561,0,0.0408,0.315136,1.71386,583.477,15000,0,0
Suite_13,Forward,0,572,1.13185,0.55447,0,0.041088,0.28672,1.70822,585.406,15000,0,0
Suite_13,Forward,0,573,1.14173,0.55594,0,0.049152,0.298144,1.70056,588.041,15000,0,0
Suite_13,Forward,0,574,1.13891,0.570307,0,0.04096,0.285888,1.71085,584.506,15000,0,0
Suite_13,Forward,0,575,1.13635,0.678376,0,0.04112,0.323584,1.72291,580.414,15000,0,0
Suite_13,Forward,0,576,1.13987,0.554586,0,0.0424,0.286464,1.82699,547.35,15000,0,0
Suite_13,Forward,0,577,1.14438,0.565049,0,0.040928,0.285344,1.70853,585.297,15000,128,0.000163202
Suite_13,Forward,0,578,1.14671,0.582695,0,0.040352,0.286112,1.72321,580.312,15000,128,0.000163769
Suite_13,Forward,0,579,1.14445,0.585742,0,0.041056,0.288896,1.74303,573.714,15000,128,0.000164342
Suite_13,Forward,0,580,1.14395,0.564332,0,0.042688,0.290752,1.743,573.725,15000,256,0.000277243
Suite_13,Forward,0,581,1.1421,0.573114,0,0.040992,0.29648,1.72731,578.934,15000,256,0.000278224
Suite_13,Forward,0,582,1.14898,0.597145,0,0.042432,0.290208,1.73039,577.903,15000,256,0.000279213
Suite_13,Forward,0,583,1.14777,0.582041,0,0.04224,0.28816,1.76139,567.735,15000,384,0.000431886
Suite_13,Forward,0,584,1.14479,0.572065,0,0.044448,0.292832,1.74289,573.76,15000,384,0.000433338
Suite_13,Forward,0,585,1.14278,0.561747,0,0.040544,0.286624,1.73115,577.651,15000,384,0.000434801
Suite_13,Forward,0,586,1.1464,0.591628,0,0.04096,0.2856,1.72396,580.061,15000,384,0.000436277
Suite_13,Forward,0,587,1.14756,0.590084,0,0.04288,0.292768,1.75317,570.395,15000,512,0.000710018
Suite_13,Forward,0,588,1.14477,0.562577,0,0.043008,0.290816,1.75077,571.179,15000,640,0.000776985
Suite_13,Forward,0,589,1.14815,0.561892,0,0.04096,0.287776,1.72119,580.992,15000,640,0.000779822
Suite_13,Forward,0,590,1.14386,0.590367,0,0.04096,0.286368,1.72394,580.066,15000,768,0.00121489
Suite_13,Forward,0,591,1.14602,0.585167,0,0.043008,0.2912,1.74818,572.024,15000,896,0.00145927
Suite_13,Forward,0,592,1.14241,0.564689,0,0.043168,0.290816,1.74488,573.105,15000,1024,0.00163708
Suite_13,Forward,0,593,1.14873,0.563117,0,0.041536,0.285344,1.72142,580.917,15000,1024,0.00164307
Suite_13,Forward,0,594,1.14778,0.58592,0,0.043008,0.286816,1.72581,579.439,15000,1024,0.0016491
Suite_13,Forward,0,595,1.14683,0.62324,0,0.043008,0.290688,1.74776,572.162,15000,1024,0.0016552
Suite_13,Forward,0,596,1.14616,0.565219,0,0.04448,0.292864,1.78329,560.762,15000,1152,0.00169501
Suite_13,Forward,0,597,1.14702,0.574268,0,0.041312,0.287936,1.72663,579.164,15000,1280,0.00197804
Suite_13,Forward,0,598,1.15218,0.582994,0,0.043008,0.28768,1.7356,576.171,15000,1536,0.00249777
Suite_13,Forward,0,599,1.15276,0.57607,0,0.0432,0.32768,1.74915,571.706,15000,1792,0.00316409
Suite_13,Forward,0,600,1.16037,0.652995,0,0.043808,0.290752,1.74202,574.048,15000,1920,0.00346947
Suite_13,Forward,0,601,1.16387,0.625755,0,0.043008,0.288576,1.83352,545.398,15000,2048,0.00379887
Suite_13,Forward,0,602,1.1569,0.600558,0,0.044832,0.291104,1.80846,552.958,15000,2176,0.00404335
Suite_13,Forward,0,603,1.15284,0.58109,0,0.043296,0.289312,1.7725,564.176,15000,2304,0.00424228
Suite_13,Forward,0,604,1.15273,0.565171,0,0.04368,0.292384,1.74694,572.428,15000,2304,0.0042581
Suite_13,Forward,0,605,1.15661,0.584273,0,0.043008,0.287104,1.7325,577.2,15000,2432,0.004374
Suite_13,Forward,0,606,1.15619,0.622522,0,0.043008,0.287104,1.75711,569.115,15000,2432,0.00439048
Suite_13,Forward,0,607,1.1544,0.577592,0,0.043744,0.289472,1.79349,557.571,15000,2432,0.00440711
Suite_13,Forward,0,608,1.15118,0.570761,0,0.044096,0.290208,1.74568,572.841,15000,2432,0.00442387
Suite_13,Forward,0,609,1.16058,0.604968,0,0.044832,0.290784,1.73644,575.891,15000,2432,0.00444078
Suite_13,Forward,0,610,1.15935,0.601391,0,0.043712,0.288768,1.78442,560.407,15000,2432,0.00445784
Suite_13,Forward,0,611,1.15613,0.586605,0,0.04464,0.289472,1.77523,563.307,15000,2560,0.00468685
Suite_13,Forward,0,612,1.15066,0.578297,0,0.044896,0.31136,1.75631,569.375,15000,2560,0.00470506
Suite_13,Forward,0,613,1.15576,0.572667,0,0.045024,0.2888,1.7447,573.163,15000,2688,0.00476432
Suite_13,Forward,0,614,1.1573,0.583343,0,0.045056,0.293504,1.74957,571.57,15000,2816,0.0051512
Suite_13,Forward,0,615,1.15502,0.575285,0,0.0456,0.292032,1.75443,569.984,15000,2944,0.005211
Suite_13,Forward,0,616,1.1547,0.579539,0,0.043456,0.311552,1.7436,573.526,15000,3072,0.00526029
Suite_13,Forward,0,617,1.1563,0.58783,0,0.044928,0.29056,1.74941,571.623,15000,3072,0.00528099
Suite_13,Forward,0,618,1.15783,0.593356,0,0.044736,0.289664,1.76095,567.875,15000,3200,0.00541473
Suite_13,Forward,0,619,1.15777,0.569251,0,0.0456,0.292672,1.76581,566.312,15000,3200,0.00543615
Suite_13,Forward,0,620,1.15426,0.574872,0,0.043936,0.314784,1.74006,574.694,15000,3200,0.00545776
Suite_13,Forward,0,621,1.15471,0.584764,0,0.04368,0.288768,1.74392,573.421,15000,3072,0.0052588
Suite_13,Forward,0,622,1.15803,0.585796,0,0.045248,0.290816,1.75606,569.455,15000,3200,0.00548973
Suite_13,Forward,0,623,1.16245,0.582983,0,0.04816,0.299008,1.75792,568.852,15000,3456,0.00577544
Suite_13,Forward,0,624,1.15869,0.570508,0,0.049536,0.306496,1.77171,564.427,15000,3584,0.00598542
Suite_13,Forward,0,625,1.15729,0.576793,0,0.043776,0.290784,1.74489,573.102,15000,3840,0.00650123
Suite_13,Forward,0,626,1.16346,0.581615,0,0.04576,0.29216,1.75034,571.318,15000,3840,0.00652725
Suite_13,Forward,0,627,1.15965,0.570083,0,0.045376,0.292192,1.7593,568.407,15000,3840,0.0065535
Suite_13,Forward,0,628,1.15878,0.583886,0,0.044768,0.289792,1.74342,573.585,15000,3968,0.00669116
Suite_13,Forward,0,629,1.16089,0.585817,0,0.045216,0.290816,1.75881,568.565,15000,4224,0.00714527
Suite_13,Forward,0,630,1.16775,0.584606,0,0.045152,0.291456,1.76323,567.143,15000,4224,0.00717406
Suite_13,Forward,0,631,1.16034,0.581401,0,0.047328,0.294528,1.76655,566.074,15000,4224,0.00720309
Suite_13,Forward,0,632,1.15866,0.58791,0,0.045088,0.29056,1.75569,569.576,15000,4224,0.00723237
Suite_13,Forward,0,633,1.16149,0.589087,0,0.045056,0.289312,1.76251,567.374,15000,4352,0.00740432
Suite_13,Forward,0,634,1.17014,0.591629,0,0.047104,0.292864,1.76696,565.944,15000,4480,0.00766914
Suite_13,Forward,0,635,1.16473,0.576899,0,0.045248,0.292896,1.77672,562.836,15000,4608,0.0077561
Suite_13,Forward,0,636,1.15872,0.57884,0,0.04384,0.289344,1.75548,569.645,15000,4608,0.00778799
Suite_13,Forward,0,637,1.16098,0.583968,0,0.046432,0.290944,1.75338,570.327,15000,4736,0.00812143
Suite_13,Forward,0,638,1.16613,0.612346,0,0.04736,0.292864,1.76137,567.741,15000,4736,0.00815496
Suite_13,Forward,0,639,1.16627,0.591465,0,0.047904,0.301056,1.79353,557.56,15000,4736,0.00818876
Suite_13,Forward,0,640,1.16614,0.58682,0,0.045568,0.292128,1.77286,564.059,15000,4992,0.00880981
Suite_13,Forward,0,641,1.16487,0.593265,0,0.04736,0.293024,1.76876,565.366,15000,5120,0.00916439
Suite_13,Forward,0,642,1.16624,0.835969,0,0.047808,0.326304,1.77509,563.352,15000,5120,0.00920227
Suite_13,Forward,0,643,1.16475,0.578746,0,0.047936,0.296032,2.02155,494.671,15000,5120,0.00924047
Suite_13,Forward,0,644,1.16642,0.576398,0,0.046496,0.316096,1.75782,568.887,15000,5120,0.00927897
Suite_13,Forward,0,645,1.16614,0.598791,0,0.048096,0.295296,1.75894,568.523,15000,5504,0.00989768
Suite_13,Forward,0,646,1.17171,0.744189,0,0.048256,0.323328,1.78245,561.025,15000,5504,0.00993926
Suite_13,Forward,0,647,1.16815,0.581877,0,0.049152,0.296768,1.93116,517.823,15000,5632,0.0102146
Suite_13,Forward,0,648,1.167,0.580966,0,0.045952,0.292032,1.76451,566.728,15000,5760,0.0106824
Suite_13,Forward,0,649,1.17228,0.588951,0,0.048544,0.298176,1.7649,566.606,15000,5632,0.0103671
Suite_13,Forward,0,650,1.16748,0.605094,0,0.048992,0.330784,1.77806,562.412,15000,5632,0.0104109
Suite_13,Forward,0,651,1.16629,0.584039,0,0.047584,0.295616,1.78697,559.608,15000,5632,0.010455
Suite_13,Forward,0,652,1.16715,0.578321,0,0.046592,0.29136,1.76508,566.546,15000,5504,0.0103476
Suite_13,Forward,0,653,1.17451,0.590666,0,0.049824,0.296448,1.76179,567.603,15000,5504,0.0103918
Suite_13,Forward,0,654,1.17036,0.578941,0,0.047296,0.294912,1.78166,561.273,15000,5632,0.010672
Suite_13,Forward,0,655,1.16758,0.57949,0,0.049024,0.29648,1.76412,566.856,15000,5632,0.0107177
Suite_13,Forward,0,656,1.16697,0.592178,0,0.049152,0.295264,1.7613,567.761,15000,5760,0.0108402
Suite_13,Forward,0,657,1.16943,0.597425,0,0.049408,0.29696,1.777,562.746,15000,5888,0.010943
Suite_13,Forward,0,658,1.16623,0.582517,0,0.050912,0.301248,1.78428,560.45,15000,5888,0.0109903
Suite_13,Forward,0,659,1.16864,0.576561,0,0.049152,0.296864,1.763,567.215,15000,5888,0.0110379
Suite_13,Forward,0,660,1.16553,0.586996,0,0.048448,0.29488,1.75974,568.265,15000,5888,0.0106657
Suite_13,Forward,0,661,1.16907,0.582654,0,0.04848,0.294944,1.77062,564.774,15000,6016,0.010931
Suite_13,Forward,0,662,1.17298,0.5783,0,0.04944,0.297184,1.76802,565.603,15000,6016,0.0109782
Suite_13,Forward,0,663,1.16906,0.582878,0,0.047104,0.319296,1.7659,566.284,15000,6016,0.0109612
Suite_13,Forward,0,664,1.16908,0.618518,0,0.048064,0.294912,1.76636,566.137,15000,6016,0.0110089
Suite_13,Forward,0,665,1.17382,0.582507,0,0.048096,0.294912,1.80557,553.84,15000,6016,0.011057
Suite_13,Forward,0,666,1.17602,0.606547,0,0.050272,0.295904,1.77236,564.218,15000,6144,0.0111712
Suite_13,Forward,0,667,1.17376,0.58401,0,0.048448,0.293312,1.79904,555.853,15000,6144,0.0112203
Suite_13,Forward,0,668,1.16897,0.607192,0,0.049152,0.295008,1.77308,563.989,15000,6144,0.0112698
Suite_13,Forward,0,669,1.16976,0.586118,0,0.04928,0.296544,1.7938,557.475,15000,6144,0.0113196
Suite_13,Forward,0,670,1.16837,0.5788,0,0.049696,0.297824,1.77204,564.32,15000,6144,0.0113699
Suite_13,Forward,0,671,1.1677,0.570384,0,0.049152,0.294912,1.76562,566.374,15000,6144,0.0114206
Suite_13,Forward,0,672,1.16589,0.579736,0,0.050336,0.29568,1.75221,570.709,15000,6144,0.0114717
Suite_13,Forward,0,673,1.17067,0.618369,0,0.050272,0.29696,1.76248,567.381,15000,6144,0.0115232
Suite_13,Forward,0,674,1.16916,0.57933,0,0.050976,0.298368,1.80614,553.668,15000,6144,0.0115751
Suite_13,Forward,0,675,1.17033,0.570184,0,0.049248,0.296384,1.76329,567.123,15000,6144,0.0116274
Suite_13,Forward,0,676,1.16885,0.591832,0,0.050688,0.29696,1.75509,569.773,15000,6272,0.0118473
Suite_13,Forward,0,677,1.17463,0.852111,0,0.052992,0.334912,1.77905,562.099,15000,6272,0.0119011
Suite_13,Forward,0,678,1.16928,0.590946,0,0.050688,0.300416,2.04316,489.438,15000,6272,0.0119553
Suite_13,Forward,0,679,1.17043,0.582791,0,0.049152,0.318368,1.77481,563.441,15000,6400,0.0123605
Suite_13,Forward,0,680,1.16568,0.592621,0,0.0512,0.298432,1.76782,565.669,15000,6400,0.012417
Suite_13,Forward,0,681,1.17535,0.683868,0,0.051968,0.335872,1.77564,563.177,15000,6400,0.012474
Suite_13,Forward,0,682,1.16814,0.614732,0,0.049952,0.299168,1.87582,533.1,15000,6400,0.0121405
Suite_13,Forward,0,683,1.16971,0.58082,0,0.047744,0.311488,1.79785,556.218,15000,6272,0.0119343
Suite_13,Forward,0,684,1.16937,0.608356,0,0.050752,0.298464,1.76523,566.498,15000,6272,0.0119885
Suite_13,Forward,0,685,1.17243,0.613794,0,0.049152,0.332128,1.79645,556.653,15000,6272,0.0120432
Suite_13,Forward,0,686,1.17488,0.575898,0,0.05296,0.303904,1.80257,554.764,15000,6272,0.0120983
Suite_13,Forward,0,687,1.16558,0.590572,0,0.050112,0.296576,1.76552,566.406,15000,6144,0.0117764
Suite_13,Forward,0,688,1.17023,0.594868,0,0.050624,0.297632,1.77116,564.603,15000,6144,0.0118304
Suite_13,Forward,0,689,1.16842,0.581022,0,0.049152,0.29696,1.78242,561.035,15000,6144,0.0118849
Suite_13,Forward,0,690,1.16762,0.576522,0,0.047584,0.29696,1.765,566.571,15000,6144,0.0119399
Suite_13,Forward,0,691,1.16627,0.606405,0,0.049824,0.2968,1.7589,568.537,15000,6144,0.0119952
Suite_13,Forward,0,692,1.17383,0.621534,0,0.050176,0.297312,1.78869,559.069,15000,6144,0.012051
Suite_13,Forward,0,693,1.16705,0.580704,0,0.052544,0.30064,1.81426,551.19,15000,6272,0.012563
Suite_13,Forward,0,694,1.16896,0.579655,0,0.04768,0.317824,1.76349,567.057,15000,6272,0.0126218
Suite_13,Forward,0,695,1.17827,0.603408,0,0.051008,0.296864,1.76347,567.063,15000,6272,0.012681
Suite_13,Forward,0,696,1.17592,0.599099,0,0.050144,0.299008,1.80827,553.014,15000,6144,0.0126329
Suite_13,Forward,0,697,1.16922,0.581835,0,0.0512,0.299104,1.79249,557.882,15000,6144,0.0126924
Suite_13,Forward,0,698,1.16717,0.574472,0,0.049184,0.319584,1.76674,566.013,15000,6272,0.0130088
Suite_13,Forward,0,699,1.16752,0.59237,0,0.050752,0.297056,1.76448,566.74,15000,6272,0.0130701
Suite_13,Forward,0,700,1.17216,0.611541,0,0.049152,0.298208,1.77599,563.067,15000,6272,0.0131319
Suite_13,Forward,0,701,1.16792,0.583207,0,0.0512,0.297312,1.80039,555.435,15000,6016,0.0126711
Suite_13,Forward,0,702,1.16636,0.584025,0,0.048096,0.294944,1.76734,565.821,15000,6144,0.0128711
Suite_13,Forward,0,703,1.16484,0.58773,0,0.049888,0.29712,1.7649,566.603,15000,5888,0.0122206
Suite_13,Forward,0,704,1.17157,0.591538,0,0.051168,0.298848,1.76781,565.67,15000,5888,0.0122787
Suite_13,Forward,0,705,1.16748,0.580365,0,0.050688,0.29888,1.77926,562.032,15000,5632,0.0117407
Suite_13,Forward,0,706,1.16549,0.599699,0,0.0504,0.29856,1.76309,567.186,15000,5632,0.0117964
Suite_13,Forward,0,707,1.16474,0.581831,0,0.050912,0.298048,1.77965,561.908,15000,5632,0.0118525
Suite_13,Forward,0,708,1.17021,0.591961,0,0.049152,0.29696,1.7624,567.408,15000,5632,0.011909
Suite_13,Forward,0,709,1.16656,0.581194,0,0.05072,0.29696,1.77969,561.897,15000,5504,0.0115649
Suite_13,Forward,0,710,1.16743,0.58097,0,0.049152,0.29696,1.76332,567.112,15000,5504,0.0116204
Suite_13,Forward,0,711,1.16428,0.583431,0,0.049184,0.296192,1.76259,567.346,15000,5504,0.0116764
Suite_13,Forward,0,712,1.16543,0.596303,0,0.05104,0.299008,1.76284,567.265,15000,5376,0.0114587
Suite_13,Forward,0,713,1.16514,0.577252,0,0.052576,0.300256,1.77781,562.49,15000,5248,0.0113444
Suite_13,Forward,0,714,1.16268,0.580277,0,0.050656,0.298496,1.75782,568.887,15000,5248,0.0113993
Suite_13,Forward,0,715,1.16249,0.593744,0,0.049984,0.298912,1.75721,569.084,15000,5120,0.01095
Suite_13,Forward,0,716,1.16526,0.762344,0,0.051072,0.334176,1.77205,564.318,15000,5120,0.0110034
Suite_13,Forward,0,717,1.16315,0.572931,0,0.050592,0.300672,1.94418,514.356,15000,5120,0.0110572
Suite_13,Forward,0,718,1.161,0.582861,0,0.051168,0.316896,1.75148,570.944,15000,4992,0.0105161
Suite_13,Forward,0,719,1.16405,0.612552,0,0.050112,0.299008,1.75816,568.778,15000,4864,0.0102261
Suite_13,Forward,0,720,1.16846,0.688135,0,0.051008,0.327008,1.79229,557.944,15000,4992,0.0105656
Suite_13,Forward,0,721,1.16504,0.577601,0,0.050912,0.299008,1.87315,533.861,15000,4992,0.0106171
Suite_13,Forward,0,722,1.16524,0.592535,0,0.070272,0.316992,1.75805,568.812,15000,4992,0.010669
Suite_13,Forward,0,723,1.16536,0.606734,0,0.04928,0.29696,1.77341,563.884,15000,4992,0.0107213
Suite_13,Forward,0,724,1.1679,0.728476,0,0.050528,0.324448,1.78894,558.99,15000,4864,0.0104863
Suite_13,Forward,0,725,1.16093,0.594156,0,0.05296,0.303104,1.91449,522.333,15000,4864,0.0105379
Suite_13,Forward,0,726,1.16156,0.578672,0,0.049152,0.298048,1.77025,564.892,15000,4992,0.0107272
Suite_13,Forward,0,727,1.16449,0.587103,0,0.049248,0.297472,1.75552,569.632,15000,4864,0.00994108
Suite_13,Forward,0,728,1.16312,0.581074,0,0.0512,0.29888,1.77069,564.752,15000,4864,0.00998937
Suite_13,Forward,0,729,1.16083,0.582251,0,0.048768,0.295584,1.75993,568.203,15000,4736,0.00997083
Suite_13,Forward,0,730,1.15927,0.610849,0,0.049152,0.298464,1.75814,568.784,15000,4736,0.0100195
Suite_13,Forward,0,731,1.16477,0.590807,0,0.0512,0.298592,1.78619,559.851,15000,4736,0.0100686
Suite_13,Forward,0,732,1.16614,0.576968,0,0.049504,0.297792,1.7707,564.748,15000,4736,0.010118
Suite_13,Forward,0,733,1.1605,0.574551,0,0.049024,0.319936,1.75836,568.713,15000,4736,0.0101678
Suite_13,Forward,0,734,1.15894,0.588984,0,0.050176,0.297216,1.75016,571.376,15000,4736,0.0102179
Suite_13,Forward,0,735,1.16377,0.585288,0,0.051104,0.298848,1.76293,567.239,15000,4736,0.0102685
Suite_13,Forward,0,736,1.1669,0.579376,0,0.0512,0.299584,1.76359,567.027,15000,4736,0.0103194
Suite_13,Forward,0,737,1.15896,0.578884,0,0.047104,0.316384,1.7614,567.732,15000,4608,0.00981468
Suite_13,Forward,0,738,1.16199,0.590492,0,0.048128,0.296448,1.75314,570.404,15000,4736,0.00995208
Suite_13,Forward,0,739,1.16509,0.579872,0,0.049728,0.297408,1.76772,565.701,15000,4736,0.0100017
Suite_13,Forward,0,740,1.16382,0.571987,0,0.05008,0.30064,1.75953,568.335,15000,4736,0.0100516
Suite_13,Forward,0,741,1.15976,0.58119,0,0.05056,0.312736,1.75205,570.76,15000,4608,0.0097514
Suite_13,Forward,0,742,1.15875,0.587062,0,0.049152,0.295904,1.75653,569.305,15000,4608,0.00980039
Suite_13,Forward,0,743,1.16247,0.577499,0,0.049152,0.296992,1.76116,567.807,15000,4608,0.00984977
Suite_13,Forward,0,744,1.16088,0.596427,0,0.049792,0.298592,1.75437,570.006,15000,4608,0.00989951
Suite_13,Forward,0,745,1.15995,0.580802,0,0.048576,0.294912,1.77283,564.071,15000,4736,0.0100381
Suite_13,Forward,0,746,1.16194,0.596543,0,0.05136,0.301056,1.75621,569.409,15000,4736,0.0100889
Suite_13,Forward,0,747,1.16229,0.588568,0,0.050976,0.299008,1.7748,563.442,15000,4736,0.0101401
Suite_13,Forward,0,748,1.15737,0.570813,0,0.051456,0.299808,1.77224,564.258,15000,4736,0.0101918
Suite_13,Forward,0,749,1.15796,0.573285,0,0.049152,0.295232,1.74352,573.552,15000,4608,0.0101534
Suite_13,Forward,0,750,1.15667,0.580176,0,0.049504,0.29696,1.74651,572.569,15000,4608,0.0102053
Suite_13,Forward,0,751,1.16369,0.609227,0,0.049568,0.297984,1.75127,571.014,15000,4608,0.0102577
Suite_13,Forward,0,752,1.16266,0.57745,0,0.049152,0.29936,1.78867,559.074,15000,4608,0.0103104
Suite_13,Forward,0,753,1.16034,0.574907,0,0.048544,0.296256,1.75614,569.43,15000,4608,0.0103636
Suite_13,Forward,0,754,1.16079,0.59156,0,0.050656,0.2992,1.75008,571.401,15000,4736,0.0104766
Suite_13,Forward,0,755,1.16657,0.920176,0,0.049504,0.333472,1.7675,565.771,15000,4736,0.0105308
Suite_13,Forward,0,756,1.16273,0.591525,0,0.0512,0.301056,2.10793,474.4,15000,4608,0.0102726
Suite_13,Forward,0,757,1.15956,0.576107,0,0.049568,0.30016,1.7712,564.59,15000,4608,0.010326
Suite_13,Forward,0,758,1.16244,0.584565,0,0.049952,0.299008,1.75077,571.177,15000,4480,0.00989133
Suite_13,Forward,0,759,1.16478,0.770407,0,0.0512,0.32592,1.76234,567.426,15000,4480,0.00994273
Suite_13,Forward,0,760,1.16054,0.605434,0,0.0504,0.299168,1.95098,512.563,15000,4480,0.00943647
Suite_13,Forward,0,761,1.15926,0.584137,0,0.069632,0.317952,1.78153,561.315,15000,4480,0.00948523
Suite_13,Forward,0,762,1.16079,0.581891,0,0.049408,0.297728,1.75857,568.644,15000,4480,0.00953436
Suite_13,Forward,0,763,1.16782,0.697927,0,0.048704,0.329728,1.75834,568.717,15000,4480,0.00958385
Suite_13,Forward,0,764,1.15714,0.574797,0,0.051168,0.299456,1.88052,531.767,15000,4352,0.00922757
Suite_13,Forward,0,765,1.1586,0.578994,0,0.051552,0.303104,1.74714,572.365,15000,4224,0.00853703
Suite_13,Forward,0,766,1.16015,0.592523,0,0.0512,0.299008,1.75357,570.267,15000,4224,0.00858072
Suite_13,Forward,0,767,1.15849,0.582144,0,0.050944,0.332512,1.76746,565.783,15000,4224,0.00862473
Suite_13,Forward,0,768,1.15847,0.570788,0,0.050688,0.299136,1.75449,569.965,15000,4224,0.00866907
Suite_13,Forward,0,769,1.15615,0.632584,0,0.049472,0.299008,1.74458,573.204,15000,4224,0.00871374
Suite_13,Forward,0,770,1.1961,0.64405,0,0.049504,0.297888,1.81109,552.152,15000,4224,0.00875873
Suite_13,Forward,0,771,1.16627,0.590112,0,0.049504,0.299008,1.85912,537.889,15000,4224,0.00853097
Suite_13,Forward,0,772,1.16075,0.602633,0,0.047104,0.317472,1.77126,564.57,15000,4224,0.00857461
Suite_13,Forward,0,773,1.16076,0.583206,0,0.050784,0.299008,1.78054,561.626,15000,4352,0.00883067
Suite_13,Forward,0,774,1.16309,0.599615,0,0.05024,0.300928,1.76079,567.926,15000,4352,0.00887595
Suite_13,Forward,0,775,1.16091,0.583874,0,0.053248,0.303328,1.77856,562.253,15000,4480,0.00912306
Suite_13,Forward,0,776,1.15875,0.568789,0,0.04768,0.322816,1.75873,568.593,15000,4480,0.00916984
Suite_13,Forward,0,777,1.16114,0.587382,0,0.049152,0.297088,1.74299,573.726,15000,4480,0.00921696
Suite_13,Forward,0,778,1.16199,0.587092,0,0.050432,0.299232,1.76497,566.583,15000,4480,0.00926442
Suite_13,Forward,0,779,1.16675,0.604232,0,0.051104,0.298784,1.76411,566.857,15000,4480,0.00931223
Suite_13,Forward,0,780,1.16051,0.57667,0,0.049152,0.29696,1.78608,559.886,15000,4352,0.0086773
Suite_13,Forward,0,781,1.16084,0.585494,0,0.050944,0.297536,1.75277,570.525,15000,4352,0.00872144
Suite_13,Forward,0,782,1.15954,0.778154,0,0.063456,0.313728,1.76282,567.272,15000,4352,0.00876591
Suite_13,Forward,0,783,1.16004,0.586356,0,0.050816,0.298816,1.95202,512.291,15000,4352,0.00881069
Suite_13,Forward,0,784,1.1571,0.574349,0,0.049888,0.29696,1.76007,568.159,15000,4352,0.00885579
Suite_13,Forward,0,785,1.15813,0.597665,0,0.049152,0.298752,1.75046,571.278,15000,4352,0.00890121
Suite_13,Forward,0,786,1.16641,0.588203,0,0.051296,0.29984,1.77255,564.158,15000,4224,0.00885595
Suite_13,Forward,0,787,1.16025,0.579438,0,0.0512,0.299008,1.76924,565.213,15000,4224,0.00890147
Suite_13,Forward,0,788,1.16416,0.576098,0,0.048512,0.29696,1.75359,570.26,15000,4224,0.00894731
Suite_13,Forward,0,789,1.15998,0.581313,0,0.052512,0.30176,1.75623,569.402,15000,4224,0.00899347
Suite_13,Forward,0,790,1.16456,0.789756,0,0.049792,0.332064,1.75805,568.813,15000,4352,0.0091627
Suite_13,Forward,0,791,1.16134,0.576968,0,0.051296,0.303104,1.96883,507.916,15000,4224,0.00903393
Suite_13,Forward,0,792,1.15971,0.579678,0,0.05104,0.297856,1.75227,570.688,15000,4224,0.00908058
Suite_13,Forward,0,793,1.16477,0.588078,0,0.050592,0.299008,1.75478,569.871,15000,4224,0.00912756
Suite_13,Forward,0,794,1.1598,0.760727,0,0.052416,0.333312,1.76986,565.018,15000,4224,0.00917488
Suite_13,Forward,0,795,1.15844,0.57608,0,0.049632,0.300864,1.93522,516.736,15000,4224,0.00922253
Suite_13,Forward,0,796,1.16095,0.572583,0,0.048832,0.321056,1.74849,571.921,15000,4096,0.00880786
Suite_13,Forward,0,797,1.15848,0.61485,0,0.051168,0.299008,1.74884,571.808,15000,4096,0.00885337
Suite_13,Forward,0,798,1.1628,0.707138,0,0.049408,0.321792,1.79009,558.63,15000,4096,0.00890207
Suite_13,Forward,0,799,1.15796,0.576607,0,0.0512,0.300032,1.88475,530.575,15000,4096,0.00894758
Suite_13,Forward,0,800,1.16003,0.583298,0,0.0512,0.299008,1.74841,571.947,15000,4096,0.00899341
Suite_13,Forward,0,801,1.16361,0.585694,0,0.05008,0.29744,1.7601,568.148,15000,4096,0.00903956
Suite_13,Forward,0,802,1.16003,0.585067,0,0.05136,0.333568,1.76847,565.461,15000,4224,0.00942772
Suite_13,Forward,0,803,1.15865,0.575546,0,0.052544,0.30368,1.75903,568.495,15000,4224,0.00947617
Suite_13,Forward,0,804,1.15929,0.578041,0,0.048704,0.29696,1.74823,572.007,15000,4224,0.00952496
Suite_13,Forward,0,805,1.16504,0.584323,0,0.050368,0.299008,1.75463,569.922,15000,4224,0.00957409
Suite_13,Forward,0,806,1.1609,0.585467,0,0.053248,0.304896,1.76513,566.531,15000,4224,0.00962357
Suite_13,Forward,0,807,1.15932,0.577839,0,0.051104,0.301056,1.76067,567.967,15000,4352,0.0100192
Suite_13,Forward,0,808,1.15972,0.586474,0,0.049152,0.29696,1.75182,570.835,15000,4480,0.010365
Suite_13,Forward,0,809,1.16812,0.588705,0,0.050272,0.299008,1.76448,566.741,15000,4480,0.0104471
Suite_13,Forward,0,810,1.1601,0.616775,0,0.052448,0.301056,1.77366,563.805,15000,4480,0.0105008
Suite_13,Forward,0,811,1.16014,0.575252,0,0.049152,0.321696,1.7912,558.286,15000,4608,0.0107923
Suite_13,Forward,0,812,1.15897,0.579836,0,0.050848,0.300928,1.74966,571.541,15000,4608,0.0108471
Suite_13,Forward,0,813,1.17164,0.586987,0,0.051008,0.299296,1.75971,568.277,15000,4736,0.0113095
Suite_13,Forward,0,814,1.16418,0.574232,0,0.05152,0.301056,1.7753,563.286,15000,4736,0.0113669
Suite_13,Forward,0,815,1.15878,0.580769,0,0.050688,0.322144,1.7529,570.484,15000,4736,0.0114246
Suite_13,Forward,0,816,1.15942,0.590008,0,0.049408,0.298304,1.75342,570.313,15000,4736,0.0114828
Suite_13,Forward,0,817,1.16323,0.584041,0,0.051136,0.29904,1.76668,566.032,15000,4736,0.0115414
Suite_13,Forward,0,818,1.16123,0.602961,0,0.05088,0.301056,1.76331,567.115,15000,4736,0.0116003
Suite_13,Forward,0,819,1.16268,0.579336,0,0.069632,0.323424,1.77826,562.348,15000,4992,0.0120743
Suite_13,Forward,0,820,1.16295,0.595133,0,0.052992,0.301536,1.75622,569.405,15000,5248,0.0126218
Suite_13,Forward,0,821,1.16764,0.584571,0,0.05296,0.299584,1.77567,563.169,15000,5504,0.0129774
Suite_13,Forward,0,822,1.16922,0.574551,0,0.052864,0.301632,1.76832,565.508,15000,5504,0.0130429
Suite_13,Forward,0,823,1.16404,0.576205,0,0.050528,0.299296,1.75823,568.754,15000,5504,0.0131088
Suite_13,Forward,0,824,1.16323,0.582949,0,0.053248,0.30144,1.75439,570,15000,5504,0.0131751
Suite_13,Forward,0,825,1.16704,0.596589,0,0.053248,0.302816,1.76267,567.32,15000,5504,0.0132419
Suite_13,Forward,0,826,1.16925,0.57263,0,0.051648,0.302624,1.77981,561.859,15000,5632,0.0133965
Suite_13,Forward,0,827,1.16484,0.576691,0,0.05312,0.301024,1.75593,569.497,15000,5632,0.0130915
Suite_13,Forward,0,828,1.16241,0.594524,0,0.053248,0.305152,1.75589,569.512,15000,5760,0.0134641
Suite_13,Forward,0,829,1.16818,0.591163,0,0.053248,0.303744,1.77426,563.615,15000,5760,0.013532
Suite_13,Forward,0,830,1.16936,0.606269,0,0.052,0.303104,1.77546,563.233,15000,5760,0.0136004
Suite_13,Forward,0,831,1.16759,0.583488,0,0.0512,0.299648,1.79042,558.528,15000,5760,0.0136692
Suite_13,Forward,0,832,1.16473,0.583605,0,0.052736,0.301056,1.76581,566.312,15000,5632,0.0136381
Suite_13,Forward,0,833,1.17509,0.608186,0,0.053184,0.303104,1.76484,566.623,15000,5888,0.0143182
Suite_13,Forward,0,834,1.16755,0.579499,0,0.05584,0.309248,1.80134,555.143,15000,5888,0.014391
Suite_13,Forward,0,835,1.16769,0.593828,0,0.052128,0.30144,1.76195,567.551,15000,5888,0.0144643
Suite_13,Forward,0,836,1.17419,0.613364,0,0.052992,0.303104,1.77738,562.627,15000,6016,0.014631
Suite_13,Forward,0,837,1.17444,0.767832,0,0.055712,0.342016,1.80758,553.226,15000,6144,0.0148219
Suite_13,Forward,0,838,1.1671,0.586514,0,0.056576,0.309472,1.95892,510.486,15000,6272,0.0150642
Suite_13,Forward,0,839,1.16651,0.573988,0,0.052384,0.32384,1.76863,565.41,15000,6400,0.0151812
Suite_13,Forward,0,840,1.17604,0.588996,0,0.055744,0.30624,1.75498,569.807,15000,6912,0.0160069
Suite_13,Forward,0,841,1.18098,0.706116,0,0.057344,0.34544,1.78315,560.804,15000,7040,0.0161349
Suite_13,Forward,0,842,1.17202,0.587706,0,0.0568,0.309728,1.90841,523.997,15000,7296,0.0166652
Suite_13,Forward,0,843,1.17281,0.609593,0,0.055872,0.305088,1.77497,563.39,15000,7680,0.0180809
Suite_13,Forward,0,844,1.17809,0.591183,0,0.055424,0.30656,1.79922,555.797,15000,7936,0.0188494
Suite_13,Forward,0,845,1.18157,0.57333,0,0.057344,0.335008,1.78721,559.532,15000,8064,0.019408
Suite_13,Forward,0,846,1.17612,0.604493,0,0.055552,0.3072,1.77112,564.614,15000,8064,0.019505
Suite_13,Forward,0,847,1.17313,0.580536,0,0.055648,0.305152,1.79663,556.597,15000,8064,0.0196027
Suite_13,Forward,0,848,1.17902,0.588159,0,0.057472,0.307744,1.76978,565.04,15000,8320,0.0199802
Suite_13,Forward,0,849,1.17661,0.578493,0,0.059392,0.310912,1.78532,560.125,15000,8448,0.0201237
Suite_13,Forward,0,850,1.18215,0.569783,0,0.057344,0.329632,1.77154,564.482,15000,8832,0.0212564
Suite_13,Forward,0,851,1.17874,0.591498,0,0.057344,0.305664,1.76764,565.728,15000,9344,0.0219558
Suite_13,Forward,0,852,1.1859,0.59868,0,0.05872,0.315392,1.78729,559.506,15000,9600,0.0226049
Suite_13,Forward,0,853,1.18078,0.576254,0,0.058144,0.312672,1.80351,554.474,15000,9472,0.0217007
Suite_13,Forward,0,854,1.17997,0.575511,0,0.063616,0.326112,1.77405,563.684,15000,9728,0.0223283
Suite_13,Forward,0,855,1.18079,0.594001,0,0.059392,0.315392,1.77172,564.424,15000,10112,0.0227683
Suite_13,Forward,0,856,1.18306,0.60464,0,0.059232,0.312704,1.79256,557.863,15000,10112,0.0228801
Suite_13,Forward,0,857,1.18282,0.609152,0,0.05824,0.311712,1.80652,553.55,15000,10112,0.0229925
Suite_13,Forward,0,858,1.1814,0.58168,0,0.057248,0.309216,1.80863,552.905,15000,10240,0.0232423
Suite_13,Forward,0,859,1.19018,0.604455,0,0.057888,0.310208,1.77913,562.073,15000,10368,0.0234903
Suite_13,Forward,0,860,1.19028,0.603832,0,0.057952,0.311648,1.81216,551.829,15000,10624,0.023853
Suite_13,Forward,0,861,1.18567,0.58689,0,0.059808,0.31744,1.81315,551.527,15000,10752,0.0242496
Suite_13,Forward,0,862,1.18805,0.60795,0,0.058528,0.309504,1.79018,558.602,15000,10752,0.0243691
Suite_13,Forward,0,863,1.18506,0.598219,0,0.059392,0.313344,1.81221,551.813,15000,10752,0.0244893
Suite_13,Forward,0,864,1.19262,0.605787,0,0.062816,0.316704,1.80602,553.705,15000,11136,0.0251581
Suite_13,Forward,0,865,1.19716,0.584559,0,0.06288,0.319456,1.8188,549.812,15000,11520,0.0258801
Suite_13,Forward,0,866,1.18826,0.59095,0,0.06144,0.315392,1.79875,555.941,15000,11648,0.0260957
Suite_13,Forward,0,867,1.18956,0.59625,0,0.063488,0.315808,1.79565,556.9,15000,11904,0.0268644
Suite_13,Forward,0,868,1.19466,0.679789,0,0.062208,0.342752,1.80369,554.42,15000,12160,0.0271451
Suite_13,Forward,0,869,1.19154,0.610312,0,0.06432,0.320032,1.89453,527.835,15000,12544,0.0277749
Suite_13,Forward,0,870,1.19775,0.586226,0,0.060704,0.313408,1.8235,548.396,15000,12672,0.0279392
Suite_13,Forward,0,871,1.19635,0.602055,0,0.06144,0.315392,1.8006,555.371,15000,13056,0.0285644
Suite_13,Forward,0,872,1.19764,0.604718,0,0.063488,0.34864,1.81698,550.364,15000,13440,0.0291709
Suite_13,Forward,0,873,1.19652,0.58911,0,0.062464,0.31584,1.8219,548.878,15000,13568,0.0295153
Suite_13,Forward,0,874,1.19702,0.607659,0,0.064224,0.317472,1.8047,554.107,15000,13696,0.0297133
Suite_13,Forward,0,875,1.20232,0.610577,0,0.06656,0.321536,1.82847,546.905,15000,13952,0.030326
Suite_13,Forward,0,876,1.2064,0.592796,0,0.065792,0.320128,1.83118,546.096,15000,14464,0.0309774
Suite_13,Forward,0,877,1.19823,0.597197,0,0.066528,0.323584,1.81888,549.79,15000,14720,0.0314205
Suite_13,Forward,0,878,1.20373,0.604168,0,0.06464,0.31744,1.81455,551.101,15000,15488,0.0329528
Suite_13,Forward,0,879,1.21054,0.589565,0,0.065536,0.31744,1.82723,547.278,15000,16000,0.0338691
Suite_13,Forward,0,880,1.20749,0.573975,0,0.067488,0.321824,1.81853,549.895,15000,16256,0.0344648
Suite_13,Forward,0,881,1.21396,0.573176,0,0.064544,0.316768,1.80132,555.149,15000,17152,0.0361189
Suite_13,Forward,0,882,1.21212,0.609536,0,0.06944,0.325504,1.80643,553.579,15000,17536,0.0367468
Suite_13,Forward,0,883,1.21836,0.864093,0,0.067584,0.354528,1.84215,542.844,15000,17792,0.0372241
Suite_13,Forward,0,884,1.21918,0.591545,0,0.067072,0.324096,2.10256,475.611,15000,18432,0.0388851
Suite_13,Forward,0,885,1.21391,0.611917,0,0.065536,0.342112,1.83274,545.632,15000,18688,0.0392926
Suite_13,Forward,0,886,1.21988,0.619224,0,0.069376,0.323712,1.84569,541.804,15000,19072,0.0397482
Suite_13,Forward,0,887,1.22461,0.607011,0,0.069312,0.352256,1.86046,537.503,15000,19968,0.041126
Suite_13,Forward,0,888,1.22138,0.577095,0,0.069632,0.329344,1.85181,540.013,15000,20096,0.0414741
Suite_13,Forward,0,889,1.22518,0.587579,0,0.068704,0.322208,1.81953,549.592,15000,20352,0.0421165
Suite_13,Forward,0,890,1.22961,0.603291,0,0.06896,0.323584,1.83534,544.857,15000,20864,0.0434211
Suite_13,Forward,0,891,1.23538,0.600421,0,0.071392,0.327456,1.85478,539.146,15000,20992,0.043908
Suite_13,Forward,0,892,1.2271,0.584281,0,0.073408,0.328512,1.85579,538.855,15000,21120,0.0443831
Suite_13,Forward,0,893,1.22587,0.605637,0,0.069632,0.326304,1.83303,545.545,15000,21504,0.0454285
Suite_13,Forward,0,894,1.23571,0.585552,0,0.071296,0.325632,1.85391,539.399,15000,22528,0.046512
Suite_13,Forward,0,895,1.23789,0.576572,0,0.072224,0.332,1.84225,542.814,15000,23040,0.0482529
Suite_13,Forward,0,896,1.23741,0.58565,0,0.069632,0.325216,1.83528,544.876,15000,23296,0.048793
Suite_13,Forward,0,897,1.24064,0.608369,0,0.072736,0.326656,1.84563,541.822,15000,23936,0.0502502
Suite_13,Forward,0,898,1.24917,0.693593,0,0.073728,0.362336,1.87299,533.905,15000,24832,0.0519769
Suite_13,Forward,0,899,1.24665,0.604236,0,0.07488,0.334368,1.96862,507.97,15000,25472,0.0540338
Suite_13,Forward,0,900,1.24422,0.623567,0,0.084992,0.342016,1.87281,533.958,15000,26368,0.0553917
Suite_13,Forward,0,901,1.25139,0.621789,0,0.07168,0.329728,1.8922,528.486,15000,27136,0.056576
Suite_13,Forward,0,902,1.25508,0.62934,0,0.072448,0.357888,1.89815,526.83,15000,27392,0.0570446
Suite_13,Forward,0,903,1.25641,0.599348,0,0.0728,0.355456,1.90741,524.271,15000,28160,0.0584593
Suite_13,Forward,0,904,1.25921,0.591255,0,0.075776,0.333184,1.87767,532.574,15000,28544,0.0587493
Suite_13,Forward,0,905,1.27258,0.594633,0,0.077984,0.334624,1.87632,532.959,15000,29440,0.0601933
Suite_13,Forward,0,906,1.26584,0.615495,0,0.078464,0.33552,1.89214,528.502,15000,30720,0.0620202
Suite_13,Forward,0,907,1.26428,0.610477,0,0.076768,0.331776,1.90511,524.905,15000,31744,0.0648653
Suite_13,Forward,0,908,1.27289,0.670587,0,0.08064,0.33792,1.89818,526.82,15000,32384,0.0667051
Suite_13,Forward,0,909,1.28168,0.632887,0,0.079872,0.372864,1.97103,507.35,15000,33664,0.0691012
Suite_13,Forward,0,910,1.28051,0.618311,0,0.080192,0.340064,1.94074,515.267,15000,35200,0.0716977
Suite_13,Forward,0,911,1.28133,0.626632,0,0.078464,0.336928,1.92382,519.798,15000,35712,0.0726184
Suite_13,Forward,0,912,1.29632,0.666057,0,0.082336,0.33936,1.93302,517.324,15000,37120,0.0750655
Suite_13,Forward,0,913,1.3039,0.625253,0,0.080704,0.33792,1.99229,501.936,15000,38016,0.0773772
Suite_13,Forward,0,914,1.29562,0.640107,0,0.08112,0.3376,1.95743,510.874,15000,39296,0.0783116
Suite_13,Forward,0,915,1.30644,0.65114,0,0.083872,0.341248,1.96265,509.515,15000,40448,0.0815478
Suite_13,Forward,0,916,1.31584,0.7196,0,0.083968,0.36976,1.98642,503.417,15000,41472,0.0835448
Suite_13,Forward,0,917,1.31164,0.645466,0,0.085504,0.34192,2.06637,483.939,15000,42240,0.085204
Suite_13,Forward,0,918,1.31076,0.646855,0,0.083392,0.338656,1.98538,503.682,15000,43264,0.0881701
Suite_13,Forward,0,919,1.32325,0.663867,0,0.086016,0.344,1.98683,503.314,15000,44416,0.0903702
Suite_13,Forward,0,920,1.32428,0.642876,0,0.088064,0.346112,2.01826,495.477,15000,45312,0.0917496
Suite_13,Forward,0,921,1.31855,0.634479,0,0.086176,0.343776,1.99831,500.423,15000,46080,0.0932154
Suite_13,Forward,0,922,1.32681,0.784999,0,1.59354,1.84726,1.98257,504.396,15000,47232,0.0953545
Suite_13,Forward,0,923,1.3424,0.654196,0,0.091552,0.381984,2.14315,466.604,15000,48640,0.0987251
Suite_13,Forward,0,924,1.33797,0.647908,0,0.090304,0.34816,2.02765,493.182,15000,49408,0.100283
Suite_13,Forward,0,925,1.33288,0.644142,0,0.094048,0.354304,2.01799,495.543,15000,50176,0.101669
Suite_13,Forward,0,926,1.35509,0.666874,0,0.092768,0.351584,2.00856,497.869,15000,52352,0.105018
Suite_13,Forward,0,927,1.35724,0.645583,0,0.095424,0.354848,2.05851,485.788,15000,54016,0.107887
Suite_13,Forward,0,928,1.35263,0.660653,0,0.092032,0.370752,2.03485,491.436,15000,55424,0.110454
Suite_13,Forward,0,929,1.36775,0.626854,0,0.09776,0.354304,2.04669,488.594,15000,57728,0.114301
Suite_13,Forward,0,930,1.37563,0.613443,0,0.096096,0.354944,2.02908,492.834,15000,58880,0.116212
Suite_13,Forward,0,931,1.36829,0.600905,0,0.119488,0.38096,2.02213,494.527,15000,59904,0.117664
Suite_13,Forward,0,932,1.38242,0.61017,0,0.099488,0.356448,2.00203,499.493,15000,62976,0.122531
Suite_13,Forward,0,933,1.41503,0.721407,0,0.100896,0.36064,2.02936,492.765,15000,65280,0.126234
Suite_13,Forward,0,934,1.43075,0.69105,0,0.104736,0.363808,2.18175,458.348,15000,67200,0.129792
Suite_13,Forward,0,935,1.4226,0.642292,0,0.104448,0.362496,2.16021,462.917,15000,68480,0.134766
Suite_13,Forward,0,936,1.42438,0.638861,0,0.103904,0.360448,2.10298,475.515,15000,70912,0.139658
Suite_13,Forward,0,937,1.42471,0.679909,0,0.10496,0.36288,2.10336,475.43,15000,72448,0.142244
Suite_13,Forward,0,938,1.42415,0.669425,0,0.106048,0.385472,2.14481,466.242,15000,74496,0.145221
Suite_13,Forward,0,939,1.4411,0.698712,0,0.10544,0.362752,2.13244,468.947,15000,76800,0.150541
Suite_13,Forward,0,940,1.45848,0.678841,0,0.11008,0.366592,2.18008,458.699,15000,79488,0.156313
Suite_13,Forward,0,941,1.4548,0.691944,0,0.10864,0.364448,2.18028,458.656,15000,81280,0.158748
Suite_13,Forward,0,942,1.46792,0.714546,0,0.111072,0.36848,2.19647,455.275,15000,82816,0.16253
Suite_13,Forward,0,943,1.4736,0.694358,0,0.113984,0.374496,2.22841,448.75,15000,84480,0.164887
Suite_13,Forward,0,944,1.47118,0.691845,0,0.112704,0.368512,2.21051,452.384,15000,86912,0.169243
Suite_13,Forward,0,945,1.4822,0.701403,0,0.116832,0.378528,2.20707,453.09,15000,88704,0.172704
Suite_13,Forward,0,946,1.50206,0.698894,0,0.118784,0.376832,2.22922,448.587,15000,91264,0.176182
Suite_13,Forward,0,947,1.49266,0.683786,0,0.135232,0.394592,2.24482,445.471,15000,93696,0.180378
Suite_13,Forward,0,948,1.50508,0.660921,0,0.11744,0.37472,2.2223,449.984,15000,96512,0.186247
Suite_13,Forward,0,949,1.52681,0.642155,0,0.12464,0.382912,2.2163,451.203,15000,98816,0.189702
Suite_13,Forward,0,950,1.5373,0.631405,0,0.122176,0.401664,2.21857,450.741,15000,102144,0.196432
Suite_13,Forward,0,951,1.52132,0.662486,0,0.243264,0.499712,2.22249,449.945,15000,103680,0.19887
Suite_13,Forward,0,952,1.54614,0.662961,0,0.127328,0.385024,2.23569,447.288,15000,105728,0.201307
Suite_13,Forward,0,953,1.55408,0.680839,0,0.129248,0.390176,2.25972,442.533,15000,108672,0.206674
Suite_13,Forward,0,954,1.55684,0.716528,0,0.129184,0.38912,2.28541,437.557,15000,111744,0.211405
Suite_13,Forward,0,955,1.57865,0.651578,0,0.13024,0.38992,2.33073,429.05,15000,114432,0.215886
Suite_13,Forward,0,956,1.58828,0.717539,0,0.133696,0.393728,2.28471,437.692,15000,117120,0.224231
Suite_13,Forward,0,957,1.59089,0.742503,0,0.135168,0.397216,2.36217,423.34,15000,120320,0.229469
Suite_13,Forward,0,958,1.61578,0.738785,0,0.139424,0.40272,2.39058,418.309,15000,123392,0.233394
Suite_13,Forward,0,959,1.61882,0.7265,0,0.137056,0.424064,2.40927,415.063,15000,127104,0.238406
Suite_13,Forward,0,960,1.62286,0.662564,0,0.141312,0.398208,2.40394,415.984,15000,129664,0.241359
Suite_13,Forward,0,961,1.64074,0.653981,0,0.145152,0.405824,2.34686,426.101,15000,132480,0.246179
Suite_13,Forward,0,962,1.65369,0.642825,0,0.171808,0.434016,2.35537,424.562,15000,137216,0.254105
Suite_13,Forward,0,963,1.67017,0.665465,0,0.151936,0.415648,2.36166,423.431,15000,142336,0.264259
Suite_13,Forward,0,964,1.70547,0.671839,0,0.153952,0.413952,2.40077,416.534,15000,146816,0.269664
Suite_13,Forward,0,965,1.69913,0.654277,0,0.152832,0.409984,2.44654,408.741,15000,149376,0.273327
Suite_13,Forward,0,966,1.68905,0.670181,0,0.154912,0.413824,2.417,413.736,15000,151424,0.276724
Suite_13,Forward,0,967,1.71985,0.687701,0,0.156064,0.419648,2.42749,411.948,15000,154880,0.28241
Suite_13,Forward,0,968,1.72028,0.69986,0,0.278528,0.53248,2.47454,404.116,15000,158848,0.289356
Suite_13,Forward,0,969,1.73441,0.681265,0,0.158464,0.418464,2.4882,401.897,15000,162560,0.294484
Suite_13,Forward,0,970,1.7602,0.670791,0,0.16384,0.423936,2.48818,401.9,15000,167296,0.301596
Suite_13,Forward,0,971,1.76577,0.6658,0,0.16352,0.421888,2.50167,399.733,15000,170752,0.307306
Suite_13,Forward,0,972,1.77511,0.702017,0,0.167776,0.428032,2.5078,398.756,15000,172800,0.310073
Suite_13,Forward,0,973,1.79931,0.684181,0,0.171232,0.4288,2.55206,391.84,15000,177280,0.318161
Suite_13,Forward,0,974,1.7961,0.67863,0,0.172032,0.432128,2.56004,390.619,15000,181632,0.324193
Suite_13,Forward,0,975,1.83697,0.696575,0,0.177632,0.438144,2.55638,391.178,15000,187264,0.333341
Suite_13,Forward,0,976,1.83668,0.674729,0,0.178176,0.440192,2.61042,383.08,15000,190592,0.338211
Suite_13,Forward,0,977,1.84587,0.71139,0,0.182272,0.442368,2.59486,385.378,15000,195456,0.346368
Suite_13,Forward,0,978,1.87464,0.817437,0,0.18432,0.445536,2.64209,378.488,15000,199808,0.35283
Suite_13,Forward,0,979,1.87821,0.811962,0,0.18432,0.443392,2.77285,360.64,15000,204032,0.359225
Suite_13,Forward,0,980,1.91006,0.850412,0,0.197312,0.458208,2.77317,360.598,15000,209152,0.365563
Suite_13,Forward,0,981,1.92519,0.821434,0,0.19136,0.450464,2.84913,350.984,15000,213888,0.373155
Suite_13,Forward,0,982,1.93718,0.876192,0,0.194624,0.458752,2.83266,353.025,15000,219264,0.379196
Suite_13,Forward,0,983,1.98852,0.8499,0,0.201024,0.464256,2.90425,344.323,15000,224256,0.386136
Suite_13,Forward,0,984,1.97977,0.717344,0,0.200416,0.462656,2.93726,340.453,15000,227456,0.391631
Suite_13,Forward,0,985,1.99175,0.729486,0,0.202752,0.462816,2.79415,357.89,15000,232064,0.400918
Suite_13,Forward,0,986,2.00303,0.868548,0,0.206848,0.467104,2.81585,355.133,15000,237696,0.408094
Suite_13,Forward,0,987,2.02152,0.883796,0,0.210368,0.47104,2.96892,336.823,15000,241536,0.412907
Suite_13,Forward,0,988,2.04083,3.13985,0,0.21456,0.475072,3.00149,333.168,15000,247808,0.422379
Suite_13,Forward,0,989,2.07875,0.906118,0,0.219136,0.479232,5.28324,189.278,15000,252672,0.430066
Suite_13,Forward,0,990,2.08594,0.903099,0,1.2351,1.49299,3.09146,323.472,15000,257920,0.437178
Suite_13,Forward,0,991,2.10458,0.906456,0,0.223072,0.48512,3.09337,323.272,15000,264064,0.444048
Suite_13,Forward,0,992,2.14307,0.884477,0,0.220384,0.479904,3.1152,321.007,15000,268544,0.450072
Suite_13,Forward,0,993,2.12719,0.910187,0,0.226592,0.486336,3.16307,316.149,15000,272768,0.455574
Suite_13,Forward,0,994,2.15002,0.89149,0,0.254208,0.517408,3.15244,317.215,15000,278400,0.465853
Suite_13,Forward,0,995,2.15193,0.916136,0,0.23632,0.495776,3.15054,317.406,15000,283776,0.473128
Suite_13,Forward,0,996,2.19133,0.906435,0,0.240032,0.501824,3.18125,314.342,15000,289664,0.479667
Suite_13,Forward,0,997,2.20721,0.927851,0,0.242496,0.505856,3.21255,311.279,15000,296448,0.489586
Suite_13,Forward,0,998,2.23489,0.949169,0,0.723776,0.984384,3.25994,306.754,15000,302336,0.499368
Suite_13,Forward,0,999,2.24893,0.936347,0,0.247936,0.512128,3.30064,302.971,15000,306688,0.505546
Suite_13,Forward,0,1000,2.28072,0.941105,0,0.251392,0.51456,3.31126,302,15000,314112,0.51567
Suite_13,Forward,0,1001,2.28695,0.948627,0,0.257472,0.519392,3.34896,298.6,15000,320512,0.523739
Suite_13,Forward,0,1002,2.31667,0.964204,0,0.258464,0.522752,3.35979,297.638,15000,326528,0.532035
Suite_13,Forward,0,1003,2.32864,0.946445,0,0.263904,0.5248,3.40433,293.744,15000,331904,0.540298
Suite_13,Forward,0,1004,2.35565,0.972664,0,0.26624,0.532032,3.40161,293.978,15000,338176,0.549927
Suite_13,Forward,0,1005,2.37658,0.969593,0,0.276384,0.53472,3.45842,289.149,15000,345472,0.559512
Suite_13,Forward,0,1006,2.40202,0.9876,0,0.274944,0.53888,3.48619,286.846,15000,352512,0.570754
Suite_13,Forward,0,1007,2.41426,0.978257,0,0.281024,0.544192,3.52166,283.957,15000,358144,0.578923
Suite_13,Forward,0,1008,2.44356,1.00353,0,0.282208,0.543008,3.52936,283.338,15000,365184,0.588259
Suite_13,Forward,0,1009,2.46362,1.00414,0,0.285504,0.547648,3.58572,278.884,15000,371840,0.60032
Suite_13,Forward,0,1010,2.49477,1.01709,0,0.28976,0.552672,3.61076,276.95,15000,377216,0.607228
Suite_13,Forward,0,1011,2.50277,1.05404,0,2.21674,2.47757,3.6576,273.403,15000,384384,0.620871
Suite_13,Forward,0,1012,2.53333,1.03644,0,0.295872,0.583648,3.71248,269.362,15000,390016,0.631366
Suite_13,Forward,0,1013,2.56904,1.05275,0,0.301056,0.563648,3.72548,268.422,15000,395904,0.640883
Suite_13,Forward,0,1014,2.58053,1.02,0,0.305152,0.567552,3.77774,264.708,15000,402944,0.649016
Suite_13,Forward,0,1015,2.59203,1.05343,0,0.311008,0.572384,3.75795,266.103,15000,410112,0.660323
Suite_13,Forward,0,1016,2.61712,1.03219,0,0.310336,0.59488,3.80543,262.782,15000,416896,0.671378
Suite_13,Forward,0,1017,2.63642,1.06881,0,0.750784,1.01344,3.80606,262.739,15000,423424,0.681921
Suite_13,Forward,0,1018,2.65961,1.06415,0,0.323296,0.5872,3.8642,258.786,15000,430464,0.694835
Suite_13,Forward,0,1019,2.68661,1.06899,0,0.325536,0.588576,3.88589,257.341,15000,436736,0.70706
Suite_13,Forward,0,1020,2.69798,1.10044,0,0.331392,0.594496,3.92206,254.968,15000,444416,0.717501
Suite_13,Forward,0,1021,2.72825,1.07822,0,0.333152,0.621184,3.96857,251.98,15000,451200,0.727004
Suite_13,Forward,0,1022,2.75154,1.12091,0,0.512384,0.773984,3.97865,251.341,15000,458368,0.74006
Suite_13,Forward,0,1023,2.7721,1.09171,0,0.342464,0.629216,4.04143,247.437,15000,465280,0.753524
Suite_13,Forward,0,1024,2.79885,1.10501,0,0.34816,0.615872,4.03484,247.841,15000,473344,0.766988
Suite_13,Forward,0,1025,2.82606,1.13853,0,0.354304,0.622144,4.08406,244.854,15000,480768,0.779849
Suite_13,Forward,0,1026,2.85467,1.13352,0,0.355616,0.618272,4.15381,240.743,15000,487040,0.791218
Suite_13,Forward,0,1027,2.8783,1.1459,0,0.370528,0.632832,4.16727,239.965,15000,494592,0.805351
Suite_13,Forward,0,1028,2.89845,1.13478,0,0.363168,0.647328,4.21414,237.297,15000,502144,0.81653
Suite_13,Forward,0,1029,2.92793,1.16238,0,0.369152,0.63232,4.22388,236.749,15000,510208,0.828967
Suite_13,Forward,0,1030,2.94497,1.15383,0,0.37664,0.643072,4.28552,233.344,15000,516480,0.840035
Suite_13,Forward,0,1031,2.9777,1.16641,0,0.400256,0.66736,4.29577,232.787,15000,525312,0.860066
Suite_13,Forward,0,1032,3.00613,1.1892,0,0.38912,0.649184,4.34422,230.191,15000,533632,0.870612
Suite_13,Forward,0,1033,3.06533,1.24453,0,0.387552,0.654528,4.40146,227.197,15000,540928,0.881265
Suite_13,Forward,0,1034,3.06401,1.19926,0,0.392352,0.657856,4.51755,221.359,15000,548736,0.893607
Suite_13,Forward,0,1035,3.08247,1.20677,0,0.398624,0.66304,4.4688,223.774,15000,555520,0.904876
Suite_13,Forward,0,1036,3.09577,1.19747,0,0.823296,1.09363,4.49174,222.631,15000,562048,0.915635
Suite_13,Forward,0,1037,3.13137,1.23085,0,0.407552,0.67536,4.50415,222.017,15000,569216,0.925575
Suite_13,Forward,0,1038,3.15584,1.23501,0,0.412128,0.681984,4.58372,218.164,15000,578944,0.940298
Suite_13,Forward,0,1039,3.17936,1.22119,0,0.436352,0.70432,4.60491,217.159,15000,586752,0.951137
Suite_13,Forward,0,1040,3.20106,1.25593,0,0.999424,1.26512,4.61467,216.7,15000,593664,0.962564
Suite_13,Forward,0,1041,3.22726,1.25848,0,0.425984,0.69344,4.67891,213.725,15000,601344,0.975407
Suite_13,Forward,0,1042,3.2436,1.25074,0,0.430816,0.698368,4.70898,212.36,15000,608256,0.985611
Suite_13,Forward,0,1043,3.28323,1.28154,0,0.437984,0.706016,4.71565,212.06,15000,617856,0.998243
Suite_13,Forward,0,1044,3.30836,1.32664,0,0.563584,0.830656,4.79746,208.444,15000,626048,1.00856
Suite_13,Forward,0,1045,3.33042,1.2794,0,0.445536,0.711456,4.87634,205.072,15000,633344,1.01745
Suite_13,Forward,0,1046,3.36082,1.30594,0,0.47104,0.737696,4.84422,206.432,15000,640640,1.03124
Suite_13,Forward,0,1047,3.39169,1.3799,0,0.450304,0.7168,4.90126,204.029,15000,647296,1.04196
Suite_13,Forward,0,1048,3.40325,1.33389,0,2.38346,2.64694,5.00804,199.679,15000,654080,1.05197
Suite_13,Forward,0,1049,3.42809,1.31194,0,0.481984,0.755712,4.98878,200.45,15000,661888,1.06934
Suite_13,Forward,0,1050,3.46362,3.34129,0,0.493568,0.759968,4.98783,200.488,15000,671872,1.0852
Suite_13,Forward,0,1051,3.49483,1.34147,0,0.472864,0.739328,7.04678,141.909,15000,679424,1.09697
Suite_13,Forward,0,1052,3.53286,1.35947,0,1.04784,1.31277,5.08346,196.716,15000,686208,1.11147
Suite_13,Forward,0,1053,3.52345,1.34822,0,0.479392,0.748928,5.17699,193.163,15000,693120,1.12252
Suite_13,Forward,0,1054,3.55094,1.37055,0,0.502752,0.772,5.1369,194.67,15000,700800,1.13609
Suite_13,Forward,0,1055,3.57761,1.36127,0,0.489024,0.753664,5.18077,193.021,15000,708992,1.15231
Suite_13,Forward,0,1056,3.60481,1.37682,0,1.11347,1.37693,5.19299,192.567,15000,715392,1.16386
Suite_13,Forward,0,1057,3.62792,1.39753,0,0.499328,0.7648,5.246,190.622,15000,723584,1.17893
Suite_13,Forward,0,1058,3.65314,1.40282,0,0.526496,0.794624,5.30496,188.503,15000,731904,1.19215
Suite_13,Forward,0,1059,3.69112,1.39972,0,1.13459,1.42131,5.31683,188.082,15000,741632,1.20564
Suite_13,Forward,0,1060,3.72055,1.40537,0,0.516096,0.783424,5.35494,186.744,15000,750080,1.21874
Suite_13,Forward,0,1061,3.74027,1.42651,0,0.520064,0.790304,5.40431,185.037,15000,758656,1.23214
Suite_13,Forward,0,1062,3.76293,1.42248,0,1.24662,1.51155,5.4561,183.281,15000,766080,1.24475
Suite_13,Forward,0,1063,3.78285,1.43075,0,0.526336,0.815648,5.47417,182.676,15000,773376,1.25692
Suite_13,Forward,0,1064,3.81862,1.44709,0,0.534688,0.80384,5.48957,182.164,15000,781952,1.27427
Suite_13,Forward,0,1065,3.86353,1.48055,0,1.20179,1.46557,5.55957,179.87,15000,791552,1.28631
Suite_13,Forward,0,1066,3.87367,1.493,0,0.546816,0.815392,5.64806,177.052,15000,798208,1.29794
Suite_13,Forward,0,1067,3.89381,1.4625,0,0.549312,0.81696,5.65505,176.833,15000,806016,1.31484
Suite_13,Forward,0,1068,3.91903,1.48163,0,1.27635,1.55363,5.65836,176.73,15000,814080,1.32712
Suite_13,Forward,0,1069,3.94935,1.48429,0,0.581632,0.850176,5.69898,175.47,15000,822400,1.34312
Suite_13,Forward,0,1070,3.9866,1.50006,0,0.566048,0.837088,5.73895,174.248,15000,831744,1.35886
Suite_13,Forward,0,1071,4.00958,1.49901,0,0.784384,1.05037,5.78792,172.774,15000,841472,1.37616
Suite_13,Forward,0,1072,4.02634,1.50557,0,0.57344,0.841248,5.82435,171.693,15000,848128,1.39096
Suite_13,Forward,0,1073,4.0551,1.49989,0,0.578144,0.845696,5.84178,171.181,15000,855936,1.40117
Suite_13,Forward,0,1074,4.08205,1.53658,0,0.88192,1.15402,5.85984,170.653,15000,862208,1.41494
Suite_13,Forward,0,1075,4.12226,1.55478,0,0.612352,0.877568,5.92779,168.697,15000,870272,1.42811
Suite_13,Forward,0,1076,4.14715,1.54125,0,0.594048,0.88384,6.00446,166.543,15000,879232,1.4419
Suite_13,Forward,0,1077,4.17303,1.55797,0,1.27386,1.54003,6.02057,166.097,15000,889088,1.45341
Suite_13,Forward,0,1078,4.19739,1.55959,0,0.605696,0.876352,6.04726,165.364,15000,897280,1.46784
Suite_13,Forward,0,1079,4.21962,1.5701,0,0.610304,0.881536,6.0868,164.29,15000,905088,1.47729
Suite_13,Forward,0,1080,4.23905,1.58007,0,2.29376,2.56205,6.11899,163.426,15000,912384,1.49049
Suite_13,Forward,0,1081,4.26492,1.57273,0,0.618624,0.890752,6.16228,162.277,15000,920320,1.50472
Suite_13,Forward,0,1082,4.2911,1.59164,0,0.621248,0.888928,6.18608,161.653,15000,927872,1.51723
Suite_13,Forward,0,1083,4.32471,1.60384,0,1.41158,1.69638,6.22567,160.625,15000,935552,1.5314
Suite_13,Forward,0,1084,4.34975,1.60614,0,0.643008,0.913408,6.26231,159.685,15000,942208,1.54185
Suite_13,Forward,0,1085,4.36192,3.70491,0,0.635904,0.907648,6.29855,158.767,15000,948608,1.55652
Suite_13,Forward,0,1086,4.40845,1.67868,0,1.46042,1.73325,8.42344,118.716,15000,957312,1.5701
Suite_13,Forward,0,1087,4.41422,1.6337,0,0.669024,0.935904,6.45747,154.859,15000,964736,1.58544
Suite_13,Forward,0,1088,4.49595,1.67833,0,0.66592,0.941472,6.38891,156.521,15000,972544,1.59984
Suite_13,Forward,0,1089,4.46467,1.65353,0,1.38784,1.65453,6.53888,152.931,15000,979328,1.61431
Suite_13,Forward,0,1090,4.48824,1.66731,0,0.65776,0.927744,6.47332,154.48,15000,985984,1.62658
Suite_13,Forward,0,1091,4.50732,1.67711,0,0.663232,0.933408,6.51796,153.422,15000,992896,1.63797
Suite_13,Forward,0,1092,4.53269,1.66867,0,1.38141,1.64864,6.54596,152.766,15000,1000064,1.65375
Suite_13,Forward,0,1093,4.5521,1.68629,0,0.673664,0.942944,6.57405,152.113,15000,1007872,1.66782
Suite_13,Forward,0,1094,4.57572,1.70475,0,0.67584,0.946272,6.60691,151.357,15000,1014144,1.67595
Suite_13,Forward,0,1095,4.59987,1.70198,0,1.15917,1.42822,6.64827,150.415,15000,1021696,1.68733
Suite_13,Forward,0,1096,4.62291,1.70991,0,0.684128,0.955648,6.67586,149.793,15000,1028480,1.7027
Suite_13,Forward,0,1097,4.63957,1.71738,0,0.692256,0.962752,6.71164,148.995,15000,1035136,1.71702
Suite_13,Forward,0,1098,4.66491,1.7508,0,0.81696,1.08352,6.73193,148.546,15000,1040768,1.7206
Suite_13,Forward,0,1099,4.6738,1.7295,0,0.698304,0.970688,6.80216,147.012,15000,1046912,1.73517
Suite_13,Forward,0,1100,4.71405,1.80011,0,0.702656,0.97472,6.78842,147.31,15000,1054464,1.74631
Suite_13,Forward,0,1101,4.71802,1.79958,0,2.22317,2.49549,6.90605,144.801,15000,1059968,1.75307
Suite_13,Forward,0,1102,4.73858,1.76686,0,0.710112,0.980928,6.89929,144.943,15000,1065344,1.76502
Suite_13,Forward,0,1103,4.75466,1.80214,0,0.717664,0.986304,6.87999,145.349,15000,1070720,1.77558
Suite_13,Forward,0,1104,4.76805,1.77699,0,0.71312,0.985088,6.93261,144.246,15000,1074688,1.78048
Suite_13,Forward,0,1105,4.79145,1.84878,0,2.43219,2.70246,6.94024,144.087,15000,1081728,1.79663
Suite_13,Forward,0,1106,4.80961,1.81744,0,0.720864,0.99328,7.0268,142.312,15000,1087616,1.80954
Suite_13,Forward,0,1107,4.82711,1.80802,0,0.734944,1.00592,7.0206,142.438,15000,1093632,1.81745
Suite_13,Forward,0,1108,4.84531,1.82937,0,0.730592,1.00147,7.01919,142.466,15000,1099264,1.82698
Suite_13,Forward,0,1109,4.86731,1.81682,0,1.15603,1.4255,7.08223,141.199,15000,1104896,1.84061
Suite_13,Forward,0,1110,4.87748,1.82219,0,0.735232,1.00861,7.08565,141.13,15000,1109504,1.85246
Suite_13,Forward,0,1111,4.89003,1.85609,0,0.745824,1.0199,7.09414,140.961,15000,1115008,1.86724
Suite_13,Forward,0,1112,4.91971,3.85894,0,0.765824,1.03811,7.15873,139.69,15000,1120000,1.87913
Suite_13,Forward,0,1113,4.9328,1.86372,0,1.63936,1.91168,9.18301,108.897,15000,1125632,1.88817
Suite_13,Forward,0,1114,4.94957,1.8467,0,0.774016,1.05062,7.22768,138.357,15000,1130880,1.90527
Suite_13,Forward,0,1115,4.97695,1.84375,0,1.84762,2.13402,7.19649,138.957,15000,1135616,1.92303
Suite_13,Forward,0,1116,4.97992,1.83168,0,0.780832,1.05917,7.23796,138.16,15000,1140224,1.92984
Suite_13,Forward,0,1117,4.99846,1.85761,0,1.65274,1.94147,7.22505,138.407,15000,1145088,1.93795
Suite_13,Forward,0,1118,5.00891,1.86794,0,0.761856,1.03424,7.28635,137.243,15000,1149056,1.95119
Suite_13,Forward,0,1119,5.03196,1.89026,0,1.87814,2.14976,7.28934,137.187,15000,1155072,1.95236
Suite_13,Forward,0,1120,5.06853,1.88799,0,0.767392,1.04218,7.35067,136.042,15000,1158528,1.96342
Suite_13,Forward,0,1121,5.05456,1.90502,0,2.60326,2.87334,7.38766,135.361,15000,1164288,1.97697
Suite_13,Forward,0,1122,5.07166,1.86222,0,0.778016,1.05472,7.38642,135.384,15000,1168896,1.98968
Suite_13,Forward,0,1123,5.08677,1.89175,0,0.78624,1.05677,7.35607,135.942,15000,1174784,2.00433
Suite_13,Forward,0,1124,5.10325,1.92139,0,0.782336,1.05664,7.41334,134.892,15000,1179776,2.02008
Suite_13,Forward,0,1125,5.11739,1.94361,0,0.935936,1.20832,7.46364,133.983,15000,1184512,2.02418
Suite_13,Forward,0,1126,5.13715,1.90131,0,0.786432,1.0631,7.48676,133.569,15000,1188480,2.03155
Suite_13,Forward,0,1127,5.14925,1.9105,0,1.6488,1.92102,7.46258,134.002,15000,1193600,2.05123
Suite_13,Forward,0,1128,5.16496,1.91398,0,0.820896,1.09907,7.4991,133.349,15000,1198208,2.06537
Suite_13,Forward,0,1129,5.1768,1.92743,0,1.68966,1.96198,7.51495,133.068,15000,1201920,2.08222
Suite_13,Forward,0,1130,5.22662,1.95119,0,0.822016,1.10301,7.54735,132.497,15000,1206400,2.09635
Suite_13,Forward,0,1131,5.19902,1.90823,0,1.21264,1.48685,7.61842,131.261,15000,1210752,2.11235
Suite_13,Forward,0,1132,5.22476,1.93833,0,0.808288,1.08502,7.56866,132.124,15000,1215232,2.12717
Suite_13,Forward,0,1133,5.23535,1.98858,0,2.50861,2.78544,7.59232,131.712,15000,1218688,2.13364
Suite_13,Forward,0,1134,5.23868,1.94728,0,0.812736,1.09152,7.67138,130.355,15000,1222144,2.14502
Suite_13,Forward,0,1135,5.26567,3.96402,0,3.18506,3.45702,7.61331,131.349,15000,1228032,2.15984
Suite_13,Forward,0,1136,5.27597,1.92369,0,0.841728,1.11565,9.65761,103.545,15000,1231360,2.17238
Suite_13,Forward,0,1137,5.29965,1.94745,0,1.99302,2.26918,7.64169,130.861,15000,1233280,2.1825
Suite_13,Forward,0,1138,5.28789,1.96198,0,0.84448,1.12141,7.71562,129.607,15000,1236096,2.19884
Suite_13,Forward,0,1139,5.30819,1.99312,0,1.76307,2.03709,7.70125,129.849,15000,1239936,2.21281
Suite_13,Forward,0,1140,5.30906,1.95502,0,0.82608,1.10592,7.75997,128.867,15000,1244160,2.2295
Suite_13,Forward,0,1141,5.32676,1.96113,0,2.35174,2.62538,7.72413,129.464,15000,1246976,2.24236
Suite_13,Forward,0,1142,5.33911,1.94636,0,0.831488,1.10592,7.74638,129.093,15000,1249664,2.25647
Suite_13,Forward,0,1143,5.3415,1.97155,0,1.71827,1.99066,7.73913,129.214,15000,1250816,2.26302
Suite_13,Forward,0,1144,5.34458,1.956,0,0.837792,1.13696,7.76142,128.842,15000,1251712,2.26814
Suite_13,Forward,0,1145,5.35624,1.9879,0,1.73261,2.00794,7.76392,128.801,15000,1253888,2.27913
Suite_13,Forward,0,1146,5.3596,1.96239,0,0.855808,1.13645,7.8127,127.997,15000,1254656,2.2878
Suite_13,Forward,0,1147,5.35301,1.94826,0,2.04413,2.31642,7.76585,128.769,15000,1256064,2.29599
Suite_13,Forward,0,1148,5.36106,1.97799,0,0.83952,1.1161,7.76643,128.759,15000,1258112,2.31319
Suite_13,Forward,0,1149,5.37049,1.98074,0,2.50675,2.78118,7.7915,128.345,15000,1260672,2.32563
Suite_13,Forward,0,1150,5.38002,1.98733,0,0.841728,1.11802,7.80438,128.133,15000,1261696,2.33797
Suite_13,Forward,0,1151,5.39636,1.97449,0,1.71818,1.99053,7.82232,127.839,15000,1264000,2.34802
Suite_13,Forward,0,1152,5.39181,1.99078,0,0.84432,1.14598,7.8125,128,15000,1264512,2.33293
Suite_13,Forward,0,1153,5.39412,1.96284,0,1.74755,2.01728,7.85804,127.258,15000,1265152,2.34252
Suite_13,Forward,0,1154,5.39904,1.99123,0,0.870592,1.14842,7.81398,127.976,15000,1267072,2.35751
Suite_13,Forward,0,1155,5.39786,1.96576,0,2.11616,2.38957,7.8597,127.231,15000,1267968,2.37196
Suite_13,Forward,0,1156,5.4116,1.98768,0,0.848256,1.12285,7.80656,128.097,15000,1269376,2.37648
Suite_13,Forward,0,1157,5.41619,2.0048,0,2.51302,2.78528,7.8566,127.282,15000,1270400,2.38542
Suite_13,Forward,0,1158,5.4273,3.9621,0,0.875904,1.15098,7.8835,126.847,15000,1270784,2.39955
Suite_13,Forward,0,1159,5.42536,1.99836,0,2.07462,2.35315,9.8342,101.686,15000,1272064,2.40164
Suite_13,Forward,0,1160,5.41715,1.94817,0,0.864384,1.13866,7.90966,126.428,15000,1272320,2.40562
Suite_13,Forward,0,1161,5.42367,1.99476,0,1.81453,2.08416,7.82469,127.801,15000,1273088,2.42039
Suite_13,Forward,0,1162,5.4239,2.00102,0,0.85072,1.12589,7.88072,126.892,15000,1273088,2.43263
Suite_13,Forward,0,1163,5.42582,2.0179,0,0.855168,1.1247,7.87088,127.051,15000,1272448,2.4399
Suite_13,Forward,0,1164,5.43883,1.97748,0,0.852192,1.12835,7.91492,126.344,15000,1272832,2.45064
Suite_13,Forward,0,1165,5.43739,1.97788,0,1.74269,2.03267,7.88972,126.747,15000,1273600,2.44054
Suite_13,Forward,0,1166,5.43578,1.96772,0,0.863104,1.13651,7.88862,126.765,15000,1273088,2.45454
Suite_13,Forward,0,1167,5.43672,1.96966,0,1.81248,2.08307,7.87315,127.014,15000,1273856,2.47387
Suite_13,Forward,0,1168,5.44654,2.04649,0,0.851648,1.12454,7.86042,127.22,15000,1272960,2.47507
Suite_13,Forward,0,1169,5.42958,1.99404,0,2.59686,2.86896,7.96334,125.576,15000,1270528,2.4784
Suite_13,Forward,0,1170,5.42333,1.98288,0,0.848096,1.12304,7.88384,126.842,15000,1269760,2.4852
Suite_13,Forward,0,1171,5.4295,2.01644,0,1.7593,2.02957,7.87488,126.986,15000,1268736,2.49202
Suite_13,Forward,0,1172,5.42528,1.96701,0,0.84976,1.12118,7.90277,126.538,15000,1268736,2.51051
Suite_13,Forward,0,1173,5.43351,1.96942,0,1.75104,2.02246,7.85065,127.378,15000,1269248,2.51842
Suite_13,Forward,0,1174,5.42326,1.98996,0,0.8704,1.14925,7.84684,127.44,15000,1266560,2.52446
Suite_13,Forward,0,1175,5.42096,1.94109,0,2.09248,2.36237,7.88161,126.878,15000,1267200,2.5359
Suite_13,Forward,0,1176,5.42807,1.98645,0,0.84992,1.1223,7.81938,127.887,15000,1267328,2.55657
Suite_13,Forward,0,1177,5.42785,2.00785,0,2.69126,2.96189,7.8835,126.847,15000,1267456,2.57985
Suite_13,Forward,0,1178,5.42858,1.95908,0,0.848032,1.12218,7.89161,126.717,15000,1266432,2.57705
Suite_13,Forward,0,1179,5.42441,1.96868,0,1.73466,2.00294,7.85212,127.354,15000,1265408,2.58758
Suite_13,Forward,0,1180,5.42961,3.9207,0,0.872224,1.14346,7.89776,126.618,15000,1264256,2.60694
Suite_13,Forward,0,1181,5.43203,1.9961,0,1.83174,2.10138,9.82184,101.814,15000,1261696,2.62522
Suite_13,Forward,0,1182,5.41733,1.97965,0,0.844512,1.11578,7.8964,126.64,15000,1261056,2.65155
Suite_13,Forward,0,1183,5.41719,2.00324,0,0.854272,1.12435,7.87805,126.935,15000,1259136,2.59139
Suite_13,Forward,0,1184,5.41249,1.96456,0,0.847744,1.12259,7.87568,126.973,15000,1258496,2.59553
Suite_13,Forward,0,1185,5.40474,1.96697,0,1.73235,2.00058,7.83757,127.591,15000,1256320,2.57904
Suite_13,Forward,0,1186,5.39983,1.95593,0,0.870112,1.14234,7.83238,127.675,15000,1255040,2.58904
Suite_13,Forward,0,1187,5.40711,1.9838,0,1.95974,2.22822,7.79658,128.261,15000,1252736,2.54944
Suite_13,Forward,0,1188,5.39926,1.95575,0,0.839584,1.12538,7.83601,127.616,15000,1251968,2.55439
Suite_13,Forward,0,1189,5.39691,1.99862,0,1.80272,2.0705,7.79771,128.243,15000,1249152,2.5637
Suite_13,Forward,0,1190,5.38149,1.96878,0,0.833504,1.10797,7.84955,127.396,15000,1246464,2.57012
Suite_13,Forward,0,1191,5.37581,1.95885,0,2.3537,2.62144,7.80183,128.175,15000,1244800,2.59163
Suite_13,Forward,0,1192,5.37673,1.93976,0,0.83024,1.10563,7.78831,128.398,15000,1242240,2.48163
Suite_13,Forward,0,1193,5.37507,1.94233,0,1.70086,1.97101,7.77409,128.633,15000,1239552,2.49069
Suite_13,Forward,0,1194,5.36881,1.96161,0,0.85296,1.12435,7.75713,128.914,15000,1238528,2.44614
Suite_13,Forward,0,1195,5.36347,1.9526,0,2.09101,2.36301,7.79966,128.211,15000,1235840,2.4454
Suite_13,Forward,0,1196,5.3592,1.95548,0,0.847872,1.11949,7.75192,129,15000,1234688,2.44504
Suite_13,Forward,0,1197,5.35973,1.94983,0,1.83296,2.10275,7.77559,128.608,15000,1233280,2.42994
Suite_13,Forward,0,1198,5.34886,1.9575,0,0.82192,1.09363,7.75719,128.913,15000,1230720,2.40972
Suite_13,Forward,0,1199,5.33256,1.94019,0,2.41443,2.68304,7.75788,128.901,15000,1227264,2.41849
Suite_13,Forward,0,1200,5.33149,1.91309,0,0.821376,1.09251,7.71798,129.568,15000,1223680,2.40779
Suite_13,Forward,0,1201,5.32613,1.92411,0,1.69779,1.96518,7.69159,130.012,15000,1220224,2.42257
Suite_13,Forward,0,1202,5.32359,1.94531,0,0.820864,1.09424,7.68801,130.073,15000,1218816,2.43386
Suite_13,Forward,0,1203,5.30777,3.83896,0,4.13818,4.40714,7.70644,129.762,15000,1215616,2.44748
Suite_13,Forward,0,1204,5.31979,1.88212,0,0.820128,1.09366,9.57023,104.491,15000,1212288,2.44239
Suite_13,Forward,0,1205,5.30985,1.91948,0,2.68083,2.9504,7.6553,130.628,15000,1208704,2.45077
Suite_13,Forward,0,1206,5.29478,2.05002,0,0.8192,1.09027,7.69658,129.928,15000,1205888,2.46806
Suite_13,Forward,0,1207,5.28654,1.90713,0,1.492,1.76272,7.77228,128.662,15000,1203072,2.46841
Suite_13,Forward,0,1208,5.27403,1.90479,0,0.81568,1.08954,7.64087,130.875,15000,1201408,2.44621
Suite_13,Forward,0,1209,5.28483,1.91671,0,1.68608,1.95786,7.61347,131.346,15000,1198720,2.45024
Suite_13,Forward,0,1210,5.26321,1.90784,0,0.837632,1.10912,7.64833,130.747,15000,1196416,2.43626
Suite_13,Forward,0,1211,5.26308,1.90924,0,2.1223,2.40653,7.61618,131.299,15000,1193856,2.45572
Suite_13,Forward,0,1212,5.24813,1.86012,0,0.829056,1.10368,7.60237,131.538,15000,1190784,2.46704
Suite_13,Forward,0,1213,5.24039,1.90079,0,1.5631,1.83066,7.54062,132.615,15000,1187200,2.46953
Suite_13,Forward,0,1214,5.22618,1.86633,0,0.794624,1.06675,7.57409,132.029,15000,1182720,2.46164
Suite_13,Forward,0,1215,5.23087,1.91573,0,2.56883,2.84176,7.51595,133.05,15000,1180800,2.48628
Suite_13,Forward,0,1216,5.21739,1.88309,0,0.78736,1.06442,7.56924,132.114,15000,1177728,2.51187
Suite_13,Forward,0,1217,5.20984,1.88845,0,0.971328,1.24134,7.51821,133.01,15000,1174400,2.50503
Suite_13,Forward,0,1218,5.20115,1.8635,0,0.77856,1.05101,7.54577,132.525,15000,1171712,2.50633
Suite_13,Forward,0,1219,5.19327,1.88439,0,1.63635,1.90874,7.50099,133.316,15000,1168512,2.51658
Suite_13,Forward,0,1220,5.18581,1.8576,0,0.772352,1.04621,7.51013,133.153,15000,1166208,2.29344
Suite_13,Forward,0,1221,5.18196,1.87318,0,1.63021,1.92512,7.48048,133.681,15000,1161856,2.27802
Suite_13,Forward,0,1222,5.17504,1.87646,0,0.786432,1.05597,7.46986,133.871,15000,1159040,2.23026
Suite_13,Forward,0,1223,5.16589,1.86897,0,2.17648,2.46864,7.4853,133.595,15000,1156352,2.21012
Suite_13,Forward,0,1224,5.14732,1.82962,0,0.759776,1.05062,7.45364,134.163,15000,1153152,2.21243
Suite_13,Forward,0,1225,5.14256,1.85878,0,1.16813,1.4377,7.38458,135.417,15000,1149312,2.21618
Suite_13,Forward,0,1226,5.13612,3.79974,0,0.755712,1.02963,7.40597,135.026,15000,1145600,2.22679
Suite_13,Forward,0,1227,5.13702,1.8678,0,0.759072,1.02938,9.35659,106.877,15000,1140992,2.21255
Suite_13,Forward,0,1228,5.13093,1.84157,0,0.753024,1.02845,7.4298,134.593,15000,1136384,2.19916
Suite_13,Forward,0,1229,5.1029,1.84128,0,1.59066,1.85958,7.38235,135.458,15000,1132416,2.1709
Suite_13,Forward,0,1230,5.08717,1.81368,0,0.744832,1.01786,7.35099,136.036,15000,1128576,2.17031
Suite_13,Forward,0,1231,5.08079,1.82764,0,1.5831,1.85366,7.30798,136.837,15000,1124224,2.17882
Suite_13,Forward,0,1232,5.06833,1.81177,0,0.74144,1.01376,7.31658,136.676,15000,1119872,2.15547
Suite_13,Forward,0,1233,5.061,1.8132,0,1.56522,1.86176,7.29229,137.131,15000,1116672,2.17085
Suite_13,Forward,0,1234,5.0459,1.81503,0,0.758432,1.03219,7.27124,137.528,15000,1112576,2.15516
Suite_13,Forward,0,1235,5.04155,1.82256,0,1.60154,1.87062,7.26279,137.688,15000,1108992,2.15332
Suite_13,Forward,0,1236,5.03291,1.80125,0,0.733312,1.0281,7.27292,137.496,15000,1105792,2.16483
Suite_13,Forward,0,1237,5.01716,1.77586,0,1.72426,2.01501,7.24124,138.098,15000,1102976,2.18005
Suite_13,Forward,0,1238,5.01386,1.80019,0,0.75888,1.03027,7.1876,139.129,15000,1099264,2.18711
Suite_13,Forward,0,1239,5.00888,1.80502,0,1.6343,1.90806,7.20706,138.753,15000,1095424,2.19562
Suite_13,Forward,0,1240,4.99491,1.78135,0,0.75664,1.02736,7.20248,138.841,15000,1091456,2.17241
Suite_13,Forward,0,1241,4.98062,1.78355,0,1.39478,1.66483,7.17326,139.407,15000,1087104,2.1857
Suite_13,Forward,0,1242,4.97172,1.79055,0,0.72704,0.999264,7.16296,139.607,15000,1083136,2.17414
Suite_13,Forward,0,1243,4.96194,1.78689,0,1.92902,2.1975,7.15906,139.683,15000,1078656,2.18148
Suite_13,Forward,0,1244,4.9473,1.76208,0,0.726976,0.995328,7.14168,140.023,15000,1075072,2.19166
Suite_13,Forward,0,1245,4.93626,1.79876,0,1.62202,1.88954,7.10352,140.775,15000,1070848,2.20869
Suite_13,Forward,0,1246,4.92609,1.76984,0,0.722592,0.991232,7.13066,140.24,15000,1066240,2.22022
Suite_13,Forward,0,1247,4.94196,1.80976,0,1.09568,1.3623,7.07345,141.374,15000,1060736,2.22608
Suite_13,Forward,0,1248,4.89553,1.77428,0,0.714752,0.984736,7.1519,139.823,15000,1056384,2.21529
Suite_13,Forward,0,1249,4.89102,1.77157,0,1.25606,1.52339,7.05273,141.789,15000,1052800,2.23661
Suite_13,Forward,0,1250,4.88683,1.77891,0,0.713728,0.986208,7.06204,141.602,15000,1048960,2.22598
Suite_13,Forward,0,1251,4.86589,21.0226,0,20.7145,20.9799,7.05036,141.837,15000,1043456,2.23884
Suite_13,Forward,0,1252,4.86163,1.74846,0,0.73008,1.00211,26.2579,38.0838,15000,1039104,2.25995
Suite_13,Forward,0,1253,4.84359,1.73077,0,0.713632,0.988352,7.00729,142.709,15000,1034496,2.28581
Suite_13,Forward,0,1254,4.82936,1.70858,0,1.32925,1.59523,6.93976,144.097,15000,1029888,2.30282
Suite_13,Forward,0,1255,4.81819,1.68307,0,0.72704,0.997024,6.93449,144.207,15000,1025152,2.29598
Suite_13,Forward,0,1256,4.80313,1.6851,0,0.72752,0.998976,6.88123,145.323,15000,1020800,2.30847
Suite_13,Forward,0,1257,4.79156,1.69245,0,1.11152,1.38445,6.85989,145.775,15000,1017088,2.34954
Suite_13,Forward,0,1258,4.7858,1.67805,0,0.720992,0.994016,6.84342,146.126,15000,1011840,2.39036
Suite_13,Forward,0,1259,4.76439,1.67089,0,0.720896,0.999424,6.82823,146.451,15000,1005696,2.43476
Suite_13,Forward,0,1260,4.75561,1.69124,0,1.50512,1.78995,6.79983,147.063,15000,1001344,2.47226
Suite_13,Forward,0,1261,4.74524,1.69922,0,0.690944,0.9808,6.82369,146.548,15000,996992,2.52884
Suite_13,Forward,0,1262,4.72206,1.66689,0,0.686912,0.982592,6.8049,146.953,15000,989312,2.55932
Suite_13,Forward,0,1263,4.70883,1.66076,0,1.89738,2.18522,6.73681,148.438,15000,983296,2.62553
Suite_13,Forward,0,1264,4.69463,1.64326,0,0.68992,0.965824,6.71678,148.881,15000,977792,2.70118
Suite_13,Forward,0,1265,4.67963,1.64634,0,0.69872,0.968704,6.68486,149.592,15000,972160,2.78468
Suite_13,Forward,0,1266,4.66313,1.64054,0,1.40038,1.6937,6.68064,149.686,15000,967808,2.33061
Suite_13,Forward,0,1267,4.65791,1.62635,0,0.671072,0.962784,6.65588,150.243,15000,962304,2.30886
Suite_13,Forward,0,1268,4.64742,1.65026,0,0.669536,0.940032,6.65255,150.318,15000,957952,2.27276
Suite_13,Forward,0,1269,4.63305,1.65706,0,1.40586,1.67117,6.64986,150.379,15000,953984,2.28113
Suite_13,Forward,0,1270,4.62618,1.6382,0,0.663552,0.935552,6.64126,150.574,15000,948352,2.26509
Suite_13,Forward,0,1271,4.60049,1.60581,0,0.661504,0.932032,6.61025,151.28,15000,941952,2.27836
Suite_13,Forward,0,1272,4.58622,1.62871,0,1.08954,1.35923,6.55332,152.595,15000,936576,2.30072
Suite_13,Forward,0,1273,4.56205,1.62676,0,0.6624,0.930656,6.55546,152.545,15000,931584,2.23852
Suite_13,Forward,0,1274,4.55857,1.61195,0,0.6656,0.935936,6.53268,153.077,15000,927360,2.27297
Suite_13,Forward,0,1275,4.5399,1.61387,0,2.26925,2.53747,6.49938,153.861,15000,922624,2.28593
Suite_13,Forward,0,1276,4.52842,1.59116,0,0.659456,0.927168,6.49563,153.95,15000,916992,2.31841
Suite_13,Forward,0,1277,4.5145,1.60514,0,0.658208,0.92656,6.4677,154.614,15000,910336,2.36061
Suite_13,Forward,0,1278,4.50429,1.58619,0,1.95395,2.22186,6.44902,155.062,15000,906624,2.41314
Suite_13,Forward,0,1279,4.49433,3.87902,0,0.655872,0.927232,6.42615,155.614,15000,902784,2.43451
Suite_13,Forward,0,1280,4.49394,1.56279,0,0.65552,0.921984,8.71416,114.756,15000,896128,2.47779
Suite_13,Forward,0,1281,4.45609,1.57683,0,1.42666,1.69328,6.43263,155.457,15000,890112,2.50201
Suite_13,Forward,0,1282,4.44928,1.55059,0,0.65536,0.923232,6.34955,157.491,15000,883840,2.51997
Suite_13,Forward,0,1283,4.42888,1.55797,0,0.673792,0.95216,6.32596,158.079,15000,878336,2.55991
Suite_13,Forward,0,1284,4.41777,1.56611,0,1.72634,1.99258,6.29881,158.76,15000,872704,2.65011
Suite_13,Forward,0,1285,4.4026,1.52324,0,0.669504,0.93824,6.31471,158.36,15000,867200,2.73223
Suite_13,Forward,0,1286,4.3921,1.53437,0,0.64944,0.919776,6.25091,159.977,15000,861696,2.84749
Suite_13,Forward,0,1287,4.37072,1.51666,0,1.13018,1.39306,6.23857,160.293,15000,856704,2.35048
Suite_13,Forward,0,1288,4.3563,1.50978,0,0.643072,0.91248,6.19061,161.535,15000,851456,2.38956
Suite_13,Forward,0,1289,4.37538,1.56079,0,0.63616,0.904384,6.18028,161.805,15000,846336,2.46561
Suite_13,Forward,0,1290,4.32673,1.51409,0,2.15245,2.41664,6.24352,160.166,15000,840448,2.55086
Suite_13,Forward,0,1291,4.31093,1.48611,0,0.63056,0.897696,6.15166,162.558,15000,834688,2.64512
Suite_13,Forward,0,1292,4.30147,1.51501,0,0.643392,0.913056,6.09927,163.954,15000,829312,2.75853
Suite_13,Forward,0,1293,4.289,1.50952,0,1.62237,1.88826,6.11965,163.408,15000,824960,2.90203
Suite_13,Forward,0,1294,4.27548,1.47221,0,0.633248,0.902304,6.10178,163.887,15000,820096,3.06427
Suite_13,Forward,0,1295,4.26023,1.47093,0,0.606144,0.874048,6.05516,165.148,15000,815744,3.25396
Suite_13,Forward,0,1296,4.24865,1.47635,0,0.601952,0.868352,6.02391,166.005,15000,811136,3.42127
Suite_13,Forward,0,1297,4.23564,1.46395,0,0.5816,0.849408,6.03128,165.802,15000,806272,2.39374
Suite_13,Forward,0,1298,4.22137,1.46591,0,0.579584,0.845824,5.98945,166.96,15000,801408,2.45326
Suite_13,Forward,0,1299,4.20632,1.45486,0,1.83206,2.09715,5.99141,166.906,15000,796672,2.11383
Suite_13,Forward,0,1300,4.19731,1.45498,0,0.575488,0.86496,5.95176,168.018,15000,792576,2.1461
Suite_13,Forward,0,1301,4.18985,1.45348,0,0.595904,0.862176,5.954,167.954,15000,787584,2.17608
Suite_13,Forward,0,1302,4.17276,1.43207,0,1.23542,1.4999,5.93713,168.432,15000,781184,2.20939
Suite_13,Forward,0,1303,4.16074,1.43409,0,0.566304,0.83312,5.89415,169.66,15000,776576,2.23504
Suite_13,Forward,0,1304,4.14116,1.41605,0,0.557344,0.825344,5.89341,169.681,15000,771584,2.27456
Suite_13,Forward,0,1305,4.12366,1.43497,0,2.6665,2.93402,5.83334,171.428,15000,765568,2.32072
Suite_13,Forward,0,1306,4.11276,1.41506,0,0.571328,0.843616,5.84835,170.988,15000,759808,2.37596
Suite_13,Forward,0,1307,4.0975,1.40855,0,0.545632,0.814112,5.80857,172.159,15000,754432,2.21686
Suite_13,Forward,0,1308,4.08791,1.40962,0,1.20013,1.46403,5.78447,172.877,15000,749952,2.0243
Suite_13,Forward,0,1309,4.08679,1.40895,0,0.539456,0.804896,5.77363,173.201,15000,744320,2.05058
Suite_13,Forward,0,1310,4.05912,1.40505,0,0.53248,0.799648,5.77535,173.15,15000,737536,2.02559
Suite_13,Forward,0,1311,4.04542,1.38281,0,1.23702,1.49914,5.73036,174.509,15000,733184,2.06325
Suite_13,Forward,0,1312,4.03147,3.53831,0,0.530624,0.796768,5.70135,175.397,15000,729344,2.01144
Suite_13,Forward,0,1313,4.02247,1.38703,0,0.522528,0.789504,7.84611,127.452,15000,724352,2.03007
Suite_13,Forward,0,1314,4.02641,1.40613,0,1.24928,1.51142,5.68298,175.964,15000,719360,2.05895
Suite_13,Forward,0,1315,3.98839,1.36955,0,0.52224,0.813344,5.71165,175.081,15000,712448,1.92333
Suite_13,Forward,0,1316,3.98238,1.37334,0,0.514048,0.781344,5.62686,177.719,15000,707072,1.94183
Suite_13,Forward,0,1317,3.9672,1.38919,0,0.5248,0.790144,5.62361,177.822,15000,702464,1.94595
Suite_13,Forward,0,1318,3.95577,1.34777,0,0.508832,0.77824,5.61434,178.115,15000,699136,1.97859
Suite_13,Forward,0,1319,3.93571,1.34589,0,0.50656,0.792576,5.57005,179.532,15000,693504,1.96319
Suite_13,Forward,0,1320,3.92596,1.34545,0,1.14387,1.43059,5.54013,180.501,15000,688384,1.99563
Suite_13,Forward,0,1321,3.91033,1.34614,0,0.505888,0.770112,5.52906,180.863,15000,683136,2.02668
Suite_13,Forward,0,1322,3.91452,1.36916,0,0.499712,0.765408,5.50629,181.611,15000,678912,1.94892
Suite_13,Forward,0,1323,3.88391,1.31138,0,0.502112,0.767552,5.54244,180.426,15000,673920,1.95744
Suite_13,Forward,0,1324,3.86847,1.3353,0,1.2856,1.54624,5.44227,183.747,15000,668288,1.94371
Suite_13,Forward,0,1325,3.863,1.31656,0,0.499936,0.763904,5.45815,183.212,15000,664192,1.95565
Suite_13,Forward,0,1326,3.84585,1.31257,0,0.50208,0.76768,5.42378,184.373,15000,658560,1.96827
Suite_13,Forward,0,1327,3.83475,1.32928,0,0.497536,0.76112,5.3957,185.333,15000,653568,2.00099
Suite_13,Forward,0,1328,3.81666,1.31356,0,1.10557,1.37226,5.41489,184.676,15000,648064,2.02031
Suite_13,Forward,0,1329,3.80552,1.301,0,0.521376,0.785152,5.37118,186.179,15000,643840,2.05647
Suite_13,Forward,0,1330,3.79234,1.2852,0,0.501216,0.766688,5.34452,187.107,15000,638592,2.09679
Suite_13,Forward,0,1331,3.76973,1.28948,0,0.503808,0.766624,5.32067,187.946,15000,633856,2.10484
Suite_13,Forward,0,1332,3.78866,1.40652,0,1.55238,1.81283,5.28989,189.04,15000,629632,2.16812
Suite_13,Forward,0,1333,3.76571,1.29691,0,0.500864,0.765184,5.44421,183.682,15000,624256,2.24347
Suite_13,Forward,0,1334,3.74641,1.30746,0,0.503808,0.765888,5.30662,188.444,15000,617984,2.33822
Suite_13,Forward,0,1335,3.72716,1.27851,0,0.513568,0.775424,5.27824,189.457,15000,613632,2.28406
Suite_13,Forward,0,1336,3.71254,1.24768,0,1.29165,1.54829,5.23833,190.9,15000,609792,2.41934
Suite_13,Forward,0,1337,3.70279,1.26549,0,0.507904,0.770048,5.18325,192.929,15000,605056,2.55883
Suite_13,Forward,0,1338,3.68873,1.26191,0,0.503808,0.761408,5.1991,192.341,15000,600192,2.81762
Suite_13,Forward,0,1339,3.67047,1.26367,0,0.489152,0.749568,5.18175,192.985,15000,595712,3.19602
Suite_13,Forward,0,1340,3.65934,1.2303,0,1.47523,1.73283,5.15982,193.805,15000,592512,3.78601
Suite_13,Forward,0,1341,3.65173,1.23887,0,0.48576,0.749632,5.11227,195.608,15000,588544,4.86335
Suite_13,Forward,0,1342,3.69491,1.26513,0,0.500032,0.76384,5.10515,195.881,15000,583296,6.96743
Suite_13,Forward,0,1343,3.63355,1.24705,0,0.510112,0.772128,5.17626,193.189,15000,579456,10.5131
Suite_13,Forward,0,1344,3.61648,1.21161,0,1.13469,1.3929,5.09758,196.171,15000,575360,10.8201
Suite_13,Forward,0,1345,3.60043,1.22271,0,0.546816,0.804224,5.04788,198.103,15000,569856,9.20477
Suite_13,Forward,0,1346,3.60427,1.24221,0,0.487424,0.746976,5.0413,198.361,15000,565888,2.76911
Suite_13,Forward,0,1347,3.57692,1.19451,0,0.448992,0.716736,5.06261,197.527,15000,560000,3.19912
Suite_13,Forward,0,1348,3.56727,1.2237,0,0.590496,0.8504,4.98752,200.501,15000,555520,3.92047
Suite_13,Forward,0,1349,3.55886,1.21173,0,0.449184,0.7168,5.00513,199.795,15000,552448,5.23663
Suite_13,Forward,0,1350,3.53539,1.20974,0,0.452608,0.718848,4.97778,200.893,15000,547712,7.59575
Suite_13,Forward,0,1351,3.52437,1.16717,0,0.441088,0.710464,4.94861,202.077,15000,543360,10.7258
Suite_13,Forward,0,1352,3.52144,1.19729,0,1.05984,1.32493,4.89891,204.127,15000,539392,10.7088
Suite_13,Forward,0,1353,3.51188,1.19649,0,0.42672,0.69392,4.92929,202.869,15000,534272,7.68715
Suite_13,Forward,0,1354,3.49682,1.17756,0,0.422912,0.688992,4.91098,203.625,15000,528512,2.23193
Suite_13,Forward,0,1355,3.48428,1.18579,0,0.417536,0.683968,4.86885,205.387,15000,523520,2.46754
Suite_13,Forward,0,1356,3.4765,1.18719,0,0.997024,1.25667,4.87012,205.334,15000,519552,2.7999
Suite_13,Forward,0,1357,3.45499,3.50406,0,0.393216,0.657024,4.85587,205.936,15000,515584,3.1676
Suite_13,Forward,0,1358,3.44715,1.19396,0,0.388064,0.649952,7.15296,139.802,15000,512256,3.15817
Suite_13,Forward,0,1359,3.43498,1.16572,0,0.413408,0.682432,4.84296,206.485,15000,508032,1.63775
Suite_13,Forward,0,1360,3.4258,1.14875,0,0.391584,0.655584,4.83523,206.816,15000,504448,1.63031
Suite_13,Forward,0,1361,3.4199,1.17147,0,0.395264,0.6592,4.76442,209.889,15000,500352,1.62127
Suite_13,Forward,0,1362,3.40384,1.12944,0,0.383488,0.648192,4.77836,209.277,15000,495744,1.62815
Suite_13,Forward,0,1363,3.38543,1.13671,0,0.381024,0.669952,4.72925,211.45,15000,490880,1.62396
Suite_13,Forward,0,1364,3.37108,1.13115,0,0.381888,0.643296,4.72251,211.752,15000,485760,1.62593
Suite_13,Forward,0,1365,3.35519,1.10561,0,0.384896,0.646976,4.68538,213.43,15000,482432,1.64795
Suite_13,Forward,0,1366,3.34743,1.1641,0,0.96064,1.24682,4.64926,215.088,15000,478592,1.67603
Suite_13,Forward,0,1367,3.3471,1.12758,0,0.390368,0.653056,4.69414,213.032,15000,475520,1.66708
Suite_13,Forward,0,1368,3.32632,1.0935,0,0.387072,0.652704,4.66094,214.549,15000,471424,1.66811
Suite_13,Forward,0,1369,3.31665,1.11621,0,0.409696,0.673824,4.597,217.533,15000,466944,1.69161
Suite_13,Forward,0,1370,3.29648,1.10882,0,0.390816,0.652992,4.61744,216.57,15000,462720,1.61659
Suite_13,Forward,0,1371,3.28006,1.09515,0,1.49136,1.75014,4.58219,218.236,15000,458880,1.6465
Suite_13,Forward,0,1372,3.27791,1.10084,0,0.39168,0.673792,4.54693,219.929,15000,455552,1.6768
Suite_13,Forward,0,1373,3.27633,1.09423,0,0.387104,0.64848,4.55528,219.526,15000,451840,1.67273
Suite_13,Forward,0,1374,3.25345,1.0721,0,0.40272,0.665024,4.5453,220.007,15000,447488,1.69476
Suite_13,Forward,0,1375,3.25316,1.10005,0,0.384576,0.646528,4.49658,222.391,15000,444416,1.73391
Suite_13,Forward,0,1376,3.23739,1.10797,0,0.396224,0.652064,4.51829,221.323,15000,438912,1.72429
Suite_13,Forward,0,1377,3.22037,1.05323,0,0.379136,0.655968,4.51855,221.31,15000,435712,1.69343
Suite_13,Forward,0,1378,3.21214,1.06951,0,0.386368,0.648448,4.43623,225.417,15000,432256,1.7317
Suite_13,Forward,0,1379,3.18383,1.0543,0,0.371008,0.632448,4.44207,225.12,15000,426368,1.74172
Suite_13,Forward,0,1380,3.18078,1.07322,0,0.36912,0.630368,4.40904,226.807,15000,423680,1.79939
Suite_13,Forward,0,1381,3.17454,1.06946,0,0.92064,1.17715,4.42057,226.215,15000,418816,1.67462
Suite_13,Forward,0,1382,3.1639,1.04331,0,0.36848,0.630848,4.40792,226.864,15000,414976,1.70297
Suite_13,Forward,0,1383,3.14983,1.04652,0,0.383648,0.64512,4.36266,229.218,15000,410880,1.63292
Suite_13,Forward,0,1384,3.1395,1.05382,0,0.359488,0.618496,4.35753,229.488,15000,408064,1.67093
Suite_13,Forward,0,1385,3.12715,1.02562,0,0.371584,0.63488,4.35569,229.585,15000,404736,1.68596
Suite_13,Forward,0,1386,3.12126,1.04142,0,0.3584,0.616832,4.3091,232.067,15000,401280,1.73017
Suite_13,Forward,0,1387,3.09928,1.04612,0,1.87011,2.12582,4.31791,231.593,15000,397056,1.74755
Suite_13,Forward,0,1388,3.09476,1.01303,0,0.348064,0.606464,4.29821,232.655,15000,393856,1.79485
Suite_13,Forward,0,1389,3.10379,1.05729,0,0.3376,0.595808,4.25987,234.749,15000,390528,1.71834
Suite_13,Forward,0,1390,3.08128,0.998398,0,0.332544,0.59184,4.31029,232.003,15000,386048,1.71378
Suite_13,Forward,0,1391,3.06481,1.02367,0,0.321568,0.579584,4.23294,236.242,15000,382080,1.71101
Suite_13,Forward,0,1392,3.04472,1.02496,0,0.315392,0.571392,4.24217,235.728,15000,378112,1.7448
Suite_13,Forward,0,1393,3.03132,1.00798,0,0.407552,0.659456,4.21482,237.258,15000,374272,1.78413
Suite_13,Forward,0,1394,3.0207,1.01272,0,0.305152,0.55952,4.18184,239.129,15000,370048,1.66803
Suite_13,Forward,0,1395,3.01122,0.981365,0,0.303104,0.55744,4.1772,239.395,15000,366464,1.70201
Suite_13,Forward,0,1396,3.00416,0.997503,0,0.297856,0.554656,4.13908,241.599,15000,362880,1.78916
Suite_13,Forward,0,1397,2.99162,0.998188,0,0.299904,0.555808,4.14128,241.471,15000,358656,1.88426
Suite_13,Forward,0,1398,2.97478,0.982519,0,0.301056,0.558912,4.12675,242.321,15000,354048,2.02685
Suite_13,Forward,0,1399,2.97135,1.01503,0,0.430784,0.684032,4.09882,243.973,15000,350208,2.00161
Suite_13,Forward,0,1400,2.95657,0.968996,0,0.294432,0.548864,4.12411,242.477,15000,346624,2.25035
Suite_13,Forward,0,1401,2.96291,1.03454,0,0.298368,0.556448,4.05807,246.422,15000,342144,2.5733
Suite_13,Forward,0,1402,2.96101,1.02516,0,0.28672,0.5472,4.13883,241.614,15000,339584,2.95379
Suite_13,Forward,0,1403,2.95524,1.04449,0,0.2848,0.540608,4.12218,242.59,15000,336384,3.19658
Suite_13,Forward,0,1404,2.95638,1.04731,0,0.288992,0.548864,4.13682,241.732,15000,333312,1.4655
Suite_13,Forward,0,1405,2.94434,1.02175,0,0.289184,0.550624,4.13615,241.771,15000,330368,1.50837
Suite_13,Forward,0,1406,2.93237,1.02702,0,0.833152,1.08746,4.09971,243.92,15000,326528,1.53165
Suite_13,Forward,0,1407,2.91819,1.02473,0,0.284992,0.544544,4.10538,243.583,15000,322688,1.57943
Suite_13,Forward,0,1408,2.97978,1.05163,0,0.282464,0.54272,4.11027,243.293,15000,319616,1.30016
Suite_13,Forward,0,1409,2.91919,1.01043,0,0.28448,0.541088,4.16862,239.888,15000,316288,1.30845
Suite_13,Forward,0,1410,2.89937,1.01487,0,0.31552,0.575584,4.10309,243.719,15000,313472,1.30076
Suite_13,Forward,0,1411,2.887,1.02144,0,0.28672,0.548864,4.04756,247.062,15000,310656,1.2772
Suite_13,Forward,0,1412,2.8748,1.01066,0,0.284288,0.54336,4.0347,247.85,15000,306688,1.30792
Suite_13,Forward,0,1413,2.86556,1.02731,0,0.841664,1.12026,4.01589,249.011,15000,304256,1.34366
Suite_13,Forward,0,1414,2.85223,0.982717,0,0.283392,0.545568,4.02298,248.572,15000,302080,1.38397
Suite_13,Forward,0,1415,2.83227,0.922739,0,0.280608,0.540672,3.95642,252.754,15000,299392,1.41737
Suite_13,Forward,0,1416,2.80678,0.936865,0,0.279776,0.540672,3.86952,258.43,15000,296064,1.44857
Suite_13,Forward,0,1417,2.78357,0.908185,0,0.270336,0.553312,3.86592,258.67,15000,293888,1.503
Suite_13,Forward,0,1418,2.77605,0.927392,0,0.27456,0.532608,3.81398,262.193,15000,290048,1.51875
Suite_13,Forward,0,1419,2.76918,0.895907,0,0.268256,0.528384,3.8207,261.732,15000,287360,1.56637
Suite_13,Forward,0,1420,2.75988,0.922286,0,0.26528,0.524288,3.77587,264.839,15000,284544,1.33516
Suite_13,Forward,0,1421,2.74632,0.922793,0,0.39456,0.651168,3.79912,263.219,15000,281472,1.27414
Suite_13,Forward,0,1422,2.73648,0.908895,0,0.258368,0.517152,3.78007,264.546,15000,277888,1.28202
Suite_13,Forward,0,1423,2.71965,0.910192,0,0.256,0.515936,3.75398,266.384,15000,273920,1.1754
Suite_13,Forward,0,1424,2.71958,0.893332,0,0.27648,0.536576,3.74242,267.207,15000,270464,1.19177
Suite_13,Forward,0,1425,2.71793,0.91347,0,0.258176,0.52224,3.72341,268.571,15000,267008,1.213
Suite_13,Forward,0,1426,2.69825,0.877319,0,0.252352,0.509952,3.73788,267.531,15000,263680,1.22037
Suite_13,Forward,0,1427,2.67744,0.900627,0,0.251104,0.5104,3.68142,271.634,15000,260096,1.23621
Suite_13,Forward,0,1428,2.66784,0.715232,0,0.252128,0.510432,3.68401,271.443,15000,255232,1.19407
Suite_13,Forward,0,1429,2.65122,3.06768,0,2.40912,2.66608,3.4893,286.591,15000,252416,1.18619
Suite_13,Forward,0,1430,2.67061,0.757735,0,0.251552,0.507872,5.8233,171.724,15000,249472,1.11199
Suite_13,Forward,0,1431,2.67318,0.731474,0,0.242816,0.52352,3.5364,282.774,15000,247808,1.13695
Suite_13,Forward,0,1432,2.62286,0.735783,0,0.2488,0.507904,3.55093,281.617,15000,245120,1.16591
Suite_13,Forward,0,1433,2.62615,0.724711,0,0.244288,0.526272,3.46238,288.819,15000,242432,1.18286
Suite_13,Forward,0,1434,2.61116,0.886005,0,0.24256,0.50064,3.44932,289.912,15000,239232,1.20892
Suite_13,Forward,0,1435,2.62286,0.897823,0,0.26112,0.518144,3.5984,277.902,15000,236544,1.23923
Suite_13,Forward,0,1436,2.60829,0.889613,0,0.23552,0.495392,3.62665,275.737,15000,233472,1.19111
Suite_13,Forward,0,1437,2.5931,0.857158,0,0.235296,0.492864,3.59858,277.887,15000,229888,1.22793
Suite_13,Forward,0,1438,2.56861,0.887377,0,1.74742,2.00064,3.54793,281.854,15000,226944,1.25345
Suite_13,Forward,0,1439,2.568,0.713193,0,0.239008,0.495648,3.55381,281.388,15000,223488,1.26925
Suite_13,Forward,0,1440,2.56409,0.752944,0,0.232224,0.4904,3.36971,296.762,15000,222464,1.2908
Suite_13,Forward,0,1441,2.56253,0.705248,0,0.24672,0.504608,3.41145,293.131,15000,219136,1.29775
Suite_13,Forward,0,1442,2.52911,0.712566,0,0.231424,0.490688,3.35809,297.789,15000,216320,1.37122
Suite_13,Forward,0,1443,2.52158,0.701236,0,0.22896,0.508224,3.33375,299.963,15000,213504,1.47368
Suite_13,Forward,0,1444,2.50035,0.704824,0,0.237472,0.495968,3.31225,301.909,15000,211200,1.60796
Suite_13,Forward,0,1445,2.50848,0.764453,0,0.237952,0.495616,3.29796,303.218,15000,208896,1.84552
Suite_13,Forward,0,1446,2.49116,0.834676,0,0.213952,0.466656,3.36142,297.493,15000,206208,2.21073
Suite_13,Forward,0,1447,2.49158,0.829257,0,0.225312,0.478016,3.41391,292.92,15000,203520,2.92653
Suite_13,Forward,0,1448,2.48144,0.853921,0,0.459296,0.70656,3.4119,293.092,15000,201728,4.46489
Suite_13,Forward,0,1449,2.48327,0.828644,0,0.220992,0.475232,3.42407,292.05,15000,198912,8.06234
Suite_13,Forward,0,1450,2.46889,0.828978,0,0.21424,0.46592,3.39675,294.399,15000,197376,8.14842
Suite_13,Forward,0,1451,2.46421,0.826516,0,0.206176,0.456512,3.3811,295.761,15000,194048,8.2485
Suite_13,Forward,0,1452,2.45491,0.692235,0,0.200704,0.450336,3.37169,296.587,15000,191872,1.60318
Suite_13,Forward,0,1453,2.44852,0.700915,0,0.18432,0.437568,3.22969,309.627,15000,189056,0.900027
Suite_13,Forward,0,1454,2.42422,0.680492,0,0.201952,0.454144,3.23772,308.86,15000,186112,0.901158
Suite_13,Forward,0,1455,2.41587,0.693847,0,0.17552,0.425984,3.18309,314.161,15000,182656,0.906419
Suite_13,Forward,0,1456,2.39625,0.675483,0,0.172032,0.42272,3.18942,313.536,15000,180224,0.920624
Suite_13,Forward,0,1457,2.39017,0.689177,0,0.168128,0.417344,3.14775,317.687,15000,177408,0.914767
Suite_13,Forward,0,1458,2.38098,0.6734,0,0.16656,0.4192,3.15511,316.947,15000,174720,0.834344
Suite_13,Forward,0,1459,2.36035,0.735281,0,0.161632,0.411168,3.12579,319.919,15000,172416,0.746599
Suite_13,Forward,0,1460,2.36007,0.772826,0,0.637504,0.90112,3.17576,314.885,15000,169472,0.73423
Suite_13,Forward,0,1461,2.34242,0.75603,0,0.155648,0.403936,3.20758,311.761,15000,167296,0.739666
Suite_13,Forward,0,1462,2.35814,0.777362,0,0.157952,0.406688,3.17372,315.088,15000,165120,0.749869
Suite_13,Forward,0,1463,2.34302,0.747327,0,0.155648,0.403072,3.2078,311.74,15000,162944,0.76048
Suite_13,Forward,0,1464,2.34125,0.793967,0,0.153632,0.39936,3.16036,316.42,15000,160896,0.715807
Suite_13,Forward,0,1465,2.32128,0.677626,0,0.147904,0.41536,3.21428,311.112,15000,158080,0.703478
Suite_13,Forward,0,1466,2.31656,0.683461,0,0.147424,0.393536,3.06901,325.838,15000,154752,0.70644
Suite_13,Forward,0,1467,2.30357,0.666572,0,0.14688,0.39728,3.0706,325.669,15000,152960,0.700285
Suite_13,Forward,0,1468,2.29161,0.673687,0,0.141856,0.389184,3.03779,329.187,15000,150912,0.710167
Suite_13,Forward,0,1469,2.2862,0.657256,0,0.167776,0.413568,3.03156,329.863,15000,149376,0.723338
Suite_13,Forward,0,1470,2.27168,0.681791,0,0.140832,0.388384,3.00774,332.476,15000,147584,0.706163
Suite_13,Forward,0,1471,2.28077,0.69057,0,0.140096,0.3888,3.01807,331.338,15000,145280,0.693938
Suite_13,Forward,0,1472,2.2758,0.657339,0,0.137632,0.384128,3.03754,329.214,15000,142848,0.695891
Suite_13,Forward,0,1473,2.25476,0.71376,0,0.133344,0.380384,2.9985,333.5,15000,140160,0.699506
Suite_13,Forward,0,1474,2.24545,0.739195,0,0.589824,0.82976,3.03175,329.843,15000,138496,0.690715
Suite_13,Forward,0,1475,2.23855,0.74125,0,0.123232,0.36864,3.04477,328.432,15000,135296,0.690516
Suite_13,Forward,0,1476,2.23208,0.720651,0,0.11264,0.359552,3.0413,328.807,15000,134016,0.703214
Suite_13,Forward,0,1477,2.20891,0.726163,0,0.110592,0.356352,3.01373,331.815,15000,132096,0.726332
Suite_13,Forward,0,1478,2.21903,0.72,0,0.114592,0.36,3.00095,333.228,15000,129664,0.723117
Suite_13,Forward,0,1479,2.20949,0.657789,0,0.120384,0.366592,2.99659,333.712,15000,128000,0.764931
Suite_13,Forward,0,1480,2.20406,0.653129,0,0.13664,0.381248,2.9278,341.554,15000,125824,0.601716
Suite_13,Forward,0,1481,2.187,0.649489,0,0.12752,0.372256,2.91689,342.831,15000,123008,0.599235
Suite_13,Forward,0,1482,2.18189,0.665298,0,0.12224,0.367936,2.89383,345.563,15000,121344,0.609891
Suite_13,Forward,0,1483,2.17796,0.669672,0,0.130496,0.395264,2.90851,343.819,15000,119296,0.608903
Suite_13,Forward,0,1484,2.15656,0.743119,0,0.114944,0.362496,2.90312,344.457,15000,116992,0.526723
Suite_13,Forward,0,1485,2.16851,0.730728,0,0.111456,0.356352,2.95741,338.134,15000,114432,0.530876
Suite_13,Forward,0,1486,2.15684,0.646836,0,0.108128,0.350272,2.95553,338.348,15000,112384,0.530519
Suite_13,Forward,0,1487,2.15401,0.665185,0,0.104352,0.347456,2.85512,350.249,15000,110080,0.533916
Suite_13,Forward,0,1488,2.13945,0.648251,0,0.102752,0.347712,2.87302,348.065,15000,108288,0.531489
Suite_13,Forward,0,1489,2.11511,0.653334,0,0.100352,0.340736,2.84077,352.017,15000,106112,0.515964
Suite_13,Forward,0,1490,2.11854,0.637987,0,0.10016,0.3432,2.81991,354.622,15000,103936,0.506717
Suite_13,Forward,0,1491,2.10238,0.625486,0,0.0984,0.341408,2.80567,356.421,15000,101888,0.504548
Suite_13,Forward,0,1492,2.10344,0.698485,0,0.367392,0.606176,2.77467,360.403,15000,99968,0.503798
Suite_13,Forward,0,1493,2.09003,0.712362,0,0.1024,0.344544,2.85406,350.379,15000,98048,0.499305
Suite_13,Forward,0,1494,2.07511,0.719109,0,0.099904,0.344064,2.85136,350.709,15000,96384,0.504046
Suite_13,Forward,0,1495,2.08223,0.634545,0,0.096448,0.33792,2.84406,351.61,15000,94720,0.501071
Suite_13,Forward,0,1496,2.06629,0.626284,0,0.101504,0.344256,2.76751,361.335,15000,92672,0.49711
Suite_13,Forward,0,1497,2.06887,0.644869,0,0.09632,0.33776,2.7417,364.737,15000,91008,0.49627
Suite_13,Forward,0,1498,2.06069,0.706133,0,0.096032,0.33792,2.75947,362.388,15000,89344,0.502027
Suite_13,Forward,0,1499,2.07574,0.689103,0,0.090976,0.331776,2.81999,354.612,15000,87936,0.503726
Suite_13,Forward,0,1500,2.05984,0.632311,0,0.09216,0.332288,2.81266,355.536,15000,86784,0.467326
Suite_13,Forward,0,1501,2.02895,0.616143,0,0.088992,0.331552,2.7426,364.618,15000,85120,0.457956
Suite_13,Forward,0,1502,2.03182,0.640198,0,0.084416,0.325216,2.68938,371.833,15000,83712,0.451498
Suite_13,Forward,0,1503,2.01778,0.617496,0,0.086016,0.32768,2.71433,368.415,15000,82432,0.448089
Suite_13,Forward,0,1504,2.00442,0.650206,0,0.083968,0.323584,2.67626,373.656,15000,81152,0.43356
Suite_13,Forward,0,1505,2.00917,0.624482,0,0.079936,0.320832,2.70042,370.313,15000,79488,0.437286
Suite_13,Forward,0,1506,1.99541,0.637317,0,0.088064,0.341536,2.67516,373.809,15000,77952,0.437134
Suite_13,Forward,0,1507,2.00267,0.644288,0,0.077824,0.319488,2.67439,373.917,15000,76160,0.433739
Suite_13,Forward,0,1508,1.99666,0.615417,0,0.079392,0.321536,2.68821,371.995,15000,74880,0.437908
Suite_13,Forward,0,1509,1.97057,0.625162,0,0.073728,0.313152,2.65424,376.755,15000,73472,0.429425
Suite_13,Forward,0,1510,1.97683,0.622796,0,0.07168,0.311456,2.6358,379.391,15000,72320,0.437025
Suite_13,Forward,0,1511,1.96134,0.614404,0,0.067872,0.306176,2.63772,379.115,15000,70272,0.429165
Suite_13,Forward,0,1512,1.95237,0.625272,0,0.067776,0.305408,2.61279,382.733,15000,68736,0.397729
Suite_13,Forward,0,1513,1.94369,0.61823,0,0.065696,0.303968,2.62163,381.442,15000,67328,0.403498
Suite_13,Forward,0,1514,1.93558,0.614138,0,0.065792,0.311104,2.5995,384.689,15000,65920,0.406037
Suite_13,Forward,0,1515,1.94014,0.61619,0,0.0616,0.301056,2.58632,386.65,15000,64768,0.382173
Suite_13,Forward,0,1516,1.92776,0.607988,0,0.06352,0.304192,2.59123,385.917,15000,63104,0.385499
Suite_13,Forward,0,1517,1.9135,0.598286,0,0.06048,0.298944,2.57152,388.876,15000,61184,0.37702
Suite_13,Forward,0,1518,1.91727,0.645339,0,0.415104,0.648896,2.54757,392.531,15000,59648,0.369675
Suite_13,Forward,0,1519,1.9053,0.60328,0,0.055072,0.294368,2.59652,385.132,15000,58752,0.285533
Suite_13,Forward,0,1520,1.89444,0.620129,0,0.052896,0.290592,2.54079,393.579,15000,56576,0.273209
Suite_13,Forward,0,1521,1.89877,0.608185,0,0.050848,0.290528,2.54945,392.242,15000,55040,0.270091
Suite_13,Forward,0,1522,1.88455,0.599139,0,0.049024,0.306944,2.5411,393.53,15000,53376,0.249371
Suite_13,Forward,0,1523,1.88452,0.626428,0,0.048256,0.284672,2.5141,397.756,15000,51584,0.245978
Suite_13,Forward,0,1524,1.87271,0.597825,0,0.046304,0.285024,2.54994,392.166,15000,50688,0.246922
Suite_13,Forward,0,1525,1.85678,0.599892,0,0.050784,0.297216,2.50402,399.358,15000,48896,0.231979
Suite_13,Forward,0,1526,1.85661,0.609795,0,0.043008,0.28048,2.48742,402.023,15000,48256,0.231492
Suite_13,Forward,0,1527,1.85577,0.59428,0,0.044448,0.287936,2.49751,400.399,15000,47488,0.229916
Suite_13,Forward,0,1528,1.84059,0.605016,0,0.039904,0.278944,2.47884,403.415,15000,46080,0.228789
Suite_13,Forward,0,1529,1.84606,0.612344,0,0.04016,0.279232,2.47662,403.775,15000,44672,0.224285
Suite_13,Forward,0,1530,1.83258,0.605555,0,0.042976,0.2816,2.48862,401.828,15000,42880,0.204687
Suite_13,Forward,0,1531,1.818,0.613337,0,0.038912,0.275392,2.46599,405.516,15000,40832,0.193178
Suite_13,Forward,0,1532,1.81941,0.596517,0,0.038912,0.276736,2.45918,406.64,15000,39808,0.188709
Suite_13,Forward,0,1533,1.80593,0.586547,0,0.036672,0.274432,2.44351,409.247,15000,38272,0.184147
Suite_13,Forward,0,1534,1.79958,0.604671,0,0.032768,0.270944,2.41854,413.472,15000,37504,0.185435
Suite_13,Forward,0,1535,1.79943,0.604945,0,0.034816,0.27184,2.43141,411.284,15000,36352,0.17669
Suite_13,Forward,0,1536,1.79408,0.588149,0,0.03072,0.267648,2.42944,411.617,15000,35072,0.162111
Suite_13,Forward,0,1537,1.78318,0.602821,0,0.028608,0.26624,2.4086,415.179,15000,33792,0.156377
Suite_13,Forward,0,1538,1.7827,0.585648,0,0.03024,0.270272,2.41296,414.428,15000,32896,0.153376
Suite_13,Forward,0,1539,1.76961,0.584175,0,0.02704,0.28672,2.39263,417.951,15000,32128,0.150867
Suite_13,Forward,0,1540,1.77409,0.596446,0,0.027808,0.263168,2.37669,420.753,15000,31616,0.15088
Suite_13,Forward,0,1541,1.76245,0.586079,0,0.024928,0.262144,2.39768,417.069,15000,30336,0.141538
Suite_13,Forward,0,1542,1.75318,0.585208,0,0.028544,0.273664,2.3722,421.549,15000,30080,0.141931
Suite_13,Forward,0,1543,1.75521,0.593629,0,0.024928,0.25984,2.3606,423.622,15000,29312,0.138975
Suite_13,Forward,0,1544,1.7517,0.587008,0,0.024288,0.26144,2.37223,421.544,15000,28416,0.135271
Suite_13,Forward,0,1545,1.73318,0.582108,0,0.02432,0.265728,2.36288,423.213,15000,27264,0.129852
Suite_13,Forward,0,1546,1.73842,0.600797,0,0.022528,0.257376,2.3388,427.569,15000,25600,0.120923
Suite_13,Forward,0,1547,1.74076,0.624127,0,0.020032,0.253216,2.36167,423.429,15000,24832,0.116264
Suite_13,Forward,0,1548,1.72534,0.589657,0,0.02432,0.26944,2.38743,418.861,15000,24320,0.116044
Suite_13,Forward,0,1549,1.72001,0.594058,0,0.018432,0.253216,2.3379,427.734,15000,22784,0.10136
Suite_13,Forward,0,1550,1.70865,0.59011,0,0.016384,0.276512,2.3417,427.04,15000,22144,0.100306
Suite_13,Forward,0,1551,1.70711,0.580638,0,0.019392,0.264384,2.31954,431.12,15000,21760,0.0981055
Suite_13,Forward,0,1552,1.70177,0.594998,0,0.016768,0.251904,2.30838,433.203,15000,20352,0.0858017
Suite_13,Forward,0,1553,1.6991,0.579719,0,0.015232,0.27392,2.32408,430.277,15000,20096,0.086056
Suite_13,Forward,0,1554,1.68758,0.580271,0,0.018432,0.263296,2.29956,434.865,15000,19200,0.0835691
Suite_13,Forward,0,1555,1.69134,0.58834,0,0.014656,0.249216,2.28748,437.162,15000,18432,0.0802733
Suite_13,Forward,0,1556,1.68509,0.581966,0,0.014176,0.246912,2.2995,434.877,15000,17920,0.0778802
Suite_13,Forward,0,1557,1.67575,0.580243,0,0.014336,0.258368,2.28833,437,15000,17536,0.0757944
Suite_13,Forward,0,1558,1.68027,0.591126,0,0.013824,0.248256,2.27617,439.335,15000,16640,0.0708135
Suite_13,Forward,0,1559,1.66994,0.59255,0,0.011936,0.243712,2.29032,436.62,15000,16128,0.0698002
Suite_13,Forward,0,1560,1.66377,0.585616,0,0.013216,0.258048,2.28056,438.489,15000,15232,0.066694
Suite_13,Forward,0,1561,1.66122,0.598451,0,0.013344,0.244192,2.26833,440.853,15000,14848,0.0663407
Suite_13,Forward,0,1562,1.65449,0.582358,0,0.01024,0.243712,2.27965,438.664,15000,13952,0.0635089
Suite_13,Forward,0,1563,1.65244,0.57934,0,0.009824,0.242144,2.25414,443.629,15000,13440,0.0628828
Suite_13,Forward,0,1564,1.64859,0.609354,0,0.01024,0.243648,2.24959,444.526,15000,12672,0.0567912
Suite_13,Forward,0,1565,1.64649,0.595594,0,0.01008,0.241664,2.27779,439.021,15000,12672,0.0574886
Suite_13,Forward,0,1566,1.63788,0.583977,0,0.009216,0.267904,2.26058,442.365,15000,11776,0.0518993
Suite_13,Forward,0,1567,1.63678,0.589938,0,0.008288,0.240096,2.23827,446.773,15000,11520,0.0503172
Suite_13,Forward,0,1568,1.62764,0.580392,0,0.00832,0.2432,2.2444,445.554,15000,10496,0.0439977
Suite_13,Forward,0,1569,1.62325,0.580093,0,0.008128,0.241792,2.22547,449.344,15000,9984,0.0414419
Suite_13,Forward,0,1570,1.6244,0.591667,0,0.00816,0.2408,2.22053,450.344,15000,9344,0.0389483
Suite_13,Forward,0,1571,1.62007,0.567172,0,0.008768,0.245728,2.2331,447.808,15000,9088,0.0380016
Suite_13,Forward,0,1572,1.61324,0.575578,0,0.006144,0.236544,2.20375,453.773,15000,8704,0.0370589
Suite_13,Forward,0,1573,1.60751,0.584059,0,0.006368,0.237568,2.20702,453.1,15000,8192,0.0359001
Suite_13,Forward,0,1574,1.60698,0.577292,0,0.006144,0.236128,2.20936,452.62,15000,7680,0.0355853
Suite_13,Forward,0,1575,1.60028,0.567972,0,0.005984,0.237472,2.19979,454.589,15000,7040,0.0337548
Suite_13,Forward,0,1576,1.59855,0.570098,0,0.006144,0.236224,2.18309,458.066,15000,6784,0.0331032
Suite_13,Forward,0,1577,1.59708,0.579508,0,0.005568,0.23472,2.18567,457.525,15000,6400,0.0316588
Suite_13,Forward,0,1578,1.59062,0.575837,0,0.004672,0.231712,2.19281,456.035,15000,5888,0.0290752
Suite_13,Forward,0,1579,1.58643,0.578556,0,0.004096,0.233728,2.18129,458.444,15000,5888,0.0294082
Suite_13,Forward,0,1580,1.5893,0.577288,0,0.003936,0.231424,2.18008,458.699,15000,5376,0.0266176
Suite_13,Forward,0,1581,1.58333,0.566386,0,0.004224,0.25568,2.18901,456.828,15000,5120,0.0249092
Suite_13,Forward,0,1582,1.58322,0.567313,0,0.004704,0.243712,2.16517,461.858,15000,4864,0.0237024
Suite_13,Forward,0,1583,1.58567,0.58875,0,0.002368,0.230592,2.16422,462.061,15000,4608,0.022823
Suite_13,Forward,0,1584,1.57147,0.57837,0,0.003936,0.22912,2.19724,455.117,15000,3968,0.0190703
Suite_13,Forward,0,1585,1.56466,0.569572,0,0.004224,0.251904,2.16511,461.869,15000,3840,0.0184606
Suite_13,Forward,0,1586,1.56884,0.582266,0,0.005888,0.229536,2.14888,465.359,15000,3328,0.0169087
Suite_13,Forward,0,1587,1.56375,0.565152,0,0.00368,0.229248,2.16607,461.666,15000,3072,0.0159756
Suite_13,Forward,0,1588,1.56085,0.564385,0,0.003776,0.228096,2.14341,466.546,15000,2688,0.0132438
Suite_13,Forward,0,1589,1.55364,0.574642,0,0.003552,0.228192,2.14094,467.083,15000,2432,0.0121614
Suite_13,Forward,0,1590,1.55215,0.577757,0,0.002528,0.2272,2.14376,466.469,15000,2176,0.0115662
Suite_13,Forward,0,1591,1.54672,0.567781,0,0.002048,0.228672,2.14293,466.651,15000,2048,0.0105256
Suite_13,Forward,0,1592,1.54969,0.603793,0,0.004,0.227552,2.12746,470.044,15000,1792,0.00935402
Suite_13,Forward,0,1593,1.54452,0.588172,0,0.002432,0.227328,2.17041,460.742,15000,1536,0.00790288
Suite_13,Forward,0,1594,1.53639,0.567226,0,0.001568,0.2272,2.1482,465.505,15000,896,0.00451848
Suite_13,Forward,0,1595,1.53173,0.56281,0,0.002592,0.235264,2.11648,472.481,15000,896,0.00457203
Suite_13,Forward,0,1596,1.53641,0.579013,0,0.001536,0.227072,2.10721,474.562,15000,384,0.00210947
Suite_13,Forward,0,1597,1.52144,0.566529,0,0.001824,0.226048,2.13008,469.465,15000,384,0.0021354
Suite_13,Forward,0,1598,1.52132,0.566092,0,0.000352,0.249024,2.10105,475.953,15000,384,0.00216175
Suite_13,Forward,0,1599,1.52202,0.575299,0,0.000928,0.225504,2.0996,476.281,15000,256,0.00184954
Suite_13,Forward,0,1600,1.51829,0.569261,0,0.001472,0.226752,2.11035,473.856,15000,128,0.00122507
Suite_13,Forward,0,1601,1.51303,0.567219,0,0.000448,0.22528,2.10123,475.912,15000,128,0.00123966
Suite_13,Forward,0,1602,1.51695,0.578896,0,0.001312,0.225088,2.09304,477.774,15000,128,0.00125446
Suite_13,Forward,0,1603,1.51801,0.560341,0,0.001696,0.227008,2.1092,474.113,15000,128,0.00126948
Suite_13,Forward,0,1604,1.51335,0.559213,0,0.000448,0.225088,2.0905,478.356,15000,128,0.00128473
Suite_13,Forward,0,1605,1.5051,0.551482,0,0.00016,0.23296,2.08648,479.276,15000,0,0
Suite_13,Forward,0,1606,1.50395,0.559295,0,0.00176,0.227104,2.07062,482.946,15000,0,0
Suite_13,Forward,0,1607,1.50361,0.556487,0,0.00032,0.22416,2.0761,481.673,15000,0,0
Suite_13,Forward,0,1608,1.49794,0.553607,0,0.000512,0.24928,2.07211,482.601,15000,0,0
Suite_13,Forward,0,1609,1.49822,0.574631,0,0.000448,0.225632,2.06554,484.136,15000,0,0
Suite_13,Forward,0,1610,1.49417,0.560574,0,0.000928,0.225344,2.09457,477.425,15000,0,0
Suite_13,Forward,0,1611,1.49168,0.554039,0,0.002048,0.225248,2.06761,483.65,15000,0,0
Suite_13,Forward,0,1612,1.49824,0.574216,0,0.001408,0.22528,2.05781,485.954,15000,0,0
Suite_13,Forward,0,1613,1.49518,0.56272,0,0.002048,0.226368,2.08879,478.747,15000,0,0
Suite_13,Forward,0,1614,1.49731,0.550236,0,0.00112,0.22544,2.07947,480.892,15000,0,0
Suite_13,Forward,0,1615,1.49322,0.548613,0,0.000512,0.233472,2.05947,485.561,15000,0,0
Suite_13,Forward,0,1616,1.48902,0.562891,0,0.001728,0.225184,2.05372,486.922,15000,0,0
Suite_13,Forward,0,1617,1.48415,0.550721,0,0.002048,0.225696,2.06654,483.902,15000,0,0
Suite_13,Forward,0,1618,1.48387,0.545712,0,9.6e-05,0.22528,2.04816,488.243,15000,0,0
Suite_13,Forward,0,1619,1.48882,0.558246,0,0.002048,0.22656,2.04133,489.878,15000,0,0
Suite_13,Forward,0,1620,1.47952,0.552833,0,0.001888,0.226208,2.06043,485.336,15000,0,0
Suite_13,Forward,0,1621,1.48246,0.550545,0,0.000608,0.225312,2.04754,488.392,15000,0,0
Suite_13,Forward,0,1622,1.47911,0.560003,0,0.001696,0.225152,2.04606,488.744,15000,0,0
Suite_13,Forward,0,1623,1.47943,0.566444,0,0.001408,0.253952,2.05209,487.309,15000,0,0
Suite_13,Forward,0,1624,1.47349,0.55901,0,0.001472,0.223232,2.05788,485.937,15000,0,0
Suite_13,Forward,0,1625,1.47648,0.556654,0,0,0.233056,2.04581,488.805,15000,0,0
Suite_13,Forward,0,1626,1.47704,0.567617,0,0.001856,0.2264,2.04594,488.772,15000,0,0
Suite_13,Forward,0,1627,1.47396,0.552701,0,0.000928,0.225504,2.05748,486.03,15000,0,0
Suite_13,Forward,0,1628,1.46562,0.558896,0,0.000704,0.223872,2.03841,490.579,15000,0,0
Suite_13,Forward,0,1629,1.46636,0.612879,0,0.00096,0.22768,2.03738,490.825,15000,0,0
Suite_13,Forward,0,1630,1.4945,0.618805,0,0.000448,0.225344,2.09839,476.555,15000,0,0
Suite_13,Forward,0,1631,1.46901,0.56241,0,0,0.22528,2.13018,469.444,15000,0,0
Suite_13,Forward,0,1632,1.46694,0.5493,0,0.000352,0.227328,2.04373,489.3,15000,0,0
Suite_13,Forward,0,1633,1.4673,0.562957,0,3.2e-05,0.225696,2.02982,492.655,15000,0,0
Suite_13,Forward,0,1634,1.46338,0.55322,0,0.001344,0.225472,2.04467,489.076,15000,0,0
Suite_13,Forward,0,1635,1.46456,0.546898,0,0.001984,0.247808,2.02865,492.938,15000,0,0
Suite_13,Forward,0,1636,1.46383,0.558483,0,0,0.22528,2.02289,494.342,15000,0,0
Suite_13,Forward,0,1637,1.46085,0.553754,0,0.001632,0.225888,2.03799,490.679,15000,0,0
Suite_13,Forward,0,1638,1.4577,0.552707,0,0.001632,0.22592,2.03391,491.664,15000,0,0
Suite_13,Forward,0,1639,1.45659,0.556963,0,0.000352,0.225312,2.02281,494.363,15000,0,0
Suite_13,Forward,0,1640,1.45754,0.57898,0,0.001984,0.2488,2.02688,493.37,15000,0,0
Suite_13,Forward,0,1641,1.45444,0.556396,0,0.000576,0.244768,2.05362,486.946,15000,0,0
Suite_13,Forward,0,1642,1.45033,0.548191,0,0,0.233472,2.02465,493.913,15000,0,0
Suite_13,Forward,0,1643,1.45168,0.563193,0,0.002048,0.22528,2.01042,497.408,15000,0,0
Suite_13,Forward,0,1644,1.44488,0.549631,0,0.001184,0.226432,2.02825,493.037,15000,0,0
Suite_13,Forward,0,1645,1.44273,0.546745,0,0.001568,0.22704,2.00858,497.863,15000,0,0
Suite_13,Forward,0,1646,1.44091,0.553022,0,0.000288,0.22528,2.00241,499.399,15000,0,0
Suite_13,Forward,0,1647,1.4466,0.555241,0,0.000576,0.225952,2.00681,498.304,15000,0,0
Suite_13,Forward,0,1648,1.44973,0.549486,0,0.002048,0.225152,2.01407,496.508,15000,0,0
Suite_13,Forward,0,1649,1.44357,0.550439,0,0.000576,0.233344,2.01276,496.831,15000,0,0
Suite_13,Forward,0,1650,1.44115,0.5665,0,0.001216,0.22528,2.00693,498.274,15000,0,0
Suite_13,Forward,0,1651,1.43946,0.550831,0,0.001888,0.22528,2.02119,494.758,15000,0,0
Suite_13,Forward,0,1652,1.44308,0.549675,0,0.001952,0.225152,2.00267,499.332,15000,0,0
Suite_13,Forward,0,1653,1.43165,0.55785,0,0.001952,0.22736,2.00731,498.179,15000,0,0
Suite_13,Forward,0,1654,1.44339,0.559945,0,0.000672,0.227104,2.00441,498.899,15000,0,0
Suite_13,Forward,0,1655,1.42677,0.553879,0,0.001536,0.225856,2.02006,495.035,15000,0,0
Suite_13,Forward,0,1656,1.42608,0.54843,0,0.00112,0.233472,1.99632,500.92,15000,0,0
Suite_13,Forward,0,1657,1.444,0.579208,0,0.000128,0.227328,1.98824,502.958,15000,0,0
Suite_13,Forward,0,1658,1.43036,0.567387,0,0.000576,0.225728,2.03857,490.541,15000,0,0
Suite_13,Forward,0,1659,1.42468,0.555839,0,0.000384,0.22576,2.00994,497.528,15000,0,0
Suite_13,Forward,0,1660,1.42432,0.567952,0,0.00112,0.229376,1.992,502.009,15000,0,0
Suite_13,Forward,0,1661,1.42798,0.566633,0,0.001536,0.224864,2.00741,498.153,15000,0,0
Suite_13,Forward,0,1662,1.42451,0.553701,0,0.001312,0.225696,2.008,498.008,15000,0,0
Suite_13,Forward,0,1663,1.41965,0.553274,0,0.000512,0.23392,1.9898,502.562,15000,0,0
Suite_13,Forward,0,1664,1.42587,0.569431,0,0.001568,0.22592,1.98425,503.968,15000,0,0
Suite_13,Forward,0,1665,1.42416,0.553528,0,0.000768,0.225824,2.01,497.512,15000,0,0
Suite_13,Forward,0,1666,1.41922,0.548007,0,0.002016,0.225376,1.9905,502.387,15000,0,0
Suite_13,Forward,0,1667,1.42575,0.572057,0,0.001856,0.22528,1.99018,502.468,15000,0,0
Suite_13,Forward,0,1668,1.42036,0.548394,0,0.001376,0.22528,2.01092,497.286,15000,0,0
Suite_13,Forward,0,1669,1.41251,0.548263,0,0.00048,0.22576,1.98727,503.204,15000,0,0
Suite_13,Forward,0,1670,1.41637,0.548762,0,0.001504,0.226944,1.97331,506.762,15000,0,0
Suite_13,Forward,0,1671,1.42334,0.561427,0,0.000928,0.226976,1.97726,505.751,15000,0,0
Suite_13,Forward,0,1672,1.41498,0.548043,0,0.001248,0.22528,1.9972,500.7,15000,0,0
Suite_13,Forward,0,1673,1.41632,0.549306,0,0.001248,0.225504,1.97694,505.832,15000,0,0
Suite_13,Forward,0,1674,1.41079,0.55629,0,0.002016,0.225472,1.97829,505.487,15000,0,0
Suite_13,Forward,0,1675,1.41804,0.551196,0,0.002048,0.249856,1.97985,505.089,15000,0,0
Suite_13,Forward,0,1676,1.41774,0.553583,0,0.002048,0.226048,1.98145,504.68,15000,0,0
Suite_13,Forward,0,1677,1.41741,0.555169,0,0,0.231008,1.98415,503.995,15000,0,0
Suite_13,Forward,0,1678,1.41213,0.557268,0,0.001888,0.225248,1.98633,503.44,15000,0,0
Suite_13,Forward,0,1679,1.40892,0.550486,0,0.001536,0.226016,1.9816,504.642,15000,0,0
Suite_13,Forward,0,1680,1.41022,0.547295,0,0.002048,0.22528,1.97073,507.425,15000,0,0
Suite_13,Forward,0,1681,1.40745,0.559267,0,0.00208,0.227296,1.97046,507.494,15000,0,0
Suite_13,Forward,0,1682,1.41381,0.557629,0,0.002016,0.247744,1.98072,504.868,15000,0,0
Suite_13,Forward,0,1683,1.40958,0.551248,0,0.000384,0.229536,1.98395,504.045,15000,0,0
Suite_13,Forward,0,1684,1.40675,0.552676,0,0.001312,0.237568,1.97239,506.998,15000,0,0
Suite_13,Forward,0,1685,1.41001,0.558558,0,0.001024,0.225856,1.9746,506.433,15000,0,0
Suite_13,Forward,0,1686,1.40866,0.549236,0,0.001024,0.22528,1.98184,504.582,15000,0,0
Suite_13,Forward,0,1687,1.41179,0.549544,0,0.000256,0.22656,1.96968,507.696,15000,0,0
Suite_13,Forward,0,1688,1.40557,0.560788,0,0.00064,0.228128,1.97316,506.802,15000,0,0
Suite_13,Forward,0,1689,1.40202,0.560006,0,0.0008,0.226816,1.98147,504.675,15000,0,0
Suite_13,Forward,0,1690,1.40393,0.552996,0,0,0.225792,1.97514,506.292,15000,0,0
Suite_13,Forward,0,1691,1.40503,0.581762,0,0.000352,0.233344,1.96911,507.842,15000,0,0
Suite_13,Forward,0,1692,1.40818,0.572188,0,0.001184,0.225696,1.99947,500.132,15000,0,0
Suite_13,Forward,0,1693,1.40419,0.564249,0,0.000672,0.22592,1.99558,501.107,15000,0,0
Suite_13,Forward,0,1694,1.40247,0.555295,0,0.002048,0.227328,1.98207,504.524,15000,0,0
Suite_13,Forward,0,1695,1.40634,0.566425,0,0.002048,0.22592,1.97372,506.656,15000,0,0
Suite_13,Forward,0,1696,1.39595,0.55187,0,0.002048,0.226272,1.98673,503.339,15000,0,0
Suite_13,Forward,0,1697,1.3978,0.554609,0,0.002592,0.225472,1.96177,509.744,15000,0,0
Suite_13,Forward,0,1698,1.40229,0.551706,0,0.000576,0.232768,1.96521,508.852,15000,0,0
Suite_13,Forward,0,1699,1.40044,0.566939,0,0.001664,0.225952,1.966,508.648,15000,0,0
Suite_13,Forward,0,1700,1.40133,0.554928,0,0.001696,0.226624,1.98062,504.892,15000,0,0
Suite_13,Forward,0,1701,1.40285,0.55207,0,0.001824,0.226048,1.97029,507.54,15000,0,0
Suite_13,Forward,0,1702,1.39457,0.560071,0,0.002112,0.227616,1.96767,508.215,15000,0,0
Suite_13,Forward,0,1703,1.40208,0.56278,0,0.000736,0.22528,1.96776,508.192,15000,0,0
Suite_13,Forward,0,1704,1.4031,0.552718,0,0.002048,0.225824,1.97679,505.87,15000,0,0
Suite_13,Forward,0,1705,1.39312,0.553088,0,0.000512,0.234976,1.96964,507.706,15000,0,0
Suite_13,Forward,0,1706,1.39781,0.57455,0,0.00192,0.225312,1.95943,510.353,15000,0,0
Suite_13,Forward,0,1707,1.40311,0.554092,0,0.001888,0.226112,1.98561,503.624,15000,0,0
Suite_13,Forward,0,1708,1.3942,0.5565,0,0.001504,0.22528,1.96915,507.834,15000,0,0
Suite_13,Forward,0,1709,1.40033,0.574897,0,0.002016,0.227328,1.97051,507.483,15000,0,0
Suite_13,Forward,0,1710,1.39424,0.567106,0,0.002048,0.226592,1.99042,502.406,15000,0,0
Suite_13,Forward,0,1711,1.40101,0.558703,0,0.003232,0.226816,1.97446,506.466,15000,0,0
Suite_13,Forward,0,1712,1.38951,0.552456,0,0.001536,0.231744,1.97199,507.102,15000,0,0
Suite_13,Forward,0,1713,1.39931,0.568365,0,0.002048,0.22624,1.95557,511.36,15000,0,0
Suite_13,Forward,0,1714,1.40364,0.550201,0,0.001152,0.225344,1.98271,504.36,15000,0,0
Suite_13,Forward,0,1715,1.39779,0.556002,0,0.002048,0.225568,1.96595,508.659,15000,0,0
Suite_13,Forward,0,1716,1.39596,0.558976,0,0.003072,0.228448,1.96623,508.587,15000,0,0
Suite_13,Forward,0,1717,1.40734,0.561176,0,0.00176,0.227328,1.97069,507.436,15000,0,0
Suite_13,Forward,0,1718,1.39847,0.551349,0,0.002976,0.22688,1.98242,504.433,15000,0,0
Suite_13,Forward,0,1719,1.40126,0.547744,0,0.001504,0.236864,1.96145,509.828,15000,0,0
Suite_13,Forward,0,1720,1.39895,0.560329,0,0.00192,0.227008,1.96052,510.068,15000,0,0
Suite_13,Forward,0,1721,1.40388,0.551793,0,0.000544,0.226528,1.97359,506.691,15000,0,0
Suite_13,Forward,0,1722,1.39484,0.54777,0,0.002048,0.22592,1.96913,507.84,15000,0,0
Suite_13,Forward,0,1723,1.40001,0.548523,0,0.002464,0.22736,1.95984,510.245,15000,0,0
Suite_13,Forward,0,1724,1.39624,0.558866,0,0.003264,0.227168,1.96058,510.053,15000,0,0
Suite_13,Forward,0,1725,1.39873,0.552086,0,0.00128,0.250272,1.96914,507.837,15000,0,0
Suite_13,Forward,0,1726,1.39338,0.551982,0,0.001856,0.23424,1.96326,509.357,15000,0,0
Suite_13,Forward,0,1727,1.39862,0.57052,0,0.00384,0.227872,1.95679,511.04,15000,0,0
Suite_13,Forward,0,1728,1.39694,0.556973,0,0.00336,0.226016,1.98257,504.396,15000,0,0
Suite_13,Forward,0,1729,1.39167,0.560204,0,0.001856,0.227328,1.96771,508.205,15000,0,0
Suite_13,Forward,0,1730,1.39817,0.55498,0,0.002336,0.227328,1.96467,508.991,15000,0,0
Suite_13,Forward,0,1731,1.39494,0.565151,0,0.00224,0.227328,1.96595,508.66,15000,0,0
Suite_13,Forward,0,1732,1.3994,0.55431,0,0.00224,0.249696,1.97328,506.77,15000,0,0
Suite_13,Forward,0,1733,1.39475,0.554924,0,0.0032,0.241696,1.96828,508.057,15000,0,0
Suite_13,Forward,0,1734,1.39701,0.566059,0,0.002464,0.227328,1.96249,509.558,15000,0,0
Suite_13,Forward,0,1735,1.39792,0.554762,0,0.003904,0.227456,1.97622,506.017,15000,0,0
Suite_13,Forward,0,1736,1.39298,0.557316,0,0.003424,0.226464,1.96483,508.949,15000,0,0
Suite_13,Forward,0,1737,1.39462,0.554323,0,0.004032,0.22768,1.96295,509.438,15000,0,0
Suite_13,Forward,0,1738,1.39452,0.562051,0,0.002624,0.22768,1.9614,509.839,15000,0,0
Suite_13,Forward,0,1739,1.3995,0.556459,0,0.002048,0.22528,1.96954,507.733,15000,0,0
Suite_13,Forward,0,1740,1.39384,0.550223,0,0.003296,0.248416,1.96787,508.163,15000,0,0
Suite_13,Forward,0,1741,1.40135,0.569968,0,0.003936,0.227168,1.95782,510.771,15000,0,0
Suite_13,Forward,0,1742,1.40191,0.576695,0,0.003072,0.228128,2.00057,499.857,15000,0,0
Suite_13,Forward,0,1743,1.39665,0.553691,0,0.002784,0.227328,1.99155,502.122,15000,0,0
Suite_13,Forward,0,1744,1.39549,0.549065,0,0.00368,0.22752,1.96249,509.556,15000,0,0
Suite_13,Forward,0,1745,1.40331,0.564058,0,0.002944,0.227104,1.95844,510.611,15000,0,0
Suite_13,Forward,0,1746,1.40326,0.550632,0,0.002688,0.225984,1.98214,504.505,15000,0,0
Suite_13,Forward,0,1747,1.4047,0.548252,0,0.002464,0.251904,1.96596,508.657,15000,0,0
Suite_13,Forward,0,1748,1.41179,0.563414,0,0.003744,0.228352,1.96475,508.971,15000,0,0
Suite_13,Forward,0,1749,1.40626,0.551082,0,0.00224,0.227328,1.99121,502.208,15000,0,0
Suite_13,Forward,0,1750,1.41094,0.547589,0,0.002048,0.22848,1.97099,507.358,15000,0,0
Suite_13,Forward,0,1751,1.40803,0.549007,0,0.004064,0.229376,1.97022,507.556,15000,0,0
Suite_13,Forward,0,1752,1.41038,0.559294,0,0.002688,0.228416,1.97557,506.182,15000,0,0
Suite_13,Forward,0,1753,1.41199,0.550878,0,0.002592,0.227168,1.985,503.779,15000,0,0
Suite_13,Forward,0,1754,1.40811,0.550127,0,0.004096,0.227616,1.97631,505.994,15000,0,0
Suite_13,Forward,0,1755,1.41175,0.552902,0,0.004128,0.227456,1.97012,507.583,15000,0,0
Suite_13,Forward,0,1756,1.40923,0.555213,0,0.002048,0.247808,1.97788,505.592,15000,0,0
Suite_13,Forward,0,1757,1.41433,0.552693,0,0.003488,0.228512,1.97874,505.371,15000,0,0
Suite_13,Forward,0,1758,1.4168,0.551894,0,0.005568,0.229376,1.98001,505.048,15000,0,0
Suite_13,Forward,0,1759,1.41953,0.556947,0,0.003648,0.227456,1.98158,504.647,15000,0,0
Suite_13,Forward,0,1760,1.41413,0.553232,0,0.004096,0.228032,1.98899,502.768,15000,0,0
Suite_13,Forward,0,1761,1.41478,0.548995,0,0.004096,0.228544,1.98091,504.819,15000,0,0
Suite_13,Forward,0,1762,1.42239,0.558037,0,0.0024,0.227328,1.97676,505.878,15000,0,0
Suite_13,Forward,0,1763,1.41143,0.572887,0,0.004096,0.259872,1.99389,501.531,15000,0,0
Suite_13,Forward,0,1764,1.42149,0.55305,0,0.005152,0.22784,1.99713,500.719,15000,0,0
Suite_13,Forward,0,1765,1.42156,0.560124,0,0.004576,0.230816,1.9896,502.613,15000,0,0
Suite_13,Forward,0,1766,1.42345,0.559038,0,0.002624,0.228512,1.99642,500.896,15000,0,0
Suite_13,Forward,0,1767,1.41459,0.555109,0,0.003712,0.227392,1.99476,501.313,15000,0,0
Suite_13,Forward,0,1768,1.41646,0.552171,0,0.003296,0.229184,1.9814,504.693,15000,0,0
Suite_13,Forward,0,1769,1.41543,0.567592,0,0.003872,0.227328,1.98232,504.46,15000,0,0
Suite_13,Forward,0,1770,1.42156,0.560641,0,0.004096,0.229376,1.9974,500.65,15000,0,0
Suite_13,Forward,0,1771,1.42562,0.555303,0,0.002496,0.229344,1.99467,501.337,15000,0,0
Suite_13,Forward,0,1772,1.43211,0.561306,0,0.004064,0.229344,1.99285,501.793,15000,0,0
Suite_13,Forward,0,1773,1.4317,0.560074,0,0.004096,0.229088,2.00827,497.941,15000,0,0
Suite_13,Forward,0,1774,1.43133,0.553936,0,0.004096,0.228864,2.00527,498.687,15000,0,0
Suite_13,Forward,0,1775,1.43119,0.554316,0,0.00256,0.253184,1.9969,500.775,15000,0,0
Suite_13,Forward,0,1776,1.42709,0.566093,0,0.004096,0.228928,1.99743,500.644,15000,0,0
Suite_13,Forward,0,1777,1.43559,0.556369,0,0.002272,0.23104,2.00817,497.966,15000,0,0
Suite_13,Forward,0,1778,1.43129,0.5567,0,0.003424,0.230208,2.00554,498.619,15000,0,0
Suite_13,Forward,0,1779,1.43778,0.55532,0,0.004096,0.233152,1.99974,500.065,15000,0,0
Suite_13,Forward,0,1780,1.43718,0.564978,0,0.004256,0.228704,2.01106,497.25,15000,0,0
Suite_13,Forward,0,1781,1.46054,0.621375,0,0.004096,0.250912,2.0181,495.515,15000,0,0
Suite_13,Forward,0,1782,1.44509,0.561308,0,0.004256,0.237568,2.10013,476.162,15000,0,0
Suite_13,Forward,0,1783,1.44615,0.567398,0,0.002592,0.229376,2.02002,495.044,15000,0,0
Suite_13,Forward,0,1784,1.4435,0.549323,0,0.004096,0.229888,2.02717,493.299,15000,0,0
Suite_13,Forward,0,1785,1.45239,0.549463,0,0.004096,0.229312,2.00687,498.289,15000,0,0
Suite_13,Forward,0,1786,1.45112,0.5525,0,0.004096,0.230048,2.01455,496.388,15000,0,0
Suite_13,Forward,0,1787,1.45476,0.558397,0,0.004096,0.229824,2.01643,495.926,15000,0,0
Suite_13,Forward,0,1788,1.45479,0.548925,0,0.003808,0.229536,2.02624,493.525,15000,0,0
Suite_13,Forward,0,1789,1.45394,0.546719,0,0.004512,0.237568,2.01743,495.68,15000,0,0
Suite_13,Forward,0,1790,1.46334,0.574256,0,0.002944,0.229376,2.01366,496.608,15000,0,0
Suite_13,Forward,0,1791,1.45376,0.548422,0,0.004096,0.229376,2.05181,487.374,15000,0,0
Suite_13,Forward,0,1792,1.45949,0.567482,0,0.004096,0.230112,2.01446,496.411,15000,0,0
Suite_13,Forward,0,1793,1.45936,0.566557,0,0.00304,0.232704,2.04227,489.651,15000,0,0
Suite_13,Forward,0,1794,1.46557,0.556655,0,0.004096,0.229984,2.0412,489.909,15000,0,0
Suite_13,Forward,0,1795,1.45811,0.548671,0,0.004256,0.231424,2.03454,491.511,15000,0,0
Suite_13,Forward,0,1796,1.46404,0.553303,0,0.004128,0.233472,2.02262,494.409,15000,0,0
Suite_13,Forward,0,1797,1.46347,0.564792,0,0.004096,0.231296,2.03141,492.269,15000,0,0
Suite_13,Forward,0,1798,1.46544,0.554952,0,0.004096,0.229376,2.04249,489.598,15000,0,0
Suite_13,Forward,0,1799,1.46345,0.562028,0,0.004096,0.254624,2.03267,491.965,15000,0,0
Suite_13,Forward,0,1800,1.47036,0.565537,0,0.004032,0.232128,2.03751,490.796,15000,0,0
Suite_13,Forward,0,1801,1.47571,0.554183,0,0.00304,0.231456,2.05111,487.541,15000,0,0
Suite_13,Forward,0,1802,1.47516,0.553077,0,0.004096,0.231296,2.04275,489.537,15000,0,0
Suite_13,Forward,0,1803,1.47825,0.555529,0,0.004096,0.23376,2.04003,490.189,15000,0,0
Suite_13,Forward,0,1804,1.47738,0.562979,0,0.005184,0.23216,2.0459,488.782,15000,0,0
Suite_13,Forward,0,1805,1.48077,0.560142,0,0.004544,0.231424,2.05489,486.644,15000,0,0
Suite_13,Forward,0,1806,1.48787,0.553302,0,0.005664,0.24576,2.05408,486.837,15000,0,0
Suite_13,Forward,0,1807,1.49186,0.572951,0,0.004096,0.231936,2.05311,487.067,15000,0,0
Suite_13,Forward,0,1808,1.48672,0.552245,0,0.004416,0.233472,2.07835,481.151,15000,0,0
Suite_13,Forward,0,1809,1.49271,0.55464,0,0.004096,0.233472,2.05838,485.819,15000,0,0
Suite_13,Forward,0,1810,1.49328,0.562948,0,0.004096,0.233472,2.06041,485.339,15000,0,0
Suite_13,Forward,0,1811,1.50006,0.56544,0,0.005696,0.270336,2.07054,482.966,15000,0,0
Suite_13,Forward,0,1812,1.50422,0.557649,0,0.004416,0.23312,2.07874,481.061,15000,0,0
Suite_13,Forward,0,1813,1.50097,0.561212,0,0.005152,0.233472,2.0775,481.348,15000,0,0
Suite_13,Forward,0,1814,1.51075,0.566839,0,0.005184,0.232352,2.0766,481.557,15000,0,0
Suite_13,Forward,0,1815,1.50573,0.553231,0,0.006016,0.25408,2.09038,478.383,15000,0,0
Suite_13,Forward,0,1816,1.50666,0.555612,0,0.006144,0.2456,2.07108,482.841,15000,0,0
Suite_13,Forward,0,1817,1.51232,0.575582,0,0.006144,0.234464,2.07755,481.335,15000,0,0
Suite_13,Forward,0,1818,1.51909,0.554754,0,0.006144,0.237664,2.10267,475.587,15000,0,0
Suite_13,Forward,0,1819,1.51727,0.552413,0,0.005824,0.234848,2.08606,479.373,15000,0,0
Suite_13,Forward,0,1820,1.52376,0.55966,0,0.006144,0.234272,2.08124,480.483,15000,0,0
Suite_13,Forward,0,1821,1.52425,0.554024,0,0.005568,0.259264,2.09779,476.692,15000,0,0
Suite_13,Forward,0,1822,1.52694,0.55193,0,0.006144,0.235872,2.09161,478.101,15000,0,0
Suite_13,Forward,0,1823,1.53465,0.558577,0,0.005632,0.235296,2.09097,478.246,15000,0,0
Suite_13,Forward,0,1824,1.53573,0.554544,0,0.006144,0.23552,2.10665,474.687,15000,0,0
Suite_13,Forward,0,1825,1.53132,0.558385,0,0.006144,0.23552,2.10455,475.162,15000,0,0
Suite_13,Forward,0,1826,1.53438,0.558084,0,0.00816,0.247232,2.10883,474.196,15000,0,0
Suite_13,Forward,0,1827,1.54076,0.566562,0,0.0064,0.235584,2.10472,475.123,15000,0,0
Suite_13,Forward,0,1828,1.54638,0.552912,0,0.006208,0.238976,2.12097,471.482,15000,0,0
Suite_13,Forward,0,1829,1.54717,0.551931,0,0.007584,0.260576,2.11433,472.964,15000,0,0
Suite_13,Forward,0,1830,1.55727,0.560669,0,0.006304,0.23552,2.11184,473.521,15000,0,0
Suite_13,Forward,0,1831,1.5576,0.551797,0,0.006688,0.238048,2.13203,469.036,15000,0,0
Suite_13,Forward,0,1832,1.55874,0.55221,0,0.007328,0.237216,2.12198,471.257,15000,0,0
Suite_13,Forward,0,1833,1.56007,0.569198,0,0.006144,0.237568,2.12469,470.658,15000,0,0
Suite_13,Forward,0,1834,1.56109,0.562666,0,0.006144,0.237088,2.14446,466.318,15000,0,0
Suite_13,Forward,0,1835,1.55977,0.55555,0,0.00672,0.238112,2.13626,468.108,15000,0,0
Suite_13,Forward,0,1836,1.56638,0.558143,0,0.00672,0.237664,2.12725,470.089,15000,0,0
Suite_13,Forward,0,1837,1.56995,0.560937,0,0.007488,0.237888,2.14448,466.313,15000,0,0
Suite_13,Forward,0,1838,1.57361,0.550793,0,0.008192,0.264192,2.14487,466.228,15000,0,0
Suite_13,Forward,0,1839,1.57803,0.551693,0,0.0088,0.251072,2.13669,468.014,15000,0,0
Suite_13,Forward,0,1840,1.59139,0.592618,0,0.007552,0.238304,2.143,466.636,15000,0,0
Suite_13,Forward,0,1841,1.5841,0.559759,0,0.008128,0.239744,2.20153,454.23,15000,0,0
Suite_13,Forward,0,1842,1.58281,0.553984,0,0.007744,0.262464,2.15753,463.493,15000,0,0
Suite_13,Forward,0,1843,1.59435,0.562244,0,0.008032,0.239904,2.14869,465.399,15000,0,0
Suite_13,Forward,0,1844,1.59669,0.559177,0,0.009536,0.243488,2.17037,460.75,15000,0,0
Suite_13,Forward,0,1845,1.5947,0.550286,0,0.008192,0.241312,2.17118,460.579,15000,0,0
Suite_13,Forward,0,1846,1.60409,0.567945,0,0.008256,0.239616,2.15786,463.422,15000,0,0
Suite_13,Forward,0,1847,1.59522,0.557342,0,0.009568,0.242912,2.18588,457.482,15000,0,0
Suite_13,Forward,0,1848,1.60078,0.554802,0,0.0088,0.240832,2.16511,461.87,15000,0,0
Suite_13,Forward,0,1849,1.61304,0.553116,0,0.009184,0.245344,2.16934,460.97,15000,0,0
Suite_13,Forward,0,1850,1.60776,0.557336,0,0.01024,0.244704,2.18002,458.712,15000,0,0
Suite_13,Forward,0,1851,1.6163,0.549977,0,0.008224,0.240352,2.1773,459.284,15000,0,0
Suite_13,Forward,0,1852,1.60937,0.560012,0,0.010144,0.245664,2.1776,459.222,15000,0,0
Suite_13,Forward,0,1853,1.61869,0.563139,0,0.009984,0.240992,2.18456,457.759,15000,0,0
Suite_13,Forward,0,1854,1.61338,0.555733,0,0.01072,0.263776,2.19543,455.492,15000,0,0
Suite_13,Forward,0,1855,1.62147,0.546281,0,0.01056,0.250496,2.1811,458.484,15000,0,0
Suite_13,Forward,0,1856,1.62718,0.569886,0,0.009088,0.24272,2.17915,458.894,15000,0,0
Suite_13,Forward,0,1857,1.63181,0.554448,0,0.01024,0.244,2.212,452.08,15000,0,0
Suite_13,Forward,0,1858,1.6243,0.553003,0,0.012,0.258784,2.19905,454.741,15000,0,0
Suite_13,Forward,0,1859,1.63056,0.576961,0,0.01024,0.241952,2.18902,456.826,15000,0,0
Suite_13,Forward,0,1860,1.63612,0.700008,0,0.564128,0.796,2.22087,450.274,15000,0,0
Suite_13,Forward,0,1861,1.63546,0.555486,0,0.012064,0.26624,2.35097,425.356,15000,0,0
Suite_13,Forward,0,1862,1.63847,0.570486,0,0.01008,0.243712,2.20351,453.821,15000,0,0
Suite_13,Forward,0,1863,1.63839,0.555055,0,0.011904,0.243776,2.22168,450.109,15000,0,0
Suite_13,Forward,0,1864,1.6432,0.549348,0,0.010976,0.247232,2.20571,453.37,15000,0,0
Suite_13,Forward,0,1865,1.64968,0.563393,0,0.013088,0.251136,2.20585,453.34,15000,0,0
Suite_13,Forward,0,1866,1.64665,0.555936,0,0.012704,0.24576,2.23357,447.715,15000,0,0
Suite_13,Forward,0,1867,1.6502,0.556238,0,0.012544,0.244416,2.21498,451.471,15000,0,0
Suite_13,Forward,0,1868,1.65752,0.560771,0,0.012096,0.247104,2.21864,450.726,15000,0,0
Suite_13,Forward,0,1869,1.65375,0.551327,0,0.012288,0.245856,2.23285,447.859,15000,0,0
Suite_13,Forward,0,1870,1.66097,0.554714,0,0.012608,0.250432,2.21878,450.698,15000,0,0
Suite_13,Forward,0,1871,1.66087,0.562504,0,0.01264,0.247488,2.22792,448.848,15000,0,0
Suite_13,Forward,0,1872,1.6595,0.56854,0,0.010944,0.24624,2.23596,447.235,15000,0,0
Suite_13,Forward,0,1873,1.66495,0.551976,0,0.014144,0.24752,2.24304,445.824,15000,0,0
Suite_13,Forward,0,1874,1.66586,0.560109,0,0.012416,0.247104,2.23004,448.422,15000,0,0
Suite_13,Forward,0,1875,1.67081,0.575786,0,0.014016,0.247328,2.23907,446.615,15000,0,0
Suite_13,Forward,0,1876,1.66759,0.556599,0,0.013312,0.248832,2.25992,442.493,15000,0,0
Suite_13,Forward,0,1877,1.67932,0.5599,0,0.0144,0.250496,2.23956,446.515,15000,0,0
Suite_13,Forward,0,1878,1.68574,0.560904,0,0.0136,0.24624,2.25328,443.798,15000,0,0
Suite_13,Forward,0,1879,1.67775,0.553619,0,0.013888,0.252032,2.2588,442.713,15000,0,0
Suite_13,Forward,0,1880,1.68165,0.564123,0,0.017344,0.262336,2.24317,445.798,15000,0,0
Suite_13,Forward,0,1881,1.71342,0.570502,0,0.015104,0.249856,2.26065,442.351,15000,0,0
Suite_13,Forward,0,1882,1.68987,0.561227,0,0.015488,0.250944,2.29921,434.933,15000,0,0
Suite_13,Forward,0,1883,1.68718,0.555919,0,0.015616,0.253696,2.26406,441.683,15000,0,0
Suite_13,Forward,0,1884,1.69555,0.564068,0,0.01424,0.249856,2.25511,443.438,15000,0,0
Suite_13,Forward,0,1885,1.69383,0.561999,0,0.014336,0.27264,2.27572,439.421,15000,0,0
Suite_13,Forward,0,1886,1.69537,0.578231,0,0.014336,0.25456,2.27083,440.367,15000,0,0
Suite_13,Forward,0,1887,1.69897,0.571138,0,0.0152,0.249728,2.2877,437.12,15000,0,0
Suite_13,Forward,0,1888,1.7008,0.552543,0,0.014784,0.27248,2.28334,437.954,15000,0,0
Suite_13,Forward,0,1889,1.70467,0.551247,0,0.016832,0.25936,2.26741,441.033,15000,0,0
Suite_13,Forward,0,1890,1.70349,0.568692,0,0.017696,0.255744,2.27279,439.988,15000,0,0
Suite_13,Forward,0,1891,1.70971,0.549001,0,0.016384,0.248704,2.2856,437.521,15000,0,0
Suite_13,Forward,0,1892,1.70709,0.550543,0,0.016608,0.25872,2.27111,440.313,15000,0,0
Suite_13,Forward,0,1893,1.71197,0.567669,0,0.016384,0.25216,2.27237,440.068,15000,0,0
Suite_13,Forward,0,1894,1.70516,0.556052,0,0.016384,0.251904,2.30233,434.342,15000,0,0
Suite_13,Forward,0,1895,1.71125,0.551182,0,0.023392,0.270048,2.2735,439.851,15000,0,0
Suite_13,Forward,0,1896,1.72537,0.572939,0,0.018208,0.252288,2.27449,439.658,15000,0,0
Suite_13,Forward,0,1897,1.71307,0.555472,0,0.0176,0.253728,2.31946,431.135,15000,0,0
Suite_13,Forward,0,1898,1.71892,0.555043,0,0.020512,0.259968,2.28203,438.206,15000,0,0
Suite_13,Forward,0,1899,1.72961,0.559569,0,0.017856,0.25376,2.28632,437.385,15000,0,0
Suite_13,Forward,0,1900,1.72359,0.555551,0,0.018752,0.253952,2.3026,434.292,15000,0,0
Suite_13,Forward,0,1901,1.72813,0.556894,0,0.019712,0.274496,2.29318,436.075,15000,0,0
Suite_13,Forward,0,1902,1.74046,0.562487,0,0.016608,0.255232,2.29796,435.168,15000,0,0
Suite_13,Forward,0,1903,1.73352,0.55998,0,0.018432,0.256,2.31649,431.688,15000,0,0
Suite_13,Forward,0,1904,1.73398,0.554891,0,0.020512,0.282752,2.30588,433.673,15000,0,0
Suite_13,Forward,0,1905,1.73966,0.56239,0,0.019136,0.256,2.30282,434.25,15000,0,0
Suite_13,Forward,0,1906,1.74306,0.552892,0,0.020608,0.257024,2.31641,431.703,15000,0,0
Suite_13,Forward,0,1907,1.73789,0.552146,0,0.018912,0.276416,2.3078,433.313,15000,0,0
Suite_13,Forward,0,1908,1.74728,0.562975,0,0.020448,0.25984,2.30167,434.466,15000,0,0
Suite_13,Forward,0,1909,1.75037,0.549325,0,0.02176,0.258048,2.32545,430.024,15000,0,0
Suite_13,Forward,0,1910,1.75566,0.556462,0,0.024448,0.271264,2.3129,432.358,15000,0,0
Suite_13,Forward,0,1911,1.75413,0.561473,0,0.02048,0.255552,2.3237,430.349,15000,0,0
Suite_13,Forward,0,1912,1.75956,0.549216,0,0.022016,0.25616,2.32834,429.491,15000,0,0
Suite_13,Forward,0,1913,1.75798,0.552876,0,0.0216,0.276,2.32216,430.634,15000,0,0
Suite_13,Forward,0,1914,1.76194,0.567803,0,0.022528,0.259552,2.32332,430.418,15000,0,0
Suite_13,Forward,0,1915,1.76454,0.548319,0,0.020896,0.260768,2.34358,426.697,15000,0,0
Suite_13,Forward,0,1916,1.76905,0.554549,0,0.025408,0.26624,2.32532,430.047,15000,0,0
Suite_13,Forward,0,1917,1.77406,0.568399,0,0.024288,0.263488,2.33654,427.983,15000,0,0
Suite_13,Forward,0,1918,1.77254,0.553071,0,0.021184,0.258016,2.35792,424.102,15000,0,0
Suite_13,Forward,0,1919,1.78978,0.625622,0,0.022528,0.258048,2.3385,427.625,15000,0,0
Suite_13,Forward,0,1920,1.78127,0.576143,0,0.023776,0.260576,2.43266,411.072,15000,0,0
Suite_13,Forward,0,1921,1.77727,0.558244,0,0.022528,0.278656,2.37398,421.234,15000,0,0
Suite_13,Forward,0,1922,1.77169,0.55515,0,0.02368,0.261024,2.34899,425.715,15000,0,0
Suite_13,Forward,0,1923,1.78283,0.563865,0,0.023552,0.259904,2.34617,426.227,15000,0,0
Suite_13,Forward,0,1924,1.78463,0.557268,0,0.022528,0.280256,2.3603,423.675,15000,0,0
Suite_13,Forward,0,1925,1.77544,0.56333,0,0.022528,0.260288,2.35677,424.31,15000,0,0
Suite_13,Forward,0,1926,1.79309,0.566819,0,0.02416,0.261344,2.35206,425.16,15000,0,0
Suite_13,Forward,0,1927,1.78123,0.556342,0,0.02624,0.262624,2.37356,421.308,15000,0,0
Suite_13,Forward,0,1928,1.78905,0.552319,0,0.024256,0.26144,2.34988,425.553,15000,0,0
Suite_13,Forward,0,1929,1.80109,0.592671,0,0.024416,0.262624,2.35574,424.495,15000,0,0
Suite_13,Forward,0,1930,1.78653,0.556568,0,0.025568,0.262368,2.41058,414.839,15000,0,0
Suite_13,Forward,0,1931,1.79442,0.551182,0,0.024416,0.263264,2.35558,424.524,15000,0,0
Suite_13,Forward,0,1932,1.79502,0.567209,0,0.024576,0.262432,2.35766,424.149,15000,0,0
Suite_13,Forward,0,1933,1.80043,0.55501,0,0.024896,0.264192,2.37787,420.544,15000,0,0
Suite_13,Forward,0,1934,1.80485,0.561347,0,0.026624,0.263616,2.36859,422.192,15000,0,0
Suite_13,Forward,0,1935,1.8016,0.559474,0,0.026624,0.26624,2.37963,420.233,15000,0,0
Suite_13,Forward,0,1936,1.80193,0.547926,0,0.025184,0.264192,2.37366,421.289,15000,0,0
Suite_13,Forward,0,1937,1.80746,0.558474,0,0.025024,0.264288,2.36361,423.082,15000,0,0
Suite_13,Forward,0,1938,1.80599,0.55985,0,0.026624,0.27024,2.38038,420.101,15000,0,0
Suite_13,Forward,0,1939,1.81336,0.549463,0,0.0264,0.266176,2.37818,420.49,15000,0,0
Suite_13,Forward,0,1940,1.81655,0.567372,0,0.026624,0.26544,2.37476,421.095,15000,0,0
Suite_13,Forward,0,1941,1.80681,0.562214,0,0.026688,0.265664,2.40017,416.636,15000,0,0
Suite_13,Forward,0,1942,1.80966,0.5477,0,0.028672,0.265824,2.3821,419.798,15000,0,0
Suite_13,Forward,0,1943,1.82071,0.576105,0,0.027648,0.265248,2.36931,422.064,15000,0,0
Suite_13,Forward,0,1944,1.82137,0.552564,0,0.027328,0.2696,2.41081,414.798,15000,0,0
Suite_13,Forward,0,1945,1.81442,0.557446,0,0.027584,0.26608,2.38848,418.676,15000,0,0
Suite_13,Forward,0,1946,1.81977,0.566006,0,0.027584,0.268288,2.38545,419.209,15000,0,0
Suite_13,Forward,0,1947,1.82344,0.552642,0,0.028768,0.270976,2.39943,416.765,15000,0,0
Suite_13,Forward,0,1948,1.81795,0.553976,0,0.02752,0.270336,2.38866,418.645,15000,0,0
Suite_13,Forward,0,1949,1.83158,0.575932,0,0.0272,0.26624,2.38555,419.191,15000,0,0
Suite_13,Forward,0,1950,1.82356,0.559887,0,0.03024,0.271648,2.4231,412.694,15000,0,0
Suite_13,Forward,0,1951,1.82256,0.558125,0,0.029536,0.290816,2.4055,415.715,15000,0,0
Suite_13,Forward,0,1952,1.83175,0.569389,0,0.028672,0.266304,2.39261,417.954,15000,0,0
Suite_13,Forward,0,1953,1.83366,0.555949,0,0.027296,0.26624,2.41682,413.767,15000,0,0
Suite_13,Forward,0,1954,1.84104,0.548135,0,0.028672,0.267808,2.40301,416.145,15000,0,0
Suite_13,Forward,0,1955,1.83786,0.567792,0,0.028512,0.270176,2.40111,416.473,15000,0,0
Suite_13,Forward,0,1956,1.83443,0.552448,0,0.028672,0.290816,2.41856,413.47,15000,0,0
Suite_13,Forward,0,1957,1.83792,0.553956,0,0.028768,0.269504,2.40174,416.365,15000,0,0
Suite_13,Forward,0,1958,1.83813,0.573544,0,0.029216,0.269376,2.40572,415.676,15000,0,0
Suite_13,Forward,0,1959,1.84412,0.551263,0,0.03056,0.270368,2.42468,412.426,15000,0,0
Suite_13,Forward,0,1960,1.83519,0.552541,0,0.028736,0.27088,2.40731,415.402,15000,0,0
Suite_13,Forward,0,1961,1.84288,0.566564,0,0.03072,0.2704,2.40118,416.461,15000,0,0
Suite_13,Forward,0,1962,1.84141,0.549758,0,0.03072,0.270944,2.4234,412.643,15000,0,0
Suite_13,Forward,0,1963,1.84964,0.566201,0,0.029344,0.270336,2.40348,416.064,15000,0,0
Suite_13,Forward,0,1964,1.84499,0.555542,0,0.030464,0.275872,2.42945,411.616,15000,0,0
Suite_13,Forward,0,1965,1.8537,0.555192,0,0.030656,0.270336,2.41475,414.121,15000,0,0
Suite_13,Forward,0,1966,1.84935,0.557227,0,0.0296,0.270528,2.42207,412.87,15000,0,0
Suite_13,Forward,0,1967,1.84656,0.559786,0,0.03136,0.274432,2.41977,413.262,15000,0,0
Suite_13,Forward,0,1968,1.84323,0.551458,0,0.032416,0.275744,2.4185,413.48,15000,0,0
Suite_13,Forward,0,1969,1.84471,0.557337,0,0.02992,0.271392,2.40839,415.215,15000,0,0
Suite_13,Forward,0,1970,1.84848,0.55559,0,0.03216,0.276384,2.41629,413.858,15000,0,0
Suite_13,Forward,0,1971,1.85556,0.578985,0,0.030304,0.271456,2.41646,413.828,15000,0,0
Suite_13,Forward,0,1972,1.8533,0.575467,0,0.031008,0.271776,2.44819,408.465,15000,0,0
Suite_13,Forward,0,1973,1.85714,0.552066,0,0.032704,0.2744,2.44616,408.804,15000,0,0
Suite_13,Forward,0,1974,1.84838,0.552351,0,0.030976,0.29552,2.42241,412.811,15000,0,0
Suite_13,Forward,0,1975,1.85899,0.567559,0,0.03072,0.273504,2.41215,414.568,15000,0,0
Suite_13,Forward,0,1976,1.86086,0.550173,0,0.03072,0.271136,2.44016,409.809,15000,0,0
Suite_13,Forward,0,1977,1.84985,0.55287,0,0.030784,0.272384,2.42486,412.395,15000,0,0
Suite_13,Forward,0,1978,1.85227,0.561118,0,0.030848,0.272256,2.41578,413.945,15000,0,0
Suite_13,Forward,0,1979,1.85444,0.560001,0,0.042592,0.29184,2.43275,411.058,15000,0,0
Suite_13,Forward,0,1980,1.85665,0.555954,0,0.032768,0.274432,2.42644,412.127,15000,0,0
Suite_13,Forward,0,1981,1.85746,0.562657,0,0.033248,0.27648,2.42749,411.948,15000,0,0
Suite_13,Forward,0,1982,1.85184,0.555682,0,0.034816,0.28,2.43368,410.9,15000,0,0
Suite_13,Forward,0,1983,1.86012,0.549054,0,0.033184,0.274816,2.41901,413.392,15000,0,0
Suite_13,Forward,0,1984,1.86495,0.564698,0,0.033664,0.275776,2.42064,413.113,15000,0,0
Suite_13,Forward,0,1985,1.85333,0.555944,0,0.034816,0.278624,2.44387,409.188,15000,0,0
Suite_13,Forward,0,1986,1.8594,0.565735,0,0.031392,0.273024,2.42204,412.875,15000,0,0
Suite_13,Forward,0,1987,1.86011,0.557186,0,0.033312,0.276192,2.4386,410.071,15000,0,0
Suite_13,Forward,0,1988,1.85321,0.553299,0,0.034112,0.278528,2.42926,411.648,15000,0,0
Suite_13,Forward,0,1989,1.88125,0.573107,0,0.032768,0.274432,2.42043,413.15,15000,0,0
Suite_13,Forward,0,1990,1.86778,0.558595,0,0.032928,0.277888,2.46896,405.029,15000,0,0
Suite_13,Forward,0,1991,1.86681,0.557203,0,0.0328,0.274432,2.43932,409.95,15000,0,0
Suite_13,Forward,0,1992,1.88512,0.565703,0,0.033472,0.275776,2.43548,410.596,15000,0,0
Suite_13,Forward,0,1993,1.8641,0.560386,0,0.032768,0.27648,2.46624,405.475,15000,0,0
Suite_13,Forward,0,1994,1.86598,0.553389,0,0.032768,0.29968,2.43815,410.147,15000,0,0
Suite_13,Forward,0,1995,1.86822,0.570745,0,0.032768,0.274784,2.43119,411.322,15000,0,0
Suite_13,Forward,0,1996,1.87503,0.54884,0,0.03472,0.298208,2.45181,407.863,15000,0,0
Suite_13,Forward,0,1997,1.85584,0.551564,0,0.034816,0.276704,2.43719,410.308,15000,0,0
Suite_13,Forward,0,1998,1.86255,0.565643,0,0.033504,0.276224,2.42002,413.219,15000,0,0
Suite_13,Forward,0,1999,1.86063,0.549826,0,0.035456,0.279424,2.44168,409.554,15000,0,0
Suite_13,Forward,0,2000,1.85648,0.563169,0,0.034816,0.280576,2.42215,412.857,15000,0,0
Suite_13,Forward,0,2001,1.86416,0.566669,0,0.034752,0.27648,2.43328,410.968,15000,0,0
Suite_13,Forward,0,2002,1.86625,0.555224,0,0.034592,0.276608,2.44539,408.933,15000,0,0
Suite_13,Forward,0,2003,1.86756,0.552008,0,0.034816,0.278528,2.43328,410.968,15000,0,0
Suite_13,Forward,0,2004,1.86667,0.564935,0,0.034816,0.278528,2.43161,411.25,15000,0,0
Suite_13,Forward,0,2005,1.86201,0.557446,0,0.036864,0.280768,2.44765,408.556,15000,0,0
Suite_13,Forward,0,2006,1.87145,0.568115,0,0.036384,0.277888,2.43264,411.076,15000,0,0
Suite_13,Forward,0,2007,1.86646,0.556407,0,0.037056,0.28432,2.45349,407.582,15000,0,0
Suite_13,Forward,0,2008,1.86458,0.552115,0,0.03488,0.279616,2.44131,409.616,15000,0,0
Suite_13,Forward,0,2009,1.86714,0.568309,0,0.035488,0.282624,2.43045,411.447,15000,0,0
Suite_13,Forward,0,2010,1.86938,0.552677,0,0.035392,0.278592,2.45039,408.099,15000,0,0
Suite_13,Forward,0,2011,1.86031,0.555257,0,0.035328,0.27808,2.43449,410.764,15000,0,0
Suite_13,Forward,0,2012,1.87507,0.591868,0,0.033632,0.278592,2.42711,412.013,15000,0,0
Suite_13,Forward,0,2013,1.86931,0.559929,0,0.035456,0.278944,2.48438,402.515,15000,0,0
Suite_13,Forward,0,2014,1.85878,0.555633,0,0.034816,0.278016,2.44327,409.288,15000,0,0
Suite_13,Forward,0,2015,1.87094,0.564494,0,0.035712,0.278528,2.42661,412.098,15000,0,0
Suite_13,Forward,0,2016,1.8561,0.554063,0,0.034816,0.30256,2.44883,408.358,15000,0,0
Suite_13,Forward,0,2017,1.86346,0.547919,0,0.034944,0.27888,2.42416,412.514,15000,0,0
Suite_13,Forward,0,2018,1.86454,0.567573,0,0.036864,0.280576,2.42419,412.509,15000,0,0
Suite_13,Forward,0,2019,1.86613,0.55012,0,0.038592,0.282624,2.44508,408.985,15000,0,0
Suite_13,Forward,0,2020,1.86323,0.56659,0,0.03648,0.280288,2.4286,411.76,15000,0,0
Suite_13,Forward,0,2021,1.86205,0.559673,0,0.037184,0.282816,2.44685,408.688,15000,0,0
Suite_13,Forward,0,2022,1.85822,0.549811,0,0.036704,0.282624,2.43515,410.653,15000,0,0
Suite_13,Forward,0,2023,1.87524,0.561354,0,0.035936,0.280608,2.41998,413.227,15000,0,0
Suite_13,Forward,0,2024,1.8632,0.554099,0,0.03904,0.286144,2.45007,408.152,15000,0,0
Suite_13,Forward,0,2025,1.85645,0.554051,0,0.038176,0.281472,2.43112,411.333,15000,0,0
Suite_13,Forward,0,2026,1.86258,0.566449,0,0.03808,0.281056,2.4234,412.644,15000,0,0
Suite_13,Forward,0,2027,1.85819,0.564085,0,0.037248,0.280576,2.44349,409.251,15000,0,0
Suite_13,Forward,0,2028,1.85889,0.553939,0,0.036864,0.279904,2.43968,409.89,15000,0,0
Suite_13,Forward,0,2029,1.86487,0.568019,0,0.036864,0.281408,2.42696,412.038,15000,0,0
Suite_13,Forward,0,2030,1.85323,0.55949,0,0.038496,0.282624,2.44707,408.652,15000,0,0
Suite_13,Forward,0,2031,1.85721,0.550251,0,0.036096,0.299072,2.42509,412.356,15000,0,0
Suite_13,Forward,0,2032,1.8686,0.568696,0,0.03776,0.2816,2.41912,413.373,15000,0,0
Suite_13,Forward,0,2033,1.87293,0.555608,0,0.035456,0.279264,2.45321,407.629,15000,0,0
Suite_13,Forward,0,2034,1.86029,0.552738,0,0.036864,0.280576,2.44203,409.495,15000,0,0
Suite_13,Forward,0,2035,1.8583,0.561425,0,0.03792,0.280736,2.42512,412.35,15000,0,0
Suite_13,Forward,0,2036,1.85681,0.556516,0,0.04368,0.290816,2.4386,410.071,15000,0,0
Suite_13,Forward,0,2037,1.86289,0.552045,0,0.037184,0.280576,2.42834,411.804,15000,0,0
Suite_13,Forward,0,2038,1.86807,0.561511,0,0.038912,0.28528,2.42788,411.882,15000,0,0
Suite_13,Forward,0,2039,1.86432,0.554824,0,0.0392,0.284672,2.44331,409.28,15000,0,0
Suite_13,Forward,0,2040,1.86226,0.561613,0,0.038016,0.281152,2.43152,411.265,15000,0,0
Suite_13,Forward,0,2041,1.87168,0.561239,0,0.03984,0.283808,2.43944,409.931,15000,0,0
Suite_13,Forward,0,2042,1.86142,0.553298,0,0.038592,0.282624,2.44692,408.677,15000,0,0
Suite_13,Forward,0,2043,1.86931,0.600793,0,0.038912,0.282496,2.4267,412.083,15000,0,0
Suite_13,Forward,0,2044,1.88911,0.61774,0,0.038528,0.282976,2.48749,402.012,15000,0,0
Suite_13,Forward,0,2045,1.87268,0.558723,0,0.038592,0.283712,2.52706,395.716,15000,0,0
Suite_13,Forward,0,2046,1.86941,0.563565,0,0.036864,0.282624,2.44515,408.974,15000,0,0
Suite_13,Forward,0,2047,1.87307,0.552566,0,0.038912,0.284288,2.4462,408.797,15000,0,0
Suite_13,Forward,0,2048,1.86152,0.555501,0,0.03696,0.284672,2.43736,410.28,15000,0,0
Suite_13,Forward,0,2049,1.86449,0.561849,0,0.040832,0.28832,2.43013,411.501,15000,0,0
Suite_13,Forward,0,2050,1.86709,0.554041,0,0.038912,0.283392,2.43996,409.842,15000,0,0
Suite_13,Forward,0,2051,1.86097,0.551045,0,0.037664,0.282784,2.43295,411.024,15000,0,0
Suite_13,Forward,0,2052,1.87787,0.566259,0,0.040672,0.2864,2.42372,412.588,15000,0,0
Suite_13,Forward,0,2053,1.86412,0.573321,0,0.037568,0.30784,2.45936,406.61,15000,0,0
Suite_13,Forward,0,2054,1.8674,0.561109,0,0.040608,0.285056,2.45185,407.856,15000,0,0
Suite_13,Forward,0,2055,1.86574,0.569926,0,0.038912,0.285184,2.44091,409.684,15000,0,0
Suite_13,Forward,0,2056,1.86914,0.549234,0,0.04096,0.286688,2.44943,408.258,15000,0,0
Suite_13,Forward,0,2057,1.86363,0.562796,0,0.03856,0.284448,2.43266,411.073,15000,0,0
Suite_13,Forward,0,2058,1.86989,0.557432,0,0.042208,0.291328,2.44058,409.739,15000,0,0
Suite_13,Forward,0,2059,1.86045,0.554756,0,0.040576,0.290176,2.44013,409.814,15000,0,0
Suite_13,Forward,0,2060,1.86423,0.567048,0,0.039904,0.28448,2.42693,412.042,15000,0,0
Suite_13,Forward,0,2061,1.8601,0.555964,0,0.038944,0.28464,2.44615,408.807,15000,0,0
Suite_13,Forward,0,2062,1.85359,0.548172,0,0.040448,0.284384,2.42937,411.63,15000,0,0
Suite_13,Forward,0,2063,1.87044,0.567435,0,0.042208,0.288768,2.41351,414.335,15000,0,0
Suite_13,Forward,0,2064,1.87081,0.556554,0,0.04096,0.28672,2.45105,407.988,15000,0,0
Suite_13,Forward,0,2065,1.86951,0.549424,0,0.04016,0.283904,2.4468,408.697,15000,0,0
Suite_13,Forward,0,2066,1.86616,0.564955,0,0.04112,0.287584,2.43162,411.249,15000,0,0
Suite_13,Forward,0,2067,1.86628,0.558043,0,0.041024,0.287168,2.44425,409.123,15000,0,0
Suite_13,Forward,0,2068,1.87647,0.556392,0,0.038912,0.30656,2.43647,410.431,15000,0,0
Suite_13,Forward,0,2069,1.87215,0.571889,0,0.04048,0.287328,2.44713,408.642,15000,0,0
Suite_13,Forward,0,2070,1.87547,0.567824,0,0.040576,0.304832,2.45879,406.705,15000,128,5.30374e-05
Suite_13,Forward,0,2071,1.86821,0.564191,0,0.039328,0.284672,2.45571,407.214,15000,128,5.32253e-05
Suite_13,Forward,0,2072,1.87767,0.579435,0,0.04096,0.287712,2.44429,409.117,15000,128,5.34149e-05
Suite_13,Forward,0,2073,1.87014,0.568598,0,0.041152,0.28624,2.47221,404.496,15000,128,5.36063e-05
Suite_13,Forward,0,2074,1.86399,0.565566,0,0.03936,0.283584,2.45207,407.818,15000,128,5.37994e-05
Suite_13,Forward,0,2075,1.8702,0.573993,0,0.04096,0.28624,2.44274,409.377,15000,128,5.39943e-05
Suite_13,Forward,0,2076,1.87451,0.563273,0,0.042016,0.28672,2.45656,407.073,15000,128,5.4191e-05
Suite_13,Forward,0,2077,1.86345,0.578001,0,0.040608,0.284736,2.45189,407.849,15000,128,5.43895e-05
Suite_13,Forward,0,2078,1.87113,0.565559,0,0.042848,0.292864,2.45568,407.218,15000,128,5.45898e-05
Suite_13,Forward,0,2079,1.87556,0.573746,0,0.042208,0.285152,2.44941,408.262,15000,128,5.47919e-05
Suite_13,Forward,0,2080,1.86628,0.572521,0,0.042048,0.28672,2.46771,405.234,15000,128,5.4996e-05
Suite_13,Forward,0,2081,1.86618,0.574104,0,0.042144,0.289056,2.45405,407.49,15000,128,5.52019e-05
Suite_13,Forward,0,2082,1.87398,0.561053,0,0.04096,0.285056,2.45385,407.523,15000,128,5.54096e-05
Suite_13,Forward,0,2083,1.87129,0.577818,0,0.039776,0.285184,2.44685,408.689,15000,384,0.00018054
Suite_13,Forward,0,2084,1.86406,0.568435,0,0.04096,0.28672,2.46273,406.053,15000,384,0.00018116
Suite_13,Forward,0,2085,1.8641,0.564862,0,0.04272,0.291552,2.44738,408.6,15000,384,0.000181785
Suite_13,Forward,0,2086,1.87366,0.579969,0,0.042528,0.287072,2.44224,409.459,15000,768,0.00123832
Suite_13,Forward,0,2087,1.87287,0.566268,0,0.040832,0.309024,2.46737,405.289,15000,1024,0.00156426
Suite_13,Forward,0,2088,1.88199,0.564876,0,0.04208,0.286848,2.45189,407.848,15000,1024,0.00156985
Suite_13,Forward,0,2089,1.87405,0.574674,0,0.04096,0.28672,2.46079,406.374,15000,1024,0.00157549
Suite_13,Forward,0,2090,1.87111,0.566472,0,0.041312,0.290528,2.46337,405.948,15000,1024,0.00158118
Suite_13,Forward,0,2091,1.87695,0.573305,0,0.042656,0.287072,2.45055,408.071,15000,1152,0.00205843
Suite_13,Forward,0,2092,1.87611,0.575011,0,0.043008,0.289376,2.4639,405.86,15000,1280,0.00224613
Suite_13,Forward,0,2093,1.88269,0.567452,0,0.042656,0.288768,2.47166,404.587,15000,1408,0.00254515
Suite_13,Forward,0,2094,1.87919,0.598453,0,0.043008,0.288768,2.46386,405.867,15000,1408,0.00255456
Suite_13,Forward,0,2095,1.89008,0.582215,0,0.043008,0.287968,2.49296,401.13,15000,1664,0.00290938
Suite_13,Forward,0,2096,1.88029,0.571454,0,0.0424,0.28672,2.48673,402.135,15000,1664,0.00292031
Suite_13,Forward,0,2097,1.87827,0.582418,0,0.0424,0.288032,2.46625,405.474,15000,2048,0.00342766
Suite_13,Forward,0,2098,1.87741,0.570833,0,0.04176,0.289376,2.47603,403.873,15000,2048,0.00344031
Suite_13,Forward,0,2099,1.87452,0.575213,0,0.041024,0.286176,2.46134,406.283,15000,2048,0.00345308
Suite_13,Forward,0,2100,1.88604,0.579643,0,0.043232,0.289184,2.46248,406.095,15000,2176,0.00359862
Suite_13,Forward,0,2101,1.88144,0.577431,0,0.042944,0.292864,2.4833,402.691,15000,2176,0.0036121
Suite_13,Forward,0,2102,1.88417,0.567743,0,0.043008,0.290304,2.47327,404.324,15000,2176,0.00362569
Suite_13,Forward,0,2103,1.87991,0.591975,0,0.043232,0.287584,2.46515,405.654,15000,2176,0.0036394
Suite_13,Forward,0,2104,1.88213,0.567061,0,0.044832,0.292,2.48701,402.09,15000,2304,0.00371202
Suite_13,Forward,0,2105,1.87904,0.571683,0,0.045056,0.290816,2.46405,405.835,15000,2432,0.00397787
Suite_13,Forward,0,2106,1.89234,0.593606,0,0.043328,0.288608,2.46453,405.756,15000,2560,0.00420501
Suite_13,Forward,0,2107,1.88722,0.577533,0,0.043008,0.290976,2.50117,399.813,15000,2816,0.00474263
Suite_13,Forward,0,2108,1.88665,0.585327,0,0.043744,0.291008,2.47867,403.442,15000,2816,0.00476036
Suite_13,Forward,0,2109,1.89108,0.576827,0,0.045344,0.292864,2.48837,401.869,15000,2816,0.00477825
Suite_13,Forward,0,2110,1.88141,0.568883,0,0.04288,0.288224,2.48257,402.808,15000,2944,0.00517331
Suite_13,Forward,0,2111,1.89233,0.589743,0,0.044224,0.290816,2.46363,405.905,15000,2944,0.00519299
Suite_13,Forward,0,2112,1.88912,0.56711,0,0.045184,0.294272,2.49661,400.543,15000,2944,0.00521284
Suite_13,Forward,0,2113,1.88291,0.5697,0,0.044256,0.28944,2.47092,404.707,15000,2944,0.00523286
Suite_13,Forward,0,2114,1.88376,0.577279,0,0.044864,0.291104,2.46659,405.417,15000,2944,0.00525305
Suite_13,Forward,0,2115,1.88638,0.569723,0,0.043104,0.288768,2.47513,404.02,15000,2944,0.00527341
Suite_13,Forward,0,2116,1.88352,0.573515,0,0.045056,0.292512,2.46953,404.936,15000,2944,0.00529394
Suite_13,Forward,0,2117,1.88974,0.59707,0,0.044512,0.290816,2.47289,404.385,15000,2944,0.00531466
Suite_13,Forward,0,2118,1.88138,0.573848,0,0.045472,0.296448,2.50251,399.599,15000,3072,0.00555883
Suite_13,Forward,0,2119,1.88519,0.571174,0,0.043936,0.291296,2.46888,405.041,15000,3328,0.00587284
Suite_13,Forward,0,2120,1.88324,0.582996,0,0.045248,0.292288,2.46973,404.903,15000,3584,0.00609714
Suite_13,Forward,0,2121,1.8889,0.570572,0,0.047104,0.29424,2.4832,402.706,15000,3840,0.00629108
Suite_13,Forward,0,2122,1.8839,0.583106,0,0.046912,0.292864,2.48587,402.274,15000,3968,0.00667382
Suite_13,Forward,0,2123,1.88974,0.570908,0,0.045984,0.292864,2.48214,402.878,15000,3968,0.0067
Suite_13,Forward,0,2124,1.89059,0.574606,0,0.044448,0.28976,2.47492,404.053,15000,3968,0.0067264
Suite_13,Forward,0,2125,1.88785,0.577294,0,0.045984,0.293248,2.48041,403.159,15000,3968,0.00675303
Suite_13,Forward,0,2126,1.89406,0.572534,0,0.047104,0.294784,2.48122,403.027,15000,3968,0.00677987
Suite_13,Forward,0,2127,1.88642,0.5667,0,0.046336,0.292832,2.48043,403.156,15000,3968,0.00680695
Suite_13,Forward,0,2128,1.89338,0.579872,0,0.047104,0.291168,2.4663,405.466,15000,4224,0.0073487
Suite_13,Forward,0,2129,1.89598,0.576746,0,0.045344,0.29248,2.48981,401.636,15000,4352,0.00746581
Suite_13,Forward,0,2130,1.89118,0.580259,0,0.04512,0.291936,2.48762,401.991,15000,4352,0.00749594
Suite_13,Forward,0,2131,1.8956,0.590968,0,0.048896,0.29936,2.48635,402.196,15000,4480,0.00757316
Suite_13,Forward,0,2132,1.89242,0.580899,0,0.047104,0.2944,2.50171,399.727,15000,4480,0.00760396
Suite_13,Forward,0,2133,1.89247,0.566384,0,0.04528,0.292992,2.49,401.607,15000,4608,0.0078064
Suite_13,Forward,0,2134,1.89473,0.584535,0,0.048192,0.2936,2.47373,404.248,15000,4736,0.00802873
Suite_13,Forward,0,2135,1.9021,0.60275,0,0.049152,0.29696,2.49414,400.94,15000,4736,0.0080615
Suite_13,Forward,0,2136,1.89942,0.58984,0,0.047136,0.294912,2.52066,396.721,15000,4608,0.00788563
Suite_13,Forward,0,2137,1.89405,0.575685,0,0.048992,0.298208,2.50758,398.792,15000,4608,0.00791811
Suite_13,Forward,0,2138,1.89336,0.573637,0,0.046528,0.291808,2.48499,402.416,15000,4736,0.00811287
Suite_13,Forward,0,2139,1.89312,0.581515,0,0.047744,0.293824,2.48087,403.085,15000,4736,0.00814653
Suite_13,Forward,0,2140,1.89553,0.57461,0,0.047776,0.297376,2.48975,401.647,15000,4736,0.00818046
Suite_13,Forward,0,2141,1.89675,0.567694,0,0.049152,0.317088,2.48602,402.249,15000,4736,0.00821468
Suite_13,Forward,0,2142,1.90051,0.586317,0,0.050176,0.296512,2.47939,403.325,15000,4736,0.00824919
Suite_13,Forward,0,2143,1.89475,0.567805,0,0.048704,0.319488,2.50198,399.683,15000,4736,0.00828397
Suite_13,Forward,0,2144,1.89825,0.5786,0,0.047168,0.292992,2.47655,403.788,15000,4864,0.00842439
Suite_13,Forward,0,2145,1.89787,0.595312,0,0.049056,0.29536,2.4924,401.219,15000,4992,0.0085683
Suite_13,Forward,0,2146,1.89965,0.579989,0,0.048864,0.29584,2.51006,398.397,15000,5120,0.00872302
Suite_13,Forward,0,2147,1.89463,0.576012,0,0.049152,0.296672,2.4949,400.817,15000,5376,0.00909548
Suite_13,Forward,0,2148,1.90371,0.602459,0,0.04944,0.298752,2.48492,402.427,15000,5504,0.00943506
Suite_13,Forward,0,2149,1.89993,0.579158,0,0.048608,0.294912,2.52528,395.995,15000,5504,0.00947542
Suite_13,Forward,0,2150,1.8971,0.6009,0,0.047712,0.293952,2.49815,400.297,15000,5504,0.00951611
Suite_13,Forward,0,2151,1.89763,0.576534,0,0.052576,0.303872,2.51389,397.791,15000,5504,0.00955714
Suite_13,Forward,0,2152,1.89396,0.568588,0,0.047104,0.294592,2.4894,401.704,15000,5504,0.00959852
Suite_13,Forward,0,2153,1.90336,0.584151,0,0.049472,0.297216,2.47809,403.537,15000,5504,0.00964023
Suite_13,Forward,0,2154,1.89556,0.5737,0,0.052224,0.302656,2.50365,399.417,15000,5632,0.00996782
Suite_13,Forward,0,2155,1.90178,0.57941,0,0.055968,0.3024,2.48408,402.564,15000,5760,0.0103621
Suite_13,Forward,0,2156,1.90956,0.59257,0,0.050816,0.297504,2.49662,400.542,15000,5760,0.0104074
Suite_13,Forward,0,2157,1.90125,0.566942,0,0.060832,0.307712,2.5202,396.794,15000,5760,0.0104531
Suite_13,Forward,0,2158,1.89438,0.57383,0,0.049152,0.295872,2.48423,402.539,15000,5760,0.0104992
Suite_13,Forward,0,2159,1.90288,0.579159,0,0.049344,0.297472,2.48293,402.749,15000,5760,0.0105456
Suite_13,Forward,0,2160,1.90311,0.573571,0,0.049152,0.298784,2.49731,400.431,15000,5760,0.0105925
Suite_13,Forward,0,2161,1.89624,0.568964,0,0.0512,0.298464,2.49251,401.202,15000,5760,0.0106397
Suite_13,Forward,0,2162,1.89991,0.585184,0,0.050752,0.299008,2.48102,403.06,15000,5760,0.0106873
Suite_13,Forward,0,2163,1.89895,0.571937,0,0.049152,0.29696,2.5004,399.936,15000,5888,0.0108741
Suite_13,Forward,0,2164,1.90291,0.584571,0,0.0512,0.29872,2.48513,402.394,15000,6016,0.0111774
Suite_13,Forward,0,2165,1.9007,0.584067,0,0.0512,0.303104,2.50557,399.111,15000,6016,0.0112276
Suite_13,Forward,0,2166,1.93197,0.641832,0,0.049152,0.316096,2.50248,399.604,15000,6016,0.0112782
Suite_13,Forward,0,2167,1.91095,0.595239,0,0.0512,0.300608,2.59277,385.687,15000,6016,0.0113293
Suite_13,Forward,0,2168,1.90107,0.582986,0,0.049472,0.323424,2.52287,396.374,15000,6016,0.0113807
Suite_13,Forward,0,2169,1.90052,0.585321,0,0.052704,0.301056,2.50143,399.771,15000,6016,0.0114326
Suite_13,Forward,0,2170,1.90404,0.595175,0,0.051904,0.299008,2.50221,399.646,15000,6016,0.0114849
Suite_13,Forward,0,2171,1.90185,0.584327,0,0.0512,0.29872,2.51478,397.649,15000,6144,0.0117635
Suite_13,Forward,0,2172,1.89643,0.575406,0,0.0512,0.299392,2.501,399.841,15000,6144,0.0118176
Suite_13,Forward,0,2173,1.90512,0.590471,0,0.052384,0.299232,2.48785,401.954,15000,6144,0.0118721
Suite_13,Forward,0,2174,1.89929,0.57241,0,0.052128,0.301056,2.51265,397.987,15000,6144,0.0119271
Suite_13,Forward,0,2175,1.91418,0.61039,0,0.049696,0.29712,2.48635,402.196,15000,6144,0.0119826
Suite_13,Forward,0,2176,1.90611,0.574946,0,0.052384,0.301248,2.54238,393.331,15000,6272,0.0122594
Suite_13,Forward,0,2177,1.90433,0.570144,0,0.049664,0.296704,2.49896,400.167,15000,6272,0.0123167
Suite_13,Forward,0,2178,1.90457,0.590539,0,0.052128,0.3024,2.49024,401.568,15000,6272,0.0123745
Suite_13,Forward,0,2179,1.90221,0.569555,0,0.051168,0.298656,2.51692,397.312,15000,6272,0.0124327
Suite_13,Forward,0,2180,1.90187,0.573817,0,0.049152,0.296416,2.48649,402.174,15000,6272,0.0124914
Suite_13,Forward,0,2181,1.90567,0.583863,0,0.05344,0.302272,2.4923,401.236,15000,6272,0.0125506
Suite_13,Forward,0,2182,1.90434,0.580812,0,0.050784,0.299008,2.50644,398.972,15000,6400,0.0126999
Suite_13,Forward,0,2183,1.90134,0.579431,0,0.049984,0.2976,2.5334,394.727,15000,6016,0.0118935
Suite_13,Forward,0,2184,1.90363,0.58356,0,0.051744,0.300032,2.49676,400.518,15000,6144,0.0120396
Suite_13,Forward,0,2185,1.89758,0.570188,0,0.052224,0.301056,2.50413,399.341,15000,6144,0.0120968
Suite_13,Forward,0,2186,1.89753,0.576066,0,0.053088,0.29904,2.48342,402.671,15000,6144,0.0121544
Suite_13,Forward,0,2187,1.90269,0.580086,0,0.0512,0.299968,2.48843,401.859,15000,6144,0.0122125
Suite_13,Forward,0,2188,1.90056,0.576082,0,0.049152,0.294912,2.49795,400.328,15000,6144,0.0122711
Suite_13,Forward,0,2189,1.90282,0.588591,0,0.0512,0.301056,2.49385,400.986,15000,6144,0.0123302
Suite_13,Forward,0,2190,1.89906,0.580475,0,0.051296,0.297696,2.50896,398.571,15000,6144,0.0123897
Suite_13,Forward,0,2191,1.90057,0.570145,0,0.051424,0.320192,2.4945,400.882,15000,6272,0.0126608
Suite_13,Forward,0,2192,1.89921,0.587369,0,0.051104,0.297856,2.48456,402.485,15000,6272,0.0127222
Suite_13,Forward,0,2193,1.89858,0.570939,0,0.050464,0.319904,2.5039,399.377,15000,6144,0.0123712
Suite_13,Forward,0,2194,1.89624,0.576183,0,0.0512,0.299008,2.48535,402.358,15000,6144,0.0124311
Suite_13,Forward,0,2195,1.9052,0.58062,0,0.051584,0.2992,2.48732,402.039,15000,6144,0.0124916
Suite_13,Forward,0,2196,1.90267,0.574262,0,0.0512,0.299008,2.50097,399.844,15000,6144,0.0125525
Suite_13,Forward,0,2197,1.89865,0.569116,0,0.051552,0.299104,2.49449,400.884,15000,6144,0.0126139
Suite_13,Forward,0,2198,1.90684,0.585821,0,0.051872,0.300512,2.48337,402.679,15000,6144,0.0126758
Suite_13,Forward,0,2199,1.89986,0.568935,0,0.050976,0.298272,2.5084,398.661,15000,6016,0.0120519
Suite_13,Forward,0,2200,1.89954,0.58466,0,0.05136,0.299008,2.48313,402.718,15000,6144,0.0123779
Suite_13,Forward,0,2201,1.90194,0.569384,0,0.054016,0.304288,2.50187,399.701,15000,6144,0.0124381
Suite_13,Forward,0,2202,1.89716,0.573814,0,0.0512,0.298464,2.48661,402.153,15000,6272,0.0127287
Suite_13,Forward,0,2203,1.90355,0.581184,0,0.052384,0.299136,2.48598,402.256,15000,6400,0.0131235
Suite_13,Forward,0,2204,1.89977,0.571358,0,0.05136,0.301056,2.50016,399.975,15000,6400,0.0131875
Suite_13,Forward,0,2205,1.90264,0.567447,0,0.063872,0.312192,2.48777,401.966,15000,6272,0.0131495
Suite_13,Forward,0,2206,1.90592,0.58453,0,0.05152,0.300512,2.48547,402.338,15000,6272,0.0129949
Suite_13,Forward,0,2207,1.90351,0.576804,0,0.067232,0.317792,2.51209,398.074,15000,6272,0.0130577
Suite_13,Forward,0,2208,1.89908,0.577685,0,0.051104,0.298624,2.49519,400.771,15000,6016,0.0118323
Suite_13,Forward,0,2209,1.90046,0.57893,0,0.0512,0.298688,2.49394,400.972,15000,5760,0.0112738
Suite_13,Forward,0,2210,1.90157,0.583498,0,0.051264,0.29936,2.49589,400.658,15000,6016,0.0115743
Suite_13,Forward,0,2211,1.89545,0.578296,0,0.0512,0.299008,2.49958,400.067,15000,6016,0.0116292
Suite_13,Forward,0,2212,1.89968,0.594977,0,0.0512,0.301056,2.48891,401.782,15000,6144,0.0118787
Suite_13,Forward,0,2213,1.90082,0.582425,0,0.049984,0.296672,2.51271,397.977,15000,6272,0.0120306
Suite_13,Forward,0,2214,1.9045,0.597052,0,0.053216,0.299744,2.49879,400.193,15000,6272,0.012088
Suite_13,Forward,0,2215,1.90905,0.608907,0,0.051712,0.301056,2.51727,397.256,15000,6272,0.0121458
Suite_13,Forward,0,2216,1.90318,0.585274,0,0.0512,0.318944,2.53445,394.563,15000,6272,0.0122041
Suite_13,Forward,0,2217,1.90118,0.595996,0,0.052864,0.301056,2.50531,399.153,15000,6272,0.0122629
Suite_13,Forward,0,2218,1.89983,0.582259,0,0.051232,0.320288,2.51396,397.778,15000,6272,0.0123221
Suite_13,Forward,0,2219,1.89829,0.59524,0,0.051552,0.298592,2.49727,400.437,15000,6272,0.0123818
Suite_13,Forward,0,2220,1.90381,0.595878,0,0.052992,0.299104,2.50812,398.705,15000,6272,0.0124419
Suite_13,Forward,0,2221,1.89954,0.747786,0,0.827392,1.07258,2.51747,397.225,15000,6272,0.0125025
Suite_13,Forward,0,2222,1.9022,0.593796,0,0.052864,0.304448,2.6637,375.417,15000,6272,0.0125635
Suite_13,Forward,0,2223,1.90157,0.581932,0,0.053152,0.301824,2.51229,398.042,15000,6272,0.012625
Suite_13,Forward,0,2224,1.90013,0.580228,0,0.050368,0.298048,2.49896,400.167,15000,6272,0.012687
Suite_13,Forward,0,2225,1.89992,0.593354,0,0.0512,0.299232,2.49669,400.53,15000,6272,0.0127494
Suite_13,Forward,0,2226,1.90256,0.586664,0,0.050496,0.299008,2.51018,398.377,15000,6272,0.0128124
Suite_13,Forward,0,2227,1.89955,0.576292,0,0.0512,0.2976,2.50435,399.306,15000,6272,0.0128758
Suite_13,Forward,0,2228,1.90216,0.62022,0,0.051616,0.301984,2.4901,401.59,15000,6144,0.012763
Suite_13,Forward,0,2229,1.90808,0.584178,0,0.051392,0.3232,2.5418,393.422,15000,6272,0.0128901
Suite_13,Forward,0,2230,1.89737,0.589871,0,0.051552,0.29952,2.5128,397.963,15000,6272,0.0129539
Suite_13,Forward,0,2231,1.90749,0.601383,0,0.050912,0.299776,2.50243,399.612,15000,6272,0.0130182
Suite_13,Forward,0,2232,1.89888,0.580052,0,0.0512,0.299296,2.52504,396.033,15000,6272,0.013083
Suite_13,Forward,0,2233,1.90074,0.579218,0,0.050784,0.298624,2.49545,400.729,15000,6016,0.012551
Suite_13,Forward,0,2234,1.90346,0.595439,0,0.053088,0.305152,2.49575,400.681,15000,6016,0.0126134
Suite_13,Forward,0,2235,1.90027,0.585904,0,0.051776,0.299136,2.52034,396.771,15000,6144,0.0128519
Suite_13,Forward,0,2236,1.89876,0.592354,0,0.0512,0.299008,2.50097,399.845,15000,6144,0.0129159
Suite_13,Forward,0,2237,1.90063,0.606449,0,0.05312,0.30096,2.50884,398.591,15000,6144,0.0129805
Suite_13,Forward,0,2238,1.89921,0.582583,0,0.049152,0.29696,2.52335,396.299,15000,6144,0.0130456
Suite_13,Forward,0,2239,1.90372,0.6014,0,0.051104,0.2992,2.49627,400.598,15000,6016,0.0128497
Suite_13,Forward,0,2240,1.90007,0.576308,0,0.050688,0.297824,2.521,396.668,15000,6016,0.0129142
Suite_13,Forward,0,2241,1.89681,0.579595,0,0.050208,0.29696,2.49255,401.196,15000,5888,0.0124923
Suite_13,Forward,0,2242,1.90236,0.585224,0,0.051392,0.30112,2.49171,401.332,15000,5888,0.0123774
Suite_13,Forward,0,2243,1.89936,0.587589,0,0.052704,0.300736,2.50364,399.418,15000,5888,0.0124397
Suite_13,Forward,0,2244,1.89583,0.584861,0,0.05136,0.298944,2.50209,399.666,15000,5888,0.0125023
Suite_13,Forward,0,2245,1.89747,0.59137,0,0.0512,0.30016,2.49836,400.263,15000,5760,0.0122928
Suite_13,Forward,0,2246,1.89256,0.579297,0,0.049728,0.299008,2.50521,399.168,15000,5760,0.0123551
Suite_13,Forward,0,2247,1.89208,0.577053,0,0.05104,0.297472,2.48628,402.208,15000,5632,0.01178
Suite_13,Forward,0,2248,1.89666,0.580302,0,0.053248,0.30288,2.48401,402.574,15000,5504,0.0113777
Suite_13,Forward,0,2249,1.89875,0.575527,0,0.049184,0.29696,2.49384,400.988,15000,5504,0.0114354
Suite_13,Forward,0,2250,1.89587,0.584207,0,0.05136,0.29904,2.48993,401.617,15000,5504,0.0114935
Suite_13,Forward,0,2251,1.89818,0.5721,0,0.052416,0.30272,2.4956,400.705,15000,5504,0.0115521
Suite_13,Forward,0,2252,1.88874,0.570375,0,0.0512,0.303104,2.48521,402.38,15000,5504,0.0116111
Suite_13,Forward,0,2253,1.89572,0.578864,0,0.052384,0.299552,2.47473,404.085,15000,5248,0.0105212
Suite_13,Forward,0,2254,1.89052,0.572885,0,0.04928,0.298624,2.49112,401.426,15000,5248,0.0105741
Suite_13,Forward,0,2255,1.89648,0.599409,0,0.049152,0.29696,2.47786,403.575,15000,4992,0.0102225
Suite_13,Forward,0,2256,1.89905,0.592326,0,0.050112,0.299264,2.51293,397.941,15000,5120,0.0105075
Suite_13,Forward,0,2257,1.89824,0.571401,0,0.0504,0.298816,2.50991,398.421,15000,5120,0.0105601
Suite_13,Forward,0,2258,1.88626,0.572345,0,0.049024,0.297312,2.48496,402.42,15000,5120,0.010613
Suite_13,Forward,0,2259,1.90144,0.581838,0,0.0512,0.300288,2.47285,404.391,15000,5248,0.0107467
Suite_13,Forward,0,2260,1.89641,0.57348,0,0.05008,0.29744,2.49853,400.236,15000,5248,0.0108008
Suite_13,Forward,0,2261,1.90047,0.58403,0,0.049312,0.298688,2.48659,402.157,15000,5248,0.0108552
Suite_13,Forward,0,2262,1.89923,0.572735,0,0.0512,0.300992,2.50068,399.891,15000,5248,0.0109101
Suite_13,Forward,0,2263,1.892,0.566669,0,0.04928,0.29712,2.4862,402.22,15000,5248,0.0109653
Suite_13,Forward,0,2264,1.89813,0.58323,0,0.051264,0.299008,2.48149,402.983,15000,5248,0.0110209
Suite_13,Forward,0,2265,1.89578,0.569973,0,0.050144,0.299008,2.49839,400.257,15000,5120,0.0106684
Suite_13,Forward,0,2266,1.88917,0.568823,0,0.047968,0.32112,2.48082,403.092,15000,5120,0.0107224
Suite_13,Forward,0,2267,1.89941,0.58185,0,0.0512,0.302432,2.47181,404.561,15000,4992,0.0100837
Suite_13,Forward,0,2268,1.89293,0.574623,0,0.047744,0.319616,2.49621,400.608,15000,4992,0.0101341
Suite_13,Forward,0,2269,1.89484,0.568819,0,0.050304,0.296896,2.4837,402.625,15000,4864,0.00983775
Suite_13,Forward,0,2270,1.89813,0.593188,0,0.05088,0.300192,2.47847,403.474,15000,4864,0.00988696
Suite_13,Forward,0,2271,1.89939,0.573031,0,0.0512,0.299008,2.50703,398.878,15000,4736,0.00931658
Suite_13,Forward,0,2272,1.89762,0.580596,0,0.049312,0.29696,2.48695,402.1,15000,4736,0.00936294
Suite_13,Forward,0,2273,1.8898,0.575304,0,0.049824,0.299008,2.49589,400.658,15000,4608,0.00928867
Suite_13,Forward,0,2274,1.8917,0.57204,0,0.0512,0.299008,2.48097,403.068,15000,4608,0.00933501
Suite_13,Forward,0,2275,1.89313,0.58093,0,0.05088,0.30096,2.47748,403.637,15000,4480,0.0090577
Suite_13,Forward,0,2276,1.89856,0.572431,0,0.05104,0.301056,2.48883,401.795,15000,4480,0.00910284
Suite_13,Forward,0,2277,1.89297,0.568133,0,0.049568,0.296832,2.48745,402.018,15000,4608,0.00937327
Suite_13,Forward,0,2278,1.89272,0.582754,0,0.051552,0.300768,2.47692,403.727,15000,4608,0.00942003
Suite_13,Forward,0,2279,1.89218,0.571562,0,0.052736,0.30272,2.49118,401.417,15000,4608,0.00946713
Suite_13,Forward,0,2280,1.89211,0.569614,0,0.05072,0.322208,2.47783,403.579,15000,4608,0.00951457
Suite_13,Forward,0,2281,1.89525,0.581685,0,0.051136,0.3,2.47745,403.641,15000,4608,0.00956232
Suite_13,Forward,0,2282,1.89219,0.575381,0,0.052,0.318176,2.49317,401.095,15000,4608,0.00961043
Suite_13,Forward,0,2283,1.88749,0.565971,0,0.049696,0.29696,2.48207,402.89,15000,4608,0.00965885
Suite_13,Forward,0,2284,1.89973,0.597853,0,0.049504,0.298848,2.46687,405.373,15000,4608,0.00970762
Suite_13,Forward,0,2285,1.89094,0.572573,0,0.051616,0.299872,2.51571,397.503,15000,4736,0.00998002
Suite_13,Forward,0,2286,1.92541,0.658223,0,0.049824,0.297728,2.47863,403.448,15000,4736,0.0100305
Suite_13,Forward,0,2287,1.90107,0.603208,0,0.050976,0.300928,2.60341,384.111,15000,4608,0.00986188
Suite_13,Forward,0,2288,1.8926,0.574817,0,0.050144,0.30128,2.52071,396.713,15000,4608,0.00991197
Suite_13,Forward,0,2289,1.89622,0.582627,0,0.052384,0.302912,2.48327,402.695,15000,4608,0.00996241
Suite_13,Forward,0,2290,1.89525,0.572342,0,0.051488,0.300896,2.49508,400.788,15000,4736,0.0101178
Suite_13,Forward,0,2291,1.89373,0.567371,0,0.049152,0.295872,2.48168,402.953,15000,4736,0.0101519
Suite_13,Forward,0,2292,1.90265,0.586673,0,0.04992,0.299616,2.481,403.063,15000,4736,0.0102035
Suite_13,Forward,0,2293,1.89019,0.568409,0,0.049152,0.298144,2.50702,398.88,15000,4608,0.00968986
Suite_13,Forward,0,2294,1.89496,0.571968,0,0.051232,0.299296,2.47399,404.205,15000,4736,0.00979125
Suite_13,Forward,0,2295,1.89816,0.581316,0,0.051232,0.29936,2.48138,403.001,15000,4736,0.00984079
Suite_13,Forward,0,2296,1.89625,0.5951,0,0.0512,0.299584,2.4951,400.785,15000,4736,0.00989066
Suite_13,Forward,0,2297,1.89637,0.578202,0,0.05088,0.301856,2.50906,398.556,15000,4736,0.00994088
Suite_13,Forward,0,2298,1.89628,0.586772,0,0.051552,0.299776,2.49009,401.592,15000,4736,0.00999143
Suite_13,Forward,0,2299,1.88808,0.57096,0,0.0512,0.301056,2.49818,400.292,15000,4736,0.0100423
Suite_13,Forward,0,2300,1.89033,0.582855,0,0.052896,0.304928,2.4729,404.384,15000,4736,0.0100936
Suite_13,Forward,0,2301,1.88953,0.576155,0,0.053696,0.30592,2.49084,401.471,15000,4736,0.0101452
Suite_13,Forward,0,2302,1.89523,0.570756,0,0.050912,0.300928,2.48049,403.146,15000,4736,0.0101971
Suite_13,Forward,0,2303,1.89435,0.595172,0,0.0512,0.300832,2.4797,403.274,15000,4736,0.0102494
Suite_13,Forward,0,2304,1.89599,0.582366,0,0.051552,0.300896,2.50898,398.568,15000,4736,0.0103021
Suite_13,Forward,0,2305,1.8915,0.574819,0,0.051936,0.323584,2.49519,400.772,15000,4608,0.00968772
Suite_13,Forward,0,2306,1.89468,0.584612,0,0.051488,0.301504,2.48192,402.913,15000,4608,0.00973719
Suite_13,Forward,0,2307,1.88713,0.573932,0,0.0512,0.31792,2.49462,400.862,15000,4608,0.00978699
Suite_13,Forward,0,2308,1.89034,0.571162,0,0.051168,0.299552,2.47516,404.015,15000,4608,0.00983713
Suite_13,Forward,0,2309,1.89985,0.587221,0,0.051072,0.2992,2.47897,403.394,15000,4864,0.0100196
Suite_13,Forward,0,2310,1.89992,0.571226,0,0.051808,0.303104,2.50368,399.412,15000,4864,0.010071
Suite_13,Forward,0,2311,1.89517,0.573797,0,0.0512,0.3008,2.48528,402.369,15000,5120,0.0105596
Suite_13,Forward,0,2312,1.89795,0.58167,0,0.05296,0.303104,2.48283,402.766,15000,5120,0.0106137
Suite_13,Forward,0,2313,1.89586,0.574045,0,0.05232,0.30048,2.49678,400.515,15000,5120,0.0106682
Suite_13,Forward,0,2314,1.89932,0.579856,0,0.051808,0.30208,2.48504,402.408,15000,5504,0.0113921
Suite_13,Forward,0,2315,1.90025,0.580389,0,0.053088,0.302784,2.49418,400.933,15000,5632,0.0116232
Suite_13,Forward,0,2316,1.89645,0.565942,0,0.05104,0.299008,2.49537,400.742,15000,5632,0.0116823
Suite_13,Forward,0,2317,1.8996,0.593696,0,0.052928,0.301056,2.4779,403.567,15000,5760,0.0118071
Suite_13,Forward,0,2318,1.8982,0.57326,0,0.052128,0.303104,2.50986,398.429,15000,5888,0.0119208
Suite_13,Forward,0,2319,1.90295,0.577771,0,0.0512,0.321664,2.48589,402.271,15000,5888,0.0119816
Suite_13,Forward,0,2320,1.90157,0.587203,0,0.053248,0.30352,2.4948,400.833,15000,5888,0.0120429
Suite_13,Forward,0,2321,1.90267,0.607945,0,0.063584,0.311296,2.51209,398.075,15000,5888,0.0121045
Suite_13,Forward,0,2322,1.90202,0.582583,0,0.05232,0.301056,2.52686,395.748,15000,5888,0.0121666
Suite_13,Forward,0,2323,1.90446,0.599491,0,0.054208,0.305184,2.50042,399.933,15000,5888,0.012229
Suite_13,Forward,0,2324,1.89518,0.575766,0,0.055104,0.304832,2.51941,396.918,15000,6016,0.0125175
Suite_13,Forward,0,2325,1.89645,0.586116,0,0.053632,0.302784,2.48785,401.953,15000,5888,0.0118715
Suite_13,Forward,0,2326,1.90161,0.586538,0,0.054496,0.303104,2.49887,400.18,15000,6016,0.0120621
Suite_13,Forward,0,2327,1.89905,0.5851,0,0.05216,0.303488,2.5038,399.392,15000,6016,0.0121236
Suite_13,Forward,0,2328,1.89688,0.588107,0,0.05456,0.303136,2.49894,400.169,15000,6016,0.0121854
Suite_13,Forward,0,2329,1.89894,0.581131,0,0.055104,0.30672,2.5023,399.632,15000,6144,0.0123646
Suite_13,Forward,0,2330,1.89681,0.575631,0,0.053248,0.303104,2.49556,400.711,15000,6144,0.0124277
Suite_13,Forward,0,2331,1.9072,0.601662,0,0.053472,0.304256,2.48673,402.134,15000,6528,0.0131471
Suite_13,Forward,0,2332,1.90362,0.595186,0,0.053248,0.323936,2.52501,396.038,15000,6528,0.0126932
Suite_13,Forward,0,2333,1.90616,0.585925,0,0.054464,0.303104,2.51486,397.636,15000,6912,0.0130046
Suite_13,Forward,0,2334,1.90823,0.590407,0,0.055264,0.305056,2.50812,398.705,15000,7040,0.0133365
Suite_13,Forward,0,2335,1.90492,0.580692,0,0.056224,0.306912,2.51456,397.683,15000,6912,0.0130367
Suite_13,Forward,0,2336,1.91194,0.611652,0,0.055488,0.3072,2.50093,399.851,15000,7040,0.0133151
Suite_13,Forward,0,2337,1.90634,0.602998,0,0.05504,0.304,2.54357,393.149,15000,7040,0.0133819
Suite_13,Forward,0,2338,1.90519,0.585116,0,0.055296,0.303104,2.52661,395.787,15000,7040,0.0134492
Suite_13,Forward,0,2339,1.90264,0.599321,0,0.054176,0.303104,2.50563,399.101,15000,7168,0.0136063
Suite_13,Forward,0,2340,1.90519,0.587609,0,0.056032,0.307168,2.51793,397.152,15000,7296,0.0141003
Suite_13,Forward,0,2341,1.89688,0.581454,0,0.055744,0.304672,2.51054,398.32,15000,7296,0.0141712
Suite_13,Forward,0,2342,1.90855,0.595109,0,0.055392,0.305152,2.4942,400.93,15000,7296,0.0142426
Suite_13,Forward,0,2343,1.90504,0.581625,0,0.0552,0.304832,2.5203,396.779,15000,7424,0.0146309
Suite_13,Forward,0,2344,1.90597,0.607477,0,0.055296,0.303104,2.50169,399.731,15000,7552,0.0147692
Suite_13,Forward,0,2345,1.90904,0.599625,0,0.056288,0.305696,2.53026,395.217,15000,7680,0.0150483
Suite_13,Forward,0,2346,1.90939,0.583736,0,0.057536,0.30848,2.5267,395.774,15000,7936,0.0153898
Suite_13,Forward,0,2347,1.90842,0.578589,0,0.055392,0.305152,2.50929,398.519,15000,7808,0.0148429
Suite_13,Forward,0,2348,1.91392,0.593221,0,0.057344,0.3072,2.50199,399.681,15000,8064,0.0153994
Suite_13,Forward,0,2349,1.91136,0.577476,0,0.059552,0.311296,2.53278,394.823,15000,8192,0.0155382
Suite_13,Forward,0,2350,1.91247,0.592786,0,0.057344,0.308384,2.50567,399.094,15000,8192,0.0156162
Suite_13,Forward,0,2351,1.91067,0.595782,0,0.059392,0.313344,2.52244,396.442,15000,8192,0.0156947
Suite_13,Forward,0,2352,1.91521,0.583675,0,0.057344,0.306016,2.52275,396.392,15000,8448,0.0161759
Suite_13,Forward,0,2353,1.91385,0.587009,0,0.05728,0.30752,2.51595,397.463,15000,8576,0.016742
Suite_13,Forward,0,2354,1.91298,0.593582,0,0.055296,0.309504,2.51886,397.005,15000,8960,0.0172814
Suite_13,Forward,0,2355,1.91451,0.580214,0,0.055808,0.308416,2.52261,396.415,15000,9216,0.0180579
Suite_13,Forward,0,2356,1.92175,0.618228,0,0.057472,0.309984,2.51035,398.351,15000,9216,0.0181479
Suite_13,Forward,0,2357,1.91603,0.587946,0,0.06144,0.313888,2.56099,390.474,15000,9728,0.0190394
Suite_13,Forward,0,2358,1.92072,0.581315,0,0.057632,0.312,2.5217,396.557,15000,10112,0.0195973
Suite_13,Forward,0,2359,1.92473,0.583747,0,0.059392,0.313216,2.51869,397.032,15000,10496,0.0206867
Suite_13,Forward,0,2360,1.92318,0.600127,0,0.060352,0.31744,2.52546,395.967,15000,10624,0.0209165
Suite_13,Forward,0,2361,1.92034,0.577207,0,0.060224,0.315392,2.54095,393.554,15000,10752,0.021523
Suite_13,Forward,0,2362,1.92249,0.601605,0,0.059168,0.313376,2.52025,396.786,15000,11392,0.0237998
Suite_13,Forward,0,2363,1.92331,0.582436,0,0.059648,0.312032,2.54231,393.343,15000,11648,0.0245163
Suite_13,Forward,0,2364,1.92496,0.596911,0,0.060704,0.31312,2.52249,396.434,15000,11648,0.0246351
Suite_13,Forward,0,2365,1.92421,0.591421,0,0.060544,0.313888,2.54143,393.479,15000,11776,0.0251095
Suite_13,Forward,0,2366,1.92874,0.578005,0,0.05984,0.312992,2.5335,394.71,15000,12160,0.02572
Suite_13,Forward,0,2367,1.93186,0.591029,0,0.063456,0.321536,2.52336,396.297,15000,12288,0.0259715
Suite_13,Forward,0,2368,1.9253,0.581071,0,0.06304,0.31744,2.54092,393.558,15000,12544,0.0265261
Suite_13,Forward,0,2369,1.92658,0.587758,0,0.063168,0.318176,2.52523,396.004,15000,12800,0.0272665
Suite_13,Forward,0,2370,1.93347,0.590612,0,0.063168,0.318528,2.53302,394.786,15000,12928,0.0274531
Suite_13,Forward,0,2371,1.93073,0.595184,0,0.06144,0.314656,2.54174,393.432,15000,12928,0.0275858
Suite_13,Forward,0,2372,1.92863,0.589393,0,0.06,0.31408,2.5427,393.282,15000,13184,0.0282609
Suite_13,Forward,0,2373,1.93327,0.605388,0,0.061376,0.315968,2.53864,393.912,15000,13568,0.0287904
Suite_13,Forward,0,2374,1.93973,0.57351,0,0.063488,0.315392,2.55731,391.036,15000,13952,0.0294297
Suite_13,Forward,0,2375,1.93978,0.600994,0,0.063392,0.31744,2.53031,395.208,15000,14336,0.0300517
Suite_13,Forward,0,2376,1.94961,0.616085,0,0.063392,0.342304,2.55995,390.632,15000,14848,0.031204
Suite_13,Forward,0,2377,1.94705,0.576464,0,0.06144,0.315104,2.58618,386.671,15000,15360,0.0326533
Suite_13,Forward,0,2378,1.94677,0.591811,0,0.06624,0.323776,2.54733,392.568,15000,16000,0.033664
Suite_13,Forward,0,2379,1.94704,0.582914,0,0.065536,0.320608,2.55807,390.92,15000,16640,0.0352794
Suite_13,Forward,0,2380,1.94886,0.595559,0,0.065792,0.321568,2.54803,392.461,15000,17024,0.0363889
Suite_13,Forward,0,2381,1.95396,0.582793,0,0.067072,0.324448,2.56578,389.745,15000,17664,0.0377117
Suite_13,Forward,0,2382,1.95258,0.585917,0,0.06304,0.3176,2.5566,391.144,15000,17920,0.0381179
Suite_13,Forward,0,2383,1.95335,0.591816,0,0.065536,0.319712,2.55693,391.094,15000,18304,0.0386367
Suite_13,Forward,0,2384,1.9527,0.605828,0,0.066112,0.322016,2.56545,389.795,15000,18688,0.0395002
Suite_13,Forward,0,2385,1.95553,0.600588,0,0.075776,0.328416,2.57956,387.663,15000,19072,0.0404949
Suite_13,Forward,0,2386,1.96344,0.601147,0,0.06736,0.322688,2.57615,388.176,15000,19712,0.0412502
Suite_13,Forward,0,2387,1.96111,0.591829,0,0.069824,0.32592,2.58529,386.804,15000,20352,0.0424863
Suite_13,Forward,0,2388,1.96375,0.584075,0,0.067232,0.321536,2.57349,388.577,15000,20608,0.0430481
Suite_13,Forward,0,2389,1.97135,0.609069,0,0.067776,0.323584,2.57021,389.073,15000,21504,0.0448399
Suite_13,Forward,0,2390,1.97029,0.585943,0,0.067904,0.321632,2.60283,384.197,15000,21760,0.0454168
Suite_13,Forward,0,2391,1.97113,0.601346,0,0.067584,0.322176,2.57608,388.187,15000,22400,0.0464161
Suite_13,Forward,0,2392,1.9722,0.5856,0,0.068736,0.322528,2.59432,385.458,15000,22784,0.0469139
Suite_13,Forward,0,2393,1.97305,0.580836,0,0.0672,0.342016,2.57972,387.64,15000,23168,0.0472662
Suite_13,Forward,0,2394,1.97374,0.61013,0,0.067584,0.323456,2.57522,388.316,15000,23552,0.0479732
Suite_13,Forward,0,2395,1.97644,0.602114,0,0.069824,0.326656,2.60603,383.725,15000,23808,0.0488426
Suite_13,Forward,0,2396,1.97478,0.596551,0,0.06912,0.325216,2.60016,384.592,15000,24576,0.0503158
Suite_13,Forward,0,2397,1.98553,0.601015,0,0.070304,0.327648,2.59421,385.474,15000,25216,0.0516215
Suite_13,Forward,0,2398,1.98586,0.580096,0,0.07152,0.327232,2.61,383.142,15000,26624,0.053717
Suite_13,Forward,0,2399,1.99243,0.612455,0,0.072896,0.326816,2.58732,386.5,15000,27520,0.056383
Suite_13,Forward,0,2400,1.99212,0.585329,0,0.075616,0.331904,2.62886,380.393,15000,28544,0.0585711
Suite_13,Forward,0,2401,1.99451,0.587155,0,0.073728,0.350656,2.60184,384.343,15000,29696,0.0608939
Suite_13,Forward,0,2402,2.00313,0.62236,0,0.073728,0.33088,2.6057,383.774,15000,29824,0.0617725
Suite_13,Forward,0,2403,2.00855,0.609092,0,0.075648,0.331488,2.65018,377.333,15000,31360,0.0639466
Suite_13,Forward,0,2404,2.00381,0.629823,0,0.074112,0.328032,2.64101,378.643,15000,32000,0.0654117
Suite_13,Forward,0,2405,2.05382,0.691845,0,0.075776,0.331744,2.65955,376.003,15000,32768,0.0665769
Suite_13,Forward,0,2406,2.03613,0.61633,0,0.075776,0.329728,2.78079,359.61,15000,33536,0.0693755
Suite_13,Forward,0,2407,2.03078,0.616106,0,0.077632,0.334496,2.67799,373.414,15000,33920,0.0707257
Suite_13,Forward,0,2408,2.02666,0.596479,0,0.075776,0.353824,2.67211,374.236,15000,35072,0.0724324
Suite_13,Forward,0,2409,2.02786,0.598352,0,0.0768,0.33296,2.64958,377.418,15000,36992,0.0764232
Suite_13,Forward,0,2410,2.04197,0.751689,0,0.20528,0.458464,2.6529,376.946,15000,38016,0.0780831
Suite_13,Forward,0,2411,2.0405,0.616043,0,0.081056,0.335552,2.82167,354.4,15000,39168,0.0802418
Suite_13,Forward,0,2412,2.03962,0.617775,0,0.080256,0.33632,2.68292,372.728,15000,41088,0.0828629
Suite_13,Forward,0,2413,2.05017,0.60043,0,0.083776,0.344064,2.68725,372.127,15000,41856,0.0843451
Suite_13,Forward,0,2414,2.05859,0.62105,0,0.079008,0.356352,2.67892,373.285,15000,42880,0.0854648
Suite_13,Forward,0,2415,2.06466,0.640606,0,0.085312,0.340608,2.70921,369.112,15000,44416,0.0888785
Suite_13,Forward,0,2416,2.06641,0.601729,0,0.086496,0.34288,2.73535,365.584,15000,45696,0.091759
Suite_13,Forward,0,2417,2.0647,0.623348,0,0.084416,0.342688,2.69923,370.477,15000,47104,0.0948702
Suite_13,Forward,0,2418,2.0748,0.603142,0,0.088032,0.34416,2.71974,367.683,15000,48384,0.0980656
Suite_13,Forward,0,2419,2.07645,0.608659,0,0.086016,0.36064,2.70698,369.415,15000,50176,0.100713
Suite_13,Forward,0,2420,2.0912,0.648692,0,0.087232,0.344064,2.71417,368.437,15000,52224,0.104301
Suite_13,Forward,0,2421,2.10357,0.601777,0,0.089952,0.346112,2.77437,360.443,15000,53504,0.106807
Suite_13,Forward,0,2422,2.09424,0.615556,0,0.09136,0.348128,2.7391,365.083,15000,55040,0.108386
Suite_13,Forward,0,2423,2.11151,0.639162,0,0.092448,0.350176,2.74224,364.665,15000,56576,0.111383
Suite_13,Forward,0,2424,2.11005,0.598406,0,0.092512,0.348864,2.78406,359.187,15000,57984,0.114327
Suite_13,Forward,0,2425,2.12174,0.641729,0,0.096096,0.357984,2.74666,364.079,15000,59264,0.116822
Suite_13,Forward,0,2426,2.12322,0.610735,0,0.098304,0.356224,2.80137,356.968,15000,60672,0.119696
Suite_13,Forward,0,2427,2.12223,0.678838,0,0.096256,0.353664,2.76881,361.166,15000,61568,0.120668
Suite_13,Forward,0,2428,2.1351,0.665135,0,0.098272,0.356864,2.83612,352.595,15000,62592,0.122907
Suite_13,Forward,0,2429,2.13064,0.655586,0,0.094208,0.372736,2.83738,352.438,15000,63872,0.12503
Suite_13,Forward,0,2430,2.14118,0.637327,0,0.096416,0.353312,2.8223,354.321,15000,65536,0.128359
Suite_13,Forward,0,2431,2.14639,0.622321,0,0.100352,0.359168,2.8156,355.164,15000,66560,0.129906
Suite_13,Forward,0,2432,2.13618,0.614813,0,0.100352,0.357504,2.804,356.633,15000,67712,0.13176
Suite_13,Forward,0,2433,2.15732,0.638937,0,0.10096,0.35856,2.79711,357.512,15000,70144,0.135254
Suite_13,Forward,0,2434,2.16111,0.613076,0,0.105952,0.361024,2.83426,352.825,15000,72064,0.137784
Suite_13,Forward,0,2435,2.17004,0.626654,0,0.10432,0.359392,2.82246,354.301,15000,73856,0.141036
Suite_13,Forward,0,2436,2.17812,0.645226,0,0.104064,0.362048,2.83652,352.545,15000,75904,0.145438
Suite_13,Forward,0,2437,2.17379,0.686856,0,0.10512,0.363168,2.87323,348.04,15000,77184,0.147945
Suite_13,Forward,0,2438,2.19582,0.693623,0,0.10432,0.382176,2.90254,344.525,15000,79232,0.151426
Suite_13,Forward,0,2439,2.20341,0.698598,0,0.108544,0.364544,2.92991,341.307,15000,81536,0.154705
Suite_13,Forward,0,2440,2.21285,0.699675,0,0.108544,0.370688,2.9433,339.755,15000,83584,0.159134
Suite_13,Forward,0,2441,2.21703,0.701689,0,0.107264,0.363776,2.9635,337.439,15000,85504,0.162149
Suite_13,Forward,0,2442,2.22117,0.709801,0,0.110592,0.368736,2.96407,337.374,15000,87040,0.164237
Suite_13,Forward,0,2443,2.2269,0.703961,0,0.1144,0.372064,2.97617,336.002,15000,89216,0.169931
Suite_13,Forward,0,2444,2.22893,0.731301,0,1.83568,2.09302,2.97435,336.208,15000,91264,0.17324
Suite_13,Forward,0,2445,2.24272,0.707645,0,0.111392,0.390176,3.00736,332.518,15000,92416,0.175708
Suite_13,Forward,0,2446,2.24966,0.686883,0,0.116832,0.37472,2.99919,333.424,15000,94208,0.17798
Suite_13,Forward,0,2447,2.25258,0.721022,0,0.117984,0.376256,2.98312,335.22,15000,95872,0.179976
Suite_13,Forward,0,2448,2.26489,0.709608,0,0.116416,0.395744,3.02093,331.024,15000,98560,0.184877
Suite_13,Forward,0,2449,2.28476,0.758525,0,0.121472,0.380672,3.02473,330.609,15000,101888,0.190675
Suite_13,Forward,0,2450,2.29083,0.713046,0,0.121376,0.37936,3.09662,322.933,15000,103680,0.195035
Suite_13,Forward,0,2451,2.2801,0.73339,0,0.122432,0.379904,3.05357,327.486,15000,105216,0.197154
Suite_13,Forward,0,2452,2.30655,0.716154,0,0.1256,0.384576,3.06377,326.396,15000,108800,0.204886
Suite_13,Forward,0,2453,2.30421,0.716504,0,0.12688,0.384384,3.07748,324.942,15000,110976,0.20793
Suite_13,Forward,0,2454,2.32214,0.728902,0,0.128448,0.386304,3.07679,325.015,15000,113920,0.212961
Suite_13,Forward,0,2455,2.32145,0.727082,0,0.129024,0.38912,3.11055,321.487,15000,115968,0.216084
Suite_13,Forward,0,2456,2.33518,0.75278,0,0.132832,0.395264,3.11173,321.365,15000,118528,0.219401
Suite_13,Forward,0,2457,2.33902,0.73719,0,0.130368,0.409376,3.14522,317.942,15000,121088,0.223349
Suite_13,Forward,0,2458,2.35452,0.752972,0,0.137472,0.397248,3.13334,319.148,15000,124288,0.228918
Suite_13,Forward,0,2459,2.36796,0.742604,0,0.13824,0.396736,3.16461,315.995,15000,128896,0.235468
Suite_13,Forward,0,2460,2.37517,0.740189,0,0.140832,0.400032,3.16738,315.718,15000,131584,0.241022
Suite_13,Forward,0,2461,2.40099,0.739973,0,0.14336,0.401408,3.17822,314.641,15000,134912,0.246963
Suite_13,Forward,0,2462,2.40831,0.749144,0,0.147456,0.409536,3.2043,312.08,15000,139264,0.253925
Suite_13,Forward,0,2463,2.4153,0.758622,0,1.09926,1.35782,3.2232,310.251,15000,142592,0.260361
Suite_13,Forward,0,2464,2.42452,0.729369,0,0.151552,0.411648,3.23771,308.86,15000,146688,0.271148
Suite_13,Forward,0,2465,2.4418,0.762077,0,0.149568,0.431008,3.22058,310.503,15000,149888,0.276105
Suite_13,Forward,0,2466,2.45143,0.747217,0,0.1536,0.416096,3.27089,305.727,15000,154240,0.28211
Suite_13,Forward,0,2467,2.47302,0.765462,0,0.156672,0.417376,3.2639,306.382,15000,157568,0.286683
Suite_13,Forward,0,2468,2.48168,0.785803,0,0.157472,0.415744,3.30743,302.35,15000,161408,0.291364
Suite_13,Forward,0,2469,2.50497,0.791459,0,0.163648,0.422336,3.33966,299.431,15000,164992,0.296597
Suite_13,Forward,0,2470,2.50617,0.789205,0,0.162656,0.422912,3.37022,296.716,15000,169472,0.302013
Suite_13,Forward,0,2471,2.52365,0.810345,0,0.165888,0.425792,3.37073,296.672,15000,173184,0.306372
Suite_13,Forward,0,2472,2.52887,0.784223,0,0.168992,0.42784,3.40691,293.521,15000,176000,0.310953
Suite_13,Forward,0,2473,2.54124,0.805103,0,0.169632,0.43008,3.38967,295.014,15000,179840,0.31639
Suite_13,Forward,0,2474,2.56096,0.812194,0,0.170336,0.431808,3.4253,291.945,15000,184960,0.323159
Suite_13,Forward,0,2475,2.56998,0.824209,0,0.17456,0.435264,3.45154,289.726,15000,189056,0.329185
Suite_13,Forward,0,2476,2.59112,0.837253,0,1.14368,1.39878,3.47292,287.942,15000,193152,0.334938
Suite_13,Forward,0,2477,2.6005,0.828637,0,0.17968,0.44032,3.51111,284.81,15000,196224,0.341388
Suite_13,Forward,0,2478,2.60748,0.806161,0,0.183648,0.444416,3.513,284.657,15000,199680,0.345711
Suite_13,Forward,0,2479,2.62311,0.846745,0,0.187712,0.449952,3.49397,286.207,15000,204672,0.354941
Suite_13,Forward,0,2480,2.65467,0.868183,0,0.187808,0.446752,3.55382,281.387,15000,209152,0.360819
Suite_13,Forward,0,2481,2.67739,0.850391,0,0.189088,0.449088,3.61334,276.752,15000,212224,0.366433
Suite_13,Forward,0,2482,2.67556,3.45246,0,0.193248,0.456,3.61943,276.287,15000,215808,0.373178
Suite_13,Forward,0,2483,2.70224,0.846025,0,0.190464,0.45728,6.21843,160.812,15000,220544,0.379624
Suite_13,Forward,0,2484,2.7115,0.893378,0,0.197824,0.459904,3.69858,270.374,15000,225792,0.387439
Suite_13,Forward,0,2485,2.7249,0.861033,0,0.201728,0.462848,3.70029,270.249,15000,231552,0.395977
Suite_13,Forward,0,2486,2.764,0.913224,0,0.67168,0.930048,3.68145,271.632,15000,236800,0.403686
Suite_13,Forward,0,2487,2.76525,0.898409,0,0.208096,0.468256,3.77242,265.082,15000,241664,0.411307
Suite_13,Forward,0,2488,2.78085,0.891394,0,0.20912,0.469824,3.76769,265.415,15000,247296,0.420939
Suite_13,Forward,0,2489,2.78916,0.903515,0,0.214272,0.47728,3.77279,265.056,15000,251520,0.427959
Suite_13,Forward,0,2490,2.80747,0.900708,0,0.214016,0.476192,3.79462,263.531,15000,256512,0.436986
Suite_13,Forward,0,2491,2.82192,0.906478,0,0.21632,0.477088,3.81685,261.996,15000,262016,0.444564
Suite_13,Forward,0,2492,2.83595,0.882508,0,0.217344,0.477184,3.83462,260.782,15000,268032,0.456305
Suite_13,Forward,0,2493,2.84452,0.90658,0,0.225216,0.489248,3.83368,260.846,15000,274176,0.46448
Suite_13,Forward,0,2494,2.86321,0.894806,0,0.227168,0.487552,3.85948,259.102,15000,280192,0.471678
Suite_13,Forward,0,2495,2.88185,0.930901,0,0.704256,0.96256,3.86889,258.472,15000,285184,0.478308
Suite_13,Forward,0,2496,2.89495,0.932551,0,0.233472,0.495104,3.92658,254.674,15000,290560,0.486191
Suite_13,Forward,0,2497,2.92177,0.918614,0,0.239424,0.49984,3.9476,253.319,15000,296832,0.495255
Suite_13,Forward,0,2498,2.93889,0.935741,0,0.240992,0.5016,3.9564,252.755,15000,301952,0.503715
Suite_13,Forward,0,2499,2.97788,1.02588,0,0.246272,0.50832,3.99135,250.542,15000,307200,0.512155
Suite_13,Forward,0,2500,2.99661,0.969722,0,0.249856,0.509952,4.12598,242.367,15000,312320,0.518624
Suite_13,Forward,0,2501,3.00503,0.942326,0,0.252064,0.516096,4.09863,243.984,15000,319104,0.527592
Suite_13,Forward,0,2502,3.02306,0.977632,0,0.737504,1.01581,4.07524,245.385,15000,324352,0.53742
Suite_13,Forward,0,2503,3.03644,0.968828,0,0.258048,0.518144,4.1358,241.791,15000,331520,0.547613
Suite_13,Forward,0,2504,3.05432,0.947576,0,0.26624,0.527808,4.1368,241.733,15000,338176,0.55659
Suite_13,Forward,0,2505,3.0796,1.01243,0,0.26624,0.527808,4.13103,242.07,15000,344832,0.566125
Suite_13,Forward,0,2506,3.10464,0.972762,0,0.272384,0.536864,4.23255,236.264,15000,351232,0.577035
Suite_13,Forward,0,2507,3.11353,0.998095,0,0.300768,0.563168,4.21369,237.322,15000,356992,0.585994
Suite_13,Forward,0,2508,3.13079,1.0141,0,0.280832,0.544512,4.26872,234.262,15000,363904,0.596681
Suite_13,Forward,0,2509,3.15372,1.00053,0,0.776192,1.03715,4.28464,233.392,15000,371712,0.608024
Suite_13,Forward,0,2510,3.16182,1.01731,0,0.286592,0.548864,4.29428,232.868,15000,378112,0.620227
Suite_13,Forward,0,2511,3.18334,1.03215,0,0.294912,0.560896,4.3217,231.39,15000,385152,0.629125
Suite_13,Forward,0,2512,3.21398,1.0427,0,0.295584,0.560672,4.37555,228.543,15000,392320,0.641292
Suite_13,Forward,0,2513,3.23819,1.06753,0,0.299296,0.561632,4.40545,226.992,15000,399488,0.651207
Suite_13,Forward,0,2514,3.25277,1.05068,0,0.304416,0.566912,4.46491,223.969,15000,405888,0.660475
Suite_13,Forward,0,2515,3.27411,1.07613,0,1.26259,1.52538,4.46128,224.151,15000,411520,0.671713
Suite_13,Forward,0,2516,3.2908,1.07777,0,0.309792,0.574208,4.50952,221.753,15000,419328,0.685043
Suite_13,Forward,0,2517,3.31395,1.06847,0,0.317824,0.58208,4.53684,220.418,15000,426112,0.695515
Suite_13,Forward,0,2518,3.34713,1.0836,0,0.331776,0.593824,4.54867,219.845,15000,434048,0.705517
Suite_13,Forward,0,2519,3.36486,1.09041,0,0.325536,0.58944,4.59434,217.659,15000,441984,0.714837
Suite_13,Forward,0,2520,3.37581,1.09563,0,1.33939,1.59949,4.62448,216.24,15000,448512,0.723796
Suite_13,Forward,0,2521,3.39877,1.09682,0,0.333824,0.594976,4.65181,214.97,15000,453760,0.73221
Suite_13,Forward,0,2522,3.4193,1.12214,0,0.335872,0.602112,4.66417,214.4,15000,460672,0.740779
Suite_13,Forward,0,2523,3.42251,1.10539,0,0.341408,0.602144,4.72372,211.697,15000,468480,0.754485
Suite_13,Forward,0,2524,3.4505,1.11827,0,0.348064,0.613792,4.69986,212.772,15000,476288,0.767865
Suite_13,Forward,0,2525,3.47468,1.16348,0,0.835296,1.0943,4.74851,210.593,15000,484864,0.778031
Suite_13,Forward,0,2526,3.49984,1.12265,0,0.357024,0.620704,4.81728,207.586,15000,492928,0.788795
Suite_13,Forward,0,2527,3.52415,1.18352,0,0.360096,0.621248,4.81023,207.89,15000,500608,0.79914
Suite_13,Forward,0,2528,3.56271,1.16478,0,0.366816,0.634656,4.90306,203.954,15000,509824,0.813113
Suite_13,Forward,0,2529,3.56251,1.17934,0,0.370688,0.632832,4.92437,203.071,15000,516608,0.824698
Suite_13,Forward,0,2530,3.58079,1.18512,0,0.956032,1.21795,4.93614,202.587,15000,523008,0.838555
Suite_13,Forward,0,2531,3.61065,1.18963,0,0.398912,0.663488,4.96511,201.406,15000,532352,0.854086
Suite_13,Forward,0,2532,3.62071,1.19131,0,0.385952,0.651264,5.0047,199.812,15000,538624,0.863062
Suite_13,Forward,0,2533,3.6435,1.20304,0,0.389152,0.651552,5.02325,199.074,15000,546432,0.874062
Suite_13,Forward,0,2534,3.68284,1.23193,0,0.884544,1.14813,5.04811,198.094,15000,555776,0.887555
Suite_13,Forward,0,2535,3.70285,1.23215,0,0.400288,0.692576,5.13767,194.641,15000,563712,0.901405
Suite_13,Forward,0,2536,3.71674,1.25409,0,0.4032,0.6656,5.15508,193.983,15000,571776,0.912618
Suite_13,Forward,0,2537,3.73779,1.22442,0,0.409952,0.673472,5.18793,192.755,15000,580224,0.92464
Suite_13,Forward,0,2538,3.75318,1.25981,0,0.8456,1.10867,5.195,192.493,15000,587520,0.933916
Suite_13,Forward,0,2539,3.78124,1.2949,0,0.442528,0.708608,5.23031,191.193,15000,594944,0.945525
Suite_13,Forward,0,2540,3.80313,1.26021,0,0.422848,0.687168,5.29051,189.018,15000,602624,0.961235
Suite_13,Forward,0,2541,3.81578,1.26125,0,0.427776,0.692224,5.28564,189.192,15000,609152,0.972106
Suite_13,Forward,0,2542,3.83885,1.27709,0,1.02352,1.29568,5.31589,188.115,15000,617600,0.986251
Suite_13,Forward,0,2543,3.86163,1.26689,0,0.442656,0.706304,5.3504,186.902,15000,625536,0.994614
Suite_13,Forward,0,2544,3.8812,1.29165,0,0.440608,0.708416,5.36522,186.386,15000,632448,1.00568
Suite_13,Forward,0,2545,3.90177,1.4137,0,0.447264,0.710656,5.40897,184.878,15000,642176,1.02332
Suite_13,Forward,0,2546,3.93416,1.32061,0,1.31315,1.57622,5.56264,179.771,15000,651392,1.03595
Suite_13,Forward,0,2547,3.9692,1.33321,0,0.45824,0.722944,5.49962,181.831,15000,658688,1.04608
Suite_13,Forward,0,2548,3.98496,3.49239,0,0.485376,0.753664,5.5505,180.164,15000,667520,1.05845
Suite_13,Forward,0,2549,4.01671,1.35356,0,0.468992,0.735776,7.72873,129.387,15000,673792,1.06783
Suite_13,Forward,0,2550,4.03524,1.34868,0,1.09178,1.35395,5.6312,177.582,15000,680448,1.07953
Suite_13,Forward,0,2551,4.04029,1.34564,0,0.474944,0.74256,5.67333,176.263,15000,687360,1.08897
Suite_13,Forward,0,2552,4.04833,1.33818,0,0.479232,0.743328,5.64166,177.253,15000,694272,1.10068
Suite_13,Forward,0,2553,4.06985,1.3522,0,0.485248,0.749408,5.64908,177.02,15000,702592,1.11263
Suite_13,Forward,0,2554,4.10442,1.39072,0,1.00378,1.26566,5.6949,175.596,15000,710912,1.12132
Suite_13,Forward,0,2555,4.13209,1.40066,0,0.495392,0.759936,5.75056,173.896,15000,718720,1.13301
Suite_13,Forward,0,2556,4.14164,1.38945,0,0.499744,0.768,5.79213,172.648,15000,724480,1.14811
Suite_13,Forward,0,2557,4.15613,1.40222,0,0.743296,1.00762,5.79312,172.619,15000,730496,1.16088
Suite_13,Forward,0,2558,4.17521,1.42152,0,0.506976,0.770048,5.84298,171.146,15000,739968,1.17257
Suite_13,Forward,0,2559,4.20067,1.43814,0,0.514048,0.7792,5.8651,170.5,15000,748160,1.18855
Suite_13,Forward,0,2560,4.26467,1.45293,0,1.1639,1.44378,5.9295,168.648,15000,756352,1.20055
Suite_13,Forward,0,2561,4.25396,1.44266,0,0.524288,0.788704,5.99167,166.898,15000,764416,1.21278
Suite_13,Forward,0,2562,4.26946,1.42422,0,0.55296,0.820736,5.98223,167.162,15000,771328,1.22424
Suite_13,Forward,0,2563,4.28174,1.43899,0,0.944096,1.20829,5.97345,167.407,15000,778752,1.23793
Suite_13,Forward,0,2564,4.31309,1.45398,0,0.536576,0.804768,5.9978,166.728,15000,787328,1.25232
Suite_13,Forward,0,2565,4.32274,1.44703,0,0.539488,0.806528,6.06419,164.903,15000,795520,1.27057
Suite_13,Forward,0,2566,4.34078,1.44741,0,0.808896,1.07184,6.06012,165.013,15000,802560,1.28295
Suite_13,Forward,0,2567,4.36208,1.47465,0,0.551072,0.817312,6.08177,164.426,15000,811392,1.30082
Suite_13,Forward,0,2568,4.39358,1.49133,0,0.582496,0.849952,6.13299,163.053,15000,818688,1.31232
Suite_13,Forward,0,2569,4.41169,1.51398,0,0.78112,1.04426,6.19781,161.347,15000,827904,1.32773
Suite_13,Forward,0,2570,4.43539,1.48643,0,0.567296,0.83536,6.22635,160.608,15000,835584,1.33881
Suite_13,Forward,0,2571,4.45401,1.51525,0,0.595968,0.863008,6.22908,160.537,15000,843648,1.353
Suite_13,Forward,0,2572,4.48385,1.52687,0,1.23699,1.49962,6.28258,159.17,15000,851584,1.3649
Suite_13,Forward,0,2573,4.49467,1.5324,0,0.583168,0.847872,6.3267,158.06,15000,859648,1.38138
Suite_13,Forward,0,2574,4.51306,1.56774,0,0.584768,0.84992,6.35676,157.313,15000,866432,1.39266
Suite_13,Forward,0,2575,4.53916,1.56194,0,0.598016,0.86368,6.39787,156.302,15000,875392,1.40642
Suite_13,Forward,0,2576,4.55866,1.54481,0,0.594688,0.860928,6.41254,155.945,15000,882560,1.4224
Suite_13,Forward,0,2577,4.57825,1.54979,0,0.599648,0.8664,6.43958,155.29,15000,890624,1.43585
Suite_13,Forward,0,2578,4.59762,1.56058,0,1.4807,1.74694,6.45849,154.835,15000,895360,1.44489
Suite_13,Forward,0,2579,4.61166,1.54643,0,0.60672,0.874496,6.48273,154.256,15000,902912,1.45734
Suite_13,Forward,0,2580,4.65045,1.59243,0,0.63376,0.901824,6.49739,153.908,15000,910464,1.46896
Suite_13,Forward,0,2581,4.65717,1.57866,0,1.31043,1.59546,6.59093,151.724,15000,918400,1.48116
Suite_13,Forward,0,2582,4.6871,1.60143,0,0.620896,0.888768,6.58011,151.973,15000,925696,1.49344
Suite_13,Forward,0,2583,4.70045,3.7922,0,0.626688,0.896288,6.62676,150.903,15000,933632,1.50579
Suite_13,Forward,0,2584,4.72534,1.65259,0,1.46624,1.72925,8.83668,113.165,15000,939904,1.51414
Suite_13,Forward,0,2585,4.73465,1.60652,0,0.637248,0.908384,6.77513,147.599,15000,947584,1.5326
Suite_13,Forward,0,2586,4.75507,1.60729,0,0.638592,0.905216,6.69262,149.418,15000,953472,1.55041
Suite_13,Forward,0,2587,4.77946,1.61523,0,1.92512,2.19187,6.72266,148.751,15000,961792,1.5636
Suite_13,Forward,0,2588,4.79726,1.64954,0,0.667104,0.933888,6.7543,148.054,15000,968064,1.57987
Suite_13,Forward,0,2589,4.81499,1.6326,0,0.676416,0.942368,6.7904,147.267,15000,975104,1.59382
Suite_13,Forward,0,2590,4.83171,1.64345,0,1.38941,1.66093,6.79183,147.236,15000,981376,1.60699
Suite_13,Forward,0,2591,4.85372,1.66462,0,0.686016,0.956608,6.83238,146.362,15000,989056,1.62373
Suite_13,Forward,0,2592,4.86573,1.64091,0,0.688512,0.964256,6.87049,145.55,15000,994560,1.63812
Suite_13,Forward,0,2593,4.88498,1.67407,0,1.40326,1.68141,6.86741,145.615,15000,1001728,1.65484
Suite_13,Forward,0,2594,4.9124,1.68793,0,0.698176,0.973312,6.9195,144.519,15000,1009152,1.6703
Suite_13,Forward,0,2595,4.92715,1.66305,0,0.702464,0.980576,6.97431,143.383,15000,1015424,1.68599
Suite_13,Forward,0,2596,4.94591,1.68006,0,1.42688,1.69574,6.96467,143.582,15000,1023360,1.70024
Suite_13,Forward,0,2597,4.96192,1.68594,0,0.709664,0.976832,7.00644,142.726,15000,1029504,1.71143
Suite_13,Forward,0,2598,4.98542,1.69653,0,0.7168,0.983552,7.0205,142.44,15000,1036160,1.72393
Suite_13,Forward,0,2599,5,1.72318,0,1.46144,1.72602,7.06523,141.538,15000,1040384,1.73664
Suite_13,Forward,0,2600,5.01495,1.71069,0,0.694848,0.964,7.10022,140.841,15000,1047936,1.75262
Suite_13,Forward,0,2601,5.03021,1.72868,0,0.70144,0.972064,7.10113,140.823,15000,1054976,1.76671
Suite_13,Forward,0,2602,5.05533,1.79041,0,1.73232,1.99846,7.14108,140.035,15000,1060352,1.7794
Suite_13,Forward,0,2603,5.07247,1.76604,0,0.710208,0.980448,7.2232,138.443,15000,1068032,1.79514
Suite_13,Forward,0,2604,5.0932,1.79956,0,2.44122,2.71027,7.23757,138.168,15000,1073536,1.80898
Suite_13,Forward,0,2605,5.14054,1.81925,0,0.720832,0.993024,7.30049,136.977,15000,1080448,1.82387
Suite_13,Forward,0,2606,5.11869,1.7978,0,2.78198,3.05136,7.35222,136.013,15000,1086208,1.83819
Suite_13,Forward,0,2607,5.13665,1.79168,0,0.724192,0.99328,7.32354,136.546,15000,1091328,1.85308
Suite_13,Forward,0,2608,5.15561,1.83286,0,0.852448,1.12026,7.32357,136.545,15000,1096448,1.86594
Suite_13,Forward,0,2609,5.16166,1.81526,0,0.731904,1.00899,7.39393,135.246,15000,1101312,1.87759
Suite_13,Forward,0,2610,5.17791,3.97308,0,3.76608,4.0329,7.37074,135.672,15000,1107584,1.89511
Suite_13,Forward,0,2611,5.1922,1.84962,0,0.762464,1.03834,9.54298,104.789,15000,1112448,1.90974
Suite_13,Forward,0,2612,5.22266,1.81102,0,1.5841,1.85533,7.46752,133.913,15000,1118080,1.92459
Suite_13,Forward,0,2613,5.22508,1.82337,0,0.745984,1.01811,7.45704,134.102,15000,1124096,1.94084
Suite_13,Forward,0,2614,5.23785,1.84254,0,1.6343,1.90381,7.44571,134.306,15000,1128448,1.95607
Suite_13,Forward,0,2615,5.24768,1.82424,0,0.750048,1.02202,7.47931,133.702,15000,1132672,1.97002
Suite_13,Forward,0,2616,5.25921,1.84148,0,2.4496,2.7185,7.47523,133.775,15000,1136896,1.98467
Suite_13,Forward,0,2617,5.27205,1.84978,0,0.755712,1.0281,7.52653,132.863,15000,1143296,1.99702
Suite_13,Forward,0,2618,5.29826,1.85806,0,1.54118,1.80864,7.53362,132.738,15000,1148288,2.00658
Suite_13,Forward,0,2619,5.30237,1.85312,0,0.765952,1.0617,7.59611,131.646,15000,1152896,2.02017
Suite_13,Forward,0,2620,5.322,1.85611,0,1.63146,1.90042,7.58296,131.875,15000,1157760,2.03466
Suite_13,Forward,0,2621,5.33283,1.8832,0,0.770528,1.04387,7.60573,131.48,15000,1162624,2.04884
Suite_13,Forward,0,2622,5.34012,1.86583,0,1.16624,1.43312,7.64908,130.735,15000,1164928,2.05648
Suite_13,Forward,0,2623,5.35189,1.86781,0,0.800768,1.07315,7.62393,131.166,15000,1170048,2.06939
Suite_13,Forward,0,2624,5.35864,1.8574,0,2.0439,2.31219,7.64771,130.758,15000,1174016,2.08563
Suite_13,Forward,0,2625,5.37688,1.90467,0,0.77824,1.0505,7.64053,130.881,15000,1178496,2.10165
Suite_13,Forward,0,2626,5.38348,1.88785,0,2.57834,2.84707,7.72494,129.451,15000,1183616,2.11786
Suite_13,Forward,0,2627,5.40252,1.89445,0,0.78848,1.06291,7.69646,129.93,15000,1187840,2.12908
Suite_13,Forward,0,2628,5.41635,1.88515,0,1.63782,1.90666,7.71287,129.653,15000,1193088,2.14482
Suite_13,Forward,0,2629,5.42875,1.89509,0,0.817152,1.08934,7.73693,129.25,15000,1197696,2.15899
Suite_13,Forward,0,2630,5.44783,1.91628,0,1.97843,2.24899,7.74625,129.095,15000,1203072,2.17201
Suite_13,Forward,0,2631,5.46304,1.90695,0,0.80048,1.09363,7.79349,128.312,15000,1207808,2.19
Suite_13,Forward,0,2632,5.46761,1.87356,0,1.66323,1.93568,7.811,128.025,15000,1213056,2.21074
Suite_13,Forward,0,2633,5.48163,1.91211,0,0.806688,1.0833,7.77423,128.63,15000,1218048,2.23109
Suite_13,Forward,0,2634,5.49631,4.25052,0,3.97926,4.2537,7.84465,127.475,15000,1222912,2.2478
Suite_13,Forward,0,2635,5.52653,1.93032,0,0.81392,1.08685,10.2102,97.9416,15000,1227136,2.26015
Suite_13,Forward,0,2636,5.51795,1.95023,0,1.26989,1.54077,7.9482,125.815,15000,1230720,2.277
Suite_13,Forward,0,2637,5.5245,1.94757,0,0.833024,1.10294,7.92171,126.235,15000,1232896,2.2926
Suite_13,Forward,0,2638,5.5346,1.94144,0,1.74038,2.00918,7.91466,126.348,15000,1234688,2.30496
Suite_13,Forward,0,2639,5.53068,1.96581,0,0.821664,1.09786,7.94385,125.883,15000,1236992,2.31973
Suite_13,Forward,0,2640,5.5378,1.97788,0,0.827456,1.09933,7.94135,125.923,15000,1238912,2.32996
Suite_13,Forward,0,2641,5.54795,1.94722,0,0.848384,1.12234,7.9618,125.6,15000,1241344,2.33815
Suite_13,Forward,0,2642,5.56067,1.94819,0,2.09146,2.36122,7.9308,126.091,15000,1244288,2.35464
Suite_13,Forward,0,2643,5.56554,2.0316,0,0.834272,1.12893,7.94505,125.865,15000,1246080,2.36726
Suite_13,Forward,0,2644,5.57335,1.97158,0,2.17094,2.43933,8.05425,124.158,15000,1248256,2.38148
Suite_13,Forward,0,2645,5.58077,1.95887,0,0.830912,1.10509,7.99634,125.057,15000,1251200,2.39976
Suite_13,Forward,0,2646,5.57769,1.98467,0,2.3552,2.62496,7.98974,125.16,15000,1252480,2.40672
Suite_13,Forward,0,2647,5.59305,1.97607,0,0.834464,1.10592,8.01421,124.778,15000,1254144,2.41976
Suite_13,Forward,0,2648,5.59287,1.97782,0,1.74928,2.01933,8.02749,124.572,15000,1255808,2.416
Suite_13,Forward,0,2649,5.60381,1.96301,0,0.838016,1.11069,8.01501,124.766,15000,1256832,2.42511
Suite_13,Forward,0,2650,5.59944,1.97742,0,1.7408,2.0073,8.0308,124.521,15000,1259008,2.43435
Suite_13,Forward,0,2651,5.58597,1.93674,0,0.843136,1.11411,8.04995,124.224,15000,1258112,2.43243
Suite_13,Forward,0,2652,5.58969,1.98415,0,2.52464,2.79379,7.98301,125.266,15000,1258624,2.44651
Suite_13,Forward,0,2653,5.59551,1.97585,0,0.842432,1.11574,8.03166,124.507,15000,1259776,2.45907
Suite_13,Forward,0,2654,5.60126,1.96552,0,1.5872,1.85766,8.02545,124.604,15000,1260928,2.45377
Suite_13,Forward,0,2655,5.59951,1.96361,0,0.842016,1.11254,8.01308,124.796,15000,1260544,2.46473
Suite_13,Forward,0,2656,5.60148,1.97666,0,1.49971,1.78803,8.01796,124.72,15000,1262464,2.48425
Suite_13,Forward,0,2657,5.59089,4.2221,0,0.8504,1.1256,8.03773,124.413,15000,1262080,2.49798
Suite_13,Forward,0,2658,5.60222,2.00373,0,1.73773,2.0064,10.2679,97.3906,15000,1262336,2.51104
Suite_13,Forward,0,2659,5.61554,1.99445,0,0.84656,1.1169,8.08173,123.736,15000,1262848,2.52774
Suite_13,Forward,0,2660,5.60412,1.96939,0,1.232,1.49808,8.0708,123.903,15000,1264000,2.54397
Suite_13,Forward,0,2661,5.61215,1.98612,0,0.854016,1.15117,8.02251,124.649,15000,1263744,2.55844
Suite_13,Forward,0,2662,5.60335,1.96826,0,1.77606,2.04387,8.06452,124,15000,1264128,2.56846
Suite_13,Forward,0,2663,5.6014,1.9761,0,0.85664,1.12947,8.01544,124.759,15000,1263488,2.56857
Suite_13,Forward,0,2664,5.60156,1.9921,0,0.98304,1.24928,8.03948,124.386,15000,1263616,2.58718
Suite_13,Forward,0,2665,5.60646,1.98497,0,0.88256,1.15501,8.03793,124.41,15000,1263872,2.60848
Suite_13,Forward,0,2666,5.61156,1.99687,0,1.81043,2.07952,8.04993,124.225,15000,1262848,2.61851
Suite_13,Forward,0,2667,5.60409,1.96955,0,0.883392,1.15242,8.05416,124.159,15000,1264000,2.64368
Suite_13,Forward,0,2668,5.59317,1.97754,0,1.82272,2.08816,8.05329,124.173,15000,1263744,2.63318
Suite_13,Forward,0,2669,5.59594,2.00305,0,0.864256,1.13338,8.03558,124.447,15000,1263360,2.63534
Suite_13,Forward,0,2670,5.58671,1.99809,0,0.991232,1.25699,8.05761,124.106,15000,1263616,2.65857
Suite_13,Forward,0,2671,5.59213,2.02692,0,0.88784,1.15898,8.04831,124.25,15000,1263616,2.68011
Suite_13,Forward,0,2672,5.58952,1.98696,0,1.92922,2.19872,8.07884,123.78,15000,1262848,2.68612
Suite_13,Forward,0,2673,5.58429,1.95682,0,0.889216,1.1657,8.03667,124.43,15000,1261184,2.69718
Suite_13,Forward,0,2674,5.5739,1.95039,0,2.06109,2.32813,8.00936,124.854,15000,1260672,2.71455
Suite_13,Forward,0,2675,5.58509,1.9865,0,0.869952,1.13888,7.98063,125.303,15000,1259904,2.74298
Suite_13,Forward,0,2676,5.57477,1.98422,0,2.6033,2.86822,8.03828,124.405,15000,1259392,2.77515
Suite_13,Forward,0,2677,5.57242,1.98093,0,0.872096,1.16189,8.02032,124.683,15000,1258496,2.79745
Suite_13,Forward,0,2678,5.57468,1.97687,0,1.78432,2.05331,8.00667,124.896,15000,1259264,2.8269
Suite_13,Forward,0,2679,5.57895,4.25692,0,0.872448,1.14134,8.03431,124.466,15000,1257984,2.8677
Suite_13,Forward,0,2680,5.58971,2.10494,0,0.881888,1.14486,10.2779,97.2966,15000,1256960,2.89222
Suite_13,Forward,0,2681,5.57422,2.00984,0,0.876896,1.14829,8.16605,122.458,15000,1254784,2.78058
Suite_13,Forward,0,2682,5.56783,1.97839,0,1.78995,2.05414,8.02474,124.615,15000,1254272,2.82351
Suite_13,Forward,0,2683,5.55811,1.96237,0,0.879872,1.14314,7.99313,125.107,15000,1252352,2.83579
Suite_13,Forward,0,2684,5.56285,1.98258,0,1.78778,2.06022,7.97257,125.43,15000,1250816,2.87337
Suite_13,Forward,0,2685,5.54896,1.9388,0,0.890944,1.15792,8.00712,124.889,15000,1251328,2.89094
Suite_13,Forward,0,2686,5.54352,1.98273,0,2.6401,2.90611,7.95862,125.65,15000,1248768,2.94004
Suite_13,Forward,0,2687,5.54,1.98002,0,0.89088,1.15926,7.96071,125.617,15000,1245696,2.86496
Suite_13,Forward,0,2688,5.53734,1.95667,0,1.76902,2.0321,7.95586,125.693,15000,1244672,2.91585
Suite_13,Forward,0,2689,5.53186,1.95212,0,0.915584,1.18003,7.94231,125.908,15000,1243008,2.97163
Suite_13,Forward,0,2690,5.52305,1.96936,0,1.84525,2.10739,7.92503,126.182,15000,1242880,2.99567
Suite_13,Forward,0,2691,5.51921,1.9477,0,0.911264,1.17661,7.9599,125.63,15000,1240192,3.06046
Suite_13,Forward,0,2692,5.5066,1.93325,0,2.0009,2.26618,7.9226,126.221,15000,1239040,3.07064
Suite_13,Forward,0,2693,5.50826,1.982,0,0.889248,1.15613,7.88821,126.772,15000,1238528,3.1472
Suite_13,Forward,0,2694,5.50186,1.95593,0,2.39405,2.65981,7.95742,125.669,15000,1235840,3.23137
Suite_13,Forward,0,2695,5.49175,1.94677,0,0.884768,1.15098,7.89641,126.64,15000,1233536,3.31917
Suite_13,Forward,0,2696,5.50615,1.95388,0,1.77261,2.03795,7.87259,127.023,15000,1231744,3.43335
Suite_13,Forward,0,2697,5.49365,1.96431,0,0.878016,1.14253,7.91065,126.412,15000,1229184,3.55472
Suite_13,Forward,0,2698,5.48201,1.95398,0,1.76374,2.02653,7.88941,126.752,15000,1226368,3.65956
Suite_13,Forward,0,2699,5.46546,1.91065,0,0.871104,1.1361,7.87803,126.935,15000,1222272,3.76154
Suite_13,Forward,0,2700,5.45897,1.9431,0,1.79165,2.05414,7.82558,127.786,15000,1220352,3.93602
Suite_13,Forward,0,2701,5.44227,4.47396,0,0.901728,1.16531,7.84745,127.43,15000,1216512,4.03808
Suite_13,Forward,0,2702,5.46806,1.93833,0,1.79446,2.05536,10.3433,96.6806,15000,1213952,3.57782
Suite_13,Forward,0,2703,5.44116,1.94401,0,0.852,1.12845,7.86353,127.169,15000,1208960,3.46802
Suite_13,Forward,0,2704,5.41417,1.93069,0,2.15245,2.42278,7.83001,127.714,15000,1206784,3.84231
Suite_13,Forward,0,2705,5.4112,1.91835,0,0.817664,1.08778,7.79231,128.332,15000,1204864,4.37477
Suite_13,Forward,0,2706,5.40354,1.93873,0,2.624,2.89462,7.77262,128.657,15000,1201408,5.04878
Suite_13,Forward,0,2707,5.39664,1.92255,0,0.821248,1.08954,7.77846,128.56,15000,1198592,5.82054
Suite_13,Forward,0,2708,5.38376,1.90453,0,1.69165,1.9601,7.76559,128.773,15000,1194880,6.24807
Suite_13,Forward,0,2709,5.37968,1.91179,0,0.844416,1.11485,7.72399,129.467,15000,1191168,5.97403
Suite_13,Forward,0,2710,5.37273,1.90807,0,1.97053,2.24051,7.71974,129.538,15000,1188608,2.70464
Suite_13,Forward,0,2711,5.36062,1.8921,0,0.810528,1.07939,7.70621,129.766,15000,1186816,2.79143
Suite_13,Forward,0,2712,5.35606,1.92897,0,1.69827,1.97296,7.67679,130.263,15000,1183744,2.88758
Suite_13,Forward,0,2713,5.33879,1.87975,0,0.804864,1.07722,7.72161,129.507,15000,1182976,2.98415
Suite_13,Forward,0,2714,5.34267,1.90551,0,1.72646,1.99261,7.63478,130.98,15000,1181184,3.08265
Suite_13,Forward,0,2715,5.32755,1.89699,0,0.799392,1.06957,7.68036,130.202,15000,1177728,2.456
Suite_13,Forward,0,2716,5.32438,1.89566,0,2.45184,2.71974,7.63932,130.902,15000,1174400,2.47972
Suite_13,Forward,0,2717,5.31443,1.88375,0,0.793536,1.06426,7.64087,130.875,15000,1171200,2.47167
Suite_13,Forward,0,2718,5.30732,1.92042,0,1.67949,1.97389,7.63425,130.989,15000,1169792,2.49085
Suite_13,Forward,0,2719,5.31671,1.89415,0,0.823648,1.09472,7.66193,130.515,15000,1167360,2.53542
Suite_13,Forward,0,2720,5.28723,1.88552,0,1.80173,2.06678,7.62737,131.107,15000,1162112,2.51536
Suite_13,Forward,0,2721,5.27515,1.86142,0,0.77824,1.04858,7.59084,131.738,15000,1158656,2.56392
Suite_13,Forward,0,2722,5.28226,1.89994,0,1.66058,1.92922,7.54397,132.556,15000,1156608,2.61689
Suite_13,Forward,0,2723,5.25204,1.84156,0,0.769152,1.06038,7.61193,131.373,15000,1152640,2.29061
Suite_13,Forward,0,2724,5.24928,1.85373,0,1.77411,2.04134,7.50194,133.299,15000,1149056,2.28745
Suite_13,Forward,0,2725,5.24337,4.19076,0,0.765312,1.03219,7.52248,132.935,15000,1146752,2.30862
Suite_13,Forward,0,2726,5.2501,1.86357,0,1.62416,1.89235,9.85378,101.484,15000,1142144,2.30434
Suite_13,Forward,0,2727,5.21656,1.84348,0,0.75712,1.0279,7.56521,132.184,15000,1138560,2.31091
Suite_13,Forward,0,2728,5.20762,1.87022,0,1.71008,1.97558,7.47164,133.839,15000,1135104,2.33019
Suite_13,Forward,0,2729,5.20535,1.87461,0,0.755488,1.02605,7.47921,133.704,15000,1131904,2.34917
Suite_13,Forward,0,2730,5.18598,1.84491,0,1.58954,1.87488,7.49913,133.349,15000,1128960,2.36644
Suite_13,Forward,0,2731,5.17231,1.80221,0,0.77392,1.04045,7.44916,134.243,15000,1125504,2.39226
Suite_13,Forward,0,2732,5.17652,1.8448,0,2.15427,2.42099,7.37383,135.615,15000,1122944,2.42516
Suite_13,Forward,0,2733,5.15765,1.84119,0,0.748416,1.0193,7.43309,134.534,15000,1119744,2.45274
Suite_13,Forward,0,2734,5.14565,1.84082,0,2.49974,2.76275,7.40075,135.121,15000,1115520,2.43905
Suite_13,Forward,0,2735,5.14382,1.85763,0,0.745504,1.01363,7.3931,135.261,15000,1111680,2.46007
Suite_13,Forward,0,2736,5.12131,1.83651,0,2.71466,2.98109,7.39891,135.155,15000,1106432,2.3852
Suite_13,Forward,0,2737,5.11306,1.80357,0,0.740128,1.00749,7.34908,136.071,15000,1102464,2.3518
Suite_13,Forward,0,2738,5.09987,1.81904,0,0.874496,1.14,7.3192,136.627,15000,1097216,2.36192
Suite_13,Forward,0,2739,5.08292,1.81319,0,0.739328,1.00762,7.30857,136.826,15000,1092224,2.37315
Suite_13,Forward,0,2740,5.07014,1.81426,0,0.861152,1.1264,7.2887,137.199,15000,1088128,2.37205
Suite_13,Forward,0,2741,5.06205,1.83907,0,0.733184,1.02896,7.28033,137.356,15000,1083904,2.39615
Suite_13,Forward,0,2742,5.04467,1.80208,0,1.58221,1.85078,7.29635,137.055,15000,1078784,2.4184
Suite_13,Forward,0,2743,5.03507,1.79148,0,0.757312,1.02256,7.2504,137.923,15000,1075712,2.4532
Suite_13,Forward,0,2744,5.02734,1.8008,0,1.57802,1.84499,7.21473,138.605,15000,1072896,2.38757
Suite_13,Forward,0,2745,5.01851,1.80857,0,0.730432,1.00061,7.22902,138.331,15000,1069824,2.40235
Suite_13,Forward,0,2746,5.00727,1.77857,0,1.71152,1.97382,7.21963,138.511,15000,1065088,2.41841
Suite_13,Forward,0,2747,4.99223,1.76731,0,0.727712,0.995456,7.18669,139.146,15000,1060864,2.42812
Suite_13,Forward,0,2748,4.987,1.78641,0,1.57696,1.84109,7.14449,139.968,15000,1056384,2.45965
Suite_13,Forward,0,2749,4.983,1.80695,0,0.727488,0.994624,7.15222,139.817,15000,1051776,2.41661
Suite_13,Forward,0,2750,4.95688,4.44875,0,4.06346,4.33114,7.19709,138.945,15000,1048704,2.45863
Suite_13,Forward,0,2751,4.94625,1.76455,0,0.731136,0.998528,9.77759,102.275,15000,1044864,2.49507
Suite_13,Forward,0,2752,4.94488,1.71591,0,0.728896,0.999872,7.10276,140.79,15000,1041024,2.54531
Suite_13,Forward,0,2753,4.92234,1.7291,0,2.58995,2.85178,7.04435,141.958,15000,1036288,2.59782
Suite_13,Forward,0,2754,4.89298,1.70849,0,0.725856,0.99072,7.04532,141.938,15000,1030400,2.65314
Suite_13,Forward,0,2755,4.88804,1.6983,0,2.70122,2.96154,6.96478,143.58,15000,1025408,2.70061
Suite_13,Forward,0,2756,4.87016,1.69839,0,0.722688,0.988608,6.9513,143.858,15000,1020416,2.77533
Suite_13,Forward,0,2757,4.86098,1.68851,0,0.7168,0.980992,6.93147,144.269,15000,1015040,2.82296
Suite_13,Forward,0,2758,4.84986,1.69745,0,1.4687,1.72851,6.90692,144.782,15000,1010560,2.84873
Suite_13,Forward,0,2759,4.85982,1.73022,0,0.712928,0.978944,6.91455,144.623,15000,1006080,2.94944
Suite_13,Forward,0,2760,4.81644,1.68281,0,0.71056,0.972896,6.94892,143.907,15000,1000448,3.0825
Suite_13,Forward,0,2761,4.80278,1.66486,0,1.4336,1.69206,6.87228,145.512,15000,996224,3.25728
Suite_13,Forward,0,2762,4.78679,1.67207,0,0.700224,0.963456,6.82851,146.445,15000,989952,3.45321
Suite_13,Forward,0,2763,4.7803,1.72707,0,0.698368,0.959872,6.84265,146.142,15000,985984,3.71872
Suite_13,Forward,0,2764,4.75873,1.65647,0,1.33498,1.59715,6.87461,145.463,15000,980224,3.8587
Suite_13,Forward,0,2765,4.74235,1.70236,0,0.690176,0.958336,6.7936,147.197,15000,973824,4.01504
Suite_13,Forward,0,2766,4.73362,1.6422,0,0.68016,0.948032,6.79032,147.269,15000,970368,4.35734
Suite_13,Forward,0,2767,4.71916,1.64243,0,1.45136,1.71638,6.73391,148.502,15000,964992,4.72163
Suite_13,Forward,0,2768,4.70532,1.62235,0,0.67104,0.935936,6.71115,149.006,15000,960640,4.91139
Suite_13,Forward,0,2769,4.69223,1.74393,0,0.667456,0.93184,6.68227,149.65,15000,955392,4.92144
Suite_13,Forward,0,2770,4.69269,1.66252,0,1.52122,1.78176,6.77914,147.511,15000,950400,2.80702
Suite_13,Forward,0,2771,4.66507,1.61411,0,0.673504,0.939744,6.70482,149.146,15000,944896,2.89017
Suite_13,Forward,0,2772,4.64826,1.60363,0,0.669696,0.938816,6.62021,151.053,15000,938624,2.92693
Suite_13,Forward,0,2773,4.63087,1.61117,0,1.35987,1.62381,6.59027,151.739,15000,933504,2.99186
Suite_13,Forward,0,2774,4.61071,1.59157,0,0.63488,0.901344,6.58172,151.936,15000,928128,2.10442
Suite_13,Forward,0,2775,4.60588,1.5828,0,0.63408,0.899776,6.53419,153.041,15000,924032,2.13101
Suite_13,Forward,0,2776,4.5874,1.59875,0,1.69133,1.95722,6.53792,152.954,15000,918016,2.15231
Suite_13,Forward,0,2777,4.57701,1.68379,0,0.637312,0.915136,6.5165,153.457,15000,913792,2.1784
Suite_13,Forward,0,2778,4.57166,1.65979,0,0.657408,0.925696,6.60149,151.481,15000,908672,2.17676
Suite_13,Forward,0,2779,4.58565,3.95728,0,3.74029,4.00605,6.56691,152.279,15000,903936,2.21344
Suite_13,Forward,0,2780,4.5571,1.58268,0,0.628736,0.895296,8.87015,112.738,15000,898816,2.25188
Suite_13,Forward,0,2781,4.52224,1.56841,0,0.630432,0.897184,6.50684,153.684,15000,893696,2.23881
Suite_13,Forward,0,2782,4.51316,1.56263,0,1.90982,2.17498,6.41857,155.798,15000,889600,2.2708
Suite_13,Forward,0,2783,4.49521,1.54551,0,0.651168,0.915456,6.39523,156.367,15000,883968,2.29751
Suite_13,Forward,0,2784,4.47269,1.53072,0,0.624416,0.889696,6.35692,157.309,15000,877952,2.34763
Suite_13,Forward,0,2785,4.46159,1.53479,0,0.966752,1.2321,6.3235,158.14,15000,872576,2.35292
Suite_13,Forward,0,2786,4.44282,1.52004,0,0.618976,0.884512,6.30636,158.57,15000,866688,2.38167
Suite_13,Forward,0,2787,4.42887,1.52068,0,0.608256,0.874496,6.29387,158.885,15000,861184,2.44925
Suite_13,Forward,0,2788,4.4089,1.50385,0,1.34963,1.6137,6.28592,159.086,15000,854912,2.27643
Suite_13,Forward,0,2789,4.39604,1.50067,0,0.635776,0.900704,6.21847,160.811,15000,848128,2.35101
Suite_13,Forward,0,2790,4.37596,1.47928,0,0.602944,0.893888,6.211,161.005,15000,842880,2.16087
Suite_13,Forward,0,2791,4.37035,1.51347,0,0.821248,1.0864,6.17054,162.06,15000,838400,2.19487
Suite_13,Forward,0,2792,4.34535,1.48265,0,0.603872,0.87136,6.193,161.473,15000,831360,2.20681
Suite_13,Forward,0,2793,4.33498,1.47978,0,0.598016,0.888768,6.12542,163.254,15000,826496,2.27733
Suite_13,Forward,0,2794,4.32845,1.51642,0,1.0336,1.30019,6.1233,163.311,15000,821760,2.3049
Suite_13,Forward,0,2795,4.30539,1.46991,0,0.585216,0.849952,6.14509,162.732,15000,816640,2.35673
Suite_13,Forward,0,2796,4.289,1.46875,0,0.582624,0.848896,6.08116,164.442,15000,811904,2.44613
Suite_13,Forward,0,2797,4.27792,1.47992,0,1.70141,1.96326,6.07447,164.623,15000,805632,2.27365
Suite_13,Forward,0,2798,4.26575,1.46271,0,0.584192,0.867296,6.04983,165.294,15000,800384,2.33048
Suite_13,Forward,0,2799,4.2475,1.46016,0,0.590464,0.852096,6.02207,166.056,15000,795136,2.45138
Suite_13,Forward,0,2800,4.23288,1.43926,0,1.27942,1.53875,5.99871,166.702,15000,789888,2.29556
Suite_13,Forward,0,2801,4.21856,1.43788,0,0.559552,0.825344,5.96908,167.53,15000,783360,2.49053
Suite_13,Forward,0,2802,4.20029,1.43142,0,0.55296,0.817792,5.94583,168.185,15000,777216,2.84303
Suite_13,Forward,0,2803,4.17898,1.44908,0,2.26918,2.53133,5.91278,169.125,15000,771712,3.47309
Suite_13,Forward,0,2804,4.16777,1.41827,0,0.54272,0.811616,5.92125,168.883,15000,766848,1.87982
Suite_13,Forward,0,2805,4.15237,1.42191,0,0.533056,0.798624,5.86331,170.552,15000,760704,1.89196
Suite_13,Forward,0,2806,4.18257,1.47615,0,1.27517,1.54074,5.85913,170.674,15000,755840,1.91144
Suite_13,Forward,0,2807,4.13043,1.3996,0,0.562688,0.833536,5.94554,168.193,15000,751232,1.93377
Suite_13,Forward,0,2808,4.11071,1.39494,0,0.544608,0.814816,5.80523,172.258,15000,745216,1.87169
Suite_13,Forward,0,2809,4.09161,1.40182,0,2.48352,2.74637,5.77334,173.21,15000,740352,1.88413
Suite_13,Forward,0,2810,4.08368,1.41049,0,0.543008,0.815104,5.75966,173.621,15000,737536,1.91509
Suite_13,Forward,0,2811,4.08449,1.40345,0,0.53792,0.826944,5.77088,173.284,15000,733184,1.94628
Suite_13,Forward,0,2812,4.06349,1.39845,0,1.35792,1.62406,5.75639,173.72,15000,728192,1.9803
Suite_13,Forward,0,2813,4.04955,3.58874,0,0.538784,0.807904,5.73951,174.231,15000,721792,2.00895
Suite_13,Forward,0,2814,4.04721,1.39711,0,0.540672,0.812384,7.90748,126.463,15000,716800,2.03101
Suite_13,Forward,0,2815,4.04377,1.38979,0,0.90112,1.16483,5.70259,175.359,15000,710784,2.03336
Suite_13,Forward,0,2816,3.99047,1.34208,0,0.530432,0.80064,5.72146,174.781,15000,705152,2.07346
Suite_13,Forward,0,2817,3.97854,1.35594,0,0.531808,0.802816,5.58807,178.953,15000,699904,2.11734
Suite_13,Forward,0,2818,3.96921,1.35568,0,1.1631,1.44848,5.59158,178.84,15000,695424,2.16727
Suite_13,Forward,0,2819,3.95504,1.34716,0,0.519648,0.79088,5.58812,178.951,15000,690432,2.19465
Suite_13,Forward,0,2820,3.94418,1.33398,0,0.517984,0.786496,5.55612,179.982,15000,686080,2.27365
Suite_13,Forward,0,2821,3.92382,1.34089,0,0.509472,0.7768,5.53392,180.704,15000,680960,2.33597
Suite_13,Forward,0,2822,3.91192,1.32434,0,1.19603,1.46422,5.51072,181.465,15000,676608,2.02807
Suite_13,Forward,0,2823,3.89954,1.32729,0,0.504192,0.792576,5.4911,182.113,15000,670336,2.06525
Suite_13,Forward,0,2824,3.88689,1.30944,0,0.505504,0.772352,5.48111,182.445,15000,664960,2.06226
Suite_13,Forward,0,2825,3.86468,1.3084,0,0.502272,0.768224,5.45045,183.471,15000,660096,2.10895
Suite_13,Forward,0,2826,3.85081,1.303,0,1.20243,1.46637,5.41926,184.527,15000,655488,2.18228
Suite_13,Forward,0,2827,3.84284,1.30953,0,0.506176,0.77248,5.39376,185.399,15000,650112,2.27707
Suite_13,Forward,0,2828,3.83524,1.31957,0,0.504288,0.770304,5.39051,185.511,15000,645632,2.38548
Suite_13,Forward,0,2829,3.82252,1.28961,0,0.492736,0.782464,5.39484,185.362,15000,640512,2.52439
Suite_13,Forward,0,2830,3.79914,1.29876,0,0.502112,0.765952,5.35974,186.576,15000,635136,2.69597
Suite_13,Forward,0,2831,3.78254,1.26446,0,0.483232,0.749056,5.33725,187.362,15000,630400,2.9383
Suite_13,Forward,0,2832,3.76904,1.26542,0,0.47104,0.739136,5.27619,189.531,15000,624128,3.12407
Suite_13,Forward,0,2833,3.75893,1.26929,0,0.481312,0.74752,5.27682,189.508,15000,619264,2.67474
Suite_13,Forward,0,2834,3.74188,1.26812,0,0.462464,0.723008,5.26635,189.885,15000,614528,1.77244
Suite_13,Forward,0,2835,3.72967,1.24407,0,0.449856,0.716384,5.24602,190.621,15000,610944,1.79182
Suite_13,Forward,0,2836,3.71642,1.25135,0,0.440704,0.70656,5.21002,191.938,15000,605440,1.82015
Suite_13,Forward,0,2837,3.70776,1.24943,0,0.458112,0.72032,5.19555,192.473,15000,600960,1.78115
Suite_13,Forward,0,2838,3.68928,1.25813,0,0.44032,0.698656,5.18586,192.832,15000,597248,1.76278
Suite_13,Forward,0,2839,3.67103,1.22553,0,0.43008,0.697056,5.16925,193.452,15000,592000,1.70195
Suite_13,Forward,0,2840,3.66682,1.22863,0,0.427872,0.691968,5.12519,195.115,15000,588416,1.70791
Suite_13,Forward,0,2841,3.65078,1.22856,0,0.419552,0.707392,5.10963,195.709,15000,583296,1.72555
Suite_13,Forward,0,2842,3.63928,1.22793,0,0.425056,0.689728,5.09137,196.411,15000,578432,1.75595
Suite_13,Forward,0,2843,3.62867,1.19769,0,0.413696,0.677472,5.07977,196.859,15000,574208,1.79357
Suite_13,Forward,0,2844,3.60805,1.21112,0,0.4072,0.67216,5.03444,198.632,15000,569088,1.85106
Suite_13,Forward,0,2845,3.59822,1.20661,0,0.400064,0.663552,5.03104,198.766,15000,563712,1.56255
Suite_13,Forward,0,2846,3.57705,1.20198,0,0.935328,1.19382,5.02127,199.153,15000,558464,1.55806
Suite_13,Forward,0,2847,3.56976,1.19541,0,0.392896,0.655712,4.99263,200.295,15000,553984,1.52268
Suite_13,Forward,0,2848,3.57276,1.20687,0,0.422528,0.686336,4.97243,201.109,15000,549504,1.50264
Suite_13,Forward,0,2849,3.55447,1.21172,0,0.38912,0.653408,4.98388,200.647,15000,546432,1.50956
Suite_13,Forward,0,2850,3.53478,1.17284,0,1.41485,1.67322,4.98115,200.757,15000,541312,1.48338
Suite_13,Forward,0,2851,3.51979,1.19202,0,0.391712,0.651264,4.91021,203.657,15000,536064,1.48767
Suite_13,Forward,0,2852,3.50884,1.18941,0,0.384512,0.64512,4.9158,203.426,15000,532096,1.4944
Suite_13,Forward,0,2853,3.49386,1.16867,0,0.384832,0.646848,4.91116,203.618,15000,528640,1.47551
Suite_13,Forward,0,2854,3.48819,1.1787,0,0.976192,1.23459,4.86557,205.526,15000,524032,1.48438
Suite_13,Forward,0,2855,3.47199,1.17176,0,0.382144,0.662944,4.86674,205.476,15000,520448,1.50121
Suite_13,Forward,0,2856,3.45731,1.15873,0,0.383872,0.643072,4.83319,206.903,15000,516352,1.50012
Suite_13,Forward,0,2857,3.45349,1.14539,0,0.377568,0.659392,4.808,207.987,15000,512896,1.50263
Suite_13,Forward,0,2858,3.44703,1.14455,0,0.401408,0.663552,4.79079,208.734,15000,509824,1.52032
Suite_13,Forward,0,2859,3.43303,1.16931,0,2.0321,2.29197,4.77767,209.307,15000,506624,1.52418
Suite_13,Forward,0,2860,3.4247,3.39407,0,0.380896,0.641152,4.80187,208.252,15000,502528,1.53274
Suite_13,Forward,0,2861,3.41062,1.14497,0,0.376544,0.63712,7.0234,142.381,15000,497280,1.52349
Suite_13,Forward,0,2862,3.44494,1.21678,0,0.376832,0.636928,4.74605,210.702,15000,492544,1.54228
Suite_13,Forward,0,2863,3.41314,1.16663,0,0.37584,0.63488,4.9189,203.298,15000,488832,1.56483
Suite_13,Forward,0,2864,3.37504,1.12805,0,1.14278,1.39619,4.76193,209.999,15000,484096,1.57367
Suite_13,Forward,0,2865,3.35588,1.12333,0,0.376832,0.636576,4.68326,213.527,15000,480000,1.59141
Suite_13,Forward,0,2866,3.34207,1.10919,0,0.373056,0.632832,4.6615,214.523,15000,475520,1.5948
Suite_13,Forward,0,2867,3.32145,1.08861,0,0.372736,0.630784,4.62692,216.126,15000,470400,1.61337
Suite_13,Forward,0,2868,3.32122,1.1367,0,0.372736,0.632832,4.59318,217.714,15000,465792,1.58423
Suite_13,Forward,0,2869,3.32111,1.12561,0,0.635552,0.889504,4.6344,215.778,15000,461440,1.56558
Suite_13,Forward,0,2870,3.29355,1.07821,0,0.375072,0.63248,4.62416,216.256,15000,456960,1.57383
Suite_13,Forward,0,2871,3.28036,1.08948,0,0.377792,0.638944,4.54034,220.248,15000,452480,1.6098
Suite_13,Forward,0,2872,3.26202,1.09743,0,0.374784,0.635008,4.5466,219.945,15000,448000,1.61472
Suite_13,Forward,0,2873,3.24927,1.08431,0,0.37664,0.636896,4.54116,220.208,15000,443776,1.64625
Suite_13,Forward,0,2874,3.25174,1.09542,0,1.3695,1.62278,4.499,222.271,15000,439168,1.65204
Suite_13,Forward,0,2875,3.23387,1.07833,0,0.370688,0.627072,4.52218,221.132,15000,435584,1.68073
Suite_13,Forward,0,2876,3.2166,1.04751,0,0.382048,0.641024,4.48074,223.178,15000,430976,1.71367
Suite_13,Forward,0,2877,3.19072,1.06623,0,0.3848,0.643072,4.42551,225.963,15000,425600,1.75745
Suite_13,Forward,0,2878,3.18131,1.06032,0,0.368704,0.626816,4.41753,226.371,15000,421376,1.80875
Suite_13,Forward,0,2879,3.17693,1.07648,0,0.929952,1.18592,4.40626,226.95,15000,416640,1.88995
Suite_13,Forward,0,2880,3.16233,1.04095,0,0.363872,0.624288,4.4087,226.824,15000,412160,1.95741
Suite_13,Forward,0,2881,3.14228,1.02187,0,0.355104,0.613216,4.36086,229.313,15000,408192,2.06318
Suite_13,Forward,0,2882,3.13488,1.04374,0,0.350624,0.612832,4.31967,231.499,15000,403584,1.79029
Suite_13,Forward,0,2883,3.11695,1.03872,0,0.346432,0.608256,4.33851,230.494,15000,399872,1.89106
Suite_13,Forward,0,2884,3.10293,1.02026,0,0.3688,0.6344,4.31078,231.977,15000,396416,2.00364
Suite_13,Forward,0,2885,3.09201,1.04128,0,0.89408,1.1735,4.2774,233.787,15000,392064,2.13899
Suite_13,Forward,0,2886,3.0804,1.01852,0,0.341824,0.60416,4.28539,233.351,15000,387712,2.2955
Suite_13,Forward,0,2887,3.0686,1.01407,0,0.325472,0.584672,4.24994,235.297,15000,385024,2.45084
Suite_13,Forward,0,2888,3.05627,1.01076,0,0.320544,0.581856,4.22631,236.613,15000,381312,2.57691
Suite_13,Forward,0,2889,3.03842,0.995539,0,0.316288,0.578624,4.2114,237.451,15000,376576,1.6852
Suite_13,Forward,0,2890,3.04225,1.01304,0,0.338592,0.599488,4.1818,239.131,15000,373248,1.48564
Suite_13,Forward,0,2891,3.0372,1.06361,0,1.82755,2.08493,4.19935,238.132,15000,368768,1.44651
Suite_13,Forward,0,2892,3.02113,0.984627,0,0.318976,0.581632,4.24725,235.446,15000,364672,1.46415
Suite_13,Forward,0,2893,2.99429,1.0031,0,0.317632,0.581856,4.1527,240.807,15000,360704,1.43774
Suite_13,Forward,0,2894,2.98812,0.973778,0,0.321248,0.582816,4.13527,241.822,15000,356224,1.47355
Suite_13,Forward,0,2895,2.98441,0.990682,0,0.343008,0.606144,4.10351,243.694,15000,352384,1.51778
Suite_13,Forward,0,2896,2.9712,0.995544,0,0.31744,0.577728,4.11425,243.058,15000,349312,1.56646
Suite_13,Forward,0,2897,2.95819,0.998483,0,0.734784,0.992672,4.11457,243.039,15000,344320,1.62425
Suite_13,Forward,0,2898,2.95135,0.975461,0,0.324064,0.587392,4.09914,243.954,15000,341120,1.72685
Suite_13,Forward,0,2899,2.92823,0.945913,0,0.34816,0.606624,4.06415,246.054,15000,337280,1.73443
Suite_13,Forward,0,2900,2.91158,0.962364,0,0.335296,0.592672,4.00743,249.536,15000,333184,1.89277
Suite_13,Forward,0,2901,2.89199,0.937601,0,0.330624,0.587264,4.00614,249.617,15000,328704,2.09292
Suite_13,Forward,0,2902,2.88717,0.957726,0,0.290624,0.5424,3.96114,252.453,15000,325120,2.44914
Suite_13,Forward,0,2903,2.8728,0.949159,0,0.264192,0.524768,3.96929,251.935,15000,321024,3.04315
Suite_13,Forward,0,2904,2.86738,0.951311,0,0.780288,1.03366,3.9583,252.634,15000,317568,4.21598
Suite_13,Forward,0,2905,2.85418,0.955482,0,0.251904,0.509792,3.95087,253.108,15000,314240,6.64168
Suite_13,Forward,0,2906,2.85902,0.943796,0,0.249568,0.529824,3.93767,253.957,15000,311552,10.9528
Suite_13,Forward,0,2907,2.84784,0.945262,0,0.250336,0.506112,3.93277,254.273,15000,307968,10.9454
Suite_13,Forward,0,2908,2.82583,0.909949,0,0.254464,0.51088,3.91125,255.673,15000,304128,10.8257
Suite_13,Forward,0,2909,2.81071,0.934215,0,0.268448,0.52592,3.85725,259.252,15000,300416,1.16542
Suite_13,Forward,0,2910,2.80404,0.939295,0,0.241664,0.501888,3.8644,258.773,15000,297856,1.19786
Suite_13,Forward,0,2911,2.79501,0.92844,0,0.375904,0.628672,3.86074,259.018,15000,294272,1.19302
Suite_13,Forward,0,2912,2.77842,0.916717,0,0.241664,0.49904,3.84097,260.351,15000,292352,1.22338
Suite_13,Forward,0,2913,2.77474,0.906066,0,0.245664,0.504512,3.81885,261.859,15000,289792,1.16505
Suite_13,Forward,0,2914,2.77024,0.925384,0,0.24576,0.502048,3.79338,263.617,15000,287360,1.19156
Suite_13,Forward,0,2915,2.76136,0.896426,0,0.243712,0.498016,3.81176,262.346,15000,284544,1.20907
Suite_13,Forward,0,2916,2.74201,0.927542,0,0.25184,0.509952,3.77016,265.24,15000,281600,1.23277
Suite_13,Forward,0,2917,2.7578,0.902646,0,0.247936,0.505824,3.78986,263.862,15000,279040,1.25289
Suite_13,Forward,0,2918,2.75095,0.913793,0,0.243968,0.511392,3.78479,264.216,15000,275712,1.13397
Suite_13,Forward,0,2919,2.72533,0.905625,0,0.971104,1.22464,3.77531,264.879,15000,272896,1.14562
Suite_13,Forward,0,2920,2.7167,0.897968,0,0.255104,0.510144,3.73767,267.546,15000,269952,1.17264
Suite_13,Forward,0,2921,2.69661,0.904294,0,0.237504,0.492928,3.72512,268.448,15000,267008,1.16689
Suite_13,Forward,0,2922,2.70398,0.891855,0,0.248352,0.508544,3.71232,269.373,15000,264832,1.20219
Suite_13,Forward,0,2923,2.68814,0.892775,0,0.237728,0.49344,3.69828,270.396,15000,262656,1.24324
Suite_13,Forward,0,2924,2.69026,0.880524,0,0.242176,0.5024,3.68664,271.249,15000,260224,1.14312
Suite_13,Forward,0,2925,2.67305,0.737557,0,0.23552,0.48912,3.68278,271.534,15000,257792,1.15671
Suite_13,Forward,0,2926,2.66652,0.718391,0,0.236928,0.490944,3.51264,284.686,15000,254336,1.16661
Suite_13,Forward,0,2927,2.63483,0.756793,0,2.06954,2.31642,3.4889,286.623,15000,251648,1.18562
Suite_13,Forward,0,2928,2.64503,0.727122,0,0.239552,0.495968,3.49551,286.081,15000,248704,1.18881
Suite_13,Forward,0,2929,2.62712,0.742256,0,0.242368,0.495616,3.47842,287.487,15000,246656,1.21903
Suite_13,Forward,0,2930,2.61712,0.722905,0,0.2472,0.498144,3.46953,288.224,15000,244352,1.24704
Suite_13,Forward,0,2931,2.59994,0.731892,0,0.245536,0.497984,3.43808,290.86,15000,241792,1.27065
Suite_13,Forward,0,2932,2.59931,0.736513,0,0.246016,0.499936,3.43092,291.467,15000,239488,1.24042
Suite_13,Forward,0,2933,2.59122,0.743918,0,0.240096,0.49392,3.43442,291.17,15000,235776,1.18608
Suite_13,Forward,0,2934,2.58012,0.71031,0,0.24368,0.49744,3.43153,291.415,15000,233856,1.2324
Suite_13,Forward,0,2935,2.57017,0.707314,0,0.23552,0.489056,3.38719,295.23,15000,231168,1.27187
Suite_13,Forward,0,2936,2.56463,0.727134,0,0.872544,1.13869,3.3724,296.525,15000,228480,1.32098
Suite_13,Forward,0,2937,2.59094,0.782322,0,0.21536,0.468,3.38443,295.471,15000,226176,1.37823
Suite_13,Forward,0,2938,2.58148,0.722511,0,0.21504,0.470464,3.47022,288.166,15000,223360,1.47063
Suite_13,Forward,0,2939,2.54497,0.719143,0,0.206688,0.459744,3.3968,294.395,15000,220672,1.57479
Suite_13,Forward,0,2940,2.53498,0.7142,0,0.213088,0.467232,3.3537,298.179,15000,217728,1.68112
Suite_13,Forward,0,2941,2.51222,0.699863,0,0.226464,0.480032,3.34315,299.119,15000,214656,1.8512
Suite_13,Forward,0,2942,2.50984,2.94337,0,0.21888,0.493408,3.30337,302.721,15000,212864,1.69114
Suite_13,Forward,0,2943,2.52397,0.732759,0,0.21344,0.465728,5.54446,180.36,15000,210560,1.78675
Suite_13,Forward,0,2944,2.49507,0.730117,0,0.202336,0.45248,3.34726,298.752,15000,205824,1.02268
Suite_13,Forward,0,2945,2.4966,0.739668,0,0.2048,0.456832,3.3845,295.465,15000,201984,1.02886
Suite_13,Forward,0,2946,2.48075,0.704075,0,0.681728,0.926944,3.32179,301.042,15000,199424,0.955922
Suite_13,Forward,0,2947,2.4451,0.708429,0,0.202752,0.454656,3.27097,305.719,15000,196608,0.946835
Suite_13,Forward,0,2948,2.43929,0.68679,0,0.203264,0.454656,3.23581,309.041,15000,194048,0.94627
Suite_13,Forward,0,2949,2.4236,0.693641,0,0.195776,0.44688,3.20884,311.639,15000,191872,0.916357
Suite_13,Forward,0,2950,2.43514,0.690226,0,0.1976,0.45056,3.19785,312.71,15000,188672,0.915793
Suite_13,Forward,0,2951,2.42093,0.700507,0,0.188416,0.437952,3.20265,312.241,15000,186368,0.936232
Suite_13,Forward,0,2952,2.41944,0.700216,0,0.192512,0.44256,3.19874,312.623,15000,183808,0.919819
Suite_13,Forward,0,2953,2.40228,0.686182,0,0.18432,0.433792,3.2038,312.13,15000,181376,0.883393
Suite_13,Forward,0,2954,2.39584,0.69616,0,0.180224,0.428032,3.16573,315.883,15000,177792,0.876834
Suite_13,Forward,0,2955,2.38074,0.677336,0,0.194848,0.451616,3.16605,315.851,15000,175872,0.891648
Suite_13,Forward,0,2956,2.36906,0.686767,0,0.176608,0.423936,3.12953,319.537,15000,173952,0.912312
Suite_13,Forward,0,2957,2.36764,0.672127,0,0.172032,0.424192,3.13239,319.245,15000,171136,0.90699
Suite_13,Forward,0,2958,2.35354,0.709469,0,0.185568,0.429216,3.11856,320.661,15000,169216,0.928296
Suite_13,Forward,0,2959,2.3492,0.670242,0,0.16224,0.414464,3.13578,318.9,15000,166272,0.929468
Suite_13,Forward,0,2960,2.32269,0.679474,0,0.159744,0.409056,3.08997,323.628,15000,162944,0.812688
Suite_13,Forward,0,2961,2.33149,0.674246,0,0.161792,0.411648,3.07275,325.442,15000,160384,0.832195
Suite_13,Forward,0,2962,2.32127,0.663937,0,0.159744,0.409888,3.07443,325.263,15000,158720,0.846505
Suite_13,Forward,0,2963,2.31529,0.684046,0,0.153632,0.404032,3.05226,327.626,15000,156544,0.875455
Suite_13,Forward,0,2964,2.29786,0.671635,0,0.16384,0.41648,3.07097,325.629,15000,153600,0.902693
Suite_13,Forward,0,2965,2.28969,0.684555,0,0.143712,0.393792,3.03979,328.97,15000,151680,0.910851
Suite_13,Forward,0,2966,2.27982,0.66296,0,0.14336,0.392544,3.04121,328.816,15000,149248,0.927694
Suite_13,Forward,0,2967,2.26452,0.681799,0,0.141312,0.39168,3.00591,332.678,15000,147200,0.795025
Suite_13,Forward,0,2968,2.2671,0.670076,0,0.144,0.393472,3.01051,332.17,15000,144896,0.833348
Suite_13,Forward,0,2969,2.255,0.668261,0,0.147456,0.397152,3.0015,333.166,15000,143104,0.820628
Suite_13,Forward,0,2970,2.25447,0.66927,0,0.14512,0.41792,2.9864,334.851,15000,141184,0.890351
Suite_13,Forward,0,2971,2.24504,0.656914,0,0.157696,0.409632,2.9841,335.11,15000,139648,1.08846
Suite_13,Forward,0,2972,2.24002,0.688081,0,0.247648,0.487424,2.96129,337.69,15000,137344,1.56266
Suite_13,Forward,0,2973,2.22373,0.654462,0,0.116064,0.36176,2.99579,333.801,15000,134784,2.44489
Suite_13,Forward,0,2974,2.21441,0.661482,0,0.118496,0.368512,2.93862,340.296,15000,131968,0.572663
Suite_13,Forward,0,2975,2.21481,0.655149,0,0.115168,0.36064,2.94066,340.06,15000,130176,0.577406
Suite_13,Forward,0,2976,2.20024,0.645624,0,0.117216,0.360448,2.92724,341.619,15000,127232,0.581894
Suite_13,Forward,0,2977,2.20486,0.685475,0,0.113184,0.3576,2.90409,344.342,15000,125568,0.550701
Suite_13,Forward,0,2978,2.19766,0.640432,0,0.11264,0.37888,2.94906,339.091,15000,123904,0.553707
Suite_13,Forward,0,2979,2.17914,0.663385,0,0.11072,0.354304,2.89697,345.188,15000,121856,0.552532
Suite_13,Forward,0,2980,2.17015,0.637635,0,0.11264,0.357824,2.90299,344.472,15000,120448,0.560195
Suite_13,Forward,0,2981,2.16006,0.645712,0,0.10864,0.353152,2.86346,349.228,15000,117376,0.536329
Suite_13,Forward,0,2982,2.15671,0.646522,0,0.107072,0.354496,2.86083,349.549,15000,115200,0.516867
Suite_13,Forward,0,2983,2.14587,0.639604,0,0.108544,0.35232,2.85756,349.949,15000,113024,0.515709
Suite_13,Forward,0,2984,2.14319,0.655262,0,0.107584,0.349472,2.83897,352.24,15000,111616,0.510225
Suite_13,Forward,0,2985,2.12926,0.641946,0,0.108992,0.35632,2.85417,350.365,15000,108288,0.488984
Suite_13,Forward,0,2986,2.1166,0.640921,0,0.1016,0.342784,2.82402,354.105,15000,107392,0.493594
Suite_13,Forward,0,2987,2.12261,0.645152,0,0.102112,0.345696,2.80905,355.992,15000,105088,0.490715
Suite_13,Forward,0,2988,2.1,0.626945,0,0.100992,0.347392,2.81839,354.813,15000,103040,0.468902
Suite_13,Forward,0,2989,2.09712,0.64476,0,0.102304,0.3472,2.77822,359.943,15000,100992,0.454598
Suite_13,Forward,0,2990,2.0914,0.646248,0,0.557824,0.795456,2.7913,358.256,15000,99456,0.453898
Suite_13,Forward,0,2991,2.08201,0.639434,0,0.098048,0.339968,2.78614,358.92,15000,98432,0.455996
Suite_13,Forward,0,2992,2.08738,0.640869,0,0.100576,0.34208,2.77146,360.82,15000,97024,0.456933
Suite_13,Forward,0,2993,2.07933,0.631057,0,0.096096,0.336256,2.77791,359.983,15000,96384,0.465389
Suite_13,Forward,0,2994,2.07342,0.636781,0,0.093152,0.33456,2.75866,362.495,15000,94720,0.46722
Suite_13,Forward,0,2995,2.06382,0.620081,0,0.091392,0.333824,2.75817,362.559,15000,92672,0.471363
Suite_13,Forward,0,2996,2.04552,0.630479,0,0.086176,0.32768,2.72786,366.587,15000,91904,0.480868
Suite_13,Forward,0,2997,2.0482,0.634441,0,0.083968,0.324032,2.72636,366.789,15000,89600,0.474335
Suite_13,Forward,0,2998,2.0355,0.61795,0,0.084576,0.331776,2.73097,366.17,15000,87552,0.466166
Suite_13,Forward,0,2999,2.03228,0.641946,0,0.083168,0.327168,2.69574,370.956,15000,86272,0.473731
Suite_13,Forward,0,3000,2.02436,0.621316,0,0.083872,0.32768,2.71754,367.98,15000,85504,0.45888
Suite_13,Deferred_Uber,0,1,1.98761,0.666211,0.107712,0.085376,0.467776,3.61214,276.844,15000,83840,0.457804
Suite_13,Deferred_Uber,0,2,1.98245,0.672141,0.664224,0.083968,1.04038,2.69555,370.981,15000,82176,0.46404
Suite_13,Deferred_Uber,0,3,1.97294,0.665768,0.104448,0.083488,0.479968,2.70729,369.373,15000,80768,0.467477
Suite_13,Deferred_Uber,0,4,1.96663,0.661761,0.101696,0.082304,0.472352,2.68297,372.721,15000,78592,0.466676
Suite_13,Deferred_Uber,0,5,1.95891,0.645905,0.110944,0.083072,0.48128,2.67316,374.089,15000,76672,0.461801
Suite_13,Deferred_Uber,0,6,1.95084,0.6643,0.095616,0.08192,0.468416,2.64706,377.778,15000,75648,0.466005
Suite_13,Deferred_Uber,0,7,1.94562,0.650301,0.09776,0.082656,0.463232,2.65579,376.536,15000,73600,0.462275
Suite_13,Deferred_Uber,0,8,1.9327,0.653134,0.092832,0.081888,0.4608,2.63635,379.312,15000,72320,0.431773
Suite_13,Deferred_Uber,0,9,1.93682,0.655703,0.090112,0.079872,0.452864,2.62811,380.501,15000,70400,0.422195
Suite_13,Deferred_Uber,0,10,1.92876,0.640755,0.088064,0.079872,0.457664,2.63353,379.718,15000,69248,0.42479
Suite_13,Deferred_Uber,0,11,1.91828,0.656705,0.086016,0.078112,0.444032,2.60709,383.569,15000,67840,0.422813
Suite_13,Deferred_Uber,0,12,1.92115,0.656631,0.086016,0.079872,0.455712,2.6133,382.658,15000,66304,0.423978
Suite_13,Deferred_Uber,0,13,1.91291,0.635144,0.104448,0.07952,0.468992,2.61777,382.004,15000,65152,0.426365
Suite_13,Deferred_Uber,0,14,1.90313,0.653434,0.084576,0.0784,0.45056,2.58573,386.738,15000,63232,0.399809
Suite_13,Deferred_Uber,0,15,1.89483,0.636414,0.08288,0.079808,0.454784,2.59236,385.749,15000,61312,0.354735
Suite_13,Deferred_Uber,0,16,1.90227,0.736547,0.079872,0.077824,0.448032,2.56702,389.557,15000,60160,0.356375
Suite_13,Deferred_Uber,0,17,1.91878,0.700731,0.073728,0.077824,0.445376,2.68415,372.558,15000,59136,0.359788
Suite_13,Deferred_Uber,0,18,1.89121,0.635126,0.073728,0.077632,0.441056,2.65996,375.946,15000,57728,0.291751
Suite_13,Deferred_Uber,0,19,1.87554,0.653093,0.06992,0.077824,0.433376,2.5604,390.564,15000,56960,0.29456
Suite_13,Deferred_Uber,0,20,1.87791,0.652907,0.068416,0.07776,0.43744,2.563,390.168,15000,55680,0.293391
Suite_13,Deferred_Uber,0,21,1.86921,0.637293,0.088064,0.077824,0.455968,2.56736,389.505,15000,54784,0.295678
Suite_13,Deferred_Uber,0,22,1.8538,0.652867,0.063968,0.077792,0.425984,2.53985,393.725,15000,53376,0.292068
Suite_13,Deferred_Uber,0,23,1.84641,0.639534,0.063488,0.077824,0.424128,2.53952,393.776,15000,52224,0.28169
Suite_13,Deferred_Uber,0,24,1.84015,0.640814,0.059392,0.076192,0.423936,2.51766,397.194,15000,50816,0.278661
Suite_13,Deferred_Uber,0,25,1.83408,0.648056,0.059392,0.07712,0.422016,2.51681,397.328,15000,49408,0.272596
Suite_13,Deferred_Uber,0,26,1.8311,0.638298,0.05744,0.077472,0.429056,2.51487,397.635,15000,48256,0.267762
Suite_13,Deferred_Uber,0,27,1.81759,0.640659,0.055616,0.076032,0.413696,2.50097,399.845,15000,47232,0.261634
Suite_13,Deferred_Uber,0,28,1.81968,0.640764,0.053248,0.075776,0.412032,2.4899,401.622,15000,45440,0.256026
Suite_13,Deferred_Uber,0,29,1.80693,0.628136,0.050336,0.075776,0.404416,2.49185,401.309,15000,43520,0.236341
Suite_13,Deferred_Uber,0,30,1.80148,0.643292,0.049568,0.075584,0.411648,2.46443,405.773,15000,42240,0.228678
Suite_13,Deferred_Uber,0,31,1.79846,0.651142,0.045696,0.075264,0.411392,2.47904,403.383,15000,41216,0.206883
Suite_13,Deferred_Uber,0,32,1.80668,0.64337,0.044928,0.079168,0.423936,2.48927,401.725,15000,39936,0.185073
Suite_13,Deferred_Uber,0,33,1.79417,0.642959,0.04304,0.09216,0.420864,2.481,403.063,15000,38784,0.181627
Suite_13,Deferred_Uber,0,34,1.78823,0.649082,0.044064,0.075008,0.395872,2.46718,405.321,15000,37632,0.176985
Suite_13,Deferred_Uber,0,35,1.77571,0.639849,0.06144,0.076896,0.423936,2.46505,405.671,15000,36864,0.173382
Suite_13,Deferred_Uber,0,36,1.77381,0.635472,0.04096,0.073728,0.399872,2.44358,409.236,15000,36480,0.174599
Suite_13,Deferred_Uber,0,37,1.77273,0.631588,0.038144,0.07392,0.401408,2.43909,409.989,15000,35968,0.174037
Suite_13,Deferred_Uber,0,38,1.76202,0.62093,0.039616,0.073824,0.403488,2.43236,411.123,15000,34816,0.172432
Suite_13,Deferred_Uber,0,39,1.75895,0.635475,0.036864,0.072992,0.389536,2.40845,415.204,15000,33280,0.153329
Suite_13,Deferred_Uber,0,40,1.75048,0.64569,0.186368,0.071424,0.543168,2.42024,413.182,15000,31744,0.137796
Suite_13,Deferred_Uber,0,41,1.74319,0.629696,0.03472,0.07344,0.392768,2.42293,412.723,15000,30848,0.135188
Suite_13,Deferred_Uber,0,42,1.74744,0.642644,0.034816,0.07168,0.395488,2.40023,416.627,15000,30720,0.136582
Suite_13,Deferred_Uber,0,43,1.73984,0.618798,0.034688,0.071808,0.400512,2.41637,413.844,15000,29696,0.128616
Suite_13,Deferred_Uber,0,44,1.73086,0.661052,0.031392,0.07168,0.391168,2.38223,419.775,15000,29312,0.127375
Suite_13,Deferred_Uber,0,45,1.73232,0.644537,0.029664,0.07168,0.378208,2.42027,413.178,15000,28160,0.122915
Suite_13,Deferred_Uber,0,46,1.7251,0.615807,0.028864,0.070176,0.382976,2.40277,416.186,15000,27520,0.11688
Suite_13,Deferred_Uber,0,47,1.71271,0.62598,0.027104,0.069792,0.385024,2.36406,423.001,15000,26112,0.113031
Suite_13,Deferred_Uber,0,48,1.70824,0.630132,0.02656,0.069184,0.373504,2.36346,423.109,15000,25088,0.10821
Suite_13,Deferred_Uber,0,49,1.70515,0.612946,0.024992,0.068576,0.37888,2.36336,423.126,15000,24320,0.106385
Suite_13,Deferred_Uber,0,50,1.69426,0.626675,0.024352,0.068544,0.376352,2.34134,427.106,15000,23168,0.100577
Suite_13,Deferred_Uber,0,51,1.69207,0.636538,0.024512,0.06832,0.372768,2.34359,426.696,15000,22528,0.0996472
Suite_13,Deferred_Uber,0,52,1.68573,0.631647,0.02256,0.067584,0.370336,2.35042,425.456,15000,21120,0.0954797
Suite_13,Deferred_Uber,0,53,1.6805,0.634808,0.020736,0.067232,0.372736,2.33918,427.5,15000,20224,0.0902484
Suite_13,Deferred_Uber,0,54,1.67799,0.621173,0.019808,0.066464,0.362976,2.33799,427.719,15000,19584,0.0889353
Suite_13,Deferred_Uber,0,55,1.67257,0.608663,0.017952,0.0664,0.370688,2.32084,430.879,15000,18944,0.0872281
Suite_13,Deferred_Uber,0,56,1.67022,0.621773,0.017024,0.066048,0.3584,2.30116,434.563,15000,18688,0.0861019
Suite_13,Deferred_Uber,0,57,1.66893,0.619231,0.016192,0.065696,0.369344,2.3147,432.021,15000,17920,0.0838269
Suite_13,Deferred_Uber,0,58,1.6625,0.609792,0.015936,0.066048,0.359264,2.30953,432.989,15000,17024,0.080332
Suite_13,Deferred_Uber,0,59,1.65335,0.62588,0.016288,0.065568,0.36464,2.29168,436.361,15000,15872,0.0769785
Suite_13,Deferred_Uber,0,60,1.64988,0.631596,0.015616,0.065536,0.368736,2.30676,433.509,15000,15232,0.0740431
Suite_13,Deferred_Uber,0,61,1.64675,0.618353,0.014336,0.0648,0.362784,2.30342,434.136,15000,14592,0.0660031
Suite_13,Deferred_Uber,0,62,1.64149,0.644402,0.014272,0.063872,0.354976,2.28493,437.651,15000,14080,0.0646791
Suite_13,Deferred_Uber,0,63,1.63911,0.631762,0.012608,0.063712,0.364544,2.30566,433.715,15000,13824,0.0647142
Suite_13,Deferred_Uber,0,64,1.63182,0.610161,0.012288,0.064928,0.358336,2.28988,436.704,15000,12800,0.0590765
Suite_13,Deferred_Uber,0,65,1.62704,0.61864,0.012128,0.063776,0.362592,2.26157,442.171,15000,11904,0.0554999
Suite_13,Deferred_Uber,0,66,1.6283,0.625418,0.011616,0.06352,0.358656,2.26567,441.371,15000,11392,0.0517921
Suite_13,Deferred_Uber,0,67,1.61931,0.608487,0.011424,0.063488,0.352192,2.27212,440.118,15000,11008,0.0515919
Suite_13,Deferred_Uber,0,68,1.61282,0.608674,0.009856,0.062272,0.357152,2.24516,445.403,15000,10752,0.0499708
Suite_13,Deferred_Uber,0,69,1.61015,0.612969,0.008928,0.062752,0.3584,2.24146,446.138,15000,10112,0.0475569
Suite_13,Deferred_Uber,0,70,1.60566,0.623074,0.008192,0.06288,0.346784,2.24175,446.08,15000,9088,0.0410992
Suite_13,Deferred_Uber,0,71,1.59473,0.610336,0.008736,0.0616,0.3584,2.24531,445.374,15000,8704,0.0405183
Suite_13,Deferred_Uber,0,72,1.59419,0.635684,0.008288,0.06208,0.3584,2.22187,450.072,15000,8064,0.0357085
Suite_13,Deferred_Uber,0,73,1.59429,0.607316,0.006528,0.062752,0.352096,2.24981,444.483,15000,7552,0.0333665
Suite_13,Deferred_Uber,0,74,1.58666,0.624781,0.007392,0.062528,0.3584,2.21909,450.635,15000,6784,0.0299956
Suite_13,Deferred_Uber,0,75,1.58448,0.635075,0.005952,0.061376,0.349984,2.22949,448.533,15000,6400,0.0288258
Suite_13,Deferred_Uber,0,76,1.57991,0.613085,0.00608,0.061088,0.352256,2.23665,447.098,15000,6016,0.0282014
Suite_13,Deferred_Uber,0,77,1.57129,0.602073,0.006144,0.064704,0.360064,2.21245,451.987,15000,5632,0.0270388
Suite_13,Deferred_Uber,0,78,1.57493,0.612936,0.005824,0.060192,0.344992,2.18955,456.714,15000,5504,0.0267187
Suite_13,Deferred_Uber,0,79,1.5691,0.609298,0.005984,0.059808,0.342368,2.20421,453.677,15000,5248,0.0262446
Suite_13,Deferred_Uber,0,80,1.55849,0.608231,0.004448,0.063488,0.360352,2.19401,455.785,15000,4864,0.0238255
Suite_13,Deferred_Uber,0,81,1.55929,0.613215,0.004768,0.060128,0.360128,2.18316,458.051,15000,4352,0.0214263
Suite_13,Deferred_Uber,0,82,1.55892,0.620792,0.004096,0.059904,0.338944,2.18951,456.723,15000,4096,0.0213038
Suite_13,Deferred_Uber,0,83,1.55201,0.605667,0.003008,0.059456,0.368672,2.19468,455.646,15000,3968,0.0210322
Suite_13,Deferred_Uber,0,84,1.54844,0.606156,0.003712,0.058336,0.34352,2.17249,460.301,15000,3712,0.0201739
Suite_13,Deferred_Uber,0,85,1.54964,0.612449,0.002944,0.059648,0.345568,2.17196,460.413,15000,3584,0.0194055
Suite_13,Deferred_Uber,0,86,1.53885,0.606263,0.004096,0.05904,0.33808,2.1784,459.053,15000,3200,0.0169771
Suite_13,Deferred_Uber,0,87,1.53828,0.609863,0.002592,0.058592,0.344064,2.15953,463.063,15000,2688,0.0150964
Suite_13,Deferred_Uber,0,88,1.54104,0.60672,0.00384,0.058208,0.345408,2.16328,462.26,15000,2688,0.0152665
Suite_13,Deferred_Uber,0,89,1.53718,0.60106,0.002784,0.059232,0.339968,2.17041,460.742,15000,2688,0.0154391
Suite_13,Deferred_Uber,0,90,1.53195,0.601461,0.00256,0.058208,0.33792,2.15375,464.306,15000,2560,0.0136569
Suite_13,Deferred_Uber,0,91,1.52822,0.611826,0.002464,0.05888,0.335872,2.14799,465.551,15000,2304,0.0125134
Suite_13,Deferred_Uber,0,92,1.52229,0.605228,0.002336,0.05808,0.339968,2.15535,463.962,15000,2176,0.0121731
Suite_13,Deferred_Uber,0,93,1.51419,0.600564,0.002368,0.058336,0.350272,2.14413,466.391,15000,1792,0.010323
Suite_13,Deferred_Uber,0,94,1.5135,0.616535,0.002048,0.057376,0.33552,2.12963,469.566,15000,1408,0.00830747
Suite_13,Deferred_Uber,0,95,1.51303,0.607445,0.001952,0.057344,0.342016,2.14535,466.124,15000,1280,0.00735487
Suite_13,Deferred_Uber,0,96,1.51206,0.606092,0.002048,0.058208,0.353088,2.13448,468.499,15000,1280,0.00743633
Suite_13,Deferred_Uber,0,97,1.51033,0.600334,0.001696,0.057344,0.334912,2.1332,468.78,15000,1280,0.00751893
Suite_13,Deferred_Uber,0,98,1.50778,0.617464,0.001536,0.057344,0.331776,2.12631,470.297,15000,1280,0.0076027
Suite_13,Deferred_Uber,0,99,1.50762,0.600551,0.000512,0.057344,0.334656,2.13995,467.301,15000,1152,0.00719059
Suite_13,Deferred_Uber,0,100,1.49968,0.606914,0.00192,0.057344,0.336512,2.12172,471.315,15000,1024,0.00633116
Suite_13,Deferred_Uber,0,101,1.49863,0.609114,0.002048,0.0576,0.342048,2.12279,471.077,15000,896,0.00562609
Suite_13,Deferred_Uber,0,102,1.49731,0.601962,0.001504,0.057344,0.341568,2.12367,470.884,15000,896,0.00569026
Suite_13,Deferred_Uber,0,103,1.49439,0.597111,0.001376,0.057344,0.341792,2.11304,473.253,15000,640,0.00396309
Suite_13,Deferred_Uber,0,104,1.49761,0.603263,0.00144,0.057344,0.342176,2.10618,474.794,15000,384,0.00263315
Suite_13,Deferred_Uber,0,105,1.49616,0.6006,0.00096,0.056096,0.339072,2.11648,472.483,15000,256,0.00152025
Suite_13,Deferred_Uber,0,106,1.48606,0.597008,0,0.057344,0.339968,2.11763,472.226,15000,256,0.00153818
Suite_13,Deferred_Uber,0,107,1.48029,0.609524,0.001728,0.057344,0.332192,2.09671,476.938,15000,128,0.00103802
Suite_13,Deferred_Uber,0,108,1.47975,0.615927,0,0.057216,0.338624,2.1046,475.149,15000,128,0.0010508
Suite_13,Deferred_Uber,0,109,1.46979,0.584497,0.001408,0.057344,0.338112,2.11195,473.496,15000,0,0
Suite_13,Deferred_Uber,0,110,1.46352,0.588182,0.00176,0.058816,0.341344,2.06859,483.421,15000,0,0
Suite_13,Deferred_Uber,0,111,1.46589,0.59139,0,0.055712,0.337888,2.06559,484.124,15000,0,0
Suite_13,Deferred_Uber,0,112,1.46295,0.588902,0.001696,0.057216,0.343648,2.07118,482.817,15000,0,0
Suite_13,Deferred_Uber,0,113,1.46255,0.594087,0.000288,0.055936,0.33744,2.06747,483.682,15000,0,0
Suite_13,Deferred_Uber,0,114,1.45952,0.595707,0.001312,0.056864,0.338336,2.07224,482.569,15000,0,0
Suite_13,Deferred_Uber,0,115,1.46157,0.582323,0,0.055904,0.333824,2.07004,483.082,15000,0,0
Suite_13,Deferred_Uber,0,116,1.45642,0.584133,0.000192,0.056992,0.336,2.05729,486.075,15000,0,0
Suite_13,Deferred_Uber,0,117,1.45871,0.589235,0.000576,0.057344,0.360256,2.06228,484.901,15000,0,0
Suite_13,Deferred_Uber,0,118,1.44939,0.585073,0.000736,0.057344,0.339648,2.06393,484.513,15000,0,0
Suite_13,Deferred_Uber,0,119,1.45255,0.602743,0,0.05584,0.332288,2.04801,488.279,15000,0,0
Suite_13,Deferred_Uber,0,120,1.44834,0.585778,0.001472,0.056896,0.344448,2.06844,483.457,15000,0,0
Suite_13,Deferred_Uber,0,121,1.44474,0.596894,0.001152,0.056544,0.342208,2.04968,487.881,15000,0,0
Suite_13,Deferred_Uber,0,122,1.44648,0.607952,0,0.055584,0.344256,2.05769,485.982,15000,0,0
Suite_13,Deferred_Uber,0,123,1.43679,0.587048,0.001216,0.057344,0.347744,2.06888,483.354,15000,0,0
Suite_13,Deferred_Uber,0,124,1.44076,0.59188,0,0.055616,0.331552,2.03714,490.884,15000,0,0
Suite_13,Deferred_Uber,0,125,1.43461,0.589821,9.6e-05,0.055936,0.342016,2.05005,487.793,15000,0,0
Suite_13,Deferred_Uber,0,126,1.43084,0.585174,0.000672,0.05696,0.366592,2.0395,490.316,15000,0,0
Suite_13,Deferred_Uber,0,127,1.42332,0.593072,0.000704,0.057344,0.337568,2.02901,492.852,15000,0,0
Suite_13,Deferred_Uber,0,128,1.42351,0.595803,0.001216,0.056896,0.334368,2.03121,492.317,15000,0,0
Suite_13,Deferred_Uber,0,129,1.42183,0.581542,0.001376,0.056704,0.338336,2.03523,491.345,15000,0,0
Suite_13,Deferred_Uber,0,130,1.42205,0.584569,0.001632,0.057312,0.335936,2.01749,495.664,15000,0,0
Suite_13,Deferred_Uber,0,131,1.41659,0.588479,0,0.056736,0.342304,2.02012,495.019,15000,0,0
Suite_13,Deferred_Uber,0,132,1.4211,0.586673,0.000352,0.056256,0.335872,2.01826,495.476,15000,0,0
Suite_13,Deferred_Uber,0,133,1.41491,0.58067,0,0.057344,0.349792,2.0227,494.39,15000,0,0
Suite_13,Deferred_Uber,0,134,1.4117,0.596919,0.000448,0.055968,0.333824,2.00955,497.624,15000,0,0
Suite_13,Deferred_Uber,0,135,1.40841,0.583396,0.00096,0.056928,0.333856,2.02238,494.466,15000,0,0
Suite_13,Deferred_Uber,0,136,1.408,0.580538,0.00128,0.056544,0.340352,2.00582,498.55,15000,0,0
Suite_13,Deferred_Uber,0,137,1.40664,0.581134,0.00048,0.056032,0.341056,2.00295,499.263,15000,0,0
Suite_13,Deferred_Uber,0,138,1.4033,0.591761,0.001504,0.056608,0.336032,2.00269,499.328,15000,0,0
Suite_13,Deferred_Uber,0,139,1.40249,0.651562,0.000256,0.056096,0.33792,2.00891,497.783,15000,0,0
Suite_13,Deferred_Uber,0,140,1.39854,0.584325,0.000736,0.057088,0.348416,2.06781,483.603,15000,0,0
Suite_13,Deferred_Uber,0,141,1.40075,0.590826,0.000544,0.057344,0.354304,1.99865,500.337,15000,0,0
Suite_13,Deferred_Uber,0,142,1.39419,0.589292,0.000704,0.05696,0.335968,2.00695,498.269,15000,0,0
Suite_13,Deferred_Uber,0,143,1.39272,0.579071,0.001696,0.057152,0.328896,1.99677,500.808,15000,0,0
Suite_13,Deferred_Uber,0,144,1.39059,0.592657,0,0.056768,0.342336,1.98504,503.769,15000,0,0
Suite_13,Deferred_Uber,0,145,1.39048,0.590362,0.000256,0.05616,0.339968,1.99851,500.373,15000,0,0
Suite_13,Deferred_Uber,0,146,1.38941,0.587289,0.000704,0.057344,0.335872,2.00074,499.816,15000,0,0
Suite_13,Deferred_Uber,0,147,1.38429,0.581169,0.001056,0.057344,0.34816,1.98962,502.609,15000,0,0
Suite_13,Deferred_Uber,0,148,1.38104,0.595782,0.001024,0.082208,0.360992,1.97795,505.573,15000,0,0
Suite_13,Deferred_Uber,0,149,1.38243,0.591572,0.000416,0.056288,0.33792,1.99162,502.103,15000,0,0
Suite_13,Deferred_Uber,0,150,1.3804,0.58417,0,0.056672,0.334496,1.98869,502.843,15000,0,0
Suite_13,Deferred_Uber,0,151,1.37487,0.577681,0.00048,0.056224,0.333824,1.97747,505.696,15000,0,0
Suite_13,Deferred_Uber,0,152,1.38558,0.684158,0.000736,0.057184,0.33904,1.96494,508.922,15000,0,0
Suite_13,Deferred_Uber,0,153,1.38346,0.620794,0.000736,0.057344,0.343264,2.09359,477.649,15000,0,0
Suite_13,Deferred_Uber,0,154,1.37217,0.597696,0.000672,0.056992,0.339552,2.02119,494.757,15000,0,0
Suite_13,Deferred_Uber,0,155,1.37431,0.596207,0.001504,0.057024,0.336256,1.98301,504.285,15000,0,0
Suite_13,Deferred_Uber,0,156,1.36853,0.585771,0.000704,0.057184,0.33792,1.98359,504.137,15000,0,0
Suite_13,Deferred_Uber,0,157,1.36693,0.580488,0.000416,0.05616,0.341824,1.97003,507.606,15000,0,0
Suite_13,Deferred_Uber,0,158,1.36891,0.581822,0.001664,0.056928,0.335936,1.96098,509.949,15000,0,0
Suite_13,Deferred_Uber,0,159,1.36686,0.59408,0.000352,0.056224,0.33152,1.96352,509.29,15000,0,0
Suite_13,Deferred_Uber,0,160,1.36193,0.597396,0.001216,0.0568,0.338112,1.97548,506.206,15000,0,0
Suite_13,Deferred_Uber,0,161,1.3579,0.584374,0.000512,0.055712,0.34624,1.97456,506.442,15000,0,0
Suite_13,Deferred_Uber,0,162,1.35518,0.599919,0.00144,0.056896,0.355104,1.95622,511.19,15000,0,0
Suite_13,Deferred_Uber,0,163,1.36141,0.585938,0.001376,0.056992,0.336224,1.96897,507.879,15000,0,0
Suite_13,Deferred_Uber,0,164,1.35064,0.58101,0.000736,0.057344,0.333824,1.96008,510.184,15000,0,0
Suite_13,Deferred_Uber,0,165,1.35586,0.588285,0.0008,0.057216,0.344,1.94623,513.815,15000,0,0
Suite_13,Deferred_Uber,0,166,1.35036,0.593345,0.001152,0.056896,0.33872,1.95836,510.632,15000,0,0
Suite_13,Deferred_Uber,0,167,1.35214,0.646133,0,0.05664,0.338592,1.95781,510.774,15000,0,0
Suite_13,Deferred_Uber,0,168,1.34397,0.587708,0.001088,0.057344,0.335872,2.01135,497.179,15000,0,0
Suite_13,Deferred_Uber,0,169,1.34315,0.592507,0.001184,0.056576,0.356352,1.94588,513.906,15000,0,0
Suite_13,Deferred_Uber,0,170,1.34586,0.596339,0.000224,0.055872,0.341056,1.95108,512.538,15000,0,0
Suite_13,Deferred_Uber,0,171,1.3441,0.576443,0.000256,0.055872,0.33904,1.95629,511.171,15000,0,0
Suite_13,Deferred_Uber,0,172,1.34707,0.600982,0.000768,0.057344,0.3432,1.93373,517.135,15000,0,0
Suite_13,Deferred_Uber,0,173,1.3398,0.594482,0.001728,0.057248,0.333824,1.96517,508.861,15000,0,0
Suite_13,Deferred_Uber,0,174,1.34138,0.583366,0.001696,0.057184,0.337664,1.95671,511.061,15000,0,0
Suite_13,Deferred_Uber,0,175,1.33648,0.587831,0.003744,0.055936,0.356416,1.93762,516.096,15000,0,0
Suite_13,Deferred_Uber,0,176,1.33503,0.591984,0.0008,0.057152,0.337856,1.93694,516.279,15000,0,0
Suite_13,Deferred_Uber,0,177,1.33291,0.585424,0.001184,0.056864,0.336448,1.94233,514.846,15000,0,0
Suite_13,Deferred_Uber,0,178,1.32283,0.581877,9.6e-05,0.056032,0.341856,1.93226,517.53,15000,0,0
Suite_13,Deferred_Uber,0,179,1.32377,0.579135,0.001024,0.05568,0.338624,1.91725,521.58,15000,0,0
Suite_13,Deferred_Uber,0,180,1.32287,0.600227,0.001088,0.056672,0.336352,1.91514,522.156,15000,0,0
Suite_13,Deferred_Uber,0,181,1.3242,0.584951,0.00032,0.056128,0.335872,1.9385,515.861,15000,0,0
Suite_13,Deferred_Uber,0,182,1.31897,0.580121,0.001216,0.056352,0.334304,1.92329,519.942,15000,0,0
Suite_13,Deferred_Uber,0,183,1.31934,0.58649,0.000192,0.056736,0.346112,1.91202,523.008,15000,0,0
Suite_13,Deferred_Uber,0,184,1.31849,0.581025,0.001408,0.0568,0.338272,1.91964,520.93,15000,0,0
Suite_13,Deferred_Uber,0,185,1.31983,0.576194,0.000672,0.057344,0.342016,1.9145,522.33,15000,0,0
Suite_13,Deferred_Uber,0,186,1.31513,0.587555,0.000864,0.057472,0.348864,1.91062,523.391,15000,0,0
Suite_13,Deferred_Uber,0,187,1.31359,0.58353,0.00176,0.057344,0.3584,1.91524,522.129,15000,0,0
Suite_13,Deferred_Uber,0,188,1.31625,0.605668,0.001536,0.05696,0.334144,1.91081,523.337,15000,0,0
Suite_13,Deferred_Uber,0,189,1.30787,0.589368,0.000608,0.056256,0.335104,1.93955,515.582,15000,0,0
Suite_13,Deferred_Uber,0,190,1.30729,0.588879,0.000384,0.055936,0.342016,1.91165,523.11,15000,0,0
Suite_13,Deferred_Uber,0,191,1.30614,0.617793,0.0008,0.057184,0.335584,1.9092,523.78,15000,0,0
Suite_13,Deferred_Uber,0,192,1.30892,0.610234,0.001472,0.057088,0.334144,1.93843,515.88,15000,0,0
Suite_13,Deferred_Uber,0,193,1.3065,0.589926,0.000608,0.056192,0.34816,1.93652,516.391,15000,0,0
Suite_13,Deferred_Uber,0,194,1.3039,0.602841,0.001888,0.057344,0.333472,1.91069,523.371,15000,0,0
Suite_13,Deferred_Uber,0,195,1.30055,0.583797,0.000576,0.05616,0.343488,1.92082,520.612,15000,0,0
Suite_13,Deferred_Uber,0,196,1.29763,0.588603,0.000128,0.055712,0.341344,1.8975,527.008,15000,0,0
Suite_13,Deferred_Uber,0,197,1.29372,0.576762,0.000224,0.056608,0.341664,1.90065,526.135,15000,0,0
Suite_13,Deferred_Uber,0,198,1.29662,0.583197,0.000416,0.084096,0.354304,1.88397,530.795,15000,0,0
Suite_13,Deferred_Uber,0,199,1.29636,0.578063,0.000928,0.057344,0.333824,1.89407,527.963,15000,0,0
Suite_13,Deferred_Uber,0,200,1.29328,0.581926,0.001632,0.057344,0.33808,1.88785,529.703,15000,0,0
Suite_13,Deferred_Uber,0,201,1.28502,0.587486,0.000128,0.05568,0.33792,1.88982,529.151,15000,0,0
Suite_13,Deferred_Uber,0,202,1.28957,0.595935,0.000992,0.057248,0.339456,1.88626,530.149,15000,0,0
Suite_13,Deferred_Uber,0,203,1.28412,0.584336,0.001728,0.057344,0.337408,1.90481,524.988,15000,0,0
Suite_13,Deferred_Uber,0,204,1.28539,0.580127,0.00048,0.056,0.346112,1.8813,531.548,15000,0,0
Suite_13,Deferred_Uber,0,205,1.27901,0.585162,0.001024,0.05664,0.336576,1.88082,531.682,15000,0,0
Suite_13,Deferred_Uber,0,206,1.28506,0.612544,0.000448,0.055968,0.33792,1.87963,532.02,15000,0,0
Suite_13,Deferred_Uber,0,207,1.28529,0.579699,0.00192,0.057344,0.33792,1.91068,523.374,15000,0,0
Suite_13,Deferred_Uber,0,208,1.2776,0.583235,0.001056,0.057312,0.339392,1.87751,532.619,15000,0,0
Suite_13,Deferred_Uber,0,209,1.27536,0.589859,0.001824,0.057344,0.352896,1.8751,533.305,15000,0,0
Suite_13,Deferred_Uber,0,210,1.27612,0.585968,0.001952,0.057312,0.33728,1.88044,531.79,15000,0,0
Suite_13,Deferred_Uber,0,211,1.27264,0.587496,0.001888,0.057248,0.342176,1.87513,533.297,15000,0,0
Suite_13,Deferred_Uber,0,212,1.27187,0.590901,0.00144,0.056736,0.344992,1.87273,533.98,15000,0,0
Suite_13,Deferred_Uber,0,213,1.26627,0.582385,0.000416,0.057024,0.335872,1.8771,532.736,15000,0,0
Suite_13,Deferred_Uber,0,214,1.26226,0.586756,0.002048,0.056256,0.342048,1.86407,536.46,15000,0,0
Suite_13,Deferred_Uber,0,215,1.2702,0.576043,0.001696,0.057184,0.34976,1.8669,535.648,15000,0,0
Suite_13,Deferred_Uber,0,216,1.26033,0.588925,0.001728,0.057344,0.340544,1.85901,537.922,15000,0,0
Suite_13,Deferred_Uber,0,217,1.26407,0.597103,0.002048,0.056256,0.340032,1.8657,535.993,15000,0,0
Suite_13,Deferred_Uber,0,218,1.26388,0.584528,0.001184,0.056928,0.332416,1.87562,533.157,15000,0,0
Suite_13,Deferred_Uber,0,219,1.25238,0.581657,0.001536,0.057472,0.34768,1.86119,537.29,15000,0,0
Suite_13,Deferred_Uber,0,220,1.25525,0.589641,0.001344,0.05728,0.334432,1.84657,541.543,15000,0,0
Suite_13,Deferred_Uber,0,221,1.25284,0.579001,0.001376,0.057152,0.34064,1.86063,537.454,15000,0,0
Suite_13,Deferred_Uber,0,222,1.25926,0.591008,0.002048,0.057344,0.339872,1.84571,541.796,15000,0,0
Suite_13,Deferred_Uber,0,223,1.24696,0.578978,0.001728,0.056928,0.343488,1.86298,536.774,15000,0,0
Suite_13,Deferred_Uber,0,224,1.24938,0.597895,0.00176,0.057344,0.340192,1.83819,544.013,15000,0,0
Suite_13,Deferred_Uber,0,225,1.25213,0.606007,0.001312,0.056608,0.343296,1.86258,536.89,15000,0,0
Suite_13,Deferred_Uber,0,226,1.24992,0.585648,0.0008,0.05616,0.333664,1.87457,533.456,15000,0,0
Suite_13,Deferred_Uber,0,227,1.24136,0.584908,0.000608,0.055616,0.345824,1.84917,540.783,15000,0,0
Suite_13,Deferred_Uber,0,228,1.24796,0.604605,0.000608,0.055808,0.33792,1.8433,542.505,15000,0,0
Suite_13,Deferred_Uber,0,229,1.24948,0.592819,0.001568,0.055584,0.343904,1.86932,534.953,15000,0,0
Suite_13,Deferred_Uber,0,230,1.23784,0.581264,0.001824,0.057344,0.35472,1.8573,538.417,15000,0,0
Suite_13,Deferred_Uber,0,231,1.23741,0.590339,0.002048,0.05584,0.339168,1.83642,544.537,15000,0,0
Suite_13,Deferred_Uber,0,232,1.23743,0.587434,0.00144,0.057056,0.342016,1.84139,543.068,15000,0,0
Suite_13,Deferred_Uber,0,233,1.23362,0.591727,0.000928,0.056896,0.3328,1.83972,543.561,15000,0,0
Suite_13,Deferred_Uber,0,234,1.23096,0.576725,0.001888,0.057184,0.345536,1.83923,543.707,15000,0,0
Suite_13,Deferred_Uber,0,235,1.23564,0.583998,0.002048,0.056,0.333824,1.82008,549.426,15000,0,0
Suite_13,Deferred_Uber,0,236,1.23884,0.589385,0.001472,0.0568,0.346112,1.83319,545.497,15000,0,0
Suite_13,Deferred_Uber,0,237,1.22681,0.584744,0.001536,0.057248,0.33792,1.84898,540.838,15000,0,0
Suite_13,Deferred_Uber,0,238,1.23035,0.624876,0.00192,0.05728,0.339072,1.82555,547.781,15000,0,0
Suite_13,Deferred_Uber,0,239,1.23193,0.604379,0.001536,0.05584,0.36672,1.86904,535.035,15000,0,0
Suite_13,Deferred_Uber,0,240,1.22467,0.585204,0.0016,0.057344,0.343808,1.85066,540.349,15000,0,0
Suite_13,Deferred_Uber,0,241,1.22864,0.580575,0.00096,0.056608,0.337056,1.82513,547.906,15000,0,0
Suite_13,Deferred_Uber,0,242,1.22411,0.582336,0.001632,0.057056,0.339968,1.82313,548.506,15000,0,0
Suite_13,Deferred_Uber,0,243,1.22229,0.601,0.001664,0.057216,0.33344,1.81941,549.63,15000,0,0
Suite_13,Deferred_Uber,0,244,1.22044,0.587262,0.001024,0.055584,0.34144,1.83695,544.379,15000,0,0
Suite_13,Deferred_Uber,0,245,1.214,0.582458,0.001728,0.05712,0.331776,1.82215,548.803,15000,0,0
Suite_13,Deferred_Uber,0,246,1.21629,0.584583,0.002048,0.056,0.340672,1.81006,552.467,15000,0,0
Suite_13,Deferred_Uber,0,247,1.21875,0.580931,0.002048,0.055968,0.3384,1.81525,550.888,15000,0,0
Suite_13,Deferred_Uber,0,248,1.21242,0.597216,0.002048,0.056064,0.338304,1.81341,551.446,15000,0,0
Suite_13,Deferred_Uber,0,249,1.21151,0.584992,0.001984,0.057184,0.36864,1.82385,548.291,15000,0,0
Suite_13,Deferred_Uber,0,250,1.20662,0.592066,0.002048,0.05696,0.341696,1.81006,552.467,15000,0,0
Suite_13,Deferred_Uber,0,251,1.21369,0.579595,0.002048,0.056128,0.344864,1.81264,551.682,15000,0,0
Suite_13,Deferred_Uber,0,252,1.21052,0.610271,0.001952,0.057344,0.339328,1.80618,553.656,15000,0,0
Suite_13,Deferred_Uber,0,253,1.20856,0.576436,0.002112,0.05744,0.352064,1.83596,544.674,15000,0,0
Suite_13,Deferred_Uber,0,254,1.20206,0.609699,0.002048,0.057152,0.342016,1.79839,556.053,15000,0,0
Suite_13,Deferred_Uber,0,255,1.19994,0.583892,0.00208,0.056832,0.346336,1.82566,547.747,15000,0,0
Suite_13,Deferred_Uber,0,256,1.20066,0.578065,0.002048,0.056992,0.336,1.79695,556.499,15000,0,0
Suite_13,Deferred_Uber,0,257,1.19609,0.575739,0.002144,0.056288,0.344384,1.79762,556.29,15000,0,0
Suite_13,Deferred_Uber,0,258,1.20431,0.583583,0.002272,0.057344,0.366592,1.7854,560.098,15000,0,0
Suite_13,Deferred_Uber,0,259,1.19525,0.592734,0.002176,0.058752,0.346112,1.81023,552.417,15000,0,0
Suite_13,Deferred_Uber,0,260,1.19813,0.589073,0.002304,0.058048,0.346208,1.80156,555.075,15000,0,0
Suite_13,Deferred_Uber,0,261,1.19417,0.575883,0.002016,0.057312,0.34976,1.80161,555.058,15000,0,0
Suite_13,Deferred_Uber,0,262,1.1956,0.585604,0.002048,0.069632,0.370848,1.78398,560.546,15000,0,0
Suite_13,Deferred_Uber,0,263,1.19222,0.58346,0.002048,0.057696,0.345952,1.7954,556.978,15000,0,0
Suite_13,Deferred_Uber,0,264,1.18525,0.591389,0.002048,0.057568,0.332384,1.7891,558.941,15000,0,0
Suite_13,Deferred_Uber,0,265,1.19005,0.582608,0.003232,0.057472,0.344896,1.79106,558.327,15000,0,0
Suite_13,Deferred_Uber,0,266,1.18408,0.583782,0.003168,0.057344,0.342304,1.78599,559.914,15000,0,0
Suite_13,Deferred_Uber,0,267,1.18921,0.579445,0.002048,0.05728,0.342848,1.78218,561.109,15000,0,0
Suite_13,Deferred_Uber,0,268,1.18522,0.58548,0.003232,0.057344,0.343904,1.78156,561.305,15000,0,0
Suite_13,Deferred_Uber,0,269,1.18576,0.602857,0.003456,0.057376,0.346624,1.78578,559.979,15000,0,0
Suite_13,Deferred_Uber,0,270,1.18059,0.590337,0.002048,0.057344,0.335744,1.80413,554.283,15000,0,0
Suite_13,Deferred_Uber,0,271,1.18162,0.582597,0.003296,0.057344,0.344064,1.78474,560.306,15000,0,0
Suite_13,Deferred_Uber,0,272,1.18461,0.57607,0.003872,0.05856,0.344,1.78857,559.105,15000,0,0
Suite_13,Deferred_Uber,0,273,1.17704,0.585719,0.0024,0.057376,0.346112,1.77532,563.28,15000,0,0
Suite_13,Deferred_Uber,0,274,1.17871,0.586503,0.002048,0.057344,0.342816,1.77816,562.378,15000,0,0
Suite_13,Deferred_Uber,0,275,1.18139,0.587805,0.002112,0.057344,0.333824,1.77859,562.244,15000,0,0
Suite_13,Deferred_Uber,0,276,1.17664,0.576724,0.003168,0.057344,0.34208,1.78621,559.843,15000,0,0
Suite_13,Deferred_Uber,0,277,1.17766,0.605144,0.003808,0.057632,0.345664,1.76738,565.811,15000,0,0
Suite_13,Deferred_Uber,0,278,1.1756,0.59346,0.003168,0.057344,0.336896,1.80056,555.384,15000,0,0
Suite_13,Deferred_Uber,0,279,1.17218,0.868528,0.003072,0.057856,0.34368,1.78317,560.799,15000,0,0
Suite_13,Deferred_Uber,0,280,1.17438,0.607954,0.004256,0.059392,0.350688,2.05429,486.785,15000,0,0
Suite_13,Deferred_Uber,0,281,1.17252,0.598767,0.004096,0.057632,0.33792,1.79923,555.795,15000,0,0
Suite_13,Deferred_Uber,0,282,1.17628,0.610173,0.004096,0.057344,0.3424,1.78716,559.548,15000,0,0
Suite_13,Deferred_Uber,0,283,1.17462,0.587249,0.003552,0.059392,0.34448,1.80098,555.254,15000,0,0
Suite_13,Deferred_Uber,0,284,1.16878,0.586166,0.004352,0.059392,0.35072,1.77522,563.31,15000,0,0
Suite_13,Deferred_Uber,0,285,1.1689,0.602274,0.004096,0.057728,0.341472,1.77011,564.938,15000,0,0
Suite_13,Deferred_Uber,0,286,1.17273,0.584669,0.004096,0.058816,0.350528,1.7866,559.722,15000,0,0
Suite_13,Deferred_Uber,0,287,1.16519,0.590876,0.004096,0.05872,0.342016,1.77022,564.9,15000,0,0
Suite_13,Deferred_Uber,0,288,1.16434,0.583667,0.005472,0.060672,0.3488,1.77418,563.641,15000,0,0
Suite_13,Deferred_Uber,0,289,1.16276,0.59625,0.004096,0.057344,0.364384,1.76297,567.224,15000,0,0
Suite_13,Deferred_Uber,0,290,1.16455,0.607084,0.004096,0.058432,0.345504,1.77427,563.612,15000,0,0
Suite_13,Deferred_Uber,0,291,1.16311,0.581332,0.00416,0.059232,0.34816,1.7851,560.193,15000,0,0
Suite_13,Deferred_Uber,0,292,1.16208,0.585937,0.00576,0.059904,0.356704,1.75732,569.049,15000,0,0
Suite_13,Deferred_Uber,0,293,1.16272,0.59505,0.004096,0.058464,0.354016,1.76256,567.356,15000,0,0
Suite_13,Deferred_Uber,0,294,1.16037,0.587765,0.00416,0.0576,0.349472,1.7734,563.89,15000,0,0
Suite_13,Deferred_Uber,0,295,1.1595,0.647906,0.004576,0.059392,0.337184,1.76116,567.808,15000,0,0
Suite_13,Deferred_Uber,0,296,1.1614,0.593225,0.004128,0.059008,0.352,1.82057,549.278,15000,0,0
Suite_13,Deferred_Uber,0,297,1.15344,0.589133,0.004288,0.0584,0.344064,1.76884,565.342,15000,0,0
Suite_13,Deferred_Uber,0,298,1.15363,0.58563,0.004096,0.059392,0.34176,1.75728,569.06,15000,0,0
Suite_13,Deferred_Uber,0,299,1.15171,0.595149,0.004864,0.059328,0.346112,1.75226,570.692,15000,0,0
Suite_13,Deferred_Uber,0,300,1.15633,0.577267,0.004928,0.058816,0.347264,1.75968,568.285,15000,0,0
Suite_13,Deferred_Uber,0,301,1.15154,0.600904,0.004608,0.059296,0.344064,1.749,571.755,15000,0,0
Suite_13,Deferred_Uber,0,302,1.15084,0.589912,0.00592,0.058176,0.349664,1.76716,565.881,15000,0,0
Suite_13,Deferred_Uber,0,303,1.14826,0.576701,0.004448,0.059392,0.3472,1.75422,570.053,15000,0,0
Suite_13,Deferred_Uber,0,304,1.1533,0.57841,0.004608,0.061344,0.350016,1.73771,575.472,15000,0,0
Suite_13,Deferred_Uber,0,305,1.15246,0.586683,0.005056,0.059392,0.349888,1.74638,572.614,15000,0,0
Suite_13,Deferred_Uber,0,306,1.14867,0.593795,0.004864,0.06048,0.343424,1.75319,570.39,15000,0,0
Suite_13,Deferred_Uber,0,307,1.14894,0.578004,0.006144,0.059392,0.342016,1.75581,569.536,15000,0,0
Suite_13,Deferred_Uber,0,308,1.14913,0.58552,0.005984,0.059392,0.350208,1.73999,574.716,15000,0,0
Suite_13,Deferred_Uber,0,309,1.14878,0.588426,0.006112,0.061312,0.348032,1.74907,571.733,15000,0,0
Suite_13,Deferred_Uber,0,310,1.14563,0.592523,0.006144,0.059392,0.35488,1.75151,570.937,15000,0,0
Suite_13,Deferred_Uber,0,311,1.14287,0.583088,0.00736,0.059392,0.339968,1.75144,570.957,15000,0,0
Suite_13,Deferred_Uber,0,312,1.1474,0.580489,0.006464,0.059968,0.349984,1.73895,575.061,15000,0,0
Suite_13,Deferred_Uber,0,313,1.14391,0.587,0.006592,0.059776,0.34816,1.74252,573.883,15000,0,0
Suite_13,Deferred_Uber,0,314,1.14191,0.587641,0.006144,0.059392,0.355008,1.74524,572.989,15000,0,0
Suite_13,Deferred_Uber,0,315,1.16522,0.649183,0.007552,0.060704,0.346368,1.7431,573.69,15000,0,0
Suite_13,Deferred_Uber,0,316,1.15028,0.612596,0.007392,0.06144,0.351072,1.84,543.477,15000,0,0
Suite_13,Deferred_Uber,0,317,1.14187,0.594298,0.007328,0.060896,0.352064,1.7812,561.419,15000,0,0
Suite_13,Deferred_Uber,0,318,1.14198,0.587493,0.007488,0.060544,0.354944,1.75058,571.24,15000,0,0
Suite_13,Deferred_Uber,0,319,1.13757,0.575194,0.007456,0.061024,0.350208,1.74223,573.978,15000,0,0
Suite_13,Deferred_Uber,0,320,1.13679,0.581047,0.006656,0.061248,0.360448,1.72562,579.5,15000,0,0
Suite_13,Deferred_Uber,0,321,1.14355,0.59495,0.00816,0.059936,0.356736,1.73277,577.109,15000,0,0
Suite_13,Deferred_Uber,0,322,1.14064,0.585833,0.008192,0.059968,0.35072,1.75313,570.41,15000,0,0
Suite_13,Deferred_Uber,0,323,1.13837,0.575673,0.008192,0.060896,0.350336,1.73963,574.835,15000,0,0
Suite_13,Deferred_Uber,0,324,1.13905,0.580377,0.00928,0.061248,0.353984,1.72644,579.226,15000,0,0
Suite_13,Deferred_Uber,0,325,1.14333,0.592831,0.008352,0.06144,0.358208,1.7344,576.57,15000,0,0
Suite_13,Deferred_Uber,0,326,1.14009,0.585741,0.009216,0.061184,0.354848,1.75047,571.276,15000,0,0
Suite_13,Deferred_Uber,0,327,1.1361,0.585305,0.008416,0.061152,0.35328,1.73892,575.07,15000,0,0
Suite_13,Deferred_Uber,0,328,1.14141,0.581095,0.00848,0.061536,0.35632,1.73366,576.814,15000,0,0
Suite_13,Deferred_Uber,0,329,1.14109,0.584363,0.008928,0.061792,0.349504,1.73769,575.477,15000,0,0
Suite_13,Deferred_Uber,0,330,1.13582,0.593112,0.009824,0.062016,0.351712,1.73978,574.784,15000,0,0
Suite_13,Deferred_Uber,0,331,1.1326,0.574348,0.009088,0.061792,0.351552,1.74183,574.11,15000,0,0
Suite_13,Deferred_Uber,0,332,1.13725,0.604913,0.00992,0.0616,0.350976,1.71993,581.418,15000,0,0
Suite_13,Deferred_Uber,0,333,1.12784,0.586125,0.01024,0.0616,0.358752,1.75838,568.704,15000,0,0
Suite_13,Deferred_Uber,0,334,1.13424,0.591274,0.00976,0.062016,0.359008,1.72877,578.447,15000,0,0
Suite_13,Deferred_Uber,0,335,1.13735,0.575503,0.009952,0.06304,0.360096,1.73844,575.228,15000,0,0
Suite_13,Deferred_Uber,0,336,1.1381,0.587716,0.011296,0.062656,0.354496,1.72542,579.567,15000,0,0
Suite_13,Deferred_Uber,0,337,1.13685,0.606924,0.010304,0.063392,0.350208,1.74096,574.396,15000,0,0
Suite_13,Deferred_Uber,0,338,1.13023,0.606141,0.01024,0.062976,0.35856,1.76034,568.072,15000,0,0
Suite_13,Deferred_Uber,0,339,1.12746,0.575813,0.01056,0.061536,0.36016,1.75004,571.415,15000,0,0
Suite_13,Deferred_Uber,0,340,1.13361,0.588195,0.011808,0.062144,0.359776,1.71633,582.638,15000,0,0
Suite_13,Deferred_Uber,0,341,1.13462,0.590428,0.010816,0.063104,0.361792,1.73785,575.422,15000,0,0
Suite_13,Deferred_Uber,0,342,1.13996,0.59174,0.010464,0.063328,0.355936,1.73958,574.85,15000,0,0
Suite_13,Deferred_Uber,0,343,1.1372,0.575078,0.01104,0.063136,0.352256,1.74436,573.275,15000,0,0
Suite_13,Deferred_Uber,0,344,1.12959,0.592458,0.012288,0.063648,0.356672,1.72478,579.783,15000,0,0
Suite_13,Deferred_Uber,0,345,1.13339,0.587997,0.012096,0.063872,0.365024,1.74347,573.569,15000,0,0
Suite_13,Deferred_Uber,0,346,1.13841,0.578429,0.012288,0.06416,0.352192,1.73634,575.925,15000,0,0
Suite_13,Deferred_Uber,0,347,1.13754,0.574651,0.012192,0.06368,0.363552,1.73021,577.964,15000,0,0
Suite_13,Deferred_Uber,0,348,1.13803,0.595387,0.012384,0.063872,0.363808,1.72447,579.888,15000,0,0
Suite_13,Deferred_Uber,0,349,1.13137,0.585272,0.013312,0.063488,0.366656,1.75003,571.419,15000,0,0
Suite_13,Deferred_Uber,0,350,1.13734,0.588352,0.012288,0.064736,0.361312,1.73118,577.641,15000,0,0
Suite_13,Deferred_Uber,0,351,1.1307,0.578832,0.01248,0.064576,0.354688,1.73839,575.244,15000,0,0
Suite_13,Deferred_Uber,0,352,1.13622,0.58451,0.012288,0.064736,0.366368,1.72247,580.562,15000,0,0
Suite_13,Deferred_Uber,0,353,1.13532,0.595372,0.01424,0.064064,0.358656,1.73595,576.052,15000,0,0
Suite_13,Deferred_Uber,0,354,1.13686,0.580337,0.013568,0.065536,0.366592,1.74481,573.13,15000,0,0
Suite_13,Deferred_Uber,0,355,1.13689,0.577101,0.013056,0.065152,0.366592,1.72991,578.066,15000,0,0
Suite_13,Deferred_Uber,0,356,1.13093,0.583553,0.014336,0.065664,0.36896,1.72648,579.214,15000,0,0
Suite_13,Deferred_Uber,0,357,1.13923,0.578906,0.014336,0.065728,0.363264,1.73025,577.951,15000,0,0
Suite_13,Deferred_Uber,0,358,1.14084,0.592764,0.015424,0.065536,0.370272,1.7326,577.167,15000,0,0
Suite_13,Deferred_Uber,0,359,1.13997,0.580094,0.014336,0.065536,0.363328,1.74642,572.6,15000,0,0
Suite_13,Deferred_Uber,0,360,1.13789,0.585983,0.014912,0.065952,0.372096,1.7326,577.166,15000,0,0
Suite_13,Deferred_Uber,0,361,1.13774,0.582193,0.014592,0.065632,0.369664,1.73959,574.847,15000,0,0
Suite_13,Deferred_Uber,0,362,1.12924,0.58181,0.016128,0.066272,0.37072,1.73397,576.711,15000,0,0
Suite_13,Deferred_Uber,0,363,1.13811,0.586126,0.016352,0.066208,0.370976,1.72364,580.166,15000,0,0
Suite_13,Deferred_Uber,0,364,1.13466,0.586385,0.016384,0.06608,0.367136,1.73668,575.812,15000,0,0
Suite_13,Deferred_Uber,0,365,1.13698,0.580401,0.016384,0.06576,0.368672,1.73668,575.81,15000,0,0
Suite_13,Deferred_Uber,0,366,1.13608,0.583538,0.016384,0.065792,0.364,1.73115,577.652,15000,0,0
Suite_13,Deferred_Uber,0,367,1.14036,0.57952,0.016384,0.065632,0.361152,1.73266,577.147,15000,0,0
Suite_13,Deferred_Uber,0,368,1.12865,0.598001,0.016384,0.066912,0.363296,1.7326,577.168,15000,0,0
Suite_13,Deferred_Uber,0,369,1.12919,0.584581,0.016384,0.067232,0.374784,1.74211,574.016,15000,0,0
Suite_13,Deferred_Uber,0,370,1.14133,0.590587,0.017376,0.06768,0.376832,1.72767,578.816,15000,0,0
Suite_13,Deferred_Uber,0,371,1.13146,0.579884,0.016832,0.067392,0.366592,1.74466,573.179,15000,0,0
Suite_13,Deferred_Uber,0,372,1.13519,0.579132,0.018432,0.067392,0.370432,1.72358,580.189,15000,0,0
Suite_13,Deferred_Uber,0,373,1.13994,0.581972,0.018432,0.067584,0.372384,1.7347,576.467,15000,0,0
Suite_13,Deferred_Uber,0,374,1.13814,0.618676,0.017344,0.067584,0.376832,1.73582,576.098,15000,0,0
Suite_13,Deferred_Uber,0,375,1.13164,0.581583,0.018432,0.067584,0.374432,1.76973,565.059,15000,0,0
Suite_13,Deferred_Uber,0,376,1.13163,0.580302,0.018464,0.067584,0.375072,1.72611,579.337,15000,0,0
Suite_13,Deferred_Uber,0,377,1.13682,0.582035,0.020128,0.068224,0.377952,1.72733,578.927,15000,0,0
Suite_13,Deferred_Uber,0,378,1.13735,0.585386,0.019072,0.068128,0.374784,1.73279,577.105,15000,0,0
Suite_13,Deferred_Uber,0,379,1.12923,0.589885,0.018912,0.06896,0.368352,1.73569,576.138,15000,0,0
Suite_13,Deferred_Uber,0,380,1.13495,0.580929,0.02048,0.068064,0.36688,1.73151,577.531,15000,0,0
Suite_13,Deferred_Uber,0,381,1.14163,0.582013,0.02048,0.069312,0.372992,1.73169,577.469,15000,0,0
Suite_13,Deferred_Uber,0,382,1.13552,0.58411,0.02048,0.069248,0.38288,1.7376,575.506,15000,0,0
Suite_13,Deferred_Uber,0,383,1.13749,0.582222,0.02048,0.069408,0.378336,1.7327,577.133,15000,0,0
Suite_13,Deferred_Uber,0,384,1.13599,0.596621,0.020704,0.067968,0.378336,1.73273,577.123,15000,0,0
Suite_13,Deferred_Uber,0,385,1.13525,0.595066,0.020928,0.069728,0.37888,1.7481,572.049,15000,0,0
Suite_13,Deferred_Uber,0,386,1.13726,0.593804,0.022016,0.069632,0.377216,1.74512,573.027,15000,0,0
Suite_13,Deferred_Uber,0,387,1.13221,0.584564,0.021024,0.068896,0.380256,1.7451,573.031,15000,0,0
Suite_13,Deferred_Uber,0,388,1.13289,0.583016,0.021056,0.069632,0.374784,1.72988,578.075,15000,0,0
Suite_13,Deferred_Uber,0,389,1.13854,0.598701,0.022496,0.069536,0.379776,1.73134,577.588,15000,0,0
Suite_13,Deferred_Uber,0,390,1.13572,0.591543,0.02144,0.071072,0.379968,1.75227,570.689,15000,0,0
Suite_13,Deferred_Uber,0,391,1.1366,0.574307,0.02368,0.069632,0.380928,1.74001,574.709,15000,0,0
Suite_13,Deferred_Uber,0,392,1.13535,0.584266,0.022944,0.069856,0.37888,1.72301,580.378,15000,0,0
Suite_13,Deferred_Uber,0,393,1.13562,0.586129,0.023872,0.071136,0.371232,1.73545,576.22,15000,0,0
Suite_13,Deferred_Uber,0,394,1.13722,0.583974,0.022528,0.071328,0.383808,1.73572,576.13,15000,0,0
Suite_13,Deferred_Uber,0,395,1.13492,0.597484,0.022752,0.071136,0.386112,1.73437,576.578,15000,0,0
Suite_13,Deferred_Uber,0,396,1.14254,0.604787,0.024576,0.07136,0.382656,1.74606,572.717,15000,0,0
Suite_13,Deferred_Uber,0,397,1.13886,0.589348,0.02432,0.070592,0.387072,1.76545,566.427,15000,0,0
Suite_13,Deferred_Uber,0,398,1.13161,0.587911,0.02432,0.07168,0.390144,1.74253,573.88,15000,0,0
Suite_13,Deferred_Uber,0,399,1.13098,0.576572,0.024832,0.07168,0.382624,1.73326,576.949,15000,0,0
Suite_13,Deferred_Uber,0,400,1.1385,0.593472,0.025696,0.07168,0.381248,1.72026,581.308,15000,0,0
Suite_13,Deferred_Uber,0,401,1.13599,0.586962,0.025824,0.07168,0.38464,1.74736,572.293,15000,0,0
Suite_13,Deferred_Uber,0,402,1.13459,0.586125,0.025344,0.071968,0.39088,1.74257,573.866,15000,0,0
Suite_13,Deferred_Uber,0,403,1.13821,0.573387,0.026624,0.071904,0.381152,1.73351,576.863,15000,0,0
Suite_13,Deferred_Uber,0,404,1.13539,0.58922,0.026368,0.072672,0.393216,1.72391,580.076,15000,0,0
Suite_13,Deferred_Uber,0,405,1.13442,0.592026,0.026624,0.072224,0.387552,1.73935,574.927,15000,0,0
Suite_13,Deferred_Uber,0,406,1.13832,0.583796,0.026624,0.072704,0.384896,1.74056,574.527,15000,0,0
Suite_13,Deferred_Uber,0,407,1.12854,0.573702,0.027296,0.072288,0.390272,1.73469,576.472,15000,0,0
Suite_13,Deferred_Uber,0,408,1.13463,0.587003,0.026848,0.071776,0.386784,1.71458,583.232,15000,0,0
Suite_13,Deferred_Uber,0,409,1.13375,0.585706,0.026752,0.073568,0.38912,1.73699,575.709,15000,0,0
Suite_13,Deferred_Uber,0,410,1.13903,0.594654,0.026784,0.074816,0.39056,1.73402,576.696,15000,0,0
Suite_13,Deferred_Uber,0,411,1.13393,0.573622,0.028672,0.073568,0.38464,1.74703,572.4,15000,0,0
Suite_13,Deferred_Uber,0,412,1.12934,0.587938,0.027616,0.073856,0.39136,1.72418,579.985,15000,0,0
Suite_13,Deferred_Uber,0,413,1.13278,0.584702,0.028768,0.074208,0.388352,1.7332,576.969,15000,0,0
Suite_13,Deferred_Uber,0,414,1.13614,0.579205,0.028672,0.074016,0.393184,1.73117,577.645,15000,0,0
Suite_13,Deferred_Uber,0,415,1.14223,0.571677,0.028864,0.0736,0.395264,1.72862,578.497,15000,0,0
Suite_13,Deferred_Uber,0,416,1.13396,0.597069,0.029248,0.07408,0.397248,1.72663,579.163,15000,0,0
Suite_13,Deferred_Uber,0,417,1.14017,0.582664,0.03072,0.074048,0.38976,1.74663,572.53,15000,0,0
Suite_13,Deferred_Uber,0,418,1.13447,0.578861,0.0304,0.074688,0.399712,1.73694,575.725,15000,0,0
Suite_13,Deferred_Uber,0,419,1.13328,0.578872,0.03072,0.074208,0.395552,1.72608,579.348,15000,0,0
Suite_13,Deferred_Uber,0,420,1.13421,0.586737,0.030272,0.0744,0.397312,1.72448,579.886,15000,0,0
Suite_13,Deferred_Uber,0,421,1.1384,0.596141,0.03072,0.074368,0.400352,1.73696,575.718,15000,0,0
Suite_13,Deferred_Uber,0,422,1.13476,0.585477,0.03072,0.076128,0.401408,1.74837,571.962,15000,0,0
Suite_13,Deferred_Uber,0,423,1.13645,0.587654,0.032064,0.075776,0.395264,1.73285,577.083,15000,0,0
Suite_13,Deferred_Uber,0,424,1.13124,0.588513,0.0312,0.075488,0.403456,1.73631,575.934,15000,0,0
Suite_13,Deferred_Uber,0,425,1.13651,0.580135,0.03072,0.075552,0.3968,1.73533,576.26,15000,0,0
Suite_13,Deferred_Uber,0,426,1.13479,0.589415,0.030848,0.076896,0.40256,1.73108,577.675,15000,0,0
Suite_13,Deferred_Uber,0,427,1.13295,0.579161,0.031744,0.075776,0.401408,1.73661,575.834,15000,0,0
Suite_13,Deferred_Uber,0,428,1.13537,0.586484,0.03248,0.0768,0.40272,1.72465,579.827,15000,0,0
Suite_13,Deferred_Uber,0,429,1.13655,0.579367,0.032768,0.076416,0.402336,1.7381,575.34,15000,0,0
Suite_13,Deferred_Uber,0,430,1.14239,0.580171,0.032864,0.076896,0.408032,1.73539,576.238,15000,0,0
Suite_13,Deferred_Uber,0,431,1.13686,0.594293,0.034112,0.076864,0.399168,1.73534,576.257,15000,0,0
Suite_13,Deferred_Uber,0,432,1.13708,0.589979,0.033536,0.076768,0.407712,1.74387,573.438,15000,0,0
Suite_13,Deferred_Uber,0,433,1.13734,0.578371,0.033024,0.077216,0.397312,1.74185,574.103,15000,0,0
Suite_13,Deferred_Uber,0,434,1.13775,0.580823,0.033952,0.077824,0.40656,1.72997,578.046,15000,0,0
Suite_13,Deferred_Uber,0,435,1.13563,0.580325,0.033536,0.076992,0.395264,1.73143,577.558,15000,0,0
Suite_13,Deferred_Uber,0,436,1.13859,0.596664,0.034816,0.076256,0.405792,1.72831,578.599,15000,0,0
Suite_13,Deferred_Uber,0,437,1.13572,0.588732,0.034496,0.077824,0.406848,1.75036,571.309,15000,0,0
Suite_13,Deferred_Uber,0,438,1.13929,0.584518,0.034688,0.079872,0.40944,1.73833,575.266,15000,0,0
Suite_13,Deferred_Uber,0,439,1.13133,0.581081,0.035104,0.077824,0.405504,1.73637,575.913,15000,0,0
Suite_13,Deferred_Uber,0,440,1.13368,0.595523,0.03536,0.078368,0.401408,1.72493,579.734,15000,0,0
Suite_13,Deferred_Uber,0,441,1.13719,0.584156,0.03488,0.077824,0.40288,1.74561,572.867,15000,0,0
Suite_13,Deferred_Uber,0,442,1.13965,0.595798,0.036,0.077824,0.4104,1.73597,576.047,15000,0,0
Suite_13,Deferred_Uber,0,443,1.13897,0.58161,0.035392,0.078848,0.407552,1.74804,572.07,15000,0,0
Suite_13,Deferred_Uber,0,444,1.13292,0.582393,0.035264,0.079872,0.411648,1.73322,576.96,15000,0,0
Suite_13,Deferred_Uber,0,445,1.14,0.582097,0.036864,0.078112,0.40384,1.73068,577.808,15000,0,0
Suite_13,Deferred_Uber,0,446,1.13719,0.58453,0.036864,0.0784,0.414336,1.73595,576.054,15000,0,0
Suite_13,Deferred_Uber,0,447,1.13279,0.58997,0.036864,0.077824,0.409696,1.73491,576.398,15000,0,0
Suite_13,Deferred_Uber,0,448,1.13358,0.580467,0.03696,0.079552,0.408608,1.73534,576.255,15000,0,0
Suite_13,Deferred_Uber,0,449,1.13984,0.584166,0.03728,0.079168,0.413792,1.75556,569.619,15000,0,0
Suite_13,Deferred_Uber,0,450,1.13467,0.590516,0.038336,0.079872,0.413824,1.73816,575.322,15000,0,0
Suite_13,Deferred_Uber,0,451,1.13111,0.591072,0.03824,0.079872,0.412992,1.73835,575.258,15000,0,0
Suite_13,Deferred_Uber,0,452,1.13788,0.595892,0.037472,0.07808,0.412832,1.73494,576.389,15000,0,0
Suite_13,Deferred_Uber,0,453,1.14054,0.603146,0.038176,0.079872,0.408416,1.74985,571.479,15000,0,0
Suite_13,Deferred_Uber,0,454,1.14076,0.601965,0.038656,0.08,0.412128,1.75941,568.373,15000,0,0
Suite_13,Deferred_Uber,0,455,1.13364,0.58382,0.038912,0.079264,0.412928,1.76349,567.057,15000,0,0
Suite_13,Deferred_Uber,0,456,1.13315,0.585894,0.038752,0.080288,0.4096,1.73038,577.907,15000,0,0
Suite_13,Deferred_Uber,0,457,1.14387,0.583312,0.038816,0.08096,0.417792,1.73512,576.33,15000,0,0
Suite_13,Deferred_Uber,0,458,1.13368,0.623747,0.039104,0.080544,0.413696,1.74109,574.352,15000,0,0
Suite_13,Deferred_Uber,0,459,1.1322,0.582209,0.03936,0.080736,0.419488,1.77408,563.672,15000,0,0
Suite_13,Deferred_Uber,0,460,1.13771,0.589203,0.038912,0.079872,0.413408,1.72714,578.993,15000,0,0
Suite_13,Deferred_Uber,0,461,1.1401,0.584251,0.040096,0.079872,0.411744,1.74329,573.629,15000,0,0
Suite_13,Deferred_Uber,0,462,1.1402,0.592821,0.039264,0.079968,0.415456,1.73862,575.168,15000,0,0
Suite_13,Deferred_Uber,0,463,1.13014,0.582602,0.039744,0.079776,0.414912,1.74576,572.817,15000,0,0
Suite_13,Deferred_Uber,0,464,1.12943,0.58483,0.039616,0.079872,0.41984,1.72584,579.427,15000,0,0
Suite_13,Deferred_Uber,0,465,1.13956,0.583204,0.040672,0.081792,0.42288,1.73006,578.016,15000,0,0
Suite_13,Deferred_Uber,0,466,1.12994,0.584459,0.040896,0.082112,0.422464,1.73735,575.589,15000,0,0
Suite_13,Deferred_Uber,0,467,1.13448,0.573082,0.04096,0.081088,0.4096,1.72743,578.896,15000,0,0
Suite_13,Deferred_Uber,0,468,1.13061,0.59128,0.04096,0.08192,0.41808,1.72411,580.01,15000,0,0
Suite_13,Deferred_Uber,0,469,1.13603,0.584652,0.041152,0.0816,0.411648,1.73708,575.678,15000,0,0
Suite_13,Deferred_Uber,0,470,1.13522,0.585376,0.041344,0.082336,0.41984,1.73479,576.439,15000,0,0
Suite_13,Deferred_Uber,0,471,1.13612,0.580302,0.042528,0.081408,0.410688,1.73347,576.879,15000,0,0
Suite_13,Deferred_Uber,0,472,1.13946,0.582991,0.04096,0.08192,0.417344,1.72922,578.296,15000,0,0
Suite_13,Deferred_Uber,0,473,1.13166,0.592655,0.041728,0.081408,0.411648,1.73788,575.414,15000,0,0
Suite_13,Deferred_Uber,0,474,1.13322,0.584106,0.042112,0.08192,0.41664,1.73801,575.372,15000,0,0
Suite_13,Deferred_Uber,0,475,1.13494,0.572537,0.041664,0.081632,0.423424,1.73016,577.981,15000,0,0
Suite_13,Deferred_Uber,0,476,1.13831,0.583685,0.043008,0.082304,0.414208,1.71991,581.425,15000,0,0
Suite_13,Deferred_Uber,0,477,1.13369,0.58551,0.041888,0.08192,0.417792,1.73905,575.026,15000,0,0
Suite_13,Deferred_Uber,0,478,1.13833,0.591928,0.043008,0.083232,0.423968,1.73296,577.047,15000,0,0
Suite_13,Deferred_Uber,0,479,1.13505,0.573912,0.043008,0.081696,0.424576,1.74267,573.832,15000,0,0
Suite_13,Deferred_Uber,0,480,1.1288,0.587511,0.043008,0.082976,0.414048,1.72116,581.002,15000,0,0
Suite_13,Deferred_Uber,0,481,1.13664,0.584275,0.043328,0.083616,0.42176,1.73883,575.1,15000,0,0
Suite_13,Deferred_Uber,0,482,1.12982,0.57855,0.043008,0.08368,0.432128,1.73425,576.617,15000,0,0
Suite_13,Deferred_Uber,0,483,1.13545,0.582994,0.043584,0.081728,0.421888,1.72549,579.545,15000,0,0
Suite_13,Deferred_Uber,0,484,1.1349,0.589639,0.044224,0.083488,0.421984,1.73097,577.709,15000,0,0
Suite_13,Deferred_Uber,0,485,1.13987,0.586008,0.043776,0.08224,0.421184,1.74065,574.498,15000,0,0
Suite_13,Deferred_Uber,0,486,1.13721,0.584113,0.044256,0.083968,0.426208,1.7398,574.778,15000,0,0
Suite_13,Deferred_Uber,0,487,1.13407,0.576452,0.044448,0.083648,0.426752,1.73904,575.03,15000,0,0
Suite_13,Deferred_Uber,0,488,1.14424,0.674964,0.044896,0.082784,0.419648,1.72285,580.434,15000,0,0
Suite_13,Deferred_Uber,0,489,1.14997,0.646101,0.044768,0.084992,0.425984,1.84295,542.607,15000,0,0
Suite_13,Deferred_Uber,0,490,1.13458,1.07354,0.045056,0.083968,0.423936,1.81533,550.863,15000,0,0
Suite_13,Deferred_Uber,0,491,1.13794,0.590695,0.045056,0.083328,0.43024,2.22196,450.054,15000,0,0
Suite_13,Deferred_Uber,0,492,1.13749,0.595772,0.046144,0.083968,0.425984,1.74869,571.857,15000,0,0
Suite_13,Deferred_Uber,0,493,1.1331,0.581246,0.045152,0.082944,0.432096,1.75013,571.386,15000,0,0
Suite_13,Deferred_Uber,0,494,1.13128,0.720916,0.045344,0.084448,0.434176,1.72806,578.684,15000,0,0
Suite_13,Deferred_Uber,0,495,1.12545,0.587562,0.045056,0.083488,0.429856,2.01739,495.689,15000,0,0
Suite_13,Deferred_Uber,0,496,1.13465,0.595548,0.046752,0.082912,0.452416,1.72566,579.489,15000,0,0
Suite_13,Deferred_Uber,0,497,1.13931,0.58919,0.046432,0.083968,0.430432,1.74595,572.755,15000,0,0
Suite_13,Deferred_Uber,0,498,1.13728,0.867146,0.045248,0.083872,0.422464,1.74363,573.516,15000,0,0
Suite_13,Deferred_Uber,0,499,1.13143,0.588044,0.046048,0.08384,0.423904,2.01773,495.606,15000,0,0
Suite_13,Deferred_Uber,0,500,1.13819,0.592505,0.045952,0.08816,0.446464,1.73193,577.391,15000,0,0
Suite_13,Deferred_Uber,0,501,1.13291,0.585878,0.045536,0.083968,0.429696,1.74669,572.51,15000,0,0
Suite_13,Deferred_Uber,0,502,1.1324,0.889722,0.04672,0.085024,0.423936,1.73367,576.812,15000,0,0
Suite_13,Deferred_Uber,0,503,1.13521,0.580642,0.04656,0.083968,0.43008,2.03498,491.404,15000,0,0
Suite_13,Deferred_Uber,0,504,1.13076,0.595589,0.046752,0.084416,0.431424,1.72881,578.432,15000,0,0
Suite_13,Deferred_Uber,0,505,1.13137,0.585718,0.046912,0.084928,0.435104,1.74179,574.121,15000,0,0
Suite_13,Deferred_Uber,0,506,1.13564,0.617024,0.047168,0.08416,0.42976,1.73167,577.477,15000,0,0
Suite_13,Deferred_Uber,0,507,1.13258,0.585102,0.047072,0.084512,0.43008,1.7653,566.476,15000,0,0
Suite_13,Deferred_Uber,0,508,1.13681,0.583749,0.047104,0.083968,0.428416,1.73108,577.674,15000,0,0
Suite_13,Deferred_Uber,0,509,1.13758,0.584308,0.047296,0.085728,0.436224,1.73635,575.919,15000,0,0
Suite_13,Deferred_Uber,0,510,1.13017,0.605463,0.047104,0.083968,0.426656,1.73542,576.23,15000,0,0
Suite_13,Deferred_Uber,0,511,1.14172,0.591002,0.047104,0.085888,0.434464,1.75008,571.403,15000,0,0
Suite_13,Deferred_Uber,0,512,1.13211,0.600613,0.04848,0.085952,0.43456,1.74737,572.287,15000,0,0
Suite_13,Deferred_Uber,0,513,1.13858,0.585781,0.048576,0.086016,0.428384,1.75322,570.38,15000,0,0
Suite_13,Deferred_Uber,0,514,1.13619,0.589178,0.048672,0.085856,0.429632,1.73833,575.265,15000,0,0
Suite_13,Deferred_Uber,0,515,1.13396,0.588738,0.047904,0.085376,0.433216,1.74184,574.106,15000,0,0
Suite_13,Deferred_Uber,0,516,1.1374,0.583984,0.048672,0.086944,0.426688,1.73651,575.868,15000,0,0
Suite_13,Deferred_Uber,0,517,1.13859,0.584324,0.047808,0.085984,0.431264,1.73671,575.802,15000,0,0
Suite_13,Deferred_Uber,0,518,1.13632,0.581834,0.049152,0.084608,0.423936,1.73712,575.666,15000,0,0
Suite_13,Deferred_Uber,0,519,1.13455,0.5783,0.048736,0.087296,0.424768,1.73114,577.656,15000,0,0
Suite_13,Deferred_Uber,0,520,1.13437,0.595032,0.048608,0.086016,0.426912,1.72668,579.146,15000,0,0
Suite_13,Deferred_Uber,0,521,1.13988,0.580616,0.049152,0.08624,0.440672,1.74428,573.303,15000,0,0
Suite_13,Deferred_Uber,0,522,1.13626,0.580913,0.049152,0.085344,0.43648,1.73424,576.62,15000,0,0
Suite_13,Deferred_Uber,0,523,1.13197,0.578128,0.049152,0.086016,0.434272,1.73042,577.894,15000,0,0
Suite_13,Deferred_Uber,0,524,1.13574,0.593157,0.049152,0.085952,0.438368,1.72367,580.157,15000,0,0
Suite_13,Deferred_Uber,0,525,1.13788,0.59265,0.049216,0.08688,0.433568,1.74505,573.05,15000,0,0
Suite_13,Deferred_Uber,0,526,1.13708,0.581736,0.049152,0.086112,0.430336,1.74504,573.053,15000,0,0
Suite_13,Deferred_Uber,0,527,1.13526,0.580623,0.049536,0.086464,0.432128,1.73539,576.238,15000,0,0
Suite_13,Deferred_Uber,0,528,1.13929,0.586862,0.050592,0.086016,0.438336,1.72946,578.215,15000,0,0
Suite_13,Deferred_Uber,0,529,1.1355,0.583155,0.049248,0.086144,0.438272,1.74139,574.254,15000,0,0
Suite_13,Deferred_Uber,0,530,1.13536,0.586712,0.050336,0.086016,0.437728,1.7331,577.002,15000,0,0
Suite_13,Deferred_Uber,0,531,1.14006,0.588984,0.050432,0.086016,0.43056,1.73494,576.388,15000,0,0
Suite_13,Deferred_Uber,0,532,1.13926,0.586584,0.050048,0.086656,0.432128,1.74231,573.951,15000,0,0
Suite_13,Deferred_Uber,0,533,1.13555,0.583507,0.050304,0.087776,0.432768,1.74088,574.422,15000,0,0
Suite_13,Deferred_Uber,0,534,1.13639,0.578709,0.050976,0.08592,0.427552,1.73364,576.82,15000,0,0
Suite_13,Deferred_Uber,0,535,1.13556,0.581778,0.051168,0.08624,0.436768,1.72765,578.82,15000,0,0
Suite_13,Deferred_Uber,0,536,1.13424,0.600348,0.049408,0.087136,0.43008,1.73117,577.643,15000,0,0
Suite_13,Deferred_Uber,0,537,1.13742,0.588745,0.0512,0.087392,0.43216,1.74996,571.443,15000,0,0
Suite_13,Deferred_Uber,0,538,1.13194,0.583626,0.0512,0.085952,0.434528,1.74099,574.386,15000,0,0
Suite_13,Deferred_Uber,0,539,1.13746,0.584256,0.04992,0.087104,0.444,1.72852,578.529,15000,0,0
Suite_13,Deferred_Uber,0,540,1.134,0.588718,0.050912,0.08656,0.438848,1.73535,576.253,15000,0,0
Suite_13,Deferred_Uber,0,541,1.13648,0.614171,0.050912,0.088064,0.433376,1.73874,575.129,15000,0,0
Suite_13,Deferred_Uber,0,542,1.12978,0.579053,0.051104,0.086016,0.438272,1.7652,566.509,15000,0,0
Suite_13,Deferred_Uber,0,543,1.13588,0.587994,0.051232,0.087904,0.435488,1.72167,580.833,15000,0,0
Suite_13,Deferred_Uber,0,544,1.13477,0.590817,0.051136,0.088064,0.438272,1.74238,573.928,15000,0,0
Suite_13,Deferred_Uber,0,545,1.13373,0.584946,0.0512,0.087776,0.432608,1.74723,572.335,15000,0,0
Suite_13,Deferred_Uber,0,546,1.12864,0.586077,0.0512,0.087168,0.438496,1.73263,577.156,15000,0,0
Suite_13,Deferred_Uber,0,547,1.1382,0.589402,0.05152,0.088064,0.439808,1.72792,578.732,15000,0,0
Suite_13,Deferred_Uber,0,548,1.13857,0.5914,0.051584,0.088768,0.438272,1.74148,574.223,15000,0,0
Suite_13,Deferred_Uber,0,549,1.1379,0.581598,0.0512,0.088064,0.445056,1.74477,573.14,15000,0,0
Suite_13,Deferred_Uber,0,550,1.14045,0.583695,0.0512,0.087424,0.440128,1.73472,576.463,15000,0,0
Suite_13,Deferred_Uber,0,551,1.1368,0.602029,0.051808,0.086496,0.445568,1.73783,575.43,15000,0,0
Suite_13,Deferred_Uber,0,552,1.13122,0.596899,0.052064,0.08768,0.435264,1.75189,570.811,15000,0,0
Suite_13,Deferred_Uber,0,553,1.13195,0.581286,0.051968,0.088384,0.43376,1.74291,573.753,15000,0,0
Suite_13,Deferred_Uber,0,554,1.13691,0.576268,0.052128,0.086624,0.436224,1.72697,579.048,15000,0,0
Suite_13,Deferred_Uber,0,555,1.13265,0.588323,0.05232,0.088064,0.43872,1.72633,579.264,15000,0,0
Suite_13,Deferred_Uber,0,556,1.13575,0.587914,0.052864,0.088512,0.430464,1.73488,576.41,15000,0,0
Suite_13,Deferred_Uber,0,557,1.13497,0.589945,0.05184,0.088064,0.434176,1.73938,574.917,15000,0,0
Suite_13,Deferred_Uber,0,558,1.13448,0.576285,0.052992,0.08704,0.444608,1.73877,575.118,15000,0,0
Suite_13,Deferred_Uber,0,559,1.13214,0.585461,0.052064,0.088064,0.44,1.72364,580.167,15000,0,0
Suite_13,Deferred_Uber,0,560,1.13896,0.587173,0.05184,0.088064,0.447616,1.73088,577.742,15000,0,0
Suite_13,Deferred_Uber,0,561,1.12806,0.57842,0.053248,0.0896,0.442528,1.74079,574.453,15000,0,0
Suite_13,Deferred_Uber,0,562,1.12955,0.588898,0.0528,0.086944,0.441344,1.72071,581.156,15000,0,0
Suite_13,Deferred_Uber,0,563,1.13423,0.587661,0.05296,0.08832,0.447552,1.73111,577.663,15000,0,0
Suite_13,Deferred_Uber,0,564,1.13875,0.590702,0.053344,0.088064,0.434176,1.73516,576.317,15000,0,0
Suite_13,Deferred_Uber,0,565,1.13602,0.580395,0.052928,0.089216,0.437984,1.749,571.756,15000,0,0
Suite_13,Deferred_Uber,0,566,1.13792,0.584961,0.053184,0.089248,0.446368,1.73016,577.982,15000,0,0
Suite_13,Deferred_Uber,0,567,1.13666,0.594087,0.053216,0.088064,0.439904,1.73647,575.88,15000,0,0
Suite_13,Deferred_Uber,0,568,1.14335,0.609802,0.053248,0.088384,0.446432,1.74459,573.2,15000,0,0
Suite_13,Deferred_Uber,0,569,1.14684,0.583212,0.05328,0.08864,0.444416,1.77053,564.803,15000,0,0
Suite_13,Deferred_Uber,0,570,1.13478,0.581891,0.053568,0.087008,0.441376,1.74428,573.302,15000,0,0
Suite_13,Deferred_Uber,0,571,1.13424,0.587622,0.053248,0.088384,0.4464,1.72966,578.148,15000,0,0
Suite_13,Deferred_Uber,0,572,1.13787,0.597402,0.053344,0.088928,0.437792,1.74214,574.006,15000,0,0
Suite_13,Deferred_Uber,0,573,1.14268,0.579913,0.053248,0.089536,0.442976,1.75067,571.209,15000,0,0
Suite_13,Deferred_Uber,0,574,1.13881,0.581457,0.054304,0.089184,0.4408,1.73667,575.814,15000,0,0
Suite_13,Deferred_Uber,0,575,1.13548,0.58942,0.053824,0.0888,0.439552,1.733,577.032,15000,0,0
Suite_13,Deferred_Uber,0,576,1.1383,0.580633,0.054688,0.089504,0.442624,1.738,575.375,15000,0,0
Suite_13,Deferred_Uber,0,577,1.15004,0.611393,0.061376,0.088576,0.446464,1.74168,574.16,15000,128,0.000163202
Suite_13,Deferred_Uber,0,578,1.14093,0.599842,0.06352,0.088064,0.44512,1.77572,563.153,15000,128,0.000163769
Suite_13,Deferred_Uber,0,579,1.1399,0.610746,0.060928,0.087936,0.450912,1.75403,570.115,15000,128,0.000164342
Suite_13,Deferred_Uber,0,580,1.14297,0.613202,0.062464,0.090048,0.452832,1.76532,566.47,15000,256,0.000277243
Suite_13,Deferred_Uber,0,581,1.14429,0.596647,0.06144,0.0896,0.44928,1.77129,564.56,15000,256,0.000278224
Suite_13,Deferred_Uber,0,582,1.14377,0.608119,0.06144,0.088128,0.447712,1.75522,569.73,15000,256,0.000279213
Suite_13,Deferred_Uber,0,583,1.14038,0.617763,0.061472,0.088864,0.454016,1.76504,566.56,15000,384,0.000431886
Suite_13,Deferred_Uber,0,584,1.14311,0.60839,0.062176,0.08848,0.444384,1.77215,564.286,15000,384,0.000433338
Suite_13,Deferred_Uber,0,585,1.14302,1.09807,0.062592,0.090112,0.454816,1.76747,565.781,15000,384,0.000434801
Suite_13,Deferred_Uber,0,586,1.1443,0.616499,0.061824,0.088064,0.45056,2.25614,443.234,15000,384,0.000436277
Suite_13,Deferred_Uber,0,587,1.14373,0.608634,0.064384,0.088064,0.448512,1.7741,563.667,15000,512,0.000710018
Suite_13,Deferred_Uber,0,588,1.14682,0.600775,0.062016,0.090112,0.45056,1.76685,565.978,15000,640,0.000776985
Suite_13,Deferred_Uber,0,589,1.14542,0.714177,0.063488,0.09008,0.456448,1.77024,564.894,15000,640,0.000779822
Suite_13,Deferred_Uber,0,590,1.14693,0.609553,0.064768,0.089472,0.458304,2.02666,493.424,15000,768,0.00121489
Suite_13,Deferred_Uber,0,591,1.14758,0.610293,0.073696,0.092864,0.466944,1.77006,564.952,15000,896,0.00145927
Suite_13,Deferred_Uber,0,592,1.14557,0.599179,0.063488,0.090112,0.448992,1.77235,564.221,15000,1024,0.00163708
Suite_13,Deferred_Uber,0,593,1.15018,0.874303,0.06144,0.088384,0.452384,1.7601,568.15,15000,1024,0.00164307
Suite_13,Deferred_Uber,0,594,1.14671,0.595939,0.064448,0.089728,0.45056,2.03952,490.312,15000,1024,0.0016491
Suite_13,Deferred_Uber,0,595,1.14691,0.625468,0.063488,0.089376,0.451264,1.75603,569.467,15000,1024,0.0016552
Suite_13,Deferred_Uber,0,596,1.14889,0.605879,0.070208,0.090112,0.466944,1.78778,559.353,15000,1152,0.00169501
Suite_13,Deferred_Uber,0,597,1.14609,0.600409,0.062208,0.090112,0.448512,1.77005,564.955,15000,1280,0.00197804
Suite_13,Deferred_Uber,0,598,1.14724,0.605224,0.062176,0.089184,0.448512,1.76146,567.712,15000,1536,0.00249777
Suite_13,Deferred_Uber,0,599,1.1506,0.625736,0.06144,0.0896,0.455168,1.76744,565.79,15000,1792,0.00316409
Suite_13,Deferred_Uber,0,600,1.15379,0.624245,0.067584,0.090208,0.468512,1.79127,558.264,15000,1920,0.00346947
Suite_13,Deferred_Uber,0,601,1.15251,0.608544,0.061952,0.089536,0.448416,1.80445,554.185,15000,2048,0.00379887
Suite_13,Deferred_Uber,0,602,1.15012,0.617139,0.063744,0.089888,0.452608,1.77602,563.055,15000,2176,0.00404335
Suite_13,Deferred_Uber,0,603,1.15867,0.620183,0.06544,0.09056,0.45744,1.7832,560.79,15000,2304,0.00424228
Suite_13,Deferred_Uber,0,604,1.15527,1.08513,0.06384,0.090912,0.457792,1.79399,557.418,15000,2304,0.0042581
Suite_13,Deferred_Uber,0,605,1.1502,0.599905,0.067584,0.090176,0.456128,2.25768,442.933,15000,2432,0.004374
Suite_13,Deferred_Uber,0,606,1.15049,0.622021,0.066976,0.088064,0.470144,1.76553,566.402,15000,2432,0.00439048
Suite_13,Deferred_Uber,0,607,1.15235,0.604704,0.065376,0.091104,0.462208,1.78781,559.343,15000,2432,0.00440711
Suite_13,Deferred_Uber,0,608,1.15481,0.714048,0.06848,0.089984,0.4608,1.77162,564.454,15000,2432,0.00442387
Suite_13,Deferred_Uber,0,609,1.15378,0.604944,0.067584,0.091232,0.4608,2.03665,491.004,15000,2432,0.00444078
Suite_13,Deferred_Uber,0,610,1.15169,0.607975,0.077472,0.096416,0.465536,1.77388,563.737,15000,2432,0.00445784
Suite_13,Deferred_Uber,0,611,1.15648,0.613752,0.065568,0.091008,0.464896,1.77454,563.527,15000,2560,0.00468685
Suite_13,Deferred_Uber,0,612,1.15549,0.873285,0.06608,0.090432,0.452608,1.78525,560.147,15000,2560,0.00470506
Suite_13,Deferred_Uber,0,613,1.15226,0.610145,0.065536,0.090304,0.4592,2.05036,487.72,15000,2688,0.00476432
Suite_13,Deferred_Uber,0,614,1.15572,0.620384,0.066592,0.09136,0.454976,1.7781,562.398,15000,2816,0.0051512
Suite_13,Deferred_Uber,0,615,1.15655,0.60465,0.065856,0.091232,0.4608,1.79169,558.131,15000,2944,0.005211
Suite_13,Deferred_Uber,0,616,1.15346,0.624179,0.065536,0.090016,0.460192,1.77604,563.051,15000,3072,0.00526029
Suite_13,Deferred_Uber,0,617,1.16002,0.612238,0.069632,0.091456,0.464832,1.79375,557.491,15000,3072,0.00528099
Suite_13,Deferred_Uber,0,618,1.1552,0.609564,0.065536,0.090368,0.453472,1.7893,558.877,15000,3200,0.00541473
Suite_13,Deferred_Uber,0,619,1.15615,0.617705,0.065536,0.09216,0.456704,1.77988,561.835,15000,3200,0.00543615
Suite_13,Deferred_Uber,0,620,1.15261,0.609542,0.066048,0.090272,0.462848,1.78868,559.073,15000,3200,0.00545776
Suite_13,Deferred_Uber,0,621,1.15486,0.618815,0.069632,0.090112,0.460192,1.7786,562.238,15000,3072,0.0052588
Suite_13,Deferred_Uber,0,622,1.15874,0.609193,0.063648,0.092096,0.458048,1.79002,558.651,15000,3200,0.00548973
Suite_13,Deferred_Uber,0,623,1.15888,0.950753,0.065312,0.092224,0.463648,1.78325,560.774,15000,3456,0.00577544
Suite_13,Deferred_Uber,0,624,1.1605,0.627886,0.06944,0.090784,0.46384,2.12587,470.396,15000,3584,0.00598542
Suite_13,Deferred_Uber,0,625,1.16221,0.643385,0.071456,0.088576,0.485376,1.80556,553.845,15000,3840,0.00650123
Suite_13,Deferred_Uber,0,626,1.15946,0.615135,0.067808,0.09216,0.466272,1.82624,547.574,15000,3840,0.00652725
Suite_13,Deferred_Uber,0,627,1.15987,0.874642,0.069568,0.090592,0.4608,1.78967,558.763,15000,3840,0.0065535
Suite_13,Deferred_Uber,0,628,1.1581,0.611866,0.064992,0.09216,0.459968,2.04973,487.868,15000,3968,0.00669116
Suite_13,Deferred_Uber,0,629,1.16139,0.62794,0.067584,0.091648,0.461216,1.7939,557.443,15000,4224,0.00714527
Suite_13,Deferred_Uber,0,630,1.16085,0.62002,0.0696,0.092,0.465664,1.80691,553.431,15000,4224,0.00717406
Suite_13,Deferred_Uber,0,631,1.16162,0.774477,0.068128,0.090912,0.461056,1.79637,556.679,15000,4224,0.00720309
Suite_13,Deferred_Uber,0,632,1.15938,0.628232,0.067904,0.091552,0.462208,1.95103,512.55,15000,4224,0.00723237
Suite_13,Deferred_Uber,0,633,1.16503,0.625656,0.068928,0.09216,0.459392,1.80571,553.797,15000,4352,0.00740432
Suite_13,Deferred_Uber,0,634,1.16399,0.622052,0.067136,0.093408,0.464896,1.8078,553.158,15000,4480,0.00766914
Suite_13,Deferred_Uber,0,635,1.16818,0.608777,0.067456,0.090848,0.458752,1.80142,555.117,15000,4608,0.0077561
Suite_13,Deferred_Uber,0,636,1.16059,0.621722,0.06656,0.09216,0.459328,1.7992,555.804,15000,4608,0.00778799
Suite_13,Deferred_Uber,0,637,1.16377,0.618613,0.068512,0.0928,0.466944,1.80188,554.976,15000,4736,0.00812143
Suite_13,Deferred_Uber,0,638,1.16253,0.995203,0.06944,0.092128,0.45664,1.79945,555.726,15000,4736,0.00815496
Suite_13,Deferred_Uber,0,639,1.16005,0.612449,0.067584,0.090112,0.463744,2.17341,460.107,15000,4736,0.00818876
Suite_13,Deferred_Uber,0,640,1.16199,0.615188,0.0696,0.090656,0.48448,1.78745,559.455,15000,4992,0.00880981
Suite_13,Deferred_Uber,0,641,1.16204,0.611,0.069248,0.090944,0.457184,1.79523,557.032,15000,5120,0.00916439
Suite_13,Deferred_Uber,0,642,1.16549,0.801733,0.067936,0.09184,0.459552,1.78985,558.705,15000,5120,0.00920227
Suite_13,Deferred_Uber,0,643,1.16496,0.609231,0.068096,0.09184,0.461856,2.03388,491.671,15000,5120,0.00924047
Suite_13,Deferred_Uber,0,644,1.1663,0.631744,0.06624,0.092096,0.464544,1.7894,558.846,15000,5120,0.00927897
Suite_13,Deferred_Uber,0,645,1.16693,0.615473,0.067584,0.092288,0.45552,1.82197,548.856,15000,5504,0.00989768
Suite_13,Deferred_Uber,0,646,1.16661,0.793985,0.072992,0.092032,0.466944,1.79932,555.766,15000,5504,0.00993926
Suite_13,Deferred_Uber,0,647,1.16737,0.622692,0.068704,0.091136,0.45728,1.97652,505.941,15000,5632,0.0102146
Suite_13,Deferred_Uber,0,648,1.16606,0.622481,0.068608,0.092576,0.45648,1.80544,553.881,15000,5760,0.0106824
Suite_13,Deferred_Uber,0,649,1.17013,0.615416,0.070592,0.09232,0.460896,1.80682,553.459,15000,5632,0.0103671
Suite_13,Deferred_Uber,0,650,1.1675,0.606823,0.070336,0.09104,0.457952,1.80317,554.58,15000,5632,0.0104109
Suite_13,Deferred_Uber,0,651,1.16553,0.649646,0.06704,0.09216,0.451808,1.78962,558.777,15000,5632,0.010455
Suite_13,Deferred_Uber,0,652,1.16753,0.62206,0.069024,0.09216,0.466912,1.83249,545.705,15000,5504,0.0103476
Suite_13,Deferred_Uber,0,653,1.16589,0.934354,0.07168,0.093024,0.469728,1.80848,552.95,15000,5504,0.0103918
Suite_13,Deferred_Uber,0,654,1.16344,0.612717,0.067552,0.09392,0.461952,2.11706,472.353,15000,5632,0.010672
Suite_13,Deferred_Uber,0,655,1.16515,0.610693,0.069152,0.092064,0.4808,1.79168,558.135,15000,5632,0.0107177
Suite_13,Deferred_Uber,0,656,1.19406,0.711315,0.069216,0.092256,0.460928,1.79208,558.012,15000,5760,0.0108402
Suite_13,Deferred_Uber,0,657,1.17242,0.702682,0.070016,0.09216,0.46816,1.92881,518.455,15000,5888,0.010943
Suite_13,Deferred_Uber,0,658,1.16789,0.613705,0.069632,0.092064,0.4608,1.89771,526.951,15000,5888,0.0109903
Suite_13,Deferred_Uber,0,659,1.16636,0.62669,0.067616,0.093408,0.461792,1.79751,556.326,15000,5888,0.0110379
Suite_13,Deferred_Uber,0,660,1.16685,0.621279,0.071776,0.093888,0.47056,1.81001,552.483,15000,5888,0.0106657
Suite_13,Deferred_Uber,0,661,1.16734,0.78818,0.069632,0.090528,0.45264,1.80638,553.593,15000,6016,0.010931
Suite_13,Deferred_Uber,0,662,1.16448,0.608639,0.068,0.09216,0.466944,1.97226,507.031,15000,6016,0.0109782
Suite_13,Deferred_Uber,0,663,1.17123,0.622926,0.069632,0.093408,0.46768,1.78842,559.154,15000,6016,0.0109612
Suite_13,Deferred_Uber,0,664,1.16785,0.62361,0.073216,0.09296,0.464352,1.81064,552.292,15000,6016,0.0110089
Suite_13,Deferred_Uber,0,665,1.16484,0.616908,0.069632,0.09216,0.460896,1.80936,552.683,15000,6016,0.011057
Suite_13,Deferred_Uber,0,666,1.16689,0.616832,0.068576,0.092128,0.462592,1.79813,556.133,15000,6144,0.0111712
Suite_13,Deferred_Uber,0,667,1.16613,0.606643,0.069632,0.0936,0.465248,1.80043,555.422,15000,6144,0.0112203
Suite_13,Deferred_Uber,0,668,1.16989,1.01282,0.070944,0.093952,0.462176,1.78876,559.048,15000,6144,0.0112698
Suite_13,Deferred_Uber,0,669,1.17708,0.614872,0.071136,0.094208,0.464896,2.20147,454.242,15000,6144,0.0113196
Suite_13,Deferred_Uber,0,670,1.17391,0.631157,0.070016,0.090272,0.485376,1.8096,552.607,15000,6144,0.0113699
Suite_13,Deferred_Uber,0,671,1.16988,0.610988,0.063488,0.09392,0.450944,1.82239,548.729,15000,6144,0.0114206
Suite_13,Deferred_Uber,0,672,1.16861,0.748435,0.069472,0.094208,0.46112,1.79755,556.312,15000,6144,0.0114717
Suite_13,Deferred_Uber,0,673,1.16653,0.616346,0.07168,0.093376,0.464352,2.03671,490.988,15000,6144,0.0115232
Suite_13,Deferred_Uber,0,674,1.16876,0.638552,0.073696,0.093696,0.471232,1.79974,555.636,15000,6144,0.0115751
Suite_13,Deferred_Uber,0,675,1.16882,0.604882,0.071264,0.094208,0.4608,1.82589,547.678,15000,6144,0.0116274
Suite_13,Deferred_Uber,0,676,1.16853,0.734965,0.06736,0.09216,0.46064,1.78971,558.751,15000,6272,0.0118473
Suite_13,Deferred_Uber,0,677,1.16657,0.611489,0.069024,0.093824,0.47088,1.92737,518.841,15000,6272,0.0119011
Suite_13,Deferred_Uber,0,678,1.17908,0.65368,0.069312,0.093024,0.471904,1.79543,556.968,15000,6272,0.0119553
Suite_13,Deferred_Uber,0,679,1.17189,0.610503,0.073536,0.093856,0.475872,1.8521,539.927,15000,6400,0.0123605
Suite_13,Deferred_Uber,0,680,1.16637,0.614769,0.069632,0.09184,0.460352,1.79858,555.994,15000,6400,0.012417
Suite_13,Deferred_Uber,0,681,1.16622,0.606962,0.071392,0.092736,0.463776,1.79942,555.735,15000,6400,0.012474
Suite_13,Deferred_Uber,0,682,1.17351,0.618451,0.069632,0.094016,0.4704,1.79046,558.514,15000,6400,0.0121405
Suite_13,Deferred_Uber,0,683,1.16778,0.896552,0.07264,0.094432,0.473088,1.80911,552.759,15000,6272,0.0119343
Suite_13,Deferred_Uber,0,684,1.16853,0.602961,0.068096,0.093344,0.464896,2.08114,480.506,15000,6272,0.0119885
Suite_13,Deferred_Uber,0,685,1.16552,0.604828,0.068992,0.09216,0.484352,1.78929,558.882,15000,6272,0.0120432
Suite_13,Deferred_Uber,0,686,1.16679,0.655355,0.069024,0.09408,0.462848,1.79271,557.815,15000,6272,0.0120983
Suite_13,Deferred_Uber,0,687,1.17038,0.819271,0.069632,0.092576,0.458144,1.83896,543.787,15000,6144,0.0117764
Suite_13,Deferred_Uber,0,688,1.16407,0.606632,0.07296,0.094208,0.459552,2.00537,498.661,15000,6144,0.0118304
Suite_13,Deferred_Uber,0,689,1.16691,0.626063,0.073728,0.094208,0.467936,1.78772,559.37,15000,6144,0.0118849
Suite_13,Deferred_Uber,0,690,1.17303,0.610796,0.068608,0.094208,0.471104,1.8113,552.088,15000,6144,0.0119399
Suite_13,Deferred_Uber,0,691,1.16586,0.839131,0.067872,0.091104,0.461824,1.8002,555.494,15000,6144,0.0119952
Suite_13,Deferred_Uber,0,692,1.1642,0.609589,0.07168,0.093536,0.472736,2.02069,494.879,15000,6144,0.012051
Suite_13,Deferred_Uber,0,693,1.16633,0.615946,0.07168,0.092672,0.470304,1.79079,558.413,15000,6272,0.012563
Suite_13,Deferred_Uber,0,694,1.16712,0.618821,0.070976,0.094208,0.461088,1.80087,555.286,15000,6272,0.0126218
Suite_13,Deferred_Uber,0,695,1.16419,0.597072,0.069504,0.092192,0.458688,1.80164,555.049,15000,6272,0.012681
Suite_13,Deferred_Uber,0,696,1.16527,0.607724,0.07168,0.092768,0.464608,1.77652,562.899,15000,6144,0.0126329
Suite_13,Deferred_Uber,0,697,1.16515,0.626261,0.069536,0.093888,0.469088,1.78977,558.732,15000,6144,0.0126924
Suite_13,Deferred_Uber,0,698,1.16955,1.00742,0.072,0.094752,0.46976,1.80985,552.531,15000,6272,0.0130088
Suite_13,Deferred_Uber,0,699,1.16361,0.617612,0.0696,0.094208,0.462848,2.19337,455.919,15000,6272,0.0130701
Suite_13,Deferred_Uber,0,700,1.16371,0.610419,0.069632,0.09168,0.478528,1.79643,556.659,15000,6272,0.0131319
Suite_13,Deferred_Uber,0,701,1.1676,0.618872,0.0712,0.094208,0.462176,1.79285,557.77,15000,6016,0.0126711
Suite_13,Deferred_Uber,0,702,1.16658,0.785183,0.071616,0.09296,0.466848,1.80433,554.223,15000,6144,0.0128711
Suite_13,Deferred_Uber,0,703,1.16264,0.609734,0.07168,0.09232,0.465216,2.01887,495.327,15000,5888,0.0122206
Suite_13,Deferred_Uber,0,704,1.16887,0.613151,0.068768,0.094208,0.45648,1.78779,559.349,15000,5888,0.0122787
Suite_13,Deferred_Uber,0,705,1.16401,0.605112,0.072384,0.094688,0.464736,1.80074,555.328,15000,5632,0.0117407
Suite_13,Deferred_Uber,0,706,1.16454,0.793983,0.072928,0.09216,0.460832,1.7858,559.973,15000,5632,0.0117964
Suite_13,Deferred_Uber,0,707,1.16219,0.603514,0.071776,0.094336,0.468992,1.97402,506.581,15000,5632,0.0118525
Suite_13,Deferred_Uber,0,708,1.16304,0.618782,0.068928,0.094208,0.468736,1.78103,561.472,15000,5632,0.011909
Suite_13,Deferred_Uber,0,709,1.16865,0.603717,0.073728,0.094208,0.46912,1.80555,553.848,15000,5504,0.0115649
Suite_13,Deferred_Uber,0,710,1.16545,0.615622,0.067968,0.092288,0.464224,1.78953,558.808,15000,5504,0.0116204
Suite_13,Deferred_Uber,0,711,1.16252,0.602702,0.071008,0.093856,0.465248,1.79713,556.441,15000,5504,0.0116764
Suite_13,Deferred_Uber,0,712,1.16962,0.629295,0.067744,0.095712,0.473088,1.78072,561.572,15000,5376,0.0114587
Suite_13,Deferred_Uber,0,713,1.16429,1.06451,0.07168,0.094208,0.47104,1.81842,549.929,15000,5248,0.0113444
Suite_13,Deferred_Uber,0,714,1.16064,0.612008,0.069632,0.09248,0.456832,2.24644,445.149,15000,5248,0.0113993
Suite_13,Deferred_Uber,0,715,1.15955,0.607629,0.075552,0.091104,0.491072,1.79291,557.753,15000,5120,0.01095
Suite_13,Deferred_Uber,0,716,1.16392,0.621228,0.07552,0.093792,0.468992,1.78344,560.715,15000,5120,0.0110034
Suite_13,Deferred_Uber,0,717,1.16296,0.714421,0.069216,0.094496,0.459168,1.80835,552.991,15000,5120,0.0110572
Suite_13,Deferred_Uber,0,718,1.16318,0.601449,0.07168,0.093536,0.46288,2.04585,488.795,15000,4992,0.0105161
Suite_13,Deferred_Uber,0,719,1.16443,0.63573,0.075392,0.094816,0.466784,1.77987,561.84,15000,4864,0.0102261
Suite_13,Deferred_Uber,0,720,1.16383,0.613401,0.069632,0.093536,0.469568,1.81724,550.286,15000,4992,0.0105656
Suite_13,Deferred_Uber,0,721,1.16731,0.788345,0.071776,0.094016,0.464736,1.79469,557.201,15000,4992,0.0106171
Suite_13,Deferred_Uber,0,722,1.16034,0.598693,0.070272,0.093664,0.464096,1.97212,507.068,15000,4992,0.010669
Suite_13,Deferred_Uber,0,723,1.16563,0.616461,0.072608,0.094208,0.468,1.77443,563.562,15000,4992,0.0107213
Suite_13,Deferred_Uber,0,724,1.16182,0.610794,0.07008,0.095488,0.474592,1.79836,556.063,15000,4864,0.0104863
Suite_13,Deferred_Uber,0,725,1.16227,0.624014,0.07168,0.092704,0.46544,1.79005,558.643,15000,4864,0.0105379
Suite_13,Deferred_Uber,0,726,1.15665,0.610771,0.071232,0.094208,0.4648,1.80244,554.803,15000,4992,0.0107272
Suite_13,Deferred_Uber,0,727,1.16099,0.619172,0.070976,0.095456,0.471072,1.78241,561.037,15000,4864,0.00994108
Suite_13,Deferred_Uber,0,728,1.16444,1.07011,0.073984,0.094464,0.476288,1.79695,556.499,15000,4864,0.00998937
Suite_13,Deferred_Uber,0,729,1.15852,0.615296,0.072608,0.093728,0.472256,2.25246,443.959,15000,4736,0.00997083
Suite_13,Deferred_Uber,0,730,1.15736,0.605018,0.070336,0.092064,0.485376,1.79544,556.966,15000,4736,0.0100195
Suite_13,Deferred_Uber,0,731,1.15998,0.62436,0.071264,0.094208,0.464896,1.77811,562.395,15000,4736,0.0100686
Suite_13,Deferred_Uber,0,732,1.16641,0.75792,0.073728,0.092672,0.468992,1.80005,555.539,15000,4736,0.010118
Suite_13,Deferred_Uber,0,733,1.16335,0.625756,0.069632,0.093792,0.4568,2.04587,488.789,15000,4736,0.0101678
Suite_13,Deferred_Uber,0,734,1.16216,0.640295,0.07232,0.095712,0.47104,1.80593,553.732,15000,4736,0.0102179
Suite_13,Deferred_Uber,0,735,1.16294,0.608658,0.07168,0.094432,0.468896,1.8197,549.542,15000,4736,0.0102685
Suite_13,Deferred_Uber,0,736,1.16097,0.803773,0.071552,0.0936,0.458752,1.78715,559.549,15000,4736,0.0103194
Suite_13,Deferred_Uber,0,737,1.15642,0.605097,0.073728,0.092256,0.468832,1.98155,504.655,15000,4608,0.00981468
Suite_13,Deferred_Uber,0,738,1.15863,0.64226,0.069632,0.0944,0.468768,1.77777,562.503,15000,4736,0.00995208
Suite_13,Deferred_Uber,0,739,1.15852,0.608107,0.072224,0.095648,0.471008,1.81729,550.271,15000,4736,0.0100017
Suite_13,Deferred_Uber,0,740,1.16188,0.617469,0.074464,0.09408,0.472992,1.78209,561.14,15000,4736,0.0100516
Suite_13,Deferred_Uber,0,741,1.15888,0.602516,0.069472,0.0928,0.462848,1.80064,555.358,15000,4608,0.0097514
Suite_13,Deferred_Uber,0,742,1.16605,0.628212,0.069792,0.093504,0.468992,1.7777,562.523,15000,4608,0.00980039
Suite_13,Deferred_Uber,0,743,1.16039,0.998825,0.071232,0.0952,0.471136,1.81562,550.777,15000,4608,0.00984977
Suite_13,Deferred_Uber,0,744,1.16083,0.600953,0.070048,0.092768,0.466944,2.17509,459.752,15000,4608,0.00989951
Suite_13,Deferred_Uber,0,745,1.15801,0.635062,0.070784,0.09216,0.483264,1.77814,562.384,15000,4736,0.0100381
Suite_13,Deferred_Uber,0,746,1.16164,0.629133,0.070848,0.094208,0.467488,1.80974,552.566,15000,4736,0.0100889
Suite_13,Deferred_Uber,0,747,1.16234,0.789539,0.069984,0.093024,0.463168,1.80641,553.584,15000,4736,0.0101401
Suite_13,Deferred_Uber,0,748,1.16029,0.614111,0.075776,0.09344,0.473504,2.01869,495.371,15000,4736,0.0101918
Suite_13,Deferred_Uber,0,749,1.16066,0.621399,0.073728,0.095488,0.473344,1.79197,558.046,15000,4608,0.0101534
Suite_13,Deferred_Uber,0,750,1.16569,0.611177,0.07632,0.095232,0.479232,1.79944,555.728,15000,4608,0.0102053
Suite_13,Deferred_Uber,0,751,1.16369,0.847231,0.071392,0.093152,0.464896,1.79233,557.933,15000,4608,0.0102577
Suite_13,Deferred_Uber,0,752,1.15613,0.615263,0.07168,0.09344,0.461216,2.02681,493.386,15000,4608,0.0103104
Suite_13,Deferred_Uber,0,753,1.15882,0.645864,0.073664,0.09456,0.464896,1.78808,559.258,15000,4608,0.0103636
Suite_13,Deferred_Uber,0,754,1.16105,0.616249,0.073952,0.095648,0.473088,1.82231,548.754,15000,4736,0.0104766
Suite_13,Deferred_Uber,0,755,1.159,0.625841,0.071104,0.093184,0.465184,1.79306,557.706,15000,4736,0.0105308
Suite_13,Deferred_Uber,0,756,1.1623,0.610638,0.07168,0.09376,0.47264,1.80414,554.28,15000,4608,0.0102726
Suite_13,Deferred_Uber,0,757,1.16219,0.625969,0.07168,0.09424,0.47152,1.78956,558.797,15000,4608,0.010326
Suite_13,Deferred_Uber,0,758,1.16172,0.950933,0.073728,0.094592,0.470048,1.80529,553.927,15000,4480,0.00989133
Suite_13,Deferred_Uber,0,759,1.15751,0.609217,0.09248,0.092384,0.485376,2.12808,469.908,15000,4480,0.00994273
Suite_13,Deferred_Uber,0,760,1.15421,0.645806,0.075776,0.09216,0.490016,1.78183,561.222,15000,4480,0.00943647
Suite_13,Deferred_Uber,0,761,1.16086,0.619779,0.069664,0.095104,0.464896,1.81748,550.212,15000,4480,0.00948523
Suite_13,Deferred_Uber,0,762,1.15931,0.873558,0.069472,0.093056,0.466656,1.79806,556.154,15000,4480,0.00953436
Suite_13,Deferred_Uber,0,763,1.15901,0.607515,0.075616,0.094304,0.46496,2.04818,488.238,15000,4480,0.00958385
Suite_13,Deferred_Uber,0,764,1.16378,0.654034,0.074656,0.094304,0.471392,1.78131,561.385,15000,4352,0.00922757
Suite_13,Deferred_Uber,0,765,1.16078,0.615812,0.072992,0.09584,0.470144,1.8373,544.276,15000,4224,0.00853703
Suite_13,Deferred_Uber,0,766,1.15928,0.824213,0.072224,0.09216,0.463744,1.79273,557.809,15000,4224,0.00858072
Suite_13,Deferred_Uber,0,767,1.15651,0.614682,0.071488,0.09296,0.459776,1.99868,500.33,15000,4224,0.00862473
Suite_13,Deferred_Uber,0,768,1.15695,0.631435,0.07504,0.095264,0.467968,1.78599,559.915,15000,4224,0.00866907
Suite_13,Deferred_Uber,0,769,1.15767,0.608767,0.070464,0.094432,0.47248,1.80619,553.651,15000,4224,0.00871374
Suite_13,Deferred_Uber,0,770,1.15973,0.603473,0.073344,0.093088,0.461376,1.78284,560.903,15000,4224,0.00875873
Suite_13,Deferred_Uber,0,771,1.15544,0.611166,0.071488,0.092864,0.469984,1.78412,560.5,15000,4224,0.00853097
Suite_13,Deferred_Uber,0,772,1.15969,0.623688,0.069792,0.094208,0.4608,1.78217,561.113,15000,4224,0.00857461
Suite_13,Deferred_Uber,0,773,1.16019,1.02536,0.073472,0.095168,0.466944,1.80734,553.3,15000,4352,0.00883067
Suite_13,Deferred_Uber,0,774,1.15834,0.618115,0.071328,0.094208,0.464896,2.20291,453.946,15000,4352,0.00887595
Suite_13,Deferred_Uber,0,775,1.15794,0.617699,0.073984,0.091616,0.49328,1.79154,558.18,15000,4480,0.00912306
Suite_13,Deferred_Uber,0,776,1.16143,0.616539,0.075296,0.096032,0.477184,1.79147,558.2,15000,4480,0.00916984
Suite_13,Deferred_Uber,0,777,1.16367,0.837286,0.072768,0.095456,0.470336,1.79533,557.001,15000,4480,0.00921696
Suite_13,Deferred_Uber,0,778,1.16092,0.609153,0.069824,0.094208,0.4608,2.06836,483.475,15000,4480,0.00926442
Suite_13,Deferred_Uber,0,779,1.15933,0.635108,0.075168,0.095456,0.469856,1.78489,560.257,15000,4480,0.00931223
Suite_13,Deferred_Uber,0,780,1.16032,0.615393,0.069696,0.094304,0.470112,1.81076,552.256,15000,4352,0.0086773
Suite_13,Deferred_Uber,0,781,1.15752,0.803861,0.070144,0.092544,0.463584,1.79353,557.559,15000,4352,0.00872144
Suite_13,Deferred_Uber,0,782,1.15853,0.615202,0.07168,0.094208,0.46768,1.97738,505.719,15000,4352,0.00876591
Suite_13,Deferred_Uber,0,783,1.16041,0.625966,0.073728,0.09392,0.46944,1.78871,559.061,15000,4352,0.00881069
Suite_13,Deferred_Uber,0,784,1.16646,0.609705,0.070656,0.095936,0.471904,1.80207,554.917,15000,4352,0.00885579
Suite_13,Deferred_Uber,0,785,1.15941,0.639025,0.07168,0.093664,0.468864,1.79286,557.767,15000,4352,0.00890121
Suite_13,Deferred_Uber,0,786,1.16401,0.628469,0.070816,0.094208,0.465216,1.81468,551.063,15000,4224,0.00885595
Suite_13,Deferred_Uber,0,787,1.16666,0.657076,0.073632,0.094784,0.469024,1.80948,552.645,15000,4224,0.00890147
Suite_13,Deferred_Uber,0,788,1.16535,0.898999,0.071936,0.094208,0.472704,1.8415,543.036,15000,4224,0.00894731
Suite_13,Deferred_Uber,0,789,1.15723,0.609839,0.093888,0.092896,0.486144,2.08188,480.336,15000,4224,0.00899347
Suite_13,Deferred_Uber,0,790,1.15524,0.618607,0.073376,0.093728,0.489472,1.783,560.851,15000,4352,0.0091627
Suite_13,Deferred_Uber,0,791,1.1613,0.616955,0.075488,0.094816,0.476928,1.7891,558.941,15000,4224,0.00903393
Suite_13,Deferred_Uber,0,792,1.15957,0.898812,0.073152,0.094208,0.470272,1.79417,557.36,15000,4224,0.00908058
Suite_13,Deferred_Uber,0,793,1.15606,0.608382,0.07168,0.094208,0.46144,2.07547,481.819,15000,4224,0.00912756
Suite_13,Deferred_Uber,0,794,1.15715,0.635617,0.072,0.094368,0.47248,1.78052,561.635,15000,4224,0.00917488
Suite_13,Deferred_Uber,0,795,1.15841,0.609903,0.068576,0.094208,0.474816,1.8096,552.61,15000,4224,0.00922253
Suite_13,Deferred_Uber,0,796,1.15506,0.841848,0.076096,0.093856,0.473568,1.78439,560.414,15000,4096,0.00880786
Suite_13,Deferred_Uber,0,797,1.15765,0.614063,0.07392,0.094208,0.470784,2.01441,496.424,15000,4096,0.00885337
Suite_13,Deferred_Uber,0,798,1.16189,0.646345,0.070816,0.095552,0.467328,1.78871,559.062,15000,4096,0.00890207
Suite_13,Deferred_Uber,0,799,1.16015,0.619795,0.068928,0.095232,0.4704,1.8236,548.365,15000,4096,0.00894758
Suite_13,Deferred_Uber,0,800,1.15538,0.614498,0.07168,0.0936,0.470848,1.79935,555.755,15000,4096,0.00899341
Suite_13,Deferred_Uber,0,801,1.15633,0.605731,0.075776,0.094208,0.472384,1.78659,559.726,15000,4096,0.00903956
Suite_13,Deferred_Uber,0,802,1.15966,0.628233,0.07104,0.094208,0.469664,1.77862,562.234,15000,4224,0.00942772
Suite_13,Deferred_Uber,0,803,1.16547,1.01649,0.071936,0.095424,0.473856,1.80496,554.03,15000,4224,0.00947617
Suite_13,Deferred_Uber,0,804,1.15526,0.606344,0.073728,0.094208,0.47104,2.19762,455.039,15000,4224,0.00952496
Suite_13,Deferred_Uber,0,805,1.15968,0.604812,0.077472,0.092224,0.49152,1.78319,560.794,15000,4224,0.00957409
Suite_13,Deferred_Uber,0,806,1.15893,0.624232,0.072384,0.094208,0.477184,1.78118,561.425,15000,4224,0.00962357
Suite_13,Deferred_Uber,0,807,1.16078,0.848839,0.07168,0.094208,0.463104,1.79873,555.947,15000,4352,0.0100192
Suite_13,Deferred_Uber,0,808,1.15951,0.612175,0.075424,0.093088,0.462368,2.07691,481.484,15000,4480,0.010365
Suite_13,Deferred_Uber,0,809,1.16014,0.629406,0.0736,0.093888,0.465408,1.78815,559.238,15000,4480,0.0104471
Suite_13,Deferred_Uber,0,810,1.15983,0.638775,0.07776,0.09568,0.4752,1.80653,553.546,15000,4480,0.0105008
Suite_13,Deferred_Uber,0,811,1.1642,0.757072,0.07296,0.094208,0.4672,1.81462,551.08,15000,4608,0.0107923
Suite_13,Deferred_Uber,0,812,1.1632,0.611917,0.075776,0.094208,0.476512,1.93634,516.438,15000,4608,0.0108471
Suite_13,Deferred_Uber,0,813,1.15856,0.630519,0.075776,0.094816,0.469056,1.7921,558.004,15000,4736,0.0113095
Suite_13,Deferred_Uber,0,814,1.1659,0.613885,0.072384,0.094656,0.46624,1.80703,553.393,15000,4736,0.0113669
Suite_13,Deferred_Uber,0,815,1.15797,0.6081,0.08192,0.092992,0.481248,1.79506,557.084,15000,4736,0.0114246
Suite_13,Deferred_Uber,0,816,1.15845,0.613107,0.07168,0.094208,0.463488,1.78074,561.565,15000,4736,0.0114828
Suite_13,Deferred_Uber,0,817,1.16543,0.62568,0.073312,0.094592,0.46544,1.78812,559.247,15000,4736,0.0115414
Suite_13,Deferred_Uber,0,818,1.16221,1.06485,0.075776,0.095712,0.479232,1.80847,552.955,15000,4736,0.0116003
Suite_13,Deferred_Uber,0,819,1.18352,0.679064,0.073728,0.094208,0.465344,2.25027,444.391,15000,4992,0.0120743
Suite_13,Deferred_Uber,0,820,1.16982,0.630598,0.072416,0.09328,0.475136,1.8817,531.433,15000,5248,0.0126218
Suite_13,Deferred_Uber,0,821,1.16464,0.619357,0.074528,0.096128,0.474336,1.81901,549.75,15000,5504,0.0129774
Suite_13,Deferred_Uber,0,822,1.16383,0.765113,0.07376,0.094272,0.470944,1.80171,555.027,15000,5504,0.0130429
Suite_13,Deferred_Uber,0,823,1.16147,0.607328,0.07392,0.093024,0.462752,2.04605,488.747,15000,5504,0.0131088
Suite_13,Deferred_Uber,0,824,1.16425,0.628638,0.075776,0.094464,0.473664,1.78405,560.521,15000,5504,0.0131751
Suite_13,Deferred_Uber,0,825,1.16335,0.64051,0.077824,0.094528,0.4824,1.81118,552.127,15000,5504,0.0132419
Suite_13,Deferred_Uber,0,826,1.16639,0.635774,0.078784,0.094688,0.470752,1.82135,549.042,15000,5632,0.0133965
Suite_13,Deferred_Uber,0,827,1.16328,0.608166,0.076896,0.094208,0.479008,1.81821,549.99,15000,5632,0.0130915
Suite_13,Deferred_Uber,0,828,1.16685,0.623058,0.0744,0.094912,0.468992,1.79121,558.282,15000,5760,0.0134641
Suite_13,Deferred_Uber,0,829,1.16654,0.630278,0.077824,0.096096,0.47968,1.80954,552.628,15000,5760,0.013532
Suite_13,Deferred_Uber,0,830,1.16362,0.613856,0.074016,0.094208,0.462848,1.81404,551.257,15000,5760,0.0136004
Suite_13,Deferred_Uber,0,831,1.16513,0.59822,0.073728,0.094112,0.47088,1.79298,557.73,15000,5760,0.0136692
Suite_13,Deferred_Uber,0,832,1.1637,0.634855,0.077824,0.096192,0.48128,1.77844,562.29,15000,5632,0.0136381
Suite_13,Deferred_Uber,0,833,1.16481,0.974218,0.07168,0.095456,0.470208,1.81679,550.422,15000,5888,0.0143182
Suite_13,Deferred_Uber,0,834,1.16334,0.612566,0.071776,0.094208,0.466944,2.1564,463.736,15000,5888,0.014391
Suite_13,Deferred_Uber,0,835,1.16599,0.625134,0.075776,0.094368,0.481632,1.79134,558.24,15000,5888,0.0144643
Suite_13,Deferred_Uber,0,836,1.16832,0.63313,0.077472,0.096256,0.483648,1.8078,553.16,15000,6016,0.014631
Suite_13,Deferred_Uber,0,837,1.16998,0.789938,0.073728,0.09456,0.47104,1.82622,547.58,15000,6144,0.0148219
Suite_13,Deferred_Uber,0,838,1.17128,0.605521,0.077824,0.0944,0.465216,2.02878,492.906,15000,6272,0.0150642
Suite_13,Deferred_Uber,0,839,1.17356,0.614078,0.071776,0.095744,0.465728,1.7927,557.819,15000,6400,0.0151812
Suite_13,Deferred_Uber,0,840,1.16908,0.617253,0.074976,0.0976,0.4832,1.80431,554.229,15000,6912,0.0160069
Suite_13,Deferred_Uber,0,841,1.17263,0.792317,0.07632,0.094656,0.474656,1.80561,553.829,15000,7040,0.0161349
Suite_13,Deferred_Uber,0,842,1.17376,0.626042,0.077824,0.09616,0.478272,1.98293,504.305,15000,7296,0.0166652
Suite_13,Deferred_Uber,0,843,1.17277,0.641711,0.075584,0.09616,0.481184,1.8269,547.374,15000,7680,0.0180809
Suite_13,Deferred_Uber,0,844,1.17661,0.734032,0.079872,0.096256,0.483328,1.83238,545.738,15000,7936,0.0188494
Suite_13,Deferred_Uber,0,845,1.16966,0.617276,0.07328,0.09456,0.490016,1.93036,518.039,15000,8064,0.019408
Suite_13,Deferred_Uber,0,846,1.17405,0.612496,0.075776,0.094528,0.479232,1.80492,554.041,15000,8064,0.019505
Suite_13,Deferred_Uber,0,847,1.17337,0.63103,0.073792,0.096864,0.467968,1.80268,554.728,15000,8064,0.0196027
Suite_13,Deferred_Uber,0,848,1.17553,0.818769,0.075776,0.097888,0.482144,1.82236,548.739,15000,8320,0.0199802
Suite_13,Deferred_Uber,0,849,1.17403,0.625226,0.075776,0.097376,0.47584,2.01364,496.614,15000,8448,0.0201237
Suite_13,Deferred_Uber,0,850,1.17652,0.639895,0.072224,0.094208,0.478752,1.81756,550.188,15000,8832,0.0212564
Suite_13,Deferred_Uber,0,851,1.18143,0.614515,0.073728,0.09648,0.473504,1.83445,545.121,15000,9344,0.0219558
Suite_13,Deferred_Uber,0,852,1.18143,0.812454,0.074784,0.096256,0.473088,1.81295,551.586,15000,9600,0.0226049
Suite_13,Deferred_Uber,0,853,1.17805,0.614893,0.077824,0.095872,0.482752,2.01357,496.63,15000,9472,0.0217007
Suite_13,Deferred_Uber,0,854,1.178,0.630558,0.076736,0.096256,0.480544,1.81064,552.291,15000,9728,0.0223283
Suite_13,Deferred_Uber,0,855,1.18298,0.610247,0.079776,0.097088,0.487136,1.82632,547.549,15000,10112,0.0227683
Suite_13,Deferred_Uber,0,856,1.17876,0.640492,0.077248,0.095904,0.475136,1.81017,552.434,15000,10112,0.0228801
Suite_13,Deferred_Uber,0,857,1.18311,0.619428,0.077472,0.096128,0.472928,1.84214,542.848,15000,10112,0.0229925
Suite_13,Deferred_Uber,0,858,1.1811,0.641828,0.077824,0.097792,0.479648,1.82065,549.255,15000,10240,0.0232423
Suite_13,Deferred_Uber,0,859,1.18624,0.616796,0.079872,0.097696,0.483456,1.84088,543.219,15000,10368,0.0234903
Suite_13,Deferred_Uber,0,860,1.18185,0.623353,0.079104,0.097728,0.500256,1.8208,549.209,15000,10624,0.023853
Suite_13,Deferred_Uber,0,861,1.17911,0.622776,0.080096,0.09648,0.477184,1.82499,547.948,15000,10752,0.0242496
Suite_13,Deferred_Uber,0,862,1.18372,0.640481,0.079776,0.096928,0.485504,1.82003,549.441,15000,10752,0.0243691
Suite_13,Deferred_Uber,0,863,1.1843,0.803085,0.078656,0.097888,0.485376,1.84332,542.499,15000,10752,0.0244893
Suite_13,Deferred_Uber,0,864,1.18073,0.625276,0.078208,0.097408,0.483328,2.00565,498.591,15000,11136,0.0251581
Suite_13,Deferred_Uber,0,865,1.18261,0.625227,0.079872,0.095648,0.492416,1.82533,547.845,15000,11520,0.0258801
Suite_13,Deferred_Uber,0,866,1.18906,0.621402,0.078496,0.098144,0.479232,1.828,547.047,15000,11648,0.0260957
Suite_13,Deferred_Uber,0,867,1.18987,0.792872,0.077824,0.098144,0.483168,1.82867,546.847,15000,11904,0.0268644
Suite_13,Deferred_Uber,0,868,1.18514,0.625848,0.079872,0.097888,0.48192,2.00036,499.91,15000,12160,0.0271451
Suite_13,Deferred_Uber,0,869,1.18725,0.627183,0.0808,0.100064,0.486592,1.83486,544.999,15000,12544,0.0277749
Suite_13,Deferred_Uber,0,870,1.19103,0.624345,0.08192,0.098304,0.495616,1.8342,545.197,15000,12672,0.0279392
Suite_13,Deferred_Uber,0,871,1.19045,0.615281,0.078208,0.096896,0.482816,1.83363,545.367,15000,13056,0.0285644
Suite_13,Deferred_Uber,0,872,1.19067,0.611088,0.081024,0.099552,0.484832,1.82378,548.311,15000,13440,0.0291709
Suite_13,Deferred_Uber,0,873,1.19756,0.621409,0.079872,0.098304,0.480288,1.82116,549.101,15000,13568,0.0295153
Suite_13,Deferred_Uber,0,874,1.19434,0.642067,0.08352,0.098912,0.486976,1.83996,543.489,15000,13696,0.0297133
Suite_13,Deferred_Uber,0,875,1.19202,0.649329,0.08032,0.097664,0.497664,1.85562,538.903,15000,13952,0.030326
Suite_13,Deferred_Uber,0,876,1.19378,0.629785,0.081568,0.096864,0.487104,1.85969,537.725,15000,14464,0.0309774
Suite_13,Deferred_Uber,0,877,1.19773,0.641281,0.08384,0.098304,0.489472,1.84499,542.007,15000,14720,0.0314205
Suite_13,Deferred_Uber,0,878,1.20284,0.785464,0.082208,0.101536,0.493312,1.8595,537.778,15000,15488,0.0329528
Suite_13,Deferred_Uber,0,879,1.19718,0.609305,0.086528,0.098368,0.489472,2.00816,497.969,15000,16000,0.0338691
Suite_13,Deferred_Uber,0,880,1.20695,0.621747,0.082208,0.116736,0.514048,1.82527,547.864,15000,16256,0.0344648
Suite_13,Deferred_Uber,0,881,1.21088,0.624895,0.085312,0.099104,0.493984,1.85017,540.489,15000,17152,0.0361189
Suite_13,Deferred_Uber,0,882,1.20995,0.807647,0.08256,0.098304,0.487424,1.85826,538.138,15000,17536,0.0367468
Suite_13,Deferred_Uber,0,883,1.20852,0.671093,0.086432,0.09888,0.493568,2.03863,490.526,15000,17792,0.0372241
Suite_13,Deferred_Uber,0,884,1.21365,0.632819,0.084032,0.100352,0.485088,1.90083,526.087,15000,18432,0.0388851
Suite_13,Deferred_Uber,0,885,1.20784,0.636718,0.086016,0.099936,0.494016,1.87314,533.862,15000,18688,0.0392926
Suite_13,Deferred_Uber,0,886,1.20955,0.625959,0.084032,0.098464,0.502496,1.86612,535.872,15000,19072,0.0397482
Suite_13,Deferred_Uber,0,887,1.21182,0.633609,0.090016,0.098528,0.497376,1.85569,538.882,15000,19968,0.041126
Suite_13,Deferred_Uber,0,888,1.2163,0.632405,0.08496,0.100192,0.489472,1.86618,535.853,15000,20096,0.0414741
Suite_13,Deferred_Uber,0,889,1.22285,0.777219,0.086016,0.101824,0.498784,1.87176,534.255,15000,20352,0.0421165
Suite_13,Deferred_Uber,0,890,1.21739,0.618688,0.0864,0.10032,0.489472,2.02315,494.278,15000,20864,0.0434211
Suite_13,Deferred_Uber,0,891,1.22453,0.630721,0.100352,0.10608,0.506304,1.85699,538.507,15000,20992,0.043908
Suite_13,Deferred_Uber,0,892,1.22206,0.6181,0.086016,0.10032,0.48976,1.8772,532.707,15000,21120,0.0443831
Suite_13,Deferred_Uber,0,893,1.22097,0.776329,0.086048,0.100544,0.487424,1.86368,536.572,15000,21504,0.0454285
Suite_13,Deferred_Uber,0,894,1.22017,0.64369,0.08768,0.099104,0.496928,2.01951,495.169,15000,22528,0.046512
Suite_13,Deferred_Uber,0,895,1.23602,0.651808,0.084256,0.101984,0.499232,1.88731,529.855,15000,23040,0.0482529
Suite_13,Deferred_Uber,0,896,1.23409,0.639934,0.088832,0.100352,0.50176,1.9115,523.149,15000,23296,0.048793
Suite_13,Deferred_Uber,0,897,1.22864,0.629666,0.084832,0.100256,0.516096,1.89781,526.922,15000,23936,0.0502502
Suite_13,Deferred_Uber,0,898,1.22962,0.617948,0.087488,0.099232,0.483328,1.88085,531.674,15000,24832,0.0519769
Suite_13,Deferred_Uber,0,899,1.23465,0.654293,0.086528,0.100736,0.48736,1.87047,534.626,15000,25472,0.0540338
Suite_13,Deferred_Uber,0,900,1.24418,0.708438,0.08624,0.1024,0.493568,1.91294,522.755,15000,26368,0.0553917
Suite_13,Deferred_Uber,0,901,1.24193,0.631787,0.090112,0.102208,0.4944,1.98408,504.011,15000,27136,0.056576
Suite_13,Deferred_Uber,0,902,1.24996,0.670499,0.091776,0.100928,0.499104,1.89838,526.764,15000,27392,0.0570446
Suite_13,Deferred_Uber,0,903,1.25224,0.654002,0.0896,0.101376,0.503616,1.94481,514.189,15000,28160,0.0584593
Suite_13,Deferred_Uber,0,904,1.24428,0.646796,0.08848,0.101408,0.49152,1.9302,518.081,15000,28544,0.0587493
Suite_13,Deferred_Uber,0,905,1.24399,0.644522,0.089536,0.101984,0.49952,1.91685,521.69,15000,29440,0.0601933
Suite_13,Deferred_Uber,0,906,1.25614,0.661493,0.093504,0.10336,0.509952,1.91308,522.716,15000,30720,0.0620202
Suite_13,Deferred_Uber,0,907,1.26071,0.787781,0.094208,0.104448,0.498112,1.94375,514.469,15000,31744,0.0648653
Suite_13,Deferred_Uber,0,908,1.25794,0.625066,0.092384,0.102752,0.50176,2.07438,482.072,15000,32384,0.0667051
Suite_13,Deferred_Uber,0,909,1.25992,0.639191,0.094592,0.105792,0.522176,1.90983,523.606,15000,33664,0.0691012
Suite_13,Deferred_Uber,0,910,1.27178,0.632351,0.096384,0.104448,0.515904,1.92676,519.005,15000,35200,0.0716977
Suite_13,Deferred_Uber,0,911,1.27452,0.689954,0.096384,0.102368,0.502784,1.93101,517.865,15000,35712,0.0726184
Suite_13,Deferred_Uber,0,912,1.27053,0.629134,0.099968,0.103328,0.497952,1.99122,502.205,15000,37120,0.0750655
Suite_13,Deferred_Uber,0,913,1.2784,0.650741,0.100128,0.104,0.511488,1.92725,518.875,15000,38016,0.0773772
Suite_13,Deferred_Uber,0,914,1.28721,0.923632,0.100352,0.105792,0.507264,1.96269,509.506,15000,39296,0.0783116
Suite_13,Deferred_Uber,0,915,1.28354,0.623627,0.098784,0.104224,0.505856,2.23859,446.711,15000,40448,0.0815478
Suite_13,Deferred_Uber,0,916,1.28601,0.631901,0.11152,0.110368,0.52624,1.93524,516.731,15000,41472,0.0835448
Suite_13,Deferred_Uber,0,917,1.29484,0.650493,0.1024,0.105472,0.509152,1.94883,513.127,15000,42240,0.085204
Suite_13,Deferred_Uber,0,918,1.29723,0.637037,0.100416,0.104064,0.504736,1.9758,506.125,15000,43264,0.0881701
Suite_13,Deferred_Uber,0,919,1.29782,0.641941,0.104448,0.104448,0.508128,1.96301,509.421,15000,44416,0.0903702
Suite_13,Deferred_Uber,0,920,1.3076,0.684708,0.105408,0.106176,0.524032,1.96844,508.016,15000,45312,0.0917496
Suite_13,Deferred_Uber,0,921,1.30861,0.763216,0.108736,0.106688,0.528384,2.02398,494.077,15000,46080,0.0932154
Suite_13,Deferred_Uber,0,922,1.3111,0.692039,0.110144,0.10528,0.523584,2.10212,475.71,15000,47232,0.0953545
Suite_13,Deferred_Uber,0,923,1.31232,0.642946,0.111616,0.106496,0.52432,2.03301,491.883,15000,48640,0.0987251
Suite_13,Deferred_Uber,0,924,1.32191,0.636284,0.111392,0.106496,0.52192,1.98614,503.49,15000,49408,0.100283
Suite_13,Deferred_Uber,0,925,1.32281,0.644984,0.112,0.104352,0.513568,1.99165,502.097,15000,50176,0.101669
Suite_13,Deferred_Uber,0,926,1.32376,0.690408,0.116224,0.104896,0.527264,2.00019,499.953,15000,52352,0.105018
Suite_13,Deferred_Uber,0,927,1.33458,0.683905,0.116288,0.1072,0.534528,2.04738,488.43,15000,54016,0.107887
Suite_13,Deferred_Uber,0,928,1.33947,0.678965,0.116768,0.106496,0.527296,2.05137,487.48,15000,55424,0.110454
Suite_13,Deferred_Uber,0,929,1.34119,0.633649,0.120384,0.105376,0.532896,2.05313,487.061,15000,57728,0.114301
Suite_13,Deferred_Uber,0,930,1.34667,0.65612,0.118592,0.107136,0.530432,2.00973,497.579,15000,58880,0.116212
Suite_13,Deferred_Uber,0,931,1.35867,0.672748,0.126976,0.108544,0.535136,2.03891,490.459,15000,59904,0.117664
Suite_13,Deferred_Uber,0,932,1.36676,0.646751,0.120832,0.126112,0.549376,2.06656,483.897,15000,62976,0.122531
Suite_13,Deferred_Uber,0,933,1.37356,0.646369,0.124992,0.106496,0.560704,2.05688,486.174,15000,65280,0.126234
Suite_13,Deferred_Uber,0,934,1.38638,0.660271,0.126976,0.10816,0.54096,2.05821,485.86,15000,67200,0.129792
Suite_13,Deferred_Uber,0,935,1.38904,0.643669,0.12288,0.108032,0.5392,2.08419,479.804,15000,68480,0.134766
Suite_13,Deferred_Uber,0,936,1.38853,0.657948,0.126944,0.107392,0.535936,2.07066,482.938,15000,70912,0.139658
Suite_13,Deferred_Uber,0,937,1.39982,0.681266,0.12672,0.109056,0.539872,2.0928,477.829,15000,72448,0.142244
Suite_13,Deferred_Uber,0,938,1.40706,0.662301,0.130912,0.109056,0.54544,2.12398,470.814,15000,74496,0.145221
Suite_13,Deferred_Uber,0,939,1.40477,0.655798,0.131776,0.108096,0.550912,2.10937,474.075,15000,76800,0.150541
Suite_13,Deferred_Uber,0,940,1.40962,0.667447,0.133696,0.109184,0.553152,2.10235,475.657,15000,79488,0.156313
Suite_13,Deferred_Uber,0,941,1.4319,0.677604,0.137504,0.109344,0.557056,2.12306,471.019,15000,81280,0.158748
Suite_13,Deferred_Uber,0,942,1.43027,0.645507,0.15168,0.108992,0.574624,2.15759,463.479,15000,82816,0.16253
Suite_13,Deferred_Uber,0,943,1.42633,0.655647,0.154112,0.116672,0.581632,2.11805,472.133,15000,84480,0.164887
Suite_13,Deferred_Uber,0,944,1.44598,0.697161,0.143488,0.112544,0.56064,2.12486,470.62,15000,86912,0.169243
Suite_13,Deferred_Uber,0,945,1.45473,0.697468,0.14336,0.110592,0.582176,2.19191,456.222,15000,88704,0.172704
Suite_13,Deferred_Uber,0,946,1.45986,0.675319,0.144416,0.108544,0.577376,2.19994,454.558,15000,91264,0.176182
Suite_13,Deferred_Uber,0,947,1.46796,0.686222,0.14336,0.110592,0.559104,2.1814,458.421,15000,93696,0.180378
Suite_13,Deferred_Uber,0,948,1.47742,0.656164,0.143488,0.109824,0.553952,2.20072,454.397,15000,96512,0.186247
Suite_13,Deferred_Uber,0,949,1.473,0.704931,0.148416,0.110592,0.569376,2.18314,458.057,15000,98816,0.189702
Suite_13,Deferred_Uber,0,950,1.49378,0.678802,0.1536,0.110592,0.571552,2.23029,448.371,15000,102144,0.196432
Suite_13,Deferred_Uber,0,951,1.49544,0.663177,0.1536,0.11216,0.578048,2.22256,449.932,15000,103680,0.19887
Suite_13,Deferred_Uber,0,952,1.49127,0.692125,0.155072,0.111584,0.575168,2.20813,452.872,15000,105728,0.201307
Suite_13,Deferred_Uber,0,953,1.51999,0.67901,0.151776,0.11264,0.570592,2.23657,447.113,15000,108672,0.206674
Suite_13,Deferred_Uber,0,954,1.53143,0.681831,0.155648,0.114112,0.575808,2.25349,443.757,15000,111744,0.211405
Suite_13,Deferred_Uber,0,955,1.51706,0.66157,0.157696,0.11264,0.581728,2.26458,441.584,15000,114432,0.215886
Suite_13,Deferred_Uber,0,956,1.53967,0.699519,1.67254,0.11328,2.09594,2.23026,448.377,15000,117120,0.224231
Suite_13,Deferred_Uber,0,957,1.5556,0.68421,0.16384,0.114304,0.591616,2.29982,434.816,15000,120320,0.229469
Suite_13,Deferred_Uber,0,958,1.55136,0.709408,0.16384,0.112704,0.580544,2.29689,435.371,15000,123392,0.233394
Suite_13,Deferred_Uber,0,959,1.56627,0.700952,0.164896,0.114688,0.584064,2.31828,431.354,15000,127104,0.238406
Suite_13,Deferred_Uber,0,960,1.58459,0.678514,0.167424,0.115296,0.590976,2.32938,429.299,15000,129664,0.241359
Suite_13,Deferred_Uber,0,961,1.57762,0.688459,0.171136,0.114656,0.588512,2.33027,429.135,15000,132480,0.246179
Suite_13,Deferred_Uber,0,962,1.59976,0.711358,0.170656,0.11488,0.598016,2.32768,429.613,15000,137216,0.254105
Suite_13,Deferred_Uber,0,963,1.6263,0.689745,0.17408,0.11472,0.605696,2.37385,421.257,15000,142336,0.264259
Suite_13,Deferred_Uber,0,964,1.62211,0.691128,0.17408,0.114688,0.599936,2.37845,420.442,15000,146816,0.269664
Suite_13,Deferred_Uber,0,965,1.64099,0.720117,0.180224,0.11616,0.602432,2.38759,418.832,15000,149376,0.273327
Suite_13,Deferred_Uber,0,966,1.65443,0.699591,0.18208,0.11488,0.605056,2.43014,411.499,15000,151424,0.276724
Suite_13,Deferred_Uber,0,967,1.64928,0.69073,0.180256,0.115712,0.60416,2.42139,412.985,15000,154880,0.28241
Suite_13,Deferred_Uber,0,968,1.66784,1.34038,0.187328,0.118176,0.610464,2.40555,415.705,15000,158848,0.289356
Suite_13,Deferred_Uber,0,969,1.70559,0.702642,0.186624,0.12288,0.661472,3.08461,324.19,15000,162560,0.294484
Suite_13,Deferred_Uber,0,970,1.7697,0.765361,0.188416,0.118176,0.621888,2.48347,402.662,15000,167296,0.301596
Suite_13,Deferred_Uber,0,971,1.74094,0.730061,0.202752,0.118784,0.630784,2.62071,381.576,15000,170752,0.307306
Suite_13,Deferred_Uber,0,972,1.72281,0.703959,0.194784,0.11712,0.626112,2.54518,392.9,15000,172800,0.310073
Suite_13,Deferred_Uber,0,973,1.71824,0.733245,0.199616,0.118784,0.630784,2.50776,398.762,15000,177280,0.318161
Suite_13,Deferred_Uber,0,974,1.74619,0.720705,0.20288,0.118752,0.625632,2.5311,395.085,15000,181632,0.324193
Suite_13,Deferred_Uber,0,975,1.75126,0.720486,0.202112,0.118784,0.630784,2.54544,392.859,15000,187264,0.333341
Suite_13,Deferred_Uber,0,976,1.78234,0.756054,0.204672,0.119328,0.63664,2.55193,391.86,15000,190592,0.338211
Suite_13,Deferred_Uber,0,977,1.78923,0.70591,0.208672,0.137792,0.647104,2.62299,381.244,15000,195456,0.346368
Suite_13,Deferred_Uber,0,978,1.78971,0.735643,0.21504,0.120224,0.639072,2.57802,387.895,15000,199808,0.35283
Suite_13,Deferred_Uber,0,979,1.81168,0.73179,0.221536,0.120128,0.657408,2.61222,382.816,15000,204032,0.359225
Suite_13,Deferred_Uber,0,980,1.81549,0.734241,0.217696,0.11888,0.649216,2.62577,380.84,15000,209152,0.365563
Suite_13,Deferred_Uber,0,981,1.8344,0.755861,0.217088,0.121952,0.651552,2.63837,379.022,15000,213888,0.373155
Suite_13,Deferred_Uber,0,982,1.86228,0.759198,0.652544,0.120832,1.08192,2.67924,373.241,15000,219264,0.379196
Suite_13,Deferred_Uber,0,983,1.86478,0.747463,0.221184,0.118784,0.66192,2.71475,368.358,15000,224256,0.386136
Suite_13,Deferred_Uber,0,984,1.88976,0.756679,0.23152,0.121568,0.669696,2.70392,369.833,15000,227456,0.391631
Suite_13,Deferred_Uber,0,985,1.90387,0.749961,0.233952,0.122048,0.657408,2.74401,364.43,15000,232064,0.400918
Suite_13,Deferred_Uber,0,986,1.94229,0.78465,0.237568,0.12256,0.670912,2.74868,363.811,15000,237696,0.408094
Suite_13,Deferred_Uber,0,987,1.94867,0.750908,0.240512,0.121344,0.667648,2.82824,353.577,15000,241536,0.412907
Suite_13,Deferred_Uber,0,988,1.94196,0.751844,0.235488,0.120832,0.667648,2.79463,357.83,15000,247808,0.422379
Suite_13,Deferred_Uber,0,989,1.96612,0.807611,0.244512,0.122848,0.680992,2.79542,357.728,15000,252672,0.430066
Suite_13,Deferred_Uber,0,990,1.97957,0.844102,0.24912,0.121664,0.685408,2.87616,347.686,15000,257920,0.437178
Suite_13,Deferred_Uber,0,991,1.99862,0.942124,0.262144,0.124224,0.695072,2.92391,342.007,15000,264064,0.444048
Suite_13,Deferred_Uber,0,992,2.02124,0.91554,0.255264,0.140288,0.704736,3.04995,327.874,15000,268544,0.450072
Suite_13,Deferred_Uber,0,993,2.01738,0.936129,0.254816,0.124576,0.690304,3.04232,328.697,15000,272768,0.455574
Suite_13,Deferred_Uber,0,994,2.05092,0.929338,0.259936,0.1232,0.690496,3.06386,326.385,15000,278400,0.465853
Suite_13,Deferred_Uber,0,995,2.05522,0.935764,0.281152,0.123072,0.715904,3.08899,323.731,15000,283776,0.473128
Suite_13,Deferred_Uber,0,996,2.0843,1.003,0.26848,0.126432,0.711904,3.10859,321.69,15000,289664,0.479667
Suite_13,Deferred_Uber,0,997,2.09408,0.94562,0.270848,0.122688,0.702464,3.20699,311.819,15000,296448,0.489586
Suite_13,Deferred_Uber,0,998,2.12231,0.976269,0.276736,0.124928,0.7168,3.16207,316.249,15000,302336,0.499368
Suite_13,Deferred_Uber,0,999,2.133,0.95278,0.561152,0.12608,0.995104,3.22416,310.158,15000,306688,0.505546
Suite_13,Deferred_Uber,0,1000,2.15967,0.978848,0.280576,0.126976,0.718528,3.20993,311.534,15000,314112,0.51567
Suite_13,Deferred_Uber,0,1001,2.17587,0.969842,0.292064,0.126976,0.72704,3.26319,306.448,15000,320512,0.523739
Suite_13,Deferred_Uber,0,1002,2.18451,0.992502,0.288864,0.12752,0.722944,3.26978,305.831,15000,326528,0.532035
Suite_13,Deferred_Uber,0,1003,2.20952,0.973531,0.294912,0.128448,0.733408,3.30635,302.448,15000,331904,0.540298
Suite_13,Deferred_Uber,0,1004,2.21887,1.0079,0.300416,0.127776,0.739616,3.31179,301.952,15000,338176,0.549927
Suite_13,Deferred_Uber,0,1005,2.25064,1.0002,0.311712,0.1536,0.775168,3.35825,297.774,15000,345472,0.559512
Suite_13,Deferred_Uber,0,1006,2.26363,1.03432,1.8248,0.129024,2.2623,3.38515,295.408,15000,352512,0.570754
Suite_13,Deferred_Uber,0,1007,2.28932,1.11988,0.328576,0.147968,0.784384,3.4365,290.994,15000,358144,0.578923
Suite_13,Deferred_Uber,0,1008,2.30287,1.04062,0.31632,0.130304,0.761888,3.54513,282.077,15000,365184,0.588259
Suite_13,Deferred_Uber,0,1009,2.33349,1.02785,0.31728,0.13072,0.764832,3.4904,286.5,15000,371840,0.60032
Suite_13,Deferred_Uber,0,1010,2.34682,1.04966,0.320896,0.129888,0.764064,3.50865,285.01,15000,377216,0.607228
Suite_13,Deferred_Uber,0,1011,2.36594,1.02655,0.326528,0.131072,0.770048,3.54757,281.883,15000,384384,0.620871
Suite_13,Deferred_Uber,0,1012,2.37988,1.07584,0.341056,0.132384,0.788096,3.54319,282.231,15000,390016,0.631366
Suite_13,Deferred_Uber,0,1013,2.40407,1.0447,0.332288,0.13312,0.77824,3.61076,276.95,15000,395904,0.640883
Suite_13,Deferred_Uber,0,1014,2.42628,1.09814,0.340864,0.1312,0.784384,3.60266,277.572,15000,402944,0.649016
Suite_13,Deferred_Uber,0,1015,2.44523,1.05552,0.346144,0.131968,0.788736,3.67588,272.044,15000,410112,0.660323
Suite_13,Deferred_Uber,0,1016,2.47023,1.12696,0.354816,0.132896,0.804192,3.65898,273.3,15000,416896,0.671378
Suite_13,Deferred_Uber,0,1017,2.49559,1.0786,0.352288,0.130752,0.817152,3.75573,266.26,15000,423424,0.681921
Suite_13,Deferred_Uber,0,1018,2.51525,1.11733,0.673792,0.134624,1.12534,3.73552,267.7,15000,430464,0.694835
Suite_13,Deferred_Uber,0,1019,2.52743,1.10074,0.381024,0.133696,0.827392,3.79633,263.412,15000,436736,0.70706
Suite_13,Deferred_Uber,0,1020,2.54764,1.10679,0.366432,0.132096,0.81472,3.79659,263.394,15000,444416,0.717501
Suite_13,Deferred_Uber,0,1021,2.56584,1.12289,0.366784,0.135168,0.8192,3.83384,260.835,15000,451200,0.727004
Suite_13,Deferred_Uber,0,1022,2.59122,1.11526,0.3992,0.13184,0.86016,3.86221,258.919,15000,458368,0.74006
Suite_13,Deferred_Uber,0,1023,2.6066,1.14779,0.38912,0.137184,0.829952,3.87409,258.125,15000,465280,0.753524
Suite_13,Deferred_Uber,0,1024,2.62746,1.24911,0.38912,0.137216,0.842432,3.9331,254.252,15000,473344,0.766988
Suite_13,Deferred_Uber,0,1025,2.65358,1.15869,0.391168,0.137216,0.842816,4.05906,246.362,15000,480768,0.779849
Suite_13,Deferred_Uber,0,1026,2.67386,1.14965,0.415744,0.137024,0.863808,3.99093,250.568,15000,487040,0.791218
Suite_13,Deferred_Uber,0,1027,2.70401,1.1799,0.397312,0.135648,0.8392,4.01012,249.369,15000,494592,0.805351
Suite_13,Deferred_Uber,0,1028,2.72031,1.20023,1.92512,0.1408,2.38176,4.06623,245.928,15000,502144,0.81653
Suite_13,Deferred_Uber,0,1029,2.73993,1.16321,0.407552,0.139264,0.85808,4.13395,241.9,15000,510208,0.828967
Suite_13,Deferred_Uber,0,1030,2.76115,1.21947,0.413664,0.139424,0.863584,4.10706,243.483,15000,516480,0.840035
Suite_13,Deferred_Uber,0,1031,2.79256,1.19064,0.416096,0.154144,0.894784,4.17057,239.775,15000,525312,0.860066
Suite_13,Deferred_Uber,0,1032,2.81424,1.22753,0.4216,0.13808,0.8704,4.18355,239.032,15000,533632,0.870612
Suite_13,Deferred_Uber,0,1033,2.83752,1.23999,1.93709,0.141216,2.39181,4.24205,235.735,15000,540928,0.881265
Suite_13,Deferred_Uber,0,1034,2.85188,1.22857,0.433568,0.141472,0.891424,4.29294,232.94,15000,548736,0.893607
Suite_13,Deferred_Uber,0,1035,2.88059,1.26588,0.43856,0.143104,0.90016,4.28107,233.586,15000,555520,0.904876
Suite_13,Deferred_Uber,0,1036,2.89818,1.25115,0.444416,0.14336,0.903168,4.36289,229.206,15000,562048,0.915635
Suite_13,Deferred_Uber,0,1037,2.91594,1.24881,1.07974,0.13936,1.5336,4.36909,228.881,15000,569216,0.925575
Suite_13,Deferred_Uber,0,1038,2.94378,1.37549,0.456256,0.141952,0.910688,4.37758,228.437,15000,578944,0.940298
Suite_13,Deferred_Uber,0,1039,2.96717,1.25241,0.477984,0.1432,0.933632,4.54466,220.039,15000,586752,0.951137
Suite_13,Deferred_Uber,0,1040,2.98826,1.27114,0.456064,0.141664,0.913344,4.45025,224.706,15000,593664,0.962564
Suite_13,Deferred_Uber,0,1041,3.02542,1.33637,0.477568,0.145216,0.935936,4.48352,223.039,15000,601344,0.975407
Suite_13,Deferred_Uber,0,1042,3.03097,1.27369,0.469312,0.159744,0.933888,4.58214,218.239,15000,608256,0.985611
Suite_13,Deferred_Uber,0,1043,3.05949,1.29291,0.473536,0.14336,0.95232,4.53003,220.749,15000,617856,0.998243
Suite_13,Deferred_Uber,0,1044,3.08831,2.02004,0.483328,0.145856,0.944512,4.57542,218.559,15000,626048,1.00856
Suite_13,Deferred_Uber,0,1045,3.11465,1.32336,1.68682,0.146336,2.14518,5.35412,186.772,15000,633344,1.01745
Suite_13,Deferred_Uber,0,1046,3.1322,1.33023,0.493568,0.145408,0.950496,4.66974,214.145,15000,640640,1.03124
Suite_13,Deferred_Uber,0,1047,3.14736,1.33208,0.491744,0.148128,0.95232,4.70684,212.457,15000,647296,1.04196
Suite_13,Deferred_Uber,0,1048,3.16124,1.32542,0.499136,0.147424,0.95456,4.72761,211.523,15000,654080,1.05197
Suite_13,Deferred_Uber,0,1049,3.191,1.35583,1.48602,0.14848,1.95402,4.72579,211.605,15000,661888,1.06934
Suite_13,Deferred_Uber,0,1050,3.23232,1.39317,0.514688,0.149504,0.9728,4.79219,208.673,15000,671872,1.0852
Suite_13,Deferred_Uber,0,1051,3.2418,1.38262,0.517728,0.149312,0.979648,4.87101,205.296,15000,679424,1.09697
Suite_13,Deferred_Uber,0,1052,3.25708,1.3988,0.52208,0.148224,0.98304,4.87195,205.256,15000,686208,1.11147
Suite_13,Deferred_Uber,0,1053,3.32129,1.46009,1.21405,0.1496,1.67424,4.91411,203.496,15000,693120,1.12252
Suite_13,Deferred_Uber,0,1054,3.30702,1.45762,0.5288,0.149696,0.99728,5.04296,198.296,15000,700800,1.13609
Suite_13,Deferred_Uber,0,1055,3.32225,1.38114,0.535712,0.151552,1.00163,5.02799,198.887,15000,708992,1.15231
Suite_13,Deferred_Uber,0,1056,3.34771,1.4227,1.56486,0.151552,2.03267,4.96357,201.468,15000,715392,1.16386
Suite_13,Deferred_Uber,0,1057,3.37161,1.41409,0.540672,0.151552,1.01171,5.04552,198.196,15000,723584,1.17893
Suite_13,Deferred_Uber,0,1058,3.39105,1.43369,0.551008,0.152672,1.02147,5.0466,198.153,15000,731904,1.19215
Suite_13,Deferred_Uber,0,1059,3.41708,1.55654,1.31517,0.153344,1.78563,5.09983,196.085,15000,741632,1.20564
Suite_13,Deferred_Uber,0,1060,3.44712,1.44053,0.558624,0.1536,1.03632,5.25313,190.363,15000,750080,1.21874
Suite_13,Deferred_Uber,0,1061,3.48789,1.46781,0.570112,0.153632,1.04243,5.16275,193.695,15000,758656,1.23214
Suite_13,Deferred_Uber,0,1062,3.49094,1.46672,2.09315,0.156768,2.56736,5.23891,190.879,15000,766080,1.24475
Suite_13,Deferred_Uber,0,1063,3.51322,1.46348,0.603776,0.154176,1.06906,5.25,190.476,15000,773376,1.25692
Suite_13,Deferred_Uber,0,1064,3.53944,1.46376,0.581632,0.155648,1.05299,5.26522,189.926,15000,781952,1.27427
Suite_13,Deferred_Uber,0,1065,3.57217,1.47796,1.2704,0.15568,1.7424,5.29715,188.781,15000,791552,1.28631
Suite_13,Deferred_Uber,0,1066,3.58464,1.49023,0.592608,0.157696,1.06906,5.35062,186.894,15000,798208,1.29794
Suite_13,Deferred_Uber,0,1067,3.60961,1.48738,0.599392,0.156608,1.06509,5.36908,186.252,15000,806016,1.31484
Suite_13,Deferred_Uber,0,1068,3.62903,1.50857,0.775872,0.156,1.24512,5.39282,185.432,15000,814080,1.32712
Suite_13,Deferred_Uber,0,1069,3.65896,1.63228,0.626688,0.169984,1.11443,5.4361,183.955,15000,822400,1.34312
Suite_13,Deferred_Uber,0,1070,3.68491,1.54799,0.616448,0.159328,1.09747,5.59083,178.864,15000,831744,1.35886
Suite_13,Deferred_Uber,0,1071,3.71549,1.53158,0.626624,0.158016,1.09789,5.52884,180.87,15000,841472,1.37616
Suite_13,Deferred_Uber,0,1072,3.72545,1.53605,0.622912,0.159808,1.09978,5.55372,180.059,15000,848128,1.39096
Suite_13,Deferred_Uber,0,1073,3.75319,1.54164,0.626688,0.157696,1.10429,5.56784,179.603,15000,855936,1.40117
Suite_13,Deferred_Uber,0,1074,3.77632,1.55742,1.37011,0.169088,1.85814,5.61184,178.195,15000,862208,1.41494
Suite_13,Deferred_Uber,0,1075,3.80403,1.5777,0.64512,0.159808,1.11334,5.64317,177.205,15000,870272,1.42811
Suite_13,Deferred_Uber,0,1076,3.82664,1.57723,0.645312,0.161344,1.12845,5.69322,175.647,15000,879232,1.4419
Suite_13,Deferred_Uber,0,1077,3.85594,1.75636,2.16762,0.162176,2.64774,5.73083,174.495,15000,889088,1.45341
Suite_13,Deferred_Uber,0,1078,3.87646,1.58357,0.682368,0.163648,1.16662,5.93194,168.579,15000,897280,1.46784
Suite_13,Deferred_Uber,0,1079,3.90647,2.29663,0.686016,0.164064,1.1657,5.79215,172.647,15000,905088,1.47729
Suite_13,Deferred_Uber,0,1080,3.92614,1.60792,1.57366,0.163104,2.05434,6.53956,152.916,15000,912384,1.49049
Suite_13,Deferred_Uber,0,1081,3.9487,1.60698,0.686272,0.160512,1.18374,5.85725,170.729,15000,920320,1.50472
Suite_13,Deferred_Uber,0,1082,3.96783,1.61747,0.674496,0.16384,1.16019,5.88796,169.838,15000,927872,1.51723
Suite_13,Deferred_Uber,0,1083,3.9912,1.6282,0.802816,0.164864,1.27811,5.9225,168.848,15000,935552,1.5314
Suite_13,Deferred_Uber,0,1084,4.00575,1.62752,0.685088,0.165888,1.16659,5.96274,167.708,15000,942208,1.54185
Suite_13,Deferred_Uber,0,1085,4.02466,1.65661,0.689952,0.164512,1.1735,5.98353,167.125,15000,948608,1.55652
Suite_13,Deferred_Uber,0,1086,4.04801,1.67321,1.51299,0.166304,1.99462,6.03642,165.661,15000,957312,1.5701
Suite_13,Deferred_Uber,0,1087,4.0722,1.69304,0.704512,0.167488,1.18208,6.07215,164.686,15000,964736,1.58544
Suite_13,Deferred_Uber,0,1088,4.09736,1.6676,0.717664,0.168224,1.20218,6.12264,163.328,15000,972544,1.59984
Suite_13,Deferred_Uber,0,1089,4.11819,1.73709,1.45786,0.16448,1.94195,6.12556,163.25,15000,979328,1.61431
Suite_13,Deferred_Uber,0,1090,4.14678,1.75713,0.706624,0.166336,1.18566,6.20469,161.168,15000,985984,1.62658
Suite_13,Deferred_Uber,0,1091,4.16514,1.70454,0.710656,0.16928,1.2024,6.26558,159.602,15000,992896,1.63797
Suite_13,Deferred_Uber,0,1092,4.17836,1.83718,0.729088,0.169344,1.33267,6.23774,160.314,15000,1000064,1.65375
Suite_13,Deferred_Uber,0,1093,4.19466,1.71239,0.72928,0.169888,1.33939,6.37049,156.974,15000,1007872,1.66782
Suite_13,Deferred_Uber,0,1094,4.2162,1.72259,0.726624,0.170528,1.33123,6.28099,159.21,15000,1014144,1.67595
Suite_13,Deferred_Uber,0,1095,4.23152,1.72713,2.024,0.172032,2.51699,6.3087,158.511,15000,1021696,1.68733
Suite_13,Deferred_Uber,0,1096,4.25681,1.75471,0.757536,0.17424,1.81334,6.32463,158.112,15000,1028480,1.7027
Suite_13,Deferred_Uber,0,1097,4.27091,1.72627,0.743456,0.169984,1.80326,6.3924,156.436,15000,1035136,1.71702
Suite_13,Deferred_Uber,0,1098,4.28481,1.7374,1.6071,0.173888,2.09722,6.36531,157.101,15000,1040768,1.7206
Suite_13,Deferred_Uber,0,1099,4.30945,1.84341,0.747328,0.17216,1.3527,6.39566,156.356,15000,1046912,1.73517
Suite_13,Deferred_Uber,0,1100,4.33329,1.76841,0.772096,0.17376,1.88662,6.53205,153.091,15000,1054464,1.74631
Suite_13,Deferred_Uber,0,1101,4.35257,1.78664,1.59402,0.187808,2.09469,6.47529,154.433,15000,1059968,1.75307
Suite_13,Deferred_Uber,0,1102,4.36611,1.7901,0.761376,0.172832,1.26454,6.5233,153.297,15000,1065344,1.76502
Suite_13,Deferred_Uber,0,1103,4.38157,1.81002,1.62509,0.175936,2.1128,6.54483,152.792,15000,1070720,1.77558
Suite_13,Deferred_Uber,0,1104,4.39002,1.81734,0.768224,0.176128,1.26976,6.5687,152.237,15000,1074688,1.78048
Suite_13,Deferred_Uber,0,1105,4.44439,1.84342,1.2937,0.176512,1.79296,6.6075,151.343,15000,1081728,1.79663
Suite_13,Deferred_Uber,0,1106,4.43278,2.50005,0.782336,0.175776,1.27843,6.67853,149.734,15000,1087616,1.80954
Suite_13,Deferred_Uber,0,1107,4.44526,1.86108,1.43376,0.17824,1.92688,7.33229,136.383,15000,1093632,1.81745
Suite_13,Deferred_Uber,0,1108,4.46572,1.85065,0.784864,0.180384,1.28819,6.69205,149.431,15000,1099264,1.82698
Suite_13,Deferred_Uber,0,1109,4.47842,1.89051,1.04058,0.181888,1.54624,6.71471,148.927,15000,1104896,1.84061
Suite_13,Deferred_Uber,0,1110,4.4915,1.8885,0.790976,0.180256,1.29638,6.77537,147.593,15000,1109504,1.85246
Suite_13,Deferred_Uber,0,1111,4.52014,1.89684,0.804992,0.180704,1.42285,6.76925,147.727,15000,1115008,1.86724
Suite_13,Deferred_Uber,0,1112,4.52715,1.88925,0.79776,0.17904,1.41795,6.80898,146.865,15000,1120000,1.87913
Suite_13,Deferred_Uber,0,1113,4.53231,1.9076,0.80896,0.180256,1.43171,6.82527,146.514,15000,1125632,1.88817
Suite_13,Deferred_Uber,0,1114,4.54594,1.90388,0.802592,0.1808,1.41984,6.85379,145.905,15000,1130880,1.90527
Suite_13,Deferred_Uber,0,1115,4.55997,1.90481,2.33882,0.18608,2.96413,6.85483,145.882,15000,1135616,1.92303
Suite_13,Deferred_Uber,0,1116,4.57569,1.90363,0.817152,0.184,1.43398,6.87639,145.425,15000,1140224,1.92984
Suite_13,Deferred_Uber,0,1117,4.58704,1.92603,2.34006,0.182624,2.96243,6.92723,144.358,15000,1145088,1.93795
Suite_13,Deferred_Uber,0,1118,4.59768,1.89166,0.81568,0.183392,1.42906,6.93566,144.182,15000,1149056,1.95119
Suite_13,Deferred_Uber,0,1119,4.62103,1.92156,2.34701,0.18432,2.96755,6.89457,145.042,15000,1155072,1.95236
Suite_13,Deferred_Uber,0,1120,4.62961,1.89635,0.826208,0.18656,1.44998,6.94625,143.963,15000,1158528,1.96342
Suite_13,Deferred_Uber,0,1121,4.64528,1.94004,2.36134,0.186144,2.98845,6.94681,143.951,15000,1164288,1.97697
Suite_13,Deferred_Uber,0,1122,4.65794,1.91759,0.835424,0.186592,1.4591,7.01323,142.588,15000,1168896,1.98968
Suite_13,Deferred_Uber,0,1123,4.67554,1.95181,0.84912,0.18976,1.47376,7.00222,142.812,15000,1174784,2.00433
Suite_13,Deferred_Uber,0,1124,4.69544,1.93734,0.847872,0.188416,1.46506,7.0386,142.074,15000,1179776,2.02008
Suite_13,Deferred_Uber,0,1125,4.71107,2.00929,0.851712,0.188416,1.47274,7.05069,141.83,15000,1184512,2.02418
Suite_13,Deferred_Uber,0,1126,4.71113,1.92309,0.847872,0.188416,1.35744,7.14438,139.97,15000,1188480,2.03155
Suite_13,Deferred_Uber,0,1127,4.73183,1.98107,1.1735,0.189504,1.68278,7.06334,141.576,15000,1193600,2.05123
Suite_13,Deferred_Uber,0,1128,4.74624,1.95805,0.857344,0.189152,1.37267,7.14731,139.913,15000,1198208,2.06537
Suite_13,Deferred_Uber,0,1129,4.75134,1.93727,1.57238,0.19216,2.08486,7.13712,140.113,15000,1201920,2.08222
Suite_13,Deferred_Uber,0,1130,4.77094,2.62136,0.865344,0.188416,1.37686,7.12109,140.428,15000,1206400,2.09635
Suite_13,Deferred_Uber,0,1131,4.78318,1.94808,1.76963,0.201696,2.85866,7.83604,127.615,15000,1210752,2.11235
Suite_13,Deferred_Uber,0,1132,4.79189,1.95444,0.891104,0.204608,1.98042,7.15516,139.759,15000,1215232,2.12717
Suite_13,Deferred_Uber,0,1133,4.80877,2.00062,1.82173,0.18896,2.89178,7.17821,139.311,15000,1218688,2.13364
Suite_13,Deferred_Uber,0,1134,4.81366,1.97959,0.897024,0.192512,2.0272,7.25579,137.821,15000,1222144,2.14502
Suite_13,Deferred_Uber,0,1135,4.83241,2.02792,2.18931,0.194272,2.81421,7.23506,138.216,15000,1228032,2.15984
Suite_13,Deferred_Uber,0,1136,4.83995,1.9508,0.892928,0.191584,1.4304,7.30599,136.874,15000,1231360,2.17238
Suite_13,Deferred_Uber,0,1137,4.84291,1.99977,1.88826,0.188416,2.4224,7.22457,138.416,15000,1233280,2.1825
Suite_13,Deferred_Uber,0,1138,4.84928,2.00767,0.912576,0.19456,1.9927,7.28764,137.219,15000,1236096,2.19884
Suite_13,Deferred_Uber,0,1139,4.87177,2.04921,1.89869,0.194176,2.97984,7.31503,136.705,15000,1239936,2.21281
Suite_13,Deferred_Uber,0,1140,4.88002,2.00351,0.907424,0.192992,1.9823,7.37219,135.645,15000,1244160,2.2295
Suite_13,Deferred_Uber,0,1141,4.87732,2.00228,2.10534,0.192672,4.11686,7.3493,136.067,15000,1246976,2.24236
Suite_13,Deferred_Uber,0,1142,4.89106,2.02578,0.90544,0.192352,1.53805,7.32709,136.48,15000,1249664,2.25647
Suite_13,Deferred_Uber,0,1143,4.89529,2.01455,2.44374,0.193856,3.07731,7.37907,135.518,15000,1250816,2.26302
Suite_13,Deferred_Uber,0,1144,4.90129,2.0262,0.901536,0.193632,1.52694,7.36637,135.752,15000,1251712,2.26814
Suite_13,Deferred_Uber,0,1145,4.91154,2.00945,0.919552,0.19456,1.5527,7.3991,135.152,15000,1253888,2.27913
Suite_13,Deferred_Uber,0,1146,4.91216,2.03175,0.905728,0.193024,1.42336,7.36825,135.717,15000,1254656,2.2878
Suite_13,Deferred_Uber,0,1147,4.979,2.04303,1.81274,0.1888,2.32858,7.39716,135.187,15000,1256064,2.29599
Suite_13,Deferred_Uber,0,1148,4.93019,2.0269,0.919552,0.186464,1.45203,7.47777,133.73,15000,1258112,2.31319
Suite_13,Deferred_Uber,0,1149,4.93478,2.04315,1.86778,0.198752,2.96253,7.4107,134.94,15000,1260672,2.32563
Suite_13,Deferred_Uber,0,1150,4.93985,2.04777,0.93792,0.189344,2.00397,7.43068,134.577,15000,1261696,2.33797
Suite_13,Deferred_Uber,0,1151,4.94182,2.01958,2.39094,0.188288,5.00554,7.44252,134.363,15000,1264000,2.34802
Suite_13,Deferred_Uber,0,1152,4.95102,10.0205,0.938944,0.190592,2.00704,7.41285,134.901,15000,1264512,2.33293
Suite_13,Deferred_Uber,0,1153,4.94634,2.03132,3.25606,0.189024,3.88301,15.4436,64.7515,15000,1265152,2.34252
Suite_13,Deferred_Uber,0,1154,4.95113,2.00385,0.922016,0.191104,2.94298,7.43507,134.498,15000,1267072,2.35751
Suite_13,Deferred_Uber,0,1155,4.96044,2.0243,3.0167,0.190464,3.64749,7.40592,135.027,15000,1267968,2.37196
Suite_13,Deferred_Uber,0,1156,4.96461,2.0024,0.931136,0.190464,1.55658,7.45292,134.176,15000,1269376,2.37648
Suite_13,Deferred_Uber,0,1157,4.96723,2.01348,0.934304,0.191744,1.5585,7.4332,134.532,15000,1270400,2.38542
Suite_13,Deferred_Uber,0,1158,4.96935,2.00142,0.93008,0.188416,1.4336,7.4391,134.425,15000,1270784,2.39955
Suite_13,Deferred_Uber,0,1159,4.97268,2.02562,1.87187,0.188416,2.37955,7.43963,134.415,15000,1272064,2.40164
Suite_13,Deferred_Uber,0,1160,4.97239,2.00039,0.927744,0.185568,1.45466,7.45734,134.096,15000,1272320,2.40562
Suite_13,Deferred_Uber,0,1161,4.98508,2.00667,1.85498,0.191008,2.94694,7.44463,134.325,15000,1273088,2.42039
Suite_13,Deferred_Uber,0,1162,4.98786,2.00666,0.948224,0.188416,2.02138,7.45477,134.142,15000,1273088,2.43263
Suite_13,Deferred_Uber,0,1163,4.97627,1.99836,2.3144,0.184864,4.9313,7.47896,133.708,15000,1272448,2.4399
Suite_13,Deferred_Uber,0,1164,4.98892,2.01083,0.931776,0.185888,1.55008,7.42304,134.716,15000,1272832,2.45064
Suite_13,Deferred_Uber,0,1165,4.98961,2.06254,1.54224,0.188416,2.6112,7.46444,133.968,15000,1273600,2.44054
Suite_13,Deferred_Uber,0,1166,4.98493,2.00626,0.961952,0.184896,2.03165,7.5223,132.938,15000,1273088,2.45454
Suite_13,Deferred_Uber,0,1167,4.98609,2.05048,2.26509,0.186368,4.27418,7.45212,134.19,15000,1273856,2.47387
Suite_13,Deferred_Uber,0,1168,4.98318,2.01531,0.933888,0.187456,1.55891,7.49592,133.406,15000,1272960,2.47507
Suite_13,Deferred_Uber,0,1169,4.97675,2.03387,2.46173,0.188096,3.08429,7.46266,134.001,15000,1270528,2.4784
Suite_13,Deferred_Uber,0,1170,4.98118,2.01566,0.929824,0.190432,1.5503,7.46807,133.903,15000,1269760,2.4852
Suite_13,Deferred_Uber,0,1171,4.97951,2.03054,1.16122,0.189888,1.66749,7.47837,133.719,15000,1268736,2.49202
Suite_13,Deferred_Uber,0,1172,4.98095,1.99873,0.931616,0.18656,1.4385,7.46716,133.92,15000,1268736,2.51051
Suite_13,Deferred_Uber,0,1173,4.9824,2.0023,1.87789,0.180576,2.37053,7.44379,134.34,15000,1269248,2.51842
Suite_13,Deferred_Uber,0,1174,4.97772,2.66611,0.95344,0.752288,2.02947,7.42912,134.605,15000,1266560,2.52446
Suite_13,Deferred_Uber,0,1175,4.98005,2.01638,2.38387,0.182272,5.01146,8.10993,123.306,15000,1267200,2.5359
Suite_13,Deferred_Uber,0,1176,4.97919,2.00848,0.933888,0.182272,1.5529,7.4569,134.104,15000,1267328,2.55657
Suite_13,Deferred_Uber,0,1177,4.98638,2.02895,1.43101,0.18656,2.49702,7.43811,134.443,15000,1267456,2.57985
Suite_13,Deferred_Uber,0,1178,4.97803,2.06081,0.94656,0.184448,2.00458,7.47599,133.762,15000,1266432,2.57705
Suite_13,Deferred_Uber,0,1179,4.98451,2.03356,2.29958,0.184128,4.30883,7.50902,133.173,15000,1265408,2.58758
Suite_13,Deferred_Uber,0,1180,4.97849,2.00608,0.923648,0.1856,1.53984,7.46923,133.883,15000,1264256,2.60694
Suite_13,Deferred_Uber,0,1181,4.9733,2.02883,2.43917,0.18416,3.05533,7.4482,134.261,15000,1261696,2.62522
Suite_13,Deferred_Uber,0,1182,4.96919,1.9977,0.923648,0.185984,1.54624,7.46567,133.946,15000,1261056,2.65155
Suite_13,Deferred_Uber,0,1183,4.9712,2.01356,1.05139,0.18432,1.55443,7.42443,134.69,15000,1259136,2.59139
Suite_13,Deferred_Uber,0,1184,4.96899,2.00692,0.923392,0.18368,1.42042,7.43278,134.539,15000,1258496,2.59553
Suite_13,Deferred_Uber,0,1185,4.96188,2.01282,1.86403,0.18288,2.36682,7.44319,134.351,15000,1256320,2.57904
Suite_13,Deferred_Uber,0,1186,4.97002,2.11897,0.915456,0.196608,1.42701,7.41783,134.81,15000,1255040,2.58904
Suite_13,Deferred_Uber,0,1187,4.96563,2.01761,1.8792,0.194208,2.94186,7.5475,132.494,15000,1252736,2.54944
Suite_13,Deferred_Uber,0,1188,4.95591,1.97853,0.927744,0.183872,1.98406,7.45069,134.216,15000,1251968,2.55439
Suite_13,Deferred_Uber,0,1189,4.9579,2.0044,2.21882,0.179264,2.84374,7.38134,135.477,15000,1249152,2.5637
Suite_13,Deferred_Uber,0,1190,4.94972,2.01459,0.90464,0.17696,1.40493,7.43274,134.54,15000,1246464,2.57012
Suite_13,Deferred_Uber,0,1191,4.94117,1.99484,1.4799,0.182272,2.53405,7.42682,134.647,15000,1244800,2.59163
Suite_13,Deferred_Uber,0,1192,4.94405,2.01171,0.925216,0.182048,1.97926,7.39141,135.292,15000,1242240,2.48163
Suite_13,Deferred_Uber,0,1193,4.92959,2.00909,2.4105,0.179904,4.43478,7.39347,135.255,15000,1239552,2.49069
Suite_13,Deferred_Uber,0,1194,4.9201,1.97345,0.907296,0.182272,2.91747,7.40575,135.03,15000,1238528,2.44614
Suite_13,Deferred_Uber,0,1195,4.92089,2.00782,3.02653,0.18304,3.63824,7.34063,136.228,15000,1235840,2.4454
Suite_13,Deferred_Uber,0,1196,4.9213,2.63794,0.90112,0.181952,1.51062,7.38155,135.473,15000,1234688,2.44504
Suite_13,Deferred_Uber,0,1197,4.92419,1.98849,1.21254,0.181056,1.71827,8.01692,124.736,15000,1233280,2.42994
Suite_13,Deferred_Uber,0,1198,4.91743,1.97227,0.91136,0.178176,1.4113,7.36582,135.762,15000,1230720,2.40972
Suite_13,Deferred_Uber,0,1199,4.90791,1.98595,1.84147,0.178624,2.33882,7.34883,136.076,15000,1227264,2.41849
Suite_13,Deferred_Uber,0,1200,4.89957,1.96057,0.900064,0.174272,1.41312,7.33965,136.246,15000,1223680,2.40779
Suite_13,Deferred_Uber,0,1201,4.88665,1.98342,1.83152,0.191584,2.90202,7.31771,136.655,15000,1220224,2.42257
Suite_13,Deferred_Uber,0,1202,4.88697,1.9506,0.921664,0.179776,1.9816,7.31364,136.731,15000,1218816,2.43386
Suite_13,Deferred_Uber,0,1203,4.87671,1.93808,1.84314,0.178208,2.90509,7.29495,137.081,15000,1215616,2.44748
Suite_13,Deferred_Uber,0,1204,4.87885,1.95791,0.909248,0.17648,2.03392,7.25476,137.84,15000,1212288,2.44239
Suite_13,Deferred_Uber,0,1205,4.87703,1.94657,2.08499,0.17408,2.7095,7.28191,137.327,15000,1208704,2.45077
Suite_13,Deferred_Uber,0,1206,4.86945,1.96473,0.90064,0.17424,1.4167,7.25913,137.757,15000,1205888,2.46806
Suite_13,Deferred_Uber,0,1207,4.8557,1.94651,1.87597,0.185984,2.93885,7.25806,137.778,15000,1203072,2.46841
Suite_13,Deferred_Uber,0,1208,4.84329,1.94007,0.927744,0.176384,1.98237,7.23969,138.127,15000,1201408,2.44621
Suite_13,Deferred_Uber,0,1209,4.84297,1.93837,1.75021,0.17728,2.80579,7.22115,138.482,15000,1198720,2.45024
Suite_13,Deferred_Uber,0,1210,4.84201,1.93762,0.919264,0.1744,1.97222,7.2042,138.808,15000,1196416,2.43626
Suite_13,Deferred_Uber,0,1211,4.83526,1.94677,2.33677,0.175136,2.95914,7.21357,138.628,15000,1193856,2.45572
Suite_13,Deferred_Uber,0,1212,4.82543,1.92981,0.887616,0.176128,2.88736,7.20741,138.746,15000,1190784,2.46704
Suite_13,Deferred_Uber,0,1213,4.81625,1.93041,1.93043,0.174848,3.928,7.184,139.198,15000,1187200,2.46953
Suite_13,Deferred_Uber,0,1214,4.81252,1.95007,0.870752,0.175712,1.48397,7.18299,139.218,15000,1182720,2.46164
Suite_13,Deferred_Uber,0,1215,4.80302,1.96494,2.95754,0.177312,3.56678,7.20062,138.877,15000,1180800,2.48628
Suite_13,Deferred_Uber,0,1216,4.79968,1.92713,0.873888,0.176768,1.48618,7.22168,138.472,15000,1177728,2.51187
Suite_13,Deferred_Uber,0,1217,4.78908,1.91983,2.37744,0.179008,2.99418,7.15062,139.848,15000,1174400,2.50503
Suite_13,Deferred_Uber,0,1218,4.79733,1.92348,0.852,0.180224,1.4712,7.13698,140.115,15000,1171712,2.50633
Suite_13,Deferred_Uber,0,1219,4.77842,2.64067,1.31162,0.180224,1.81587,7.16177,139.63,15000,1168512,2.51658
Suite_13,Deferred_Uber,0,1220,4.7842,1.91919,0.845696,0.182272,1.34083,7.85095,127.373,15000,1166208,2.29344
Suite_13,Deferred_Uber,0,1221,4.76307,1.8962,1.64349,0.178304,2.14042,7.1277,140.298,15000,1161856,2.27802
Suite_13,Deferred_Uber,0,1222,4.7545,1.88961,0.840832,0.180224,1.33338,7.086,141.123,15000,1159040,2.23026
Suite_13,Deferred_Uber,0,1223,4.75545,1.90568,1.75514,0.180224,2.2576,7.06544,141.534,15000,1156352,2.21012
Suite_13,Deferred_Uber,0,1224,4.74761,1.88375,0.837312,0.1784,1.3353,7.0844,141.155,15000,1153152,2.21243
Suite_13,Deferred_Uber,0,1225,4.73949,1.89957,1.73866,0.179648,2.23686,7.05124,141.819,15000,1149312,2.21618
Suite_13,Deferred_Uber,0,1226,4.72915,1.86636,0.819072,0.179584,1.31277,7.07501,141.343,15000,1145600,2.22679
Suite_13,Deferred_Uber,0,1227,4.71987,1.87882,1.71434,0.179392,2.21571,7.02871,142.274,15000,1140992,2.21255
Suite_13,Deferred_Uber,0,1228,4.74081,1.87971,0.813632,0.17968,1.32915,7.0017,142.822,15000,1136384,2.19916
Suite_13,Deferred_Uber,0,1229,4.70933,1.89032,1.7096,0.178048,2.20467,7.03641,142.118,15000,1132416,2.1709
Suite_13,Deferred_Uber,0,1230,4.69732,1.87175,0.807136,0.180224,1.32042,7.00708,142.713,15000,1128576,2.17031
Suite_13,Deferred_Uber,0,1231,4.68297,1.85397,1.69174,0.17936,2.18499,6.96741,143.525,15000,1124224,2.17882
Suite_13,Deferred_Uber,0,1232,4.67785,1.86315,0.800544,0.177824,1.30662,6.94897,143.906,15000,1119872,2.15547
Suite_13,Deferred_Uber,0,1233,4.6645,1.8639,1.70202,0.17808,2.1975,6.95186,143.846,15000,1116672,2.17085
Suite_13,Deferred_Uber,0,1234,4.66909,1.85592,0.800768,0.177472,1.30589,6.94128,144.066,15000,1112576,2.15516
Suite_13,Deferred_Uber,0,1235,4.64639,1.85652,1.69517,0.17712,2.18573,6.93165,144.266,15000,1108992,2.15332
Suite_13,Deferred_Uber,0,1236,4.64104,1.85958,0.79856,0.177152,1.28938,6.90834,144.753,15000,1105792,2.16483
Suite_13,Deferred_Uber,0,1237,4.63257,1.8338,1.68074,0.177056,2.17088,6.89675,144.996,15000,1102976,2.18005
Suite_13,Deferred_Uber,0,1238,4.62177,1.81425,0.79664,0.174208,1.29258,6.85249,145.932,15000,1099264,2.18711
Suite_13,Deferred_Uber,0,1239,4.6201,1.83519,1.6816,0.175936,2.16851,6.84229,146.15,15000,1095424,2.19562
Suite_13,Deferred_Uber,0,1240,4.60912,1.82366,0.79872,0.176352,1.28454,6.8442,146.109,15000,1091456,2.17241
Suite_13,Deferred_Uber,0,1241,4.60274,1.83266,1.6855,0.175552,2.18144,6.83171,146.376,15000,1087104,2.1857
Suite_13,Deferred_Uber,0,1242,4.59275,1.81983,0.793664,0.178016,1.28477,6.83796,146.242,15000,1083136,2.17414
Suite_13,Deferred_Uber,0,1243,4.57511,1.82502,1.57933,0.174144,2.07366,6.81083,146.825,15000,1078656,2.18148
Suite_13,Deferred_Uber,0,1244,4.57132,4.58763,0.788128,0.172192,1.27126,6.81075,146.827,15000,1075072,2.19166
Suite_13,Deferred_Uber,0,1245,4.55592,1.81206,1.99088,0.172448,2.48013,9.55127,104.698,15000,1070848,2.20869
Suite_13,Deferred_Uber,0,1246,4.55192,1.8228,0.788512,0.173856,1.41645,6.76387,147.844,15000,1066240,2.22022
Suite_13,Deferred_Uber,0,1247,4.54515,1.82643,1.6791,0.173408,2.15978,6.7578,147.977,15000,1060736,2.22608
Suite_13,Deferred_Uber,0,1248,4.53935,1.80911,0.80144,0.171968,1.85139,6.75338,148.074,15000,1056384,2.21529
Suite_13,Deferred_Uber,0,1249,4.51948,1.79487,1.67965,0.188416,2.73213,6.72811,148.63,15000,1052800,2.23661
Suite_13,Deferred_Uber,0,1250,4.50952,1.78652,0.80368,0.169952,1.86138,6.69136,149.446,15000,1048960,2.22598
Suite_13,Deferred_Uber,0,1251,4.50006,1.77817,1.60976,0.171392,2.11565,6.67809,149.743,15000,1043456,2.23884
Suite_13,Deferred_Uber,0,1252,4.48308,1.7321,0.778688,0.169248,1.25747,6.64773,150.427,15000,1039104,2.25995
Suite_13,Deferred_Uber,0,1253,4.46945,1.71612,0.781696,0.170848,1.27206,6.60618,151.373,15000,1034496,2.28581
Suite_13,Deferred_Uber,0,1254,4.47,1.75069,1.53395,0.170944,2.032,6.56855,152.241,15000,1029888,2.30282
Suite_13,Deferred_Uber,0,1255,4.44858,1.72809,0.773568,0.175104,1.26362,6.61881,151.085,15000,1025152,2.29598
Suite_13,Deferred_Uber,0,1256,4.44186,1.71263,0.775296,0.172032,1.26461,6.5493,152.688,15000,1020800,2.30847
Suite_13,Deferred_Uber,0,1257,4.42796,1.72517,0.784192,0.170496,1.38666,6.53134,153.108,15000,1017088,2.34954
Suite_13,Deferred_Uber,0,1258,4.42068,1.73917,0.776864,0.169216,1.3824,6.52163,153.336,15000,1011840,2.39036
Suite_13,Deferred_Uber,0,1259,4.40186,1.71031,0.773472,0.17008,1.37264,6.54317,152.831,15000,1005696,2.43476
Suite_13,Deferred_Uber,0,1260,4.39903,1.7282,1.88006,0.171328,2.36426,6.47,154.559,15000,1001344,2.47226
Suite_13,Deferred_Uber,0,1261,4.38566,1.71519,0.800288,0.170272,1.84698,6.50759,153.667,15000,996992,2.52884
Suite_13,Deferred_Uber,0,1262,4.36946,1.6948,0.78736,0.170272,1.83658,6.45588,154.898,15000,989312,2.55932
Suite_13,Deferred_Uber,0,1263,4.35332,1.71483,1.61165,0.169888,2.12285,6.43227,155.466,15000,983296,2.62553
Suite_13,Deferred_Uber,0,1264,4.34901,1.67645,0.760736,0.169984,1.38035,6.41862,155.797,15000,977792,2.70118
Suite_13,Deferred_Uber,0,1265,4.33071,1.66725,0.77808,0.172576,1.88832,6.38647,156.581,15000,972160,2.78468
Suite_13,Deferred_Uber,0,1266,4.32073,1.67071,1.53226,0.17008,2.0439,6.34567,157.588,15000,967808,2.33061
Suite_13,Deferred_Uber,0,1267,4.31141,1.64771,0.743296,0.171392,1.23466,6.3554,157.346,15000,962304,2.30886
Suite_13,Deferred_Uber,0,1268,4.2977,1.64089,0.741504,0.175296,1.22675,6.3166,158.313,15000,957952,2.27276
Suite_13,Deferred_Uber,0,1269,4.28252,1.65421,0.751584,0.1736,1.36246,6.27815,159.283,15000,953984,2.28113
Suite_13,Deferred_Uber,0,1270,4.27679,1.65444,0.741376,0.17168,1.35568,6.27997,159.236,15000,948352,2.26509
Suite_13,Deferred_Uber,0,1271,4.25981,4.48807,0.742112,0.167936,1.2247,6.2855,159.096,15000,941952,2.27836
Suite_13,Deferred_Uber,0,1272,4.31883,1.7061,1.53494,0.171168,2.01661,9.09969,109.894,15000,936576,2.30072
Suite_13,Deferred_Uber,0,1273,4.24417,1.63292,0.732864,0.16928,1.22054,6.39295,156.422,15000,931584,2.23852
Suite_13,Deferred_Uber,0,1274,4.22765,1.64409,0.74384,0.169984,1.34294,6.21884,160.802,15000,927360,2.27297
Suite_13,Deferred_Uber,0,1275,4.21352,1.62056,2.83866,0.169696,3.33005,6.21316,160.949,15000,922624,2.28593
Suite_13,Deferred_Uber,0,1276,4.19876,1.59624,0.737568,0.167936,1.3536,6.16752,162.14,15000,916992,2.31841
Suite_13,Deferred_Uber,0,1277,4.1833,1.61282,0.759808,0.172352,1.81658,6.13713,162.943,15000,910336,2.36061
Suite_13,Deferred_Uber,0,1278,4.17527,1.62506,1.85981,0.164064,2.33677,6.14058,162.851,15000,906624,2.41314
Suite_13,Deferred_Uber,0,1279,4.18186,1.6162,0.753664,0.182272,1.81226,6.12081,163.377,15000,902784,2.43451
Suite_13,Deferred_Uber,0,1280,4.15615,1.59602,0.743424,0.162176,1.21446,6.13419,163.021,15000,896128,2.47779
Suite_13,Deferred_Uber,0,1281,4.14447,1.59629,1.41866,0.164512,1.896,6.07522,164.603,15000,890112,2.50201
Suite_13,Deferred_Uber,0,1282,4.12451,1.58348,0.735232,0.162944,1.33405,6.07097,164.718,15000,883840,2.51997
Suite_13,Deferred_Uber,0,1283,4.11191,1.58452,0.73728,0.163104,1.3335,6.04178,165.514,15000,878336,2.55991
Suite_13,Deferred_Uber,0,1284,4.09742,1.58413,2.04214,0.161792,2.51904,6.02775,165.899,15000,872704,2.65011
Suite_13,Deferred_Uber,0,1285,4.08332,1.5611,0.73008,0.178432,1.79821,5.99424,166.827,15000,867200,2.73223
Suite_13,Deferred_Uber,0,1286,4.07482,1.5475,0.740064,0.158208,1.21155,5.96718,167.583,15000,861696,2.84749
Suite_13,Deferred_Uber,0,1287,4.06442,1.56861,1.47885,0.15568,1.94963,5.94431,168.228,15000,856704,2.35048
Suite_13,Deferred_Uber,0,1288,4.05272,1.54214,0.722784,0.159744,1.19398,5.93925,168.371,15000,851456,2.38956
Suite_13,Deferred_Uber,0,1289,4.04018,1.53412,0.72592,0.155808,1.19318,5.91884,168.952,15000,846336,2.46561
Suite_13,Deferred_Uber,0,1290,4.0236,1.56948,2.80819,0.157696,3.27885,5.87936,170.087,15000,840448,2.55086
Suite_13,Deferred_Uber,0,1291,4.01215,1.53337,0.725536,0.156832,1.20218,5.91203,169.147,15000,834688,2.64512
Suite_13,Deferred_Uber,0,1292,4.00201,1.50891,0.704512,0.1552,1.17363,5.8548,170.8,15000,829312,2.75853
Suite_13,Deferred_Uber,0,1293,3.99122,1.54047,1.46842,0.1552,1.93776,5.82485,171.678,15000,824960,2.90203
Suite_13,Deferred_Uber,0,1294,3.9873,1.53203,0.695872,0.156352,1.17178,5.83903,171.261,15000,820096,3.06427
Suite_13,Deferred_Uber,0,1295,3.97657,1.52318,0.68656,0.1616,1.16531,5.82029,171.813,15000,815744,3.25396
Suite_13,Deferred_Uber,0,1296,3.96747,1.55704,2.19098,0.161792,2.66854,5.79175,172.659,15000,811136,3.42127
Suite_13,Deferred_Uber,0,1297,3.94673,1.4815,0.672736,0.165504,1.1465,5.82527,171.666,15000,806272,2.39374
Suite_13,Deferred_Uber,0,1298,3.92859,1.48991,0.651488,0.16176,1.1305,5.73268,174.438,15000,801408,2.45326
Suite_13,Deferred_Uber,0,1299,3.92728,1.50527,1.37699,0.175168,1.8608,5.70488,175.289,15000,796672,2.11383
Suite_13,Deferred_Uber,0,1300,3.9173,1.47783,0.652096,0.165088,1.13459,5.72498,174.673,15000,792576,2.1461
Suite_13,Deferred_Uber,0,1301,3.90729,1.47137,0.650144,0.164192,1.12378,5.69942,175.456,15000,787584,2.17608
Suite_13,Deferred_Uber,0,1302,3.88569,1.47626,1.45222,0.163648,1.93536,5.66877,176.405,15000,781184,2.20939
Suite_13,Deferred_Uber,0,1303,3.87993,1.45481,0.628736,0.180608,1.13184,5.64645,177.102,15000,776576,2.23504
Suite_13,Deferred_Uber,0,1304,3.8638,3.70445,0.633984,0.161792,1.11667,5.62301,177.841,15000,771584,2.27456
Suite_13,Deferred_Uber,0,1305,3.86144,1.46748,1.39706,0.159744,1.86778,7.86277,127.182,15000,765568,2.32072
Suite_13,Deferred_Uber,0,1306,3.84091,1.46621,0.6152,0.159744,1.11139,5.60743,178.335,15000,759808,2.37596
Suite_13,Deferred_Uber,0,1307,3.83059,1.47611,0.614752,0.163328,1.09709,5.60662,178.361,15000,754432,2.21686
Suite_13,Deferred_Uber,0,1308,3.81811,1.45649,0.624032,0.164288,1.1001,5.58956,178.905,15000,749952,2.0243
Suite_13,Deferred_Uber,0,1309,3.79991,1.43084,0.604032,0.165856,1.08544,5.55473,180.027,15000,744320,2.05058
Suite_13,Deferred_Uber,0,1310,3.79359,1.42833,0.60416,0.161696,1.0793,5.51502,181.323,15000,737536,2.02559
Suite_13,Deferred_Uber,0,1311,3.77962,1.4307,1.31331,0.161056,1.80429,5.49522,181.976,15000,733184,2.06325
Suite_13,Deferred_Uber,0,1312,3.77308,1.42275,0.606176,0.16384,1.08339,5.48468,182.326,15000,729344,2.01144
Suite_13,Deferred_Uber,0,1313,3.7551,1.44137,0.601792,0.164512,1.08755,5.48137,182.436,15000,724352,2.03007
Suite_13,Deferred_Uber,0,1314,3.74887,1.41951,1.2952,0.163424,1.77683,5.47305,182.713,15000,719360,2.05895
Suite_13,Deferred_Uber,0,1315,3.7244,1.39503,0.598816,0.16336,1.08307,5.44314,183.718,15000,712448,1.92333
Suite_13,Deferred_Uber,0,1316,3.71928,1.39387,0.595968,0.161888,1.0744,5.38108,185.836,15000,707072,1.94183
Suite_13,Deferred_Uber,0,1317,3.70627,1.41328,0.606752,0.163872,1.09104,5.36913,186.25,15000,702464,1.94595
Suite_13,Deferred_Uber,0,1318,3.69459,1.37624,0.591872,0.161792,1.06912,5.37687,185.982,15000,699136,1.97859
Suite_13,Deferred_Uber,0,1319,3.68545,1.36513,0.580224,0.157696,1.04614,5.32964,187.63,15000,693504,1.96319
Suite_13,Deferred_Uber,0,1320,3.67737,1.37183,0.579136,0.158592,1.06352,5.30523,188.493,15000,688384,1.99563
Suite_13,Deferred_Uber,0,1321,3.66071,1.37903,1.03834,0.159744,1.51533,5.30566,188.478,15000,683136,2.02668
Suite_13,Deferred_Uber,0,1322,3.65181,1.37122,0.575296,0.158336,1.04416,5.29924,188.706,15000,678912,1.94892
Suite_13,Deferred_Uber,0,1323,3.63993,1.34106,0.573376,0.16944,1.06166,5.29165,188.977,15000,673920,1.95744
Suite_13,Deferred_Uber,0,1324,3.65262,1.41875,0.568992,0.161792,1.04906,5.22988,191.209,15000,668288,1.94371
Suite_13,Deferred_Uber,0,1325,3.62697,1.36556,1.2664,0.158784,1.73834,5.32241,187.885,15000,664192,1.95565
Suite_13,Deferred_Uber,0,1326,3.60587,1.35248,0.575648,0.155168,1.04227,5.23695,190.951,15000,658560,1.96827
Suite_13,Deferred_Uber,0,1327,3.5954,1.32801,0.569344,0.172096,1.05632,5.209,191.975,15000,653568,2.00099
Suite_13,Deferred_Uber,0,1328,3.58262,1.32976,0.56048,0.16432,1.03894,5.17019,193.416,15000,648064,2.02031
Suite_13,Deferred_Uber,0,1329,3.57565,1.35232,1.15712,0.151552,1.62208,5.16546,193.593,15000,643840,2.05647
Suite_13,Deferred_Uber,0,1330,3.55741,1.33705,0.571904,0.15152,1.0281,5.173,193.311,15000,638592,2.09679
Suite_13,Deferred_Uber,0,1331,3.54326,1.29736,0.57488,0.147456,1.04717,5.12908,194.967,15000,633856,2.10484
Suite_13,Deferred_Uber,0,1332,3.53942,1.32226,0.569312,0.143456,1.02989,5.06877,197.286,15000,629632,2.16812
Suite_13,Deferred_Uber,0,1333,3.5351,1.3397,0.754048,0.144032,1.21277,5.1088,195.741,15000,624256,2.24347
Suite_13,Deferred_Uber,0,1334,3.50883,1.28735,0.577536,0.141088,1.03203,5.11173,195.628,15000,617984,2.33822
Suite_13,Deferred_Uber,0,1335,3.4977,1.2852,0.585792,0.134176,1.03216,5.02124,199.154,15000,613632,2.28406
Suite_13,Deferred_Uber,0,1336,3.49047,1.29533,0.58368,0.126976,1.01405,5.00437,199.825,15000,609792,2.41934
Suite_13,Deferred_Uber,0,1337,3.48461,1.30602,0.591392,0.123584,1.02746,5.01687,199.327,15000,605056,2.55883
Suite_13,Deferred_Uber,0,1338,3.46532,1.27767,0.587776,0.120832,1.01206,5.0287,198.859,15000,600192,2.81762
Suite_13,Deferred_Uber,0,1339,3.48619,1.32241,0.577536,0.136352,1.01958,4.96861,201.263,15000,595712,3.19602
Suite_13,Deferred_Uber,0,1340,3.49787,1.31403,0.567296,0.144512,1.02352,5.03112,198.763,15000,592512,3.78601
Suite_13,Deferred_Uber,0,1341,3.44699,1.28628,2.6744,0.139712,3.12813,5.03317,198.682,15000,588544,4.86335
Suite_13,Deferred_Uber,0,1342,3.42564,1.25983,0.581632,0.134816,1.02726,4.97097,201.168,15000,583296,6.96743
Suite_13,Deferred_Uber,0,1343,3.4201,1.26493,0.58864,0.127456,1.02541,4.91034,203.652,15000,579456,10.5131
Suite_13,Deferred_Uber,0,1344,3.41735,1.28749,0.59392,0.12288,1.02755,4.8976,204.182,15000,575360,10.8201
Suite_13,Deferred_Uber,0,1345,3.39504,3.49647,3.85741,0.120864,4.29062,4.92209,203.166,15000,569856,9.20477
Suite_13,Deferred_Uber,0,1346,3.39992,1.25028,0.59648,0.13744,1.04406,7.11385,140.571,15000,565888,2.76911
Suite_13,Deferred_Uber,0,1347,3.39793,1.238,0.51824,0.166272,1.00448,4.86898,205.382,15000,560000,3.19912
Suite_13,Deferred_Uber,0,1348,3.36372,1.2408,0.522208,0.159968,0.991936,4.88329,204.78,15000,555520,3.92047
Suite_13,Deferred_Uber,0,1349,3.34876,1.24081,1.56877,0.160832,2.04877,4.80973,207.912,15000,552448,5.23663
Suite_13,Deferred_Uber,0,1350,3.344,1.21635,0.540352,0.158432,1.0159,4.80687,208.036,15000,547712,7.59575
Suite_13,Deferred_Uber,0,1351,3.3434,1.22637,0.511904,0.159744,0.9888,4.75883,210.136,15000,543360,10.7258
Suite_13,Deferred_Uber,0,1352,3.31746,1.23315,0.497664,0.159264,0.966496,4.7696,209.661,15000,539392,10.7088
Suite_13,Deferred_Uber,0,1353,3.31391,1.23795,1.54016,0.155648,2.00294,4.76119,210.031,15000,534272,7.68715
Suite_13,Deferred_Uber,0,1354,3.30283,1.22398,0.483328,0.1536,0.944256,4.76243,209.977,15000,528512,2.23193
Suite_13,Deferred_Uber,0,1355,3.28965,1.21795,0.477184,0.152736,0.950176,4.7214,211.801,15000,523520,2.46754
Suite_13,Deferred_Uber,0,1356,3.2737,1.17602,0.461632,0.153088,0.9216,4.70928,212.347,15000,519552,2.7999
Suite_13,Deferred_Uber,0,1357,3.26084,1.20689,1.09971,0.15184,1.56262,4.64236,215.408,15000,515584,3.1676
Suite_13,Deferred_Uber,0,1358,3.25515,1.20539,0.453984,0.151552,0.913984,4.65756,214.704,15000,512256,3.15817
Suite_13,Deferred_Uber,0,1359,3.24113,1.16113,0.452064,0.149632,0.916352,4.6491,215.096,15000,508032,1.63775
Suite_13,Deferred_Uber,0,1360,3.23241,1.19159,0.457472,0.148896,0.91136,4.59649,217.557,15000,504448,1.63031
Suite_13,Deferred_Uber,0,1361,3.21874,1.185,0.45136,0.147456,0.911232,4.61399,216.732,15000,500352,1.62127
Suite_13,Deferred_Uber,0,1362,3.21451,1.18647,1.3824,0.149184,1.8457,4.58941,217.893,15000,495744,1.62815
Suite_13,Deferred_Uber,0,1363,3.21065,1.16711,0.458688,0.147968,0.92304,4.59148,217.795,15000,490880,1.62396
Suite_13,Deferred_Uber,0,1364,3.18814,1.16996,0.457056,0.146816,0.915104,4.56393,219.11,15000,485760,1.62593
Suite_13,Deferred_Uber,0,1365,3.18409,1.13772,0.456768,0.147456,0.918432,4.54535,220.005,15000,482432,1.64795
Suite_13,Deferred_Uber,0,1366,3.17009,1.15329,0.457152,0.147456,0.911328,4.50515,221.968,15000,478592,1.67603
Suite_13,Deferred_Uber,0,1367,3.15901,1.15749,1.33651,0.147456,1.79283,4.50545,221.953,15000,475520,1.66708
Suite_13,Deferred_Uber,0,1368,3.15038,1.13151,0.479008,0.160288,0.952992,4.49277,222.58,15000,471424,1.66811
Suite_13,Deferred_Uber,0,1369,3.13566,1.15482,0.470624,0.147328,0.930272,4.4667,223.879,15000,466944,1.69161
Suite_13,Deferred_Uber,0,1370,3.12494,1.12314,0.487424,0.147456,0.948672,4.47508,223.459,15000,462720,1.61659
Suite_13,Deferred_Uber,0,1371,3.11829,1.13535,0.462848,0.145408,0.932288,4.42584,225.946,15000,458880,1.6465
Suite_13,Deferred_Uber,0,1372,3.10921,1.14951,0.483392,0.14864,0.949376,4.42715,225.879,15000,455552,1.6768
Suite_13,Deferred_Uber,0,1373,3.09908,1.10571,0.468384,0.144288,0.94448,4.43777,225.338,15000,451840,1.67273
Suite_13,Deferred_Uber,0,1374,3.08665,1.13574,0.475776,0.145344,0.929792,4.38663,227.966,15000,447488,1.69476
Suite_13,Deferred_Uber,0,1375,3.09888,1.16736,0.474368,0.147136,0.931648,4.39526,227.518,15000,444416,1.73391
Suite_13,Deferred_Uber,0,1376,3.08314,1.11178,0.4608,0.146944,0.909344,4.43633,225.412,15000,438912,1.72429
Suite_13,Deferred_Uber,0,1377,3.06649,1.11797,1.05981,0.144384,1.51757,4.36936,228.866,15000,435712,1.69343
Suite_13,Deferred_Uber,0,1378,3.05239,1.09866,0.464288,0.144224,0.9216,4.35172,229.794,15000,432256,1.7317
Suite_13,Deferred_Uber,0,1379,3.04194,1.10474,0.44096,0.15584,0.905216,4.323,231.321,15000,426368,1.74172
Suite_13,Deferred_Uber,0,1380,3.02892,1.09698,0.440736,0.141504,0.892928,4.30948,232.047,15000,423680,1.79939
Suite_13,Deferred_Uber,0,1381,3.0135,1.07705,0.432128,0.137024,0.905728,4.29375,232.896,15000,418816,1.67462
Suite_13,Deferred_Uber,0,1382,2.99871,1.09773,1.04822,0.137856,1.49914,4.24691,235.465,15000,414976,1.70297
Suite_13,Deferred_Uber,0,1383,2.98188,1.08102,0.438272,0.138496,0.886592,4.26318,234.567,15000,410880,1.63292
Suite_13,Deferred_Uber,0,1384,2.9811,1.06977,0.444064,0.157696,0.910624,4.22636,236.61,15000,408064,1.67093
Suite_13,Deferred_Uber,0,1385,2.97215,1.07676,0.429344,0.137216,0.868832,4.20791,237.648,15000,404736,1.68596
Suite_13,Deferred_Uber,0,1386,2.96697,1.06026,0.411296,0.145536,0.870944,4.20397,237.871,15000,401280,1.73017
Suite_13,Deferred_Uber,0,1387,2.9537,1.0661,0.415872,0.13312,0.850304,4.17945,239.266,15000,397056,1.74755
Suite_13,Deferred_Uber,0,1388,3.00497,1.12879,1.9359,0.1344,2.37888,4.17481,239.532,15000,393856,1.79485
Suite_13,Deferred_Uber,0,1389,2.95396,1.04921,0.414656,0.133728,0.854016,4.29268,232.954,15000,390528,1.71834
Suite_13,Deferred_Uber,0,1390,2.93881,1.07817,0.394208,0.130144,0.833536,4.15053,240.933,15000,386048,1.71378
Suite_13,Deferred_Uber,0,1391,2.92741,1.05002,0.393792,0.13312,0.828896,4.16514,240.088,15000,382080,1.71101
Suite_13,Deferred_Uber,0,1392,2.92469,1.05126,0.368608,0.125824,0.796672,4.12726,242.292,15000,378112,1.7448
Suite_13,Deferred_Uber,0,1393,2.89818,1.04259,0.35984,0.123584,0.7928,4.12294,242.545,15000,374272,1.78413
Suite_13,Deferred_Uber,0,1394,2.88371,1.05195,1.01434,0.1208,1.4449,4.09666,244.101,15000,370048,1.66803
Suite_13,Deferred_Uber,0,1395,2.88507,1.0489,0.342592,0.120832,0.765952,4.08804,244.616,15000,366464,1.70201
Suite_13,Deferred_Uber,0,1396,2.87166,1.02945,0.336288,0.116256,0.749568,4.08143,245.012,15000,362880,1.78916
Suite_13,Deferred_Uber,0,1397,2.8746,1.04723,0.340352,0.117056,0.759648,4.05115,246.843,15000,358656,1.88426
Suite_13,Deferred_Uber,0,1398,2.84864,1.04373,0.335488,0.117344,0.762944,4.06316,246.114,15000,354048,2.02685
Suite_13,Deferred_Uber,0,1399,2.85769,1.02575,0.33008,0.115648,0.74256,4.03395,247.896,15000,350208,2.00161
Suite_13,Deferred_Uber,0,1400,2.83883,1.02882,0.354304,0.126208,0.794976,4.02514,248.439,15000,346624,2.25035
Suite_13,Deferred_Uber,0,1401,2.81448,0.989048,0.355072,0.128544,0.790112,4.005,249.688,15000,342144,2.5733
Suite_13,Deferred_Uber,0,1402,2.80496,1.00484,0.356992,0.13312,0.792,3.93903,253.87,15000,339584,2.95379
Suite_13,Deferred_Uber,0,1403,2.79396,0.988295,0.345536,0.131712,0.801984,3.93939,253.846,15000,336384,3.19658
Suite_13,Deferred_Uber,0,1404,2.79102,1.00621,0.356352,0.13312,0.803456,3.91511,255.421,15000,333312,1.4655
Suite_13,Deferred_Uber,0,1405,2.77423,0.995626,0.352256,0.134784,0.78816,3.92706,254.643,15000,330368,1.50837
Suite_13,Deferred_Uber,0,1406,2.77367,0.994631,0.354016,0.131936,0.795744,3.90483,256.093,15000,326528,1.53165
Suite_13,Deferred_Uber,0,1407,2.7598,3.21907,3.03187,0.137216,3.48368,3.89403,256.804,15000,322688,1.57943
Suite_13,Deferred_Uber,0,1408,2.76059,1.00736,0.352992,0.137408,0.792576,6.11439,163.549,15000,319616,1.30016
Suite_13,Deferred_Uber,0,1409,2.77952,0.979098,0.346144,0.136512,0.781888,3.93228,254.305,15000,316288,1.30845
Suite_13,Deferred_Uber,0,1410,2.73825,0.980735,0.352256,0.137216,0.793376,3.90543,256.054,15000,313472,1.30076
Suite_13,Deferred_Uber,0,1411,2.72351,0.985775,0.372672,0.135488,0.814944,3.84604,260.008,15000,310656,1.2772
Suite_13,Deferred_Uber,0,1412,2.7378,1.03577,0.35392,0.137536,0.803008,3.83808,260.547,15000,306688,1.30792
Suite_13,Deferred_Uber,0,1413,2.73467,1.01944,0.349856,0.138208,0.800768,3.89738,256.582,15000,304256,1.34366
Suite_13,Deferred_Uber,0,1414,2.73364,1.06805,0.964064,0.137984,1.41107,3.88418,257.455,15000,302080,1.38397
Suite_13,Deferred_Uber,0,1415,2.73366,1.03554,0.363648,0.136512,0.810912,3.92613,254.704,15000,299392,1.41737
Suite_13,Deferred_Uber,0,1416,2.7226,1.01748,0.349856,0.135168,0.79872,3.89854,256.506,15000,296064,1.44857
Suite_13,Deferred_Uber,0,1417,2.71697,1.03412,0.344064,0.135168,0.786432,3.87105,258.328,15000,293888,1.503
Suite_13,Deferred_Uber,0,1418,2.71525,1.01808,0.33792,0.132768,0.783072,3.87227,258.246,15000,290048,1.51875
Suite_13,Deferred_Uber,0,1419,2.72876,1.01665,0.336256,0.136992,0.78384,3.85566,259.359,15000,287360,1.56637
Suite_13,Deferred_Uber,0,1420,2.68838,1.01021,0.33792,0.14944,0.80688,3.86667,258.62,15000,284544,1.33516
Suite_13,Deferred_Uber,0,1421,2.69253,1.00029,0.324672,0.135168,0.764768,3.82203,261.641,15000,281472,1.27414
Suite_13,Deferred_Uber,0,1422,2.67752,1.02385,1.01786,0.135168,1.45885,3.81033,262.444,15000,277888,1.28202
Suite_13,Deferred_Uber,0,1423,2.67619,0.998737,0.319488,0.137216,0.769792,3.82008,261.775,15000,273920,1.1754
Suite_13,Deferred_Uber,0,1424,2.65612,1.01675,0.309888,0.149504,0.776192,3.791,263.783,15000,270464,1.19177
Suite_13,Deferred_Uber,0,1425,2.6438,0.968675,0.325152,0.136192,0.765952,3.79842,263.267,15000,267008,1.213
Suite_13,Deferred_Uber,0,1426,2.6181,0.922736,0.337824,0.135424,0.779744,3.72695,268.316,15000,263680,1.22037
Suite_13,Deferred_Uber,0,1427,2.592,0.92405,0.324128,0.135776,0.770048,3.66023,273.207,15000,260096,1.23621
Suite_13,Deferred_Uber,0,1428,2.5674,0.776403,0.31504,0.135584,0.753696,3.6194,276.289,15000,255232,1.19407
Suite_13,Deferred_Uber,0,1429,2.56541,0.768165,0.319488,0.135168,0.765792,3.45481,289.451,15000,252416,1.18619
Suite_13,Deferred_Uber,0,1430,2.55667,0.765537,1.41178,0.134464,1.85933,3.43461,291.154,15000,249472,1.11199
Suite_13,Deferred_Uber,0,1431,2.5458,0.77624,0.31744,0.135168,0.766336,3.42998,291.547,15000,247808,1.13695
Suite_13,Deferred_Uber,0,1432,2.53277,0.759086,0.319488,0.133216,0.766304,3.42688,291.811,15000,245120,1.16591
Suite_13,Deferred_Uber,0,1433,2.5302,0.770725,0.316672,0.134016,0.751136,3.39219,294.795,15000,242432,1.18286
Suite_13,Deferred_Uber,0,1434,2.51059,0.860687,0.32016,0.132608,0.768,3.40073,294.054,15000,239232,1.20892
Suite_13,Deferred_Uber,0,1435,2.5149,0.869107,0.296448,0.133504,0.731744,3.47079,288.119,15000,236544,1.23923
Suite_13,Deferred_Uber,0,1436,2.49985,0.857211,0.314464,0.129888,0.750912,3.48173,287.213,15000,233472,1.19111
Suite_13,Deferred_Uber,0,1437,2.49898,0.868923,0.29696,0.132736,0.733376,3.458,289.184,15000,229888,1.22793
Suite_13,Deferred_Uber,0,1438,2.47322,0.851528,0.301056,0.129792,0.729088,3.46157,288.886,15000,226944,1.25345
Suite_13,Deferred_Uber,0,1439,2.4775,0.759279,0.417888,0.130464,0.853984,3.41953,292.438,15000,223488,1.26925
Suite_13,Deferred_Uber,0,1440,2.47486,0.740998,0.28672,0.128512,0.725024,3.33157,300.158,15000,222464,1.2908
Suite_13,Deferred_Uber,0,1441,2.46048,0.758565,0.28672,0.13088,0.731008,3.30808,302.29,15000,219136,1.29775
Suite_13,Deferred_Uber,0,1442,2.44205,0.738946,0.284672,0.130368,0.721216,3.30988,302.125,15000,216320,1.37122
Suite_13,Deferred_Uber,0,1443,2.44851,0.748357,0.288768,0.129152,0.727072,3.27136,305.683,15000,213504,1.47368
Suite_13,Deferred_Uber,0,1444,2.43383,0.734589,0.282624,0.12656,0.715136,3.30078,302.959,15000,211200,1.60796
Suite_13,Deferred_Uber,0,1445,2.42178,0.801897,0.281728,0.120736,0.704576,3.25539,307.183,15000,208896,1.84552
Suite_13,Deferred_Uber,0,1446,2.42313,0.814986,0.25824,0.103008,0.665568,3.31561,301.603,15000,206208,2.21073
Suite_13,Deferred_Uber,0,1447,2.4077,0.841693,0.28208,0.109472,0.69568,3.32178,301.043,15000,203520,2.92653
Suite_13,Deferred_Uber,0,1448,2.40317,0.833575,0.284672,0.106496,0.688544,3.33269,300.058,15000,201728,4.46489
Suite_13,Deferred_Uber,0,1449,2.40123,0.868296,0.274432,0.107968,0.68464,3.32852,300.434,15000,198912,8.06234
Suite_13,Deferred_Uber,0,1450,2.40171,0.815753,0.253632,0.107232,0.677888,3.35533,298.034,15000,197376,8.14842
Suite_13,Deferred_Uber,0,1451,2.37579,0.836623,0.253824,0.107072,0.663072,3.29853,303.165,15000,194048,8.2485
Suite_13,Deferred_Uber,0,1452,2.36949,0.724578,0.240576,0.106496,0.64928,3.2963,303.37,15000,191872,1.60318
Suite_13,Deferred_Uber,0,1453,2.36348,0.759499,0.234912,0.109472,0.647808,3.1782,314.643,15000,189056,0.900027
Suite_13,Deferred_Uber,0,1454,2.37791,0.741519,0.229312,0.110368,0.639744,3.21378,311.16,15000,186112,0.901158
Suite_13,Deferred_Uber,0,1455,2.34843,0.729493,0.223232,0.109696,0.623328,3.19726,312.768,15000,182656,0.906419
Suite_13,Deferred_Uber,0,1456,2.33797,0.735137,0.2232,0.10896,0.629504,3.15816,316.64,15000,180224,0.920624
Suite_13,Deferred_Uber,0,1457,2.32264,0.717954,0.21504,0.10656,0.619168,3.15154,317.305,15000,177408,0.914767
Suite_13,Deferred_Uber,0,1458,2.32097,0.739056,0.214048,0.107584,0.62128,3.1201,320.502,15000,174720,0.834344
Suite_13,Deferred_Uber,0,1459,2.31034,0.743826,0.204608,0.106496,0.61136,3.13664,318.812,15000,172416,0.746599
Suite_13,Deferred_Uber,0,1460,2.29802,0.800743,0.200992,0.105216,0.602048,3.12645,319.851,15000,169472,0.73423
Suite_13,Deferred_Uber,0,1461,2.29197,0.796,0.716896,0.128704,1.13664,3.17816,314.648,15000,167296,0.739666
Suite_13,Deferred_Uber,0,1462,2.27604,0.807416,0.192864,0.104064,0.591872,3.15967,316.489,15000,165120,0.749869
Suite_13,Deferred_Uber,0,1463,2.27528,0.782057,0.195712,0.102784,0.589888,3.15567,316.89,15000,162944,0.76048
Suite_13,Deferred_Uber,0,1464,2.26115,0.805149,0.194752,0.102848,0.595968,3.1274,319.755,15000,160896,0.715807
Suite_13,Deferred_Uber,0,1465,2.26903,0.718743,0.202752,0.104448,0.600384,3.14029,318.442,15000,158080,0.703478
Suite_13,Deferred_Uber,0,1466,2.2483,0.711537,0.183168,0.13088,0.603168,3.05776,327.037,15000,154752,0.70644
Suite_13,Deferred_Uber,0,1467,2.24682,0.70898,0.190784,0.102816,0.595936,3.0292,330.121,15000,152960,0.700285
Suite_13,Deferred_Uber,0,1468,2.23407,0.696774,0.188544,0.102208,0.590016,3.02383,330.707,15000,150912,0.710167
Suite_13,Deferred_Uber,0,1469,2.23451,0.706922,0.186144,0.102784,0.58704,2.99755,333.606,15000,149376,0.723338
Suite_13,Deferred_Uber,0,1470,2.22225,0.69369,0.182176,0.10208,0.602336,3.01075,332.143,15000,147584,0.706163
Suite_13,Deferred_Uber,0,1471,2.22767,0.792105,0.184128,0.100768,0.585632,2.9829,335.244,15000,145280,0.693938
Suite_13,Deferred_Uber,0,1472,2.24244,0.734881,0.186368,0.102272,0.586688,3.0897,323.655,15000,142848,0.695891
Suite_13,Deferred_Uber,0,1473,2.21578,0.735622,0.174464,0.10032,0.571392,3.04441,328.471,15000,140160,0.699506
Suite_13,Deferred_Uber,0,1474,2.20643,0.787375,0.172416,0.100352,0.565248,3.01582,331.585,15000,138496,0.690715
Suite_13,Deferred_Uber,0,1475,2.19307,0.766449,0.405504,0.09808,0.792576,3.05926,326.876,15000,135296,0.690516
Suite_13,Deferred_Uber,0,1476,2.19037,0.767089,0.13616,0.09616,0.524032,3.02152,330.959,15000,134016,0.703214
Suite_13,Deferred_Uber,0,1477,2.17714,0.74376,0.161184,0.095584,0.556896,3.02118,330.996,15000,132096,0.726332
Suite_13,Deferred_Uber,0,1478,2.17237,0.775013,0.141376,0.094496,0.528384,2.98197,335.348,15000,129664,0.723117
Suite_13,Deferred_Uber,0,1479,2.16663,0.682507,0.15968,0.098016,0.551936,3.01027,332.196,15000,128000,0.764931
Suite_13,Deferred_Uber,0,1480,2.14505,0.688552,0.17408,0.098304,0.56352,2.90656,344.05,15000,125824,0.601716
Suite_13,Deferred_Uber,0,1481,2.14552,0.69172,0.170368,0.09872,0.569344,2.90206,344.583,15000,123008,0.599235
Suite_13,Deferred_Uber,0,1482,2.13264,0.681266,0.164416,0.096256,0.555008,2.89469,345.461,15000,121344,0.609891
Suite_13,Deferred_Uber,0,1483,2.13044,0.734108,0.15648,0.096224,0.548864,2.87471,347.861,15000,119296,0.608903
Suite_13,Deferred_Uber,0,1484,2.11638,0.734731,0.145536,0.094656,0.558624,2.92089,342.362,15000,116992,0.526723
Suite_13,Deferred_Uber,0,1485,2.10226,0.751299,0.14336,0.09424,0.53808,2.90876,343.79,15000,114432,0.530876
Suite_13,Deferred_Uber,0,1486,2.10377,0.697127,0.139168,0.094304,0.527744,2.91229,343.372,15000,112384,0.530519
Suite_13,Deferred_Uber,0,1487,2.10212,0.691946,0.133952,0.092032,0.534048,2.85647,350.082,15000,110080,0.533916
Suite_13,Deferred_Uber,0,1488,2.11597,0.687374,0.130016,0.092256,0.520224,2.84778,351.151,15000,108288,0.531489
Suite_13,Deferred_Uber,0,1489,2.08504,0.667368,0.148736,0.090912,0.536928,2.85763,349.94,15000,106112,0.515964
Suite_13,Deferred_Uber,0,1490,2.06769,0.679328,0.126976,0.090112,0.50608,2.80348,356.699,15000,103936,0.506717
Suite_13,Deferred_Uber,0,1491,2.06707,0.661861,0.128736,0.090272,0.514592,2.8002,357.117,15000,101888,0.504548
Suite_13,Deferred_Uber,0,1492,2.05605,0.697383,0.123296,0.088992,0.526336,2.77898,359.844,15000,99968,0.503798
Suite_13,Deferred_Uber,0,1493,2.05584,0.738841,0.139264,0.089824,0.521728,2.80771,356.162,15000,98048,0.499305
Suite_13,Deferred_Uber,0,1494,2.04178,0.713648,0.138784,0.08864,0.512,2.84343,351.688,15000,96384,0.504046
Suite_13,Deferred_Uber,0,1495,2.03928,0.678769,0.12464,0.087968,0.499264,2.80416,356.612,15000,94720,0.501071
Suite_13,Deferred_Uber,0,1496,2.03621,0.668825,0.1264,0.088,0.510048,2.76608,361.523,15000,92672,0.49711
Suite_13,Deferred_Uber,0,1497,2.02076,0.652103,0.118784,0.086016,0.511744,2.7519,363.386,15000,91008,0.49627
Suite_13,Deferred_Uber,0,1498,2.01828,0.675093,0.120608,0.086592,0.49152,2.72063,367.562,15000,89344,0.502027
Suite_13,Deferred_Uber,0,1499,2.01206,0.64962,0.118816,0.083968,0.507904,2.73824,365.198,15000,87936,0.503726
Suite_13,Deferred_Uber,0,1500,2.00091,0.674761,0.120832,0.084192,0.496416,2.70619,369.524,15000,86784,0.467326
Suite_13,Deferred_Uber,0,1501,2.00132,0.652669,0.11552,0.085728,0.489472,2.72459,367.028,15000,85120,0.457956
Suite_13,Deferred_Uber,0,1502,1.99038,0.660743,0.108992,0.084224,0.475136,2.69881,370.534,15000,83712,0.451498
Suite_13,Deferred_Uber,0,1503,1.99657,0.665785,0.108416,0.083584,0.473408,2.69377,371.227,15000,82432,0.448089
Suite_13,Deferred_Uber,0,1504,1.98079,0.651636,0.105824,0.083776,0.483328,2.70639,369.495,15000,81152,0.43356
Suite_13,Deferred_Uber,0,1505,1.96651,0.658262,0.101728,0.083264,0.480768,2.6766,373.608,15000,79488,0.437286
Suite_13,Deferred_Uber,0,1506,1.97096,0.656675,0.1024,0.081952,0.476928,2.66712,374.937,15000,77952,0.437134
Suite_13,Deferred_Uber,0,1507,1.95786,0.640187,0.120832,0.082208,0.491104,2.6686,374.728,15000,76160,0.433739
Suite_13,Deferred_Uber,0,1508,1.96388,0.669192,0.093152,0.081248,0.460896,2.63847,379.007,15000,74880,0.437908
Suite_13,Deferred_Uber,0,1509,1.95497,0.671462,0.096256,0.08144,0.46288,2.68632,372.257,15000,73472,0.429425
Suite_13,Deferred_Uber,0,1510,1.95251,0.659915,0.088064,0.083808,0.476096,2.66844,374.751,15000,72320,0.437025
Suite_13,Deferred_Uber,0,1511,1.95163,0.660255,0.08928,0.08096,0.450336,2.65696,376.37,15000,70272,0.429165
Suite_13,Deferred_Uber,0,1512,1.93042,0.645685,0.08608,0.089888,0.464992,2.65081,377.243,15000,68736,0.397729
Suite_13,Deferred_Uber,0,1513,1.92332,0.663066,0.082816,0.079968,0.444,2.61626,382.225,15000,67328,0.403498
Suite_13,Deferred_Uber,0,1514,1.92227,0.643338,0.08176,0.079904,0.45056,2.62652,380.732,15000,65920,0.406037
Suite_13,Deferred_Uber,0,1515,1.90677,0.631913,0.080768,0.080032,0.448128,2.60294,384.18,15000,64768,0.382173
Suite_13,Deferred_Uber,0,1516,1.91028,0.65482,0.078336,0.079872,0.452544,2.57362,388.557,15000,63104,0.385499
Suite_13,Deferred_Uber,0,1517,1.90084,0.655046,0.075296,0.078784,0.441696,2.60407,384.015,15000,61184,0.37702
Suite_13,Deferred_Uber,0,1518,1.88467,0.647724,0.067392,0.094208,0.45264,2.59298,385.657,15000,59648,0.369675
Suite_13,Deferred_Uber,0,1519,1.89738,0.64799,0.067584,0.079456,0.43888,2.56821,389.376,15000,58752,0.285533
Suite_13,Deferred_Uber,0,1520,1.88105,0.655751,0.555008,0.078176,0.94624,2.58004,387.591,15000,56576,0.273209
Suite_13,Deferred_Uber,0,1521,1.86388,0.654841,0.06752,0.079456,0.435456,2.57171,388.846,15000,55040,0.270091
Suite_13,Deferred_Uber,0,1522,1.86735,0.64003,0.066752,0.079424,0.434752,2.55571,391.28,15000,53376,0.249371
Suite_13,Deferred_Uber,0,1523,1.85496,0.630228,0.083968,0.078368,0.446464,2.53988,393.719,15000,51584,0.245978
Suite_13,Deferred_Uber,0,1524,1.86734,0.674801,0.06144,0.077792,0.426528,2.51637,397.397,15000,50688,0.246922
Suite_13,Deferred_Uber,0,1525,1.848,0.639752,0.060608,0.077824,0.422688,2.58354,387.065,15000,48896,0.231979
Suite_13,Deferred_Uber,0,1526,1.83237,0.632343,0.057536,0.077312,0.425376,2.51919,396.953,15000,48256,0.231492
Suite_13,Deferred_Uber,0,1527,1.83813,0.646284,0.05728,0.07632,0.428032,2.49577,400.678,15000,47488,0.229916
Suite_13,Deferred_Uber,0,1528,1.82748,0.652178,0.0584,0.077824,0.424416,2.51594,397.466,15000,46080,0.228789
Suite_13,Deferred_Uber,0,1529,1.81197,0.64039,0.069632,0.08192,0.440992,2.51146,398.174,15000,44672,0.224285
Suite_13,Deferred_Uber,0,1530,1.82034,0.641905,0.052736,0.075776,0.410912,2.48345,402.665,15000,42880,0.204687
Suite_13,Deferred_Uber,0,1531,1.8047,0.62419,0.048768,0.07584,0.436768,2.49238,401.222,15000,40832,0.193178
Suite_13,Deferred_Uber,0,1532,1.7985,0.632568,0.050976,0.075392,0.407648,2.45581,407.198,15000,39808,0.188709
Suite_13,Deferred_Uber,0,1533,1.79716,0.629286,0.047104,0.075776,0.402976,2.46273,406.054,15000,38272,0.184147
Suite_13,Deferred_Uber,0,1534,1.78416,0.627702,0.062976,0.075776,0.427968,2.45427,407.453,15000,37504,0.185435
Suite_13,Deferred_Uber,0,1535,1.78352,0.653427,0.044608,0.07408,0.408,2.43799,410.174,15000,36352,0.17669
Suite_13,Deferred_Uber,0,1536,1.78128,0.619494,0.0424,0.073536,0.397184,2.46417,405.816,15000,35072,0.162111
Suite_13,Deferred_Uber,0,1537,1.76968,0.617726,0.057184,0.074784,0.42256,2.42791,411.877,15000,33792,0.156377
Suite_13,Deferred_Uber,0,1538,1.76299,0.652171,0.038912,0.07392,0.40368,2.41289,414.44,15000,32896,0.153376
Suite_13,Deferred_Uber,0,1539,1.76421,0.618262,0.036768,0.073728,0.39936,2.44596,408.838,15000,32128,0.150867
Suite_13,Deferred_Uber,0,1540,1.74953,0.621764,0.036864,0.073184,0.393248,2.41101,414.764,15000,31616,0.15088
Suite_13,Deferred_Uber,0,1541,1.75501,0.633707,0.034848,0.07168,0.393216,2.39794,417.024,15000,30336,0.141538
Suite_13,Deferred_Uber,0,1542,1.75139,0.631963,0.032384,0.071552,0.39376,2.415,414.079,15000,30080,0.141931
Suite_13,Deferred_Uber,0,1543,1.73782,0.617771,0.032416,0.070144,0.382144,2.408,415.282,15000,29312,0.138975
Suite_13,Deferred_Uber,0,1544,1.7431,0.628858,0.031296,0.069632,0.382976,2.37941,420.272,15000,28416,0.135271
Suite_13,Deferred_Uber,0,1545,1.72848,0.61871,0.029248,0.069632,0.3824,2.40329,416.096,15000,27264,0.129852
Suite_13,Deferred_Uber,0,1546,1.72225,0.614782,0.027872,0.071008,0.382048,2.37132,421.706,15000,25600,0.120923
Suite_13,Deferred_Uber,0,1547,1.72393,0.650646,0.025856,0.068576,0.374464,2.36048,423.643,15000,24832,0.116264
Suite_13,Deferred_Uber,0,1548,1.71676,0.618459,0.026464,0.0696,0.37904,2.39737,417.123,15000,24320,0.116044
Suite_13,Deferred_Uber,0,1549,1.70183,0.610812,0.023968,0.069504,0.399776,2.35978,423.768,15000,22784,0.10136
Suite_13,Deferred_Uber,0,1550,1.71189,0.654641,0.022592,0.067584,0.370688,2.33636,428.016,15000,22144,0.100306
Suite_13,Deferred_Uber,0,1551,1.69912,0.641852,0.022496,0.068768,0.372896,2.39044,418.333,15000,21760,0.0981055
Suite_13,Deferred_Uber,0,1552,1.69248,0.626098,0.018432,0.067584,0.391168,2.36266,423.252,15000,20352,0.0858017
Suite_13,Deferred_Uber,0,1553,1.69599,0.631602,0.01904,0.067584,0.370688,2.34124,427.124,15000,20096,0.086056
Suite_13,Deferred_Uber,0,1554,1.68368,0.620712,0.018432,0.06752,0.369024,2.35082,425.383,15000,19200,0.0835691
Suite_13,Deferred_Uber,0,1555,1.68029,0.604468,0.016704,0.069632,0.387072,2.32472,430.159,15000,18432,0.0802733
Suite_13,Deferred_Uber,0,1556,1.68302,0.641749,0.017728,0.065536,0.3632,2.30501,433.837,15000,17920,0.0778802
Suite_13,Deferred_Uber,0,1557,1.67714,0.610725,0.016384,0.065536,0.3632,2.348,425.894,15000,17536,0.0757944
Suite_13,Deferred_Uber,0,1558,1.66879,0.61058,0.014912,0.070336,0.38096,2.30928,433.036,15000,16640,0.0708135
Suite_13,Deferred_Uber,0,1559,1.66857,0.648082,0.014208,0.065472,0.364544,2.29908,434.956,15000,16128,0.0698002
Suite_13,Deferred_Uber,0,1560,1.6581,0.622256,0.013472,0.065216,0.356352,2.33695,427.908,15000,15232,0.066694
Suite_13,Deferred_Uber,0,1561,1.65091,0.615397,0.013952,0.071872,0.377056,2.30106,434.582,15000,14848,0.0663407
Suite_13,Deferred_Uber,0,1562,1.65847,0.64129,0.012544,0.064032,0.357472,2.28607,437.432,15000,13952,0.0635089
Suite_13,Deferred_Uber,0,1563,1.64671,0.61833,0.012288,0.063712,0.356928,2.32043,430.954,15000,13440,0.0628828
Suite_13,Deferred_Uber,0,1564,1.64162,0.624751,0.01088,0.063488,0.376832,2.28406,437.817,15000,12672,0.0567912
Suite_13,Deferred_Uber,0,1565,1.64363,0.63142,0.011264,0.062976,0.354464,2.28694,437.265,15000,12672,0.0574886
Suite_13,Deferred_Uber,0,1566,1.64262,0.645103,0.01024,0.0632,0.352544,2.29505,435.721,15000,11776,0.0518993
Suite_13,Deferred_Uber,0,1567,1.63076,0.612886,0.011264,0.063488,0.379232,2.30675,433.509,15000,11520,0.0503172
Suite_13,Deferred_Uber,0,1568,1.6318,0.626415,0.01024,0.06144,0.357184,2.26612,441.283,15000,10496,0.0439977
Suite_13,Deferred_Uber,0,1569,1.62437,0.614249,0.009792,0.06224,0.352672,2.27935,438.721,15000,9984,0.0414419
Suite_13,Deferred_Uber,0,1570,1.61177,0.607436,0.008384,0.063136,0.35136,2.2566,443.144,15000,9344,0.0389483
Suite_13,Deferred_Uber,0,1571,1.61794,0.623629,0.008192,0.0616,0.357344,2.23575,447.278,15000,9088,0.0380016
Suite_13,Deferred_Uber,0,1572,1.61613,0.603932,0.008192,0.06144,0.352352,2.25964,442.549,15000,8704,0.0370589
Suite_13,Deferred_Uber,0,1573,1.60793,0.612354,0.008192,0.061568,0.3504,2.23847,446.733,15000,8192,0.0359001
Suite_13,Deferred_Uber,0,1574,1.60773,0.62629,0.007936,0.060992,0.3504,2.23752,446.923,15000,7680,0.0355853
Suite_13,Deferred_Uber,0,1575,1.59939,0.606092,0.007744,0.060352,0.34192,2.25191,444.067,15000,7040,0.0337548
Suite_13,Deferred_Uber,0,1576,1.59544,0.600908,0.006496,0.05968,0.350208,2.22115,450.217,15000,6784,0.0331032
Suite_13,Deferred_Uber,0,1577,1.59968,0.622397,0.006144,0.060864,0.344896,2.21291,451.893,15000,6400,0.0316588
Suite_13,Deferred_Uber,0,1578,1.59359,0.604241,0.006112,0.060896,0.342016,2.23996,446.436,15000,5888,0.0290752
Suite_13,Deferred_Uber,0,1579,1.58569,0.602992,0.005664,0.06144,0.360704,2.21321,451.833,15000,5888,0.0294082
Suite_13,Deferred_Uber,0,1580,1.58549,0.616954,0.005568,0.060096,0.352384,2.20364,453.795,15000,5376,0.0266176
Suite_13,Deferred_Uber,0,1581,1.58359,0.60009,0.004096,0.05984,0.34688,2.22144,450.158,15000,5120,0.0249092
Suite_13,Deferred_Uber,0,1582,1.58534,0.602444,0.003968,0.061056,0.354112,2.20008,454.53,15000,4864,0.0237024
Suite_13,Deferred_Uber,0,1583,1.57743,0.614297,0.004096,0.059648,0.348672,2.20271,453.985,15000,4608,0.022823
Suite_13,Deferred_Uber,0,1584,1.57033,0.609038,0.003232,0.059232,0.338848,2.20804,452.891,15000,3968,0.0190703
Suite_13,Deferred_Uber,0,1585,1.56814,0.596674,0.00352,0.059392,0.362944,2.19598,455.378,15000,3840,0.0184606
Suite_13,Deferred_Uber,0,1586,1.56343,0.617263,0.002976,0.05808,0.34816,2.18043,458.626,15000,3328,0.0169087
Suite_13,Deferred_Uber,0,1587,1.56463,0.601212,0.002048,0.058816,0.342016,2.19653,455.263,15000,3072,0.0159756
Suite_13,Deferred_Uber,0,1588,1.5591,0.603357,0.002464,0.059296,0.343648,2.18051,458.608,15000,2688,0.0132438
Suite_13,Deferred_Uber,0,1589,1.55285,0.600185,0.002048,0.087488,0.372352,2.17801,459.135,15000,2432,0.0121614
Suite_13,Deferred_Uber,0,1590,1.5541,0.625486,0.002048,0.057472,0.347456,2.1681,461.233,15000,2176,0.0115662
Suite_13,Deferred_Uber,0,1591,1.57873,0.67119,0.002016,0.059072,0.343264,2.1959,455.395,15000,2048,0.0105256
Suite_13,Deferred_Uber,0,1592,1.55035,0.608188,0.001504,0.05856,0.344064,2.26849,440.822,15000,1792,0.00935402
Suite_13,Deferred_Uber,0,1593,1.5467,0.62192,0.001568,0.05744,0.339328,2.17491,459.789,15000,1536,0.00790288
Suite_13,Deferred_Uber,0,1594,1.53328,0.614566,0.000544,0.057504,0.33984,2.18559,457.542,15000,896,0.00451848
Suite_13,Deferred_Uber,0,1595,1.52729,0.599577,0.001984,0.057664,0.346016,2.16214,462.505,15000,896,0.00457203
Suite_13,Deferred_Uber,0,1596,1.53347,0.613644,0.000864,0.057568,0.333568,2.14452,466.305,15000,384,0.00210947
Suite_13,Deferred_Uber,0,1597,1.52849,0.591435,0.000224,0.057792,0.336,2.16475,461.947,15000,384,0.0021354
Suite_13,Deferred_Uber,0,1598,1.52528,0.593076,0.00176,0.05808,0.341632,2.13443,468.508,15000,384,0.00216175
Suite_13,Deferred_Uber,0,1599,1.52369,0.623523,0.00048,0.057824,0.339968,2.13143,469.17,15000,256,0.00184954
Suite_13,Deferred_Uber,0,1600,1.51648,0.602276,0.001312,0.058464,0.338432,2.16211,462.511,15000,128,0.00122507
Suite_13,Deferred_Uber,0,1601,1.51088,0.596785,0.00032,0.05776,0.366336,2.13412,468.577,15000,128,0.00123966
Suite_13,Deferred_Uber,0,1602,1.51649,0.609794,0.000544,0.0576,0.331424,2.12193,471.27,15000,128,0.00125446
Suite_13,Deferred_Uber,0,1603,1.51105,0.617461,0.001568,0.057344,0.339008,2.14092,467.09,15000,128,0.00126948
Suite_13,Deferred_Uber,0,1604,1.51554,0.595758,0.00144,0.057344,0.342112,2.143,466.636,15000,128,0.00128473
Suite_13,Deferred_Uber,0,1605,1.50995,0.577224,0.0008,0.057344,0.358336,2.12576,470.42,15000,0,0
Suite_13,Deferred_Uber,0,1606,1.50891,0.595919,0,0.056832,0.340736,2.10197,475.744,15000,0,0
Suite_13,Deferred_Uber,0,1607,1.50691,0.585104,0.001088,0.05696,0.338496,2.12012,471.672,15000,0,0
Suite_13,Deferred_Uber,0,1608,1.49161,0.588336,0.000352,0.056992,0.342016,2.10572,474.897,15000,0,0
Suite_13,Deferred_Uber,0,1609,1.49337,0.594482,0,0.057024,0.344352,2.09417,477.517,15000,0,0
Suite_13,Deferred_Uber,0,1610,1.49589,0.589313,0.00016,0.057152,0.34192,2.10381,475.328,15000,0,0
Suite_13,Deferred_Uber,0,1611,1.49004,0.579849,0.000384,0.080224,0.359648,2.0981,476.622,15000,0,0
Suite_13,Deferred_Uber,0,1612,1.501,0.626713,0.001184,0.057344,0.336416,2.08266,480.155,15000,0,0
Suite_13,Deferred_Uber,0,1613,1.49735,0.593179,0.00016,0.05616,0.344064,2.14644,465.888,15000,0,0
Suite_13,Deferred_Uber,0,1614,1.49202,0.579344,0.001088,0.056864,0.338336,2.10565,474.912,15000,0,0
Suite_13,Deferred_Uber,0,1615,1.48918,0.584438,0.001728,0.057344,0.354368,2.08403,479.841,15000,0,0
Suite_13,Deferred_Uber,0,1616,1.48876,0.585941,0.000512,0.057344,0.343392,2.0871,479.135,15000,0,0
Suite_13,Deferred_Uber,0,1617,1.49011,0.581762,0.001216,0.05696,0.335456,2.09006,478.454,15000,0,0
Suite_13,Deferred_Uber,0,1618,1.47894,0.583605,0.001504,0.057152,0.339968,2.0855,479.502,15000,0,0
Suite_13,Deferred_Uber,0,1619,1.48881,0.609598,0.000512,0.057344,0.331776,2.07507,481.911,15000,0,0
Suite_13,Deferred_Uber,0,1620,1.47811,0.586163,6.4e-05,0.057216,0.337792,2.11829,472.078,15000,0,0
Suite_13,Deferred_Uber,0,1621,1.4784,0.579689,0.001216,0.057344,0.33984,2.07909,480.98,15000,0,0
Suite_13,Deferred_Uber,0,1622,1.47543,0.591624,0.001728,0.057344,0.33792,2.07155,482.73,15000,0,0
Suite_13,Deferred_Uber,0,1623,1.4736,0.584018,0.001184,0.05712,0.341824,2.08083,480.578,15000,0,0
Suite_13,Deferred_Uber,0,1624,1.47887,0.582605,0.000768,0.057344,0.339936,2.07091,482.88,15000,0,0
Suite_13,Deferred_Uber,0,1625,1.47659,0.584419,0.00112,0.056672,0.354944,2.0817,480.377,15000,0,0
Suite_13,Deferred_Uber,0,1626,1.4768,0.585223,0.001664,0.05728,0.33936,2.07642,481.598,15000,0,0
Suite_13,Deferred_Uber,0,1627,1.46945,0.575812,0.001568,0.057088,0.341632,2.07588,481.723,15000,0,0
Suite_13,Deferred_Uber,0,1628,1.46729,0.58076,0.000768,0.057344,0.344064,2.05814,485.875,15000,0,0
Suite_13,Deferred_Uber,0,1629,1.46796,0.597616,0,0.057024,0.338624,2.06295,484.744,15000,0,0
Suite_13,Deferred_Uber,0,1630,1.46777,0.581189,0.001056,0.05712,0.342624,2.08106,480.523,15000,0,0
Suite_13,Deferred_Uber,0,1631,1.46092,0.579561,0.001632,0.08192,0.358656,2.06179,485.015,15000,0,0
Suite_13,Deferred_Uber,0,1632,1.46191,0.592808,6.4e-05,0.055712,0.331936,2.05286,487.126,15000,0,0
Suite_13,Deferred_Uber,0,1633,1.46578,0.586251,0.000576,0.057344,0.339808,2.07085,482.894,15000,0,0
Suite_13,Deferred_Uber,0,1634,1.45361,0.589166,0.000544,0.056288,0.339968,2.06595,484.039,15000,0,0
Suite_13,Deferred_Uber,0,1635,1.45291,0.586741,0.00144,0.057344,0.33408,2.05524,486.562,15000,0,0
Suite_13,Deferred_Uber,0,1636,1.4516,0.5939,0.001504,0.057344,0.327744,2.05281,487.138,15000,0,0
Suite_13,Deferred_Uber,0,1637,1.45628,0.579491,0.000704,0.057344,0.333824,2.06117,485.16,15000,0,0
Suite_13,Deferred_Uber,0,1638,1.45319,0.578893,0,0.057344,0.34816,2.04962,487.897,15000,0,0
Suite_13,Deferred_Uber,0,1639,1.45942,0.593989,0.000736,0.057344,0.337248,2.04445,489.129,15000,0,0
Suite_13,Deferred_Uber,0,1640,1.45722,0.587335,0.000416,0.056192,0.339968,2.06691,483.814,15000,0,0
Suite_13,Deferred_Uber,0,1641,1.45275,0.572956,0.00032,0.057248,0.339904,2.05875,485.731,15000,0,0
Suite_13,Deferred_Uber,0,1642,1.45005,0.592626,0.000672,0.056256,0.33984,2.03961,490.289,15000,0,0
Suite_13,Deferred_Uber,0,1643,1.45093,0.58096,9.6e-05,0.057088,0.335872,2.05799,485.91,15000,0,0
Suite_13,Deferred_Uber,0,1644,1.45417,0.577006,0.00048,0.057248,0.332928,2.04517,488.956,15000,0,0
Suite_13,Deferred_Uber,0,1645,1.44184,0.58353,0,0.056768,0.336736,2.04661,488.613,15000,0,0
Suite_13,Deferred_Uber,0,1646,1.44555,0.592758,0.001056,0.057216,0.338368,2.0392,490.389,15000,0,0
Suite_13,Deferred_Uber,0,1647,1.44281,0.575672,0.001056,0.056768,0.336128,2.05271,487.16,15000,0,0
Suite_13,Deferred_Uber,0,1648,1.43722,0.573786,0.001344,0.058528,0.348128,2.03155,492.235,15000,0,0
Suite_13,Deferred_Uber,0,1649,1.43981,0.584514,0.000608,0.057344,0.339968,2.02506,493.812,15000,0,0
Suite_13,Deferred_Uber,0,1650,1.44861,0.593768,0,0.057024,0.331616,2.03846,490.567,15000,0,0
Suite_13,Deferred_Uber,0,1651,1.43712,0.581966,0.001664,0.057344,0.335872,2.06242,484.867,15000,0,0
Suite_13,Deferred_Uber,0,1652,1.43619,0.590004,0.000736,0.05632,0.35584,2.03157,492.23,15000,0,0
Suite_13,Deferred_Uber,0,1653,1.44181,0.593261,0.000384,0.056256,0.342016,2.04684,488.558,15000,0,0
Suite_13,Deferred_Uber,0,1654,1.42679,0.583199,0.001504,0.057184,0.341408,2.04967,487.883,15000,0,0
Suite_13,Deferred_Uber,0,1655,1.43445,0.585188,0.000224,0.057216,0.347968,2.02284,494.354,15000,0,0
Suite_13,Deferred_Uber,0,1656,1.43476,0.595919,0.000736,0.057344,0.33792,2.03235,492.041,15000,0,0
Suite_13,Deferred_Uber,0,1657,1.43654,0.583044,0.001728,0.057344,0.33792,2.04669,488.593,15000,0,0
Suite_13,Deferred_Uber,0,1658,1.42803,0.580878,0.000736,0.057344,0.331744,2.03387,491.674,15000,0,0
Suite_13,Deferred_Uber,0,1659,1.42831,0.592109,6.4e-05,0.055808,0.338912,2.02179,494.612,15000,0,0
Suite_13,Deferred_Uber,0,1660,1.42344,0.590495,0.001472,0.057344,0.336224,2.03478,491.453,15000,0,0
Suite_13,Deferred_Uber,0,1661,1.42538,0.611896,0.001728,0.057344,0.34128,2.03041,492.51,15000,0,0
Suite_13,Deferred_Uber,0,1662,1.42649,0.584744,0.00112,0.057344,0.33856,2.05258,487.191,15000,0,0
Suite_13,Deferred_Uber,0,1663,1.42494,0.594123,0,0.0568,0.342816,2.02359,494.172,15000,0,0
Suite_13,Deferred_Uber,0,1664,1.42688,0.590389,0.001696,0.057344,0.333152,2.03398,491.647,15000,0,0
Suite_13,Deferred_Uber,0,1665,1.41917,0.578796,0.001472,0.08192,0.358464,2.03193,492.142,15000,0,0
Suite_13,Deferred_Uber,0,1666,1.42045,0.60348,0.001568,0.057216,0.340128,2.01192,497.038,15000,0,0
Suite_13,Deferred_Uber,0,1667,1.42318,0.580527,0.000288,0.05616,0.343488,2.03782,490.72,15000,0,0
Suite_13,Deferred_Uber,0,1668,1.41989,0.575449,0.001504,0.057344,0.337984,2.01683,495.827,15000,0,0
Suite_13,Deferred_Uber,0,1669,1.41911,0.574382,0.001856,0.057344,0.335872,2.00897,497.766,15000,0,0
Suite_13,Deferred_Uber,0,1670,1.41979,0.589244,0,0.05712,0.33648,2.00714,498.221,15000,0,0
Suite_13,Deferred_Uber,0,1671,1.41696,0.584864,0,0.057248,0.338496,2.02298,494.32,15000,0,0
Suite_13,Deferred_Uber,0,1672,1.41242,0.575831,0,0.057344,0.34816,2.01451,496.398,15000,0,0
Suite_13,Deferred_Uber,0,1673,1.41961,0.586898,0.000352,0.058176,0.339712,2.00241,499.398,15000,0,0
Suite_13,Deferred_Uber,0,1674,1.41938,0.587451,0.001216,0.057344,0.34384,2.02162,494.654,15000,0,0
Suite_13,Deferred_Uber,0,1675,1.41305,0.574022,0.001312,0.057344,0.338144,2.02119,494.759,15000,0,0
Suite_13,Deferred_Uber,0,1676,1.41649,0.590291,0.0008,0.058624,0.36848,2.00036,499.909,15000,0,0
Suite_13,Deferred_Uber,0,1677,1.41634,0.589052,0.000128,0.057952,0.333824,2.02259,494.416,15000,0,0
Suite_13,Deferred_Uber,0,1678,1.41435,0.576601,0.000224,0.057728,0.336832,2.02061,494.9,15000,0,0
Suite_13,Deferred_Uber,0,1679,1.41087,0.574428,0.00064,0.057824,0.345792,2.00404,498.993,15000,0,0
Suite_13,Deferred_Uber,0,1680,1.41291,0.591122,0.001728,0.057344,0.336032,1.99781,500.548,15000,0,0
Suite_13,Deferred_Uber,0,1681,1.40807,0.579555,0.000128,0.057728,0.345088,2.02001,495.047,15000,0,0
Suite_13,Deferred_Uber,0,1682,1.40614,0.590954,0.001504,0.057344,0.331264,2.0082,497.958,15000,0,0
Suite_13,Deferred_Uber,0,1683,1.40647,0.585939,0.001664,0.062656,0.352576,2.01026,497.449,15000,0,0
Suite_13,Deferred_Uber,0,1684,1.40936,0.585358,0.001472,0.057344,0.339616,2.00602,498.499,15000,0,0
Suite_13,Deferred_Uber,0,1685,1.40427,0.57605,0,0.057696,0.33456,2.00984,497.551,15000,0,0
Suite_13,Deferred_Uber,0,1686,1.40446,0.590279,0.001856,0.059392,0.340512,1.99416,501.464,15000,0,0
Suite_13,Deferred_Uber,0,1687,1.40558,0.597476,0.000288,0.057664,0.344064,2.00787,498.04,15000,0,0
Suite_13,Deferred_Uber,0,1688,1.40409,0.580393,9.6e-05,0.0576,0.340064,2.01706,495.77,15000,0,0
Suite_13,Deferred_Uber,0,1689,1.40666,0.574851,0.00016,0.057856,0.329728,1.99906,500.235,15000,0,0
Suite_13,Deferred_Uber,0,1690,1.40586,0.585018,0.000864,0.057536,0.344064,1.99533,501.171,15000,0,0
Suite_13,Deferred_Uber,0,1691,1.40484,0.590958,0.000448,0.057952,0.337792,2.00506,498.739,15000,0,0
Suite_13,Deferred_Uber,0,1692,1.409,0.592381,0.00144,0.057344,0.340128,2.01058,497.368,15000,0,0
Suite_13,Deferred_Uber,0,1693,1.40468,0.576504,0,0.057472,0.345344,2.01762,495.634,15000,0,0
Suite_13,Deferred_Uber,0,1694,1.40408,0.591025,0.00112,0.057344,0.342976,1.99449,501.382,15000,0,0
Suite_13,Deferred_Uber,0,1695,1.39906,0.575958,0,0.05744,0.3408,2.01009,497.489,15000,0,0
Suite_13,Deferred_Uber,0,1696,1.40255,0.574115,0.001088,0.057344,0.366976,1.98799,503.021,15000,0,0
Suite_13,Deferred_Uber,0,1697,1.40094,0.592382,0.001792,0.057344,0.33808,1.99117,502.218,15000,0,0
Suite_13,Deferred_Uber,0,1698,1.40069,0.578412,0.000608,0.057504,0.342016,2.00786,498.043,15000,0,0
Suite_13,Deferred_Uber,0,1699,1.40189,0.575898,0.001568,0.057344,0.335904,1.99223,501.95,15000,0,0
Suite_13,Deferred_Uber,0,1700,1.39741,0.581126,0.000928,0.058368,0.344224,1.99047,502.394,15000,0,0
Suite_13,Deferred_Uber,0,1701,1.40435,0.592818,0.000736,0.057056,0.335872,1.99285,501.794,15000,0,0
Suite_13,Deferred_Uber,0,1702,1.40281,0.585556,0.0008,0.057696,0.33792,2.01349,496.651,15000,0,0
Suite_13,Deferred_Uber,0,1703,1.39673,0.575082,0.001536,0.057344,0.356256,2.00168,499.582,15000,0,0
Suite_13,Deferred_Uber,0,1704,1.39945,0.589996,0.00128,0.057344,0.34496,1.98478,503.834,15000,0,0
Suite_13,Deferred_Uber,0,1705,1.40265,0.581688,0.00192,0.058368,0.339584,2.00588,498.535,15000,0,0
Suite_13,Deferred_Uber,0,1706,1.39446,0.576238,0.000288,0.057472,0.338848,1.99812,500.469,15000,0,0
Suite_13,Deferred_Uber,0,1707,1.39908,0.580837,0.000768,0.0576,0.344096,1.98349,504.161,15000,0,0
Suite_13,Deferred_Uber,0,1708,1.40245,0.58989,0.0008,0.057696,0.342016,1.99242,501.903,15000,0,0
Suite_13,Deferred_Uber,0,1709,1.40326,0.577681,0.001376,0.057344,0.342496,2.00925,497.698,15000,0,0
Suite_13,Deferred_Uber,0,1710,1.39918,0.576299,0.00096,0.057344,0.333728,2.0002,499.949,15000,0,0
Suite_13,Deferred_Uber,0,1711,1.40909,0.623141,0.002048,0.057728,0.33792,1.98857,502.874,15000,0,0
Suite_13,Deferred_Uber,0,1712,1.40491,0.584016,0.001472,0.057344,0.334304,2.0493,487.971,15000,0,0
Suite_13,Deferred_Uber,0,1713,1.40033,0.587059,0.001568,0.057344,0.33792,2.0054,498.653,15000,0,0
Suite_13,Deferred_Uber,0,1714,1.40087,0.578863,0.001472,0.057344,0.332576,2.0072,498.205,15000,0,0
Suite_13,Deferred_Uber,0,1715,1.40376,0.587576,0.000928,0.057376,0.333824,1.99345,501.644,15000,0,0
Suite_13,Deferred_Uber,0,1716,1.40278,0.578069,0.00112,0.057344,0.334144,2.00511,498.726,15000,0,0
Suite_13,Deferred_Uber,0,1717,1.39204,0.574321,0.001664,0.058272,0.3416,1.99481,501.302,15000,0,0
Suite_13,Deferred_Uber,0,1718,1.39695,0.598971,0.00144,0.057344,0.336576,1.98024,504.988,15000,0,0
Suite_13,Deferred_Uber,0,1719,1.40241,0.578122,0.000768,0.057248,0.338976,2.00964,497.601,15000,0,0
Suite_13,Deferred_Uber,0,1720,1.39624,0.57637,0.000864,0.057568,0.337056,1.99365,501.594,15000,0,0
Suite_13,Deferred_Uber,0,1721,1.3938,0.575691,0.00176,0.058848,0.34464,1.98684,503.311,15000,0,0
Suite_13,Deferred_Uber,0,1722,1.40344,0.589944,0.000448,0.05744,0.341312,1.98473,503.846,15000,0,0
Suite_13,Deferred_Uber,0,1723,1.40139,0.583869,0.000512,0.057856,0.345728,2.00738,498.161,15000,0,0
Suite_13,Deferred_Uber,0,1724,1.39823,0.576224,0.000544,0.058944,0.351616,1.99789,500.527,15000,0,0
Suite_13,Deferred_Uber,0,1725,1.39482,0.585801,0.00176,0.057344,0.336224,1.98892,502.785,15000,0,0
Suite_13,Deferred_Uber,0,1726,1.40472,0.579419,0.002048,0.057696,0.335424,1.99536,501.162,15000,0,0
Suite_13,Deferred_Uber,0,1727,1.39583,0.572532,0.001536,0.057344,0.341888,1.99707,500.733,15000,0,0
Suite_13,Deferred_Uber,0,1728,1.39564,0.586815,0.00048,0.057344,0.339968,1.98044,504.937,15000,0,0
Suite_13,Deferred_Uber,0,1729,1.4012,0.583148,0.001632,0.057344,0.34256,1.9972,500.701,15000,0,0
Suite_13,Deferred_Uber,0,1730,1.3967,0.577276,0.001376,0.058688,0.340928,1.99879,500.303,15000,0,0
Suite_13,Deferred_Uber,0,1731,1.39893,0.57429,0.001664,0.059328,0.354304,1.98689,503.3,15000,0,0
Suite_13,Deferred_Uber,0,1732,1.39809,0.591173,0.001408,0.05856,0.335424,1.98596,503.535,15000,0,0
Suite_13,Deferred_Uber,0,1733,1.39805,0.58021,0.00176,0.05872,0.342912,2.00531,498.677,15000,0,0
Suite_13,Deferred_Uber,0,1734,1.40196,0.587157,0.002048,0.058208,0.334016,1.99261,501.855,15000,0,0
Suite_13,Deferred_Uber,0,1735,1.40179,0.577871,0.000512,0.05744,0.363744,2.00154,499.616,15000,0,0
Suite_13,Deferred_Uber,0,1736,1.40334,0.593763,0.001472,0.057408,0.34112,1.99307,501.738,15000,0,0
Suite_13,Deferred_Uber,0,1737,1.40002,0.57432,0.002048,0.057728,0.33952,2.01261,496.868,15000,0,0
Suite_13,Deferred_Uber,0,1738,1.40524,0.652084,0.002048,0.05904,0.348992,1.98885,502.803,15000,0,0
Suite_13,Deferred_Uber,0,1739,1.4088,0.634348,0.001536,0.057344,0.343168,2.0834,479.985,15000,0,0
Suite_13,Deferred_Uber,0,1740,1.40789,0.585521,0.001568,0.057344,0.346112,2.0599,485.461,15000,0,0
Suite_13,Deferred_Uber,0,1741,1.39805,0.57895,0.001952,0.0592,0.33184,2.01007,497.496,15000,0,0
Suite_13,Deferred_Uber,0,1742,1.40586,0.591922,0.001632,0.085088,0.374112,1.99145,502.147,15000,0,0
Suite_13,Deferred_Uber,0,1743,1.4021,0.585931,0.001632,0.058432,0.33792,2.01156,497.126,15000,0,0
Suite_13,Deferred_Uber,0,1744,1.40522,0.584483,0.001952,0.058208,0.335744,2.0015,499.624,15000,0,0
Suite_13,Deferred_Uber,0,1745,1.40034,0.572915,0.002048,0.059456,0.352256,2.0039,499.027,15000,0,0
Suite_13,Deferred_Uber,0,1746,1.40952,0.587131,0.000736,0.057376,0.342016,1.98649,503.401,15000,0,0
Suite_13,Deferred_Uber,0,1747,1.40634,0.575966,0.001728,0.05872,0.344064,2.01094,497.279,15000,0,0
Suite_13,Deferred_Uber,0,1748,1.40804,0.576883,0.00192,0.058016,0.343744,1.99497,501.26,15000,0,0
Suite_13,Deferred_Uber,0,1749,1.40522,0.594587,0.002048,0.058208,0.345472,1.99939,500.153,15000,0,0
Suite_13,Deferred_Uber,0,1750,1.41349,0.58371,0.002048,0.05808,0.334176,2.01482,496.322,15000,0,0
Suite_13,Deferred_Uber,0,1751,1.40572,0.576491,0.002048,0.059008,0.337312,2.01005,497.5,15000,0,0
Suite_13,Deferred_Uber,0,1752,1.40344,0.5765,0.002048,0.058624,0.346272,1.9951,501.229,15000,0,0
Suite_13,Deferred_Uber,0,1753,1.4172,0.58778,0.001984,0.058816,0.342016,1.99371,501.577,15000,0,0
Suite_13,Deferred_Uber,0,1754,1.40923,0.588532,0.002336,0.059232,0.345248,2.02041,494.948,15000,0,0
Suite_13,Deferred_Uber,0,1755,1.40862,0.574993,0.002048,0.057952,0.358048,2.01066,497.35,15000,0,0
Suite_13,Deferred_Uber,0,1756,1.41504,0.586072,0.002048,0.058592,0.346112,1.99644,500.891,15000,0,0
Suite_13,Deferred_Uber,0,1757,1.4123,0.578722,0.002112,0.05888,0.344064,2.01774,495.605,15000,0,0
Suite_13,Deferred_Uber,0,1758,1.40792,0.577892,0.002048,0.058432,0.345408,2.00548,498.634,15000,0,0
Suite_13,Deferred_Uber,0,1759,1.4178,0.573859,0.002048,0.058752,0.344384,1.99862,500.346,15000,0,0
Suite_13,Deferred_Uber,0,1760,1.41672,0.597928,0.002272,0.059392,0.344064,2.00515,498.716,15000,0,0
Suite_13,Deferred_Uber,0,1761,1.41694,0.601288,0.002304,0.05776,0.34816,2.02984,492.649,15000,0,0
Suite_13,Deferred_Uber,0,1762,1.41416,0.580644,0.002048,0.085952,0.363168,2.03416,491.604,15000,0,0
Suite_13,Deferred_Uber,0,1763,1.41399,0.592868,0.002368,0.059264,0.344064,2.00788,498.037,15000,0,0
Suite_13,Deferred_Uber,0,1764,1.41254,0.587069,0.002208,0.058048,0.347776,2.02096,494.813,15000,0,0
Suite_13,Deferred_Uber,0,1765,1.41628,0.587572,0.002624,0.058304,0.34816,2.01458,496.382,15000,0,0
Suite_13,Deferred_Uber,0,1766,1.41399,0.582763,0.002048,0.058528,0.336576,2.01757,495.645,15000,0,0
Suite_13,Deferred_Uber,0,1767,1.41726,0.590429,0.00352,0.059072,0.337056,2.01533,496.196,15000,0,0
Suite_13,Deferred_Uber,0,1768,1.41832,0.5808,0.002048,0.059392,0.348544,2.02073,494.87,15000,0,0
Suite_13,Deferred_Uber,0,1769,1.41814,0.579112,0.003232,0.060128,0.349664,2.01362,496.618,15000,0,0
Suite_13,Deferred_Uber,0,1770,1.42754,0.604178,0.002048,0.058592,0.336768,2.01122,497.211,15000,0,0
Suite_13,Deferred_Uber,0,1771,1.42079,0.650346,0.003552,0.059392,0.347296,2.04618,488.715,15000,0,0
Suite_13,Deferred_Uber,0,1772,1.42054,0.586249,0.002848,0.059232,0.343104,2.08385,479.882,15000,0,0
Suite_13,Deferred_Uber,0,1773,1.42968,0.585059,0.003456,0.059328,0.342272,2.02217,494.519,15000,0,0
Suite_13,Deferred_Uber,0,1774,1.42241,0.590562,0.002752,0.057792,0.33792,2.03026,492.548,15000,0,0
Suite_13,Deferred_Uber,0,1775,1.42812,0.58615,0.003232,0.059392,0.344704,2.0262,493.536,15000,0,0
Suite_13,Deferred_Uber,0,1776,1.42961,0.581055,0.003776,0.059872,0.347936,2.02679,493.392,15000,0,0
Suite_13,Deferred_Uber,0,1777,1.43674,0.594786,0.003168,0.059392,0.34528,2.02516,493.788,15000,0,0
Suite_13,Deferred_Uber,0,1778,1.43298,0.584502,0.003968,0.058144,0.344192,2.05294,487.107,15000,0,0
Suite_13,Deferred_Uber,0,1779,1.4375,0.578387,0.002656,0.059264,0.360448,2.03028,492.544,15000,0,0
Suite_13,Deferred_Uber,0,1780,1.43399,0.593065,0.002784,0.059424,0.340128,2.02874,492.916,15000,0,0
Suite_13,Deferred_Uber,0,1781,1.44387,0.591131,0.002752,0.05952,0.33792,2.04305,489.464,15000,0,0
Suite_13,Deferred_Uber,0,1782,1.43955,0.57702,0.002848,0.059392,0.343232,2.04891,488.064,15000,0,0
Suite_13,Deferred_Uber,0,1783,1.44123,0.576998,0.003648,0.059392,0.34816,2.02955,492.721,15000,0,0
Suite_13,Deferred_Uber,0,1784,1.44628,0.589567,0.004096,0.05952,0.340192,2.03166,492.209,15000,0,0
Suite_13,Deferred_Uber,0,1785,1.44771,0.57706,0.00384,0.060672,0.350208,2.0517,487.401,15000,0,0
Suite_13,Deferred_Uber,0,1786,1.45,0.585016,0.004256,0.062048,0.351552,2.03861,490.531,15000,0,0
Suite_13,Deferred_Uber,0,1787,1.45249,0.585181,0.002848,0.060576,0.34592,2.04745,488.412,15000,0,0
Suite_13,Deferred_Uber,0,1788,1.45051,0.5797,0.00416,0.059392,0.346016,2.05244,487.226,15000,0,0
Suite_13,Deferred_Uber,0,1789,1.4514,0.572954,0.004096,0.059232,0.340288,2.04494,489.013,15000,0,0
Suite_13,Deferred_Uber,0,1790,1.45918,0.587493,0.00384,0.059392,0.372864,2.03795,490.689,15000,0,0
Suite_13,Deferred_Uber,0,1791,1.4574,0.603825,0.004096,0.059584,0.350176,2.065,484.261,15000,0,0
Suite_13,Deferred_Uber,0,1792,1.45687,0.581913,0.004096,0.059488,0.346912,2.07465,482.009,15000,0,0
Suite_13,Deferred_Uber,0,1793,1.45685,0.579313,0.004768,0.059712,0.354528,2.05314,487.058,15000,0,0
Suite_13,Deferred_Uber,0,1794,1.4566,0.596002,0.004096,0.059392,0.348768,2.04998,487.809,15000,0,0
Suite_13,Deferred_Uber,0,1795,1.45989,0.582975,0.004704,0.058976,0.346112,2.07255,482.497,15000,0,0
Suite_13,Deferred_Uber,0,1796,1.45851,0.590087,0.004192,0.05952,0.365888,2.05587,486.412,15000,0,0
Suite_13,Deferred_Uber,0,1797,1.46794,0.594081,0.00544,0.060416,0.348736,2.06269,484.804,15000,0,0
Suite_13,Deferred_Uber,0,1798,1.46373,0.584864,0.005376,0.060864,0.346368,2.07723,481.41,15000,0,0
Suite_13,Deferred_Uber,0,1799,1.46402,0.576769,0.0056,0.059392,0.34848,2.06118,485.158,15000,0,0
Suite_13,Deferred_Uber,0,1800,1.47144,0.581203,0.0048,0.05968,0.34816,2.05324,487.034,15000,0,0
Suite_13,Deferred_Uber,0,1801,1.47409,0.590029,0.004576,0.059488,0.352256,2.06741,483.698,15000,0,0
Suite_13,Deferred_Uber,0,1802,1.48374,0.586806,0.005376,0.06112,0.34912,2.07906,480.987,15000,0,0
Suite_13,Deferred_Uber,0,1803,1.47485,0.575211,0.00672,0.062624,0.361888,2.08325,480.019,15000,0,0
Suite_13,Deferred_Uber,0,1804,1.48285,0.589764,0.005024,0.059392,0.352288,2.06242,484.866,15000,0,0
Suite_13,Deferred_Uber,0,1805,1.483,0.579553,0.005632,0.060928,0.352256,2.08945,478.595,15000,0,0
Suite_13,Deferred_Uber,0,1806,1.48323,0.582994,0.006048,0.059968,0.373888,2.07628,481.631,15000,0,0
Suite_13,Deferred_Uber,0,1807,1.48501,0.608497,0.005824,0.059392,0.348128,2.07889,481.026,15000,0,0
Suite_13,Deferred_Uber,0,1808,1.48745,0.595597,0.004992,0.06064,0.350112,2.10821,474.336,15000,0,0
Suite_13,Deferred_Uber,0,1809,1.48768,0.581778,0.006144,0.059392,0.350176,2.09822,476.595,15000,0,0
Suite_13,Deferred_Uber,0,1810,1.49488,0.602766,0.006208,0.061312,0.374176,2.08311,480.051,15000,0,0
Suite_13,Deferred_Uber,0,1811,1.50107,0.595231,0.006144,0.060608,0.343616,2.11179,473.531,15000,0,0
Suite_13,Deferred_Uber,0,1812,1.50511,0.590649,0.006144,0.059392,0.352864,2.11057,473.807,15000,0,0
Suite_13,Deferred_Uber,0,1813,1.5023,0.573788,0.008096,0.063264,0.357888,2.1102,473.889,15000,0,0
Suite_13,Deferred_Uber,0,1814,1.50834,0.589268,0.00672,0.059872,0.347136,2.08961,478.558,15000,0,0
Suite_13,Deferred_Uber,0,1815,1.51341,0.581426,0.006144,0.061184,0.3552,2.11147,473.603,15000,0,0
Suite_13,Deferred_Uber,0,1816,1.50639,0.580271,0.006592,0.08592,0.366592,2.1073,474.541,15000,0,0
Suite_13,Deferred_Uber,0,1817,1.51445,0.597416,0.00736,0.06144,0.35312,2.10054,476.067,15000,0,0
Suite_13,Deferred_Uber,0,1818,1.51391,0.584268,0.008128,0.061216,0.347488,2.12688,470.172,15000,0,0
Suite_13,Deferred_Uber,0,1819,1.51285,0.578501,0.008192,0.061024,0.352256,2.11089,473.734,15000,0,0
Suite_13,Deferred_Uber,0,1820,1.52573,0.583819,0.007552,0.088064,0.37888,2.10359,475.378,15000,0,0
Suite_13,Deferred_Uber,0,1821,1.52425,0.582733,0.007072,0.06144,0.353376,2.12475,470.643,15000,0,0
Suite_13,Deferred_Uber,0,1822,1.53448,0.576358,0.00784,0.06144,0.350208,2.12194,471.266,15000,0,0
Suite_13,Deferred_Uber,0,1823,1.53108,0.583655,0.008192,0.061856,0.344608,2.12339,470.945,15000,0,0
Suite_13,Deferred_Uber,0,1824,1.53251,0.596442,0.008192,0.061664,0.359328,2.13112,469.236,15000,0,0
Suite_13,Deferred_Uber,0,1825,1.53052,0.583531,0.008448,0.061248,0.34816,2.14442,466.327,15000,0,0
Suite_13,Deferred_Uber,0,1826,1.53525,0.584539,0.01024,0.065344,0.369408,2.12772,469.986,15000,0,0
Suite_13,Deferred_Uber,0,1827,1.53727,0.602354,0.008416,0.06192,0.351872,2.13254,468.925,15000,0,0
Suite_13,Deferred_Uber,0,1828,1.54723,0.580139,0.008704,0.061408,0.350144,2.15367,464.323,15000,0,0
Suite_13,Deferred_Uber,0,1829,1.54565,0.5747,0.009632,0.062016,0.380704,2.14264,466.714,15000,0,0
Suite_13,Deferred_Uber,0,1830,1.55254,0.585231,0.008672,0.061472,0.356352,2.134,468.603,15000,0,0
Suite_13,Deferred_Uber,0,1831,1.55704,0.584401,0.008224,0.06256,0.355168,2.15093,464.915,15000,0,0
Suite_13,Deferred_Uber,0,1832,1.55088,0.580558,0.01024,0.06272,0.36256,2.15422,464.204,15000,0,0
Suite_13,Deferred_Uber,0,1833,1.55446,0.593769,0.01104,0.062144,0.37888,2.14503,466.193,15000,0,0
Suite_13,Deferred_Uber,0,1834,1.56448,0.587131,0.010144,0.061728,0.355072,2.16321,462.276,15000,0,0
Suite_13,Deferred_Uber,0,1835,1.56399,0.575163,0.010048,0.062368,0.35712,2.1649,461.915,15000,0,0
Suite_13,Deferred_Uber,0,1836,1.57086,0.574412,0.009216,0.063456,0.3584,2.15152,464.787,15000,0,0
Suite_13,Deferred_Uber,0,1837,1.57689,0.591415,0.010656,0.062144,0.362208,2.15994,462.977,15000,0,0
Suite_13,Deferred_Uber,0,1838,1.57892,0.593136,0.010528,0.062336,0.360448,2.18292,458.102,15000,0,0
Suite_13,Deferred_Uber,0,1839,1.57293,0.581923,0.012288,0.061952,0.35584,2.18477,457.715,15000,0,0
Suite_13,Deferred_Uber,0,1840,1.58452,0.591969,0.01088,0.062112,0.358208,2.16721,461.422,15000,0,0
Suite_13,Deferred_Uber,0,1841,1.58425,0.576332,0.011744,0.063488,0.360576,2.19193,456.219,15000,0,0
Suite_13,Deferred_Uber,0,1842,1.58653,0.577235,0.01376,0.066112,0.36864,2.17401,459.98,15000,0,0
Suite_13,Deferred_Uber,0,1843,1.58891,0.600014,0.01088,0.063616,0.362496,2.17615,459.527,15000,0,0
Suite_13,Deferred_Uber,0,1844,1.59247,0.586507,0.012,0.063712,0.36304,2.20304,453.917,15000,0,0
Suite_13,Deferred_Uber,0,1845,1.59595,0.578372,0.012288,0.063488,0.378528,2.19304,455.987,15000,0,0
Suite_13,Deferred_Uber,0,1846,1.60122,0.588411,0.012288,0.063744,0.360896,2.18841,456.952,15000,0,0
Suite_13,Deferred_Uber,0,1847,1.60642,0.577328,0.01232,0.064832,0.3584,2.20315,453.896,15000,0,0
Suite_13,Deferred_Uber,0,1848,1.60063,0.590449,0.012448,0.06384,0.365568,2.19682,455.203,15000,0,0
Suite_13,Deferred_Uber,0,1849,1.60603,0.593329,0.012608,0.063776,0.363968,2.20539,453.434,15000,0,0
Suite_13,Deferred_Uber,0,1850,1.60559,0.584125,0.01264,0.064064,0.364544,2.21466,451.537,15000,0,0
Suite_13,Deferred_Uber,0,1851,1.60951,0.573491,0.01248,0.063488,0.363392,2.20357,453.809,15000,0,0
Suite_13,Deferred_Uber,0,1852,1.61092,0.576374,0.012832,0.089984,0.380768,2.20264,454.001,15000,0,0
Suite_13,Deferred_Uber,0,1853,1.61728,0.598045,0.01376,0.065536,0.358304,2.20238,454.054,15000,0,0
Suite_13,Deferred_Uber,0,1854,1.61794,0.592821,0.013632,0.065536,0.362496,2.23118,448.193,15000,0,0
Suite_13,Deferred_Uber,0,1855,1.62176,0.573642,0.014336,0.063808,0.366112,2.22432,449.576,15000,0,0
Suite_13,Deferred_Uber,0,1856,1.6256,0.611005,0.014336,0.064864,0.36416,2.20813,452.871,15000,0,0
Suite_13,Deferred_Uber,0,1857,1.62624,0.587528,0.014336,0.06528,0.359104,2.25488,443.482,15000,0,0
Suite_13,Deferred_Uber,0,1858,1.6235,0.582263,0.015392,0.065536,0.36768,2.22939,448.553,15000,0,0
Suite_13,Deferred_Uber,0,1859,1.62936,0.603497,0.01456,0.065536,0.364416,2.21818,450.82,15000,0,0
Suite_13,Deferred_Uber,0,1860,1.63235,0.578483,0.015104,0.06592,0.364544,2.24659,445.119,15000,0,0
Suite_13,Deferred_Uber,0,1861,1.64058,0.580282,0.015264,0.065888,0.364768,2.22482,449.475,15000,0,0
Suite_13,Deferred_Uber,0,1862,1.64056,0.60215,0.014752,0.065536,0.370304,2.23468,447.492,15000,0,0
Suite_13,Deferred_Uber,0,1863,1.63924,0.583305,0.016384,0.065888,0.364256,2.25711,443.045,15000,0,0
Suite_13,Deferred_Uber,0,1864,1.6451,0.588244,0.018432,0.07168,0.383392,2.23529,447.369,15000,0,0
Suite_13,Deferred_Uber,0,1865,1.64339,0.591606,0.015072,0.06704,0.36864,2.24773,444.893,15000,0,0
Suite_13,Deferred_Uber,0,1866,1.65004,0.582799,0.016384,0.067072,0.371008,2.25034,444.377,15000,0,0
Suite_13,Deferred_Uber,0,1867,1.64671,0.578253,0.020032,0.070208,0.37248,2.24547,445.34,15000,0,0
Suite_13,Deferred_Uber,0,1868,1.65929,0.588272,0.01664,0.065984,0.36448,2.23723,446.981,15000,0,0
Suite_13,Deferred_Uber,0,1869,1.65744,0.589637,0.018048,0.067584,0.37664,2.26427,441.644,15000,0,0
Suite_13,Deferred_Uber,0,1870,1.65084,0.58315,0.020224,0.07312,0.376256,2.26082,442.317,15000,0,0
Suite_13,Deferred_Uber,0,1871,1.66009,0.592169,0.016704,0.067168,0.373792,2.24666,445.105,15000,0,0
Suite_13,Deferred_Uber,0,1872,1.6616,0.581087,0.01728,0.067648,0.370688,2.26647,441.215,15000,0,0
Suite_13,Deferred_Uber,0,1873,1.67007,0.580263,0.01824,0.066368,0.370368,2.25738,442.992,15000,0,0
Suite_13,Deferred_Uber,0,1874,1.66448,0.593763,0.018304,0.068608,0.375808,2.2642,441.658,15000,0,0
Suite_13,Deferred_Uber,0,1875,1.67164,0.587094,0.018432,0.066144,0.367488,2.27282,439.983,15000,0,0
Suite_13,Deferred_Uber,0,1876,1.67183,0.574947,0.019488,0.067584,0.395616,2.27201,440.139,15000,0,0
Suite_13,Deferred_Uber,0,1877,1.67537,0.590557,0.018432,0.067584,0.375392,2.26116,442.251,15000,0,0
Suite_13,Deferred_Uber,0,1878,1.67846,0.581665,0.019104,0.067904,0.374784,2.28083,438.436,15000,0,0
Suite_13,Deferred_Uber,0,1879,1.67947,0.573413,0.018848,0.067584,0.39936,2.27337,439.877,15000,0,0
Suite_13,Deferred_Uber,0,1880,1.68368,0.648321,0.01968,0.068832,0.370112,2.26549,441.406,15000,0,0
Suite_13,Deferred_Uber,0,1881,1.70784,0.644278,0.020032,0.068448,0.377664,2.35969,423.784,15000,0,0
Suite_13,Deferred_Uber,0,1882,1.68712,0.57897,0.020352,0.068096,0.402016,2.37157,421.661,15000,0,0
Suite_13,Deferred_Uber,0,1883,1.68501,0.59919,0.020576,0.06896,0.3768,2.27957,438.679,15000,0,0
Suite_13,Deferred_Uber,0,1884,1.68734,0.592546,0.020704,0.069056,0.37888,2.29876,435.017,15000,0,0
Suite_13,Deferred_Uber,0,1885,1.69913,0.586147,0.021696,0.069088,0.397504,2.29628,435.487,15000,0,0
Suite_13,Deferred_Uber,0,1886,1.69397,0.583816,0.021632,0.06944,0.369184,2.29908,434.956,15000,0,0
Suite_13,Deferred_Uber,0,1887,1.69908,0.589573,0.020928,0.068672,0.380928,2.29168,436.362,15000,0,0
Suite_13,Deferred_Uber,0,1888,1.68982,0.581906,0.021984,0.068384,0.377792,2.30277,434.259,15000,0,0
Suite_13,Deferred_Uber,0,1889,1.69967,0.577203,0.02128,0.06896,0.382112,2.2859,437.464,15000,0,0
Suite_13,Deferred_Uber,0,1890,1.71255,0.59895,0.02144,0.068992,0.380928,2.29177,436.344,15000,0,0
Suite_13,Deferred_Uber,0,1891,1.70555,0.580119,0.022528,0.068992,0.381248,2.32497,430.113,15000,0,0
Suite_13,Deferred_Uber,0,1892,1.70605,0.58582,0.02272,0.069632,0.384864,2.2984,435.086,15000,0,0
Suite_13,Deferred_Uber,0,1893,1.71937,0.609656,0.023008,0.068448,0.37616,2.30781,433.312,15000,0,0
Suite_13,Deferred_Uber,0,1894,1.71735,0.581742,0.02448,0.06816,0.378656,2.34539,426.368,15000,0,0
Suite_13,Deferred_Uber,0,1895,1.71346,0.581571,0.022688,0.069632,0.376832,2.31227,432.476,15000,0,0
Suite_13,Deferred_Uber,0,1896,1.72162,0.600732,0.02384,0.069632,0.379808,2.30899,433.09,15000,0,0
Suite_13,Deferred_Uber,0,1897,1.71747,0.580276,0.024576,0.069728,0.387264,2.33765,427.781,15000,0,0
Suite_13,Deferred_Uber,0,1898,1.72126,0.58969,0.024448,0.070848,0.38896,2.31114,432.687,15000,0,0
Suite_13,Deferred_Uber,0,1899,1.72446,0.587456,0.025632,0.069632,0.382144,2.32453,430.195,15000,0,0
Suite_13,Deferred_Uber,0,1900,1.72536,0.595936,0.025056,0.070176,0.403456,2.32606,429.912,15000,0,0
Suite_13,Deferred_Uber,0,1901,1.73342,0.604863,0.025344,0.070176,0.388192,2.34266,426.866,15000,0,0
Suite_13,Deferred_Uber,0,1902,1.7367,0.594961,0.026272,0.06992,0.37904,2.35334,424.929,15000,0,0
Suite_13,Deferred_Uber,0,1903,1.75326,0.594456,0.02528,0.071328,0.413152,2.34545,426.358,15000,0,0
Suite_13,Deferred_Uber,0,1904,1.74299,0.590015,0.026208,0.07168,0.382976,2.36141,423.476,15000,0,0
Suite_13,Deferred_Uber,0,1905,1.74277,0.592181,0.026624,0.071296,0.38928,2.34974,425.578,15000,0,0
Suite_13,Deferred_Uber,0,1906,1.73559,0.591195,0.026912,0.071712,0.411232,2.34958,425.609,15000,0,0
Suite_13,Deferred_Uber,0,1907,1.74347,0.587095,0.02784,0.07168,0.38928,2.33973,427.401,15000,0,0
Suite_13,Deferred_Uber,0,1908,1.74655,0.587458,0.027936,0.073728,0.3936,2.34534,426.378,15000,0,0
Suite_13,Deferred_Uber,0,1909,1.74665,0.580287,0.029184,0.096544,0.408672,2.35371,424.861,15000,0,0
Suite_13,Deferred_Uber,0,1910,1.75553,0.5916,0.026944,0.071648,0.38912,2.34086,427.193,15000,0,0
Suite_13,Deferred_Uber,0,1911,1.75491,0.590295,0.028672,0.072352,0.395136,2.36216,423.342,15000,0,0
Suite_13,Deferred_Uber,0,1912,1.74881,0.581844,0.032448,0.073408,0.38912,2.3581,424.071,15000,0,0
Suite_13,Deferred_Uber,0,1913,1.76432,0.596877,0.028672,0.07168,0.39552,2.34492,426.453,15000,0,0
Suite_13,Deferred_Uber,0,1914,1.76001,0.588258,0.028672,0.071808,0.395296,2.37694,420.709,15000,0,0
Suite_13,Deferred_Uber,0,1915,1.76999,0.576404,0.031168,0.072512,0.397728,2.36168,423.427,15000,0,0
Suite_13,Deferred_Uber,0,1916,1.76634,0.610478,0.02912,0.073696,0.388896,2.35909,423.892,15000,0,0
Suite_13,Deferred_Uber,0,1917,1.76756,0.583811,0.029408,0.074016,0.395264,2.39378,417.749,15000,0,0
Suite_13,Deferred_Uber,0,1918,1.77263,0.577177,0.032704,0.072704,0.392928,2.36503,422.829,15000,0,0
Suite_13,Deferred_Uber,0,1919,1.77198,0.596072,0.030304,0.073728,0.398048,2.36254,423.273,15000,0,0
Suite_13,Deferred_Uber,0,1920,1.76729,0.581908,0.029568,0.073728,0.396736,2.38209,419.8,15000,0,0
Suite_13,Deferred_Uber,0,1921,1.77051,0.574399,0.029216,0.074912,0.397312,2.36387,423.035,15000,0,0
Suite_13,Deferred_Uber,0,1922,1.78059,0.608558,0.031776,0.073728,0.398464,2.35904,423.902,15000,0,0
Suite_13,Deferred_Uber,0,1923,1.77542,0.577336,0.03072,0.073728,0.396096,2.40346,416.066,15000,0,0
Suite_13,Deferred_Uber,0,1924,1.77562,0.576548,0.03104,0.074496,0.391008,2.36564,422.718,15000,0,0
Suite_13,Deferred_Uber,0,1925,1.78743,0.593112,0.03072,0.073728,0.39616,2.37067,421.821,15000,0,0
Suite_13,Deferred_Uber,0,1926,1.78875,0.582982,0.032064,0.075552,0.407008,2.396,417.362,15000,0,0
Suite_13,Deferred_Uber,0,1927,1.78584,0.592952,0.032352,0.075104,0.39264,2.38454,419.368,15000,0,0
Suite_13,Deferred_Uber,0,1928,1.78731,0.596229,0.032704,0.074592,0.406656,2.39214,418.035,15000,0,0
Suite_13,Deferred_Uber,0,1929,1.78518,0.575286,0.032768,0.075264,0.402112,2.39978,416.705,15000,0,0
Suite_13,Deferred_Uber,0,1930,1.79485,0.590123,0.032768,0.07376,0.412384,2.37453,421.136,15000,0,0
Suite_13,Deferred_Uber,0,1931,1.79658,0.588678,0.033888,0.075488,0.39744,2.39944,416.763,15000,0,0
Suite_13,Deferred_Uber,0,1932,1.79786,0.59754,0.034496,0.075776,0.40144,2.39936,416.778,15000,0,0
Suite_13,Deferred_Uber,0,1933,1.79968,0.591829,0.03472,0.074624,0.416192,2.41132,414.711,15000,0,0
Suite_13,Deferred_Uber,0,1934,1.80538,0.597266,0.033856,0.075776,0.40448,2.40626,415.583,15000,0,0
Suite_13,Deferred_Uber,0,1935,1.80977,0.58054,0.034208,0.075776,0.397312,2.41661,413.803,15000,0,0
Suite_13,Deferred_Uber,0,1936,1.80424,0.579245,0.034816,0.076032,0.405664,2.40276,416.187,15000,0,0
Suite_13,Deferred_Uber,0,1937,1.80431,0.598364,0.034528,0.076192,0.411296,2.39856,416.916,15000,0,0
Suite_13,Deferred_Uber,0,1938,1.80391,0.577932,0.034816,0.075744,0.409856,2.42106,413.043,15000,0,0
Suite_13,Deferred_Uber,0,1939,1.80998,0.584956,0.034816,0.076864,0.4072,2.39439,417.643,15000,0,0
Suite_13,Deferred_Uber,0,1940,1.80937,0.591825,0.034816,0.07696,0.402368,2.40873,415.157,15000,0,0
Suite_13,Deferred_Uber,0,1941,1.81167,0.576515,0.034944,0.077184,0.39936,2.4162,413.872,15000,0,0
Suite_13,Deferred_Uber,0,1942,1.82144,0.604268,0.036672,0.076256,0.407552,2.40236,416.257,15000,0,0
Suite_13,Deferred_Uber,0,1943,1.81651,0.611436,0.036288,0.077824,0.413632,2.44165,409.558,15000,0,0
Suite_13,Deferred_Uber,0,1944,1.82265,0.584602,0.036256,0.077664,0.411744,2.44229,409.452,15000,0,0
Suite_13,Deferred_Uber,0,1945,1.81534,0.598262,0.035616,0.077728,0.411648,2.42213,412.86,15000,0,0
Suite_13,Deferred_Uber,0,1946,1.82755,0.57869,0.036672,0.077824,0.411648,2.4287,411.743,15000,0,0
Suite_13,Deferred_Uber,0,1947,1.82126,0.581601,0.036832,0.077824,0.40672,2.41942,413.322,15000,0,0
Suite_13,Deferred_Uber,0,1948,1.82458,0.598333,0.036864,0.078016,0.410272,2.41525,414.035,15000,0,0
Suite_13,Deferred_Uber,0,1949,1.82168,0.584824,0.03712,0.078016,0.417504,2.4393,409.954,15000,0,0
Suite_13,Deferred_Uber,0,1950,1.82461,0.579732,0.038432,0.079616,0.411968,2.42049,413.139,15000,0,0
Suite_13,Deferred_Uber,0,1951,1.83214,0.591802,0.038464,0.078528,0.409696,2.41716,413.708,15000,0,0
Suite_13,Deferred_Uber,0,1952,1.83474,0.587215,0.03744,0.0776,0.413696,2.43771,410.22,15000,0,0
Suite_13,Deferred_Uber,0,1953,1.8228,0.587693,0.038528,0.079712,0.426752,2.43637,410.446,15000,0,0
Suite_13,Deferred_Uber,0,1954,1.83031,0.592935,0.038272,0.079616,0.405504,2.42466,412.43,15000,0,0
Suite_13,Deferred_Uber,0,1955,1.83006,0.574034,0.038912,0.077824,0.4096,2.43693,410.352,15000,0,0
Suite_13,Deferred_Uber,0,1956,1.83142,0.585798,0.038816,0.079232,0.413152,2.41682,413.767,15000,0,0
Suite_13,Deferred_Uber,0,1957,1.83779,0.585422,0.038944,0.078688,0.407552,2.43235,411.126,15000,0,0
Suite_13,Deferred_Uber,0,1958,1.84178,0.592854,0.038912,0.077824,0.409376,2.43782,410.202,15000,0,0
Suite_13,Deferred_Uber,0,1959,1.83306,0.586763,0.038944,0.078304,0.41872,2.44756,408.57,15000,0,0
Suite_13,Deferred_Uber,0,1960,1.84093,0.590865,0.038912,0.079104,0.414368,2.43319,410.984,15000,0,0
Suite_13,Deferred_Uber,0,1961,1.83639,0.579948,0.040512,0.100576,0.43856,2.44652,408.743,15000,0,0
Suite_13,Deferred_Uber,0,1962,1.83888,0.587233,0.03904,0.0792,0.410944,2.43017,411.494,15000,0,0
Suite_13,Deferred_Uber,0,1963,1.84056,0.581988,0.040384,0.079872,0.410368,2.43999,409.838,15000,0,0
Suite_13,Deferred_Uber,0,1964,1.84058,0.587086,0.040576,0.078656,0.411648,2.43529,410.629,15000,0,0
Suite_13,Deferred_Uber,0,1965,1.84549,0.59512,0.039552,0.079872,0.423136,2.44272,409.38,15000,0,0
Suite_13,Deferred_Uber,0,1966,1.84427,0.577176,0.040896,0.080384,0.419776,2.46204,406.167,15000,0,0
Suite_13,Deferred_Uber,0,1967,1.84348,0.583646,0.040704,0.07984,0.419616,2.43419,410.814,15000,0,0
Suite_13,Deferred_Uber,0,1968,1.84363,0.603519,0.040768,0.079872,0.413696,2.44072,409.715,15000,0,0
Suite_13,Deferred_Uber,0,1969,1.84932,0.587769,0.04096,0.081024,0.418016,2.46288,406.028,15000,0,0
Suite_13,Deferred_Uber,0,1970,1.84342,0.591688,0.041248,0.07952,0.413696,2.45057,408.068,15000,0,0
Suite_13,Deferred_Uber,0,1971,1.85502,0.585275,0.042208,0.081536,0.409472,2.44812,408.477,15000,0,0
Suite_13,Deferred_Uber,0,1972,1.85927,0.580623,0.041728,0.08016,0.413696,2.4537,407.547,15000,0,0
Suite_13,Deferred_Uber,0,1973,1.85037,0.578636,0.051008,0.087456,0.437152,2.45388,407.519,15000,0,0
Suite_13,Deferred_Uber,0,1974,1.85663,0.600067,0.041856,0.080192,0.425984,2.44413,409.143,15000,0,0
Suite_13,Deferred_Uber,0,1975,1.85957,0.578783,0.042432,0.080096,0.408128,2.46978,404.894,15000,0,0
Suite_13,Deferred_Uber,0,1976,1.85714,0.59245,0.04288,0.080576,0.41824,2.46109,406.324,15000,0,0
Suite_13,Deferred_Uber,0,1977,1.85283,0.586651,0.042848,0.0808,0.420288,2.46535,405.623,15000,0,0
Suite_13,Deferred_Uber,0,1978,1.85923,0.58495,0.043008,0.102592,0.435648,2.45454,407.408,15000,0,0
Suite_13,Deferred_Uber,0,1979,1.86121,0.600465,0.043008,0.081792,0.419552,2.45652,407.079,15000,0,0
Suite_13,Deferred_Uber,0,1980,1.86136,0.585068,0.043008,0.08192,0.413408,2.47584,403.903,15000,0,0
Suite_13,Deferred_Uber,0,1981,1.85339,0.579154,0.0432,0.080288,0.41552,2.46261,406.073,15000,0,0
Suite_13,Deferred_Uber,0,1982,1.86646,0.593518,0.044064,0.08192,0.423392,2.44617,408.802,15000,0,0
Suite_13,Deferred_Uber,0,1983,1.8582,0.58037,0.04352,0.080768,0.4176,2.4737,404.253,15000,0,0
Suite_13,Deferred_Uber,0,1984,1.86023,0.612401,0.043552,0.081312,0.419552,2.45145,407.922,15000,0,0
Suite_13,Deferred_Uber,0,1985,1.87267,0.602155,0.043648,0.082304,0.429792,2.48999,401.609,15000,0,0
Suite_13,Deferred_Uber,0,1986,1.8562,0.578029,0.044256,0.08192,0.422432,2.49075,401.485,15000,0,0
Suite_13,Deferred_Uber,0,1987,1.86147,0.583325,0.043296,0.08192,0.442368,2.44713,408.643,15000,0,0
Suite_13,Deferred_Uber,0,1988,1.86075,0.592162,0.044256,0.083008,0.425408,2.45779,406.869,15000,0,0
Suite_13,Deferred_Uber,0,1989,1.85836,0.588999,0.044544,0.08192,0.426432,2.46794,405.196,15000,0,0
Suite_13,Deferred_Uber,0,1990,1.85406,0.582128,0.043712,0.083072,0.421888,2.46095,406.347,15000,0,0
Suite_13,Deferred_Uber,0,1991,1.86402,0.590598,0.043904,0.083072,0.428032,2.45014,408.141,15000,0,0
Suite_13,Deferred_Uber,0,1992,1.85982,0.576136,0.044896,0.08192,0.444096,2.46853,405.1,15000,0,0
Suite_13,Deferred_Uber,0,1993,1.86034,0.590806,0.045056,0.083104,0.42128,2.45032,408.11,15000,0,0
Suite_13,Deferred_Uber,0,1994,1.85943,0.589185,0.045056,0.083136,0.42592,2.46647,405.438,15000,0,0
Suite_13,Deferred_Uber,0,1995,1.8639,0.59006,0.045248,0.082336,0.41984,2.46759,405.254,15000,0,0
Suite_13,Deferred_Uber,0,1996,1.86311,0.593974,0.045056,0.083968,0.430336,2.46639,405.451,15000,0,0
Suite_13,Deferred_Uber,0,1997,1.86799,0.577628,0.04656,0.083968,0.424064,2.47303,404.362,15000,0,0
Suite_13,Deferred_Uber,0,1998,1.87437,0.581645,0.04512,0.08304,0.428032,2.45958,406.573,15000,0,0
Suite_13,Deferred_Uber,0,1999,1.8662,0.589548,0.045056,0.083552,0.426016,2.46883,405.05,15000,0,0
Suite_13,Deferred_Uber,0,2000,1.86512,0.591343,0.046624,0.082848,0.43056,2.4699,404.875,15000,0,0
Suite_13,Deferred_Uber,0,2001,1.86661,0.577852,0.046528,0.082048,0.424192,2.47195,404.539,15000,0,0
Suite_13,Deferred_Uber,0,2002,1.86378,0.593076,0.045728,0.083424,0.423936,2.45873,406.714,15000,0,0
Suite_13,Deferred_Uber,0,2003,1.86597,0.575866,0.046848,0.08384,0.423648,2.47054,404.77,15000,0,0
Suite_13,Deferred_Uber,0,2004,1.85947,0.588405,0.056672,0.089504,0.444128,2.45483,407.36,15000,0,0
Suite_13,Deferred_Uber,0,2005,1.86512,0.61066,0.046912,0.083904,0.432768,2.46329,405.962,15000,0,0
Suite_13,Deferred_Uber,0,2006,1.88147,0.647999,0.047104,0.082496,0.426432,2.49385,400.986,15000,0,0
Suite_13,Deferred_Uber,0,2007,1.8706,0.588032,0.046976,0.083968,0.428032,2.54744,392.551,15000,0,0
Suite_13,Deferred_Uber,0,2008,1.86979,0.599121,0.047104,0.083968,0.427744,2.47352,404.282,15000,0,0
Suite_13,Deferred_Uber,0,2009,1.86044,0.577955,0.04976,0.083968,0.436224,2.48571,402.3,15000,0,0
Suite_13,Deferred_Uber,0,2010,1.86157,0.607202,0.047296,0.084224,0.421888,2.45305,407.656,15000,0,0
Suite_13,Deferred_Uber,0,2011,1.86449,0.579212,0.047104,0.085344,0.42816,2.48257,402.808,15000,0,0
Suite_13,Deferred_Uber,0,2012,1.86343,0.579449,0.047104,0.083968,0.424928,2.45721,406.965,15000,0,0
Suite_13,Deferred_Uber,0,2013,1.86236,0.597462,0.047424,0.083904,0.4312,2.45771,406.882,15000,0,0
Suite_13,Deferred_Uber,0,2014,1.86806,0.578407,0.048416,0.084224,0.426432,2.4755,403.959,15000,0,0
Suite_13,Deferred_Uber,0,2015,1.85881,0.58822,0.04832,0.083968,0.42816,2.46347,405.931,15000,0,0
Suite_13,Deferred_Uber,0,2016,1.86514,0.607887,0.047776,0.084096,0.425984,2.46149,406.258,15000,0,0
Suite_13,Deferred_Uber,0,2017,1.86926,0.581893,0.04912,0.084576,0.424,2.48893,401.779,15000,0,0
Suite_13,Deferred_Uber,0,2018,1.85948,0.579281,0.047936,0.085184,0.456704,2.46551,405.595,15000,0,0
Suite_13,Deferred_Uber,0,2019,1.85931,0.590578,0.049152,0.084064,0.436128,2.45228,407.783,15000,0,0
Suite_13,Deferred_Uber,0,2020,1.86607,0.579109,0.047904,0.083808,0.434176,2.46326,405.965,15000,0,0
Suite_13,Deferred_Uber,0,2021,1.85933,0.592777,0.048992,0.084672,0.437152,2.45953,406.583,15000,0,0
Suite_13,Deferred_Uber,0,2022,1.86582,0.603193,0.049152,0.084384,0.427808,2.46709,405.335,15000,0,0
Suite_13,Deferred_Uber,0,2023,1.86149,0.584997,0.048928,0.109344,0.4536,2.4887,401.817,15000,0,0
Suite_13,Deferred_Uber,0,2024,1.86298,0.615488,0.049152,0.084672,0.432128,2.45992,406.517,15000,0,0
Suite_13,Deferred_Uber,0,2025,1.87828,0.603062,0.049152,0.086016,0.437728,2.49696,400.487,15000,0,0
Suite_13,Deferred_Uber,0,2026,1.8627,0.58591,0.049248,0.0848,0.43184,2.49737,400.421,15000,0,0
Suite_13,Deferred_Uber,0,2027,1.86785,0.600615,0.049504,0.08464,0.441632,2.4612,406.306,15000,0,0
Suite_13,Deferred_Uber,0,2028,1.85316,0.578312,0.049472,0.08544,0.43008,2.4832,402.706,15000,0,0
Suite_13,Deferred_Uber,0,2029,1.87118,0.58178,0.049152,0.085728,0.436032,2.44706,408.654,15000,0,0
Suite_13,Deferred_Uber,0,2030,1.86491,0.59772,0.04976,0.086336,0.433248,2.4669,405.367,15000,0,0
Suite_13,Deferred_Uber,0,2031,1.87575,0.588131,0.050592,0.086016,0.43216,2.47695,403.722,15000,0,0
Suite_13,Deferred_Uber,0,2032,1.8504,0.585813,0.050464,0.085984,0.433728,2.47713,403.692,15000,0,0
Suite_13,Deferred_Uber,0,2033,1.86256,0.585242,0.049824,0.086048,0.436224,2.45087,408.019,15000,0,0
Suite_13,Deferred_Uber,0,2034,1.86501,0.579523,0.050464,0.086016,0.434592,2.46245,406.099,15000,0,0
Suite_13,Deferred_Uber,0,2035,1.86404,0.579428,0.05088,0.08624,0.430528,2.4573,406.95,15000,0,0
Suite_13,Deferred_Uber,0,2036,1.86649,0.590505,0.04992,0.086336,0.44032,2.45655,407.074,15000,0,0
Suite_13,Deferred_Uber,0,2037,1.85746,0.584494,0.050016,0.085696,0.454656,2.47201,404.529,15000,0,0
Suite_13,Deferred_Uber,0,2038,1.86351,0.593733,0.049888,0.085984,0.431936,2.45608,407.153,15000,0,0
Suite_13,Deferred_Uber,0,2039,1.85886,0.581035,0.049952,0.087136,0.439776,2.47087,404.716,15000,0,0
Suite_13,Deferred_Uber,0,2040,1.87066,0.580798,0.050688,0.086016,0.432128,2.45294,407.674,15000,0,0
Suite_13,Deferred_Uber,0,2041,1.86754,0.587105,0.050656,0.087648,0.436224,2.46545,405.605,15000,0,0
Suite_13,Deferred_Uber,0,2042,1.86173,0.594083,0.0512,0.086496,0.438624,2.46976,404.897,15000,0,0
Suite_13,Deferred_Uber,0,2043,1.85875,0.582608,0.05104,0.086368,0.43008,2.46888,405.042,15000,0,0
Suite_13,Deferred_Uber,0,2044,1.86558,0.592356,0.0512,0.0872,0.43056,2.45363,407.56,15000,0,0
Suite_13,Deferred_Uber,0,2045,1.8657,0.579918,0.0512,0.087072,0.438432,2.47381,404.234,15000,0,0
Suite_13,Deferred_Uber,0,2046,1.86816,0.58001,0.0512,0.086144,0.43264,2.45965,406.561,15000,0,0
Suite_13,Deferred_Uber,0,2047,1.86695,0.598507,0.051296,0.087776,0.431456,2.46148,406.26,15000,0,0
Suite_13,Deferred_Uber,0,2048,1.87327,0.57892,0.052448,0.087776,0.44032,2.4787,403.438,15000,0,0
Suite_13,Deferred_Uber,0,2049,1.87059,0.588776,0.052416,0.087264,0.4424,2.4662,405.483,15000,0,0
Suite_13,Deferred_Uber,0,2050,1.86409,0.585836,0.05248,0.087776,0.441024,2.4745,404.122,15000,0,0
Suite_13,Deferred_Uber,0,2051,1.86377,0.581008,0.051744,0.086208,0.431264,2.46942,404.954,15000,0,0
Suite_13,Deferred_Uber,0,2052,1.86762,0.588009,0.051648,0.086272,0.44032,2.45705,406.993,15000,0,0
Suite_13,Deferred_Uber,0,2053,1.86856,0.59251,0.051264,0.088064,0.44032,2.47042,404.789,15000,0,0
Suite_13,Deferred_Uber,0,2054,1.86604,0.576751,0.052608,0.105376,0.446112,2.48105,403.055,15000,0,0
Suite_13,Deferred_Uber,0,2055,1.85961,0.592738,0.051648,0.087776,0.437952,2.45536,407.272,15000,0,0
Suite_13,Deferred_Uber,0,2056,1.86877,0.581402,0.053216,0.086848,0.433728,2.46746,405.275,15000,0,0
Suite_13,Deferred_Uber,0,2057,1.86144,0.582794,0.05184,0.086368,0.442048,2.46472,405.725,15000,0,0
Suite_13,Deferred_Uber,0,2058,1.8647,0.607502,0.052288,0.088064,0.442368,2.45881,406.701,15000,0,0
Suite_13,Deferred_Uber,0,2059,1.85718,0.581649,0.051456,0.087776,0.442144,2.48622,402.217,15000,0,0
Suite_13,Deferred_Uber,0,2060,1.8567,0.586986,0.052896,0.087616,0.432512,2.45163,407.892,15000,0,0
Suite_13,Deferred_Uber,0,2061,1.86268,0.588611,0.053152,0.08848,0.43856,2.45888,406.689,15000,0,0
Suite_13,Deferred_Uber,0,2062,1.8612,0.579803,0.052768,0.088064,0.436224,2.46644,405.443,15000,0,0
Suite_13,Deferred_Uber,0,2063,1.86272,0.590853,0.0528,0.113728,0.460256,2.45382,407.527,15000,0,0
Suite_13,Deferred_Uber,0,2064,1.86004,0.590101,0.053248,0.087648,0.442496,2.46678,405.387,15000,0,0
Suite_13,Deferred_Uber,0,2065,1.85756,0.594048,0.05296,0.088064,0.436224,2.46541,405.613,15000,0,0
Suite_13,Deferred_Uber,0,2066,1.86297,0.59525,0.053216,0.086624,0.43696,2.46659,405.418,15000,0,0
Suite_13,Deferred_Uber,0,2067,1.86192,0.587618,0.052928,0.089632,0.445472,2.473,404.367,15000,0,0
Suite_13,Deferred_Uber,0,2068,1.8658,0.59011,0.053248,0.087456,0.46704,2.46307,405.998,15000,0,0
Suite_13,Deferred_Uber,0,2069,1.8639,0.584843,0.053152,0.089856,0.442368,2.47025,404.817,15000,0,0
Suite_13,Deferred_Uber,0,2070,1.87403,0.61097,0.06256,0.088064,0.456896,2.46458,405.749,15000,128,5.30374e-05
Suite_13,Deferred_Uber,0,2071,1.87732,0.594615,0.059392,0.088064,0.440608,2.49864,400.217,15000,128,5.32253e-05
Suite_13,Deferred_Uber,0,2072,1.87256,0.616166,0.062944,0.090112,0.44976,2.48494,402.424,15000,128,5.34149e-05
Suite_13,Deferred_Uber,0,2073,1.87002,0.605589,0.063328,0.088704,0.448864,2.50466,399.256,15000,128,5.36063e-05
Suite_13,Deferred_Uber,0,2074,1.86508,0.59858,0.061504,0.087776,0.45056,2.48997,401.612,15000,128,5.37994e-05
Suite_13,Deferred_Uber,0,2075,1.8642,0.605747,0.062592,0.088064,0.456704,2.47693,403.726,15000,128,5.39943e-05
Suite_13,Deferred_Uber,0,2076,1.86513,0.597778,0.06064,0.088064,0.449216,2.48401,402.575,15000,128,5.4191e-05
Suite_13,Deferred_Uber,0,2077,1.85665,0.61026,0.06352,0.086624,0.450208,2.47823,403.513,15000,128,5.43895e-05
Suite_13,Deferred_Uber,0,2078,1.86322,0.613462,0.061088,0.090112,0.452704,2.48155,402.975,15000,128,5.45898e-05
Suite_13,Deferred_Uber,0,2079,1.8691,0.596635,0.06144,0.088384,0.442848,2.49075,401.486,15000,128,5.47919e-05
Suite_13,Deferred_Uber,0,2080,1.86156,0.606679,0.063392,0.088192,0.452544,2.4856,402.318,15000,128,5.4996e-05
Suite_13,Deferred_Uber,0,2081,1.87174,0.617482,0.062688,0.090112,0.455264,2.48391,402.592,15000,128,5.52019e-05
Suite_13,Deferred_Uber,0,2082,1.86937,0.597221,0.06128,0.088768,0.444768,2.50457,399.269,15000,128,5.54096e-05
Suite_13,Deferred_Uber,0,2083,1.87221,0.608388,0.06144,0.088864,0.444416,2.47958,403.295,15000,384,0.00018054
Suite_13,Deferred_Uber,0,2084,1.86897,0.600228,0.063488,0.088544,0.456224,2.49492,400.814,15000,384,0.00018116
Suite_13,Deferred_Uber,0,2085,1.86418,0.597935,0.064096,0.08848,0.45056,2.48839,401.867,15000,384,0.000181785
Suite_13,Deferred_Uber,0,2086,1.88157,0.612075,0.06144,0.0896,0.454112,2.4761,403.861,15000,768,0.00123832
Suite_13,Deferred_Uber,0,2087,1.87477,0.600054,0.066368,0.08832,0.456288,2.50845,398.653,15000,1024,0.00156426
Suite_13,Deferred_Uber,0,2088,1.86666,0.603602,0.063488,0.089696,0.445952,2.4886,401.833,15000,1024,0.00156985
Suite_13,Deferred_Uber,0,2089,1.87885,0.626494,0.064672,0.08928,0.450304,2.48691,402.106,15000,1024,0.00157549
Suite_13,Deferred_Uber,0,2090,1.87317,0.605763,0.065664,0.090112,0.454592,2.5219,396.527,15000,1024,0.00158118
Suite_13,Deferred_Uber,0,2091,1.87343,0.604435,0.07008,0.094272,0.464896,2.49272,401.169,15000,1152,0.00205843
Suite_13,Deferred_Uber,0,2092,1.88035,0.609817,0.064096,0.089568,0.45184,2.49228,401.239,15000,1280,0.00224613
Suite_13,Deferred_Uber,0,2093,1.87674,0.601723,0.063488,0.088064,0.456,2.50747,398.809,15000,1408,0.00254515
Suite_13,Deferred_Uber,0,2094,1.87776,0.611802,0.06448,0.08928,0.454976,2.49285,401.148,15000,1408,0.00255456
Suite_13,Deferred_Uber,0,2095,1.87592,0.613225,0.066816,0.090112,0.462624,2.50401,399.359,15000,1664,0.00290938
Suite_13,Deferred_Uber,0,2096,1.87661,0.601431,0.076864,0.089632,0.466944,2.50316,399.496,15000,1664,0.00292031
Suite_13,Deferred_Uber,0,2097,1.87957,0.620534,0.060352,0.089632,0.452608,2.4936,401.027,15000,2048,0.00342766
Suite_13,Deferred_Uber,0,2098,1.88271,0.610093,0.06208,0.089696,0.448256,2.51674,397.34,15000,2048,0.00344031
Suite_13,Deferred_Uber,0,2099,1.87569,0.603595,0.063616,0.090112,0.452128,2.51122,398.212,15000,2048,0.00345308
Suite_13,Deferred_Uber,0,2100,1.87895,0.612266,0.065952,0.090112,0.454656,2.49261,401.187,15000,2176,0.00359862
Suite_13,Deferred_Uber,0,2101,1.87211,0.608102,0.06688,0.090112,0.458336,2.51262,397.991,15000,2176,0.0036121
Suite_13,Deferred_Uber,0,2102,1.8804,0.605315,0.0632,0.08912,0.47248,2.49536,400.744,15000,2176,0.00362569
Suite_13,Deferred_Uber,0,2103,1.87695,0.621697,0.065888,0.090368,0.462432,2.50488,399.22,15000,2176,0.0036394
Suite_13,Deferred_Uber,0,2104,1.88518,0.610984,0.065568,0.088128,0.458528,2.51315,397.906,15000,2304,0.00371202
Suite_13,Deferred_Uber,0,2105,1.87664,0.633759,0.06512,0.091744,0.456704,2.51828,397.097,15000,2432,0.00397787
Suite_13,Deferred_Uber,0,2106,1.88751,0.63866,0.065184,0.090848,0.45728,2.53008,395.245,15000,2560,0.00420501
Suite_13,Deferred_Uber,0,2107,1.88273,0.609952,0.065536,0.106752,0.473056,2.54241,393.328,15000,2816,0.00474263
Suite_13,Deferred_Uber,0,2108,1.88727,0.620729,0.064032,0.090112,0.460128,2.51086,398.27,15000,2816,0.00476036
Suite_13,Deferred_Uber,0,2109,1.88307,0.5983,0.066944,0.091328,0.46112,2.52656,395.795,15000,2816,0.00477825
Suite_13,Deferred_Uber,0,2110,1.88074,0.603572,0.067488,0.090752,0.460032,2.49687,400.502,15000,2944,0.00517331
Suite_13,Deferred_Uber,0,2111,1.88435,0.614118,0.06512,0.090432,0.457408,2.49839,400.258,15000,2944,0.00519299
Suite_13,Deferred_Uber,0,2112,1.88901,0.614552,0.065984,0.090112,0.465952,2.51397,397.776,15000,2944,0.00521284
Suite_13,Deferred_Uber,0,2113,1.88542,0.601763,0.065536,0.089632,0.471296,2.51933,396.932,15000,2944,0.00523286
Suite_13,Deferred_Uber,0,2114,1.88706,0.627764,0.067584,0.091744,0.465248,2.5036,399.425,15000,2944,0.00525305
Suite_13,Deferred_Uber,0,2115,1.8838,0.601379,0.065696,0.090112,0.460608,2.53125,395.061,15000,2944,0.00527341
Suite_13,Deferred_Uber,0,2116,1.88187,0.619368,0.063488,0.09216,0.452608,2.49948,400.083,15000,2944,0.00529394
Suite_13,Deferred_Uber,0,2117,1.892,0.61737,0.065792,0.091008,0.456704,2.5186,397.046,15000,2944,0.00531466
Suite_13,Deferred_Uber,0,2118,1.88584,0.602216,0.065536,0.09008,0.477248,2.52567,395.935,15000,3072,0.00555883
Suite_13,Deferred_Uber,0,2119,1.88538,0.615497,0.06528,0.090912,0.455424,2.50296,399.527,15000,3328,0.00587284
Suite_13,Deferred_Uber,0,2120,1.88779,0.618148,0.065408,0.091968,0.460096,2.51698,397.301,15000,3584,0.00609714
Suite_13,Deferred_Uber,0,2121,1.88949,0.601575,0.06752,0.090784,0.46112,2.5224,396.448,15000,3840,0.00629108
Suite_13,Deferred_Uber,0,2122,1.89713,0.627154,0.06704,0.09088,0.465856,2.50681,398.913,15000,3968,0.00667382
Suite_13,Deferred_Uber,0,2123,1.88672,0.598724,0.067712,0.09216,0.45376,2.5403,393.654,15000,3968,0.0067
Suite_13,Deferred_Uber,0,2124,1.89237,0.612322,0.065984,0.088992,0.448736,2.50019,399.97,15000,3968,0.0067264
Suite_13,Deferred_Uber,0,2125,1.89835,0.635698,0.069344,0.092288,0.457088,2.52363,396.254,15000,3968,0.00675303
Suite_13,Deferred_Uber,0,2126,1.89126,0.613224,0.067584,0.091136,0.448608,2.5512,391.973,15000,3968,0.00677987
Suite_13,Deferred_Uber,0,2127,1.92792,0.688545,0.067168,0.090976,0.458752,2.5194,396.92,15000,3968,0.00680695
Suite_13,Deferred_Uber,0,2128,1.89308,0.626316,0.067584,0.09136,0.4568,2.63501,379.506,15000,4224,0.0073487
Suite_13,Deferred_Uber,0,2129,1.8955,0.619208,0.064416,0.112736,0.479008,2.53752,394.086,15000,4352,0.00746581
Suite_13,Deferred_Uber,0,2130,1.89064,0.624576,0.067488,0.092384,0.465248,2.53112,395.082,15000,4352,0.00749594
Suite_13,Deferred_Uber,0,2131,1.89621,0.61538,0.067552,0.090976,0.457952,2.53201,394.943,15000,4480,0.00757316
Suite_13,Deferred_Uber,0,2132,1.89291,0.602982,0.067488,0.090688,0.459264,2.52646,395.811,15000,4480,0.00760396
Suite_13,Deferred_Uber,0,2133,1.89924,0.630184,0.067712,0.09216,0.460672,2.51202,398.086,15000,4608,0.0078064
Suite_13,Deferred_Uber,0,2134,1.89096,0.602225,0.069632,0.091712,0.469408,2.54708,392.606,15000,4736,0.00802873
Suite_13,Deferred_Uber,0,2135,1.89249,0.607742,0.06864,0.091456,0.48144,2.5084,398.661,15000,4736,0.0080615
Suite_13,Deferred_Uber,0,2136,1.89448,0.613441,0.065408,0.090752,0.462464,2.51597,397.461,15000,4608,0.00788563
Suite_13,Deferred_Uber,0,2137,1.8918,0.606897,0.068224,0.09216,0.462304,2.53085,395.125,15000,4608,0.00791811
Suite_13,Deferred_Uber,0,2138,1.89093,0.618611,0.066528,0.09216,0.458752,2.51496,397.621,15000,4736,0.00811287
Suite_13,Deferred_Uber,0,2139,1.89823,0.619142,0.065152,0.093952,0.462304,2.52598,395.886,15000,4736,0.00814653
Suite_13,Deferred_Uber,0,2140,1.88937,0.59915,0.069632,0.116736,0.491648,2.53329,394.743,15000,4736,0.00818046
Suite_13,Deferred_Uber,0,2141,1.88748,0.61779,0.066016,0.09216,0.468992,2.50563,399.101,15000,4736,0.00821468
Suite_13,Deferred_Uber,0,2142,1.89498,0.613696,0.068448,0.09344,0.462144,2.52259,396.417,15000,4736,0.00824919
Suite_13,Deferred_Uber,0,2143,1.89258,0.607964,0.065952,0.09216,0.464896,2.52405,396.189,15000,4736,0.00828397
Suite_13,Deferred_Uber,0,2144,1.90338,0.637334,0.068736,0.093824,0.465152,2.516,397.456,15000,4864,0.00842439
Suite_13,Deferred_Uber,0,2145,1.89165,0.63699,0.069632,0.092512,0.466464,2.55931,390.731,15000,4992,0.0085683
Suite_13,Deferred_Uber,0,2146,1.89823,0.622629,0.066976,0.090112,0.48128,2.54606,392.764,15000,5120,0.00872302
Suite_13,Deferred_Uber,0,2147,1.89519,0.620945,0.07024,0.092288,0.462976,2.53744,394.097,15000,5376,0.00909548
Suite_13,Deferred_Uber,0,2148,1.89592,0.608243,0.070016,0.0912,0.464064,2.53213,394.924,15000,5504,0.00943506
Suite_13,Deferred_Uber,0,2149,1.89263,0.60996,0.069632,0.091968,0.467712,2.5215,396.589,15000,5504,0.00947542
Suite_13,Deferred_Uber,0,2150,1.90441,0.628932,0.07296,0.093408,0.462912,2.52043,396.758,15000,5504,0.00951611
Suite_13,Deferred_Uber,0,2151,1.8998,0.597847,0.067584,0.110304,0.475104,2.54908,392.298,15000,5504,0.00955714
Suite_13,Deferred_Uber,0,2152,1.89075,0.620156,0.070624,0.092384,0.458784,2.51268,397.981,15000,5504,0.00959852
Suite_13,Deferred_Uber,0,2153,1.89652,0.603295,0.069888,0.093888,0.470848,2.52955,395.327,15000,5504,0.00964023
Suite_13,Deferred_Uber,0,2154,1.89689,0.604518,0.07008,0.092512,0.464576,2.51612,397.437,15000,5632,0.00996782
Suite_13,Deferred_Uber,0,2155,1.90448,0.624427,0.069888,0.09216,0.468992,2.51626,397.415,15000,5760,0.0103621
Suite_13,Deferred_Uber,0,2156,1.89868,0.60486,0.069888,0.09216,0.466944,2.54491,392.941,15000,5760,0.0104074
Suite_13,Deferred_Uber,0,2157,1.8946,0.600903,0.069664,0.091872,0.482528,2.52132,396.618,15000,5760,0.0104531
Suite_13,Deferred_Uber,0,2158,1.90147,0.617977,0.069504,0.0928,0.463936,2.51224,398.051,15000,5760,0.0104992
Suite_13,Deferred_Uber,0,2159,1.90036,0.609882,0.069632,0.09216,0.458336,2.53532,394.427,15000,5760,0.0105456
Suite_13,Deferred_Uber,0,2160,1.90015,0.615724,0.07136,0.09216,0.457792,2.52515,396.016,15000,5760,0.0105925
Suite_13,Deferred_Uber,0,2161,1.90202,0.610828,0.068128,0.094144,0.458752,2.53415,394.61,15000,5760,0.0106397
Suite_13,Deferred_Uber,0,2162,1.89679,0.602613,0.071008,0.11264,0.48608,2.53462,394.537,15000,5760,0.0106873
Suite_13,Deferred_Uber,0,2163,1.89824,0.617399,0.073184,0.09264,0.462848,2.51441,397.707,15000,5888,0.0108741
Suite_13,Deferred_Uber,0,2164,1.89766,0.621338,0.069632,0.092352,0.466944,2.53241,394.881,15000,6016,0.0111774
Suite_13,Deferred_Uber,0,2165,1.89671,0.606242,0.07168,0.092416,0.45696,2.5407,393.593,15000,6016,0.0112276
Suite_13,Deferred_Uber,0,2166,1.90693,0.618092,0.069632,0.094048,0.469504,2.51951,396.902,15000,6016,0.0112782
Suite_13,Deferred_Uber,0,2167,1.89641,0.605057,0.072096,0.093536,0.462848,2.54179,393.424,15000,6016,0.0113293
Suite_13,Deferred_Uber,0,2168,1.89064,0.626733,0.069632,0.090112,0.4696,2.51705,397.29,15000,6016,0.0113807
Suite_13,Deferred_Uber,0,2169,1.89922,0.618251,0.070688,0.09408,0.47152,2.53566,394.374,15000,6016,0.0114326
Suite_13,Deferred_Uber,0,2170,1.89511,0.600422,0.069344,0.090848,0.460896,2.53457,394.545,15000,6016,0.0114849
Suite_13,Deferred_Uber,0,2171,1.89464,0.610555,0.070784,0.093888,0.465088,2.51083,398.275,15000,6144,0.0117635
Suite_13,Deferred_Uber,0,2172,1.8981,0.618443,0.072768,0.094208,0.475488,2.5215,396.59,15000,6144,0.0118176
Suite_13,Deferred_Uber,0,2173,1.89919,0.605861,0.073888,0.090528,0.481088,2.5355,394.399,15000,6144,0.0118721
Suite_13,Deferred_Uber,0,2174,1.8997,0.613626,0.072896,0.093888,0.471968,2.52156,396.58,15000,6144,0.0119271
Suite_13,Deferred_Uber,0,2175,1.89875,0.608849,0.067584,0.093952,0.469856,2.52998,395.26,15000,6144,0.0119826
Suite_13,Deferred_Uber,0,2176,1.89972,0.600897,0.070656,0.093632,0.464832,2.52337,396.296,15000,6272,0.0122594
Suite_13,Deferred_Uber,0,2177,1.90951,0.640263,0.070112,0.094688,0.466944,2.51783,397.167,15000,6272,0.0123167
Suite_13,Deferred_Uber,0,2178,1.90215,0.601142,0.07168,0.09216,0.46784,2.56762,389.466,15000,6272,0.0123745
Suite_13,Deferred_Uber,0,2179,1.89548,0.606697,0.071136,0.09216,0.45632,2.51903,396.979,15000,6272,0.0124327
Suite_13,Deferred_Uber,0,2180,1.90117,0.624089,0.069632,0.093504,0.468928,2.51802,397.137,15000,6272,0.0124914
Suite_13,Deferred_Uber,0,2181,1.89378,0.612922,0.071808,0.092416,0.456704,2.54955,392.225,15000,6272,0.0125506
Suite_13,Deferred_Uber,0,2182,1.89621,0.612737,0.071712,0.092608,0.465568,2.52372,396.24,15000,6400,0.0126999
Suite_13,Deferred_Uber,0,2183,1.90048,0.610035,0.069632,0.094176,0.468992,2.52553,395.956,15000,6016,0.0118935
Suite_13,Deferred_Uber,0,2184,1.89701,0.605078,0.075936,0.092352,0.468992,2.52586,395.904,15000,6144,0.0120396
Suite_13,Deferred_Uber,0,2185,1.91284,0.742219,1.62822,0.094208,2.03366,2.51937,396.924,15000,6144,0.0120968
Suite_13,Deferred_Uber,0,2186,1.90231,0.617528,0.069568,0.09312,0.466944,2.67576,373.726,15000,6144,0.0121544
Suite_13,Deferred_Uber,0,2187,1.90022,0.607772,0.069888,0.092384,0.464896,2.53633,394.271,15000,6144,0.0122125
Suite_13,Deferred_Uber,0,2188,1.90407,0.622953,0.071328,0.092832,0.46784,2.52327,396.311,15000,6144,0.0122711
Suite_13,Deferred_Uber,0,2189,1.89672,0.60255,0.07168,0.09232,0.458976,2.54626,392.733,15000,6144,0.0123302
Suite_13,Deferred_Uber,0,2190,1.89488,0.610872,0.088,0.098656,0.489472,2.51584,397.482,15000,6144,0.0123897
Suite_13,Deferred_Uber,0,2191,1.89844,0.610478,0.070816,0.094208,0.466912,2.52232,396.46,15000,6272,0.0126608
Suite_13,Deferred_Uber,0,2192,1.90202,0.606159,0.073024,0.09376,0.464512,2.52972,395.3,15000,6272,0.0127222
Suite_13,Deferred_Uber,0,2193,1.89933,0.616955,0.067584,0.093888,0.465216,2.52522,396.004,15000,6144,0.0123712
Suite_13,Deferred_Uber,0,2194,1.89926,0.616259,0.069984,0.094016,0.468416,2.53815,393.988,15000,6144,0.0124311
Suite_13,Deferred_Uber,0,2195,1.89416,0.605248,0.06896,0.094208,0.466464,2.53151,395.022,15000,6144,0.0124916
Suite_13,Deferred_Uber,0,2196,1.90074,0.625245,0.072608,0.0944,0.464896,2.51462,397.674,15000,6144,0.0125525
Suite_13,Deferred_Uber,0,2197,1.9014,0.606538,0.069728,0.09392,0.462848,2.54373,393.123,15000,6144,0.0126139
Suite_13,Deferred_Uber,0,2198,1.89886,0.59902,0.0688,0.093664,0.4608,2.52473,396.082,15000,6144,0.0126758
Suite_13,Deferred_Uber,0,2199,1.8995,0.618724,0.071584,0.094368,0.474688,2.5132,397.899,15000,6016,0.0120519
Suite_13,Deferred_Uber,0,2200,1.89794,0.609065,0.072864,0.094208,0.471424,2.53426,394.592,15000,6144,0.0123779
Suite_13,Deferred_Uber,0,2201,1.89786,0.610915,0.086912,0.095104,0.492576,2.52399,396.198,15000,6144,0.0124381
Suite_13,Deferred_Uber,0,2202,1.90106,0.611231,0.069888,0.09552,0.466944,2.52606,395.873,15000,6272,0.0127287
Suite_13,Deferred_Uber,0,2203,1.89784,0.603552,0.071456,0.094208,0.462848,2.52885,395.437,15000,6400,0.0131235
Suite_13,Deferred_Uber,0,2204,1.89732,0.619041,0.0696,0.092992,0.466944,2.51667,397.35,15000,6400,0.0131875
Suite_13,Deferred_Uber,0,2205,1.90019,0.616706,0.069216,0.094752,0.4608,2.53506,394.468,15000,6272,0.0131495
Suite_13,Deferred_Uber,0,2206,1.8959,0.600805,0.071008,0.094048,0.460544,2.53372,394.676,15000,6272,0.0129949
Suite_13,Deferred_Uber,0,2207,1.89938,0.617782,0.071264,0.094208,0.46432,2.51198,398.092,15000,6272,0.0130577
Suite_13,Deferred_Uber,0,2208,1.90329,0.610589,0.07088,0.094208,0.4712,2.53361,394.694,15000,6016,0.0118323
Suite_13,Deferred_Uber,0,2209,1.9009,0.619366,0.073056,0.094208,0.461248,2.53125,395.062,15000,5760,0.0112738
Suite_13,Deferred_Uber,0,2210,1.89787,0.624339,0.069888,0.094528,0.470784,2.53781,394.04,15000,6016,0.0115743
Suite_13,Deferred_Uber,0,2211,1.89566,0.605764,0.07168,0.093728,0.458944,2.53913,393.836,15000,6016,0.0116292
Suite_13,Deferred_Uber,0,2212,1.89916,0.60951,0.07168,0.094016,0.460672,2.51706,397.29,15000,6144,0.0118787
Suite_13,Deferred_Uber,0,2213,1.89747,0.622238,0.072864,0.096,0.473088,2.52746,395.655,15000,6272,0.0120306
Suite_13,Deferred_Uber,0,2214,1.89334,0.606001,0.070272,0.09264,0.46208,2.53706,394.157,15000,6272,0.012088
Suite_13,Deferred_Uber,0,2215,1.89434,0.605123,0.074912,0.093216,0.467104,2.51461,397.676,15000,6272,0.0121458
Suite_13,Deferred_Uber,0,2216,1.89861,0.621564,0.073312,0.094368,0.479072,2.51583,397.483,15000,6272,0.0122041
Suite_13,Deferred_Uber,0,2217,1.89631,0.59757,0.073728,0.092672,0.465184,2.53802,394.008,15000,6272,0.0122629
Suite_13,Deferred_Uber,0,2218,1.89775,0.641091,0.072128,0.094272,0.463872,2.51021,398.373,15000,6272,0.0123221
Suite_13,Deferred_Uber,0,2219,1.90236,0.611034,0.071744,0.093952,0.464608,2.55653,391.156,15000,6272,0.0123818
Suite_13,Deferred_Uber,0,2220,1.89261,0.613569,0.0736,0.094624,0.467776,2.52925,395.374,15000,6272,0.0124419
Suite_13,Deferred_Uber,0,2221,1.90272,0.627128,0.067936,0.093696,0.473088,2.52452,396.116,15000,6272,0.0125025
Suite_13,Deferred_Uber,0,2222,1.89738,0.634292,0.07184,0.09232,0.466144,2.55198,391.852,15000,6272,0.0125635
Suite_13,Deferred_Uber,0,2223,1.90212,0.631576,0.07216,0.093984,0.462848,2.54823,392.43,15000,6272,0.012625
Suite_13,Deferred_Uber,0,2224,1.8994,0.635811,0.071968,0.095008,0.477184,2.55183,391.876,15000,6272,0.012687
Suite_13,Deferred_Uber,0,2225,1.90567,0.637162,0.070528,0.09216,0.487136,2.55383,391.569,15000,6272,0.0127494
Suite_13,Deferred_Uber,0,2226,1.89628,0.642377,0.07168,0.094208,0.471264,2.56096,390.478,15000,6272,0.0128124
Suite_13,Deferred_Uber,0,2227,1.90392,0.618891,0.069632,0.094368,0.465536,2.55703,391.078,15000,6272,0.0128758
Suite_13,Deferred_Uber,0,2228,1.89741,0.610196,0.07088,0.094208,0.464896,2.53856,393.924,15000,6144,0.012763
Suite_13,Deferred_Uber,0,2229,1.90095,0.630327,0.069504,0.094976,0.472864,2.52512,396.02,15000,6272,0.0128901
Suite_13,Deferred_Uber,0,2230,1.89724,0.607347,0.072256,0.093664,0.468512,2.54899,392.313,15000,6272,0.0129539
Suite_13,Deferred_Uber,0,2231,1.90376,0.62747,0.073728,0.09216,0.490336,2.52039,396.764,15000,6272,0.0130182
Suite_13,Deferred_Uber,0,2232,1.90428,0.628529,0.07168,0.094144,0.466752,2.54827,392.422,15000,6272,0.013083
Suite_13,Deferred_Uber,0,2233,1.89918,0.612428,0.0728,0.093824,0.465056,2.55171,391.895,15000,6016,0.012551
Suite_13,Deferred_Uber,0,2234,1.89324,0.616137,0.07376,0.094208,0.466944,2.52831,395.522,15000,6016,0.0126134
Suite_13,Deferred_Uber,0,2235,1.90048,0.635325,0.077024,0.094208,0.4784,2.52562,395.942,15000,6144,0.0128519
Suite_13,Deferred_Uber,0,2236,1.89596,0.609597,0.070048,0.118784,0.49344,2.55188,391.867,15000,6144,0.0129159
Suite_13,Deferred_Uber,0,2237,1.8918,0.625878,0.073728,0.094208,0.473408,2.52741,395.663,15000,6144,0.0129805
Suite_13,Deferred_Uber,0,2238,1.89823,0.615172,0.07152,0.094784,0.47072,2.53612,394.303,15000,6144,0.0130456
Suite_13,Deferred_Uber,0,2239,1.89286,0.62,0.073088,0.093952,0.46256,2.52899,395.415,15000,6016,0.0128497
Suite_13,Deferred_Uber,0,2240,1.90204,0.634845,0.070912,0.09616,0.47104,2.52892,395.426,15000,6016,0.0129142
Suite_13,Deferred_Uber,0,2241,1.89659,0.604909,0.071616,0.094464,0.468512,2.55529,391.345,15000,5888,0.0124923
Suite_13,Deferred_Uber,0,2242,1.89015,0.618121,0.071552,0.09376,0.485376,2.51768,397.192,15000,5888,0.0123774
Suite_13,Deferred_Uber,0,2243,1.893,0.618976,0.072704,0.095296,0.468768,2.52435,396.142,15000,5888,0.0124397
Suite_13,Deferred_Uber,0,2244,1.89532,0.612581,0.07024,0.093664,0.466336,2.52785,395.592,15000,5888,0.0125023
Suite_13,Deferred_Uber,0,2245,1.89011,0.641414,0.070016,0.092576,0.466944,2.52485,396.063,15000,5760,0.0122928
Suite_13,Deferred_Uber,0,2246,1.93074,0.685136,0.073856,0.094208,0.468608,2.55503,391.384,15000,5760,0.0123551
Suite_13,Deferred_Uber,0,2247,1.90025,0.603097,0.070112,0.094144,0.487424,2.63551,379.434,15000,5632,0.01178
Suite_13,Deferred_Uber,0,2248,1.89561,0.633135,0.069984,0.09376,0.466944,2.519,396.983,15000,5504,0.0113777
Suite_13,Deferred_Uber,0,2249,1.89919,0.608661,0.073344,0.094944,0.469696,2.54791,392.478,15000,5504,0.0114354
Suite_13,Deferred_Uber,0,2250,1.88992,0.604354,0.07104,0.092992,0.463328,2.52476,396.077,15000,5504,0.0114935
Suite_13,Deferred_Uber,0,2251,1.89742,0.622829,0.072064,0.094112,0.47104,2.51446,397.7,15000,5504,0.0115521
Suite_13,Deferred_Uber,0,2252,1.89012,0.617531,0.075776,0.094208,0.469408,2.53661,394.227,15000,5504,0.0116111
Suite_13,Deferred_Uber,0,2253,1.89216,0.608077,0.075264,0.09216,0.485184,2.52515,396.015,15000,5248,0.0105212
Suite_13,Deferred_Uber,0,2254,1.89435,0.614592,0.070016,0.094208,0.467136,2.51717,397.271,15000,5248,0.0105741
Suite_13,Deferred_Uber,0,2255,1.89792,0.603189,0.071136,0.094208,0.468768,2.52471,396.086,15000,4992,0.0102225
Suite_13,Deferred_Uber,0,2256,1.89172,0.62349,0.07168,0.094208,0.465472,2.51576,397.495,15000,5120,0.0105075
Suite_13,Deferred_Uber,0,2257,1.89813,0.612328,0.073504,0.094656,0.4712,2.53335,394.734,15000,5120,0.0105601
Suite_13,Deferred_Uber,0,2258,1.8926,0.603124,0.074624,0.094208,0.4808,2.52703,395.721,15000,5120,0.010613
Suite_13,Deferred_Uber,0,2259,1.89348,0.618354,0.069984,0.095232,0.462464,2.51087,398.269,15000,5248,0.0107467
Suite_13,Deferred_Uber,0,2260,1.89371,0.613919,0.0728,0.095872,0.465024,2.52781,395.599,15000,5248,0.0108008
Suite_13,Deferred_Uber,0,2261,1.89543,0.604646,0.0736,0.094528,0.46368,2.52504,396.034,15000,5248,0.0108552
Suite_13,Deferred_Uber,0,2262,1.90111,0.628729,0.07168,0.095936,0.475136,2.51597,397.461,15000,5248,0.0109101
Suite_13,Deferred_Uber,0,2263,1.89345,0.608993,0.069792,0.093024,0.460384,2.54627,392.732,15000,5248,0.0109653
Suite_13,Deferred_Uber,0,2264,1.88988,0.637382,0.07104,0.10496,0.479456,2.51753,397.215,15000,5248,0.0110209
Suite_13,Deferred_Uber,0,2265,1.89692,0.624414,0.07104,0.09568,0.468896,2.54793,392.475,15000,5120,0.0106684
Suite_13,Deferred_Uber,0,2266,1.89147,0.598991,0.073088,0.094208,0.4728,2.5387,393.903,15000,5120,0.0107224
Suite_13,Deferred_Uber,0,2267,1.89232,0.60943,0.073184,0.094208,0.473088,2.50545,399.13,15000,4992,0.0100837
Suite_13,Deferred_Uber,0,2268,1.89177,0.61024,0.069184,0.096256,0.468928,2.51811,397.124,15000,4992,0.0101341
Suite_13,Deferred_Uber,0,2269,1.88515,0.602096,0.069664,0.094208,0.48672,2.52408,396.184,15000,4864,0.00983775
Suite_13,Deferred_Uber,0,2270,1.89236,0.619458,0.06832,0.095488,0.460224,2.50367,399.413,15000,4864,0.00988696
Suite_13,Deferred_Uber,0,2271,1.88565,0.607683,0.07168,0.094592,0.467776,2.52893,395.424,15000,4736,0.00931658
Suite_13,Deferred_Uber,0,2272,1.89096,0.614326,0.074336,0.094176,0.468704,2.50838,398.664,15000,4736,0.00936294
Suite_13,Deferred_Uber,0,2273,1.89449,0.621235,0.070368,0.09552,0.464896,2.52214,396.489,15000,4608,0.00928867
Suite_13,Deferred_Uber,0,2274,1.88697,0.605872,0.069888,0.094368,0.47104,2.53307,394.778,15000,4608,0.00933501
Suite_13,Deferred_Uber,0,2275,1.89174,0.601524,0.070144,0.110272,0.487424,2.50781,398.754,15000,4480,0.0090577
Suite_13,Deferred_Uber,0,2276,1.89707,0.628952,0.069984,0.096256,0.466944,2.50905,398.557,15000,4480,0.00910284
Suite_13,Deferred_Uber,0,2277,1.88999,0.59775,0.069824,0.093504,0.466944,2.54347,393.163,15000,4608,0.00937327
Suite_13,Deferred_Uber,0,2278,1.89027,0.609317,0.071456,0.092736,0.471744,2.50347,399.446,15000,4608,0.00942003
Suite_13,Deferred_Uber,0,2279,1.89123,0.610903,0.069632,0.094208,0.4696,2.52114,396.646,15000,4608,0.00946713
Suite_13,Deferred_Uber,0,2280,1.89002,0.609319,0.069984,0.1128,0.487424,2.51774,397.181,15000,4608,0.00951457
Suite_13,Deferred_Uber,0,2281,1.89085,0.61756,0.069632,0.094272,0.459488,2.51677,397.334,15000,4608,0.00956232
Suite_13,Deferred_Uber,0,2282,1.89174,0.610627,0.070432,0.09408,0.463904,2.53365,394.687,15000,4608,0.00961043
Suite_13,Deferred_Uber,0,2283,1.89234,0.598038,0.070016,0.094144,0.462848,2.51767,397.192,15000,4608,0.00965885
Suite_13,Deferred_Uber,0,2284,1.89596,0.620152,0.070016,0.094656,0.471008,2.50515,399.177,15000,4608,0.00970762
Suite_13,Deferred_Uber,0,2285,1.88786,0.60816,0.07264,0.094496,0.475136,2.53453,394.55,15000,4736,0.00998002
Suite_13,Deferred_Uber,0,2286,1.88458,0.608249,0.070432,0.092256,0.466944,2.51187,398.11,15000,4736,0.0100305
Suite_13,Deferred_Uber,0,2287,1.89529,0.620009,0.070336,0.094208,0.466944,2.50858,398.633,15000,4608,0.00986188
Suite_13,Deferred_Uber,0,2288,1.89771,0.602605,0.07168,0.09216,0.466944,2.53113,395.08,15000,4608,0.00991197
Suite_13,Deferred_Uber,0,2289,1.8888,0.613854,0.070176,0.094208,0.466752,2.51636,397.399,15000,4608,0.00996241
Suite_13,Deferred_Uber,0,2290,1.89622,0.617551,0.071424,0.094208,0.466304,2.52015,396.801,15000,4736,0.0101178
Suite_13,Deferred_Uber,0,2291,1.88958,0.597792,0.070976,0.115808,0.491168,2.52937,395.355,15000,4736,0.0101519
Suite_13,Deferred_Uber,0,2292,1.89145,0.620696,0.07232,0.094752,0.472736,2.50189,399.698,15000,4736,0.0102035
Suite_13,Deferred_Uber,0,2293,1.89082,0.601027,0.073216,0.094528,0.472064,2.53015,395.233,15000,4608,0.00968986
Suite_13,Deferred_Uber,0,2294,1.89802,0.611108,0.069888,0.095488,0.47104,2.50781,398.754,15000,4736,0.00979125
Suite_13,Deferred_Uber,0,2295,1.89568,0.639849,0.072832,0.095552,0.47536,2.52482,396.068,15000,4736,0.00984079
Suite_13,Deferred_Uber,0,2296,1.88674,0.608321,0.069632,0.094208,0.471648,2.55289,391.713,15000,4736,0.00989066
Suite_13,Deferred_Uber,0,2297,1.89036,0.607671,0.068288,0.093472,0.490496,2.51248,398.013,15000,4736,0.00994088
Suite_13,Deferred_Uber,0,2298,1.89512,0.635431,0.071072,0.09536,0.47008,2.5147,397.663,15000,4736,0.00999143
Suite_13,Deferred_Uber,0,2299,1.89309,0.603437,0.071584,0.092992,0.467968,2.54732,392.57,15000,4736,0.0100423
Suite_13,Deferred_Uber,0,2300,1.88797,0.604436,0.071008,0.094208,0.473632,2.51161,398.151,15000,4736,0.0100936
Suite_13,Deferred_Uber,0,2301,1.89242,0.613418,0.071168,0.0952,0.47248,2.51078,398.283,15000,4736,0.0101452
Suite_13,Deferred_Uber,0,2302,1.8931,0.608391,0.07104,0.117664,0.485952,2.52231,396.462,15000,4736,0.0101971
Suite_13,Deferred_Uber,0,2303,1.89356,0.615977,0.072032,0.094336,0.470048,2.5165,397.377,15000,4736,0.0102494
Suite_13,Deferred_Uber,0,2304,1.8964,0.632381,0.07168,0.094656,0.469184,2.52567,395.935,15000,4736,0.0103021
Suite_13,Deferred_Uber,0,2305,1.89551,0.607978,0.071648,0.094176,0.46768,2.54748,392.545,15000,4608,0.00968772
Suite_13,Deferred_Uber,0,2306,1.8969,0.617685,0.070304,0.095968,0.478592,2.51994,396.835,15000,4608,0.00973719
Suite_13,Deferred_Uber,0,2307,1.8922,0.605217,0.070784,0.096256,0.475328,2.53933,393.805,15000,4608,0.00978699
Suite_13,Deferred_Uber,0,2308,1.88738,0.60242,0.070784,0.094016,0.486208,2.51234,398.036,15000,4608,0.00983713
Suite_13,Deferred_Uber,0,2309,1.89701,0.617104,0.070016,0.094208,0.475136,2.50685,398.907,15000,4864,0.0100196
Suite_13,Deferred_Uber,0,2310,1.89025,0.600703,0.070368,0.093472,0.4608,2.53066,395.154,15000,4864,0.010071
Suite_13,Deferred_Uber,0,2311,1.89506,0.610302,0.071712,0.094272,0.472896,2.50575,399.082,15000,5120,0.0105596
Suite_13,Deferred_Uber,0,2312,1.90039,0.616244,0.07296,0.096192,0.47776,2.52123,396.631,15000,5120,0.0106137
Suite_13,Deferred_Uber,0,2313,1.8941,0.610148,0.072352,0.092416,0.468352,2.53727,394.124,15000,5120,0.0106682
Suite_13,Deferred_Uber,0,2314,1.89633,0.61832,0.06976,0.0944,0.468768,2.52054,396.74,15000,5504,0.0113921
Suite_13,Deferred_Uber,0,2315,1.90156,0.618699,0.071744,0.095392,0.47232,2.5313,395.053,15000,5632,0.0116232
Suite_13,Deferred_Uber,0,2316,1.89754,0.605508,0.071776,0.094368,0.468512,2.53726,394.126,15000,5632,0.0116823
Suite_13,Deferred_Uber,0,2317,1.8951,0.629539,0.07168,0.096128,0.47344,2.52093,396.679,15000,5760,0.0118071
Suite_13,Deferred_Uber,0,2318,1.88949,0.620431,0.0712,0.095328,0.468928,2.5427,393.283,15000,5888,0.0119208
Suite_13,Deferred_Uber,0,2319,1.89304,0.607869,0.071584,0.092608,0.487968,2.52582,395.911,15000,5888,0.0119816
Suite_13,Deferred_Uber,0,2320,1.90009,0.624757,0.070176,0.09488,0.462624,2.51688,397.317,15000,5888,0.0120429
Suite_13,Deferred_Uber,0,2321,1.89261,0.610221,0.071168,0.093024,0.469376,2.54281,393.266,15000,5888,0.0121045
Suite_13,Deferred_Uber,0,2322,1.8998,0.617782,0.07008,0.094208,0.477056,2.51911,396.966,15000,5888,0.0121666
Suite_13,Deferred_Uber,0,2323,1.8988,0.624466,0.07168,0.095584,0.474592,2.53425,394.594,15000,5888,0.012229
Suite_13,Deferred_Uber,0,2324,1.89505,0.609277,0.07168,0.116736,0.485888,2.53897,393.861,15000,6016,0.0125175
Suite_13,Deferred_Uber,0,2325,1.89194,0.622705,0.073728,0.096192,0.4712,2.52114,396.646,15000,5888,0.0118715
Suite_13,Deferred_Uber,0,2326,1.89865,0.617126,0.07232,0.09584,0.474144,2.53309,394.774,15000,6016,0.0120621
Suite_13,Deferred_Uber,0,2327,1.89629,0.613682,0.07168,0.094272,0.46736,2.53125,395.062,15000,6016,0.0121236
Suite_13,Deferred_Uber,0,2328,1.90119,0.635247,0.073088,0.095104,0.479488,2.52554,395.955,15000,6016,0.0121854
Suite_13,Deferred_Uber,0,2329,1.90108,0.613214,0.073408,0.096224,0.46992,2.55529,391.345,15000,6144,0.0123646
Suite_13,Deferred_Uber,0,2330,1.89614,0.632635,0.071936,0.115712,0.487424,2.53103,395.097,15000,6144,0.0124277
Suite_13,Deferred_Uber,0,2331,1.90108,0.629779,0.075104,0.096224,0.475776,2.54624,392.736,15000,6528,0.0131471
Suite_13,Deferred_Uber,0,2332,1.89539,0.615994,0.0728,0.094208,0.467136,2.54727,392.577,15000,6528,0.0126932
Suite_13,Deferred_Uber,0,2333,1.90102,0.625958,0.07168,0.09536,0.474016,2.52946,395.342,15000,6912,0.0130046
Suite_13,Deferred_Uber,0,2334,1.90328,0.613491,0.07168,0.096256,0.479232,2.5448,392.958,15000,7040,0.0133365
Suite_13,Deferred_Uber,0,2335,1.9027,0.607729,0.071872,0.10944,0.483328,2.53273,394.831,15000,6912,0.0130367
Suite_13,Deferred_Uber,0,2336,1.90405,0.617726,0.075008,0.096256,0.471904,2.53226,394.904,15000,7040,0.0133151
Suite_13,Deferred_Uber,0,2337,1.90411,0.618002,0.07168,0.094464,0.475232,2.54074,393.585,15000,7040,0.0133819
Suite_13,Deferred_Uber,0,2338,1.9022,0.602846,0.073312,0.096,0.475136,2.53925,393.817,15000,7040,0.0134492
Suite_13,Deferred_Uber,0,2339,1.90071,0.633685,0.073472,0.09472,0.47104,2.52061,396.73,15000,7168,0.0136063
Suite_13,Deferred_Uber,0,2340,1.90305,0.611705,0.07392,0.09472,0.478464,2.55148,391.93,15000,7296,0.0141003
Suite_13,Deferred_Uber,0,2341,1.90064,0.631519,0.094144,0.10032,0.499104,2.53205,394.937,15000,7296,0.0141712
Suite_13,Deferred_Uber,0,2342,1.90696,0.637191,0.073152,0.096256,0.468992,2.55202,391.847,15000,7296,0.0142426
Suite_13,Deferred_Uber,0,2343,1.90506,0.616671,0.073312,0.09456,0.472992,2.56146,390.402,15000,7424,0.0146309
Suite_13,Deferred_Uber,0,2344,1.91063,0.662637,0.07184,0.096256,0.470944,2.53755,394.08,15000,7552,0.0147692
Suite_13,Deferred_Uber,0,2345,1.9099,0.627401,0.073056,0.096864,0.475136,2.59538,385.3,15000,7680,0.0150483
Suite_13,Deferred_Uber,0,2346,1.90523,0.619708,0.073792,0.095648,0.473088,2.55613,391.216,15000,7936,0.0153898
Suite_13,Deferred_Uber,0,2347,1.90391,0.624559,0.07168,0.095808,0.465536,2.5407,393.592,15000,7808,0.0148429
Suite_13,Deferred_Uber,0,2348,1.90598,0.614055,0.07232,0.0944,0.46896,2.5453,392.881,15000,8064,0.0153994
Suite_13,Deferred_Uber,0,2349,1.90567,0.600453,0.072352,0.093856,0.462944,2.53917,393.83,15000,8192,0.0155382
Suite_13,Deferred_Uber,0,2350,1.90811,0.62572,0.077408,0.095232,0.475744,2.52363,396.254,15000,8192,0.0156162
Suite_13,Deferred_Uber,0,2351,1.9047,0.60171,0.072384,0.095456,0.47104,2.55142,391.938,15000,8192,0.0156947
Suite_13,Deferred_Uber,0,2352,1.9044,0.615824,0.072992,0.096256,0.466272,2.52276,396.391,15000,8448,0.0161759
Suite_13,Deferred_Uber,0,2353,1.90869,0.6096,0.075168,0.095168,0.475296,2.53936,393.8,15000,8576,0.016742
Suite_13,Deferred_Uber,0,2354,1.9086,0.606395,0.077024,0.096256,0.489664,2.53606,394.312,15000,8960,0.0172814
Suite_13,Deferred_Uber,0,2355,1.91028,0.627591,0.072192,0.095744,0.479232,2.53103,395.095,15000,9216,0.0180579
Suite_13,Deferred_Uber,0,2356,1.9072,0.609958,0.073952,0.09632,0.477184,2.55643,391.17,15000,9216,0.0181479
Suite_13,Deferred_Uber,0,2357,1.91152,0.60814,0.073696,0.096256,0.46592,2.53616,394.297,15000,9728,0.0190394
Suite_13,Deferred_Uber,0,2358,1.91748,0.620391,0.078592,0.096448,0.479232,2.53787,394.031,15000,10112,0.0195973
Suite_13,Deferred_Uber,0,2359,1.91958,0.616775,0.0768,0.098048,0.480352,2.55619,391.208,15000,10496,0.0206867
Suite_13,Deferred_Uber,0,2360,1.91395,0.6112,0.073728,0.094016,0.488096,2.55404,391.536,15000,10624,0.0209165
Suite_13,Deferred_Uber,0,2361,1.92176,0.620504,0.077824,0.096256,0.475776,2.54532,392.877,15000,10752,0.021523
Suite_13,Deferred_Uber,0,2362,1.91675,0.602056,0.075776,0.094336,0.469728,2.56225,390.282,15000,11392,0.0237998
Suite_13,Deferred_Uber,0,2363,1.91968,0.632931,0.07392,0.09616,0.475136,2.53651,394.243,15000,11648,0.0245163
Suite_13,Deferred_Uber,0,2364,1.92449,0.655675,0.075904,0.096672,0.479232,2.57483,388.375,15000,11648,0.0246351
Suite_13,Deferred_Uber,0,2365,1.95047,0.685546,0.075776,0.096256,0.473632,2.60587,383.75,15000,11776,0.0251095
Suite_13,Deferred_Uber,0,2366,1.93453,0.659785,0.075392,0.096896,0.479232,2.6605,375.87,15000,12160,0.02572
Suite_13,Deferred_Uber,0,2367,1.93345,0.61469,0.075296,0.097248,0.480288,2.61632,382.217,15000,12288,0.0259715
Suite_13,Deferred_Uber,0,2368,1.92454,0.610251,0.074592,0.096192,0.501408,2.56701,389.558,15000,12544,0.0265261
Suite_13,Deferred_Uber,0,2369,1.93236,0.623891,0.075776,0.098304,0.487424,2.55532,391.341,15000,12800,0.0272665
Suite_13,Deferred_Uber,0,2370,1.92248,0.609093,0.077856,0.09648,0.478656,2.57626,388.16,15000,12928,0.0274531
Suite_13,Deferred_Uber,0,2371,1.92376,0.628756,0.0744,0.097952,0.477056,2.54956,392.224,15000,12928,0.0275858
Suite_13,Deferred_Uber,0,2372,1.93341,0.633936,0.080096,0.098304,0.479232,2.57231,388.756,15000,13184,0.0282609
Suite_13,Deferred_Uber,0,2373,1.93331,0.619904,0.076064,0.117312,0.499712,2.58775,386.436,15000,13568,0.0287904
Suite_13,Deferred_Uber,0,2374,1.92869,0.628383,0.078784,0.097664,0.485408,2.57298,388.654,15000,13952,0.0294297
Suite_13,Deferred_Uber,0,2375,1.93331,0.616236,0.08,0.098304,0.489472,2.57783,387.923,15000,14336,0.0300517
Suite_13,Deferred_Uber,0,2376,1.93118,0.621712,0.07888,0.097632,0.474624,2.56882,389.284,15000,14848,0.031204
Suite_13,Deferred_Uber,0,2377,1.93594,0.628415,0.079872,0.098368,0.48144,2.57278,388.684,15000,15360,0.0326533
Suite_13,Deferred_Uber,0,2378,1.94014,0.614884,0.081632,0.098688,0.48752,2.58565,386.75,15000,16000,0.033664
Suite_13,Deferred_Uber,0,2379,1.93876,0.612937,0.080608,0.097568,0.484992,2.57386,388.522,15000,16640,0.0352794
Suite_13,Deferred_Uber,0,2380,1.94894,0.633287,0.080256,0.098304,0.48128,2.57167,388.853,15000,17024,0.0363889
Suite_13,Deferred_Uber,0,2381,1.9447,0.608021,0.083968,0.096256,0.505696,2.6044,383.966,15000,17664,0.0377117
Suite_13,Deferred_Uber,0,2382,1.94358,0.630223,0.078496,0.098304,0.487424,2.57351,388.575,15000,17920,0.0381179
Suite_13,Deferred_Uber,0,2383,1.95477,0.645091,0.082304,0.09888,0.489472,2.60623,383.696,15000,18304,0.0386367
Suite_13,Deferred_Uber,0,2384,1.95522,0.643255,0.079872,0.098304,0.48336,2.62129,381.492,15000,18688,0.0395002
Suite_13,Deferred_Uber,0,2385,1.9537,0.650082,0.080032,0.098304,0.49088,2.62175,381.425,15000,19072,0.0404949
Suite_13,Deferred_Uber,0,2386,1.95222,0.62802,0.08576,0.097984,0.48992,2.62676,380.696,15000,19712,0.0412502
Suite_13,Deferred_Uber,0,2387,1.94691,0.622155,0.08224,0.098016,0.48128,2.60109,384.454,15000,20352,0.0424863
Suite_13,Deferred_Uber,0,2388,1.95746,0.627349,0.082208,0.099616,0.488992,2.59089,385.968,15000,20608,0.0430481
Suite_13,Deferred_Uber,0,2389,1.95721,0.616854,0.08352,0.098304,0.509248,2.60892,383.3,15000,21504,0.0448399
Suite_13,Deferred_Uber,0,2390,1.95572,0.627946,0.082496,0.098688,0.49152,2.59563,385.263,15000,21760,0.0454168
Suite_13,Deferred_Uber,0,2391,1.96316,0.61517,0.08208,0.1,0.483424,2.60701,383.582,15000,22400,0.0464161
Suite_13,Deferred_Uber,0,2392,1.96263,0.609971,0.08192,0.098304,0.486208,2.59997,384.619,15000,22784,0.0469139
Suite_13,Deferred_Uber,0,2393,1.96699,0.64393,0.088192,0.100352,0.488768,2.60055,384.535,15000,23168,0.0472662
Suite_13,Deferred_Uber,0,2394,1.96436,0.611148,0.08656,0.10032,0.495616,2.63542,379.446,15000,23552,0.0479732
Suite_13,Deferred_Uber,0,2395,1.96417,0.636916,0.08704,0.098784,0.493536,2.59678,385.093,15000,23808,0.0488426
Suite_13,Deferred_Uber,0,2396,1.97308,0.62491,0.08272,0.101536,0.4896,2.62549,380.881,15000,24576,0.0503158
Suite_13,Deferred_Uber,0,2397,1.97053,0.609835,0.084224,0.098656,0.50176,2.62302,381.24,15000,25216,0.0516215
Suite_13,Deferred_Uber,0,2398,1.9742,0.641463,0.087776,0.100352,0.49936,2.60288,384.19,15000,26624,0.053717
Suite_13,Deferred_Uber,0,2399,1.98433,0.619392,0.084704,0.100352,0.49152,2.63932,378.885,15000,27520,0.056383
Suite_13,Deferred_Uber,0,2400,1.98417,0.61859,0.087488,0.09904,0.484736,2.62669,380.708,15000,28544,0.0585711
Suite_13,Deferred_Uber,0,2401,1.99188,0.63335,0.088224,0.100352,0.50176,2.62762,380.572,15000,29696,0.0608939
Suite_13,Deferred_Uber,0,2402,1.98847,0.628796,0.09216,0.100576,0.495968,2.65166,377.122,15000,29824,0.0617725
Suite_13,Deferred_Uber,0,2403,1.9912,0.630307,0.090752,0.100352,0.495616,2.64112,378.628,15000,31360,0.0639466
Suite_13,Deferred_Uber,0,2404,2.00184,0.648471,0.09216,0.102336,0.503712,2.64687,377.805,15000,32000,0.0654117
Suite_13,Deferred_Uber,0,2405,2.00255,0.622103,0.091712,0.100576,0.501824,2.67752,373.48,15000,32768,0.0665769
Suite_13,Deferred_Uber,0,2406,2.00164,0.648865,0.093056,0.1024,0.499808,2.65142,377.156,15000,33536,0.0693755
Suite_13,Deferred_Uber,0,2407,2.00933,0.622995,0.095968,0.10272,0.496704,2.6771,373.539,15000,33920,0.0707257
Suite_13,Deferred_Uber,0,2408,2.00399,0.618851,0.09216,0.12624,0.524288,2.65786,376.243,15000,35072,0.0724324
Suite_13,Deferred_Uber,0,2409,2.02088,0.730267,0.104768,0.1024,0.506976,2.65064,377.267,15000,36992,0.0764232
Suite_13,Deferred_Uber,0,2410,2.01591,0.626243,0.1,0.1024,0.53248,2.77978,359.741,15000,38016,0.0780831
Suite_13,Deferred_Uber,0,2411,2.01872,0.653038,0.097536,0.10128,0.514144,2.66873,374.71,15000,39168,0.0802418
Suite_13,Deferred_Uber,0,2412,2.03201,0.640043,0.098304,0.1024,0.503616,2.70574,369.585,15000,41088,0.0828629
Suite_13,Deferred_Uber,0,2413,2.02907,0.626572,0.098304,0.100352,0.502528,2.70342,369.902,15000,41856,0.0843451
Suite_13,Deferred_Uber,0,2414,2.03736,0.644588,0.100384,0.104096,0.50592,2.68527,372.403,15000,42880,0.0854648
Suite_13,Deferred_Uber,0,2415,2.038,0.624499,0.104448,0.102112,0.501408,2.71107,368.858,15000,44416,0.0888785
Suite_13,Deferred_Uber,0,2416,2.0415,0.650869,0.104,0.103232,0.507904,2.69091,371.621,15000,45696,0.091759
Suite_13,Deferred_Uber,0,2417,2.05022,0.638971,0.104608,0.102656,0.515776,2.72401,367.106,15000,47104,0.0948702
Suite_13,Deferred_Uber,0,2418,2.05369,0.624893,0.1048,0.103968,0.513824,2.71976,367.68,15000,48384,0.0980656
Suite_13,Deferred_Uber,0,2419,2.06835,0.651568,0.105088,0.104384,0.518144,2.70856,369.2,15000,50176,0.100713
Suite_13,Deferred_Uber,0,2420,2.0757,0.649086,0.108992,0.103712,0.514048,2.7525,363.307,15000,52224,0.104301
Suite_13,Deferred_Uber,0,2421,2.08677,0.6846,0.108544,0.104448,0.521056,2.76292,361.936,15000,53504,0.106807
Suite_13,Deferred_Uber,0,2422,2.08782,0.645233,0.112352,0.104224,0.520384,2.80876,356.029,15000,55040,0.108386
Suite_13,Deferred_Uber,0,2423,2.08612,0.630071,0.112352,0.104448,0.521024,2.76602,361.531,15000,56576,0.111383
Suite_13,Deferred_Uber,0,2424,2.09045,0.657034,0.112544,0.106272,0.526016,2.74959,363.691,15000,57984,0.114327
Suite_13,Deferred_Uber,0,2425,2.09178,0.648017,0.113504,0.106048,0.521568,2.78387,359.212,15000,59264,0.116822
Suite_13,Deferred_Uber,0,2426,2.09567,0.653447,0.11872,0.104416,0.530976,2.77741,360.047,15000,60672,0.119696
Suite_13,Deferred_Uber,0,2427,2.10231,0.678692,0.116992,0.106176,0.53392,2.78505,359.06,15000,61568,0.120668
Suite_13,Deferred_Uber,0,2428,2.10114,0.671551,0.115616,0.104448,0.523616,2.81622,355.086,15000,62592,0.122907
Suite_13,Deferred_Uber,0,2429,2.10885,0.708255,0.1152,0.106208,0.523328,2.80973,355.906,15000,63872,0.12503
Suite_13,Deferred_Uber,0,2430,2.11719,0.643349,0.118784,0.104448,0.532384,2.8556,350.189,15000,65536,0.128359
Suite_13,Deferred_Uber,0,2431,2.11033,0.655002,0.118976,0.10544,0.528384,2.80395,356.64,15000,66560,0.129906
Suite_13,Deferred_Uber,0,2432,2.12704,0.647727,0.121888,0.106496,0.530592,2.80312,356.745,15000,67712,0.13176
Suite_13,Deferred_Uber,0,2433,2.13219,0.645965,0.126336,0.107168,0.536576,2.81555,355.171,15000,70144,0.135254
Suite_13,Deferred_Uber,0,2434,2.13594,0.657426,0.125184,0.10672,0.546208,2.81631,355.075,15000,72064,0.137784
Suite_13,Deferred_Uber,0,2435,2.1364,0.645664,0.124928,0.10624,0.536288,2.83268,353.022,15000,73856,0.141036
Suite_13,Deferred_Uber,0,2436,2.14269,0.694238,0.128992,0.108544,0.539136,2.8214,354.433,15000,75904,0.145438
Suite_13,Deferred_Uber,0,2437,2.15683,0.694298,0.134176,0.10736,0.545184,2.87939,347.295,15000,77184,0.147945
Suite_13,Deferred_Uber,0,2438,2.15257,0.703465,0.126848,0.126272,0.561152,2.89397,345.547,15000,79232,0.151426
Suite_13,Deferred_Uber,0,2439,2.16671,0.665338,0.131072,0.108512,0.5488,2.89836,345.022,15000,81536,0.154705
Suite_13,Deferred_Uber,0,2440,2.17604,0.648134,0.129024,0.107232,0.550944,2.87415,347.929,15000,83584,0.159134
Suite_13,Deferred_Uber,0,2441,2.1809,0.673417,0.13312,0.108544,0.555008,2.86784,348.694,15000,85504,0.162149
Suite_13,Deferred_Uber,0,2442,2.19339,0.662066,0.135424,0.110752,0.557056,2.90073,344.741,15000,87040,0.164237
Suite_13,Deferred_Uber,0,2443,2.19123,0.672097,0.13456,0.109344,0.547072,2.8986,344.994,15000,89216,0.169931
Suite_13,Deferred_Uber,0,2444,2.20452,0.695598,0.267424,0.111872,0.682752,2.91022,343.617,15000,91264,0.17324
Suite_13,Deferred_Uber,0,2445,2.20102,0.670943,0.141312,0.110592,0.559744,2.9477,339.248,15000,92416,0.175708
Suite_13,Deferred_Uber,0,2446,2.20402,0.685647,0.141344,0.110592,0.557472,2.91855,342.636,15000,94208,0.17798
Suite_13,Deferred_Uber,0,2447,2.21093,0.663256,0.139648,0.1104,0.556704,2.93685,340.501,15000,95872,0.179976
Suite_13,Deferred_Uber,0,2448,2.2166,0.739711,0.14656,0.110592,0.567296,2.92251,342.172,15000,98560,0.184877
Suite_13,Deferred_Uber,0,2449,2.23397,0.720304,0.147168,0.1112,0.561152,3.00709,332.547,15000,101888,0.190675
Suite_13,Deferred_Uber,0,2450,2.23766,0.732757,0.149504,0.11168,0.569344,3.01,332.226,15000,103680,0.195035
Suite_13,Deferred_Uber,0,2451,2.24422,0.734615,0.151552,0.11264,0.57392,3.02036,331.087,15000,105216,0.197154
Suite_13,Deferred_Uber,0,2452,2.24949,3.01441,0.155648,0.110752,0.575488,3.03063,329.965,15000,108800,0.204886
Suite_13,Deferred_Uber,0,2453,2.28073,0.7296,0.156,0.110912,0.56656,5.32687,187.727,15000,110976,0.20793
Suite_13,Deferred_Uber,0,2454,2.27377,0.744573,0.155648,0.11264,0.567648,3.06593,326.166,15000,113920,0.212961
Suite_13,Deferred_Uber,0,2455,2.31789,0.783705,0.159744,0.11264,0.574304,3.07407,325.301,15000,115968,0.216084
Suite_13,Deferred_Uber,0,2456,2.29208,0.759812,0.159456,0.112992,0.569952,3.20518,311.995,15000,118528,0.219401
Suite_13,Deferred_Uber,0,2457,2.29881,0.754419,0.165888,0.114688,0.58928,3.11119,321.421,15000,121088,0.223349
Suite_13,Deferred_Uber,0,2458,2.29998,0.743714,0.16384,0.111776,0.598016,3.11274,321.26,15000,124288,0.228918
Suite_13,Deferred_Uber,0,2459,2.31476,0.763294,0.167936,0.114656,0.594912,3.09944,322.639,15000,128896,0.235468
Suite_13,Deferred_Uber,0,2460,2.32014,0.747936,0.17008,0.114048,0.588832,3.13901,318.572,15000,131584,0.241022
Suite_13,Deferred_Uber,0,2461,2.3407,0.766653,0.173696,0.115392,0.60048,3.12932,319.558,15000,134912,0.246963
Suite_13,Deferred_Uber,0,2462,2.34819,0.753052,0.17344,0.113568,0.61488,3.17006,315.452,15000,139264,0.253925
Suite_13,Deferred_Uber,0,2463,2.35757,0.792246,0.18848,0.115168,0.612352,3.16703,315.754,15000,142592,0.260361
Suite_13,Deferred_Uber,0,2464,2.37793,0.772255,0.181376,0.114688,0.596832,3.21324,311.212,15000,146688,0.271148
Suite_13,Deferred_Uber,0,2465,2.3688,0.784776,0.185984,0.115328,0.606624,3.21528,311.015,15000,149888,0.276105
Suite_13,Deferred_Uber,0,2466,2.39779,0.770593,0.190464,0.116576,0.619328,3.22241,310.327,15000,154240,0.28211
Suite_13,Deferred_Uber,0,2467,2.38102,0.783905,0.190144,0.116384,0.612352,3.23474,309.144,15000,157568,0.286683
Suite_13,Deferred_Uber,0,2468,2.41702,0.792607,0.190816,0.116736,0.613952,3.23495,309.124,15000,161408,0.291364
Suite_13,Deferred_Uber,0,2469,2.42338,0.780907,0.19392,0.115712,0.618112,3.28166,304.724,15000,164992,0.296597
Suite_13,Deferred_Uber,0,2470,2.44348,0.800002,0.196608,0.11856,0.618176,3.28,304.878,15000,169472,0.302013
Suite_13,Deferred_Uber,0,2471,2.47457,0.876559,0.221184,0.121984,0.64176,3.3213,301.087,15000,173184,0.306372
Suite_13,Deferred_Uber,0,2472,2.49247,0.837363,0.203264,0.118176,0.63008,3.43833,290.838,15000,176000,0.310953
Suite_13,Deferred_Uber,0,2473,2.488,0.802305,0.200704,0.135168,0.651904,3.40911,293.332,15000,179840,0.31639
Suite_13,Deferred_Uber,0,2474,2.48933,0.826421,0.206848,0.118304,0.630816,3.36705,296.996,15000,184960,0.323159
Suite_13,Deferred_Uber,0,2475,2.50271,0.798941,0.208896,0.114688,0.646976,3.39417,294.623,15000,189056,0.329185
Suite_13,Deferred_Uber,0,2476,2.5084,0.845335,0.395136,0.118848,0.823296,3.38459,295.457,15000,193152,0.334938
Suite_13,Deferred_Uber,0,2477,2.51996,0.809017,0.212544,0.117536,0.651904,3.43888,290.792,15000,196224,0.341388
Suite_13,Deferred_Uber,0,2478,2.53637,0.841557,0.21504,0.120512,0.647424,3.41776,292.59,15000,199680,0.345711
Suite_13,Deferred_Uber,0,2479,2.54276,0.817584,0.219072,0.11712,0.661504,3.46066,288.962,15000,204672,0.354941
Suite_13,Deferred_Uber,0,2480,2.55768,0.857601,0.222752,0.119584,0.645696,3.44407,290.354,15000,209152,0.360819
Suite_13,Deferred_Uber,0,2481,2.56022,0.825242,0.227232,0.11728,0.672256,3.50685,285.156,15000,212224,0.366433
Suite_13,Deferred_Uber,0,2482,2.57881,0.850316,0.229792,0.120448,0.659456,3.4716,288.051,15000,215808,0.373178
Suite_13,Deferred_Uber,0,2483,2.58658,0.835844,0.22944,0.117536,0.677888,3.5183,284.228,15000,220544,0.379624
Suite_13,Deferred_Uber,0,2484,2.61941,0.873687,0.235808,0.122112,0.671616,3.51101,284.818,15000,225792,0.387439
Suite_13,Deferred_Uber,0,2485,2.63337,0.883008,0.24096,0.127296,0.697952,3.58879,278.646,15000,231552,0.395977
Suite_13,Deferred_Uber,0,2486,2.65711,0.888919,0.531744,0.121056,0.95744,3.62279,276.031,15000,236800,0.403686
Suite_13,Deferred_Uber,0,2487,2.66301,0.857219,0.24576,0.122112,0.672352,3.64107,274.645,15000,241664,0.411307
Suite_13,Deferred_Uber,0,2488,2.67023,0.881473,0.245472,0.121248,0.679456,3.61876,276.338,15000,247296,0.420939
Suite_13,Deferred_Uber,0,2489,2.67895,0.875094,0.249856,0.12288,0.680416,3.65244,273.79,15000,251520,0.427959
Suite_13,Deferred_Uber,0,2490,2.70382,0.904531,0.254112,0.122624,0.681984,3.65565,273.549,15000,256512,0.436986
Suite_13,Deferred_Uber,0,2491,2.718,0.920583,0.255392,0.124224,0.689184,3.70988,269.55,15000,262016,0.444564
Suite_13,Deferred_Uber,0,2492,2.73201,0.938855,0.262144,0.122528,0.685984,3.7518,266.538,15000,268032,0.456305
Suite_13,Deferred_Uber,0,2493,2.75023,0.942559,0.260864,0.124928,0.693888,3.77877,264.636,15000,274176,0.46448
Suite_13,Deferred_Uber,0,2494,2.76967,0.92281,0.26064,0.138272,0.701536,3.802,263.02,15000,280192,0.471678
Suite_13,Deferred_Uber,0,2495,2.78222,0.971118,0.399136,0.124704,0.833536,3.80368,262.903,15000,285184,0.478308
Suite_13,Deferred_Uber,0,2496,2.79236,0.927458,0.272448,0.123072,0.720896,3.86932,258.443,15000,290560,0.486191
Suite_13,Deferred_Uber,0,2497,2.81468,0.982172,0.280256,0.127552,0.719168,3.83272,260.911,15000,296832,0.495255
Suite_13,Deferred_Uber,0,2498,2.82766,0.958294,0.280224,0.125856,0.708608,3.92092,255.042,15000,301952,0.503715
Suite_13,Deferred_Uber,0,2499,2.85063,0.979066,0.284448,0.126656,0.721536,3.90713,255.942,15000,307200,0.512155
Suite_13,Deferred_Uber,0,2500,2.85548,0.995669,0.290944,0.126976,0.729088,3.95065,253.123,15000,312320,0.518624
Suite_13,Deferred_Uber,0,2501,2.8761,0.963945,0.28704,0.126464,0.716416,3.98184,251.14,15000,319104,0.527592
Suite_13,Deferred_Uber,0,2502,2.8656,0.998659,0.308864,0.127616,0.73568,3.96301,252.334,15000,324352,0.53742
Suite_13,Deferred_Uber,0,2503,2.89991,0.980311,0.300192,0.128928,0.748832,3.98865,250.711,15000,331520,0.547613
Suite_13,Deferred_Uber,0,2504,2.91425,1.01444,0.303232,0.128128,0.735232,4.01021,249.363,15000,338176,0.55659
Suite_13,Deferred_Uber,0,2505,2.93726,1.00955,0.311424,0.126976,0.74752,4.05987,246.313,15000,344832,0.566125
Suite_13,Deferred_Uber,0,2506,2.95868,1.03091,0.313344,0.127168,0.743776,4.08963,244.521,15000,351232,0.577035
Suite_13,Deferred_Uber,0,2507,2.96984,1.03475,0.315936,0.130208,0.75904,4.12792,242.253,15000,356992,0.585994
Suite_13,Deferred_Uber,0,2508,2.9877,1.0192,0.321472,0.129024,0.785664,4.14427,241.297,15000,363904,0.596681
Suite_13,Deferred_Uber,0,2509,3.01409,1.05641,0.579584,0.130496,1.02074,4.14696,241.14,15000,371712,0.608024
Suite_13,Deferred_Uber,0,2510,3.03017,1.04496,0.32048,0.128992,0.751616,4.21921,237.011,15000,378112,0.620227
Suite_13,Deferred_Uber,0,2511,3.06414,1.09458,0.331776,0.13088,0.764512,4.2188,237.034,15000,385152,0.629125
Suite_13,Deferred_Uber,0,2512,3.07319,1.06842,0.340704,0.131776,0.784384,4.31249,231.884,15000,392320,0.641292
Suite_13,Deferred_Uber,0,2513,3.08446,1.04759,0.342016,0.129024,0.798368,4.2968,232.732,15000,399488,0.651207
Suite_13,Deferred_Uber,0,2514,3.10512,1.0996,0.347296,0.13312,0.78704,4.28434,233.408,15000,405888,0.660475
Suite_13,Deferred_Uber,0,2515,3.1116,1.09439,1.85584,0.13488,2.2999,4.36726,228.976,15000,411520,0.671713
Suite_13,Deferred_Uber,0,2516,3.12338,1.07857,0.373408,0.13136,0.811008,4.36192,229.257,15000,419328,0.685043
Suite_13,Deferred_Uber,0,2517,3.14988,1.099,0.356256,0.13568,0.796672,4.36741,228.969,15000,426112,0.695515
Suite_13,Deferred_Uber,0,2518,3.16686,1.11235,0.35792,0.133024,0.794976,4.409,226.809,15000,434048,0.705517
Suite_13,Deferred_Uber,0,2519,3.19194,1.10736,0.365472,0.13312,0.799744,4.45152,224.642,15000,441984,0.714837
Suite_13,Deferred_Uber,0,2520,3.20106,1.15074,0.655072,0.135264,1.09568,4.46249,224.09,15000,448512,0.723796
Suite_13,Deferred_Uber,0,2521,3.22132,1.11066,0.376,0.139072,0.81952,4.52788,220.854,15000,453760,0.73221
Suite_13,Deferred_Uber,0,2522,3.2274,1.13719,0.378656,0.133984,0.8192,4.51509,221.479,15000,460672,0.740779
Suite_13,Deferred_Uber,0,2523,3.26412,1.14983,0.382272,0.136096,0.825376,4.54324,220.107,15000,468480,0.754485
Suite_13,Deferred_Uber,0,2524,3.27385,1.14059,0.415648,0.138912,0.86336,4.59463,217.645,15000,476288,0.767865
Suite_13,Deferred_Uber,0,2525,3.2938,1.1668,0.98304,0.138624,1.4295,4.5996,217.41,15000,484864,0.778031
Suite_13,Deferred_Uber,0,2526,3.32161,1.18467,0.389856,0.138656,0.8336,4.6402,215.508,15000,492928,0.788795
Suite_13,Deferred_Uber,0,2527,3.32978,1.167,0.403936,0.13808,0.856992,4.69792,212.86,15000,500608,0.79914
Suite_13,Deferred_Uber,0,2528,3.35654,1.1934,0.406304,0.137344,0.84992,4.68703,213.355,15000,509824,0.813113
Suite_13,Deferred_Uber,0,2529,3.37973,1.20946,0.407552,0.140608,0.853728,4.73791,211.064,15000,516608,0.824698
Suite_13,Deferred_Uber,0,2530,3.38162,1.22303,1.28032,0.139072,1.73286,4.78489,208.991,15000,523008,0.838555
Suite_13,Deferred_Uber,0,2531,3.40891,1.21082,0.417888,0.147232,0.886784,4.79847,208.4,15000,532352,0.854086
Suite_13,Deferred_Uber,0,2532,3.41802,1.22579,0.427584,0.140064,0.872704,4.82027,207.457,15000,538624,0.863062
Suite_13,Deferred_Uber,0,2533,3.4467,1.25248,0.430048,0.141632,0.875328,4.84243,206.508,15000,546432,0.874062
Suite_13,Deferred_Uber,0,2534,3.47724,1.2438,1.34672,0.139264,1.81178,4.91195,203.585,15000,555776,0.887555
Suite_13,Deferred_Uber,0,2535,3.4915,1.25471,0.44032,0.14336,0.886784,4.93493,202.637,15000,563712,0.901405
Suite_13,Deferred_Uber,0,2536,3.50782,1.25375,0.449984,0.14352,0.903264,4.95879,201.662,15000,571776,0.912618
Suite_13,Deferred_Uber,0,2537,3.5142,1.23174,0.453504,0.142784,0.911264,4.98167,200.736,15000,580224,0.92464
Suite_13,Deferred_Uber,0,2538,3.53504,1.26964,1.06906,0.141312,1.54058,4.96205,201.53,15000,587520,0.933916
Suite_13,Deferred_Uber,0,2539,3.55957,3.45136,0.482048,0.151648,0.940032,5.03042,198.79,15000,594944,0.945525
Suite_13,Deferred_Uber,0,2540,3.58948,1.28667,0.46304,0.144224,0.921248,7.22688,138.372,15000,602624,0.961235
Suite_13,Deferred_Uber,0,2541,3.61671,1.3015,0.469152,0.143872,0.92736,5.10374,195.935,15000,609152,0.972106
Suite_13,Deferred_Uber,0,2542,3.60946,1.29289,1.05882,0.145408,1.51702,5.19635,192.443,15000,617600,0.986251
Suite_13,Deferred_Uber,0,2543,3.68583,1.35371,0.501216,0.143648,0.958752,5.12486,195.127,15000,625536,0.994614
Suite_13,Deferred_Uber,0,2544,3.66197,1.32045,0.487424,0.1456,0.944768,5.27113,189.712,15000,632448,1.00568
Suite_13,Deferred_Uber,0,2545,3.67741,1.33872,0.488288,0.146944,0.950656,5.22229,191.487,15000,642176,1.02332
Suite_13,Deferred_Uber,0,2546,3.68629,1.3353,1.66531,0.147584,2.12378,5.26083,190.084,15000,651392,1.03595
Suite_13,Deferred_Uber,0,2547,3.71287,1.35203,0.52224,0.160928,0.990208,5.25993,190.117,15000,658688,1.04608
Suite_13,Deferred_Uber,0,2548,3.73682,1.34781,0.507296,0.148992,0.968704,5.30795,188.397,15000,667520,1.05845
Suite_13,Deferred_Uber,0,2549,3.74922,1.36843,0.509952,0.149184,0.965344,5.33375,187.485,15000,673792,1.06783
Suite_13,Deferred_Uber,0,2550,3.75531,1.35233,1.23123,0.14896,1.69747,5.36454,186.409,15000,680448,1.07953
Suite_13,Deferred_Uber,0,2551,3.77946,1.38462,0.51872,0.167776,1.00147,5.36788,186.293,15000,687360,1.08897
Suite_13,Deferred_Uber,0,2552,3.81338,1.39742,0.522368,0.148096,0.978944,5.42025,184.493,15000,694272,1.10068
Suite_13,Deferred_Uber,0,2553,3.8216,1.39118,0.53216,0.151328,0.989792,5.47171,182.758,15000,702592,1.11263
Suite_13,Deferred_Uber,0,2554,3.83576,1.40904,2.05005,0.149632,2.51798,5.48048,182.466,15000,710912,1.12132
Suite_13,Deferred_Uber,0,2555,3.8536,1.39207,0.54272,0.151904,1.00819,5.50856,181.536,15000,718720,1.13301
Suite_13,Deferred_Uber,0,2556,3.86427,1.40692,0.546816,0.173664,1.03046,5.52446,181.013,15000,724480,1.14811
Suite_13,Deferred_Uber,0,2557,3.88294,1.41371,1.20461,0.15264,1.66685,5.53782,180.577,15000,730496,1.16088
Suite_13,Deferred_Uber,0,2558,3.90759,1.42172,0.550496,0.1536,1.0199,5.5685,179.582,15000,739968,1.17257
Suite_13,Deferred_Uber,0,2559,3.92516,1.45695,0.555008,0.153856,1.01002,5.6051,178.409,15000,748160,1.18855
Suite_13,Deferred_Uber,0,2560,3.94385,1.45653,1.36192,0.154688,1.8319,5.6529,176.9,15000,756352,1.20055
Suite_13,Deferred_Uber,0,2561,3.96579,1.46259,0.567744,0.159744,1.05862,5.7049,175.288,15000,764416,1.21278
Suite_13,Deferred_Uber,0,2562,3.99702,1.47822,0.571168,0.166592,1.04448,5.70537,175.274,15000,771328,1.22424
Suite_13,Deferred_Uber,0,2563,4.00753,1.50575,1.27766,0.156832,1.74602,5.75603,173.731,15000,778752,1.23793
Suite_13,Deferred_Uber,0,2564,4.03478,1.50356,0.58288,0.158304,1.04653,5.80311,172.321,15000,787328,1.25232
Suite_13,Deferred_Uber,0,2565,4.03822,1.51519,0.58368,0.157696,1.05558,5.82627,171.636,15000,795520,1.27057
Suite_13,Deferred_Uber,0,2566,4.04998,1.49196,1.36192,0.155808,1.82653,5.85269,170.862,15000,802560,1.28295
Suite_13,Deferred_Uber,0,2567,4.07339,1.49624,0.61888,0.157696,1.09363,5.84144,171.191,15000,811392,1.30082
Suite_13,Deferred_Uber,0,2568,4.09396,1.51256,0.626688,0.155616,1.09904,5.87494,170.214,15000,818688,1.31232
Suite_13,Deferred_Uber,0,2569,4.11131,1.5458,1.32682,0.15776,1.78797,5.91243,169.135,15000,827904,1.32773
Suite_13,Deferred_Uber,0,2570,4.13722,1.55244,0.616448,0.158848,1.09085,5.95995,167.787,15000,835584,1.33881
Suite_13,Deferred_Uber,0,2571,4.15168,1.55062,0.623328,0.160576,1.09158,6.00192,166.613,15000,843648,1.353
Suite_13,Deferred_Uber,0,2572,4.16501,1.5574,0.6368,0.161792,1.10592,6.01722,166.19,15000,851584,1.3649
Suite_13,Deferred_Uber,0,2573,4.1852,1.53332,0.630336,0.161792,1.10739,6.03349,165.742,15000,859648,1.38138
Suite_13,Deferred_Uber,0,2574,4.2049,1.56317,0.656128,0.161792,1.12765,6.03279,165.761,15000,866432,1.39266
Suite_13,Deferred_Uber,0,2575,4.23008,1.57067,1.72618,0.165696,2.21814,6.07403,164.635,15000,875392,1.40642
Suite_13,Deferred_Uber,0,2576,4.24138,1.58778,0.671712,0.172032,1.15917,6.13323,163.046,15000,882560,1.4224
Suite_13,Deferred_Uber,0,2577,4.2631,3.74454,0.670016,0.163872,1.14627,6.15533,162.461,15000,890624,1.43585
Suite_13,Deferred_Uber,0,2578,4.29684,1.60469,1.85315,0.168736,2.35322,8.33377,119.994,15000,895360,1.44489
Suite_13,Deferred_Uber,0,2579,4.32006,1.61701,0.677888,0.175648,1.17024,6.24426,160.147,15000,902912,1.45734
Suite_13,Deferred_Uber,0,2580,4.3092,1.5982,0.6656,0.161632,1.14358,6.30266,158.663,15000,910464,1.46896
Suite_13,Deferred_Uber,0,2581,4.33592,1.6389,1.40883,0.165696,1.88374,6.24684,160.081,15000,918400,1.48116
Suite_13,Deferred_Uber,0,2582,4.34936,1.62919,0.680032,0.165888,1.16122,6.30332,158.647,15000,925696,1.49344
Suite_13,Deferred_Uber,0,2583,4.36416,1.63504,0.674848,0.167168,1.15152,6.32432,158.12,15000,933632,1.50579
Suite_13,Deferred_Uber,0,2584,4.37514,1.66027,0.806944,0.167296,1.28989,6.34452,157.616,15000,939904,1.51414
Suite_13,Deferred_Uber,0,2585,4.39469,1.68032,0.693312,0.167808,1.17382,6.37613,156.835,15000,947584,1.5326
Suite_13,Deferred_Uber,0,2586,4.40549,1.66128,0.689536,0.166784,1.1681,6.42171,155.722,15000,953472,1.55041
Suite_13,Deferred_Uber,0,2587,4.4272,1.64458,1.58026,0.169312,2.06438,6.40902,156.03,15000,961792,1.5636
Suite_13,Deferred_Uber,0,2588,4.44503,1.67119,0.698496,0.169664,1.18362,6.41031,155.999,15000,968064,1.57987
Suite_13,Deferred_Uber,0,2589,4.46184,1.68039,0.724416,0.168544,1.20832,6.47547,154.429,15000,975104,1.59382
Suite_13,Deferred_Uber,0,2590,4.4822,1.69819,1.77357,0.16992,2.26304,6.48686,154.158,15000,981376,1.60699
Suite_13,Deferred_Uber,0,2591,4.49653,1.67722,0.722944,0.165952,1.22083,6.53846,152.941,15000,989056,1.62373
Suite_13,Deferred_Uber,0,2592,4.5153,1.68264,0.735968,0.173888,1.80634,6.52769,153.194,15000,994560,1.63812
Suite_13,Deferred_Uber,0,2593,4.53848,1.79706,1.52294,0.188416,2.02957,6.55269,152.609,15000,1001728,1.65484
Suite_13,Deferred_Uber,0,2594,4.55171,1.73365,0.720896,0.167488,1.20621,6.70371,149.171,15000,1009152,1.6703
Suite_13,Deferred_Uber,0,2595,4.56435,1.72678,0.725856,0.169088,1.20832,6.6459,150.469,15000,1015424,1.68599
Suite_13,Deferred_Uber,0,2596,4.5854,1.74159,1.52464,0.17184,2.01318,6.65827,150.189,15000,1023360,1.70024
Suite_13,Deferred_Uber,0,2597,4.59312,1.7274,0.741824,0.172032,1.2329,6.70773,149.082,15000,1029504,1.71143
Suite_13,Deferred_Uber,0,2598,4.61311,1.73956,0.751904,0.172416,1.24038,6.69687,149.323,15000,1036160,1.72393
Suite_13,Deferred_Uber,0,2599,4.62758,1.75426,1.53434,0.172096,2.0184,6.71697,148.877,15000,1040384,1.73664
Suite_13,Deferred_Uber,0,2600,4.64348,1.74145,0.755712,0.174112,1.24531,6.74881,148.174,15000,1047936,1.75262
Suite_13,Deferred_Uber,0,2601,4.66137,1.77999,0.759904,0.174368,1.24518,6.76918,147.728,15000,1054976,1.76671
Suite_13,Deferred_Uber,0,2602,4.67351,1.81207,1.62656,0.173856,2.11968,6.82713,146.474,15000,1060352,1.7794
Suite_13,Deferred_Uber,0,2603,4.68844,1.79581,0.76448,0.17408,1.25747,6.87163,145.526,15000,1068032,1.79514
Suite_13,Deferred_Uber,0,2604,4.7021,1.80961,1.19219,0.175392,1.68122,6.87755,145.401,15000,1073536,1.80898
Suite_13,Deferred_Uber,0,2605,4.72868,4.08721,0.802816,0.1736,1.84918,6.91157,144.685,15000,1080448,1.82387
Suite_13,Deferred_Uber,0,2606,4.73313,1.82006,1.68755,0.188032,2.77811,9.20052,108.69,15000,1086208,1.83819
Suite_13,Deferred_Uber,0,2607,4.75083,1.82489,0.811136,0.17472,1.88006,6.94353,144.019,15000,1091328,1.85308
Suite_13,Deferred_Uber,0,2608,4.78965,1.85965,1.6855,0.17408,2.17571,6.97743,143.319,15000,1096448,1.86594
Suite_13,Deferred_Uber,0,2609,4.77231,1.83791,0.805472,0.17408,1.87184,7.1027,140.792,15000,1101312,1.87759
Suite_13,Deferred_Uber,0,2610,4.78227,1.85012,1.67824,0.177184,2.16627,7.00205,142.815,15000,1107584,1.89511
Suite_13,Deferred_Uber,0,2611,4.80264,1.83744,0.802624,0.174752,1.87466,7.03298,142.187,15000,1112448,1.90974
Suite_13,Deferred_Uber,0,2612,4.81327,1.87147,2.21603,0.179424,3.33155,7.04018,142.042,15000,1118080,1.92459
Suite_13,Deferred_Uber,0,2613,4.81705,1.86617,0.830208,0.179552,1.93331,7.09953,140.854,15000,1124096,1.94084
Suite_13,Deferred_Uber,0,2614,4.83419,1.86679,1.90669,0.178176,3.01882,7.08883,141.067,15000,1128448,1.95607
Suite_13,Deferred_Uber,0,2615,4.85668,1.86726,0.836864,0.180224,1.95034,7.12428,140.365,15000,1132672,1.97002
Suite_13,Deferred_Uber,0,2616,4.85561,1.8602,1.76512,0.180128,2.83101,7.12266,140.397,15000,1136896,1.98467
Suite_13,Deferred_Uber,0,2617,4.8731,1.88275,0.849376,0.17904,1.90243,7.11785,140.492,15000,1143296,1.99702
Suite_13,Deferred_Uber,0,2618,4.88124,1.89895,1.91517,0.182272,3.93216,7.19538,138.978,15000,1148288,2.00658
Suite_13,Deferred_Uber,0,2619,4.89347,1.88943,0.820928,0.181056,1.43152,7.19963,138.896,15000,1152896,2.02017
Suite_13,Deferred_Uber,0,2620,4.90563,1.89432,1.7768,0.181088,3.78301,7.21768,138.549,15000,1157760,2.03466
Suite_13,Deferred_Uber,0,2621,4.91492,1.89103,0.838336,0.180864,2.84618,7.22991,138.314,15000,1162624,2.04884
Suite_13,Deferred_Uber,0,2622,4.92052,1.93476,2.36515,0.182784,2.97827,7.24216,138.08,15000,1164928,2.05648
Suite_13,Deferred_Uber,0,2623,4.93464,1.92149,0.850368,0.18272,1.47251,7.27268,137.501,15000,1170048,2.06939
Suite_13,Deferred_Uber,0,2624,4.94423,1.92419,2.59891,0.184512,3.21997,7.27436,137.469,15000,1174016,2.08563
Suite_13,Deferred_Uber,0,2625,4.95288,1.93173,0.85584,0.184736,1.35622,7.29621,137.057,15000,1178496,2.10165
Suite_13,Deferred_Uber,0,2626,4.96809,1.92465,1.43472,0.185152,1.93347,7.29783,137.027,15000,1183616,2.11786
Suite_13,Deferred_Uber,0,2627,4.97793,1.9003,0.86528,0.18432,1.37021,7.33176,136.393,15000,1187840,2.12908
Suite_13,Deferred_Uber,0,2628,4.99357,1.94724,1.61651,0.188416,2.12787,7.31288,136.745,15000,1193088,2.14482
Suite_13,Deferred_Uber,0,2629,5.01317,4.17517,0.882688,0.1864,1.94803,7.36325,135.81,15000,1197696,2.15899
Suite_13,Deferred_Uber,0,2630,5.01577,1.96077,1.87978,0.188256,3.07277,9.62644,103.881,15000,1203072,2.17201
Suite_13,Deferred_Uber,0,2631,5.03155,1.94128,0.871936,0.189408,2.88314,7.45411,134.154,15000,1207808,2.19
Suite_13,Deferred_Uber,0,2632,5.03906,1.9622,1.85843,0.188192,3.87498,7.41068,134.94,15000,1213056,2.21074
Suite_13,Deferred_Uber,0,2633,5.05232,1.94847,0.88304,0.189504,2.89514,7.43069,134.577,15000,1218048,2.23109
Suite_13,Deferred_Uber,0,2634,5.06442,1.99312,2.43245,0.189408,3.05926,7.44488,134.321,15000,1222912,2.2478
Suite_13,Deferred_Uber,0,2635,5.12674,2.02788,0.891648,0.1896,1.40698,7.50099,133.316,15000,1227136,2.26015
Suite_13,Deferred_Uber,0,2636,5.0865,1.97915,1.69779,0.188416,2.19805,7.59913,131.594,15000,1230720,2.277
Suite_13,Deferred_Uber,0,2637,5.0888,1.97117,0.894976,0.188096,1.40262,7.50868,133.179,15000,1232896,2.2926
Suite_13,Deferred_Uber,0,2638,5.0993,1.99513,1.8281,0.188608,2.33053,7.51557,133.057,15000,1234688,2.30496
Suite_13,Deferred_Uber,0,2639,5.10507,1.98679,0.895008,0.198656,1.41389,7.52923,132.816,15000,1236992,2.31973
Suite_13,Deferred_Uber,0,2640,5.10532,2.00686,1.86243,0.188736,2.93274,7.55332,132.392,15000,1238912,2.32996
Suite_13,Deferred_Uber,0,2641,5.10759,1.93826,0.920064,0.188416,2.10534,7.55044,132.443,15000,1241344,2.33815
Suite_13,Deferred_Uber,0,2642,5.12966,1.99958,1.90205,0.188416,3.03069,7.48873,133.534,15000,1244288,2.35464
Suite_13,Deferred_Uber,0,2643,5.12614,1.98672,0.901824,0.187552,2.92163,7.57468,132.019,15000,1246080,2.36726
Suite_13,Deferred_Uber,0,2644,5.12641,2.00021,1.90474,0.185344,3.91373,7.56477,132.192,15000,1248256,2.38148
Suite_13,Deferred_Uber,0,2645,5.12573,1.99219,0.911648,0.188576,1.5319,7.59285,131.703,15000,1251200,2.39976
Suite_13,Deferred_Uber,0,2646,5.13565,2.02738,0.927744,0.186432,1.55296,7.5822,131.888,15000,1252480,2.40672
Suite_13,Deferred_Uber,0,2647,5.13841,2.00172,0.919552,0.187392,1.42621,7.63115,131.042,15000,1254144,2.41976
Suite_13,Deferred_Uber,0,2648,5.14414,1.99553,1.79094,0.188416,2.2912,7.57821,131.957,15000,1255808,2.416
Suite_13,Deferred_Uber,0,2649,5.14943,2.01491,0.922528,0.185536,1.42035,7.58295,131.875,15000,1256832,2.42511
Suite_13,Deferred_Uber,0,2650,5.15,2.02312,1.87674,0.180256,2.37904,7.61179,131.375,15000,1259008,2.43435
Suite_13,Deferred_Uber,0,2651,5.15282,4.12071,0.929792,0.186112,1.43651,7.63986,130.892,15000,1258112,2.43243
Suite_13,Deferred_Uber,0,2652,5.15008,2.02709,2.62998,0.188224,3.25562,9.73528,102.719,15000,1258624,2.44651
Suite_13,Deferred_Uber,0,2653,5.15972,2.04209,0.927744,0.185856,1.43395,7.645,130.804,15000,1259776,2.45907
Suite_13,Deferred_Uber,0,2654,5.15426,2.01141,1.53037,0.184096,2.0375,7.64866,130.742,15000,1260928,2.45377
Suite_13,Deferred_Uber,0,2655,5.15747,2.0102,0.93392,0.185536,1.43565,7.61864,131.257,15000,1260544,2.46473
Suite_13,Deferred_Uber,0,2656,5.15864,2.01919,1.86886,0.1856,2.3671,7.6211,131.215,15000,1262464,2.48425
Suite_13,Deferred_Uber,0,2657,5.15606,2.00446,0.941856,0.192992,1.45008,7.62852,131.087,15000,1262080,2.49798
Suite_13,Deferred_Uber,0,2658,5.15655,2.01666,1.89344,0.181408,2.9535,7.61229,131.366,15000,1262336,2.51104
Suite_13,Deferred_Uber,0,2659,5.1626,1.97085,0.954688,0.182272,2.13402,7.62949,131.07,15000,1262848,2.52774
Suite_13,Deferred_Uber,0,2660,5.16933,2.02692,1.96608,0.180576,3.08221,7.57481,132.017,15000,1264000,2.54397
Suite_13,Deferred_Uber,0,2661,5.1612,2.01963,0.9456,0.180928,2.94685,7.6554,130.627,15000,1263744,2.55844
Suite_13,Deferred_Uber,0,2662,5.15138,2.02586,2.44941,0.182272,3.06794,7.64845,130.745,15000,1264128,2.56846
Suite_13,Deferred_Uber,0,2663,5.15343,2.02899,0.94224,0.180672,1.55853,7.64218,130.853,15000,1263488,2.56857
Suite_13,Deferred_Uber,0,2664,5.14804,2.04752,0.958432,0.178176,1.57674,7.65065,130.708,15000,1263616,2.58718
Suite_13,Deferred_Uber,0,2665,5.15607,1.99463,0.949216,0.182112,1.44998,7.65126,130.697,15000,1263872,2.60848
Suite_13,Deferred_Uber,0,2666,5.16188,2.01229,1.88618,0.179872,2.38675,7.59978,131.583,15000,1262848,2.61851
Suite_13,Deferred_Uber,0,2667,5.1577,1.99672,0.947392,0.17488,1.43997,7.63231,131.022,15000,1264000,2.64368
Suite_13,Deferred_Uber,0,2668,5.16515,2.03661,1.92291,0.175296,2.98394,7.61541,131.313,15000,1263744,2.63318
Suite_13,Deferred_Uber,0,2669,5.14623,1.98731,0.9672,0.176128,2.14426,7.66854,130.403,15000,1263360,2.63534
Suite_13,Deferred_Uber,0,2670,5.14854,2.01607,1.97226,0.174528,3.01776,7.57717,131.975,15000,1263616,2.65857
Suite_13,Deferred_Uber,0,2671,5.15022,2.0143,0.964608,0.175296,2.96285,7.62352,131.173,15000,1263616,2.68011
Suite_13,Deferred_Uber,0,2672,5.14027,2.02637,1.94291,0.176256,3.94157,7.62796,131.097,15000,1262848,2.68612
Suite_13,Deferred_Uber,0,2673,5.1391,4.22407,0.960832,0.174432,1.45107,7.61288,131.356,15000,1261184,2.69718
Suite_13,Deferred_Uber,0,2674,5.20538,2.06647,1.91926,0.172032,2.41002,9.83653,101.662,15000,1260672,2.71455
Suite_13,Deferred_Uber,0,2675,5.15587,2.02333,0.976896,0.17184,2.03008,7.73443,129.292,15000,1259904,2.74298
Suite_13,Deferred_Uber,0,2676,5.12736,1.98897,2.30611,0.171776,3.47546,7.62699,131.113,15000,1259392,2.77515
Suite_13,Deferred_Uber,0,2677,5.13526,2.00707,0.98544,0.172096,2.08691,7.57501,132.013,15000,1258496,2.79745
Suite_13,Deferred_Uber,0,2678,5.14113,2.01291,1.98118,0.170208,3.97114,7.58838,131.78,15000,1259264,2.8269
Suite_13,Deferred_Uber,0,2679,5.13171,2.01797,0.969536,0.17024,2.96346,7.60284,131.53,15000,1257984,2.8677
Suite_13,Deferred_Uber,0,2680,5.12144,2.03823,2.49213,0.169888,3.08826,7.61446,131.329,15000,1256960,2.89222
Suite_13,Deferred_Uber,0,2681,5.13134,2.02622,0.978176,0.169376,1.45466,7.62329,131.177,15000,1254784,2.78058
Suite_13,Deferred_Uber,0,2682,5.12313,2.00868,1.89565,0.166208,2.37827,7.63613,130.956,15000,1254272,2.82351
Suite_13,Deferred_Uber,0,2683,5.11331,2.00429,0.9728,0.161888,1.45763,7.58287,131.876,15000,1252352,2.83579
Suite_13,Deferred_Uber,0,2684,5.11283,2.01322,1.92394,0.15936,2.38989,7.55525,132.358,15000,1250816,2.87337
Suite_13,Deferred_Uber,0,2685,5.11036,1.97502,0.992064,0.15712,2.05414,7.59604,131.648,15000,1251328,2.89094
Suite_13,Deferred_Uber,0,2686,5.10652,2.00525,1.95174,0.157696,3.00413,7.53388,132.734,15000,1248768,2.94004
Suite_13,Deferred_Uber,0,2687,5.09095,1.993,1.00435,0.157472,2.09098,7.5725,132.057,15000,1245696,2.86496
Suite_13,Deferred_Uber,0,2688,5.095,1.98635,1.98518,0.157824,3.07853,7.52941,132.812,15000,1244672,2.91585
Suite_13,Deferred_Uber,0,2689,5.08741,1.98724,0.987136,0.157696,2.96746,7.53486,132.717,15000,1243008,2.97163
Suite_13,Deferred_Uber,0,2690,5.09115,2.02592,1.97222,0.157696,3.97328,7.51581,133.053,15000,1242880,2.99567
Suite_13,Deferred_Uber,0,2691,5.07885,2.00963,0.983424,0.155648,1.57082,7.57405,132.03,15000,1240192,3.06046
Suite_13,Deferred_Uber,0,2692,5.07363,1.99613,1.11821,0.156064,1.59158,7.55098,132.433,15000,1239040,3.07064
Suite_13,Deferred_Uber,0,2693,5.07007,1.99244,0.980832,0.151552,1.55584,7.53444,132.724,15000,1238528,3.1472
Suite_13,Deferred_Uber,0,2694,5.09006,2.00324,1.91261,0.152448,2.38182,7.52762,132.844,15000,1235840,3.23137
Suite_13,Deferred_Uber,0,2695,5.06898,4.40475,0.998112,0.151552,2.01731,7.55028,132.445,15000,1233536,3.31917
Suite_13,Deferred_Uber,0,2696,5.07802,1.96907,2.4559,0.151392,4.49277,9.91516,100.856,15000,1231744,3.43335
Suite_13,Deferred_Uber,0,2697,5.04736,1.98844,0.974912,0.153504,1.55648,7.50809,133.19,15000,1229184,3.55472
Suite_13,Deferred_Uber,0,2698,5.04474,1.98785,2.54822,0.152128,3.12314,7.47935,133.701,15000,1226368,3.65956
Suite_13,Deferred_Uber,0,2699,5.02933,1.97658,0.97088,0.14608,1.5401,7.48789,133.549,15000,1222272,3.76154
Suite_13,Deferred_Uber,0,2700,5.02352,1.99483,2.61149,0.14336,3.18598,7.44403,134.336,15000,1220352,3.93602
Suite_13,Deferred_Uber,0,2701,5.01588,1.98607,0.970944,0.137536,1.42298,7.46917,133.884,15000,1216512,4.03808
Suite_13,Deferred_Uber,0,2702,5.0072,1.96407,1.7201,0.139744,2.16678,7.44206,134.371,15000,1213952,3.57782
Suite_13,Deferred_Uber,0,2703,4.99904,1.95986,0.924224,0.176128,1.41507,7.43119,134.568,15000,1208960,3.46802
Suite_13,Deferred_Uber,0,2704,4.99331,1.97052,1.84522,0.177504,2.34496,7.40217,135.096,15000,1206784,3.84231
Suite_13,Deferred_Uber,0,2705,4.9863,1.9405,0.900928,0.17616,1.39469,7.38708,135.371,15000,1204864,4.37477
Suite_13,Deferred_Uber,0,2706,4.98478,1.95644,1.83296,0.176128,2.33226,7.36893,135.705,15000,1201408,5.04878
Suite_13,Deferred_Uber,0,2707,4.9791,1.96012,0.921824,0.17856,1.97795,7.37152,135.657,15000,1198592,5.82054
Suite_13,Deferred_Uber,0,2708,4.95812,1.91824,1.82522,0.175136,2.88768,7.36488,135.78,15000,1194880,6.24807
Suite_13,Deferred_Uber,0,2709,4.94262,1.93338,0.92032,0.175456,2.02752,7.30396,136.912,15000,1191168,5.97403
Suite_13,Deferred_Uber,0,2710,4.94137,1.94312,2.00768,0.176288,3.11248,7.31187,136.764,15000,1188608,2.70464
Suite_13,Deferred_Uber,0,2711,4.94148,1.9444,0.916032,0.174272,2.02547,7.30554,136.882,15000,1186816,2.79143
Suite_13,Deferred_Uber,0,2712,4.93288,1.94603,1.85258,0.175008,3.84589,7.30102,136.967,15000,1183744,2.88758
Suite_13,Deferred_Uber,0,2713,4.9274,1.92661,0.887712,0.17648,1.49094,7.32866,136.451,15000,1182976,2.98415
Suite_13,Deferred_Uber,0,2714,4.95695,1.99981,3.26496,0.176128,3.87277,7.27973,137.368,15000,1181184,3.08265
Suite_13,Deferred_Uber,0,2715,4.91144,1.94315,0.876544,0.175264,1.48685,7.37431,135.606,15000,1177728,2.456
Suite_13,Deferred_Uber,0,2716,4.8992,1.94163,2.92592,0.1776,3.53734,7.28414,137.285,15000,1174400,2.47972
Suite_13,Deferred_Uber,0,2717,4.89878,1.94117,0.867104,0.1736,1.47251,7.26145,137.714,15000,1171200,2.47167
Suite_13,Deferred_Uber,0,2718,4.89947,4.68291,3.73386,0.18512,4.80051,7.25175,137.898,15000,1169792,2.49085
Suite_13,Deferred_Uber,0,2719,4.91003,1.92069,0.88512,0.178624,1.94458,10.0014,99.9861,15000,1167360,2.53542
Suite_13,Deferred_Uber,0,2720,4.8617,1.90817,1.79274,0.170016,2.84989,7.29263,137.125,15000,1162112,2.51536
Suite_13,Deferred_Uber,0,2721,4.87264,1.88889,0.871008,0.18864,2.50371,7.19833,138.921,15000,1158656,2.56392
Suite_13,Deferred_Uber,0,2722,4.85914,1.89661,2.2841,0.175872,3.39667,7.19628,138.961,15000,1156608,2.61689
Suite_13,Deferred_Uber,0,2723,4.84654,1.91134,0.868288,0.178176,1.98246,7.19823,138.923,15000,1152640,2.29061
Suite_13,Deferred_Uber,0,2724,4.84509,1.89211,1.8184,0.176128,2.91997,7.18442,139.19,15000,1149056,2.28745
Suite_13,Deferred_Uber,0,2725,4.83272,1.8853,0.87632,0.178176,1.97846,7.15635,139.736,15000,1146752,2.30862
Suite_13,Deferred_Uber,0,2726,4.81852,1.89016,1.81587,0.175008,2.86899,7.15044,139.852,15000,1142144,2.30434
Suite_13,Deferred_Uber,0,2727,4.80899,1.88712,0.843808,0.176128,2.8672,7.13164,140.22,15000,1138560,2.31091
Suite_13,Deferred_Uber,0,2728,4.80147,1.91191,1.79757,0.176512,2.40019,7.11211,140.605,15000,1135104,2.33019
Suite_13,Deferred_Uber,0,2729,4.78993,1.87992,0.8416,0.175264,2.84672,7.13481,140.158,15000,1131904,2.34917
Suite_13,Deferred_Uber,0,2730,4.78577,1.88461,1.82685,0.173504,3.81747,7.08535,141.136,15000,1128960,2.36644
Suite_13,Deferred_Uber,0,2731,4.77649,1.86179,0.833536,0.17408,2.82502,7.08699,141.104,15000,1125504,2.39226
Suite_13,Deferred_Uber,0,2732,4.77212,1.88549,1.78813,0.172672,3.788,7.04791,141.886,15000,1122944,2.42516
Suite_13,Deferred_Uber,0,2733,4.76063,1.86147,0.83216,0.17408,2.82566,7.06332,141.576,15000,1119744,2.45274
Suite_13,Deferred_Uber,0,2734,4.77343,1.92093,2.34496,0.17568,2.9577,7.04385,141.968,15000,1115520,2.43905
Suite_13,Deferred_Uber,0,2735,4.7519,1.87186,0.827392,0.170976,2.82422,7.10951,140.657,15000,1111680,2.46007
Suite_13,Deferred_Uber,0,2736,4.7319,1.87362,2.43507,0.172736,3.04566,7.03247,142.197,15000,1106432,2.3852
Suite_13,Deferred_Uber,0,2737,4.7235,1.83691,0.816864,0.17216,2.8199,7.00337,142.788,15000,1102464,2.3518
Suite_13,Deferred_Uber,0,2738,4.7037,1.88175,2.5047,0.172032,3.11091,6.97096,143.452,15000,1097216,2.36192
Suite_13,Deferred_Uber,0,2739,4.69453,1.84357,0.806464,0.170944,1.41066,6.97127,143.446,15000,1092224,2.37315
Suite_13,Deferred_Uber,0,2740,4.68282,1.84602,2.78742,0.16976,3.39149,6.92724,144.358,15000,1088128,2.37205
Suite_13,Deferred_Uber,0,2741,4.67539,1.82736,0.81104,0.170272,1.41517,6.91563,144.6,15000,1083904,2.39615
Suite_13,Deferred_Uber,0,2742,4.66083,1.84169,1.33344,0.166656,3.31792,6.90884,144.742,15000,1078784,2.4184
Suite_13,Deferred_Uber,0,2743,4.65458,11.3755,0.80336,0.168032,1.28957,6.88305,145.284,15000,1075712,2.4532
Suite_13,Deferred_Uber,0,2744,4.65153,1.82791,1.68438,0.169632,2.17104,16.4123,60.9298,15000,1072896,2.38757
Suite_13,Deferred_Uber,0,2745,4.65216,1.82062,0.802976,0.168128,1.28406,6.86588,145.648,15000,1069824,2.40235
Suite_13,Deferred_Uber,0,2746,4.62709,1.81094,1.67699,0.166368,2.15661,6.85518,145.875,15000,1065088,2.41841
Suite_13,Deferred_Uber,0,2747,4.61878,1.77897,0.80656,0.167776,1.28819,6.82115,146.603,15000,1060864,2.42812
Suite_13,Deferred_Uber,0,2748,4.60785,1.83045,1.06304,0.166496,1.54387,6.78209,147.447,15000,1056384,2.45965
Suite_13,Deferred_Uber,0,2749,4.59033,1.78982,0.803712,0.165888,1.28794,6.83375,146.333,15000,1051776,2.41661
Suite_13,Deferred_Uber,0,2750,4.58577,1.79761,1.11222,0.164544,1.58867,6.76957,147.72,15000,1048704,2.45863
Suite_13,Deferred_Uber,0,2751,4.57773,1.76562,0.794976,0.166944,1.27923,6.76813,147.751,15000,1044864,2.49507
Suite_13,Deferred_Uber,0,2752,4.56257,1.74058,0.79872,0.1632,1.2799,6.73438,148.492,15000,1041024,2.54531
Suite_13,Deferred_Uber,0,2753,4.54518,1.75063,2.46374,0.16304,2.94176,6.67642,149.781,15000,1036288,2.59782
Suite_13,Deferred_Uber,0,2754,4.53257,1.74977,0.794208,0.162944,1.3824,6.67475,149.818,15000,1030400,2.65314
Suite_13,Deferred_Uber,0,2755,4.53988,1.81481,0.800768,0.159712,1.38096,6.64416,150.508,15000,1025408,2.70061
Suite_13,Deferred_Uber,0,2756,4.5041,1.73158,2.60659,0.157728,3.08019,6.74834,148.185,15000,1020416,2.77533
Suite_13,Deferred_Uber,0,2757,4.49374,1.70863,0.788992,0.156768,1.38035,6.60661,151.364,15000,1015040,2.82296
Suite_13,Deferred_Uber,0,2758,4.4796,1.69857,0.790272,0.1536,1.36605,6.579,151.999,15000,1010560,2.84873
Suite_13,Deferred_Uber,0,2759,4.47554,1.70902,1.6855,0.149504,2.14707,6.54952,152.683,15000,1006080,2.94944
Suite_13,Deferred_Uber,0,2760,4.45791,1.70749,0.796672,0.1488,1.87613,6.54352,152.823,15000,1000448,3.0825
Suite_13,Deferred_Uber,0,2761,4.44938,1.67883,0.78192,0.144096,1.85235,6.53362,153.054,15000,996224,3.25728
Suite_13,Deferred_Uber,0,2762,4.43535,1.69996,1.58806,0.138624,2.03366,6.47984,154.325,15000,989952,3.45321
Suite_13,Deferred_Uber,0,2763,4.44545,1.69851,0.78848,0.138624,1.81798,6.49584,153.945,15000,985984,3.71872
Suite_13,Deferred_Uber,0,2764,4.41831,1.68305,0.776032,0.147936,1.25987,6.51044,153.599,15000,980224,3.8587
Suite_13,Deferred_Uber,0,2765,4.40474,1.66664,1.55197,0.156384,2.01379,6.46511,154.677,15000,973824,4.01504
Suite_13,Deferred_Uber,0,2766,4.38464,1.66293,0.778304,0.157696,1.24202,6.4423,155.224,15000,970368,4.35734
Suite_13,Deferred_Uber,0,2767,4.37594,1.64457,0.766304,0.159328,1.23238,6.40244,156.19,15000,964992,4.72163
Suite_13,Deferred_Uber,0,2768,4.36005,1.65211,0.772928,0.157696,1.36602,6.36736,157.051,15000,960640,4.91139
Suite_13,Deferred_Uber,0,2769,4.34858,1.6671,0.7536,0.157632,1.34563,6.36381,157.138,15000,955392,4.92144
Suite_13,Deferred_Uber,0,2770,4.3391,1.64535,0.745888,0.157568,1.3353,6.36877,157.016,15000,950400,2.80702
Suite_13,Deferred_Uber,0,2771,4.3216,4.16953,4.02656,0.15648,4.51373,6.33484,157.857,15000,944896,2.89017
Suite_13,Deferred_Uber,0,2772,4.33399,1.634,0.736896,0.16032,1.21344,8.82668,113.293,15000,938624,2.92693
Suite_13,Deferred_Uber,0,2773,4.294,1.65216,0.726976,0.16416,1.21475,6.3697,156.993,15000,933504,2.99186
Suite_13,Deferred_Uber,0,2774,4.27871,1.61508,2.70746,0.167936,3.1951,6.29165,158.941,15000,928128,2.10442
Suite_13,Deferred_Uber,0,2775,4.27092,1.60298,0.722944,0.165952,1.19862,6.2339,160.413,15000,924032,2.13101
Suite_13,Deferred_Uber,0,2776,4.25605,1.59634,0.748544,0.167552,1.84717,6.21924,160.791,15000,918016,2.15231
Suite_13,Deferred_Uber,0,2777,4.24554,1.60793,2.03715,0.166016,2.51459,6.18615,161.651,15000,913792,2.1784
Suite_13,Deferred_Uber,0,2778,4.23775,1.61687,0.736576,0.162848,1.80019,6.19523,161.415,15000,908672,2.17676
Suite_13,Deferred_Uber,0,2779,4.22719,1.6242,0.718912,0.159744,1.19197,6.18993,161.553,15000,903936,2.21344
Suite_13,Deferred_Uber,0,2780,4.21233,1.60337,1.48426,0.160576,1.95834,6.17756,161.876,15000,898816,2.25188
Suite_13,Deferred_Uber,0,2781,4.1988,1.58741,0.717248,0.16032,1.19312,6.13757,162.931,15000,893696,2.23881
Suite_13,Deferred_Uber,0,2782,4.18339,1.59111,0.721056,0.16048,1.19312,6.11775,163.459,15000,889600,2.2708
Suite_13,Deferred_Uber,0,2783,4.17368,1.56801,1.28205,0.159328,1.74701,6.10766,163.729,15000,883968,2.29751
Suite_13,Deferred_Uber,0,2784,4.15297,1.57249,0.714624,0.157536,1.18374,6.07461,164.62,15000,877952,2.34763
Suite_13,Deferred_Uber,0,2785,4.14339,1.57886,0.741376,0.154272,1.20413,6.04874,165.324,15000,872576,2.35292
Suite_13,Deferred_Uber,0,2786,4.13223,1.57884,1.47357,0.1536,1.93626,6.03463,165.71,15000,866688,2.38167
Suite_13,Deferred_Uber,0,2787,4.12509,1.56397,0.705152,0.1536,1.16531,6.02283,166.035,15000,861184,2.44925
Suite_13,Deferred_Uber,0,2788,4.1042,1.54281,0.697472,0.156576,1.16566,6.02289,166.033,15000,854912,2.27643
Suite_13,Deferred_Uber,0,2789,4.08446,1.56389,0.704864,0.158208,1.17965,5.96797,167.561,15000,848128,2.35101
Suite_13,Deferred_Uber,0,2790,4.07493,1.5452,0.693248,0.157312,1.15853,5.95178,168.017,15000,842880,2.16087
Suite_13,Deferred_Uber,0,2791,4.06048,1.50895,0.678944,0.157344,1.14848,5.95049,168.053,15000,838400,2.19487
Suite_13,Deferred_Uber,0,2792,4.04457,1.51914,1.70755,0.154208,2.17558,5.88266,169.991,15000,831360,2.20681
Suite_13,Deferred_Uber,0,2793,4.03361,1.51314,0.670336,0.1536,1.14688,5.87151,170.314,15000,826496,2.27733
Suite_13,Deferred_Uber,0,2794,4.0239,1.50615,0.66816,0.155104,1.1305,5.85158,170.894,15000,821760,2.3049
Suite_13,Deferred_Uber,0,2795,4.0209,1.56796,1.4239,0.154336,1.89645,5.82585,171.649,15000,816640,2.35673
Suite_13,Deferred_Uber,0,2796,4.00024,1.59745,0.661504,0.157504,1.13091,5.88698,169.866,15000,811904,2.44613
Suite_13,Deferred_Uber,0,2797,3.99022,1.60013,0.666624,0.154592,1.13472,5.9061,169.316,15000,805632,2.27365
Suite_13,Deferred_Uber,0,2798,3.97596,1.52707,1.47456,0.15584,1.9385,5.90103,169.462,15000,800384,2.33048
Suite_13,Deferred_Uber,0,2799,3.96,1.48557,0.69632,0.155616,1.16765,5.80345,172.311,15000,795136,2.45138
Suite_13,Deferred_Uber,0,2800,3.95114,1.48258,0.67424,0.147392,1.13664,5.73986,174.22,15000,789888,2.29556
Suite_13,Deferred_Uber,0,2801,3.93623,1.50069,1.37366,0.158912,1.84246,5.72048,174.81,15000,783360,2.49053
Suite_13,Deferred_Uber,0,2802,3.91559,1.47262,0.632832,0.16384,1.11645,5.72705,174.61,15000,777216,2.84303
Suite_13,Deferred_Uber,0,2803,3.90016,1.45912,0.63376,0.16384,1.11411,5.69235,175.674,15000,771712,3.47309
Suite_13,Deferred_Uber,0,2804,3.93413,3.7226,4.50579,0.166112,4.98589,5.64621,177.11,15000,766848,1.87982
Suite_13,Deferred_Uber,0,2805,3.88834,1.44337,0.62464,0.163936,1.0961,7.946,125.849,15000,760704,1.89196
Suite_13,Deferred_Uber,0,2806,3.87908,1.44721,0.64192,0.16288,1.14291,5.60573,178.389,15000,755840,1.91144
Suite_13,Deferred_Uber,0,2807,3.8543,1.44962,1.33709,0.166336,1.81453,5.6134,178.145,15000,751232,1.93377
Suite_13,Deferred_Uber,0,2808,3.84748,1.44576,0.629504,0.167392,1.11405,5.57446,179.39,15000,745216,1.87169
Suite_13,Deferred_Uber,0,2809,3.8218,1.44675,0.627072,0.168768,1.11571,5.57296,179.438,15000,740352,1.88413
Suite_13,Deferred_Uber,0,2810,3.81741,1.43118,1.49299,0.17152,1.98464,5.54509,180.34,15000,737536,1.91509
Suite_13,Deferred_Uber,0,2811,3.81067,1.41745,0.660928,0.168096,1.16746,5.52467,181.006,15000,733184,1.94628
Suite_13,Deferred_Uber,0,2812,3.79766,1.4115,0.63488,0.167936,1.11469,5.49949,181.835,15000,728192,1.9803
Suite_13,Deferred_Uber,0,2813,3.78372,1.43815,1.05677,0.172032,1.54083,5.48304,182.38,15000,721792,2.00895
Suite_13,Deferred_Uber,0,2814,3.7671,1.42428,0.626784,0.167936,1.10592,5.495,181.984,15000,716800,2.03101
Suite_13,Deferred_Uber,0,2815,3.75046,1.39159,0.637824,0.170368,1.12672,5.45789,183.221,15000,710784,2.03336
Suite_13,Deferred_Uber,0,2816,3.74502,1.39575,1.316,0.186368,1.81939,5.40503,185.013,15000,705152,2.07346
Suite_13,Deferred_Uber,0,2817,3.73529,1.40326,0.620544,0.16624,1.09994,5.40616,184.974,15000,699904,2.11734
Suite_13,Deferred_Uber,0,2818,3.71219,1.3847,0.617056,0.167936,1.09978,5.40432,185.037,15000,695424,2.16727
Suite_13,Deferred_Uber,0,2819,3.69961,1.36929,1.36426,0.166592,1.84522,5.35137,186.868,15000,690432,2.19465
Suite_13,Deferred_Uber,0,2820,3.68917,1.37097,0.611552,0.166752,1.12067,5.33284,187.517,15000,686080,2.27365
Suite_13,Deferred_Uber,0,2821,3.68173,1.37553,0.596128,0.167936,1.08141,5.32065,187.947,15000,680960,2.33597
Suite_13,Deferred_Uber,0,2822,3.67023,1.37039,0.593824,0.171968,1.08307,5.30677,188.439,15000,676608,2.02807
Suite_13,Deferred_Uber,0,2823,3.6515,1.34217,0.914624,0.166688,1.3936,5.2959,188.825,15000,670336,2.06525
Suite_13,Deferred_Uber,0,2824,3.63487,1.35918,0.602432,0.167648,1.08749,5.24445,190.678,15000,664960,2.06226
Suite_13,Deferred_Uber,0,2825,3.62927,1.36217,0.58896,0.165824,1.07117,5.23645,190.969,15000,660096,2.10895
Suite_13,Deferred_Uber,0,2826,3.61673,1.34035,0.599456,0.165792,1.07539,5.23171,191.142,15000,655488,2.18228
Suite_13,Deferred_Uber,0,2827,3.60072,1.3326,0.94416,0.162912,1.41683,5.19381,192.537,15000,650112,2.27707
Suite_13,Deferred_Uber,0,2828,3.60056,1.32754,0.601728,0.160352,1.07725,5.17258,193.327,15000,645632,2.38548
Suite_13,Deferred_Uber,0,2829,3.57656,1.33606,0.585728,0.1608,1.06058,5.17946,193.07,15000,640512,2.52439
Suite_13,Deferred_Uber,0,2830,3.56347,1.32305,0.577536,0.159744,1.05344,5.14436,194.387,15000,635136,2.69597
Suite_13,Deferred_Uber,0,2831,3.54903,1.30255,1.29517,0.15952,1.76442,5.11578,195.473,15000,630400,2.9383
Suite_13,Deferred_Uber,0,2832,3.55681,1.32869,0.5768,0.162528,1.04378,5.07968,196.863,15000,624128,3.12407
Suite_13,Deferred_Uber,0,2833,3.5351,1.30774,0.53712,0.159744,1.01581,5.11786,195.394,15000,619264,2.67474
Suite_13,Deferred_Uber,0,2834,3.52152,1.29859,0.525504,0.159008,0.999072,5.07548,197.026,15000,614528,1.77244
Suite_13,Deferred_Uber,0,2835,3.50246,1.28201,1.38445,0.157472,1.85498,5.05413,197.858,15000,610944,1.79182
Suite_13,Deferred_Uber,0,2836,3.49288,1.29374,0.521856,0.154112,1.00291,5.01449,199.422,15000,605440,1.82015
Suite_13,Deferred_Uber,0,2837,3.48299,1.28204,0.518528,0.157536,0.99328,5.01694,199.325,15000,600960,1.78115
Suite_13,Deferred_Uber,0,2838,3.47012,1.27895,0.511488,0.156544,0.979424,4.98478,200.611,15000,597248,1.76278
Suite_13,Deferred_Uber,0,2839,3.45717,1.26198,1.78378,0.156608,2.25898,4.96828,201.277,15000,592000,1.70195
Suite_13,Deferred_Uber,0,2840,3.45363,1.25808,0.51632,0.158176,0.978944,4.93894,202.473,15000,588416,1.70791
Suite_13,Deferred_Uber,0,2841,3.44649,1.29147,0.503808,0.155392,0.975872,4.94168,202.36,15000,583296,1.72555
Suite_13,Deferred_Uber,0,2842,3.42633,1.24067,0.501824,0.1536,0.968704,4.96341,201.474,15000,578432,1.75595
Suite_13,Deferred_Uber,0,2843,3.41946,1.25295,1.1496,0.15136,1.61382,4.8811,204.872,15000,574208,1.79357
Suite_13,Deferred_Uber,0,2844,3.40686,1.24614,0.484832,0.152448,0.952288,4.88441,204.733,15000,569088,1.85106
Suite_13,Deferred_Uber,0,2845,3.38557,3.6946,0.48128,0.15056,0.932128,4.88412,204.745,15000,563712,1.56255
Suite_13,Deferred_Uber,0,2846,3.40085,1.26328,0.47104,0.149504,0.926208,7.29672,137.048,15000,558464,1.55806
Suite_13,Deferred_Uber,0,2847,3.39707,1.24298,1.19446,0.145472,1.66845,4.88061,204.892,15000,553984,1.52268
Suite_13,Deferred_Uber,0,2848,3.35289,1.23236,0.47104,0.147584,0.920608,4.87819,204.994,15000,549504,1.50264
Suite_13,Deferred_Uber,0,2849,3.33753,1.22778,0.466432,0.148192,0.920448,4.80015,208.327,15000,546432,1.50956
Suite_13,Deferred_Uber,0,2850,3.33818,1.2005,0.485376,0.147456,0.937632,4.7703,209.63,15000,541312,1.48338
Suite_13,Deferred_Uber,0,2851,3.32758,1.22457,1.11795,0.145952,1.56886,4.73587,211.155,15000,536064,1.48767
Suite_13,Deferred_Uber,0,2852,3.3262,1.25254,0.464896,0.147456,0.929792,4.76282,209.959,15000,532096,1.4944
Suite_13,Deferred_Uber,0,2853,3.30955,1.19026,0.466944,0.145408,0.946176,4.79056,208.744,15000,528640,1.47551
Suite_13,Deferred_Uber,0,2854,3.29717,1.20536,0.463232,0.145408,0.910304,4.70971,212.327,15000,524032,1.48438
Suite_13,Deferred_Uber,0,2855,3.28258,1.21917,0.475616,0.145408,0.927072,4.69474,213.004,15000,520448,1.50121
Suite_13,Deferred_Uber,0,2856,3.26763,1.17181,0.458464,0.143936,0.913408,4.69691,212.906,15000,516352,1.50012
Suite_13,Deferred_Uber,0,2857,3.26646,1.19324,0.468608,0.145664,0.918304,4.63867,215.579,15000,512896,1.50263
Suite_13,Deferred_Uber,0,2858,3.25885,1.20085,0.467072,0.145408,0.924608,4.65883,214.646,15000,509824,1.52032
Suite_13,Deferred_Uber,0,2859,3.24071,1.15197,0.452928,0.141856,0.905216,4.66187,214.506,15000,506624,1.52418
Suite_13,Deferred_Uber,0,2860,3.23393,1.18111,1.09526,0.143392,1.54624,4.57681,218.493,15000,502528,1.53274
Suite_13,Deferred_Uber,0,2861,3.2185,1.20056,0.462848,0.14336,0.912064,4.605,217.155,15000,497280,1.52349
Suite_13,Deferred_Uber,0,2862,3.25514,1.23878,0.4608,0.141312,0.909056,4.60894,216.97,15000,492544,1.54228
Suite_13,Deferred_Uber,0,2863,3.2101,1.17194,0.465536,0.14112,0.9216,4.6851,213.443,15000,488832,1.56483
Suite_13,Deferred_Uber,0,2864,3.19588,1.16977,0.46224,0.139712,0.901792,4.57117,218.762,15000,484096,1.57367
Suite_13,Deferred_Uber,0,2865,3.18008,1.14688,1.21379,0.137696,1.65469,4.5473,219.911,15000,480000,1.59141
Suite_13,Deferred_Uber,0,2866,3.16947,1.16107,0.46064,0.1392,0.907392,4.50879,221.789,15000,475520,1.5948
Suite_13,Deferred_Uber,0,2867,3.15208,1.14882,0.464896,0.138464,0.91808,4.50888,221.784,15000,470400,1.61337
Suite_13,Deferred_Uber,0,2868,3.13996,1.1242,0.476896,0.135712,0.923648,4.4751,223.459,15000,465792,1.58423
Suite_13,Deferred_Uber,0,2869,3.12763,1.13477,0.464928,0.13728,0.911008,4.44215,225.116,15000,461440,1.56558
Suite_13,Deferred_Uber,0,2870,3.11496,1.14045,2.28086,0.136,2.73203,4.44247,225.1,15000,456960,1.57383
Suite_13,Deferred_Uber,0,2871,3.1106,1.11695,0.483328,0.134528,0.920736,4.42751,225.861,15000,452480,1.6098
Suite_13,Deferred_Uber,0,2872,3.10375,1.12706,0.473408,0.136896,0.913408,4.3966,227.448,15000,448000,1.61472
Suite_13,Deferred_Uber,0,2873,3.07926,1.12167,0.459008,0.136032,0.907264,4.41062,226.726,15000,443776,1.64625
Suite_13,Deferred_Uber,0,2874,3.08947,1.14458,0.460384,0.1336,0.899744,4.37888,228.369,15000,439168,1.65204
Suite_13,Deferred_Uber,0,2875,3.07105,1.13214,0.668896,0.137152,1.10816,4.39698,227.429,15000,435584,1.68073
Suite_13,Deferred_Uber,0,2876,3.05424,1.09012,0.468704,0.133504,0.906304,4.37011,228.827,15000,430976,1.71367
Suite_13,Deferred_Uber,0,2877,3.03788,1.10041,0.457216,0.133376,0.897024,4.30685,232.188,15000,425600,1.75745
Suite_13,Deferred_Uber,0,2878,3.02215,1.0849,0.452352,0.133632,0.892928,4.30598,232.235,15000,421376,1.80875
Suite_13,Deferred_Uber,0,2879,3.01381,1.06781,0.462368,0.131968,0.90688,4.26656,234.381,15000,416640,1.88995
Suite_13,Deferred_Uber,0,2880,2.99708,1.09066,0.669216,0.134496,1.1097,4.23832,235.943,15000,412160,1.95741
Suite_13,Deferred_Uber,0,2881,2.97884,1.0555,0.439552,0.133696,0.882112,4.24553,235.542,15000,408192,2.06318
Suite_13,Deferred_Uber,0,2882,2.97262,1.07125,0.437536,0.133664,0.878592,4.19806,238.205,15000,403584,1.79029
Suite_13,Deferred_Uber,0,2883,2.9622,1.07368,0.43264,0.135168,0.882688,4.20339,237.903,15000,399872,1.89106
Suite_13,Deferred_Uber,0,2884,2.95466,1.04753,0.45056,0.141312,0.924832,4.19182,238.56,15000,396416,2.00364
Suite_13,Deferred_Uber,0,2885,2.94906,1.0676,0.424448,0.136736,0.872448,4.15959,240.409,15000,392064,2.13899
Suite_13,Deferred_Uber,0,2886,2.93317,1.05229,1.24566,0.137216,1.68707,4.17122,239.738,15000,387712,2.2955
Suite_13,Deferred_Uber,0,2887,2.9305,1.05896,0.406496,0.141312,0.862304,4.13245,241.987,15000,385024,2.45084
Suite_13,Deferred_Uber,0,2888,2.91269,1.05714,0.395264,0.14304,0.848032,4.13992,241.551,15000,381312,2.57691
Suite_13,Deferred_Uber,0,2889,2.91022,1.05882,0.415744,0.139264,0.866336,4.1253,242.406,15000,376576,1.6852
Suite_13,Deferred_Uber,0,2890,2.91139,1.05139,0.395648,0.143808,0.84992,4.11494,243.017,15000,373248,1.48564
Suite_13,Deferred_Uber,0,2891,2.88421,1.01645,0.396096,0.145408,0.847136,4.10446,243.637,15000,368768,1.44651
Suite_13,Deferred_Uber,0,2892,2.86858,1.04638,0.954688,0.147392,1.40902,4.04641,247.133,15000,364672,1.46415
Suite_13,Deferred_Uber,0,2893,2.85895,1.0256,0.401216,0.147584,0.850816,4.05638,246.526,15000,360704,1.43774
Suite_13,Deferred_Uber,0,2894,2.85139,1.01104,0.395264,0.147584,0.847872,4.03318,247.943,15000,356224,1.47355
Suite_13,Deferred_Uber,0,2895,2.83936,1.02664,0.40496,0.14816,0.868992,4.00194,249.879,15000,352384,1.51778
Suite_13,Deferred_Uber,0,2896,2.83137,0.995635,0.418432,0.149248,0.872,4.00639,249.601,15000,349312,1.56646
Suite_13,Deferred_Uber,0,2897,2.81411,1.0081,0.404832,0.151552,0.861824,3.96516,252.197,15000,344320,1.62425
Suite_13,Deferred_Uber,0,2898,2.82857,1.03725,1.2311,0.147456,1.6935,3.96077,252.476,15000,341120,1.72685
Suite_13,Deferred_Uber,0,2899,2.81464,0.999966,0.419488,0.14336,0.866304,3.99962,250.024,15000,337280,1.73443
Suite_13,Deferred_Uber,0,2900,2.79047,0.999063,0.418976,0.12976,0.859872,3.94951,253.196,15000,333184,1.89277
Suite_13,Deferred_Uber,0,2901,2.78811,1.00341,0.417152,0.11264,0.827744,3.92076,255.053,15000,328704,2.09292
Suite_13,Deferred_Uber,0,2902,2.77555,0.997206,0.363328,0.110592,0.780288,3.91837,255.208,15000,325120,2.44914
Suite_13,Deferred_Uber,0,2903,2.75408,0.954272,0.339968,0.136448,0.786816,3.89735,256.584,15000,321024,3.04315
Suite_13,Deferred_Uber,0,2904,2.73544,0.987595,0.323936,0.136992,0.772096,3.83728,260.601,15000,317568,4.21598
Suite_13,Deferred_Uber,0,2905,2.73028,0.961874,1.0944,0.13184,1.53926,3.85414,259.461,15000,314240,6.64168
Suite_13,Deferred_Uber,0,2906,2.72969,0.983561,0.314368,0.130944,0.753728,3.8129,262.268,15000,311552,10.9528
Suite_13,Deferred_Uber,0,2907,2.71773,0.952705,0.321536,0.131072,0.758368,3.83581,260.701,15000,307968,10.9454
Suite_13,Deferred_Uber,0,2908,2.70916,0.975894,0.313632,0.129024,0.745472,3.79443,263.544,15000,304128,10.8257
Suite_13,Deferred_Uber,0,2909,2.69045,0.958832,0.31744,0.129024,0.749664,3.80488,262.82,15000,300416,1.16542
Suite_13,Deferred_Uber,0,2910,2.69798,0.96369,0.311296,0.13296,0.74784,3.76772,265.413,15000,297856,1.19786
Suite_13,Deferred_Uber,0,2911,2.68772,0.97867,0.310976,0.131072,0.742464,3.77954,264.582,15000,294272,1.19302
Suite_13,Deferred_Uber,0,2912,2.68895,3.25349,3.2809,0.134208,3.7193,3.78489,264.209,15000,292352,1.22338
Suite_13,Deferred_Uber,0,2913,2.68232,0.981819,0.3072,0.132384,0.740224,6.06909,164.769,15000,289792,1.16505
Suite_13,Deferred_Uber,0,2914,2.67072,0.953759,0.307872,0.130496,0.741312,3.79188,263.721,15000,287360,1.19156
Suite_13,Deferred_Uber,0,2915,2.65887,0.952611,0.315008,0.129504,0.752,3.80725,262.657,15000,284544,1.20907
Suite_13,Deferred_Uber,0,2916,2.65326,0.95944,0.313344,0.132192,0.755968,3.72275,268.618,15000,281600,1.23277
Suite_13,Deferred_Uber,0,2917,2.63487,0.929242,0.30976,0.131072,0.763904,3.72523,268.44,15000,279040,1.25289
Suite_13,Deferred_Uber,0,2918,2.62636,0.959362,0.32128,0.13312,0.760736,3.67903,271.811,15000,275712,1.13397
Suite_13,Deferred_Uber,0,2919,2.62347,0.912175,0.332096,0.131008,0.78848,3.69519,270.622,15000,272896,1.14562
Suite_13,Deferred_Uber,0,2920,2.60127,0.951562,0.329984,0.131104,0.770048,3.64136,274.623,15000,269952,1.17264
Suite_13,Deferred_Uber,0,2921,2.59808,0.916,0.332736,0.131552,0.775456,3.66491,272.858,15000,267008,1.16689
Suite_13,Deferred_Uber,0,2922,2.59745,0.928816,0.314272,0.1288,0.743392,3.62519,275.847,15000,264832,1.20219
Suite_13,Deferred_Uber,0,2923,2.58003,0.903679,0.346112,0.131072,0.784096,3.63244,275.297,15000,262656,1.24324
Suite_13,Deferred_Uber,0,2924,2.59997,0.955436,0.310752,0.125024,0.733184,3.59179,278.412,15000,260224,1.14312
Suite_13,Deferred_Uber,0,2925,2.58075,0.756501,0.349632,0.123392,0.770112,3.66498,272.853,15000,257792,1.15671
Suite_13,Deferred_Uber,0,2926,2.56418,0.771933,0.308544,0.12176,0.739552,3.44361,290.393,15000,254336,1.16661
Suite_13,Deferred_Uber,0,2927,2.55084,0.744834,0.336896,0.12304,0.765312,3.44403,290.357,15000,251648,1.18562
Suite_13,Deferred_Uber,0,2928,2.53871,0.766823,0.310912,0.121152,0.738176,3.4015,293.988,15000,248704,1.18881
Suite_13,Deferred_Uber,0,2929,2.53865,0.763769,1.15318,0.120832,1.57638,3.40763,293.459,15000,246656,1.21903
Suite_13,Deferred_Uber,0,2930,2.53813,0.782809,0.320352,0.120832,0.751616,3.40063,294.063,15000,244352,1.24704
Suite_13,Deferred_Uber,0,2931,2.51932,0.753024,0.344224,0.120832,0.769152,3.41836,292.538,15000,241792,1.27065
Suite_13,Deferred_Uber,0,2932,2.51551,0.761704,0.329216,0.119296,0.75808,3.3685,296.868,15000,239488,1.24042
Suite_13,Deferred_Uber,0,2933,2.50206,0.740832,0.346688,0.118784,0.765248,3.38565,295.365,15000,235776,1.18608
Suite_13,Deferred_Uber,0,2934,2.49226,0.764365,0.321728,0.117408,0.744992,3.34065,299.343,15000,233856,1.2324
Suite_13,Deferred_Uber,0,2935,2.48778,0.731152,0.324576,0.114976,0.749568,3.35153,298.371,15000,231168,1.27187
Suite_13,Deferred_Uber,0,2936,2.47232,0.75469,0.294464,0.116768,0.705216,3.316,301.568,15000,228480,1.32098
Suite_13,Deferred_Uber,0,2937,2.47299,0.737998,0.270656,0.1128,0.705216,3.32034,301.174,15000,226176,1.37823
Suite_13,Deferred_Uber,0,2938,2.51871,0.816348,1.92694,0.112224,2.3377,3.30206,302.841,15000,223360,1.47063
Suite_13,Deferred_Uber,0,2939,2.48162,0.749887,0.268288,0.108544,0.678496,3.43171,291.4,15000,220672,1.57479
Suite_13,Deferred_Uber,0,2940,2.44973,0.760189,0.284,0.108544,0.699968,3.31979,301.224,15000,217728,1.68112
Suite_13,Deferred_Uber,0,2941,2.44179,0.727885,0.294464,0.109376,0.70208,3.30152,302.891,15000,214656,1.8512
Suite_13,Deferred_Uber,0,2942,2.41805,0.752639,0.294912,0.108544,0.698464,3.25989,306.759,15000,212864,1.69114
Suite_13,Deferred_Uber,0,2943,2.42474,0.756158,0.28736,0.11264,0.708608,3.26254,306.51,15000,210560,1.78675
Suite_13,Deferred_Uber,0,2944,2.413,0.736536,0.27856,0.114112,0.688128,3.27034,305.779,15000,205824,1.02268
Suite_13,Deferred_Uber,0,2945,2.41215,0.740058,0.270336,0.114688,0.688224,3.23978,308.663,15000,201984,1.02886
Suite_13,Deferred_Uber,0,2946,2.39029,0.7267,0.27152,0.114176,0.686528,3.24419,308.243,15000,199424,0.955922
Suite_13,Deferred_Uber,0,2947,2.38084,0.728568,0.272384,0.11472,0.690112,3.19853,312.643,15000,196608,0.946835
Suite_13,Deferred_Uber,0,2948,2.36639,0.728808,0.917504,0.11344,1.33402,3.19339,313.147,15000,194048,0.94627
Suite_13,Deferred_Uber,0,2949,2.35755,0.728632,0.264352,0.114688,0.683008,3.18039,314.427,15000,191872,0.916357
Suite_13,Deferred_Uber,0,2950,2.35179,0.704346,0.268768,0.112416,0.708608,3.16689,315.767,15000,188672,0.915793
Suite_13,Deferred_Uber,0,2951,2.34846,0.731895,0.249408,0.111264,0.658304,3.13417,319.063,15000,186368,0.936232
Suite_13,Deferred_Uber,0,2952,2.34063,0.719679,0.241728,0.110592,0.653312,3.16545,315.911,15000,183808,0.919819
Suite_13,Deferred_Uber,0,2953,2.32601,0.732774,0.237312,0.108544,0.649856,3.13904,318.569,15000,181376,0.883393
Suite_13,Deferred_Uber,0,2954,2.32541,0.73806,0.233088,0.108544,0.646528,3.13679,318.798,15000,177792,0.876834
Suite_13,Deferred_Uber,0,2955,2.32821,0.720824,0.228128,0.107712,0.636928,3.13945,318.528,15000,175872,0.891648
Suite_13,Deferred_Uber,0,2956,2.32425,0.731658,0.22704,0.108544,0.633216,3.12338,320.166,15000,173952,0.912312
Suite_13,Deferred_Uber,0,2957,2.29446,0.7015,0.217088,0.106496,0.6272,3.13245,319.239,15000,171136,0.90699
Suite_13,Deferred_Uber,0,2958,2.29801,0.719942,0.219136,0.106816,0.622752,3.06885,325.855,15000,169216,0.928296
Suite_13,Deferred_Uber,0,2959,2.2842,0.690599,0.222176,0.11264,0.636832,3.09251,323.362,15000,166272,0.929468
Suite_13,Deferred_Uber,0,2960,2.27235,0.720004,0.22224,0.107808,0.620928,3.04472,328.438,15000,162944,0.812688
Suite_13,Deferred_Uber,0,2961,2.26394,0.686626,0.201536,0.106496,0.601632,3.06637,326.119,15000,160384,0.832195
Suite_13,Deferred_Uber,0,2962,2.25077,0.704958,0.201216,0.106976,0.600064,3.03165,329.853,15000,158720,0.846505
Suite_13,Deferred_Uber,0,2963,2.25855,0.695452,0.201024,0.108544,0.613664,3.03036,329.994,15000,156544,0.875455
Suite_13,Deferred_Uber,0,2964,2.22429,0.695072,0.195968,0.109312,0.6048,3.02327,330.768,15000,153600,0.902693
Suite_13,Deferred_Uber,0,2965,2.23692,0.71403,0.188416,0.110336,0.60032,2.98898,334.562,15000,151680,0.910851
Suite_13,Deferred_Uber,0,2966,2.22127,0.690958,0.2048,0.11392,0.617152,3.02041,331.08,15000,149248,0.927694
Suite_13,Deferred_Uber,0,2967,2.22352,0.703932,0.185504,0.107264,0.588288,2.97731,335.874,15000,147200,0.795025
Suite_13,Deferred_Uber,0,2968,2.212,0.690105,0.181408,0.106944,0.610048,2.99625,333.75,15000,144896,0.833348
Suite_13,Deferred_Uber,0,2969,2.21435,0.722556,0.180992,0.107616,0.589824,2.97451,336.19,15000,143104,0.820628
Suite_13,Deferred_Uber,0,2970,2.20213,0.688423,0.190464,0.106496,0.60032,3.0097,332.259,15000,141184,0.890351
Suite_13,Deferred_Uber,0,2971,2.18199,0.681709,0.200736,0.108576,0.611232,2.95775,338.095,15000,139648,1.08846
Suite_13,Deferred_Uber,0,2972,2.19945,0.700012,0.161792,0.10208,0.55136,2.92741,341.599,15000,137344,1.56266
Suite_13,Deferred_Uber,0,2973,2.17984,0.678704,0.15728,0.1024,0.565056,2.97343,336.312,15000,134784,2.44489
Suite_13,Deferred_Uber,0,2974,2.16765,0.70052,0.153312,0.098944,0.55072,2.91823,342.674,15000,131968,0.572663
Suite_13,Deferred_Uber,0,2975,2.16564,0.693127,0.668096,0.098528,1.05814,2.93151,341.121,15000,130176,0.577406
Suite_13,Deferred_Uber,0,2976,2.1522,0.699302,0.158272,0.098688,0.550848,2.91785,342.718,15000,127232,0.581894
Suite_13,Deferred_Uber,0,2977,2.14807,0.675049,0.155232,0.098368,0.544704,2.91243,343.355,15000,125568,0.550701
Suite_13,Deferred_Uber,0,2978,2.13051,0.675828,0.1536,0.097856,0.543488,2.88191,346.992,15000,123904,0.553707
Suite_13,Deferred_Uber,0,2979,2.13007,0.702737,0.15632,0.096256,0.554208,2.8621,349.393,15000,121856,0.552532
Suite_13,Deferred_Uber,0,2980,2.12432,0.6718,0.150496,0.095776,0.567488,2.88922,346.114,15000,120448,0.560195
Suite_13,Deferred_Uber,0,2981,2.10962,0.681833,0.147456,0.094208,0.535328,2.85367,350.426,15000,117376,0.536329
Suite_13,Deferred_Uber,0,2982,2.11148,0.665286,0.150592,0.096064,0.539136,2.8466,351.297,15000,115200,0.516867
Suite_13,Deferred_Uber,0,2983,2.08807,0.66302,0.141312,0.094208,0.524896,2.83087,353.249,15000,113024,0.515709
Suite_13,Deferred_Uber,0,2984,2.09753,0.678949,0.146208,0.094176,0.538432,2.80503,356.503,15000,111616,0.510225
Suite_13,Deferred_Uber,0,2985,2.081,0.664699,0.167712,0.09232,0.546816,2.83134,353.19,15000,108288,0.488984
Suite_13,Deferred_Uber,0,2986,2.07521,0.680121,0.141824,0.092384,0.526336,2.79845,357.34,15000,107392,0.493594
Suite_13,Deferred_Uber,0,2987,2.07511,0.666165,0.14192,0.094208,0.529824,2.80581,356.404,15000,105088,0.490715
Suite_13,Deferred_Uber,0,2988,2.06657,0.709385,0.137216,0.091776,0.5184,2.79262,358.087,15000,103040,0.468902
Suite_13,Deferred_Uber,0,2989,2.07482,0.688526,0.135168,0.091808,0.517824,2.83083,353.253,15000,100992,0.454598
Suite_13,Deferred_Uber,0,2990,2.06401,0.672566,0.154368,0.089984,0.543168,2.82451,354.044,15000,99456,0.453898
Suite_13,Deferred_Uber,0,2991,2.0499,0.676351,0.133664,0.090112,0.517376,2.78525,359.035,15000,98432,0.455996
Suite_13,Deferred_Uber,0,2992,2.04639,0.658222,0.135168,0.090112,0.518144,2.78872,358.587,15000,97024,0.456933
Suite_13,Deferred_Uber,0,2993,2.0296,0.671866,0.129024,0.08976,0.504096,2.75258,363.296,15000,96384,0.465389
Suite_13,Deferred_Uber,0,2994,2.036,0.682326,0.707328,0.088352,1.08749,2.75159,363.427,15000,94720,0.46722
Suite_13,Deferred_Uber,0,2995,2.02225,0.649526,0.12464,0.087584,0.527904,2.76525,361.63,15000,92672,0.471363
Suite_13,Deferred_Uber,0,2996,2.01241,0.671489,0.118752,0.087008,0.495616,2.723,367.243,15000,91904,0.480868
Suite_13,Deferred_Uber,0,2997,2.01351,0.654031,0.12144,0.086592,0.505888,2.73204,366.027,15000,89600,0.474335
Suite_13,Deferred_Uber,0,2998,2.00075,0.651798,0.111392,0.0864,0.48128,2.71364,368.508,15000,87552,0.466166
Suite_13,Deferred_Uber,0,2999,1.99836,0.658017,0.11216,0.086048,0.487392,2.69754,370.709,15000,86272,0.473731
Suite_13,Deferred_Uber,0,3000,1.99289,0.650811,0.107584,0.084832,0.482176,2.70028,370.331,15000,85504,0.45888
Suite_13,Deferred_Volume,0,1,1.98366,0.690953,0.107072,0.112256,0.499808,3.77704,264.758,15000,83840,0.457804
Suite_13,Deferred_Volume,0,2,1.97796,0.681358,0.116192,0.112288,0.521856,2.71639,368.136,15000,82176,0.46404
Suite_13,Deferred_Volume,0,3,1.96816,0.676778,0.10256,0.112544,0.511488,2.70462,369.738,15000,80768,0.467477
Suite_13,Deferred_Volume,0,4,1.96952,0.68187,0.1024,0.111872,0.505216,2.68676,372.195,15000,78592,0.466676
Suite_13,Deferred_Volume,0,5,1.95415,0.684952,0.113664,0.11216,0.516864,2.69849,370.577,15000,76672,0.461801
Suite_13,Deferred_Volume,0,6,1.96859,0.71855,0.096256,0.110368,0.497824,2.68311,372.702,15000,75648,0.466005
Suite_13,Deferred_Volume,0,7,1.95443,0.671531,0.09296,0.108608,0.509952,2.73088,366.182,15000,73600,0.462275
Suite_13,Deferred_Volume,0,8,1.93564,0.676987,0.094208,0.10768,0.4872,2.67155,374.315,15000,72320,0.431773
Suite_13,Deferred_Volume,0,9,1.94219,0.69245,0.09008,0.106848,0.485536,2.65547,376.581,15000,70400,0.422195
Suite_13,Deferred_Volume,0,10,1.92589,0.66323,0.090112,0.106368,0.512192,2.6765,373.623,15000,69248,0.42479
Suite_13,Deferred_Volume,0,11,1.91204,0.673928,0.090112,0.104928,0.481696,2.62779,380.547,15000,67840,0.422813
Suite_13,Deferred_Volume,0,12,1.91723,0.679156,0.087872,0.105888,0.481408,2.62683,380.687,15000,66304,0.423978
Suite_13,Deferred_Volume,0,13,1.90528,0.663567,0.088352,0.106048,0.476608,2.63641,379.303,15000,65152,0.426365
Suite_13,Deferred_Volume,0,14,1.89788,0.682591,0.082496,0.105664,0.475136,2.60634,383.68,15000,63232,0.399809
Suite_13,Deferred_Volume,0,15,1.89836,0.682514,0.081216,0.126816,0.5048,2.61806,381.963,15000,61312,0.354735
Suite_13,Deferred_Volume,0,16,1.88774,0.665069,0.07968,0.104832,0.466752,2.61741,382.058,15000,60160,0.356375
Suite_13,Deferred_Volume,0,17,1.89067,0.681963,0.076256,0.105536,0.47104,2.58969,386.147,15000,59136,0.359788
Suite_13,Deferred_Volume,0,18,1.92749,0.738685,0.071936,0.104448,0.489472,2.60979,383.173,15000,57728,0.291751
Suite_13,Deferred_Volume,0,19,1.88829,0.693867,0.070496,0.104224,0.464928,2.71584,368.21,15000,56960,0.29456
Suite_13,Deferred_Volume,0,20,1.88252,0.692452,0.594368,0.104064,0.978944,2.61969,381.725,15000,55680,0.293391
Suite_13,Deferred_Volume,0,21,1.86624,0.660004,0.073312,0.103104,0.46432,2.61239,382.791,15000,54784,0.295678
Suite_13,Deferred_Volume,0,22,1.85398,0.675582,0.066048,0.103168,0.464896,2.56109,390.459,15000,53376,0.292068
Suite_13,Deferred_Volume,0,23,1.84937,0.656933,0.064576,0.126976,0.487744,2.5632,390.137,15000,52224,0.28169
Suite_13,Deferred_Volume,0,24,1.8367,0.653548,0.06112,0.104448,0.454624,2.53892,393.867,15000,50816,0.278661
Suite_13,Deferred_Volume,0,25,1.83825,0.667368,0.06144,0.1024,0.449344,2.52515,396.015,15000,49408,0.272596
Suite_13,Deferred_Volume,0,26,1.82654,0.656943,0.059392,0.102464,0.450624,2.53956,393.768,15000,48256,0.267762
Suite_13,Deferred_Volume,0,27,1.82129,0.65797,0.056,0.103968,0.45056,2.51441,397.708,15000,47232,0.261634
Suite_13,Deferred_Volume,0,28,1.8141,0.659791,0.051936,0.1024,0.442368,2.51496,397.62,15000,45440,0.256026
Suite_13,Deferred_Volume,0,29,1.80588,0.650625,0.06976,0.101024,0.464896,2.50665,398.939,15000,43520,0.236341
Suite_13,Deferred_Volume,0,30,1.79469,0.665261,0.047968,0.102208,0.440384,2.49109,401.43,15000,42240,0.228678
Suite_13,Deferred_Volume,0,31,1.79759,0.651747,0.048192,0.101376,0.426112,2.4905,401.525,15000,41216,0.206883
Suite_13,Deferred_Volume,0,32,1.78666,0.64845,0.049152,0.101344,0.444416,2.47761,403.615,15000,39936,0.185073
Suite_13,Deferred_Volume,0,33,1.782,0.660467,0.043232,0.100832,0.435392,2.46425,405.803,15000,38784,0.181627
Suite_13,Deferred_Volume,0,34,1.78214,0.682379,0.044288,0.100288,0.426752,2.47267,404.421,15000,37632,0.176985
Suite_13,Deferred_Volume,0,35,1.77103,0.643941,0.042656,0.100576,0.437728,2.49222,401.249,15000,36864,0.173382
Suite_13,Deferred_Volume,0,36,1.77135,0.662914,0.04096,0.099904,0.430432,2.44095,409.677,15000,36480,0.174599
Suite_13,Deferred_Volume,0,37,1.77175,0.644509,0.040192,0.101824,0.4488,2.46519,405.648,15000,35968,0.174037
Suite_13,Deferred_Volume,0,38,1.76607,0.64832,0.038912,0.099936,0.42432,2.44461,409.064,15000,34816,0.172432
Suite_13,Deferred_Volume,0,39,1.75856,0.661632,0.036864,0.098304,0.425728,2.44063,409.731,15000,33280,0.153329
Suite_13,Deferred_Volume,0,40,1.75341,0.644356,0.035264,0.099232,0.416224,2.4473,408.614,15000,31744,0.137796
Suite_13,Deferred_Volume,0,41,1.73778,0.64409,0.035008,0.098304,0.421888,2.42425,412.499,15000,30848,0.135188
Suite_13,Deferred_Volume,0,42,1.74344,0.670314,0.032768,0.098304,0.41984,2.40694,415.465,15000,30720,0.136582
Suite_13,Deferred_Volume,0,43,1.73637,0.670915,0.033472,0.098944,0.411648,2.43931,409.952,15000,29696,0.128616
Suite_13,Deferred_Volume,0,44,1.73117,0.639961,0.032768,0.096512,0.41984,2.43178,411.221,15000,29312,0.127375
Suite_13,Deferred_Volume,0,45,1.74141,0.691632,0.030848,0.098304,0.417568,2.39637,417.298,15000,28160,0.122915
Suite_13,Deferred_Volume,0,46,1.72848,0.64927,0.028704,0.117248,0.433376,2.46142,406.269,15000,27520,0.11688
Suite_13,Deferred_Volume,0,47,1.71388,0.654755,0.028576,0.096032,0.406688,2.4078,415.318,15000,26112,0.113031
Suite_13,Deferred_Volume,0,48,1.71246,0.656183,0.026912,0.096992,0.414848,2.39868,416.896,15000,25088,0.10821
Suite_13,Deferred_Volume,0,49,1.70776,0.639837,0.028672,0.096256,0.415744,2.39417,417.681,15000,24320,0.106385
Suite_13,Deferred_Volume,0,50,1.70149,0.646714,0.026144,0.09472,0.405984,2.3705,421.852,15000,23168,0.100577
Suite_13,Deferred_Volume,0,51,1.69619,0.667142,0.023616,0.093088,0.409248,2.37131,421.708,15000,22528,0.0996472
Suite_13,Deferred_Volume,0,52,1.68816,0.655918,0.024288,0.094208,0.402432,2.38515,419.261,15000,21120,0.0954797
Suite_13,Deferred_Volume,0,53,1.68645,0.662153,0.02048,0.094208,0.397856,2.36758,422.372,15000,20224,0.0902484
Suite_13,Deferred_Volume,0,54,1.68232,0.645482,0.021152,0.093856,0.39904,2.37209,421.568,15000,19584,0.0889353
Suite_13,Deferred_Volume,0,55,1.6793,0.636459,0.020896,0.094208,0.4016,2.34833,425.834,15000,18944,0.0872281
Suite_13,Deferred_Volume,0,56,1.67559,0.651749,0.016928,0.094208,0.401216,2.33584,428.112,15000,18688,0.0861019
Suite_13,Deferred_Volume,0,57,1.66514,0.638496,0.01648,0.09344,0.38592,2.3503,425.478,15000,17920,0.0838269
Suite_13,Deferred_Volume,0,58,1.65879,0.638157,0.019936,0.093056,0.396096,2.32527,430.058,15000,17024,0.080332
Suite_13,Deferred_Volume,0,59,1.65407,0.652298,0.01472,0.092416,0.395264,2.31661,431.665,15000,15872,0.0769785
Suite_13,Deferred_Volume,0,60,1.64719,0.636082,0.014688,0.091808,0.391168,2.32652,429.826,15000,15232,0.0740431
Suite_13,Deferred_Volume,0,61,1.64397,0.633226,0.014336,0.093248,0.391168,2.30413,434.004,15000,14592,0.0660031
Suite_13,Deferred_Volume,0,62,1.64045,0.663743,0.013216,0.090208,0.386048,2.2973,435.294,15000,14080,0.0646791
Suite_13,Deferred_Volume,0,63,1.63765,0.657922,0.012512,0.091232,0.391008,2.32451,430.197,15000,13824,0.0647142
Suite_13,Deferred_Volume,0,64,1.63246,0.629439,0.011744,0.090816,0.386976,2.32601,429.921,15000,12800,0.0590765
Suite_13,Deferred_Volume,0,65,1.63128,0.654786,0.010784,0.092096,0.382848,2.28187,438.236,15000,11904,0.0554999
Suite_13,Deferred_Volume,0,66,1.62019,0.635451,0.01024,0.091136,0.387296,2.30655,433.549,15000,11392,0.0517921
Suite_13,Deferred_Volume,0,67,1.61866,0.63061,0.01024,0.091392,0.385024,2.27397,439.759,15000,11008,0.0515919
Suite_13,Deferred_Volume,0,68,1.61718,0.643973,0.0096,0.090112,0.380256,2.26672,441.167,15000,10752,0.0499708
Suite_13,Deferred_Volume,0,69,1.61369,0.643572,0.009888,0.088896,0.377504,2.28259,438.099,15000,10112,0.0475569
Suite_13,Deferred_Volume,0,70,1.59929,0.648016,0.008416,0.091104,0.384128,2.27598,439.371,15000,9088,0.0410992
Suite_13,Deferred_Volume,0,71,1.59894,0.649214,0.009216,0.089344,0.375296,2.26457,441.586,15000,8704,0.0405183
Suite_13,Deferred_Volume,0,72,1.60054,0.648483,0.008352,0.08816,0.37888,2.26595,441.316,15000,8064,0.0357085
Suite_13,Deferred_Volume,0,73,1.59002,0.633126,0.008192,0.09072,0.389984,2.27337,439.875,15000,7552,0.0333665
Suite_13,Deferred_Volume,0,74,1.58557,0.640159,0.006432,0.088064,0.383136,2.24056,446.318,15000,6784,0.0299956
Suite_13,Deferred_Volume,0,75,1.58253,0.638393,0.006144,0.088064,0.381024,2.24578,445.28,15000,6400,0.0288258
Suite_13,Deferred_Volume,0,76,1.57745,0.633179,0.0072,0.087936,0.394528,2.23752,446.924,15000,6016,0.0282014
Suite_13,Deferred_Volume,0,77,1.5742,0.634022,0.006464,0.086464,0.378048,2.2282,448.793,15000,5632,0.0270388
Suite_13,Deferred_Volume,0,78,1.56773,0.639027,0.005888,0.089088,0.37648,2.22578,449.282,15000,5504,0.0267187
Suite_13,Deferred_Volume,0,79,1.56522,0.639663,0.005248,0.087808,0.376832,2.22261,449.922,15000,5248,0.0262446
Suite_13,Deferred_Volume,0,80,1.56394,0.632926,0.004352,0.086816,0.374912,2.22026,450.397,15000,4864,0.0238255
Suite_13,Deferred_Volume,0,81,1.56532,0.651805,0.004416,0.08672,0.36784,2.21454,451.562,15000,4352,0.0214263
Suite_13,Deferred_Volume,0,82,1.55339,0.633151,0.00304,0.087296,0.369088,2.2347,447.487,15000,4096,0.0213038
Suite_13,Deferred_Volume,0,83,1.55146,0.642354,0.004096,0.086048,0.3648,2.20162,454.21,15000,3968,0.0210322
Suite_13,Deferred_Volume,0,84,1.56016,0.658433,0.004096,0.086528,0.368704,2.20901,452.691,15000,3712,0.0201739
Suite_13,Deferred_Volume,0,85,1.55212,0.636152,0.002752,0.086016,0.372736,2.23827,446.773,15000,3584,0.0194055
Suite_13,Deferred_Volume,0,86,1.54518,0.630468,0.002496,0.085696,0.368288,2.20616,453.277,15000,3200,0.0169771
Suite_13,Deferred_Volume,0,87,1.54432,0.658162,0.002656,0.08448,0.372768,2.19055,456.507,15000,2688,0.0150964
Suite_13,Deferred_Volume,0,88,1.53544,0.624899,0.002048,0.083968,0.38912,2.21866,450.724,15000,2688,0.0152665
Suite_13,Deferred_Volume,0,89,1.53781,0.648836,0.0024,0.084096,0.374656,2.17671,459.409,15000,2688,0.0154391
Suite_13,Deferred_Volume,0,90,1.53696,0.638118,0.002688,0.084096,0.372736,2.20406,453.708,15000,2560,0.0136569
Suite_13,Deferred_Volume,0,91,1.52906,0.653176,0.002048,0.083904,0.366848,2.19095,456.424,15000,2304,0.0125134
Suite_13,Deferred_Volume,0,92,1.52554,0.64284,0.0024,0.083552,0.369952,2.19738,455.087,15000,2176,0.0121731
Suite_13,Deferred_Volume,0,93,1.52002,0.650606,0.002304,0.083968,0.36592,2.18469,457.731,15000,1792,0.010323
Suite_13,Deferred_Volume,0,94,1.51846,0.624883,0.002112,0.083968,0.364544,2.18714,457.218,15000,1408,0.00830747
Suite_13,Deferred_Volume,0,95,1.5107,0.620596,0.00192,0.105664,0.38912,2.15763,463.472,15000,1280,0.00735487
Suite_13,Deferred_Volume,0,96,1.51159,0.629782,0.001792,0.083904,0.370272,2.14503,466.195,15000,1280,0.00743633
Suite_13,Deferred_Volume,0,97,1.51317,0.645763,0.002048,0.082848,0.35872,2.15824,463.341,15000,1280,0.00751893
Suite_13,Deferred_Volume,0,98,1.50984,0.624952,0.001536,0.083968,0.366592,2.17493,459.784,15000,1280,0.0076027
Suite_13,Deferred_Volume,0,99,1.50163,0.627732,0.000576,0.083168,0.366592,2.14849,465.443,15000,1152,0.00719059
Suite_13,Deferred_Volume,0,100,1.50193,0.648721,0.00128,0.083392,0.359424,2.14388,466.445,15000,1024,0.00633116
Suite_13,Deferred_Volume,0,101,1.49927,0.623427,0.000384,0.083488,0.368416,2.16821,461.211,15000,896,0.00562609
Suite_13,Deferred_Volume,0,102,1.49556,0.619365,0.002048,0.084064,0.372864,2.13788,467.754,15000,896,0.00569026
Suite_13,Deferred_Volume,0,103,1.50275,0.639812,0.00096,0.083904,0.3584,2.12847,469.822,15000,640,0.00396309
Suite_13,Deferred_Volume,0,104,1.48952,0.626814,0.00064,0.082784,0.354304,2.16877,461.09,15000,384,0.00263315
Suite_13,Deferred_Volume,0,105,1.48183,0.641556,0.001568,0.08224,0.371712,2.13204,469.035,15000,256,0.00152025
Suite_13,Deferred_Volume,0,106,1.48617,0.64266,0.000448,0.081984,0.366016,2.138,467.726,15000,256,0.00153818
Suite_13,Deferred_Volume,0,107,1.4818,0.62879,0.00128,0.08192,0.358528,2.14434,466.343,15000,128,0.00103802
Suite_13,Deferred_Volume,0,108,1.47809,0.61775,0.000384,0.08192,0.364544,2.1243,470.744,15000,128,0.0010508
Suite_13,Deferred_Volume,0,109,1.47164,0.621026,0.000128,0.082432,0.368352,2.11071,473.773,15000,0,0
Suite_13,Deferred_Volume,0,110,1.47201,0.688959,0,0.083552,0.368768,2.10775,474.44,15000,0,0
Suite_13,Deferred_Volume,0,111,1.46418,0.608002,0.000768,0.0816,0.367872,2.17461,459.852,15000,0,0
Suite_13,Deferred_Volume,0,112,1.46448,0.607209,0.001088,0.080992,0.36256,2.08528,479.552,15000,0,0
Suite_13,Deferred_Volume,0,113,1.46014,0.613802,0.001536,0.08144,0.36608,2.08636,479.304,15000,0,0
Suite_13,Deferred_Volume,0,114,1.45783,0.612672,0,0.107264,0.3864,2.09001,478.466,15000,0,0
Suite_13,Deferred_Volume,0,115,1.45629,0.605138,0,0.08128,0.368864,2.08349,479.964,15000,0,0
Suite_13,Deferred_Volume,0,116,1.44983,0.614064,0.000544,0.081632,0.360352,2.07459,482.023,15000,0,0
Suite_13,Deferred_Volume,0,117,1.44911,0.612429,0.000576,0.080576,0.3584,2.08064,480.623,15000,0,0
Suite_13,Deferred_Volume,0,118,1.44389,0.608796,0.001344,0.081696,0.366432,2.07556,481.798,15000,0,0
Suite_13,Deferred_Volume,0,119,1.45038,0.609219,0.000512,0.080896,0.366592,2.06574,484.087,15000,0,0
Suite_13,Deferred_Volume,0,120,1.44971,0.612798,0,0.081216,0.354304,2.0743,482.09,15000,0,0
Suite_13,Deferred_Volume,0,121,1.44033,0.601186,0.000448,0.0808,0.36864,2.07747,481.354,15000,0,0
Suite_13,Deferred_Volume,0,122,1.44084,0.597951,0.000704,0.08192,0.364544,2.05499,486.621,15000,0,0
Suite_13,Deferred_Volume,0,123,1.44163,0.61,0,0.080288,0.361376,2.05155,487.437,15000,0,0
Suite_13,Deferred_Volume,0,124,1.43328,0.598773,9.6e-05,0.080512,0.381824,2.06602,484.022,15000,0,0
Suite_13,Deferred_Volume,0,125,1.43193,0.620665,0,0.079968,0.3584,2.04619,488.713,15000,0,0
Suite_13,Deferred_Volume,0,126,1.42877,0.616299,0.000704,0.081536,0.356352,2.0665,483.91,15000,0,0
Suite_13,Deferred_Volume,0,127,1.42937,0.610021,0,0.080448,0.358464,2.05952,485.549,15000,0,0
Suite_13,Deferred_Volume,0,128,1.42294,0.607529,0,0.106112,0.385856,2.05239,487.237,15000,0,0
Suite_13,Deferred_Volume,0,129,1.42144,0.614165,0.000448,0.080832,0.366144,2.04497,489.004,15000,0,0
Suite_13,Deferred_Volume,0,130,1.42959,0.648979,0.000544,0.0808,0.366592,2.05088,487.595,15000,0,0
Suite_13,Deferred_Volume,0,131,1.41806,0.607843,0.001248,0.081152,0.367136,2.09211,477.986,15000,0,0
Suite_13,Deferred_Volume,0,132,1.41176,0.607417,0.001216,0.081056,0.356704,2.04283,489.517,15000,0,0
Suite_13,Deferred_Volume,0,133,1.42087,0.617974,0.001152,0.081056,0.356608,2.03471,491.47,15000,0,0
Suite_13,Deferred_Volume,0,134,1.41205,0.606006,0.000416,0.080736,0.357632,2.05492,486.637,15000,0,0
Suite_13,Deferred_Volume,0,135,1.40989,0.611502,0.001088,0.081568,0.36864,2.03091,492.391,15000,0,0
Suite_13,Deferred_Volume,0,136,1.41162,0.610487,0,0.081536,0.367072,2.0343,491.57,15000,0,0
Suite_13,Deferred_Volume,0,137,1.40723,0.643586,6.4e-05,0.080608,0.364256,2.03792,490.695,15000,0,0
Suite_13,Deferred_Volume,0,138,1.41084,0.604753,0.001088,0.080928,0.368896,2.06762,483.647,15000,0,0
Suite_13,Deferred_Volume,0,139,1.40407,0.604834,0.001184,0.079968,0.369088,2.02886,492.888,15000,0,0
Suite_13,Deferred_Volume,0,140,1.40218,0.615499,0,0.081472,0.364864,2.02181,494.607,15000,0,0
Suite_13,Deferred_Volume,0,141,1.39694,0.611796,0.000544,0.081856,0.380672,2.03389,491.669,15000,0,0
Suite_13,Deferred_Volume,0,142,1.40137,0.599905,0.00128,0.081152,0.35808,2.02276,494.374,15000,0,0
Suite_13,Deferred_Volume,0,143,1.39836,0.607809,0.000384,0.080704,0.359488,2.01371,496.596,15000,0,0
Suite_13,Deferred_Volume,0,144,1.39966,0.687755,0.000672,0.08192,0.3584,2.01991,495.072,15000,0,0
Suite_13,Deferred_Volume,0,145,1.39647,0.602672,0.00048,0.083104,0.372736,2.10273,475.573,15000,0,0
Suite_13,Deferred_Volume,0,146,1.39189,0.618968,0,0.08128,0.367296,2.01303,496.763,15000,0,0
Suite_13,Deferred_Volume,0,147,1.38943,0.606284,0.001696,0.081248,0.3584,2.0251,493.804,15000,0,0
Suite_13,Deferred_Volume,0,148,1.38721,0.601264,0.000224,0.080608,0.365824,2.00927,497.693,15000,0,0
Suite_13,Deferred_Volume,0,149,1.37896,0.601609,0.000704,0.08192,0.368384,2.0041,498.978,15000,0,0
Suite_13,Deferred_Volume,0,150,1.38347,0.61033,0.000576,0.080704,0.356352,1.99449,501.383,15000,0,0
Suite_13,Deferred_Volume,0,151,1.38383,0.616363,0.000704,0.08192,0.366592,2.00817,497.966,15000,0,0
Suite_13,Deferred_Volume,0,152,1.3843,0.597555,0.000768,0.081568,0.36064,2.01362,496.619,15000,0,0
Suite_13,Deferred_Volume,0,153,1.40448,0.689205,0.0016,0.08112,0.360224,1.99642,500.897,15000,0,0
Suite_13,Deferred_Volume,0,154,1.37914,0.622374,0.000608,0.08192,0.362304,2.11983,471.736,15000,0,0
Suite_13,Deferred_Volume,0,155,1.37243,0.610386,0.001088,0.081152,0.361088,2.01597,496.038,15000,0,0
Suite_13,Deferred_Volume,0,156,1.36946,0.616828,0.00064,0.080896,0.362496,1.99656,500.862,15000,0,0
Suite_13,Deferred_Volume,0,157,1.36768,0.624419,0.00144,0.08128,0.367008,2.00152,499.62,15000,0,0
Suite_13,Deferred_Volume,0,158,1.36541,0.616183,9.6e-05,0.080448,0.36672,2.00849,497.886,15000,0,0
Suite_13,Deferred_Volume,0,159,1.36983,0.604892,0.001472,0.08192,0.36544,1.99526,501.188,15000,0,0
Suite_13,Deferred_Volume,0,160,1.36375,0.609082,0.001632,0.081888,0.365696,1.98746,503.154,15000,0,0
Suite_13,Deferred_Volume,0,161,1.35785,0.613789,0.001056,0.08128,0.35904,1.99348,501.636,15000,0,0
Suite_13,Deferred_Volume,0,162,1.35753,0.612872,0.001696,0.081824,0.364544,1.98634,503.438,15000,0,0
Suite_13,Deferred_Volume,0,163,1.35784,0.59949,0,0.080288,0.364544,1.98323,504.227,15000,0,0
Suite_13,Deferred_Volume,0,164,1.35485,0.611547,3.2e-05,0.080384,0.367584,1.97478,506.384,15000,0,0
Suite_13,Deferred_Volume,0,165,1.35706,0.603933,0.000576,0.080864,0.366592,1.98355,504.146,15000,0,0
Suite_13,Deferred_Volume,0,166,1.35304,0.598605,0.00112,0.081376,0.364544,1.97515,506.291,15000,0,0
Suite_13,Deferred_Volume,0,167,1.35528,0.615897,0.000768,0.081632,0.354304,1.96508,508.884,15000,0,0
Suite_13,Deferred_Volume,0,168,1.35038,0.611482,0.000768,0.08192,0.356352,1.98501,503.775,15000,0,0
Suite_13,Deferred_Volume,0,169,1.34699,0.600608,0.000512,0.08192,0.369888,1.97768,505.642,15000,0,0
Suite_13,Deferred_Volume,0,170,1.34572,0.599407,0,0.081472,0.364704,1.96175,509.748,15000,0,0
Suite_13,Deferred_Volume,0,171,1.34657,0.616045,0.00176,0.08176,0.366048,1.95794,510.74,15000,0,0
Suite_13,Deferred_Volume,0,172,1.34022,0.606063,0.00112,0.081248,0.363104,1.97651,505.943,15000,0,0
Suite_13,Deferred_Volume,0,173,1.33982,0.600501,0.00048,0.080224,0.363776,1.96118,509.897,15000,0,0
Suite_13,Deferred_Volume,0,174,1.33961,0.611423,0.000768,0.08192,0.365984,1.95404,511.761,15000,0,0
Suite_13,Deferred_Volume,0,175,1.33651,0.608531,0.00048,0.08192,0.362496,1.96478,508.964,15000,0,0
Suite_13,Deferred_Volume,0,176,1.33347,0.604744,0.0016,0.081568,0.366336,1.95888,510.495,15000,0,0
Suite_13,Deferred_Volume,0,177,1.3295,0.610778,0.000192,0.080448,0.364544,1.95303,512.025,15000,0,0
Suite_13,Deferred_Volume,0,178,1.32422,0.614484,0.00112,0.080192,0.36336,1.9544,511.666,15000,0,0
Suite_13,Deferred_Volume,0,179,1.32401,0.604298,0.000128,0.0816,0.364544,1.95265,512.124,15000,0,0
Suite_13,Deferred_Volume,0,180,1.32303,0.601701,0.00144,0.107872,0.385472,1.94169,515.014,15000,0,0
Suite_13,Deferred_Volume,0,181,1.31991,0.607104,0.000864,0.08192,0.364576,1.94094,515.215,15000,0,0
Suite_13,Deferred_Volume,0,182,1.31956,0.610576,0.000672,0.08192,0.360448,1.94181,514.985,15000,0,0
Suite_13,Deferred_Volume,0,183,1.31504,0.613745,0.0008,0.10832,0.391168,1.94377,514.465,15000,0,0
Suite_13,Deferred_Volume,0,184,1.31757,0.604003,0.001536,0.08144,0.364864,1.94212,514.9,15000,0,0
Suite_13,Deferred_Volume,0,185,1.31778,0.621027,0,0.08016,0.359264,1.93563,516.627,15000,0,0
Suite_13,Deferred_Volume,0,186,1.317,0.606684,0.001152,0.08112,0.35872,1.95606,511.232,15000,0,0
Suite_13,Deferred_Volume,0,187,1.30918,0.60922,0.001184,0.080096,0.363232,1.93673,516.333,15000,0,0
Suite_13,Deferred_Volume,0,188,1.31579,0.631389,0.001696,0.081728,0.368832,1.93284,517.374,15000,0,0
Suite_13,Deferred_Volume,0,189,1.31953,0.615886,0.00048,0.080736,0.366592,1.96807,508.112,15000,0,0
Suite_13,Deferred_Volume,0,190,1.31046,0.605564,0.000416,0.080576,0.354304,1.95169,512.376,15000,0,0
Suite_13,Deferred_Volume,0,191,1.30641,0.606776,0.00144,0.081856,0.36448,1.92905,518.39,15000,0,0
Suite_13,Deferred_Volume,0,192,1.31015,0.603667,0.000864,0.08192,0.366048,1.92558,519.325,15000,0,0
Suite_13,Deferred_Volume,0,193,1.30651,0.620535,0.00128,0.081408,0.35632,1.93714,516.226,15000,0,0
Suite_13,Deferred_Volume,0,194,1.30179,0.606605,0.0008,0.08192,0.363872,1.94143,515.085,15000,0,0
Suite_13,Deferred_Volume,0,195,1.30162,0.603457,0.001632,0.081504,0.362784,1.9211,520.535,15000,0,0
Suite_13,Deferred_Volume,0,196,1.29678,0.626234,0.000192,0.080448,0.357728,1.9182,521.323,15000,0,0
Suite_13,Deferred_Volume,0,197,1.29921,0.605042,0.001824,0.081824,0.364544,1.94017,515.419,15000,0,0
Suite_13,Deferred_Volume,0,198,1.2894,0.613342,0.001216,0.081472,0.36832,1.91851,521.239,15000,0,0
Suite_13,Deferred_Volume,0,199,1.28758,0.605365,0.00096,0.08192,0.370048,1.91561,522.027,15000,0,0
Suite_13,Deferred_Volume,0,200,1.29486,0.616652,0.001248,0.081472,0.366592,1.90608,524.636,15000,0,0
Suite_13,Deferred_Volume,0,201,1.29103,0.599376,0.000384,0.098656,0.390144,1.92694,518.957,15000,0,0
Suite_13,Deferred_Volume,0,202,1.28926,0.599331,0.001056,0.081088,0.363008,1.90515,524.893,15000,0,0
Suite_13,Deferred_Volume,0,203,1.28995,0.610568,0,0.079968,0.356352,1.90163,525.866,15000,0,0
Suite_13,Deferred_Volume,0,204,1.29107,0.612858,0.00192,0.081888,0.356288,1.91444,522.345,15000,0,0
Suite_13,Deferred_Volume,0,205,1.28235,0.602578,0.000512,0.080704,0.366592,1.91884,521.147,15000,0,0
Suite_13,Deferred_Volume,0,206,1.27811,0.61353,6.4e-05,0.080192,0.36528,1.89841,526.756,15000,0,0
Suite_13,Deferred_Volume,0,207,1.28272,0.62428,0.001024,0.08128,0.363232,1.90598,524.665,15000,0,0
Suite_13,Deferred_Volume,0,208,1.27676,0.604508,0.000288,0.080352,0.358272,1.92157,520.408,15000,0,0
Suite_13,Deferred_Volume,0,209,1.27114,0.61973,0.001248,0.08192,0.372736,1.89718,527.1,15000,0,0
Suite_13,Deferred_Volume,0,210,1.26916,0.606991,0.0016,0.08192,0.366848,1.90508,524.912,15000,0,0
Suite_13,Deferred_Volume,0,211,1.27026,0.608327,0.001472,0.08192,0.365152,1.88922,529.32,15000,0,0
Suite_13,Deferred_Volume,0,212,1.26405,0.607264,0.000288,0.081984,0.366528,1.8961,527.397,15000,0,0
Suite_13,Deferred_Volume,0,213,1.26967,0.597953,0.000192,0.08208,0.35824,1.88648,530.088,15000,0,0
Suite_13,Deferred_Volume,0,214,1.27113,0.620253,0.00192,0.08192,0.359776,1.88161,531.46,15000,0,0
Suite_13,Deferred_Volume,0,215,1.26809,0.605652,0.00064,0.081536,0.366592,1.90574,524.73,15000,0,0
Suite_13,Deferred_Volume,0,216,1.25975,0.603577,0.001184,0.081472,0.368096,1.88644,530.099,15000,0,0
Suite_13,Deferred_Volume,0,217,1.25782,0.603143,0.00096,0.080832,0.36864,1.88409,530.761,15000,0,0
Suite_13,Deferred_Volume,0,218,1.26443,0.6163,0.000672,0.081824,0.36848,1.88087,531.669,15000,0,0
Suite_13,Deferred_Volume,0,219,1.25764,0.615089,0.000512,0.081408,0.365728,1.89566,527.521,15000,0,0
Suite_13,Deferred_Volume,0,220,1.25446,0.599541,0.000384,0.08192,0.372192,1.88604,530.211,15000,0,0
Suite_13,Deferred_Volume,0,221,1.25623,0.598733,0.0016,0.08192,0.362688,1.8691,535.017,15000,0,0
Suite_13,Deferred_Volume,0,222,1.2573,0.610661,0.0016,0.081888,0.361056,1.86893,535.066,15000,0,0
Suite_13,Deferred_Volume,0,223,1.25266,0.60449,0.002016,0.105376,0.397312,1.88201,531.348,15000,0,0
Suite_13,Deferred_Volume,0,224,1.25445,0.60981,0.000416,0.081408,0.364544,1.87011,534.727,15000,0,0
Suite_13,Deferred_Volume,0,225,1.24674,0.614362,0.002048,0.080864,0.362368,1.87865,532.296,15000,0,0
Suite_13,Deferred_Volume,0,226,1.25064,0.607914,0.001952,0.08192,0.3648,1.87628,532.971,15000,0,0
Suite_13,Deferred_Volume,0,227,1.24317,0.608209,0.001536,0.08192,0.362464,1.87142,534.353,15000,0,0
Suite_13,Deferred_Volume,0,228,1.24689,0.599984,0.002048,0.0808,0.36224,1.86416,536.434,15000,0,0
Suite_13,Deferred_Volume,0,229,1.2495,0.609285,0.00144,0.081696,0.366592,1.86205,537.042,15000,0,0
Suite_13,Deferred_Volume,0,230,1.2429,0.615767,0.000896,0.081984,0.366592,1.87505,533.319,15000,0,0
Suite_13,Deferred_Volume,0,231,1.23913,0.601377,0.002048,0.08192,0.362752,1.87203,534.181,15000,0,0
Suite_13,Deferred_Volume,0,232,1.24011,0.607816,0.001632,0.08192,0.366752,1.85353,539.512,15000,0,0
Suite_13,Deferred_Volume,0,233,1.23706,0.615927,0.000512,0.081664,0.367712,1.8632,536.711,15000,0,0
Suite_13,Deferred_Volume,0,234,1.23812,0.603796,0.001664,0.08192,0.35904,1.86844,535.207,15000,0,0
Suite_13,Deferred_Volume,0,235,1.23353,0.607195,0.002048,0.08224,0.373024,1.8548,539.143,15000,0,0
Suite_13,Deferred_Volume,0,236,1.22379,0.599125,0.002048,0.08192,0.362176,1.85772,538.293,15000,0,0
Suite_13,Deferred_Volume,0,237,1.23424,0.608809,0.002048,0.082048,0.366944,1.83794,544.088,15000,0,0
Suite_13,Deferred_Volume,0,238,1.22826,0.60448,0.00064,0.081824,0.366464,1.85731,538.413,15000,0,0
Suite_13,Deferred_Volume,0,239,1.22706,0.6027,0.001408,0.08192,0.363648,1.84547,541.867,15000,0,0
Suite_13,Deferred_Volume,0,240,1.22461,0.641386,0.001984,0.081984,0.366432,1.84285,542.637,15000,0,0
Suite_13,Deferred_Volume,0,241,1.22855,0.621336,0.00176,0.08192,0.364224,1.88508,530.482,15000,0,0
Suite_13,Deferred_Volume,0,242,1.22183,0.603293,0.000672,0.08192,0.362496,1.86429,536.397,15000,0,0
Suite_13,Deferred_Volume,0,243,1.2231,0.600795,0.000672,0.08192,0.370688,1.83816,544.021,15000,0,0
Suite_13,Deferred_Volume,0,244,1.22194,0.617479,0.002016,0.08192,0.364352,1.83662,544.48,15000,0,0
Suite_13,Deferred_Volume,0,245,1.21408,0.615438,0.00176,0.08192,0.362464,1.85717,538.454,15000,0,0
Suite_13,Deferred_Volume,0,246,1.21613,0.604337,0.00176,0.080864,0.364544,1.84822,541.062,15000,0,0
Suite_13,Deferred_Volume,0,247,1.20939,0.603297,0.001824,0.081952,0.3584,1.8331,545.522,15000,0,0
Suite_13,Deferred_Volume,0,248,1.2134,0.615408,0.001952,0.083104,0.36128,1.82514,547.903,15000,0,0
Suite_13,Deferred_Volume,0,249,1.21048,0.599753,0.001856,0.08192,0.357216,1.84493,542.027,15000,0,0
Suite_13,Deferred_Volume,0,250,1.21647,0.598283,0.001952,0.081984,0.36864,1.82441,548.122,15000,0,0
Suite_13,Deferred_Volume,0,251,1.20662,0.625324,0.001024,0.081856,0.366592,1.82797,547.056,15000,0,0
Suite_13,Deferred_Volume,0,252,1.20651,0.817778,0.002048,0.082016,0.366592,1.84564,541.816,15000,0,0
Suite_13,Deferred_Volume,0,253,1.20346,0.607105,0.002048,0.081952,0.36048,2.03932,490.36,15000,0,0
Suite_13,Deferred_Volume,0,254,1.19992,0.610062,0.002048,0.08224,0.368768,1.82484,547.994,15000,0,0
Suite_13,Deferred_Volume,0,255,1.20029,0.62062,0.002048,0.08224,0.368288,1.82374,548.325,15000,0,0
Suite_13,Deferred_Volume,0,256,1.20261,0.617579,0.002048,0.083168,0.362624,1.83537,544.85,15000,0,0
Suite_13,Deferred_Volume,0,257,1.206,0.603124,0.002112,0.08192,0.36864,1.84132,543.088,15000,0,0
Suite_13,Deferred_Volume,0,258,1.19589,0.604909,0.002176,0.08192,0.366112,1.82293,548.567,15000,0,0
Suite_13,Deferred_Volume,0,259,1.1985,0.613011,0.002048,0.08432,0.369152,1.81397,551.276,15000,0,0
Suite_13,Deferred_Volume,0,260,1.19662,0.609928,0.002304,0.085664,0.366464,1.82668,547.441,15000,0,0
Suite_13,Deferred_Volume,0,261,1.1952,0.612231,0.002048,0.082656,0.391072,1.82281,548.604,15000,0,0
Suite_13,Deferred_Volume,0,262,1.19333,0.598264,0.002048,0.083904,0.36816,1.82116,549.099,15000,0,0
Suite_13,Deferred_Volume,0,263,1.1889,0.615757,0.00224,0.082528,0.366272,1.80485,554.063,15000,0,0
Suite_13,Deferred_Volume,0,264,1.19093,0.60454,0.003456,0.083968,0.369696,1.8189,549.782,15000,0,0
Suite_13,Deferred_Volume,0,265,1.18834,0.604248,0.002048,0.083968,0.390016,1.81852,549.897,15000,0,0
Suite_13,Deferred_Volume,0,266,1.18534,0.614978,0.002048,0.084,0.36336,1.80626,553.63,15000,0,0
Suite_13,Deferred_Volume,0,267,1.18648,0.607796,0.002048,0.083904,0.37312,1.81383,551.32,15000,0,0
Suite_13,Deferred_Volume,0,268,1.18179,0.597906,0.002048,0.083648,0.363264,1.8075,553.249,15000,0,0
Suite_13,Deferred_Volume,0,269,1.18308,0.602546,0.002688,0.083744,0.36288,1.79416,557.363,15000,0,0
Suite_13,Deferred_Volume,0,270,1.1837,0.612561,0.002304,0.083616,0.36864,1.79983,555.609,15000,0,0
Suite_13,Deferred_Volume,0,271,1.18272,0.720165,0.002336,0.084096,0.36864,1.8109,552.212,15000,0,0
Suite_13,Deferred_Volume,0,272,1.17788,0.618404,0.002496,0.105952,0.395264,1.91683,521.694,15000,0,0
Suite_13,Deferred_Volume,0,273,1.1776,0.59717,0.002496,0.083872,0.3704,1.81143,552.05,15000,0,0
Suite_13,Deferred_Volume,0,274,1.1784,0.615932,0.003168,0.083776,0.368416,1.78901,558.967,15000,0,0
Suite_13,Deferred_Volume,0,275,1.178,0.627124,0.0032,0.085408,0.366176,1.81474,551.042,15000,0,0
Suite_13,Deferred_Volume,0,276,1.17654,0.605061,0.002816,0.083552,0.366592,1.81957,549.58,15000,0,0
Suite_13,Deferred_Volume,0,277,1.1707,0.613509,0.00256,0.084,0.372736,1.79742,556.352,15000,0,0
Suite_13,Deferred_Volume,0,278,1.17256,0.606773,0.002656,0.084064,0.368128,1.79837,556.06,15000,0,0
Suite_13,Deferred_Volume,0,279,1.16921,0.608242,0.002752,0.084064,0.36832,1.79262,557.844,15000,0,0
Suite_13,Deferred_Volume,0,280,1.17354,0.602249,0.003648,0.083648,0.368416,1.79042,558.527,15000,0,0
Suite_13,Deferred_Volume,0,281,1.17295,0.602384,0.003968,0.084384,0.371296,1.79069,558.444,15000,0,0
Suite_13,Deferred_Volume,0,282,1.17125,0.619163,0.004096,0.08272,0.368864,1.78955,558.799,15000,0,0
Suite_13,Deferred_Volume,0,283,1.1704,0.600643,0.003648,0.086016,0.371008,1.80477,554.088,15000,0,0
Suite_13,Deferred_Volume,0,284,1.16749,0.60823,0.003584,0.086016,0.372736,1.78408,560.513,15000,0,0
Suite_13,Deferred_Volume,0,285,1.16832,0.605107,0.00368,0.086016,0.372512,1.78987,558.699,15000,0,0
Suite_13,Deferred_Volume,0,286,1.1652,0.614058,0.003776,0.086016,0.372736,1.78752,559.435,15000,0,0
Suite_13,Deferred_Volume,0,287,1.16585,0.610242,0.004096,0.084448,0.366816,1.79413,557.373,15000,0,0
Suite_13,Deferred_Volume,0,288,1.16947,0.59979,0.003872,0.084928,0.401472,1.78931,558.873,15000,0,0
Suite_13,Deferred_Volume,0,289,1.16407,0.612845,0.004096,0.0856,0.36912,1.78415,560.49,15000,0,0
Suite_13,Deferred_Volume,0,290,1.16145,0.615238,0.004064,0.084832,0.370688,1.79763,556.288,15000,0,0
Suite_13,Deferred_Volume,0,291,1.15916,0.60416,0.004192,0.084672,0.36816,1.79019,558.599,15000,0,0
Suite_13,Deferred_Volume,0,292,1.15838,0.596293,0.006016,0.086016,0.388832,1.77599,563.068,15000,0,0
Suite_13,Deferred_Volume,0,293,1.15995,0.618285,0.00432,0.085856,0.376224,1.76947,565.142,15000,0,0
Suite_13,Deferred_Volume,0,294,1.15797,0.614152,0.005312,0.086016,0.372448,1.79219,557.976,15000,0,0
Suite_13,Deferred_Volume,0,295,1.15612,0.604539,0.005248,0.087712,0.370848,1.78611,559.877,15000,0,0
Suite_13,Deferred_Volume,0,296,1.16674,0.624959,0.0056,0.087904,0.378496,1.77345,563.872,15000,0,0
Suite_13,Deferred_Volume,0,297,1.1554,0.601386,0.004096,0.087552,0.380992,1.81313,551.532,15000,0,0
Suite_13,Deferred_Volume,0,298,1.15761,0.638306,0.004832,0.087552,0.36864,1.77155,564.476,15000,0,0
Suite_13,Deferred_Volume,0,299,1.15531,0.603902,0.005248,0.086016,0.399584,1.81051,552.33,15000,0,0
Suite_13,Deferred_Volume,0,300,1.15295,0.602698,0.005216,0.086016,0.370592,1.77192,564.359,15000,0,0
Suite_13,Deferred_Volume,0,301,1.15203,0.605673,0.00496,0.086304,0.372192,1.77046,564.825,15000,0,0
Suite_13,Deferred_Volume,0,302,1.15853,0.96904,0.005472,0.088064,0.381504,1.77356,563.836,15000,0,0
Suite_13,Deferred_Volume,0,303,1.15104,0.613903,0.00608,0.088032,0.380928,2.15087,464.929,15000,0,0
Suite_13,Deferred_Volume,0,304,1.14859,0.60408,0.005504,0.087776,0.374784,1.7779,562.461,15000,0,0
Suite_13,Deferred_Volume,0,305,1.151,0.617655,0.004768,0.088,0.376832,1.76718,565.873,15000,0,0
Suite_13,Deferred_Volume,0,306,1.151,0.684967,0.006144,0.088064,0.385088,1.7837,560.631,15000,0,0
Suite_13,Deferred_Volume,0,307,1.14769,0.602493,0.005856,0.08688,0.3808,1.84929,540.747,15000,0,0
Suite_13,Deferred_Volume,0,308,1.14808,0.607893,0.005984,0.088384,0.37888,1.76678,566.001,15000,0,0
Suite_13,Deferred_Volume,0,309,1.14785,0.613863,0.006112,0.088064,0.373888,1.77119,564.592,15000,0,0
Suite_13,Deferred_Volume,0,310,1.14402,0.672415,0.007424,0.089664,0.374784,1.7772,562.681,15000,0,0
Suite_13,Deferred_Volume,0,311,1.14867,0.606471,0.006144,0.087776,0.377152,1.83003,546.439,15000,0,0
Suite_13,Deferred_Volume,0,312,1.14312,0.597417,0.006144,0.088064,0.380512,1.76762,565.733,15000,0,0
Suite_13,Deferred_Volume,0,313,1.14729,0.642766,0.006656,0.089152,0.372096,1.75479,569.869,15000,0,0
Suite_13,Deferred_Volume,0,314,1.15747,0.708296,0.006144,0.089216,0.381152,1.81011,552.452,15000,0,0
Suite_13,Deferred_Volume,0,315,1.15138,0.613326,0.00784,0.086848,0.374592,1.8834,530.954,15000,0,0
Suite_13,Deferred_Volume,0,316,1.14488,0.607924,0.006496,0.088032,0.382976,1.77819,562.37,15000,0,0
Suite_13,Deferred_Volume,0,317,1.14358,0.617491,0.007296,0.089152,0.37776,1.77647,562.913,15000,0,0
Suite_13,Deferred_Volume,0,318,1.16351,0.613668,0.007744,0.088704,0.377472,1.77604,563.05,15000,0,0
Suite_13,Deferred_Volume,0,319,1.14025,0.621887,0.007424,0.089216,0.382848,1.79099,558.349,15000,0,0
Suite_13,Deferred_Volume,0,320,1.13911,0.611781,0.007552,0.089728,0.384736,1.77569,563.162,15000,0,0
Suite_13,Deferred_Volume,0,321,1.14073,0.622598,0.007808,0.089088,0.380832,1.76685,565.978,15000,0,0
Suite_13,Deferred_Volume,0,322,1.1399,0.602347,0.008128,0.088704,0.37888,1.77935,562.002,15000,0,0
Suite_13,Deferred_Volume,0,323,1.13758,0.603903,0.008192,0.090112,0.387072,1.75523,569.725,15000,0,0
Suite_13,Deferred_Volume,0,324,1.13878,0.621,0.008192,0.090176,0.379488,1.75411,570.089,15000,0,0
Suite_13,Deferred_Volume,0,325,1.13911,0.612672,0.008288,0.090432,0.388064,1.77681,562.805,15000,0,0
Suite_13,Deferred_Volume,0,326,1.13679,0.60267,0.008192,0.090112,0.40608,1.76625,566.173,15000,0,0
Suite_13,Deferred_Volume,0,327,1.13412,0.60185,0.008192,0.091584,0.391168,1.75255,570.596,15000,0,0
Suite_13,Deferred_Volume,0,328,1.13974,0.605541,0.008192,0.091136,0.385952,1.74902,571.748,15000,0,0
Suite_13,Deferred_Volume,0,329,1.13994,0.62924,0.008736,0.090496,0.37888,1.75982,568.24,15000,0,0
Suite_13,Deferred_Volume,0,330,1.13546,0.60411,0.008448,0.091616,0.4016,1.78554,560.053,15000,0,0
Suite_13,Deferred_Volume,0,331,1.13847,0.600229,0.00912,0.090112,0.390688,1.75739,569.025,15000,0,0
Suite_13,Deferred_Volume,0,332,1.12802,0.605895,0.009824,0.091968,0.38496,1.75139,570.974,15000,0,0
Suite_13,Deferred_Volume,0,333,1.13506,0.616944,0.01024,0.090336,0.383264,1.74931,571.655,15000,0,0
Suite_13,Deferred_Volume,0,334,1.13902,0.605332,0.009088,0.09152,0.388128,1.76675,566.011,15000,0,0
Suite_13,Deferred_Volume,0,335,1.13245,0.610587,0.011424,0.091264,0.385824,1.75747,569.001,15000,0,0
Suite_13,Deferred_Volume,0,336,1.12965,0.611307,0.010144,0.09216,0.390336,1.75581,569.538,15000,0,0
Suite_13,Deferred_Volume,0,337,1.13698,0.953582,0.01024,0.090528,0.380864,1.76393,566.916,15000,0,0
Suite_13,Deferred_Volume,0,338,1.13758,0.607015,0.010368,0.09216,0.388288,2.10557,474.93,15000,0,0
Suite_13,Deferred_Volume,0,339,1.13534,0.601556,0.01024,0.09216,0.387552,1.75717,569.096,15000,0,0
Suite_13,Deferred_Volume,0,340,1.13439,0.619253,0.011264,0.091232,0.389472,1.74922,571.682,15000,0,0
Suite_13,Deferred_Volume,0,341,1.13881,0.656532,0.012256,0.092512,0.394528,1.76951,565.128,15000,0,0
Suite_13,Deferred_Volume,0,342,1.1343,0.606329,0.012288,0.091776,0.387168,1.80979,552.55,15000,0,0
Suite_13,Deferred_Volume,0,343,1.1363,0.602582,0.011104,0.091168,0.385024,1.75331,570.351,15000,0,0
Suite_13,Deferred_Volume,0,344,1.13573,0.604859,0.011872,0.09216,0.387072,1.75171,570.871,15000,0,0
Suite_13,Deferred_Volume,0,345,1.13346,0.780068,0.011936,0.094208,0.394624,1.75648,569.32,15000,0,0
Suite_13,Deferred_Volume,0,346,1.13317,0.605948,0.012032,0.091104,0.3904,1.92826,518.603,15000,0,0
Suite_13,Deferred_Volume,0,347,1.13067,0.604747,0.012128,0.092416,0.391168,1.75219,570.715,15000,0,0
Suite_13,Deferred_Volume,0,348,1.13888,0.622478,0.012288,0.09216,0.387328,1.74796,572.094,15000,0,0
Suite_13,Deferred_Volume,0,349,1.13897,0.736869,0.012608,0.093728,0.393216,1.77736,562.631,15000,0,0
Suite_13,Deferred_Volume,0,350,1.13884,0.60498,0.012768,0.092704,0.419232,1.89022,529.04,15000,0,0
Suite_13,Deferred_Volume,0,351,1.13821,0.607795,0.012928,0.092896,0.38704,1.75667,569.26,15000,0,0
Suite_13,Deferred_Volume,0,352,1.14129,0.644597,0.013664,0.094176,0.39104,1.7594,568.377,15000,0,0
Suite_13,Deferred_Volume,0,353,1.1327,0.607159,0.013696,0.09376,0.395264,1.80359,554.449,15000,0,0
Suite_13,Deferred_Volume,0,354,1.13701,0.62163,0.014336,0.119648,0.415712,1.75432,570.023,15000,0,0
Suite_13,Deferred_Volume,0,355,1.13839,0.603559,0.013888,0.094208,0.393216,1.7714,564.525,15000,0,0
Suite_13,Deferred_Volume,0,356,1.1419,0.621968,0.014176,0.093952,0.39632,1.75459,569.935,15000,0,0
Suite_13,Deferred_Volume,0,357,1.13556,0.60555,0.014336,0.094208,0.38912,1.78047,561.649,15000,0,0
Suite_13,Deferred_Volume,0,358,1.13389,0.598687,0.014336,0.117344,0.421088,1.75541,569.666,15000,0,0
Suite_13,Deferred_Volume,0,359,1.13472,0.606935,0.014656,0.094688,0.394976,1.74533,572.959,15000,0,0
Suite_13,Deferred_Volume,0,360,1.13822,0.616026,0.015424,0.095552,0.395648,1.75812,568.788,15000,0,0
Suite_13,Deferred_Volume,0,361,1.13882,0.604633,0.016032,0.09424,0.39648,1.77002,564.965,15000,0,0
Suite_13,Deferred_Volume,0,362,1.13569,0.597346,0.014368,0.094208,0.397024,1.75764,568.946,15000,0,0
Suite_13,Deferred_Volume,0,363,1.14324,0.60785,0.016384,0.094656,0.39936,1.74648,572.581,15000,0,0
Suite_13,Deferred_Volume,0,364,1.14104,0.619381,0.016384,0.094816,0.397632,1.76454,566.719,15000,0,0
Suite_13,Deferred_Volume,0,365,1.13525,0.6045,0.016256,0.095616,0.395264,1.77543,563.245,15000,0,0
Suite_13,Deferred_Volume,0,366,1.135,0.598321,0.01776,0.095168,0.4056,1.75427,570.037,15000,0,0
Suite_13,Deferred_Volume,0,367,1.14372,0.621333,0.016384,0.09552,0.40128,1.74578,572.81,15000,0,0
Suite_13,Deferred_Volume,0,368,1.13633,1.02958,0.016864,0.096256,0.404768,1.77993,561.82,15000,0,0
Suite_13,Deferred_Volume,0,369,1.1358,0.602775,0.017024,0.096192,0.399008,2.18138,458.425,15000,0,0
Suite_13,Deferred_Volume,0,370,1.13253,0.605221,0.016704,0.095904,0.403456,1.75223,570.701,15000,0,0
Suite_13,Deferred_Volume,0,371,1.13379,0.613123,0.018304,0.096576,0.397664,1.75045,571.283,15000,0,0
Suite_13,Deferred_Volume,0,372,1.13863,0.629014,0.01728,0.096352,0.405504,1.76101,567.855,15000,0,0
Suite_13,Deferred_Volume,0,373,1.13645,0.605656,0.017984,0.097376,0.398304,1.8946,527.815,15000,0,0
Suite_13,Deferred_Volume,0,374,1.13858,0.605223,0.018432,0.096736,0.402144,1.75632,569.371,15000,0,0
Suite_13,Deferred_Volume,0,375,1.13824,0.623165,0.018496,0.0976,0.406912,1.75665,569.267,15000,0,0
Suite_13,Deferred_Volume,0,376,1.1345,0.77022,0.018752,0.098304,0.401472,1.77549,563.226,15000,0,0
Suite_13,Deferred_Volume,0,377,1.13763,0.613313,0.018784,0.09712,0.4096,1.9268,518.995,15000,0,0
Suite_13,Deferred_Volume,0,378,1.13569,0.598363,0.019232,0.097696,0.405216,1.76474,566.655,15000,0,0
Suite_13,Deferred_Volume,0,379,1.13652,0.612306,0.019712,0.098304,0.398112,1.74714,572.363,15000,0,0
Suite_13,Deferred_Volume,0,380,1.13951,0.766338,0.019808,0.09952,0.406464,1.76342,567.081,15000,0,0
Suite_13,Deferred_Volume,0,381,1.1345,0.606571,0.0192,0.098304,0.423936,1.92127,520.488,15000,0,0
Suite_13,Deferred_Volume,0,382,1.13368,0.602522,0.020256,0.098976,0.402272,1.75469,569.902,15000,0,0
Suite_13,Deferred_Volume,0,383,1.13898,0.607741,0.02048,0.098304,0.410144,1.74916,571.705,15000,0,0
Suite_13,Deferred_Volume,0,384,1.13824,0.606327,0.02048,0.098304,0.40608,1.76033,568.074,15000,0,0
Suite_13,Deferred_Volume,0,385,1.13427,0.611853,0.020928,0.100352,0.43008,1.75924,568.429,15000,0,0
Suite_13,Deferred_Volume,0,386,1.13914,0.597232,0.021888,0.100352,0.403648,1.75964,568.297,15000,0,0
Suite_13,Deferred_Volume,0,387,1.13023,0.610677,0.022016,0.102016,0.416288,1.75308,570.425,15000,0,0
Suite_13,Deferred_Volume,0,388,1.13237,0.604643,0.02144,0.100384,0.411616,1.75961,568.307,15000,0,0
Suite_13,Deferred_Volume,0,389,1.13963,0.603401,0.022528,0.100512,0.428032,1.75239,570.649,15000,0,0
Suite_13,Deferred_Volume,0,390,1.13489,0.599852,0.022496,0.100768,0.40976,1.75692,569.178,15000,0,0
Suite_13,Deferred_Volume,0,391,1.14175,0.610786,0.022592,0.100992,0.416768,1.74748,572.253,15000,0,0
Suite_13,Deferred_Volume,0,392,1.13632,0.603631,0.023648,0.101952,0.411936,1.76688,565.97,15000,0,0
Suite_13,Deferred_Volume,0,393,1.13397,0.60537,0.023648,0.126976,0.438784,1.75536,569.684,15000,0,0
Suite_13,Deferred_Volume,0,394,1.12871,0.607123,0.024288,0.102528,0.417792,1.75386,570.17,15000,0,0
Suite_13,Deferred_Volume,0,395,1.13339,0.621835,0.02304,0.1024,0.417792,1.74925,571.674,15000,0,0
Suite_13,Deferred_Volume,0,396,1.13869,0.605881,0.024256,0.101184,0.416352,1.7685,565.451,15000,0,0
Suite_13,Deferred_Volume,0,397,1.13677,0.600708,0.024416,0.1168,0.437536,1.75905,568.489,15000,0,0
Suite_13,Deferred_Volume,0,398,1.13739,0.608391,0.024416,0.104192,0.41984,1.75109,571.074,15000,0,0
Suite_13,Deferred_Volume,0,399,1.14274,0.609828,0.024736,0.104448,0.42176,1.75844,568.686,15000,0,0
Suite_13,Deferred_Volume,0,400,1.13834,0.60459,0.024768,0.10464,0.417856,1.76632,566.149,15000,0,0
Suite_13,Deferred_Volume,0,401,1.13612,0.605793,0.028928,0.104192,0.429536,1.7604,568.053,15000,0,0
Suite_13,Deferred_Volume,0,402,1.13407,0.608686,0.025856,0.104448,0.42032,1.7554,569.672,15000,0,0
Suite_13,Deferred_Volume,0,403,1.13536,0.605935,0.02672,0.104448,0.419392,1.7569,569.184,15000,0,0
Suite_13,Deferred_Volume,0,404,1.13889,0.598741,0.025376,0.104448,0.417792,1.75425,570.045,15000,0,0
Suite_13,Deferred_Volume,0,405,1.13388,0.6032,0.025376,0.104448,0.413856,1.75377,570.201,15000,0,0
Suite_13,Deferred_Volume,0,406,1.13828,0.618919,0.026624,0.106464,0.425984,1.75086,571.147,15000,0,0
Suite_13,Deferred_Volume,0,407,1.13538,0.604419,0.02672,0.106112,0.42288,1.77051,564.809,15000,0,0
Suite_13,Deferred_Volume,0,408,1.14256,0.602969,0.028352,0.105536,0.444416,1.75307,570.428,15000,0,0
Suite_13,Deferred_Volume,0,409,1.13754,0.620629,0.028736,0.10512,0.423616,1.76051,568.017,15000,0,0
Suite_13,Deferred_Volume,0,410,1.13997,0.614761,0.026848,0.1056,0.427264,1.77314,563.97,15000,0,0
Suite_13,Deferred_Volume,0,411,1.14315,0.625427,0.028096,0.106496,0.423936,1.76905,565.276,15000,0,0
Suite_13,Deferred_Volume,0,412,1.13627,0.599809,0.028576,0.106496,0.44016,1.78271,560.943,15000,0,0
Suite_13,Deferred_Volume,0,413,1.13807,0.603166,0.028544,0.107648,0.428032,1.75548,569.644,15000,0,0
Suite_13,Deferred_Volume,0,414,1.13533,0.606164,0.028672,0.106432,0.42016,1.75577,569.551,15000,0,0
Suite_13,Deferred_Volume,0,415,1.13257,0.620905,0.028832,0.106528,0.423936,1.75447,569.973,15000,0,0
Suite_13,Deferred_Volume,0,416,1.13001,0.608054,0.028672,0.13312,0.46512,1.76691,565.959,15000,0,0
Suite_13,Deferred_Volume,0,417,1.1374,0.603903,0.028864,0.10656,0.428032,1.75638,569.354,15000,0,0
Suite_13,Deferred_Volume,0,418,1.13259,0.610573,0.030752,0.107552,0.429472,1.75542,569.663,15000,0,0
Suite_13,Deferred_Volume,0,419,1.13565,1.06395,0.03008,0.109728,0.432128,1.75742,569.016,15000,0,0
Suite_13,Deferred_Volume,0,420,1.13461,0.606196,0.03072,0.106976,0.432352,2.21314,451.846,15000,0,0
Suite_13,Deferred_Volume,0,421,1.1348,0.611254,0.03056,0.108544,0.429888,1.75679,569.219,15000,0,0
Suite_13,Deferred_Volume,0,422,1.13217,0.609354,0.03072,0.107904,0.43008,1.75957,568.32,15000,0,0
Suite_13,Deferred_Volume,0,423,1.1313,0.631471,0.03104,0.109248,0.4312,1.75518,569.743,15000,0,0
Suite_13,Deferred_Volume,0,424,1.13773,0.60935,0.031264,0.108992,0.437728,1.87719,532.712,15000,0,0
Suite_13,Deferred_Volume,0,425,1.13601,0.604813,0.031168,0.10864,0.437568,1.76131,567.759,15000,0,0
Suite_13,Deferred_Volume,0,426,1.13333,0.612376,0.032832,0.111904,0.432128,1.75488,569.84,15000,0,0
Suite_13,Deferred_Volume,0,427,1.1413,0.774839,0.032768,0.110496,0.442112,1.76035,568.069,15000,0,0
Suite_13,Deferred_Volume,0,428,1.13783,0.602081,0.03264,0.110528,0.456704,1.92961,518.24,15000,0,0
Suite_13,Deferred_Volume,0,429,1.13524,0.608756,0.032768,0.108672,0.430688,1.7545,569.962,15000,0,0
Suite_13,Deferred_Volume,0,430,1.13642,0.61349,0.033792,0.110368,0.436352,1.75881,568.566,15000,0,0
Suite_13,Deferred_Volume,0,431,1.13094,0.603105,0.03296,0.11104,0.442368,1.76409,566.863,15000,0,0
Suite_13,Deferred_Volume,0,432,1.13741,0.605465,0.034336,0.110592,0.45456,1.74664,572.528,15000,0,0
Suite_13,Deferred_Volume,0,433,1.13766,0.605088,0.033568,0.109248,0.431808,1.76259,567.345,15000,0,0
Suite_13,Deferred_Volume,0,434,1.13888,0.615554,0.033088,0.11168,0.436224,1.75633,569.368,15000,0,0
Suite_13,Deferred_Volume,0,435,1.13655,0.602738,0.034784,0.110976,0.446336,1.7687,565.387,15000,0,0
Suite_13,Deferred_Volume,0,436,1.13835,0.599252,0.033728,0.139456,0.462848,1.75212,570.736,15000,0,0
Suite_13,Deferred_Volume,0,437,1.13621,0.609392,0.034464,0.111616,0.437088,1.75297,570.46,15000,0,0
Suite_13,Deferred_Volume,0,438,1.13595,0.61715,0.034816,0.111808,0.435968,1.75928,568.415,15000,0,0
Suite_13,Deferred_Volume,0,439,1.13367,0.600853,0.035008,0.11264,0.445696,1.76693,565.952,15000,0,0
Suite_13,Deferred_Volume,0,440,1.13312,0.60302,0.034816,0.130976,0.45856,1.74748,572.252,15000,0,0
Suite_13,Deferred_Volume,0,441,1.13522,0.605919,0.035424,0.111328,0.436224,1.75087,571.145,15000,0,0
Suite_13,Deferred_Volume,0,442,1.12709,0.621929,0.035136,0.112032,0.445984,1.7555,569.638,15000,0,0
Suite_13,Deferred_Volume,0,443,1.13726,0.602226,0.035968,0.114688,0.446272,1.76293,567.237,15000,0,0
Suite_13,Deferred_Volume,0,444,1.13673,0.596983,0.052608,0.11264,0.462048,1.75204,570.763,15000,0,0
Suite_13,Deferred_Volume,0,445,1.13823,0.60266,0.036832,0.112928,0.447072,1.75934,568.394,15000,0,0
Suite_13,Deferred_Volume,0,446,1.13186,0.614924,0.036576,0.11264,0.446432,1.75443,569.984,15000,0,0
Suite_13,Deferred_Volume,0,447,1.1284,0.599043,0.036928,0.114688,0.44032,1.76069,567.958,15000,0,0
Suite_13,Deferred_Volume,0,448,1.1345,0.604758,0.03856,0.115168,0.447616,1.74049,574.552,15000,0,0
Suite_13,Deferred_Volume,0,449,1.13352,0.605749,0.03728,0.1128,0.452512,1.75355,570.27,15000,0,0
Suite_13,Deferred_Volume,0,450,1.13528,0.611305,0.036864,0.114144,0.451072,1.75434,570.015,15000,0,0
Suite_13,Deferred_Volume,0,451,1.13614,0.601827,0.037344,0.112768,0.46432,1.76014,568.137,15000,0,0
Suite_13,Deferred_Volume,0,452,1.13526,0.600565,0.037184,0.114752,0.447744,1.75078,571.173,15000,0,0
Suite_13,Deferred_Volume,0,453,1.13444,0.615002,0.037856,0.114784,0.442144,1.75082,571.162,15000,0,0
Suite_13,Deferred_Volume,0,454,1.1308,0.612595,0.038272,0.116736,0.441184,1.76404,566.881,15000,0,0
Suite_13,Deferred_Volume,0,455,1.1358,0.601104,0.038912,0.114208,0.475296,1.75697,569.161,15000,0,0
Suite_13,Deferred_Volume,0,456,1.13392,0.605309,0.038912,0.114176,0.451904,1.74936,571.638,15000,0,0
Suite_13,Deferred_Volume,0,457,1.1302,0.606723,0.038912,0.114304,0.452768,1.75358,570.263,15000,0,0
Suite_13,Deferred_Volume,0,458,1.13663,0.621512,0.038912,0.115104,0.456896,1.75071,571.197,15000,0,0
Suite_13,Deferred_Volume,0,459,1.13023,0.605528,0.038976,0.115008,0.46992,1.77169,564.432,15000,0,0
Suite_13,Deferred_Volume,0,460,1.13527,0.598851,0.039168,0.114944,0.45056,1.74835,571.968,15000,0,0
Suite_13,Deferred_Volume,0,461,1.1288,0.612848,0.040416,0.117792,0.45312,1.74857,571.897,15000,0,0
Suite_13,Deferred_Volume,0,462,1.13924,0.617861,0.039488,0.118272,0.458752,1.75541,569.666,15000,0,0
Suite_13,Deferred_Volume,0,463,1.13473,0.613219,0.040704,0.139424,0.48688,1.77131,564.553,15000,0,0
Suite_13,Deferred_Volume,0,464,1.13049,0.600447,0.04096,0.114944,0.456384,1.76065,567.973,15000,0,0
Suite_13,Deferred_Volume,0,465,1.13739,0.632682,0.040544,0.11664,0.453632,1.74517,573.009,15000,0,0
Suite_13,Deferred_Volume,0,466,1.14354,0.636099,0.040544,0.117952,0.456416,1.7879,559.315,15000,0,0
Suite_13,Deferred_Volume,0,467,1.1368,0.605897,0.043488,0.120576,0.462848,1.79467,557.205,15000,0,0
Suite_13,Deferred_Volume,0,468,1.13646,0.609043,0.04096,0.116736,0.456864,1.7558,569.54,15000,0,0
Suite_13,Deferred_Volume,0,469,1.13607,0.602885,0.041088,0.118784,0.452608,1.761,567.858,15000,0,0
Suite_13,Deferred_Volume,0,470,1.13629,0.613428,0.042304,0.116736,0.451104,1.75372,570.215,15000,0,0
Suite_13,Deferred_Volume,0,471,1.13474,0.603685,0.04096,0.116672,0.455552,1.7627,567.313,15000,0,0
Suite_13,Deferred_Volume,0,472,1.13109,0.597712,0.041888,0.117312,0.456704,1.75151,570.936,15000,0,0
Suite_13,Deferred_Volume,0,473,1.13086,0.601466,0.042944,0.117344,0.45888,1.7431,573.691,15000,0,0
Suite_13,Deferred_Volume,0,474,1.1318,0.620812,0.042336,0.118784,0.463552,1.75298,570.456,15000,0,0
Suite_13,Deferred_Volume,0,475,1.12972,0.605132,0.04288,0.118752,0.458336,1.76618,566.194,15000,0,0
Suite_13,Deferred_Volume,0,476,1.13582,0.603198,0.042752,0.117568,0.449216,1.74822,572.011,15000,0,0
Suite_13,Deferred_Volume,0,477,1.13525,0.604775,0.043008,0.118848,0.448512,1.75358,570.263,15000,0,0
Suite_13,Deferred_Volume,0,478,1.12876,0.611342,0.043008,0.117312,0.461504,1.75489,569.837,15000,0,0
Suite_13,Deferred_Volume,0,479,1.1356,0.61416,0.042848,0.118784,0.456288,1.7539,570.159,15000,0,0
Suite_13,Deferred_Volume,0,480,1.13745,0.597777,0.043008,0.120352,0.460736,1.76295,567.231,15000,0,0
Suite_13,Deferred_Volume,0,481,1.13675,0.60166,0.043264,0.118432,0.4536,1.74934,571.645,15000,0,0
Suite_13,Deferred_Volume,0,482,1.13864,0.617837,0.043296,0.117536,0.464416,1.75262,570.574,15000,0,0
Suite_13,Deferred_Volume,0,483,1.14318,0.683709,0.043232,0.118208,0.456704,1.76983,565.025,15000,0,0
Suite_13,Deferred_Volume,0,484,1.13992,0.658796,0.043616,0.119456,0.462848,1.84623,541.644,15000,0,0
Suite_13,Deferred_Volume,0,485,1.14092,0.625241,0.044992,0.11936,0.4608,1.81711,550.325,15000,0,0
Suite_13,Deferred_Volume,0,486,1.14216,0.599669,0.044,0.118368,0.461024,1.78233,561.064,15000,0,0
Suite_13,Deferred_Volume,0,487,1.13873,0.603927,0.04448,0.118784,0.466048,1.75497,569.81,15000,0,0
Suite_13,Deferred_Volume,0,488,1.13498,0.605876,0.045056,0.119072,0.46704,1.75551,569.634,15000,0,0
Suite_13,Deferred_Volume,0,489,1.13023,0.967463,0.044512,0.120448,0.45728,1.75662,569.275,15000,0,0
Suite_13,Deferred_Volume,0,490,1.13464,0.608367,0.045056,0.120032,0.468992,2.11271,473.327,15000,0,0
Suite_13,Deferred_Volume,0,491,1.13108,0.599257,0.044,0.118784,0.471104,1.7562,569.413,15000,0,0
Suite_13,Deferred_Volume,0,492,1.13363,0.605485,0.045056,0.118784,0.46688,1.74278,573.795,15000,0,0
Suite_13,Deferred_Volume,0,493,1.13811,0.959652,0.045056,0.120224,0.468928,1.75357,570.266,15000,0,0
Suite_13,Deferred_Volume,0,494,1.13207,0.60857,0.046464,0.120832,0.48576,2.11276,473.315,15000,0,0
Suite_13,Deferred_Volume,0,495,1.12812,0.611788,0.04544,0.120896,0.462592,1.75403,570.117,15000,0,0
Suite_13,Deferred_Volume,0,496,1.13129,0.617591,0.045312,0.119328,0.462848,1.75239,570.648,15000,0,0
Suite_13,Deferred_Volume,0,497,1.13558,0.852633,0.046368,0.121984,0.469536,1.76556,566.393,15000,0,0
Suite_13,Deferred_Volume,0,498,1.13729,0.600403,0.0456,0.135808,0.485376,2.00302,499.247,15000,0,0
Suite_13,Deferred_Volume,0,499,1.13462,0.604076,0.046816,0.120896,0.467232,1.75096,571.115,15000,0,0
Suite_13,Deferred_Volume,0,500,1.13621,0.625089,0.045888,0.120736,0.466944,1.7513,571.004,15000,0,0
Suite_13,Deferred_Volume,0,501,1.13037,0.676026,0.04704,0.1216,0.4648,1.77769,562.529,15000,0,0
Suite_13,Deferred_Volume,0,502,1.13352,0.600674,0.046848,0.120512,0.465536,1.82591,547.672,15000,0,0
Suite_13,Deferred_Volume,0,503,1.13675,0.60772,0.045888,0.120832,0.464384,1.7469,572.444,15000,0,0
Suite_13,Deferred_Volume,0,504,1.1326,0.617685,0.046656,0.122144,0.473088,1.7575,568.989,15000,0,0
Suite_13,Deferred_Volume,0,505,1.13668,0.65888,0.047104,0.121312,0.465344,1.76661,566.057,15000,0,0
Suite_13,Deferred_Volume,0,506,1.13617,0.602437,0.046976,0.120768,0.46672,1.81012,552.449,15000,0,0
Suite_13,Deferred_Volume,0,507,1.14027,0.597844,0.047104,0.120672,0.467424,1.75104,571.088,15000,0,0
Suite_13,Deferred_Volume,0,508,1.14059,0.620091,0.047104,0.121856,0.471168,1.75069,571.202,15000,0,0
Suite_13,Deferred_Volume,0,509,1.13596,0.60517,0.047392,0.123712,0.475136,1.77592,563.087,15000,0,0
Suite_13,Deferred_Volume,0,510,1.1346,0.611306,0.047488,0.121344,0.466944,1.75678,569.225,15000,0,0
Suite_13,Deferred_Volume,0,511,1.13659,0.596623,0.048352,0.12208,0.460224,1.75906,568.487,15000,0,0
Suite_13,Deferred_Volume,0,512,1.13497,0.619667,0.048256,0.124032,0.475168,1.74583,572.792,15000,0,0
Suite_13,Deferred_Volume,0,513,1.13189,0.60686,0.048256,0.12288,0.477824,1.77135,564.542,15000,0,0
Suite_13,Deferred_Volume,0,514,1.13259,0.597584,0.048928,0.121696,0.469088,1.75311,570.416,15000,0,0
Suite_13,Deferred_Volume,0,515,1.13955,0.600842,0.049024,0.121312,0.472352,1.74326,573.637,15000,0,0
Suite_13,Deferred_Volume,0,516,1.139,0.628496,0.04768,0.122208,0.477184,1.75321,570.382,15000,0,0
Suite_13,Deferred_Volume,0,517,1.13912,0.605611,0.048448,0.12288,0.474816,1.78455,560.365,15000,0,0
Suite_13,Deferred_Volume,0,518,1.13491,0.604005,0.047488,0.12288,0.473056,1.75912,568.467,15000,0,0
Suite_13,Deferred_Volume,0,519,1.1267,0.59923,0.049088,0.121152,0.475072,1.75193,570.798,15000,0,0
Suite_13,Deferred_Volume,0,520,1.12887,1.0674,0.048128,0.12288,0.468544,1.73907,575.018,15000,0,0
Suite_13,Deferred_Volume,0,521,1.14465,0.61708,0.04784,0.12288,0.465152,2.21206,452.067,15000,0,0
Suite_13,Deferred_Volume,0,522,1.13436,0.628883,0.049152,0.141696,0.493888,1.77746,562.599,15000,0,0
Suite_13,Deferred_Volume,0,523,1.14165,0.61011,0.049152,0.124,0.469344,1.77666,562.855,15000,0,0
Suite_13,Deferred_Volume,0,524,1.14264,0.819916,0.049152,0.123392,0.473792,1.76545,566.429,15000,0,0
Suite_13,Deferred_Volume,0,525,1.13414,0.611981,0.049408,0.124576,0.491552,2.08066,480.617,15000,0,0
Suite_13,Deferred_Volume,0,526,1.13169,0.609946,0.049152,0.12288,0.47568,1.76082,567.919,15000,0,0
Suite_13,Deferred_Volume,0,527,1.13752,0.61338,0.049152,0.122784,0.471296,1.75459,569.934,15000,0,0
Suite_13,Deferred_Volume,0,528,1.1375,0.755142,0.049152,0.123968,0.475616,1.76458,566.708,15000,0,0
Suite_13,Deferred_Volume,0,529,1.13502,0.607282,0.055296,0.127392,0.490464,1.90777,524.171,15000,0,0
Suite_13,Deferred_Volume,0,530,1.13392,0.603867,0.049664,0.123296,0.472416,1.75615,569.428,15000,0,0
Suite_13,Deferred_Volume,0,531,1.13688,0.621758,0.049408,0.123008,0.477088,1.7563,569.378,15000,0,0
Suite_13,Deferred_Volume,0,532,1.13989,0.674411,0.049568,0.124928,0.47696,1.77237,564.215,15000,0,0
Suite_13,Deferred_Volume,0,533,1.13338,0.608483,0.050848,0.124096,0.473728,1.83053,546.289,15000,0,0
Suite_13,Deferred_Volume,0,534,1.13353,0.605227,0.04992,0.12352,0.478912,1.75552,569.631,15000,0,0
Suite_13,Deferred_Volume,0,535,1.13786,0.611535,0.050336,0.124608,0.472704,1.75185,570.826,15000,0,0
Suite_13,Deferred_Volume,0,536,1.13871,0.65432,0.049984,0.124512,0.47888,1.76372,566.983,15000,0,0
Suite_13,Deferred_Volume,0,537,1.13601,0.620715,0.0512,0.124064,0.500288,1.80914,552.749,15000,0,0
Suite_13,Deferred_Volume,0,538,1.12837,0.607382,0.04976,0.124544,0.479008,1.77131,564.553,15000,0,0
Suite_13,Deferred_Volume,0,539,1.13588,0.618277,0.04992,0.123968,0.47024,1.74883,571.811,15000,0,0
Suite_13,Deferred_Volume,0,540,1.1344,0.645191,0.05088,0.124928,0.476192,1.76807,565.588,15000,0,0
Suite_13,Deferred_Volume,0,541,1.13543,0.613676,0.050912,0.124544,0.47104,1.7948,557.165,15000,0,0
Suite_13,Deferred_Volume,0,542,1.13375,0.615269,0.051008,0.124928,0.47824,1.77007,564.949,15000,0,0
Suite_13,Deferred_Volume,0,543,1.13457,1.12662,0.0512,0.124928,0.477248,1.76185,567.586,15000,0,0
Suite_13,Deferred_Volume,0,544,1.14156,0.608188,0.0512,0.124928,0.479264,2.27526,439.511,15000,0,0
Suite_13,Deferred_Volume,0,545,1.13545,0.607089,0.051616,0.146016,0.503552,1.76465,566.684,15000,0,0
Suite_13,Deferred_Volume,0,546,1.13607,0.600883,0.052288,0.125312,0.477152,1.75619,569.413,15000,0,0
Suite_13,Deferred_Volume,0,547,1.14255,0.821903,0.051552,0.125888,0.478304,1.75021,571.361,15000,0,0
Suite_13,Deferred_Volume,0,548,1.13474,0.608471,0.052672,0.126208,0.491968,2.13026,469.426,15000,0,0
Suite_13,Deferred_Volume,0,549,1.13418,0.605033,0.051584,0.123904,0.48128,1.75944,568.362,15000,0,0
Suite_13,Deferred_Volume,0,550,1.13485,0.617366,0.052448,0.124928,0.469472,1.75346,570.302,15000,0,0
Suite_13,Deferred_Volume,0,551,1.13871,0.762954,0.051392,0.126656,0.479232,1.76581,566.312,15000,0,0
Suite_13,Deferred_Volume,0,552,1.14239,0.616041,0.051936,0.125696,0.482528,1.91484,522.237,15000,0,0
Suite_13,Deferred_Volume,0,553,1.13432,0.600638,0.052288,0.124928,0.482016,1.778,562.429,15000,0,0
Suite_13,Deferred_Volume,0,554,1.13641,0.614943,0.05152,0.126752,0.486528,1.74938,571.632,15000,0,0
Suite_13,Deferred_Volume,0,555,1.13368,0.81255,0.051872,0.126176,0.484544,1.76498,566.579,15000,0,0
Suite_13,Deferred_Volume,0,556,1.13572,0.605717,0.05152,0.12624,0.477184,1.95939,510.363,15000,0,0
Suite_13,Deferred_Volume,0,557,1.13457,0.611496,0.052544,0.1248,0.477952,1.76361,567.019,15000,0,0
Suite_13,Deferred_Volume,0,558,1.13992,0.624086,0.051744,0.126496,0.475136,1.75994,568.201,15000,0,0
Suite_13,Deferred_Volume,0,559,1.13628,0.610163,0.053056,0.12576,0.483136,1.78151,561.32,15000,0,0
Suite_13,Deferred_Volume,0,560,1.1377,0.60567,0.051808,0.124928,0.481088,1.75931,568.406,15000,0,0
Suite_13,Deferred_Volume,0,561,1.1355,0.603871,0.052096,0.124928,0.48128,1.7579,568.862,15000,0,0
Suite_13,Deferred_Volume,0,562,1.14242,0.614378,0.053248,0.125344,0.473536,1.75318,570.391,15000,0,0
Suite_13,Deferred_Volume,0,563,1.13693,0.612505,0.052992,0.126176,0.480256,1.77124,564.577,15000,0,0
Suite_13,Deferred_Volume,0,564,1.13627,0.605579,0.052928,0.126112,0.482944,1.76219,567.476,15000,0,0
Suite_13,Deferred_Volume,0,565,1.13387,0.604342,0.053248,0.126208,0.478944,1.75714,569.105,15000,0,0
Suite_13,Deferred_Volume,0,566,1.13561,1.05306,0.053248,0.12672,0.487296,1.75209,570.747,15000,0,0
Suite_13,Deferred_Volume,0,567,1.13321,0.607948,0.053344,0.126912,0.474464,2.20255,454.02,15000,0,0
Suite_13,Deferred_Volume,0,568,1.13715,0.608336,0.053248,0.149504,0.503808,1.75412,570.088,15000,0,0
Suite_13,Deferred_Volume,0,569,1.13701,0.605367,0.053312,0.126976,0.483328,1.76021,568.115,15000,0,0
Suite_13,Deferred_Volume,0,570,1.13833,0.874806,0.0536,0.126976,0.4864,1.75643,569.338,15000,0,0
Suite_13,Deferred_Volume,0,571,1.13862,0.610697,0.053664,0.125728,0.49072,2.12859,469.796,15000,0,0
Suite_13,Deferred_Volume,0,572,1.13892,0.603512,0.053248,0.125152,0.479392,1.76247,567.385,15000,0,0
Suite_13,Deferred_Volume,0,573,1.13336,0.618964,0.053728,0.125376,0.48064,1.75703,569.142,15000,0,0
Suite_13,Deferred_Volume,0,574,1.13755,0.705488,0.053472,0.126176,0.475136,1.77177,564.408,15000,0,0
Suite_13,Deferred_Volume,0,575,1.14125,0.603457,0.053504,0.125088,0.480608,1.90738,524.28,15000,0,0
Suite_13,Deferred_Volume,0,576,1.1416,0.608476,0.054656,0.126976,0.4752,1.75728,569.06,15000,0,0
Suite_13,Deferred_Volume,0,577,1.14939,0.689209,0.06096,0.126624,0.481568,1.77179,564.402,15000,128,0.000163202
Suite_13,Deferred_Volume,0,578,1.14458,0.655086,0.065536,0.1256,0.493888,1.85721,538.441,15000,128,0.000163769
Suite_13,Deferred_Volume,0,579,1.144,0.622156,0.06272,0.126976,0.487712,1.81483,551.015,15000,128,0.000164342
Suite_13,Deferred_Volume,0,580,1.14939,0.616785,0.06112,0.126976,0.494688,1.77974,561.879,15000,256,0.000277243
Suite_13,Deferred_Volume,0,581,1.14626,0.642825,0.06672,0.126976,0.499264,1.78193,561.189,15000,256,0.000278224
Suite_13,Deferred_Volume,0,582,1.14122,0.624329,0.062112,0.127392,0.49152,1.80525,553.94,15000,256,0.000279213
Suite_13,Deferred_Volume,0,583,1.13982,0.632865,0.06144,0.1272,0.494688,1.77921,562.048,15000,384,0.000431886
Suite_13,Deferred_Volume,0,584,1.14269,0.618398,0.06144,0.1272,0.491968,1.78608,559.884,15000,384,0.000433338
Suite_13,Deferred_Volume,0,585,1.14716,1.07597,0.059808,0.1264,0.484448,1.79091,558.376,15000,384,0.000434801
Suite_13,Deferred_Volume,0,586,1.13986,0.619916,0.06144,0.127008,0.487936,2.24035,446.358,15000,384,0.000436277
Suite_13,Deferred_Volume,0,587,1.14355,0.624876,0.06144,0.14336,0.50928,1.77862,562.235,15000,512,0.000710018
Suite_13,Deferred_Volume,0,588,1.14288,0.621174,0.066624,0.126528,0.495648,1.78185,561.215,15000,640,0.000776985
Suite_13,Deferred_Volume,0,589,1.14297,0.845653,0.065632,0.1272,0.503072,1.77971,561.89,15000,640,0.000779822
Suite_13,Deferred_Volume,0,590,1.14548,0.63441,0.062464,0.147584,0.513536,2.10727,474.548,15000,768,0.00121489
Suite_13,Deferred_Volume,0,591,1.14272,0.629182,0.067328,0.125856,0.493952,1.79399,557.417,15000,896,0.00145927
Suite_13,Deferred_Volume,0,592,1.14756,0.631365,0.06528,0.1288,0.49152,1.78576,559.987,15000,1024,0.00163708
Suite_13,Deferred_Volume,0,593,1.1532,0.696085,0.065536,0.1264,0.497312,1.79558,556.922,15000,1024,0.00164307
Suite_13,Deferred_Volume,0,594,1.14465,0.631964,0.064288,0.126976,0.489152,1.86539,536.082,15000,1024,0.0016491
Suite_13,Deferred_Volume,0,595,1.14621,0.625059,0.0656,0.126976,0.495616,1.79034,558.554,15000,1024,0.0016552
Suite_13,Deferred_Volume,0,596,1.14612,0.664821,0.064448,0.126592,0.493568,1.785,560.223,15000,1152,0.00169501
Suite_13,Deferred_Volume,0,597,1.14962,0.624999,0.06144,0.129024,0.48976,1.8299,546.478,15000,1280,0.00197804
Suite_13,Deferred_Volume,0,598,1.14893,0.621466,0.062464,0.126144,0.489376,1.79004,558.647,15000,1536,0.00249777
Suite_13,Deferred_Volume,0,599,1.14884,0.627558,0.063488,0.127104,0.487776,1.78403,560.527,15000,1792,0.00316409
Suite_13,Deferred_Volume,0,600,1.15013,1.14322,0.0664,0.127264,0.497664,1.79039,558.539,15000,1920,0.00346947
Suite_13,Deferred_Volume,0,601,1.15584,0.630926,0.06544,0.12752,0.497664,2.31141,432.636,15000,2048,0.00379887
Suite_13,Deferred_Volume,0,602,1.15298,0.628085,0.065312,0.126976,0.5096,1.8029,554.661,15000,2176,0.00404335
Suite_13,Deferred_Volume,0,603,1.15139,0.634986,0.06688,0.128576,0.493632,1.7951,557.072,15000,2304,0.00424228
Suite_13,Deferred_Volume,0,604,1.15207,0.7714,0.065536,0.129024,0.499904,1.80122,555.178,15000,2304,0.0042581
Suite_13,Deferred_Volume,0,605,1.15284,0.634757,0.065536,0.143936,0.512544,2.09342,477.687,15000,2432,0.004374
Suite_13,Deferred_Volume,0,606,1.14957,0.627245,0.062432,0.126976,0.495744,1.80303,554.622,15000,2432,0.00439048
Suite_13,Deferred_Volume,0,607,1.1548,0.649501,0.06352,0.126976,0.49904,1.79094,558.367,15000,2432,0.00440711
Suite_13,Deferred_Volume,0,608,1.15359,0.672781,0.065536,0.128544,0.497824,1.81961,549.567,15000,2432,0.00442387
Suite_13,Deferred_Volume,0,609,1.16175,0.634895,0.063712,0.127744,0.488768,1.84304,542.582,15000,2432,0.00444078
Suite_13,Deferred_Volume,0,610,1.14965,0.636678,0.06816,0.12864,0.495104,1.8118,551.936,15000,2432,0.00445784
Suite_13,Deferred_Volume,0,611,1.15715,0.646354,0.064832,0.126976,0.493056,1.81119,552.123,15000,2560,0.00468685
Suite_13,Deferred_Volume,0,612,1.15338,0.623335,0.063488,0.129024,0.490176,1.81896,549.765,15000,2560,0.00470506
Suite_13,Deferred_Volume,0,613,1.15292,0.640225,0.065312,0.129024,0.499712,1.79379,557.479,15000,2688,0.00476432
Suite_13,Deferred_Volume,0,614,1.1533,0.626434,0.069952,0.126976,0.50176,1.8092,552.73,15000,2816,0.0051512
Suite_13,Deferred_Volume,0,615,1.15715,1.04259,0.065536,0.129024,0.497952,1.79438,557.296,15000,2944,0.005211
Suite_13,Deferred_Volume,0,616,1.15637,0.628212,0.065952,0.129024,0.499712,2.22112,450.224,15000,3072,0.00526029
Suite_13,Deferred_Volume,0,617,1.15236,0.632093,0.083968,0.129152,0.517312,1.80127,555.164,15000,3072,0.00528099
Suite_13,Deferred_Volume,0,618,1.15518,0.626019,0.068352,0.128736,0.49904,1.79982,555.611,15000,3200,0.00541473
Suite_13,Deferred_Volume,0,619,1.15906,0.875587,0.067808,0.130592,0.50512,1.79564,556.906,15000,3200,0.00543615
Suite_13,Deferred_Volume,0,620,1.15733,0.6358,0.070912,0.13296,0.5088,2.10141,475.871,15000,3200,0.00545776
Suite_13,Deferred_Volume,0,621,1.15681,0.632255,0.06624,0.129024,0.497664,1.80992,552.512,15000,3072,0.0052588
Suite_13,Deferred_Volume,0,622,1.15821,0.645817,0.069504,0.12912,0.50256,1.80503,554.007,15000,3200,0.00548973
Suite_13,Deferred_Volume,0,623,1.15724,0.643515,0.067264,0.13184,0.497664,1.81987,549.491,15000,3456,0.00577544
Suite_13,Deferred_Volume,0,624,1.15941,0.62781,0.070656,0.128544,0.501856,1.81706,550.339,15000,3584,0.00598542
Suite_13,Deferred_Volume,0,625,1.15694,0.639058,0.067776,0.12912,0.50176,1.80374,554.402,15000,3840,0.00650123
Suite_13,Deferred_Volume,0,626,1.16223,0.655463,0.068576,0.130592,0.497664,1.81215,551.829,15000,3840,0.00652725
Suite_13,Deferred_Volume,0,627,1.15986,0.625538,0.066944,0.129024,0.50352,1.8343,545.166,15000,3840,0.0065535
Suite_13,Deferred_Volume,0,628,1.15909,0.636941,0.069952,0.128992,0.497664,1.80049,555.405,15000,3968,0.00669116
Suite_13,Deferred_Volume,0,629,1.15934,0.634174,0.067456,0.130208,0.497088,1.81308,551.548,15000,4224,0.00714527
Suite_13,Deferred_Volume,0,630,1.16473,0.958599,0.066208,0.130912,0.493568,1.80968,552.585,15000,4224,0.00717406
Suite_13,Deferred_Volume,0,631,1.1595,0.65419,0.07376,0.1296,0.508672,2.14031,467.223,15000,4224,0.00720309
Suite_13,Deferred_Volume,0,632,1.16476,0.653012,0.081856,0.129184,0.52224,1.83,546.45,15000,4224,0.00723237
Suite_13,Deferred_Volume,0,633,1.16184,0.638957,0.066144,0.131168,0.503744,1.83575,544.737,15000,4352,0.00740432
Suite_13,Deferred_Volume,0,634,1.16786,0.902164,0.067392,0.130656,0.501888,1.81728,550.273,15000,4480,0.00766914
Suite_13,Deferred_Volume,0,635,1.16484,0.64044,0.067744,0.127744,0.500928,2.08647,479.278,15000,4608,0.0077561
Suite_13,Deferred_Volume,0,636,1.15985,0.636485,0.070656,0.129024,0.498112,1.82153,548.99,15000,4608,0.00778799
Suite_13,Deferred_Volume,0,637,1.16107,0.648953,0.068128,0.131072,0.505408,1.81327,551.489,15000,4736,0.00812143
Suite_13,Deferred_Volume,0,638,1.16331,0.703717,0.071296,0.132096,0.509952,1.82795,547.062,15000,4736,0.00815496
Suite_13,Deferred_Volume,0,639,1.16106,0.645205,0.067648,0.129792,0.503808,1.88289,531.099,15000,4736,0.00818876
Suite_13,Deferred_Volume,0,640,1.16361,0.621802,0.067584,0.130656,0.493952,1.82136,549.042,15000,4992,0.00880981
Suite_13,Deferred_Volume,0,641,1.16747,1.11316,0.069888,0.131104,0.49904,1.80212,554.902,15000,5120,0.00916439
Suite_13,Deferred_Volume,0,642,1.16496,0.638826,0.067584,0.130144,0.499808,2.29917,434.94,15000,5120,0.00920227
Suite_13,Deferred_Volume,0,643,1.1633,0.640173,0.086624,0.129024,0.524064,1.81952,549.595,15000,5120,0.00924047
Suite_13,Deferred_Volume,0,644,1.1668,0.632583,0.068256,0.12944,0.503808,1.82236,548.738,15000,5120,0.00927897
Suite_13,Deferred_Volume,0,645,1.17177,0.759445,0.069632,0.129568,0.499712,1.81832,549.959,15000,5504,0.00989768
Suite_13,Deferred_Volume,0,646,1.16731,0.639924,0.069632,0.130752,0.497952,2.10617,474.795,15000,5504,0.00993926
Suite_13,Deferred_Volume,0,647,1.16472,0.64696,0.067008,0.13024,0.499712,1.82367,548.346,15000,5632,0.0102146
Suite_13,Deferred_Volume,0,648,1.19693,0.739612,0.067584,0.129184,0.504,1.82806,547.027,15000,5760,0.0106824
Suite_13,Deferred_Volume,0,649,1.17216,0.647243,0.069632,0.131104,0.50224,1.95918,510.419,15000,5632,0.0103671
Suite_13,Deferred_Volume,0,650,1.16747,0.630236,0.067584,0.13056,0.495616,1.83725,544.291,15000,5632,0.0104109
Suite_13,Deferred_Volume,0,651,1.16555,0.627574,0.071424,0.131072,0.497664,1.81307,551.55,15000,5632,0.010455
Suite_13,Deferred_Volume,0,652,1.16996,0.99251,0.06768,0.131072,0.506048,1.80862,552.906,15000,5504,0.0103476
Suite_13,Deferred_Volume,0,653,1.16533,0.628661,0.067584,0.130464,0.501312,2.18119,458.465,15000,5504,0.0103918
Suite_13,Deferred_Volume,0,654,1.16373,0.620239,0.071936,0.12896,0.505856,1.81084,552.23,15000,5632,0.010672
Suite_13,Deferred_Volume,0,655,1.16192,0.626388,0.067904,0.129632,0.502816,1.79901,555.863,15000,5632,0.0107177
Suite_13,Deferred_Volume,0,656,1.1659,0.934703,0.06768,0.130848,0.50624,1.80377,554.393,15000,5760,0.0108402
Suite_13,Deferred_Volume,0,657,1.16671,0.638485,0.086688,0.133632,0.526336,2.12476,470.642,15000,5888,0.010943
Suite_13,Deferred_Volume,0,658,1.16505,0.637588,0.071136,0.131072,0.50448,1.82206,548.829,15000,5888,0.0109903
Suite_13,Deferred_Volume,0,659,1.17167,0.653869,0.071296,0.1312,0.504736,1.81802,550.049,15000,5888,0.0110379
Suite_13,Deferred_Volume,0,660,1.16698,0.631361,0.070432,0.131072,0.507904,1.84221,542.827,15000,5888,0.0106657
Suite_13,Deferred_Volume,0,661,1.17453,0.631264,0.07296,0.131072,0.501984,1.81698,550.364,15000,6016,0.010931
Suite_13,Deferred_Volume,0,662,1.16689,0.639022,0.070112,0.129632,0.499712,1.82234,548.747,15000,6016,0.0109782
Suite_13,Deferred_Volume,0,663,1.16866,0.65523,0.073728,0.130656,0.506176,1.82119,549.091,15000,6016,0.0109612
Suite_13,Deferred_Volume,0,664,1.16523,0.634909,0.069632,0.130336,0.498464,1.84079,543.244,15000,6016,0.0110089
Suite_13,Deferred_Volume,0,665,1.16336,0.633788,0.073088,0.131072,0.508128,1.81785,550.1,15000,6016,0.011057
Suite_13,Deferred_Volume,0,666,1.16445,0.624151,0.072192,0.131872,0.508,1.81341,551.448,15000,6144,0.0111712
Suite_13,Deferred_Volume,0,667,1.16978,0.954979,0.073728,0.130912,0.502112,1.80425,554.248,15000,6144,0.0112203
Suite_13,Deferred_Volume,0,668,1.16901,0.626296,0.070624,0.131072,0.507136,2.1415,466.961,15000,6144,0.0112698
Suite_13,Deferred_Volume,0,669,1.16245,0.631058,0.070112,0.130624,0.50368,1.81283,551.624,15000,6144,0.0113196
Suite_13,Deferred_Volume,0,670,1.16526,0.62775,0.06928,0.13312,0.507904,1.81005,552.47,15000,6144,0.0113699
Suite_13,Deferred_Volume,0,671,1.16687,0.927183,0.069632,0.131072,0.504416,1.80907,552.769,15000,6144,0.0114206
Suite_13,Deferred_Volume,0,672,1.16735,0.641633,0.071424,0.131712,0.508288,2.11075,473.766,15000,6144,0.0114717
Suite_13,Deferred_Volume,0,673,1.164,0.631216,0.069248,0.132576,0.506976,1.83266,545.655,15000,6144,0.0115232
Suite_13,Deferred_Volume,0,674,1.16592,0.652749,0.07168,0.131104,0.505888,1.81255,551.71,15000,6144,0.0115751
Suite_13,Deferred_Volume,0,675,1.16692,0.631859,0.068416,0.132448,0.507904,1.83985,543.524,15000,6144,0.0116274
Suite_13,Deferred_Volume,0,676,1.16371,0.635269,0.07168,0.130496,0.50176,1.81484,551.014,15000,6272,0.0118473
Suite_13,Deferred_Volume,0,677,1.16386,0.631456,0.067584,0.131072,0.502272,1.81672,550.443,15000,6272,0.0119011
Suite_13,Deferred_Volume,0,678,1.1672,1.05908,0.069728,0.132416,0.497568,1.8122,551.815,15000,6272,0.0119553
Suite_13,Deferred_Volume,0,679,1.16853,0.634831,0.06992,0.13312,0.499712,2.2434,445.751,15000,6400,0.0123605
Suite_13,Deferred_Volume,0,680,1.16496,0.625488,0.073728,0.13104,0.510048,1.81931,549.659,15000,6400,0.012417
Suite_13,Deferred_Volume,0,681,1.16538,0.628196,0.074912,0.132032,0.515936,1.80814,553.056,15000,6400,0.012474
Suite_13,Deferred_Volume,0,682,1.16793,0.811058,0.06992,0.133728,0.503392,1.81054,552.32,15000,6400,0.0121405
Suite_13,Deferred_Volume,0,683,1.16591,0.724428,1.14611,0.13216,1.57901,2.09391,477.576,15000,6272,0.0119343
Suite_13,Deferred_Volume,0,684,1.16446,0.623886,0.07056,0.131488,0.505952,1.90659,524.497,15000,6272,0.0119885
Suite_13,Deferred_Volume,0,685,1.18832,0.692609,0.06848,0.131392,0.503808,1.8057,553.802,15000,6272,0.0120432
Suite_13,Deferred_Volume,0,686,1.17248,0.634327,0.07104,0.134432,0.504896,1.90212,525.729,15000,6272,0.0120983
Suite_13,Deferred_Volume,0,687,1.16767,0.631274,0.068576,0.131072,0.499712,1.82323,548.477,15000,6144,0.0117764
Suite_13,Deferred_Volume,0,688,1.16303,0.63898,0.0696,0.13168,0.497408,1.81423,551.197,15000,6144,0.0118304
Suite_13,Deferred_Volume,0,689,1.16602,1.06282,0.069632,0.13312,0.512288,1.81996,549.461,15000,6144,0.0118849
Suite_13,Deferred_Volume,0,690,1.16647,0.629768,0.072128,0.13152,0.497568,2.24762,444.914,15000,6144,0.0119399
Suite_13,Deferred_Volume,0,691,1.16347,0.628839,0.075648,0.130944,0.508672,1.8124,551.756,15000,6144,0.0119952
Suite_13,Deferred_Volume,0,692,1.16413,0.622035,0.069568,0.133568,0.505856,1.80752,553.243,15000,6144,0.012051
Suite_13,Deferred_Volume,0,693,1.17095,0.815241,0.069856,0.133056,0.512,1.81254,551.711,15000,6272,0.012563
Suite_13,Deferred_Volume,0,694,1.16707,0.639242,0.071968,0.132672,0.509952,2.10548,474.95,15000,6272,0.0126218
Suite_13,Deferred_Volume,0,695,1.17012,0.622878,0.069696,0.1312,0.50784,1.82217,548.797,15000,6272,0.012681
Suite_13,Deferred_Volume,0,696,1.16587,0.644232,0.07168,0.131072,0.503808,1.80834,552.994,15000,6144,0.0126329
Suite_13,Deferred_Volume,0,697,1.16461,0.712051,0.076224,0.132864,0.518144,1.82889,546.781,15000,6144,0.0126924
Suite_13,Deferred_Volume,0,698,1.165,0.636452,0.069216,0.13184,0.505184,1.89399,527.986,15000,6272,0.0130088
Suite_13,Deferred_Volume,0,699,1.16299,0.625682,0.071104,0.1336,0.51568,1.81706,550.339,15000,6272,0.0130701
Suite_13,Deferred_Volume,0,700,1.16938,1.12424,0.070816,0.134368,0.508096,1.80424,554.249,15000,6272,0.0131319
Suite_13,Deferred_Volume,0,701,1.16356,0.641703,0.071776,0.13296,0.509536,2.3166,431.667,15000,6016,0.0126711
Suite_13,Deferred_Volume,0,702,1.16539,0.640557,0.09376,0.131872,0.53088,1.82261,548.663,15000,6144,0.0128711
Suite_13,Deferred_Volume,0,703,1.16102,0.626519,0.075776,0.13312,0.505856,1.82247,548.705,15000,5888,0.0122206
Suite_13,Deferred_Volume,0,704,1.16665,0.775423,0.069984,0.13312,0.499168,1.80317,554.58,15000,5888,0.0122787
Suite_13,Deferred_Volume,0,705,1.16625,0.630201,0.069312,0.13312,0.499712,2.11244,473.386,15000,5632,0.0117407
Suite_13,Deferred_Volume,0,706,1.16202,0.628523,0.069632,0.132704,0.508672,1.81334,551.469,15000,5632,0.0117964
Suite_13,Deferred_Volume,0,707,1.16544,0.644111,0.070848,0.13312,0.510336,1.80581,553.767,15000,5632,0.0118525
Suite_13,Deferred_Volume,0,708,1.16536,0.707518,0.068448,0.13424,0.505856,1.82626,547.568,15000,5632,0.011909
Suite_13,Deferred_Volume,0,709,1.1599,0.629431,0.069632,0.13216,0.496608,1.89189,528.572,15000,5504,0.0115649
Suite_13,Deferred_Volume,0,710,1.16332,0.622187,0.069344,0.131808,0.5088,1.80571,553.797,15000,5504,0.0116204
Suite_13,Deferred_Volume,0,711,1.16654,1.14265,0.073568,0.132032,0.515424,1.80079,555.313,15000,5504,0.0116764
Suite_13,Deferred_Volume,0,712,1.16283,0.624326,0.07168,0.132672,0.505248,2.32611,429.902,15000,5376,0.0114587
Suite_13,Deferred_Volume,0,713,1.16132,0.623797,0.070272,0.13312,0.516096,1.81793,550.077,15000,5248,0.0113444
Suite_13,Deferred_Volume,0,714,1.16049,0.635127,0.070368,0.13312,0.507904,1.80155,555.079,15000,5248,0.0113993
Suite_13,Deferred_Volume,0,715,1.1653,0.768219,0.069568,0.133504,0.510816,1.81202,551.871,15000,5120,0.01095
Suite_13,Deferred_Volume,0,716,1.16234,0.636129,0.092352,0.136096,0.530432,2.10208,475.72,15000,5120,0.0110034
Suite_13,Deferred_Volume,0,717,1.16147,0.628845,0.073728,0.13264,0.512864,1.81553,550.802,15000,5120,0.0110572
Suite_13,Deferred_Volume,0,718,1.16205,0.644057,0.068448,0.13312,0.505856,1.80654,553.543,15000,4992,0.0105161
Suite_13,Deferred_Volume,0,719,1.16437,0.688764,0.067712,0.134592,0.508416,1.82269,548.639,15000,4864,0.0102261
Suite_13,Deferred_Volume,0,720,1.15904,0.622178,0.071104,0.13312,0.5096,1.86887,535.084,15000,4992,0.0105656
Suite_13,Deferred_Volume,0,721,1.16249,0.631483,0.073728,0.132864,0.506016,1.79805,556.158,15000,4992,0.0106171
Suite_13,Deferred_Volume,0,722,1.16352,0.639455,0.071456,0.133792,0.509824,1.81024,552.414,15000,4992,0.010669
Suite_13,Deferred_Volume,0,723,1.16105,0.628732,0.07168,0.135168,0.514368,1.81932,549.656,15000,4992,0.0107213
Suite_13,Deferred_Volume,0,724,1.16004,0.633502,0.07168,0.13312,0.511328,1.80515,553.971,15000,4864,0.0104863
Suite_13,Deferred_Volume,0,725,1.15922,0.631622,0.070016,0.13312,0.507744,1.81097,552.19,15000,4864,0.0105379
Suite_13,Deferred_Volume,0,726,1.16597,0.960604,0.073888,0.133824,0.50176,1.80807,553.077,15000,4992,0.0107272
Suite_13,Deferred_Volume,0,727,1.15724,0.63419,0.071008,0.13296,0.503904,2.14264,466.715,15000,4864,0.00994108
Suite_13,Deferred_Volume,0,728,1.16143,0.632744,0.077824,0.13312,0.518144,1.8067,553.495,15000,4864,0.00998937
Suite_13,Deferred_Volume,0,729,1.15864,0.633742,0.075776,0.133472,0.514752,1.81147,552.039,15000,4736,0.00997083
Suite_13,Deferred_Volume,0,730,1.16127,0.92167,0.074336,0.134176,0.5152,1.81454,551.104,15000,4736,0.0100195
Suite_13,Deferred_Volume,0,731,1.15981,0.639863,0.06816,0.131904,0.50176,2.09898,476.423,15000,4736,0.0100686
Suite_13,Deferred_Volume,0,732,1.1572,0.630813,0.073728,0.134176,0.50992,1.81455,551.101,15000,4736,0.010118
Suite_13,Deferred_Volume,0,733,1.16408,0.660171,0.068384,0.13312,0.50528,1.80468,554.115,15000,4736,0.0101678
Suite_13,Deferred_Volume,0,734,1.15778,0.670123,0.073504,0.13408,0.510048,1.84234,542.788,15000,4736,0.0102179
Suite_13,Deferred_Volume,0,735,1.16087,0.62209,0.07168,0.132192,0.506048,1.84362,542.411,15000,4736,0.0102685
Suite_13,Deferred_Volume,0,736,1.15815,0.644749,0.073728,0.135168,0.515072,1.7978,556.236,15000,4736,0.0103194
Suite_13,Deferred_Volume,0,737,1.16185,1.15372,0.073952,0.1352,0.515424,1.81936,549.643,15000,4608,0.00981468
Suite_13,Deferred_Volume,0,738,1.16474,0.664044,0.077568,0.13312,0.507264,2.3337,428.504,15000,4736,0.00995208
Suite_13,Deferred_Volume,0,739,1.16063,0.64079,0.09216,0.133312,0.527168,1.8482,541.068,15000,4736,0.0100017
Suite_13,Deferred_Volume,0,740,1.15987,0.631426,0.069312,0.13392,0.505344,1.81707,550.337,15000,4736,0.0100516
Suite_13,Deferred_Volume,0,741,1.16176,0.763584,0.070624,0.135168,0.512,1.81003,552.478,15000,4608,0.0097514
Suite_13,Deferred_Volume,0,742,1.15936,0.648079,0.074752,0.133504,0.512064,2.09557,477.197,15000,4608,0.00980039
Suite_13,Deferred_Volume,0,743,1.15752,0.657253,0.069376,0.134336,0.505856,1.82331,548.453,15000,4608,0.00984977
Suite_13,Deferred_Volume,0,744,1.15981,0.644878,0.075072,0.135168,0.5184,1.82976,546.519,15000,4608,0.00989951
Suite_13,Deferred_Volume,0,745,1.16164,0.687371,0.070656,0.135168,0.512352,1.82265,548.65,15000,4736,0.0100381
Suite_13,Deferred_Volume,0,746,1.15914,0.637026,0.070752,0.13312,0.50976,1.86591,535.932,15000,4736,0.0100889
Suite_13,Deferred_Volume,0,747,1.15867,0.629993,0.07168,0.13312,0.508544,1.81113,552.141,15000,4736,0.0101401
Suite_13,Deferred_Volume,0,748,1.16033,1.12818,0.07168,0.135168,0.512352,1.80362,554.441,15000,4736,0.0101918
Suite_13,Deferred_Volume,0,749,1.15829,0.649259,0.072832,0.135168,0.511488,2.30702,433.459,15000,4608,0.0101534
Suite_13,Deferred_Volume,0,750,1.15828,0.635894,0.073984,0.132928,0.516096,1.82462,548.059,15000,4608,0.0102053
Suite_13,Deferred_Volume,0,751,1.15965,0.643419,0.071616,0.133472,0.512,1.80918,552.738,15000,4608,0.0102577
Suite_13,Deferred_Volume,0,752,1.16251,0.740549,0.070208,0.135168,0.51152,1.81899,549.754,15000,4608,0.0103104
Suite_13,Deferred_Volume,0,753,1.1607,0.628223,0.08512,0.138464,0.518656,2.07248,482.514,15000,4608,0.0103636
Suite_13,Deferred_Volume,0,754,1.16228,0.64337,0.071392,0.133312,0.501024,1.80522,553.949,15000,4736,0.0104766
Suite_13,Deferred_Volume,0,755,1.16209,0.661754,0.075232,0.135136,0.51632,1.82073,549.23,15000,4736,0.0105308
Suite_13,Deferred_Volume,0,756,1.16016,0.641194,0.074496,0.135168,0.520032,1.8404,543.36,15000,4608,0.0102726
Suite_13,Deferred_Volume,0,757,1.15833,0.637846,0.071712,0.13312,0.512096,1.82025,549.374,15000,4608,0.010326
Suite_13,Deferred_Volume,0,758,1.15831,0.64151,0.070912,0.134432,0.510528,1.81664,550.468,15000,4480,0.00989133
Suite_13,Deferred_Volume,0,759,1.16026,0.648176,0.073728,0.132768,0.514016,1.81496,550.978,15000,4480,0.00994273
Suite_13,Deferred_Volume,0,760,1.16256,0.62802,0.070208,0.133344,0.503808,1.82415,548.201,15000,4480,0.00943647
Suite_13,Deferred_Volume,0,761,1.15675,0.635741,0.069664,0.13312,0.50608,1.80743,553.271,15000,4480,0.00948523
Suite_13,Deferred_Volume,0,762,1.15722,0.63321,0.074176,0.134176,0.518144,1.80829,553.008,15000,4480,0.00953436
Suite_13,Deferred_Volume,0,763,1.16019,0.973289,0.073728,0.134752,0.518144,1.80577,553.78,15000,4480,0.00958385
Suite_13,Deferred_Volume,0,764,1.15616,0.640494,0.072192,0.133312,0.505856,2.15079,464.945,15000,4352,0.00922757
Suite_13,Deferred_Volume,0,765,1.15752,0.649001,0.071232,0.134976,0.525536,1.81379,551.331,15000,4224,0.00853703
Suite_13,Deferred_Volume,0,766,1.16157,0.631535,0.072064,0.135392,0.505152,1.82263,548.658,15000,4224,0.00858072
Suite_13,Deferred_Volume,0,767,1.16462,0.923748,0.073728,0.133376,0.516096,1.80815,553.051,15000,4224,0.00862473
Suite_13,Deferred_Volume,0,768,1.15461,0.630162,0.071872,0.132736,0.50736,2.10416,475.248,15000,4224,0.00866907
Suite_13,Deferred_Volume,0,769,1.15966,0.631035,0.070432,0.136224,0.507904,1.80133,555.147,15000,4224,0.00871374
Suite_13,Deferred_Volume,0,770,1.16204,0.669893,0.073728,0.134752,0.516768,1.80674,553.482,15000,4224,0.00875873
Suite_13,Deferred_Volume,0,771,1.15954,0.674422,0.077152,0.135168,0.519392,1.84867,540.929,15000,4224,0.00853097
Suite_13,Deferred_Volume,0,772,1.15741,0.634024,0.072672,0.133792,0.509088,1.84944,540.705,15000,4224,0.00857461
Suite_13,Deferred_Volume,0,773,1.15712,0.626892,0.070016,0.133792,0.50176,1.80908,552.767,15000,4352,0.00883067
Suite_13,Deferred_Volume,0,774,1.1618,1.13838,0.071136,0.136448,0.509632,1.80004,555.544,15000,4352,0.00887595
Suite_13,Deferred_Volume,0,775,1.15999,0.642002,0.07168,0.13328,0.509952,2.31734,431.529,15000,4480,0.00912306
Suite_13,Deferred_Volume,0,776,1.1572,0.632778,0.085696,0.13376,0.524832,1.81776,550.127,15000,4480,0.00916984
Suite_13,Deferred_Volume,0,777,1.16283,0.622555,0.071616,0.133696,0.510336,1.8066,553.526,15000,4480,0.00921696
Suite_13,Deferred_Volume,0,778,1.16151,0.776505,0.07168,0.135392,0.513952,1.80163,555.054,15000,4480,0.00926442
Suite_13,Deferred_Volume,0,779,1.1583,0.642478,0.070272,0.13344,0.505632,2.1062,474.79,15000,4480,0.00931223
Suite_13,Deferred_Volume,0,780,1.15945,0.631496,0.073152,0.134464,0.514208,1.81571,550.748,15000,4352,0.0086773
Suite_13,Deferred_Volume,0,781,1.16386,0.657197,0.072864,0.135168,0.5128,1.80752,553.243,15000,4352,0.00872144
Suite_13,Deferred_Volume,0,782,1.15939,0.717296,0.076352,0.135104,0.518144,1.8449,542.034,15000,4352,0.00876591
Suite_13,Deferred_Volume,0,783,1.15739,0.632839,0.07024,0.13296,0.509856,1.89271,528.342,15000,4352,0.00881069
Suite_13,Deferred_Volume,0,784,1.15984,0.623953,0.07168,0.13312,0.512416,1.80491,554.044,15000,4352,0.00885579
Suite_13,Deferred_Volume,0,785,1.15926,1.14719,0.069632,0.134432,0.511488,1.80014,555.512,15000,4352,0.00890121
Suite_13,Deferred_Volume,0,786,1.15827,0.625438,0.0736,0.134144,0.512,2.32412,430.269,15000,4224,0.00885595
Suite_13,Deferred_Volume,0,787,1.16033,0.628581,0.077824,0.1344,0.532896,1.80374,554.403,15000,4224,0.00890147
Suite_13,Deferred_Volume,0,788,1.15584,0.624737,0.071168,0.134208,0.512928,1.80406,554.306,15000,4224,0.00894731
Suite_13,Deferred_Volume,0,789,1.15815,0.856155,0.073376,0.136576,0.520192,1.79827,556.091,15000,4224,0.00899347
Suite_13,Deferred_Volume,0,790,1.15769,0.640169,0.072192,0.133504,0.514048,2.13283,468.861,15000,4352,0.0091627
Suite_13,Deferred_Volume,0,791,1.15665,0.651741,0.072288,0.133568,0.511328,1.81307,551.549,15000,4224,0.00903393
Suite_13,Deferred_Volume,0,792,1.16373,0.686718,0.072384,0.134848,0.50992,1.82497,547.954,15000,4224,0.00908058
Suite_13,Deferred_Volume,0,793,1.16119,0.686011,0.071232,0.134112,0.508576,1.87139,534.363,15000,4224,0.00912756
Suite_13,Deferred_Volume,0,794,1.15691,0.630805,0.07168,0.133248,0.504576,1.86492,536.217,15000,4224,0.00917488
Suite_13,Deferred_Volume,0,795,1.15584,0.636744,0.074784,0.135168,0.514528,1.80233,554.837,15000,4224,0.00922253
Suite_13,Deferred_Volume,0,796,1.1594,1.12652,0.07168,0.135168,0.516352,1.80744,553.269,15000,4096,0.00880786
Suite_13,Deferred_Volume,0,797,1.16181,0.637264,0.075776,0.134784,0.507904,2.30394,434.039,15000,4096,0.00885337
Suite_13,Deferred_Volume,0,798,1.15678,0.633151,0.077824,0.131872,0.527904,1.81517,550.913,15000,4096,0.00890207
Suite_13,Deferred_Volume,0,799,1.15468,0.634652,0.075776,0.13312,0.512576,1.80494,554.035,15000,4096,0.00894758
Suite_13,Deferred_Volume,0,800,1.15944,0.845973,0.075808,0.136384,0.52112,1.80428,554.236,15000,4096,0.00899341
Suite_13,Deferred_Volume,0,801,1.16399,0.650949,0.071712,0.135168,0.511712,2.12478,470.638,15000,4096,0.00903956
Suite_13,Deferred_Volume,0,802,1.15571,0.638735,0.071584,0.133664,0.512128,1.83154,545.988,15000,4224,0.00942772
Suite_13,Deferred_Volume,0,803,1.15736,0.644559,0.07168,0.134944,0.517056,1.80931,552.697,15000,4224,0.00947617
Suite_13,Deferred_Volume,0,804,1.16334,0.73586,0.075872,0.135008,0.517184,1.81814,550.014,15000,4224,0.00952496
Suite_13,Deferred_Volume,0,805,1.15877,0.636138,0.072928,0.135104,0.51344,1.91778,521.437,15000,4224,0.00957409
Suite_13,Deferred_Volume,0,806,1.15608,0.647814,0.073152,0.134592,0.502656,1.81083,552.233,15000,4224,0.00962357
Suite_13,Deferred_Volume,0,807,1.16315,1.08837,0.071424,0.136032,0.511616,1.81992,549.474,15000,4352,0.0100192
Suite_13,Deferred_Volume,0,808,1.1866,0.714178,0.072224,0.135168,0.514048,2.27221,440.1,15000,4480,0.010365
Suite_13,Deferred_Volume,0,809,1.16819,0.656423,0.072704,0.135168,0.515072,1.92307,520.002,15000,4480,0.0104471
Suite_13,Deferred_Volume,0,810,1.16008,0.640657,0.07568,0.135168,0.517952,1.84185,542.932,15000,4480,0.0105008
Suite_13,Deferred_Volume,0,811,1.1629,0.839257,0.077888,0.13344,0.518656,1.81608,550.637,15000,4608,0.0107923
Suite_13,Deferred_Volume,0,812,1.16091,0.646923,0.07168,0.133152,0.506432,2.1203,471.632,15000,4608,0.0108471
Suite_13,Deferred_Volume,0,813,1.16011,0.635882,0.071392,0.13376,0.514048,1.82481,548.003,15000,4736,0.0113095
Suite_13,Deferred_Volume,0,814,1.16256,0.658696,0.0776,0.133632,0.516096,1.81246,551.738,15000,4736,0.0113669
Suite_13,Deferred_Volume,0,815,1.1651,0.634274,0.07312,0.134112,0.514048,1.84409,542.274,15000,4736,0.0114246
Suite_13,Deferred_Volume,0,816,1.15926,0.629076,0.077824,0.134752,0.507936,1.81528,550.879,15000,4736,0.0114828
Suite_13,Deferred_Volume,0,817,1.15835,0.643093,0.071424,0.134848,0.512,1.80495,554.032,15000,4736,0.0115414
Suite_13,Deferred_Volume,0,818,1.15923,1.0197,0.072064,0.13552,0.511968,1.81781,550.114,15000,4736,0.0116003
Suite_13,Deferred_Volume,0,819,1.16164,0.636209,0.073952,0.135168,0.514048,2.19564,455.448,15000,4992,0.0120743
Suite_13,Deferred_Volume,0,820,1.16036,0.626646,0.07168,0.155072,0.529088,1.81306,551.554,15000,5248,0.0126218
Suite_13,Deferred_Volume,0,821,1.15978,0.641418,0.07776,0.134944,0.518464,1.80492,554.041,15000,5504,0.0129774
Suite_13,Deferred_Volume,0,822,1.16197,0.902817,0.077824,0.136192,0.514656,1.81796,550.068,15000,5504,0.0130429
Suite_13,Deferred_Volume,0,823,1.16377,0.63118,0.075776,0.134208,0.514368,2.1324,468.954,15000,5504,0.0131088
Suite_13,Deferred_Volume,0,824,1.16499,0.621586,0.073504,0.133856,0.507904,1.81008,552.461,15000,5504,0.0131751
Suite_13,Deferred_Volume,0,825,1.16296,0.651847,0.077824,0.134848,0.520288,1.80381,554.381,15000,5504,0.0132419
Suite_13,Deferred_Volume,0,826,1.16306,0.751691,0.075776,0.136512,0.515072,1.83329,545.466,15000,5632,0.0133965
Suite_13,Deferred_Volume,0,827,1.16291,0.628861,0.073312,0.135168,0.50896,1.93062,517.968,15000,5632,0.0130915
Suite_13,Deferred_Volume,0,828,1.16262,0.626324,0.075392,0.135456,0.516,1.80692,553.427,15000,5760,0.0134641
Suite_13,Deferred_Volume,0,829,1.1662,1.11991,0.075584,0.134944,0.51008,1.806,553.709,15000,5760,0.013532
Suite_13,Deferred_Volume,0,830,1.16418,0.651638,0.074752,0.135168,0.508672,2.3048,433.877,15000,5760,0.0136004
Suite_13,Deferred_Volume,0,831,1.16346,0.637822,0.083936,0.133696,0.530176,1.83191,545.879,15000,5760,0.0136692
Suite_13,Deferred_Volume,0,832,1.16027,0.631151,0.073728,0.134848,0.518304,1.81658,550.484,15000,5632,0.0136381
Suite_13,Deferred_Volume,0,833,1.16759,0.846165,0.079456,0.13616,0.523808,1.80876,552.864,15000,5888,0.0143182
Suite_13,Deferred_Volume,0,834,1.1618,0.637549,0.075744,0.136352,0.514016,2.13365,468.681,15000,5888,0.014391
Suite_13,Deferred_Volume,0,835,1.1649,0.625747,0.077696,0.134848,0.511392,1.81511,550.93,15000,5888,0.0144643
Suite_13,Deferred_Volume,0,836,1.16308,0.642568,0.076672,0.135488,0.509952,1.80583,553.764,15000,6016,0.014631
Suite_13,Deferred_Volume,0,837,1.16504,0.700784,0.079008,0.13648,0.520064,1.8254,547.824,15000,6144,0.0148219
Suite_13,Deferred_Volume,0,838,1.16562,0.635624,0.07616,0.134432,0.512,1.88385,530.828,15000,6272,0.0150642
Suite_13,Deferred_Volume,0,839,1.16378,0.623486,0.078528,0.133568,0.513536,1.81724,550.284,15000,6400,0.0151812
Suite_13,Deferred_Volume,0,840,1.17354,1.08411,0.07904,0.136928,0.518496,1.80303,554.623,15000,6912,0.0160069
Suite_13,Deferred_Volume,0,841,1.16947,0.643449,0.073984,0.136992,0.51504,2.27678,439.216,15000,7040,0.0161349
Suite_13,Deferred_Volume,0,842,1.16957,0.621905,0.080064,0.135168,0.539904,1.83108,546.125,15000,7296,0.0166652
Suite_13,Deferred_Volume,0,843,1.17139,0.63797,0.074752,0.135168,0.520224,1.81157,552.006,15000,7680,0.0180809
Suite_13,Deferred_Volume,0,844,1.17199,0.835701,0.073728,0.135168,0.51648,1.82606,547.627,15000,7936,0.0188494
Suite_13,Deferred_Volume,0,845,1.18207,0.671385,0.074624,0.134816,0.512128,2.13215,469.01,15000,8064,0.019408
Suite_13,Deferred_Volume,0,846,1.17276,0.650875,0.07248,0.135168,0.509952,1.87249,534.047,15000,8064,0.019505
Suite_13,Deferred_Volume,0,847,1.17017,0.674657,0.075104,0.137216,0.514016,1.84043,543.35,15000,8064,0.0196027
Suite_13,Deferred_Volume,0,848,1.17664,0.651824,0.073888,0.138016,0.519776,1.8627,536.856,15000,8320,0.0199802
Suite_13,Deferred_Volume,0,849,1.17324,0.634002,0.075456,0.134944,0.506272,1.84838,541.014,15000,8448,0.0201237
Suite_13,Deferred_Volume,0,850,1.17218,0.636384,0.07712,0.134688,0.518816,1.82472,548.028,15000,8832,0.0212564
Suite_13,Deferred_Volume,0,851,1.18094,0.979013,0.07648,0.136,0.513632,1.82539,547.827,15000,9344,0.0219558
Suite_13,Deferred_Volume,0,852,1.18311,0.630826,0.075808,0.134688,0.510784,2.17753,459.235,15000,9600,0.0226049
Suite_13,Deferred_Volume,0,853,1.17854,0.641537,0.086208,0.135296,0.53168,1.83385,545.3,15000,9472,0.0217007
Suite_13,Deferred_Volume,0,854,1.17505,0.638918,0.075488,0.13616,0.52224,1.83818,544.017,15000,9728,0.0223283
Suite_13,Deferred_Volume,0,855,1.18086,0.907544,0.075904,0.137216,0.515616,1.83115,546.104,15000,10112,0.0227683
Suite_13,Deferred_Volume,0,856,1.18435,0.643292,0.079872,0.135264,0.522464,2.10636,474.754,15000,10112,0.0228801
Suite_13,Deferred_Volume,0,857,1.17549,0.647286,0.078016,0.135648,0.520192,1.84685,541.462,15000,10112,0.0229925
Suite_13,Deferred_Volume,0,858,1.18025,0.662535,0.078816,0.137216,0.518112,1.84061,543.298,15000,10240,0.0232423
Suite_13,Deferred_Volume,0,859,1.17982,0.65663,0.075328,0.137888,0.515968,1.86105,537.33,15000,10368,0.0234903
Suite_13,Deferred_Volume,0,860,1.1803,0.641712,0.075776,0.13712,0.521024,1.85384,539.419,15000,10624,0.023853
Suite_13,Deferred_Volume,0,861,1.18138,0.64373,0.075968,0.136672,0.518144,1.84089,543.215,15000,10752,0.0242496
Suite_13,Deferred_Volume,0,862,1.1885,0.918929,0.076832,0.139264,0.52016,1.84411,542.266,15000,10752,0.0243691
Suite_13,Deferred_Volume,0,863,1.18643,0.64591,0.07776,0.135584,0.518752,2.12556,470.464,15000,10752,0.0244893
Suite_13,Deferred_Volume,0,864,1.18229,0.648186,0.099712,0.137216,0.54912,1.84956,540.669,15000,11136,0.0251581
Suite_13,Deferred_Volume,0,865,1.18129,0.64697,0.080288,0.138176,0.526112,1.84955,540.671,15000,11520,0.0258801
Suite_13,Deferred_Volume,0,866,1.18757,0.902741,0.077824,0.1376,0.523712,1.84735,541.317,15000,11648,0.0260957
Suite_13,Deferred_Volume,0,867,1.1873,0.645391,0.079872,0.1376,0.521088,2.10986,473.964,15000,11904,0.0268644
Suite_13,Deferred_Volume,0,868,1.18434,0.639206,0.079456,0.137856,0.521088,1.85093,540.27,15000,12160,0.0271451
Suite_13,Deferred_Volume,0,869,1.18825,0.668635,0.079584,0.138272,0.518144,1.84345,542.461,15000,12544,0.0277749
Suite_13,Deferred_Volume,0,870,1.18761,0.647219,0.07952,0.1392,0.52864,1.87711,532.733,15000,12672,0.0279392
Suite_13,Deferred_Volume,0,871,1.18834,1.25553,0.090112,0.137216,0.541216,1.85361,539.487,15000,13056,0.0285644
Suite_13,Deferred_Volume,0,872,1.19663,0.643533,0.07984,0.138912,0.5272,2.47061,404.758,15000,13440,0.0291709
Suite_13,Deferred_Volume,0,873,1.1995,0.883755,0.079744,0.137632,0.521984,1.86236,536.953,15000,13568,0.0295153
Suite_13,Deferred_Volume,0,874,1.197,0.658404,0.080704,0.136192,0.516096,2.10494,475.072,15000,13696,0.0297133
Suite_13,Deferred_Volume,0,875,1.19139,0.640436,0.080288,0.13776,0.528064,1.8743,533.532,15000,13952,0.030326
Suite_13,Deferred_Volume,0,876,1.19795,0.654056,0.079072,0.138368,0.528384,1.85019,540.486,15000,14464,0.0309774
Suite_13,Deferred_Volume,0,877,1.19706,0.632112,0.0832,0.139264,0.528576,1.87335,533.803,15000,14720,0.0314205
Suite_13,Deferred_Volume,0,878,1.20219,0.631333,0.079392,0.13616,0.520192,1.84888,540.867,15000,15488,0.0329528
Suite_13,Deferred_Volume,0,879,1.19848,0.637249,0.080448,0.140288,0.53248,1.85233,539.861,15000,16000,0.0338691
Suite_13,Deferred_Volume,0,880,1.2036,0.90392,0.081152,0.139264,0.528,1.85476,539.153,15000,16256,0.0344648
Suite_13,Deferred_Volume,0,881,1.20558,0.640646,0.085984,0.137152,0.5496,2.12948,469.598,15000,17152,0.0361189
Suite_13,Deferred_Volume,0,882,1.20402,0.631704,0.084064,0.139744,0.528032,1.86674,535.692,15000,17536,0.0367468
Suite_13,Deferred_Volume,0,883,1.20444,0.635546,0.083776,0.137568,0.530784,1.85516,539.036,15000,17792,0.0372241
Suite_13,Deferred_Volume,0,884,1.21348,0.84291,0.08272,0.137504,0.53248,1.85948,537.785,15000,18432,0.0388851
Suite_13,Deferred_Volume,0,885,1.20996,0.654264,0.087584,0.137888,0.534528,2.08017,480.729,15000,18688,0.0392926
Suite_13,Deferred_Volume,0,886,1.21039,0.649718,0.082528,0.137312,0.53232,1.88569,530.309,15000,19072,0.0397482
Suite_13,Deferred_Volume,0,887,1.21787,0.663336,0.083968,0.137216,0.532352,1.87998,531.92,15000,19968,0.041126
Suite_13,Deferred_Volume,0,888,1.21511,0.634102,0.084864,0.138528,0.53248,1.90247,525.633,15000,20096,0.0414741
Suite_13,Deferred_Volume,0,889,1.21653,0.630534,0.087712,0.137152,0.550912,1.87259,534.019,15000,20352,0.0421165
Suite_13,Deferred_Volume,0,890,1.21614,0.634923,0.086016,0.139392,0.533024,1.86898,535.051,15000,20864,0.0434211
Suite_13,Deferred_Volume,0,891,1.21999,0.88721,0.083968,0.139264,0.536576,1.87208,534.165,15000,20992,0.043908
Suite_13,Deferred_Volume,0,892,1.22065,0.639603,0.088768,0.164416,0.564608,2.12845,469.825,15000,21120,0.0443831
Suite_13,Deferred_Volume,0,893,1.22019,0.644629,0.08608,0.13968,0.53248,1.88336,530.967,15000,21504,0.0454285
Suite_13,Deferred_Volume,0,894,1.22615,0.658937,0.088576,0.139264,0.53376,1.88696,529.952,15000,22528,0.046512
Suite_13,Deferred_Volume,0,895,1.22807,0.642813,0.088512,0.140512,0.540288,1.90763,524.211,15000,23040,0.0482529
Suite_13,Deferred_Volume,0,896,1.22604,0.6391,0.085152,0.138624,0.5264,1.89269,528.348,15000,23296,0.048793
Suite_13,Deferred_Volume,0,897,1.24088,0.685674,0.089696,0.137952,0.534528,1.88816,529.616,15000,23936,0.0502502
Suite_13,Deferred_Volume,0,898,1.24231,0.939516,0.086208,0.141088,0.53248,1.95244,512.179,15000,24832,0.0519769
Suite_13,Deferred_Volume,0,899,1.23635,0.648418,0.088192,0.138016,0.554528,2.20625,453.258,15000,25472,0.0540338
Suite_13,Deferred_Volume,0,900,1.23624,0.658606,0.09008,0.137696,0.537984,1.91523,522.132,15000,26368,0.0553917
Suite_13,Deferred_Volume,0,901,1.23829,0.677984,0.090496,0.13792,0.53408,1.92036,520.735,15000,27136,0.056576
Suite_13,Deferred_Volume,0,902,1.24459,0.755898,0.08944,0.141216,0.53248,1.94163,515.03,15000,27392,0.0570446
Suite_13,Deferred_Volume,0,903,1.24371,0.683178,0.090144,0.139264,0.532,2.02419,494.026,15000,28160,0.0584593
Suite_13,Deferred_Volume,0,904,1.24137,0.642417,0.092224,0.139328,0.538624,1.95048,512.695,15000,28544,0.0587493
Suite_13,Deferred_Volume,0,905,1.25203,0.970249,0.089984,0.141856,0.539936,1.90945,523.711,15000,29440,0.0601933
Suite_13,Deferred_Volume,0,906,1.25245,0.648631,0.091072,0.140512,0.557056,2.24853,444.735,15000,30720,0.0620202
Suite_13,Deferred_Volume,0,907,1.25154,0.644364,0.095392,0.141312,0.543552,1.92658,519.053,15000,31744,0.0648653
Suite_13,Deferred_Volume,0,908,1.25895,0.668558,0.096256,0.141568,0.545056,1.92,520.833,15000,32384,0.0667051
Suite_13,Deferred_Volume,0,909,1.26757,0.722073,0.096704,0.141408,0.550752,1.95576,511.311,15000,33664,0.0691012
Suite_13,Deferred_Volume,0,910,1.26768,0.646752,0.095328,0.141312,0.539296,2.01681,495.832,15000,35200,0.0716977
Suite_13,Deferred_Volume,0,911,1.26467,0.6454,0.096416,0.141088,0.538624,1.94007,515.445,15000,35712,0.0726184
Suite_13,Deferred_Volume,0,912,1.27513,0.898921,0.106496,0.14336,0.735136,1.93576,516.593,15000,37120,0.0750655
Suite_13,Deferred_Volume,0,913,1.27931,0.674136,0.100384,0.14128,0.56416,2.20348,453.828,15000,38016,0.0773772
Suite_13,Deferred_Volume,0,914,1.27924,0.681674,0.100224,0.141888,0.550208,1.98239,504.441,15000,39296,0.0783116
Suite_13,Deferred_Volume,0,915,1.28631,0.675338,0.1024,0.141568,0.542816,1.99427,501.437,15000,40448,0.0815478
Suite_13,Deferred_Volume,0,916,1.29381,0.654906,0.10112,0.14336,0.54784,1.99048,502.392,15000,41472,0.0835448
Suite_13,Deferred_Volume,0,917,1.28856,0.652253,0.102176,0.139552,0.55168,1.98027,504.981,15000,42240,0.085204
Suite_13,Deferred_Volume,0,918,1.29579,0.649014,0.104928,0.141632,0.557056,1.96996,507.625,15000,43264,0.0881701
Suite_13,Deferred_Volume,0,919,1.30157,0.734467,0.104768,0.14336,0.558208,1.97311,506.814,15000,44416,0.0903702
Suite_13,Deferred_Volume,0,920,1.30252,0.671406,0.108608,0.167936,0.575328,2.06663,483.879,15000,45312,0.0917496
Suite_13,Deferred_Volume,0,921,1.2996,0.681462,0.111712,0.14208,0.563648,2.00499,498.756,15000,46080,0.0932154
Suite_13,Deferred_Volume,0,922,1.31203,0.703977,0.108544,0.14336,0.566848,2.01229,496.946,15000,47232,0.0953545
Suite_13,Deferred_Volume,0,923,1.3163,0.654995,0.112896,0.144128,0.569024,2.0464,488.662,15000,48640,0.0987251
Suite_13,Deferred_Volume,0,924,1.31276,0.652715,0.10864,0.14336,0.5776,2.00315,499.214,15000,49408,0.100283
Suite_13,Deferred_Volume,0,925,1.31567,0.659415,0.110592,0.14336,0.566848,1.9976,500.601,15000,50176,0.101669
Suite_13,Deferred_Volume,0,926,1.32811,0.701633,0.116736,0.145408,0.569152,2.00756,498.117,15000,52352,0.105018
Suite_13,Deferred_Volume,0,927,1.33207,0.697071,0.114688,0.14336,0.56544,2.06197,484.974,15000,54016,0.107887
Suite_13,Deferred_Volume,0,928,1.33342,0.688748,0.116256,0.143424,0.568096,2.06261,484.822,15000,55424,0.110454
Suite_13,Deferred_Volume,0,929,1.34313,0.677713,0.116512,0.143296,0.563392,2.06088,485.229,15000,57728,0.114301
Suite_13,Deferred_Volume,0,930,1.34678,0.658221,0.118976,0.1456,0.57328,2.05743,486.044,15000,58880,0.116212
Suite_13,Deferred_Volume,0,931,1.345,0.660723,0.129088,0.144736,0.585344,2.03895,490.449,15000,59904,0.117664
Suite_13,Deferred_Volume,0,932,1.35972,0.661344,0.12128,0.145184,0.575488,2.04037,490.107,15000,62976,0.122531
Suite_13,Deferred_Volume,0,933,1.37658,0.683492,0.12288,0.146816,0.582432,2.05834,485.828,15000,65280,0.126234
Suite_13,Deferred_Volume,0,934,1.37814,0.672233,0.123392,0.145248,0.573696,2.09829,476.578,15000,67200,0.129792
Suite_13,Deferred_Volume,0,935,1.38162,0.66393,0.124928,0.145408,0.58208,2.08731,479.085,15000,68480,0.134766
Suite_13,Deferred_Volume,0,936,1.39208,0.673798,0.126976,0.149472,0.587616,2.08301,480.075,15000,70912,0.139658
Suite_13,Deferred_Volume,0,937,1.39325,0.677473,0.146976,0.148032,0.598016,2.11157,473.581,15000,72448,0.142244
Suite_13,Deferred_Volume,0,938,1.39426,0.667453,0.129024,0.146464,0.583808,2.11063,473.791,15000,74496,0.145221
Suite_13,Deferred_Volume,0,939,1.40736,0.698133,0.129024,0.147424,0.588192,2.09998,476.194,15000,76800,0.150541
Suite_13,Deferred_Volume,0,940,1.41602,0.671255,0.131392,0.14528,0.586912,2.14699,465.768,15000,79488,0.156313
Suite_13,Deferred_Volume,0,941,1.41439,0.671275,0.135104,0.146048,0.592832,2.13075,469.317,15000,81280,0.158748
Suite_13,Deferred_Volume,0,942,1.42794,0.68222,0.135104,0.14704,0.591904,2.13079,469.308,15000,82816,0.16253
Suite_13,Deferred_Volume,0,943,1.43639,0.671438,0.141312,0.147136,0.597216,2.15368,464.322,15000,84480,0.164887
Suite_13,Deferred_Volume,0,944,1.4394,0.682657,0.135936,0.172256,0.616448,2.15175,464.739,15000,86912,0.169243
Suite_13,Deferred_Volume,0,945,1.43649,0.688463,0.143488,0.148192,0.601984,2.16693,461.482,15000,88704,0.172704
Suite_13,Deferred_Volume,0,946,1.46439,0.744361,0.14032,0.148064,0.600288,2.17141,460.53,15000,91264,0.176182
Suite_13,Deferred_Volume,0,947,1.47863,0.71157,0.157376,0.147072,0.612928,2.25783,442.903,15000,93696,0.180378
Suite_13,Deferred_Volume,0,948,1.47093,0.681236,0.146208,0.148576,0.606208,2.23765,446.898,15000,96512,0.186247
Suite_13,Deferred_Volume,0,949,1.49112,0.697175,0.147808,0.14912,0.60416,2.20359,453.805,15000,98816,0.189702
Suite_13,Deferred_Volume,0,950,1.49511,0.694301,0.147456,0.147488,0.60544,2.23818,446.793,15000,102144,0.196432
Suite_13,Deferred_Volume,0,951,1.48658,0.684574,0.152416,0.149856,0.612096,2.23858,446.711,15000,103680,0.19887
Suite_13,Deferred_Volume,0,952,1.50704,0.709811,0.15728,0.149472,0.62032,2.22133,450.18,15000,105728,0.201307
Suite_13,Deferred_Volume,0,953,1.51355,0.70097,0.151744,0.147552,0.608256,2.27057,440.418,15000,108672,0.206674
Suite_13,Deferred_Volume,0,954,1.51585,0.696705,0.157696,0.149056,0.610912,2.26908,440.707,15000,111744,0.211405
Suite_13,Deferred_Volume,0,955,1.53234,0.715293,0.157696,0.151072,0.614496,2.26799,440.919,15000,114432,0.215886
Suite_13,Deferred_Volume,0,956,1.54059,0.690592,0.156192,0.149504,0.613888,2.30323,434.172,15000,117120,0.224231
Suite_13,Deferred_Volume,0,957,1.5353,0.694677,0.16112,0.151552,0.61776,2.29316,436.079,15000,120320,0.229469
Suite_13,Deferred_Volume,0,958,1.55502,0.721316,0.165888,0.151552,0.627136,2.28521,437.596,15000,123392,0.233394
Suite_13,Deferred_Volume,0,959,1.57072,0.731995,0.16384,0.149504,0.625696,2.33257,428.711,15000,127104,0.238406
Suite_13,Deferred_Volume,0,960,1.62128,0.770654,0.16384,0.151168,0.618528,2.36672,422.526,15000,129664,0.241359
Suite_13,Deferred_Volume,0,961,1.61705,0.73234,0.170784,0.151808,0.632832,2.45764,406.894,15000,132480,0.246179
Suite_13,Deferred_Volume,0,962,1.62072,0.712556,0.17184,0.151136,0.625696,2.41315,414.397,15000,137216,0.254105
Suite_13,Deferred_Volume,0,963,1.60834,0.718424,0.173792,0.15152,0.633568,2.39493,417.549,15000,142336,0.264259
Suite_13,Deferred_Volume,0,964,1.63994,0.732749,0.178848,0.151904,0.641024,2.38908,418.571,15000,146816,0.269664
Suite_13,Deferred_Volume,0,965,1.63498,0.735774,0.327296,0.151328,0.814624,2.44062,409.731,15000,149376,0.273327
Suite_13,Deferred_Volume,0,966,1.63771,0.726069,0.182656,0.151552,0.64624,2.43613,410.487,15000,151424,0.276724
Suite_13,Deferred_Volume,0,967,1.65442,0.732807,0.184288,0.1536,0.642976,2.4345,410.763,15000,154880,0.28241
Suite_13,Deferred_Volume,0,968,1.66692,0.716238,0.204128,0.15248,0.689088,2.454,407.498,15000,158848,0.289356
Suite_13,Deferred_Volume,0,969,1.6677,0.721174,0.187072,0.153088,0.653312,2.45399,407.5,15000,162560,0.294484
Suite_13,Deferred_Volume,0,970,1.69766,0.723782,0.193056,0.153504,0.653312,2.46261,406.073,15000,167296,0.301596
Suite_13,Deferred_Volume,0,971,1.70545,0.733366,0.19216,0.154336,0.649472,2.49266,401.178,15000,170752,0.307306
Suite_13,Deferred_Volume,0,972,1.71272,0.744463,0.196256,0.153472,0.663584,2.5148,397.646,15000,172800,0.310073
Suite_13,Deferred_Volume,0,973,1.72823,0.733186,0.213024,0.1544,0.674176,2.53177,394.98,15000,177280,0.318161
Suite_13,Deferred_Volume,0,974,1.72645,0.734835,0.200704,0.155008,0.657728,2.53839,393.951,15000,181632,0.324193
Suite_13,Deferred_Volume,0,975,1.75865,0.763092,0.202752,0.155648,0.671264,2.54069,393.593,15000,187264,0.333341
Suite_13,Deferred_Volume,0,976,1.77246,0.742806,0.203392,0.153856,0.695904,2.60184,384.343,15000,190592,0.338211
Suite_13,Deferred_Volume,0,977,1.77019,0.738806,0.207552,0.157696,0.679936,2.59691,385.073,15000,195456,0.346368
Suite_13,Deferred_Volume,0,978,1.83516,0.768764,0.776192,0.15728,1.24806,2.59403,385.5,15000,199808,0.35283
Suite_13,Deferred_Volume,0,979,1.80957,0.756898,0.218944,0.155328,0.686272,2.68697,372.166,15000,204032,0.359225
Suite_13,Deferred_Volume,0,980,1.82334,1.11282,0.217536,0.155712,0.676896,2.65067,377.263,15000,209152,0.365563
Suite_13,Deferred_Volume,0,981,1.83992,0.756909,0.220384,0.154464,0.678528,3.02447,330.636,15000,213888,0.373155
Suite_13,Deferred_Volume,0,982,1.8469,0.779312,0.22608,0.155648,0.69632,2.68524,372.406,15000,219264,0.379196
Suite_13,Deferred_Volume,0,983,1.87982,0.7728,0.226432,0.156608,0.6992,2.72178,367.407,15000,224256,0.386136
Suite_13,Deferred_Volume,0,984,1.8846,0.748598,0.227328,0.158944,0.700064,2.74342,364.508,15000,227456,0.391631
Suite_13,Deferred_Volume,0,985,1.89239,1.05253,0.235232,0.159808,0.707872,2.73234,365.987,15000,232064,0.400918
Suite_13,Deferred_Volume,0,986,1.91749,0.763404,0.237568,0.1576,0.708256,3.04702,328.19,15000,237696,0.408094
Suite_13,Deferred_Volume,0,987,1.94441,0.82022,0.237568,0.158816,0.710592,2.77494,360.368,15000,241536,0.412907
Suite_13,Deferred_Volume,0,988,1.96938,0.796259,0.813984,0.157312,1.27795,2.86682,348.818,15000,247808,0.422379
Suite_13,Deferred_Volume,0,989,1.96753,0.78586,0.246784,0.159264,0.713728,2.86767,348.715,15000,252672,0.430066
Suite_13,Deferred_Volume,0,990,1.98089,0.893025,0.247776,0.159328,0.715072,2.8556,350.189,15000,257920,0.437178
Suite_13,Deferred_Volume,0,991,2.00294,0.933507,0.268576,0.17232,0.770048,2.97965,335.609,15000,264064,0.444048
Suite_13,Deferred_Volume,0,992,1.99682,0.951892,0.260096,0.163392,0.735648,3.04469,328.44,15000,268544,0.450072
Suite_13,Deferred_Volume,0,993,2.03357,0.94806,0.256224,0.158144,0.7168,3.05795,327.017,15000,272768,0.455574
Suite_13,Deferred_Volume,0,994,2.04664,1.01664,0.25888,0.159328,0.732896,3.0927,323.342,15000,278400,0.465853
Suite_13,Deferred_Volume,0,995,2.06552,0.964893,0.284992,0.159744,0.763328,3.173,315.159,15000,283776,0.473128
Suite_13,Deferred_Volume,0,996,2.07665,0.972646,0.278432,0.160896,0.749984,3.14321,318.146,15000,289664,0.479667
Suite_13,Deferred_Volume,0,997,2.10979,0.99853,0.276384,0.15952,0.765216,3.16593,315.863,15000,296448,0.489586
Suite_13,Deferred_Volume,0,998,2.1212,0.980955,0.275008,0.159744,0.752768,3.22786,309.802,15000,302336,0.499368
Suite_13,Deferred_Volume,0,999,2.14144,1.00547,0.280672,0.162176,0.74768,3.21959,310.599,15000,306688,0.505546
Suite_13,Deferred_Volume,0,1000,2.15249,0.99043,0.28384,0.161792,0.752512,3.27576,305.273,15000,314112,0.51567
Suite_13,Deferred_Volume,0,1001,2.17635,1.01491,0.2904,0.16224,0.765664,3.27196,305.627,15000,320512,0.523739
Suite_13,Deferred_Volume,0,1002,2.19737,1.00076,0.292512,0.163488,0.765344,3.31749,301.433,15000,326528,0.532035
Suite_13,Deferred_Volume,0,1003,2.2105,1.04494,0.629856,0.163584,1.10166,3.32531,300.723,15000,331904,0.540298
Suite_13,Deferred_Volume,0,1004,2.22693,1.0086,0.297792,0.163616,0.775456,3.38895,295.077,15000,338176,0.549927
Suite_13,Deferred_Volume,0,1005,2.24893,1.05029,0.304768,0.164352,0.782304,3.36727,296.976,15000,345472,0.559512
Suite_13,Deferred_Volume,0,1006,2.27372,1.13303,0.309568,0.16496,0.787712,3.4351,291.112,15000,352512,0.570754
Suite_13,Deferred_Volume,0,1007,2.28865,1.0494,0.311424,0.16432,0.781248,3.53956,282.521,15000,358144,0.578923
Suite_13,Deferred_Volume,0,1008,2.30873,1.03277,0.315616,0.16496,0.78976,3.48247,287.153,15000,365184,0.588259
Suite_13,Deferred_Volume,0,1009,2.32601,1.06168,0.319072,0.165632,0.788448,3.47985,287.369,15000,371840,0.60032
Suite_13,Deferred_Volume,0,1010,2.33947,1.05466,1.16838,0.165888,1.64288,3.543,282.247,15000,377216,0.607228
Suite_13,Deferred_Volume,0,1011,2.36904,1.08368,0.329536,0.16624,0.811008,3.54084,282.419,15000,384384,0.620871
Suite_13,Deferred_Volume,0,1012,2.37952,1.0623,0.330304,0.16736,0.811008,3.59978,277.795,15000,390016,0.631366
Suite_13,Deferred_Volume,0,1013,2.40323,1.09085,0.33152,0.167616,0.818208,3.59073,278.495,15000,395904,0.640883
Suite_13,Deferred_Volume,0,1014,2.41931,1.07283,0.337568,0.166048,0.807808,3.64988,273.981,15000,402944,0.649016
Suite_13,Deferred_Volume,0,1015,2.44829,1.10542,0.344064,0.167936,0.819808,3.65353,273.708,15000,410112,0.660323
Suite_13,Deferred_Volume,0,1016,2.46402,1.11676,0.357024,0.167392,0.835136,3.70701,269.759,15000,416896,0.671378
Suite_13,Deferred_Volume,0,1017,2.50308,1.15833,0.374944,0.169984,0.862208,3.74392,267.1,15000,423424,0.681921
Suite_13,Deferred_Volume,0,1018,2.51253,1.12539,0.357952,0.16976,0.846176,3.82684,261.312,15000,430464,0.694835
Suite_13,Deferred_Volume,0,1019,2.52606,1.11782,0.362048,0.167936,0.866464,3.8055,262.777,15000,436736,0.70706
Suite_13,Deferred_Volume,0,1020,2.53889,1.15064,0.36608,0.172864,0.841728,3.81322,262.246,15000,444416,0.717501
Suite_13,Deferred_Volume,0,1021,2.56889,1.14758,0.892928,0.169312,1.39939,3.85669,259.29,15000,451200,0.727004
Suite_13,Deferred_Volume,0,1022,2.58688,1.15387,0.375904,0.171264,0.857952,3.88628,257.316,15000,458368,0.74006
Suite_13,Deferred_Volume,0,1023,2.60533,1.25811,0.382976,0.17008,0.86864,3.91607,255.358,15000,465280,0.753524
Suite_13,Deferred_Volume,0,1024,2.63675,1.20235,0.38912,0.169984,0.899264,4.04327,247.325,15000,473344,0.766988
Suite_13,Deferred_Volume,0,1025,2.66669,1.20643,0.390976,0.171968,0.878304,4.02773,248.279,15000,480768,0.779849
Suite_13,Deferred_Volume,0,1026,2.68017,1.17875,1.23334,0.173088,1.71827,4.05519,246.598,15000,487040,0.791218
Suite_13,Deferred_Volume,0,1027,2.69308,1.19785,0.397952,0.17344,0.886368,4.04938,246.951,15000,494592,0.805351
Suite_13,Deferred_Volume,0,1028,2.71691,1.18721,0.401792,0.17408,0.892928,4.0774,245.254,15000,502144,0.81653
Suite_13,Deferred_Volume,0,1029,2.74178,1.20958,0.411456,0.172448,0.895744,4.09591,244.146,15000,510208,0.828967
Suite_13,Deferred_Volume,0,1030,2.75222,1.22425,0.4192,0.174624,0.910528,4.15507,240.67,15000,516480,0.840035
Suite_13,Deferred_Volume,0,1031,2.78658,1.22955,1.41152,0.172256,1.91235,4.17589,239.47,15000,525312,0.860066
Suite_13,Deferred_Volume,0,1032,2.80576,1.24191,0.424736,0.176128,0.919584,4.21054,237.499,15000,533632,0.870612
Suite_13,Deferred_Volume,0,1033,2.82801,1.2232,0.430368,0.176128,0.923264,4.25773,234.867,15000,540928,0.881265
Suite_13,Deferred_Volume,0,1034,2.85101,1.90895,0.4488,0.175072,0.938016,4.25662,234.928,15000,548736,0.893607
Suite_13,Deferred_Volume,0,1035,2.88128,1.29351,0.512672,0.176384,1.00762,4.97206,201.124,15000,555520,0.904876
Suite_13,Deferred_Volume,0,1036,2.89777,1.25934,0.43904,0.178176,0.933888,4.39375,227.596,15000,562048,0.915635
Suite_13,Deferred_Volume,0,1037,2.91562,1.38716,0.44768,0.197888,0.964256,4.36722,228.978,15000,569216,0.925575
Suite_13,Deferred_Volume,0,1038,2.94225,1.29945,0.45456,0.176928,0.948224,4.52461,221.014,15000,578944,0.940298
Suite_13,Deferred_Volume,0,1039,2.96797,1.28362,1.03811,0.19456,1.5464,4.45991,224.22,15000,586752,0.951137
Suite_13,Deferred_Volume,0,1040,2.98572,1.30324,0.463264,0.180224,0.950272,4.47442,223.492,15000,593664,0.962564
Suite_13,Deferred_Volume,0,1041,3.01574,1.35072,0.464896,0.181664,0.954528,4.51187,221.637,15000,601344,0.975407
Suite_13,Deferred_Volume,0,1042,3.03555,1.28732,0.4952,0.19552,1.00499,4.59981,217.4,15000,608256,0.985611
Suite_13,Deferred_Volume,0,1043,3.05726,1.33147,1.12458,0.18032,1.61997,4.56658,218.982,15000,617856,0.998243
Suite_13,Deferred_Volume,0,1044,3.07966,1.32353,0.478048,0.18032,0.97664,4.61096,216.875,15000,626048,1.00856
Suite_13,Deferred_Volume,0,1045,3.10395,1.32317,0.511424,0.198656,1.02138,4.66001,214.592,15000,633344,1.01745
Suite_13,Deferred_Volume,0,1046,3.12561,1.3477,0.493568,0.182272,0.987776,4.66795,214.227,15000,640640,1.03124
Suite_13,Deferred_Volume,0,1047,3.14718,1.47298,0.679488,0.184352,1.18224,4.7112,212.26,15000,647296,1.04196
Suite_13,Deferred_Volume,0,1048,3.17715,1.52476,0.499936,0.182944,1.0031,4.86821,205.414,15000,654080,1.05197
Suite_13,Deferred_Volume,0,1049,3.19295,1.3767,0.530368,0.182592,1.02646,4.94527,202.214,15000,661888,1.06934
Suite_13,Deferred_Volume,0,1050,3.22102,1.39546,0.509888,0.18432,1.00557,4.81902,207.511,15000,671872,1.0852
Suite_13,Deferred_Volume,0,1051,3.23574,1.38728,2.03613,0.182688,2.53571,4.86816,205.417,15000,679424,1.09697
Suite_13,Deferred_Volume,0,1052,3.26619,1.41109,0.516416,0.18064,1.02605,4.87415,205.164,15000,686208,1.11147
Suite_13,Deferred_Volume,0,1053,3.28623,1.43024,0.528288,0.18496,1.03002,4.92572,203.016,15000,693120,1.12252
Suite_13,Deferred_Volume,0,1054,3.30184,1.41832,0.526336,0.18432,1.02029,4.97824,200.874,15000,700800,1.13609
Suite_13,Deferred_Volume,0,1055,3.32955,1.42348,1.79357,0.18432,2.28909,4.97259,201.102,15000,708992,1.15231
Suite_13,Deferred_Volume,0,1056,3.34723,1.42067,0.55488,0.186176,1.05267,5.00544,199.783,15000,715392,1.16386
Suite_13,Deferred_Volume,0,1057,3.36909,1.44539,0.542368,0.1848,1.0343,5.03011,198.803,15000,723584,1.17893
Suite_13,Deferred_Volume,0,1058,3.40308,1.45871,2.07254,0.186304,2.57347,5.07463,197.059,15000,731904,1.19215
Suite_13,Deferred_Volume,0,1059,3.41989,1.56726,0.572672,0.19456,1.08339,5.14757,194.267,15000,741632,1.20564
Suite_13,Deferred_Volume,0,1060,3.44714,1.46113,0.568192,0.192512,1.09568,5.26651,189.879,15000,750080,1.21874
Suite_13,Deferred_Volume,0,1061,3.47461,1.52311,1.28819,0.186432,1.79034,5.18696,192.791,15000,758656,1.23214
Suite_13,Deferred_Volume,0,1062,3.49316,1.47663,0.569344,0.187936,1.07578,5.28263,189.3,15000,766080,1.24475
Suite_13,Deferred_Volume,0,1063,3.51469,1.48353,0.596832,0.186368,1.10387,5.26619,189.891,15000,773376,1.25692
Suite_13,Deferred_Volume,0,1064,3.53914,1.50454,1.31469,0.188864,1.82413,5.27368,189.621,15000,781952,1.27427
Suite_13,Deferred_Volume,0,1065,3.5753,1.53219,0.585984,0.188448,1.09773,5.33094,187.584,15000,791552,1.28631
Suite_13,Deferred_Volume,0,1066,3.58361,1.50152,0.59312,0.190528,1.10157,5.4234,184.386,15000,798208,1.29794
Suite_13,Deferred_Volume,0,1067,3.61364,1.51517,1.40902,0.188416,1.91555,5.38744,185.617,15000,806016,1.31484
Suite_13,Deferred_Volume,0,1068,3.64131,1.64066,0.602336,0.206848,1.1264,5.42407,184.364,15000,814080,1.32712
Suite_13,Deferred_Volume,0,1069,3.66642,1.53855,0.612352,0.2048,1.13078,5.58004,179.21,15000,822400,1.34312
Suite_13,Deferred_Volume,0,1070,3.68496,1.57093,1.35898,0.190464,1.86749,5.50547,181.637,15000,831744,1.35886
Suite_13,Deferred_Volume,0,1071,3.71125,1.56487,0.62,0.193472,1.12438,5.56821,179.591,15000,841472,1.37616
Suite_13,Deferred_Volume,0,1072,3.72939,1.54902,0.621152,0.192352,1.13392,5.59187,178.831,15000,848128,1.39096
Suite_13,Deferred_Volume,0,1073,3.75755,1.5902,1.4295,0.210464,1.96243,5.59007,178.889,15000,855936,1.40117
Suite_13,Deferred_Volume,0,1074,3.77588,1.57439,0.653312,0.193536,1.15923,5.6528,176.903,15000,862208,1.41494
Suite_13,Deferred_Volume,0,1075,3.796,2.27979,0.644896,0.192064,1.16947,5.66058,176.66,15000,870272,1.42811
Suite_13,Deferred_Volume,0,1076,3.83052,1.618,1.39712,0.19472,1.91651,6.38805,156.542,15000,879232,1.4419
Suite_13,Deferred_Volume,0,1077,3.85155,1.62915,0.649216,0.19456,1.16253,5.77742,173.088,15000,889088,1.45341
Suite_13,Deferred_Volume,0,1078,3.874,1.6388,0.66464,0.196608,1.17946,5.81058,172.1,15000,897280,1.46784
Suite_13,Deferred_Volume,0,1079,3.90272,1.67291,1.34224,0.194848,1.85552,5.83756,171.304,15000,905088,1.47729
Suite_13,Deferred_Volume,0,1080,3.92202,1.68203,0.66752,0.213152,1.19363,5.89799,169.549,15000,912384,1.49049
Suite_13,Deferred_Volume,0,1081,3.95247,1.63572,0.694688,0.197024,1.21238,5.92741,168.708,15000,920320,1.50472
Suite_13,Deferred_Volume,0,1082,3.96895,1.67072,0.682784,0.19616,1.19411,5.93787,168.411,15000,927872,1.51723
Suite_13,Deferred_Volume,0,1083,3.98854,1.65728,0.677888,0.198656,1.19626,5.99352,166.847,15000,935552,1.5314
Suite_13,Deferred_Volume,0,1084,4.00399,1.76976,0.686528,0.198496,1.19773,5.97715,167.304,15000,942208,1.54185
Suite_13,Deferred_Volume,0,1085,4.02497,1.68077,1.12714,0.198656,1.63808,6.1092,163.688,15000,948608,1.55652
Suite_13,Deferred_Volume,0,1086,4.05601,1.68074,0.694272,0.197824,1.20835,6.04991,165.292,15000,957312,1.5701
Suite_13,Deferred_Volume,0,1087,4.07279,1.67667,0.7136,0.210944,1.81216,6.07988,164.477,15000,964736,1.58544
Suite_13,Deferred_Volume,0,1088,4.10562,1.69754,1.97222,0.21504,2.50547,6.10776,163.726,15000,972544,1.59984
Suite_13,Deferred_Volume,0,1089,4.11414,1.70442,0.724992,0.19904,1.80314,6.16046,162.326,15000,979328,1.61431
Suite_13,Deferred_Volume,0,1090,4.13059,1.70816,0.712704,0.1984,1.2247,6.19369,161.455,15000,985984,1.62658
Suite_13,Deferred_Volume,0,1091,4.15281,1.73118,0.724128,0.200704,1.35949,6.1877,161.611,15000,992896,1.63797
Suite_13,Deferred_Volume,0,1092,4.16988,1.81763,0.7168,0.202144,2.75242,6.24286,160.183,15000,1000064,1.65375
Suite_13,Deferred_Volume,0,1093,4.19179,1.73512,0.722784,0.202368,1.24096,6.35566,157.34,15000,1007872,1.66782
Suite_13,Deferred_Volume,0,1094,4.21292,1.76095,1.1153,0.202752,1.64045,6.30813,158.526,15000,1014144,1.67595
Suite_13,Deferred_Volume,0,1095,4.23695,1.75426,0.72992,0.204288,1.42941,6.35104,157.454,15000,1021696,1.68733
Suite_13,Deferred_Volume,0,1096,4.26338,1.76382,0.737728,0.2048,2.8345,6.36142,157.198,15000,1028480,1.7027
Suite_13,Deferred_Volume,0,1097,4.27429,1.75802,1.41062,0.205792,1.93533,6.40227,156.195,15000,1035136,1.71702
Suite_13,Deferred_Volume,0,1098,4.28794,1.74883,0.764736,0.217088,1.86112,6.422,155.715,15000,1040768,1.7206
Suite_13,Deferred_Volume,0,1099,4.30434,1.87192,0.748672,0.22016,1.85798,6.42264,155.699,15000,1046912,1.73517
Suite_13,Deferred_Volume,0,1100,4.33486,1.92386,2.14038,0.221184,2.67878,6.54333,152.827,15000,1054464,1.74631
Suite_13,Deferred_Volume,0,1101,4.35521,1.83357,0.791712,0.205792,1.87802,6.66504,150.037,15000,1059968,1.75307
Suite_13,Deferred_Volume,0,1102,4.35805,1.82874,1.54214,0.206848,2.63024,6.58643,151.827,15000,1065344,1.76502
Suite_13,Deferred_Volume,0,1103,4.38625,2.47967,0.794176,0.207616,1.89216,6.56511,152.32,15000,1070720,1.77558
Suite_13,Deferred_Volume,0,1104,4.39519,1.83835,1.66714,0.20688,2.7601,7.26147,137.713,15000,1074688,1.78048
Suite_13,Deferred_Volume,0,1105,4.41223,1.89577,0.794624,0.20992,1.87677,6.62413,150.963,15000,1081728,1.79663
Suite_13,Deferred_Volume,0,1106,4.43751,1.91449,1.66688,0.205536,2.21008,6.70404,149.164,15000,1087616,1.80954
Suite_13,Deferred_Volume,0,1107,4.44334,1.88778,0.777952,0.207552,1.31946,6.74561,148.244,15000,1093632,1.81745
Suite_13,Deferred_Volume,0,1108,4.45925,1.87752,1.0207,0.211264,1.54829,6.73126,148.561,15000,1099264,1.82698
Suite_13,Deferred_Volume,0,1109,4.47396,1.90095,0.787968,0.209536,1.31485,6.73581,148.46,15000,1104896,1.84061
Suite_13,Deferred_Volume,0,1110,4.48583,1.92968,1.00557,0.210976,1.5385,6.77375,147.629,15000,1109504,1.85246
Suite_13,Deferred_Volume,0,1111,4.50447,1.92236,0.794016,0.208896,1.4624,6.82282,146.567,15000,1115008,1.86724
Suite_13,Deferred_Volume,0,1112,4.51521,1.92085,0.806912,0.21088,1.45242,6.84529,146.086,15000,1120000,1.87913
Suite_13,Deferred_Volume,0,1113,4.53579,1.90413,0.802816,0.210944,1.33338,6.84416,146.11,15000,1125632,1.88817
Suite_13,Deferred_Volume,0,1114,4.54596,1.91763,2.39616,0.213344,3.04538,6.84866,146.014,15000,1130880,1.90527
Suite_13,Deferred_Volume,0,1115,4.56625,1.9586,0.805248,0.215072,1.45981,6.85965,145.78,15000,1135616,1.92303
Suite_13,Deferred_Volume,0,1116,4.57038,1.91751,2.75744,0.210944,3.92602,6.93338,144.23,15000,1140224,1.92984
Suite_13,Deferred_Volume,0,1117,4.58502,1.94272,0.811968,0.216576,1.35158,6.90499,144.823,15000,1145088,1.93795
Suite_13,Deferred_Volume,0,1118,4.59424,1.92988,1.72698,0.216704,2.26714,6.94194,144.052,15000,1149056,1.95119
Suite_13,Deferred_Volume,0,1119,4.61289,1.94841,0.823296,0.216064,1.3536,6.93912,144.111,15000,1155072,1.95236
Suite_13,Deferred_Volume,0,1120,4.62286,1.9478,1.76742,0.216992,2.30413,6.97884,143.29,15000,1158528,1.96342
Suite_13,Deferred_Volume,0,1121,4.63978,1.95372,0.828,0.216864,1.36397,6.99581,142.943,15000,1164288,1.97697
Suite_13,Deferred_Volume,0,1122,4.64924,1.97807,1.77152,0.217088,2.31427,7.02841,142.28,15000,1168896,1.98968
Suite_13,Deferred_Volume,0,1123,4.66731,1.94504,0.837632,0.220864,1.38093,7.04973,141.849,15000,1174784,2.00433
Suite_13,Deferred_Volume,0,1124,4.68154,1.9953,1.78678,0.217088,2.32874,7.05416,141.76,15000,1179776,2.02008
Suite_13,Deferred_Volume,0,1125,4.7079,2.03065,0.840256,0.218528,1.396,7.11024,140.642,15000,1184512,2.02418
Suite_13,Deferred_Volume,0,1126,4.71418,2.03886,1.82816,0.217088,2.38755,7.17478,139.377,15000,1188480,2.03155
Suite_13,Deferred_Volume,0,1127,4.73517,1.97607,0.854144,0.246112,1.98794,7.18949,139.092,15000,1193600,2.05123
Suite_13,Deferred_Volume,0,1128,4.74073,2.82392,3.19488,0.239424,4.32538,7.13924,140.071,15000,1198208,2.06537
Suite_13,Deferred_Volume,0,1129,4.76276,1.99218,0.8832,0.217952,1.98858,8.00956,124.851,15000,1201920,2.08222
Suite_13,Deferred_Volume,0,1130,4.76383,2.00397,1.87565,0.232128,2.99165,7.1932,139.02,15000,1206400,2.09635
Suite_13,Deferred_Volume,0,1131,4.7874,1.98035,0.897024,0.218848,2.0063,7.22445,138.419,15000,1210752,2.11235
Suite_13,Deferred_Volume,0,1132,4.79436,2.01648,1.43293,0.227328,2.53382,7.19716,138.944,15000,1215232,2.12717
Suite_13,Deferred_Volume,0,1133,4.79806,1.98841,0.888672,0.223712,2.01914,7.25805,137.778,15000,1218688,2.13364
Suite_13,Deferred_Volume,0,1134,4.80764,2.00304,2.22243,0.2216,2.94042,7.25088,137.914,15000,1222144,2.14502
Suite_13,Deferred_Volume,0,1135,4.82368,2.0039,0.888096,0.226784,1.43782,7.25854,137.769,15000,1228032,2.15984
Suite_13,Deferred_Volume,0,1136,4.8375,2.023,1.89626,0.22672,4.01469,7.26059,137.73,15000,1231360,2.17238
Suite_13,Deferred_Volume,0,1137,4.85355,2.033,0.893056,0.22256,3.0095,7.30334,136.924,15000,1233280,2.1825
Suite_13,Deferred_Volume,0,1138,4.85319,2.05032,1.93046,0.227168,4.00179,7.34713,136.108,15000,1236096,2.19884
Suite_13,Deferred_Volume,0,1139,4.86999,2.05619,0.898816,0.225088,2.95347,7.35635,135.937,15000,1239936,2.21281
Suite_13,Deferred_Volume,0,1140,4.87694,2.04859,1.86128,0.220128,2.40822,7.36591,135.761,15000,1244160,2.2295
Suite_13,Deferred_Volume,0,1141,4.88519,2.05806,0.90112,0.2232,1.44998,7.38899,135.336,15000,1246976,2.24236
Suite_13,Deferred_Volume,0,1142,4.89219,2.05363,1.87382,0.221184,2.41472,7.3928,135.267,15000,1249664,2.25647
Suite_13,Deferred_Volume,0,1143,4.93975,2.09713,0.907968,0.217184,1.46432,7.40738,135,15000,1250816,2.26302
Suite_13,Deferred_Volume,0,1144,4.90371,2.03009,1.86336,0.247936,2.99872,7.48798,133.547,15000,1251712,2.26814
Suite_13,Deferred_Volume,0,1145,4.90236,2.04243,0.928064,0.782336,2.05414,7.37723,135.552,15000,1253888,2.27913
Suite_13,Deferred_Volume,0,1146,4.91316,2.06155,2.4391,0.233856,3.6319,7.41036,134.946,15000,1254656,2.2878
Suite_13,Deferred_Volume,0,1147,4.9225,2.03108,0.937216,0.785408,2.04771,7.41371,134.885,15000,1256064,2.29599
Suite_13,Deferred_Volume,0,1148,4.93066,2.07509,1.94765,0.219072,3.04717,7.40207,135.097,15000,1258112,2.31319
Suite_13,Deferred_Volume,0,1149,4.93686,2.05116,0.931808,0.782944,2.05098,7.44733,134.276,15000,1260672,2.32563
Suite_13,Deferred_Volume,0,1150,4.93968,2.08084,2.10861,0.221184,2.83203,7.43479,134.503,15000,1261696,2.33797
Suite_13,Deferred_Volume,0,1151,4.94406,2.7014,0.93184,1.73789,2.99302,7.47433,133.791,15000,1264000,2.34802
Suite_13,Deferred_Volume,0,1152,4.95367,2.1164,1.96506,0.224832,4.01936,8.10081,123.445,15000,1264512,2.33293
Suite_13,Deferred_Volume,0,1153,4.95039,2.05576,0.923872,0.22176,1.472,7.52651,132.864,15000,1265152,2.34252
Suite_13,Deferred_Volume,0,1154,4.95864,2.08925,1.90026,0.219776,2.43376,7.4568,134.106,15000,1267072,2.35751
Suite_13,Deferred_Volume,0,1155,4.95638,2.06559,0.9312,0.220096,1.46906,7.50399,133.263,15000,1267968,2.37196
Suite_13,Deferred_Volume,0,1156,4.96658,2.07623,1.91174,0.235328,2.47606,7.47171,133.838,15000,1269376,2.37648
Suite_13,Deferred_Volume,0,1157,4.96812,2.04489,0.95232,0.775968,2.07526,7.4984,133.362,15000,1270400,2.38542
Suite_13,Deferred_Volume,0,1158,4.97247,2.08606,2.47194,0.231424,3.66442,7.47403,133.797,15000,1270784,2.39955
Suite_13,Deferred_Volume,0,1159,4.97112,2.05768,0.952608,0.789312,2.05414,7.5124,133.113,15000,1272064,2.40164
Suite_13,Deferred_Volume,0,1160,4.97729,2.06364,1.48378,0.217824,2.58467,7.50313,133.278,15000,1272320,2.40562
Suite_13,Deferred_Volume,0,1161,4.97559,2.05054,0.933728,0.330368,1.58925,7.50102,133.315,15000,1273088,2.42039
Suite_13,Deferred_Volume,0,1162,4.98258,2.07314,1.96131,0.219456,4.08157,7.48277,133.64,15000,1273088,2.43263
Suite_13,Deferred_Volume,0,1163,4.98241,2.05814,0.932576,0.391168,1.64045,7.51639,133.043,15000,1272448,2.4399
Suite_13,Deferred_Volume,0,1164,4.98209,2.07599,1.96813,0.221184,4.01971,7.49769,133.374,15000,1272832,2.45064
Suite_13,Deferred_Volume,0,1165,4.98629,2.10006,0.928352,1.72886,3.00547,7.5253,132.885,15000,1273600,2.44054
Suite_13,Deferred_Volume,0,1166,4.98993,2.10459,1.92112,0.221184,2.4592,7.5469,132.505,15000,1273088,2.45454
Suite_13,Deferred_Volume,0,1167,4.98637,2.08276,0.93408,0.21536,1.47354,7.55275,132.402,15000,1273856,2.47387
Suite_13,Deferred_Volume,0,1168,4.9802,2.07676,1.90912,0.213952,2.45754,7.51525,133.063,15000,1272960,2.47507
Suite_13,Deferred_Volume,0,1169,4.98089,2.06716,0.9568,0.21424,2.06186,7.52237,132.937,15000,1270528,2.4784
Suite_13,Deferred_Volume,0,1170,4.98112,2.07637,1.93002,0.21552,3.0281,7.50078,133.32,15000,1269760,2.4852
Suite_13,Deferred_Volume,0,1171,4.98237,2.07543,0.949696,0.787712,2.05824,7.51617,133.046,15000,1268736,2.49202
Suite_13,Deferred_Volume,0,1172,4.97915,2.06377,1.94784,0.213344,3.03923,7.51178,133.124,15000,1268736,2.51051
Suite_13,Deferred_Volume,0,1173,4.98398,2.67565,0.93184,1.73062,2.98202,7.50434,133.256,15000,1269248,2.51842
Suite_13,Deferred_Volume,0,1174,4.97585,2.08655,1.41587,0.212992,3.54086,8.11682,123.201,15000,1266560,2.52446
Suite_13,Deferred_Volume,0,1175,4.98264,2.05694,0.927744,1.75104,2.99462,7.50558,133.234,15000,1267200,2.5359
Suite_13,Deferred_Volume,0,1176,4.97634,2.06698,1.96355,0.215744,4.00864,7.51581,133.053,15000,1267328,2.55657
Suite_13,Deferred_Volume,0,1177,4.98054,2.06536,0.922368,0.216256,1.46166,7.50523,133.24,15000,1267456,2.57985
Suite_13,Deferred_Volume,0,1178,4.97808,2.10527,1.91053,0.21728,2.44531,7.50606,133.226,15000,1266432,2.57705
Suite_13,Deferred_Volume,0,1179,4.99104,2.09336,0.927744,0.215264,1.46432,7.53062,132.791,15000,1265408,2.58758
Suite_13,Deferred_Volume,0,1180,4.98008,2.06046,1.91709,0.214656,3.00202,7.53602,132.696,15000,1264256,2.60694
Suite_13,Deferred_Volume,0,1181,4.97579,2.05689,0.948928,0.784384,2.05984,7.5101,133.154,15000,1261696,2.62522
Suite_13,Deferred_Volume,0,1182,4.97254,2.07637,2.13482,0.22528,3.2504,7.48449,133.61,15000,1261056,2.65155
Suite_13,Deferred_Volume,0,1183,5.01682,2.08857,0.940032,0.776192,2.02989,7.50076,133.32,15000,1259136,2.59139
Suite_13,Deferred_Volume,0,1184,4.96976,2.0548,1.74262,0.213824,2.83597,7.55103,132.432,15000,1258496,2.59553
Suite_13,Deferred_Volume,0,1185,4.95744,2.02987,0.9208,0.216064,1.46022,7.48916,133.526,15000,1256320,2.57904
Suite_13,Deferred_Volume,0,1186,4.96134,2.05441,1.9433,0.2136,4.04707,7.44401,134.336,15000,1255040,2.58904
Suite_13,Deferred_Volume,0,1187,4.95912,2.05424,0.921312,0.211648,3.04202,7.46528,133.953,15000,1252736,2.54944
Suite_13,Deferred_Volume,0,1188,4.95903,2.04012,1.92637,0.2136,3.99376,7.46004,134.048,15000,1251968,2.55439
Suite_13,Deferred_Volume,0,1189,4.95392,2.02485,0.912032,0.215136,1.45408,7.44635,134.294,15000,1249152,2.5637
Suite_13,Deferred_Volume,0,1190,4.94356,2.04954,1.87834,0.21328,2.41664,7.43811,134.443,15000,1246464,2.57012
Suite_13,Deferred_Volume,0,1191,4.94081,2.04137,0.908704,0.217088,1.44864,7.43137,134.565,15000,1244800,2.59163
Suite_13,Deferred_Volume,0,1192,4.93611,2.0617,1.88042,0.209504,2.40768,7.43169,134.559,15000,1242240,2.48163
Suite_13,Deferred_Volume,0,1193,4.93404,2.04334,0.933664,0.773312,2.02976,7.43771,134.45,15000,1239552,2.49069
Suite_13,Deferred_Volume,0,1194,4.93256,2.03323,1.88816,0.21136,2.97517,7.4363,134.475,15000,1238528,2.44614
Suite_13,Deferred_Volume,0,1195,4.9268,2.65064,0.918752,0.210048,2.02413,7.4118,134.92,15000,1235840,2.4454
Suite_13,Deferred_Volume,0,1196,4.9238,2.04257,1.41722,0.208416,2.49878,8.02408,124.625,15000,1234688,2.44504
Suite_13,Deferred_Volume,0,1197,4.92029,2.05539,0.911872,0.211488,2.01091,7.42049,134.762,15000,1233280,2.42994
Suite_13,Deferred_Volume,0,1198,4.91222,2.01599,2.11181,0.214848,2.8201,7.42106,134.752,15000,1230720,2.40972
Suite_13,Deferred_Volume,0,1199,4.90914,2.02312,0.901184,0.20928,1.4295,7.36323,135.81,15000,1227264,2.41849
Suite_13,Deferred_Volume,0,1200,4.90313,2.01507,1.41942,0.208256,3.52051,7.386,135.391,15000,1223680,2.40779
Suite_13,Deferred_Volume,0,1201,4.89156,2.00699,0.903712,0.210944,3.00851,7.36467,135.783,15000,1220224,2.42257
Suite_13,Deferred_Volume,0,1202,4.8952,2.00202,1.91488,0.210944,3.95318,7.32736,136.475,15000,1218816,2.43386
Suite_13,Deferred_Volume,0,1203,4.88662,2.04953,0.900352,0.210944,1.43552,7.34288,136.186,15000,1215616,2.44748
Suite_13,Deferred_Volume,0,1204,4.87467,2.00541,1.85898,0.211456,2.38989,7.37301,135.63,15000,1212288,2.44239
Suite_13,Deferred_Volume,0,1205,4.87011,2.01171,0.908928,0.211488,1.44218,7.3246,136.526,15000,1208704,2.45077
Suite_13,Deferred_Volume,0,1206,4.86461,2.04577,1.89293,0.208128,2.42464,7.32091,136.595,15000,1205888,2.46806
Suite_13,Deferred_Volume,0,1207,4.85391,2.00186,0.900832,0.202752,1.44358,7.35187,136.02,15000,1203072,2.46841
Suite_13,Deferred_Volume,0,1208,4.85097,1.98441,1.84262,0.2216,2.93901,7.2945,137.09,15000,1201408,2.44621
Suite_13,Deferred_Volume,0,1209,4.84016,1.99647,0.921792,0.210144,2.01008,7.26509,137.645,15000,1198720,2.45024
Suite_13,Deferred_Volume,0,1210,4.84347,2.01881,1.87594,0.207232,2.94787,7.27901,137.381,15000,1196416,2.43626
Suite_13,Deferred_Volume,0,1211,4.83754,1.95998,0.9016,0.2048,1.99072,7.28269,137.312,15000,1193856,2.45572
Suite_13,Deferred_Volume,0,1212,4.82977,1.98685,2.20365,0.22464,3.3169,7.24352,138.054,15000,1190784,2.46704
Suite_13,Deferred_Volume,0,1213,4.81726,1.94435,0.873024,0.22528,1.98656,7.26045,137.733,15000,1187200,2.46953
Suite_13,Deferred_Volume,0,1214,4.81143,1.97408,1.89155,0.206848,2.99232,7.19581,138.97,15000,1182720,2.46164
Suite_13,Deferred_Volume,0,1215,4.81398,1.9644,0.897376,0.210016,1.97632,7.21017,138.693,15000,1180800,2.48628
Suite_13,Deferred_Volume,0,1216,4.80325,1.98027,1.48288,0.2096,2.57002,7.20274,138.836,15000,1177728,2.51187
Suite_13,Deferred_Volume,0,1217,4.79427,1.95936,0.87408,0.207648,1.96202,7.20679,138.758,15000,1174400,2.50503
Suite_13,Deferred_Volume,0,1218,4.77703,2.56685,2.45962,0.209184,3.09962,7.17973,139.281,15000,1171712,2.50633
Suite_13,Deferred_Volume,0,1219,4.78833,1.97949,0.848832,0.210368,2.94707,7.77422,128.63,15000,1168512,2.51658
Suite_13,Deferred_Volume,0,1220,4.78146,2.00668,1.36269,0.210592,2.07046,7.1934,139.016,15000,1166208,2.29344
Suite_13,Deferred_Volume,0,1221,4.77061,1.96073,0.8432,0.21312,2.93302,7.21259,138.647,15000,1161856,2.27802
Suite_13,Deferred_Volume,0,1222,4.75834,1.98642,1.83142,0.21056,3.88506,7.14009,140.054,15000,1159040,2.23026
Suite_13,Deferred_Volume,0,1223,4.75308,1.91588,0.831936,0.212704,2.88352,7.17346,139.403,15000,1156352,2.21012
Suite_13,Deferred_Volume,0,1224,4.78807,1.98045,1.8249,0.211168,2.36067,7.10116,140.822,15000,1153152,2.21243
Suite_13,Deferred_Volume,0,1225,4.73817,1.94305,0.8192,0.212864,1.35373,7.18434,139.192,15000,1149312,2.21618
Suite_13,Deferred_Volume,0,1226,4.71973,1.93266,1.06339,0.213152,1.59728,7.09239,140.996,15000,1145600,2.22679
Suite_13,Deferred_Volume,0,1227,4.71223,1.92368,0.817408,0.211008,1.34499,7.08888,141.066,15000,1140992,2.21255
Suite_13,Deferred_Volume,0,1228,4.70202,1.93686,1.29418,0.215136,1.82618,7.04858,141.873,15000,1136384,2.19916
Suite_13,Deferred_Volume,0,1229,4.69548,1.90474,0.815104,0.216416,1.34573,7.0636,141.571,15000,1132416,2.1709
Suite_13,Deferred_Volume,0,1230,4.68326,1.90934,1.41693,0.215456,1.9535,7.01417,142.569,15000,1128576,2.17031
Suite_13,Deferred_Volume,0,1231,4.66997,1.93985,0.80784,0.21504,1.3407,7.00616,142.732,15000,1124224,2.17882
Suite_13,Deferred_Volume,0,1232,4.66539,1.90289,1.52227,0.212608,2.06029,7.03092,142.229,15000,1119872,2.15547
Suite_13,Deferred_Volume,0,1233,4.65967,1.90921,0.797088,0.211232,1.32096,6.98311,143.203,15000,1116672,2.17085
Suite_13,Deferred_Volume,0,1234,4.65686,1.9201,1.6167,0.214976,2.14349,6.97763,143.315,15000,1112576,2.15516
Suite_13,Deferred_Volume,0,1235,4.64261,1.90434,0.801152,0.21248,1.32506,6.98899,143.082,15000,1108992,2.15332
Suite_13,Deferred_Volume,0,1236,4.62848,1.89372,1.61178,0.210944,2.14096,6.95437,143.795,15000,1105792,2.16483
Suite_13,Deferred_Volume,0,1237,4.62545,1.8881,0.792672,0.209504,1.31686,6.93345,144.228,15000,1102976,2.18005
Suite_13,Deferred_Volume,0,1238,4.6248,1.88596,1.52384,0.21088,2.05133,6.90262,144.873,15000,1099264,2.18711
Suite_13,Deferred_Volume,0,1239,4.61923,1.8981,0.789888,0.20992,1.32096,6.91992,144.51,15000,1095424,2.19562
Suite_13,Deferred_Volume,0,1240,4.60337,1.87885,1.45203,0.206688,1.97405,6.90813,144.757,15000,1091456,2.17241
Suite_13,Deferred_Volume,0,1241,4.59537,1.84889,0.791488,0.208896,1.32227,6.88622,145.218,15000,1087104,2.1857
Suite_13,Deferred_Volume,0,1242,4.5899,17.4078,16.7729,0.203424,17.8661,6.83638,146.276,15000,1083136,2.17414
Suite_13,Deferred_Volume,0,1243,4.57722,1.84385,0.792576,0.223232,1.95018,22.3979,44.647,15000,1078656,2.18148
Suite_13,Deferred_Volume,0,1244,4.5731,1.85296,1.7015,0.2048,2.22112,6.81899,146.649,15000,1075072,2.19166
Suite_13,Deferred_Volume,0,1245,4.55964,1.83913,0.790016,0.204768,1.31482,6.80635,146.922,15000,1070848,2.20869
Suite_13,Deferred_Volume,0,1246,4.54374,1.83502,1.69165,0.2048,2.22077,6.78742,147.331,15000,1066240,2.22022
Suite_13,Deferred_Volume,0,1247,4.53277,1.84357,0.782336,0.20656,1.30662,6.77396,147.624,15000,1060736,2.22608
Suite_13,Deferred_Volume,0,1248,4.52845,1.82276,1.6727,0.20368,2.18931,6.7613,147.901,15000,1056384,2.21529
Suite_13,Deferred_Volume,0,1249,4.51742,1.80597,0.781216,0.2048,1.30442,6.73336,148.514,15000,1052800,2.23661
Suite_13,Deferred_Volume,0,1250,4.50524,1.81907,1.42541,0.209984,1.94992,6.70814,149.073,15000,1048960,2.22598
Suite_13,Deferred_Volume,0,1251,4.49418,1.84191,0.77744,0.206752,1.29638,6.72387,148.724,15000,1043456,2.23884
Suite_13,Deferred_Volume,0,1252,4.4859,1.78109,0.777312,0.202752,1.29638,6.71407,148.941,15000,1039104,2.25995
Suite_13,Deferred_Volume,0,1253,4.46802,1.75925,0.792,0.201632,1.48022,6.64968,150.383,15000,1034496,2.28581
Suite_13,Deferred_Volume,0,1254,4.45743,1.75429,0.776864,0.204032,1.47251,6.60799,151.332,15000,1029888,2.30282
Suite_13,Deferred_Volume,0,1255,4.45214,1.72951,0.773056,0.202112,1.47005,6.59479,151.635,15000,1025152,2.29598
Suite_13,Deferred_Volume,0,1256,4.43678,1.77243,2.89808,0.20048,3.59424,6.55821,152.481,15000,1020800,2.30847
Suite_13,Deferred_Volume,0,1257,4.43344,1.72443,0.77136,0.202272,2.81789,6.5759,152.07,15000,1017088,2.34954
Suite_13,Deferred_Volume,0,1258,4.42008,1.74933,0.774144,0.201536,1.85952,6.53433,153.038,15000,1011840,2.39036
Suite_13,Deferred_Volume,0,1259,4.40497,1.72058,1.32669,0.213664,2.42278,6.53943,152.919,15000,1005696,2.43476
Suite_13,Deferred_Volume,0,1260,4.39078,1.71754,0.761856,0.21872,1.87258,6.49135,154.051,15000,1001344,2.47226
Suite_13,Deferred_Volume,0,1261,4.39417,1.72694,0.767104,0.201856,1.28624,6.46551,154.667,15000,996992,2.52884
Suite_13,Deferred_Volume,0,1262,4.377,1.74245,1.60368,0.202752,2.67264,6.49281,154.017,15000,989312,2.55932
Suite_13,Deferred_Volume,0,1263,4.36338,1.70639,0.781088,0.206208,1.86122,6.47678,154.398,15000,983296,2.62553
Suite_13,Deferred_Volume,0,1264,4.34107,1.69609,0.76048,0.203552,1.30253,6.42952,155.533,15000,977792,2.70118
Suite_13,Deferred_Volume,0,1265,4.32692,1.70668,0.771072,0.206848,1.41907,6.3921,156.443,15000,972160,2.78468
Suite_13,Deferred_Volume,0,1266,4.35808,1.74926,0.752032,0.211264,1.91693,6.38814,156.54,15000,967808,2.33061
Suite_13,Deferred_Volume,0,1267,4.3056,1.68761,0.743424,0.206112,1.27251,6.47533,154.432,15000,962304,2.30886
Suite_13,Deferred_Volume,0,1268,4.29872,1.68101,1.5575,0.205664,2.0793,6.34668,157.563,15000,957952,2.27276
Suite_13,Deferred_Volume,0,1269,4.28515,1.68373,0.741472,0.205184,1.43712,6.34621,157.574,15000,953984,2.28113
Suite_13,Deferred_Volume,0,1270,4.27353,4.26282,0.740928,0.203424,1.26909,6.32322,158.147,15000,948352,2.26509
Suite_13,Deferred_Volume,0,1271,4.27814,1.68543,1.15731,0.203744,1.68368,8.88349,112.568,15000,941952,2.27836
Suite_13,Deferred_Volume,0,1272,4.24539,1.65382,0.729024,0.200704,1.41926,6.34248,157.667,15000,936576,2.30072
Suite_13,Deferred_Volume,0,1273,4.23957,1.65341,0.73536,0.200704,1.42406,6.23936,160.273,15000,931584,2.23852
Suite_13,Deferred_Volume,0,1274,4.22893,1.67065,1.77558,0.202624,2.29229,6.24971,160.007,15000,927360,2.27297
Suite_13,Deferred_Volume,0,1275,4.21659,1.64759,0.763424,0.203104,1.83696,6.25579,159.852,15000,922624,2.28593
Suite_13,Deferred_Volume,0,1276,4.20587,1.63857,0.749568,0.200032,1.83379,6.19326,161.466,15000,916992,2.31841
Suite_13,Deferred_Volume,0,1277,4.20014,1.65667,1.55398,0.201664,2.07462,6.19174,161.505,15000,910336,2.36061
Suite_13,Deferred_Volume,0,1278,4.18177,1.61724,0.73728,0.223392,1.83114,6.20009,161.288,15000,906624,2.41314
Suite_13,Deferred_Volume,0,1279,4.16983,1.6399,0.747104,0.198432,1.26566,6.14452,162.747,15000,902784,2.43451
Suite_13,Deferred_Volume,0,1280,4.19412,1.67407,1.24931,0.195264,1.76333,6.14887,162.631,15000,896128,2.47779
Suite_13,Deferred_Volume,0,1281,4.1386,1.61473,0.7432,0.193152,1.25366,6.19821,161.337,15000,890112,2.50201
Suite_13,Deferred_Volume,0,1282,4.12845,1.59838,0.744896,0.198656,1.43328,6.08433,164.357,15000,883840,2.51997
Suite_13,Deferred_Volume,0,1283,4.11706,1.60811,2.01155,0.19456,2.52442,6.06825,164.792,15000,878336,2.55991
Suite_13,Deferred_Volume,0,1284,4.10261,1.59988,0.75904,0.197056,1.83325,6.04025,165.556,15000,872704,2.65011
Suite_13,Deferred_Volume,0,1285,4.08982,1.59069,0.729216,0.192512,1.37338,6.02499,165.975,15000,867200,2.73223
Suite_13,Deferred_Volume,0,1286,4.0755,1.58586,1.50941,0.191488,2.01933,5.98874,166.98,15000,861696,2.84749
Suite_13,Deferred_Volume,0,1287,4.06023,1.59307,0.724768,0.190912,1.23411,5.97689,167.311,15000,856704,2.35048
Suite_13,Deferred_Volume,0,1288,4.05447,1.58823,0.719392,0.192064,1.22166,5.97215,167.444,15000,851456,2.38956
Suite_13,Deferred_Volume,0,1289,4.0373,1.57581,2.25779,0.189504,2.7664,5.95266,167.992,15000,846336,2.46561
Suite_13,Deferred_Volume,0,1290,4.03077,1.55039,0.712864,0.1904,2.73504,5.92656,168.732,15000,840448,2.55086
Suite_13,Deferred_Volume,0,1291,4.01603,1.54816,0.698368,0.210944,1.21651,5.88664,169.876,15000,834688,2.64512
Suite_13,Deferred_Volume,0,1292,4.00361,1.56337,1.49994,0.190496,2.00458,5.86803,170.415,15000,829312,2.75853
Suite_13,Deferred_Volume,0,1293,3.98881,1.54996,0.700832,0.189184,1.20627,5.87221,170.294,15000,824960,2.90203
Suite_13,Deferred_Volume,0,1294,3.98202,1.55951,0.693792,0.1928,1.20003,5.8433,171.136,15000,820096,3.06427
Suite_13,Deferred_Volume,0,1295,3.96785,1.54158,0.696928,0.192704,1.20218,5.83512,171.376,15000,815744,3.25396
Suite_13,Deferred_Volume,0,1296,3.95515,1.52718,0.671744,0.194176,1.18614,5.8076,172.188,15000,811136,3.42127
Suite_13,Deferred_Volume,0,1297,3.94389,1.51088,0.678496,0.196608,1.21232,5.78542,172.848,15000,806272,2.39374
Suite_13,Deferred_Volume,0,1298,3.94189,1.53397,1.4417,0.197952,1.95789,5.75569,173.741,15000,801408,2.45326
Suite_13,Deferred_Volume,0,1299,3.92783,1.51236,0.658592,0.198048,1.16781,5.77529,173.152,15000,796672,2.11383
Suite_13,Deferred_Volume,0,1300,3.91227,1.50196,0.644992,0.197152,1.1601,5.74174,174.163,15000,792576,2.1461
Suite_13,Deferred_Volume,0,1301,3.89998,1.50116,2.16851,0.195328,2.6776,5.7019,175.38,15000,787584,2.17608
Suite_13,Deferred_Volume,0,1302,3.88394,3.72125,0.638976,0.195808,1.14902,5.69445,175.61,15000,781184,2.20939
Suite_13,Deferred_Volume,0,1303,3.88703,1.49336,0.634496,0.19456,1.14688,7.90314,126.532,15000,776576,2.23504
Suite_13,Deferred_Volume,0,1304,3.88802,1.49643,1.38854,0.19456,1.89933,5.66747,176.446,15000,771584,2.27456
Suite_13,Deferred_Volume,0,1305,3.85222,1.46855,0.622592,0.192448,1.15155,5.67525,176.204,15000,765568,2.32072
Suite_13,Deferred_Volume,0,1306,3.84131,1.47286,0.622272,0.194944,1.15389,5.59643,178.685,15000,759808,2.37596
Suite_13,Deferred_Volume,0,1307,3.82266,1.47805,1.2143,0.197312,1.72499,5.5852,179.045,15000,754432,2.21686
Suite_13,Deferred_Volume,0,1308,3.81313,1.49855,0.610304,0.19696,1.1271,5.58774,178.963,15000,749952,2.0243
Suite_13,Deferred_Volume,0,1309,3.80531,1.45648,0.629248,0.19456,1.14368,5.58311,179.112,15000,744320,2.05058
Suite_13,Deferred_Volume,0,1310,3.78835,1.44774,1.71021,0.196608,2.22413,5.53855,180.553,15000,737536,2.02559
Suite_13,Deferred_Volume,0,1311,3.78366,1.48187,0.607072,0.196256,1.14077,5.50971,181.498,15000,733184,2.06325
Suite_13,Deferred_Volume,0,1312,3.77072,1.43712,0.602432,0.194848,1.11821,5.53163,180.778,15000,729344,2.01144
Suite_13,Deferred_Volume,0,1313,3.75654,1.43589,0.863744,0.19648,1.38365,5.47373,182.691,15000,724352,2.03007
Suite_13,Deferred_Volume,0,1314,3.74242,1.42679,0.616448,0.212,1.14077,5.4658,182.956,15000,719360,2.05895
Suite_13,Deferred_Volume,0,1315,3.72832,1.42282,0.61568,0.198944,1.12938,5.4388,183.864,15000,712448,1.92333
Suite_13,Deferred_Volume,0,1316,3.72258,1.52746,1.37354,0.195456,1.88698,5.42629,184.288,15000,707072,1.94183
Suite_13,Deferred_Volume,0,1317,3.70814,1.43774,0.589824,0.19456,1.10016,5.50997,181.489,15000,702464,1.94595
Suite_13,Deferred_Volume,0,1318,3.69705,1.41484,0.590976,0.196608,1.1024,5.40913,184.873,15000,699136,1.97859
Suite_13,Deferred_Volume,0,1319,3.68803,1.41737,1.36029,0.19584,1.89581,5.37952,185.89,15000,693504,1.96319
Suite_13,Deferred_Volume,0,1320,3.67739,1.39532,0.581632,0.192512,1.09824,5.36743,186.309,15000,688384,1.99563
Suite_13,Deferred_Volume,0,1321,3.65466,1.394,0.573312,0.194816,1.08496,5.32847,187.671,15000,683136,2.02668
Suite_13,Deferred_Volume,0,1322,3.6486,1.37444,0.571008,0.193152,1.07968,5.31661,188.09,15000,678912,1.94892
Suite_13,Deferred_Volume,0,1323,3.64242,1.39332,0.9224,0.211456,1.44739,5.26742,189.846,15000,673920,1.95744
Suite_13,Deferred_Volume,0,1324,3.62898,1.37957,0.589824,0.200608,1.10176,5.29022,189.028,15000,668288,1.94371
Suite_13,Deferred_Volume,0,1325,3.60975,1.37481,0.573856,0.192512,1.08096,5.26213,190.037,15000,664192,1.95565
Suite_13,Deferred_Volume,0,1326,3.60262,1.34999,0.569152,0.19088,1.07562,5.23954,190.856,15000,658560,1.96827
Suite_13,Deferred_Volume,0,1327,3.5941,1.37205,1.01581,0.20192,1.52406,5.20301,192.196,15000,653568,2.00099
Suite_13,Deferred_Volume,0,1328,3.58284,1.36994,0.59376,0.19024,1.09363,5.21497,191.756,15000,648064,2.02031
Suite_13,Deferred_Volume,0,1329,3.56505,1.3408,0.578432,0.18464,1.0711,5.20312,192.192,15000,643840,2.05647
Suite_13,Deferred_Volume,0,1330,3.55849,1.37265,0.577536,0.185888,1.07712,5.1487,194.224,15000,638592,2.09679
Suite_13,Deferred_Volume,0,1331,3.54699,1.36071,0.867712,0.184512,1.36976,5.16507,193.608,15000,633856,2.10484
Suite_13,Deferred_Volume,0,1332,3.53987,1.33729,0.56912,0.179968,1.08067,5.13893,194.593,15000,629632,2.16812
Suite_13,Deferred_Volume,0,1333,3.52202,1.32419,0.575424,0.181984,1.07334,5.11207,195.616,15000,624256,2.24347
Suite_13,Deferred_Volume,0,1334,3.50939,1.30775,0.57568,0.176512,1.06906,5.07403,197.082,15000,617984,2.33822
Suite_13,Deferred_Volume,0,1335,3.50265,1.34294,1.47206,0.169664,1.94765,5.05249,197.922,15000,613632,2.28406
Suite_13,Deferred_Volume,0,1336,3.49503,1.31751,0.593216,0.166784,1.07322,5.07268,197.135,15000,609792,2.41934
Suite_13,Deferred_Volume,0,1337,3.48284,1.31424,0.582336,0.162208,1.05267,5.037,198.531,15000,605056,2.55883
Suite_13,Deferred_Volume,0,1338,3.46958,1.30181,0.584,0.15984,1.05517,5.02201,199.123,15000,600192,2.81762
Suite_13,Deferred_Volume,0,1339,3.4572,1.30364,1.26566,0.174016,1.74797,5.00503,199.799,15000,595712,3.19602
Suite_13,Deferred_Volume,0,1340,3.4478,1.29611,0.56096,0.178496,1.05363,4.98291,200.686,15000,592512,3.78601
Suite_13,Deferred_Volume,0,1341,3.4362,1.28849,0.561152,0.176128,1.03808,4.96329,201.479,15000,588544,4.86335
Suite_13,Deferred_Volume,0,1342,3.42645,1.28631,0.567296,0.16928,1.04806,4.94221,202.339,15000,583296,6.96743
Suite_13,Deferred_Volume,0,1343,3.41782,1.29038,1.27123,0.164832,1.74144,4.92555,203.023,15000,579456,10.5131
Suite_13,Deferred_Volume,0,1344,3.40113,3.52281,0.594624,0.163424,1.06701,4.92742,202.946,15000,575360,10.8201
Suite_13,Deferred_Volume,0,1345,3.4109,1.28535,0.593632,0.160224,1.0639,7.14154,140.026,15000,569856,9.20477
Suite_13,Deferred_Volume,0,1346,3.40931,1.26862,0.591872,0.174176,1.08006,4.91572,203.429,15000,565888,2.76911
Suite_13,Deferred_Volume,0,1347,3.36509,1.2753,1.21971,0.192448,1.73056,4.92653,202.983,15000,560000,3.19912
Suite_13,Deferred_Volume,0,1348,3.36469,1.27396,0.524928,0.19232,1.03014,4.85272,206.07,15000,555520,3.92047
Suite_13,Deferred_Volume,0,1349,3.35049,1.25221,0.524544,0.194656,1.03558,4.85488,205.978,15000,552448,5.23663
Suite_13,Deferred_Volume,0,1350,3.34479,1.26993,0.51072,0.192512,1.01786,4.81661,207.615,15000,547712,7.59575
Suite_13,Deferred_Volume,0,1351,3.34027,1.25969,1.18784,0.19456,1.69389,4.83006,207.037,15000,543360,10.7258
Suite_13,Deferred_Volume,0,1352,3.31898,1.2239,0.501184,0.19584,1.00739,4.79909,208.373,15000,539392,10.7088
Suite_13,Deferred_Volume,0,1353,3.29968,1.23691,0.498112,0.18656,1.00352,4.74195,210.883,15000,534272,7.68715
Suite_13,Deferred_Volume,0,1354,3.29376,1.23872,0.48128,0.188416,0.990848,4.73587,211.154,15000,528512,2.23193
Suite_13,Deferred_Volume,0,1355,3.28361,1.22056,2.01283,0.185632,2.51648,4.73304,211.281,15000,523520,2.46754
Suite_13,Deferred_Volume,0,1356,3.27578,1.23031,0.473696,0.18432,0.990208,4.70291,212.634,15000,519552,2.7999
Suite_13,Deferred_Volume,0,1357,3.29514,1.25911,0.461504,0.18672,0.960512,4.70262,212.647,15000,515584,3.1676
Suite_13,Deferred_Volume,0,1358,3.26186,1.23392,0.455488,0.18432,0.958464,4.7605,210.062,15000,512256,3.15817
Suite_13,Deferred_Volume,0,1359,3.26997,1.25045,0.441984,0.202688,0.956224,4.68877,213.276,15000,508032,1.63775
Suite_13,Deferred_Volume,0,1360,3.24399,1.22316,1.11536,0.18432,1.60995,4.71929,211.896,15000,504448,1.63031
Suite_13,Deferred_Volume,0,1361,3.22212,1.21086,0.447488,0.182272,0.948224,4.65464,214.839,15000,500352,1.62127
Suite_13,Deferred_Volume,0,1362,3.21875,1.20598,0.447968,0.195488,0.954528,4.62012,216.445,15000,495744,1.62815
Suite_13,Deferred_Volume,0,1363,3.20149,1.19747,0.454112,0.182112,0.953088,4.60897,216.968,15000,490880,1.62396
Suite_13,Deferred_Volume,0,1364,3.18475,1.17096,0.452608,0.182272,0.944064,4.59172,217.783,15000,485760,1.62593
Suite_13,Deferred_Volume,0,1365,3.17404,1.20485,0.754208,0.178432,1.26893,4.53944,220.292,15000,482432,1.64795
Suite_13,Deferred_Volume,0,1366,3.1716,1.19491,0.45616,0.182016,0.954752,4.5719,218.727,15000,478592,1.67603
Suite_13,Deferred_Volume,0,1367,3.16595,1.1614,0.452896,0.182368,0.95232,4.5592,219.337,15000,475520,1.66708
Suite_13,Deferred_Volume,0,1368,3.14563,1.17316,0.464288,0.180224,0.950272,4.50663,221.895,15000,471424,1.66811
Suite_13,Deferred_Volume,0,1369,3.14546,1.18844,0.46304,0.182272,0.953952,4.50731,221.862,15000,466944,1.69161
Suite_13,Deferred_Volume,0,1370,3.13202,1.14606,1.98781,0.183744,2.4807,4.51457,221.505,15000,462720,1.61659
Suite_13,Deferred_Volume,0,1371,3.11905,1.17695,0.465344,0.182336,0.959808,4.45309,224.563,15000,458880,1.6465
Suite_13,Deferred_Volume,0,1372,3.12258,1.1835,0.4688,0.183744,0.964608,4.48318,223.056,15000,455552,1.6768
Suite_13,Deferred_Volume,0,1373,3.10601,1.13106,0.466688,0.182752,0.962848,4.48363,223.034,15000,451840,1.67273
Suite_13,Deferred_Volume,0,1374,3.09599,1.16133,0.482816,0.184384,0.98016,4.41332,226.587,15000,447488,1.69476
Suite_13,Deferred_Volume,0,1375,3.09126,1.15245,0.66576,0.180224,1.16042,4.43251,225.606,15000,444416,1.73391
Suite_13,Deferred_Volume,0,1376,3.069,1.13412,0.474944,0.194784,0.975424,4.41699,226.398,15000,438912,1.72429
Suite_13,Deferred_Volume,0,1377,3.05547,1.14039,0.457856,0.179968,0.94688,4.37919,228.353,15000,435712,1.69343
Suite_13,Deferred_Volume,0,1378,3.09895,1.18563,0.456672,0.17984,0.952096,4.36182,229.262,15000,432256,1.7317
Suite_13,Deferred_Volume,0,1379,3.04885,1.13497,0.45024,0.176576,0.93248,4.45601,224.416,15000,426368,1.74172
Suite_13,Deferred_Volume,0,1380,3.03721,1.14452,1.07718,0.176256,1.56752,4.3461,230.091,15000,423680,1.79939
Suite_13,Deferred_Volume,0,1381,3.01494,1.09699,0.438752,0.176128,0.921504,4.34895,229.94,15000,418816,1.67462
Suite_13,Deferred_Volume,0,1382,3.00291,1.10746,0.464256,0.1752,0.950688,4.27543,233.895,15000,414976,1.70297
Suite_13,Deferred_Volume,0,1383,2.99324,1.09232,0.428032,0.173952,0.913824,4.27419,233.963,15000,410880,1.63292
Suite_13,Deferred_Volume,0,1384,2.98494,1.09801,0.44976,0.170912,0.92832,4.25043,235.27,15000,408064,1.67093
Suite_13,Deferred_Volume,0,1385,2.98186,1.10801,0.431104,0.172032,0.91392,4.23746,235.99,15000,404736,1.68596
Suite_13,Deferred_Volume,0,1386,2.96857,1.07972,1.95645,0.170048,2.44122,4.2516,235.205,15000,401280,1.73017
Suite_13,Deferred_Volume,0,1387,2.95859,1.0936,0.422144,0.168384,0.894976,4.19967,238.114,15000,397056,1.74755
Suite_13,Deferred_Volume,0,1388,2.946,1.094,0.411072,0.167936,0.880032,4.20754,237.669,15000,393856,1.79485
Suite_13,Deferred_Volume,0,1389,2.9398,1.06471,0.415744,0.179968,0.911488,4.19304,238.49,15000,390528,1.71834
Suite_13,Deferred_Volume,0,1390,2.93026,1.0835,0.38592,0.168256,0.862208,4.15098,240.907,15000,386048,1.71378
Suite_13,Deferred_Volume,0,1391,2.91785,1.06806,0.380256,0.163872,0.85632,4.17096,239.753,15000,382080,1.71101
Suite_13,Deferred_Volume,0,1392,2.90237,1.0892,1.5913,0.159904,2.0592,4.13296,241.957,15000,378112,1.7448
Suite_13,Deferred_Volume,0,1393,2.89927,1.06556,0.35248,0.159744,0.820864,4.13789,241.669,15000,374272,1.78413
Suite_13,Deferred_Volume,0,1394,2.89161,1.06168,0.339168,0.170752,0.817728,4.10768,243.446,15000,370048,1.66803
Suite_13,Deferred_Volume,0,1395,2.88522,1.09297,0.34208,0.155968,0.805408,4.09891,243.967,15000,366464,1.70201
Suite_13,Deferred_Volume,0,1396,2.87915,1.03706,0.335872,0.154848,0.796288,4.12795,242.251,15000,362880,1.78916
Suite_13,Deferred_Volume,0,1397,2.85757,1.05244,0.3584,0.154144,0.824096,4.05666,246.508,15000,358656,1.88426
Suite_13,Deferred_Volume,0,1398,2.83991,1.03589,0.342912,0.156672,0.802816,4.0508,246.865,15000,354048,2.02685
Suite_13,Deferred_Volume,0,1399,2.83569,1.0437,0.333824,0.157312,0.790688,4.01657,248.969,15000,350208,2.00161
Suite_13,Deferred_Volume,0,1400,2.82815,1.04341,0.34352,0.162432,0.807328,4.01443,249.102,15000,346624,2.25035
Suite_13,Deferred_Volume,0,1401,2.81281,1.02422,0.352864,0.16384,0.825344,4.01293,249.194,15000,342144,2.5733
Suite_13,Deferred_Volume,0,1402,2.79909,1.03519,0.350816,0.167776,0.824864,3.96998,251.891,15000,339584,2.95379
Suite_13,Deferred_Volume,0,1403,2.80192,1.01182,0.347008,0.167936,0.824992,3.9667,252.099,15000,336384,3.19658
Suite_13,Deferred_Volume,0,1404,2.78578,1.02517,0.368288,0.168448,0.847264,3.94136,253.719,15000,333312,1.4655
Suite_13,Deferred_Volume,0,1405,2.7798,3.80294,2.97043,0.196608,3.47853,3.94606,253.417,15000,330368,1.50837
Suite_13,Deferred_Volume,0,1406,2.80904,1.02578,0.34496,0.17152,0.82736,6.71612,148.896,15000,326528,1.53165
Suite_13,Deferred_Volume,0,1407,2.79406,1.02202,0.349568,0.171136,0.83088,4.22881,236.473,15000,322688,1.57943
Suite_13,Deferred_Volume,0,1408,2.74682,1.0228,0.34288,0.172032,0.826368,3.98669,250.835,15000,319616,1.30016
Suite_13,Deferred_Volume,0,1409,2.73908,0.991717,0.358944,0.198656,0.872448,3.9018,256.292,15000,316288,1.30845
Suite_13,Deferred_Volume,0,1410,2.72105,1.00227,0.34816,0.173312,0.833728,3.85755,259.232,15000,313472,1.30076
Suite_13,Deferred_Volume,0,1411,2.72036,0.977299,0.350208,0.17408,0.831488,3.85005,259.737,15000,310656,1.2772
Suite_13,Deferred_Volume,0,1412,2.71285,1.0008,0.95088,0.174176,1.45818,3.83263,260.918,15000,306688,1.30792
Suite_13,Deferred_Volume,0,1413,2.70712,0.978467,0.356352,0.1736,0.839776,3.83603,260.686,15000,304256,1.34366
Suite_13,Deferred_Volume,0,1414,2.70663,1.00293,0.344096,0.17424,0.827392,3.80593,262.748,15000,302080,1.38397
Suite_13,Deferred_Volume,0,1415,2.6979,0.989039,0.350208,0.172224,0.836512,3.82916,261.154,15000,299392,1.41737
Suite_13,Deferred_Volume,0,1416,2.68408,0.973748,0.346112,0.173504,0.831968,3.80702,262.672,15000,296064,1.44857
Suite_13,Deferred_Volume,0,1417,2.67621,1.00672,0.345376,0.170912,0.82272,3.77967,264.573,15000,293888,1.503
Suite_13,Deferred_Volume,0,1418,2.67412,0.956746,0.335456,0.193088,0.827392,3.79899,263.228,15000,290048,1.51875
Suite_13,Deferred_Volume,0,1419,2.65378,0.979702,0.342048,0.172032,0.823136,3.74536,266.997,15000,287360,1.56637
Suite_13,Deferred_Volume,0,1420,2.66021,1.00342,0.923424,0.191008,1.41958,3.75439,266.355,15000,284544,1.33516
Suite_13,Deferred_Volume,0,1421,2.65198,0.98233,0.325632,0.170304,0.796864,3.78618,264.119,15000,281472,1.27414
Suite_13,Deferred_Volume,0,1422,2.65142,0.954001,0.321536,0.171168,0.804672,3.75038,266.639,15000,277888,1.28202
Suite_13,Deferred_Volume,0,1423,2.62499,0.969589,0.319488,0.171456,0.798816,3.71429,269.231,15000,273920,1.1754
Suite_13,Deferred_Volume,0,1424,2.61189,0.948481,0.321536,0.170112,0.800672,3.70251,270.087,15000,270464,1.19177
Suite_13,Deferred_Volume,0,1425,2.60107,0.959771,0.32,0.186464,0.824896,3.67006,272.475,15000,267008,1.213
Suite_13,Deferred_Volume,0,1426,2.59924,0.945264,0.31744,0.169984,0.795456,3.67207,272.326,15000,263680,1.22037
Suite_13,Deferred_Volume,0,1427,2.59052,0.946513,0.34304,0.169984,0.821248,3.64965,273.999,15000,260096,1.23621
Suite_13,Deferred_Volume,0,1428,2.57343,0.80124,0.327232,0.170176,0.80896,3.64353,274.459,15000,255232,1.19407
Suite_13,Deferred_Volume,0,1429,2.55202,0.794159,0.335968,0.168256,0.813952,3.48193,287.197,15000,252416,1.18619
Suite_13,Deferred_Volume,0,1430,2.54768,0.777292,0.314912,0.169984,0.798144,3.45055,289.809,15000,249472,1.11199
Suite_13,Deferred_Volume,0,1431,2.53759,0.801085,0.329632,0.171328,0.807168,3.42349,292.099,15000,247808,1.13695
Suite_13,Deferred_Volume,0,1432,2.53607,0.789321,0.307424,0.169856,0.779936,3.4393,290.757,15000,245120,1.16591
Suite_13,Deferred_Volume,0,1433,2.52491,0.796497,0.324544,0.178144,0.802528,3.42425,292.035,15000,242432,1.18286
Suite_13,Deferred_Volume,0,1434,2.51693,0.874604,0.306432,0.169984,0.785984,3.42187,292.238,15000,239232,1.20892
Suite_13,Deferred_Volume,0,1435,2.52437,0.966798,0.31744,0.169984,0.799136,3.49118,286.436,15000,236544,1.23923
Suite_13,Deferred_Volume,0,1436,2.53476,0.927631,0.294912,0.165888,0.765312,3.59086,278.485,15000,233472,1.19111
Suite_13,Deferred_Volume,0,1437,2.51809,0.978573,1.504,0.167712,1.97638,3.56552,280.464,15000,229888,1.22793
Suite_13,Deferred_Volume,0,1438,2.52293,0.969406,0.28496,0.168128,0.763168,3.59853,277.891,15000,226944,1.25345
Suite_13,Deferred_Volume,0,1439,2.50741,0.852041,0.288096,0.165888,0.764448,3.59167,278.422,15000,223488,1.26925
Suite_13,Deferred_Volume,0,1440,2.51277,1.00616,0.282688,0.165888,0.757568,3.45783,289.198,15000,222464,1.2908
Suite_13,Deferred_Volume,0,1441,2.49085,0.868509,0.28672,0.165856,0.756,3.6252,275.847,15000,219136,1.29775
Suite_13,Deferred_Volume,0,1442,2.49695,0.83591,0.279552,0.16768,0.749568,3.52879,283.383,15000,216320,1.37122
Suite_13,Deferred_Volume,0,1443,2.49171,0.868622,0.286944,0.166336,0.759808,3.4691,288.259,15000,213504,1.47368
Suite_13,Deferred_Volume,0,1444,2.47158,0.856665,0.280704,0.165504,0.747488,3.50216,285.538,15000,211200,1.60796
Suite_13,Deferred_Volume,0,1445,2.46535,0.917602,0.284672,0.161792,0.758016,3.42932,291.603,15000,208896,1.84552
Suite_13,Deferred_Volume,0,1446,2.45445,0.955986,0.258176,0.141312,0.70448,3.5035,285.429,15000,206208,2.21073
Suite_13,Deferred_Volume,0,1447,2.45309,0.963089,0.995328,0.146688,1.44797,3.56359,280.616,15000,203520,2.92653
Suite_13,Deferred_Volume,0,1448,2.44071,0.944963,0.270336,0.147456,0.720928,3.53963,282.515,15000,201728,4.46489
Suite_13,Deferred_Volume,0,1449,2.44197,0.942083,0.26656,0.143776,0.716288,3.48916,286.602,15000,198912,8.06234
Suite_13,Deferred_Volume,0,1450,2.4165,0.866732,0.257376,0.14336,0.702432,3.53949,282.527,15000,197376,8.14842
Suite_13,Deferred_Volume,0,1451,2.4028,0.854887,0.24944,0.14336,0.689984,3.37183,296.575,15000,194048,8.2485
Suite_13,Deferred_Volume,0,1452,2.37523,0.753849,0.243712,0.14336,0.68624,3.3385,299.536,15000,191872,1.60318
Suite_13,Deferred_Volume,0,1453,2.36808,0.74967,0.250848,0.142752,0.694272,3.21334,311.203,15000,189056,0.900027
Suite_13,Deferred_Volume,0,1454,2.34935,0.751287,0.225952,0.141664,0.663456,3.19729,312.765,15000,186112,0.901158
Suite_13,Deferred_Volume,0,1455,2.34913,0.761116,0.2264,0.141056,0.686432,3.18433,314.038,15000,182656,0.906419
Suite_13,Deferred_Volume,0,1456,2.34004,0.817699,0.221216,0.13952,0.661312,3.19109,313.373,15000,180224,0.920624
Suite_13,Deferred_Volume,0,1457,2.38459,0.791188,0.214208,0.138144,0.649024,3.24675,308.001,15000,177408,0.914767
Suite_13,Deferred_Volume,0,1458,2.33687,0.76138,1.25648,0.137216,1.68518,3.26186,306.573,15000,174720,0.834344
Suite_13,Deferred_Volume,0,1459,2.31935,0.811736,0.208896,0.137216,0.651072,3.17179,315.279,15000,172416,0.746599
Suite_13,Deferred_Volume,0,1460,2.31456,0.817576,0.197536,0.149696,0.640768,3.20966,311.559,15000,169472,0.73423
Suite_13,Deferred_Volume,0,1461,2.28459,0.821085,0.1984,0.133632,0.62752,3.21064,311.465,15000,167296,0.739666
Suite_13,Deferred_Volume,0,1462,2.29242,0.818103,0.197568,0.13312,0.622432,3.18079,314.387,15000,165120,0.749869
Suite_13,Deferred_Volume,0,1463,2.27903,0.813117,0.195456,0.134336,0.630784,3.18888,313.589,15000,162944,0.76048
Suite_13,Deferred_Volume,0,1464,2.26943,0.808959,0.19712,0.1344,0.630784,3.16669,315.787,15000,160896,0.715807
Suite_13,Deferred_Volume,0,1465,2.25664,0.738731,0.187968,0.132864,0.621568,3.15166,317.293,15000,158080,0.703478
Suite_13,Deferred_Volume,0,1466,2.24949,0.73511,0.188704,0.132544,0.64656,3.06728,326.022,15000,154752,0.70644
Suite_13,Deferred_Volume,0,1467,2.23676,0.729379,0.186368,0.131072,0.607232,3.05312,327.534,15000,152960,0.700285
Suite_13,Deferred_Volume,0,1468,2.2265,0.729661,0.191072,0.130816,0.62464,3.0331,329.696,15000,150912,0.710167
Suite_13,Deferred_Volume,0,1469,2.23037,0.713086,0.193088,0.131584,0.63488,3.03107,329.916,15000,149376,0.723338
Suite_13,Deferred_Volume,0,1470,2.21129,0.736593,0.182816,0.131552,0.612352,3.01325,331.867,15000,147584,0.706163
Suite_13,Deferred_Volume,0,1471,2.22275,0.722761,0.184896,0.1312,0.617664,3.01482,331.694,15000,145280,0.693938
Suite_13,Deferred_Volume,0,1472,2.20065,0.721075,0.190464,0.130848,0.608448,3.00899,332.337,15000,142848,0.695891
Suite_13,Deferred_Volume,0,1473,2.19794,0.762761,0.196992,0.13712,0.625664,2.9874,334.739,15000,140160,0.699506
Suite_13,Deferred_Volume,0,1474,2.19531,0.790011,0.165376,0.13024,0.587488,3.02831,330.217,15000,138496,0.690715
Suite_13,Deferred_Volume,0,1475,2.1793,0.797691,0.158176,0.127552,0.58368,3.04644,328.252,15000,135296,0.690516
Suite_13,Deferred_Volume,0,1476,2.17624,0.780322,0.139264,0.128096,0.5632,3.03899,329.057,15000,134016,0.703214
Suite_13,Deferred_Volume,0,1477,2.17184,0.801413,0.135168,0.126112,0.559424,3.0203,331.093,15000,132096,0.726332
Suite_13,Deferred_Volume,0,1478,2.17395,0.790591,0.143136,0.1264,0.5568,3.03606,329.374,15000,129664,0.723117
Suite_13,Deferred_Volume,0,1479,2.16308,0.731848,0.155648,0.1272,0.579584,3.02205,330.901,15000,128000,0.764931
Suite_13,Deferred_Volume,0,1480,2.15566,0.731274,0.176192,0.129024,0.602112,2.95351,338.58,15000,125824,0.601716
Suite_13,Deferred_Volume,0,1481,2.15486,0.726533,0.166176,0.128608,0.591872,2.95345,338.587,15000,123008,0.599235
Suite_13,Deferred_Volume,0,1482,2.14959,0.73427,0.160704,0.126976,0.581632,2.9387,340.287,15000,121344,0.609891
Suite_13,Deferred_Volume,0,1483,2.13566,0.744294,0.157568,0.124928,0.573312,2.94098,340.022,15000,119296,0.608903
Suite_13,Deferred_Volume,0,1484,2.1142,0.770235,0.148928,0.125888,0.570752,2.93396,340.836,15000,116992,0.526723
Suite_13,Deferred_Volume,0,1485,2.11529,0.775741,0.14336,0.124864,0.561792,2.94115,340.003,15000,114432,0.530876
Suite_13,Deferred_Volume,0,1486,2.10579,0.701588,0.139264,0.124544,0.551104,2.9474,339.282,15000,112384,0.530519
Suite_13,Deferred_Volume,0,1487,2.09835,0.711818,0.13312,0.121152,0.544768,2.86189,349.42,15000,110080,0.533916
Suite_13,Deferred_Volume,0,1488,2.08811,0.692944,0.13312,0.121984,0.548128,2.86534,348.999,15000,108288,0.531489
Suite_13,Deferred_Volume,0,1489,2.08022,0.728448,0.324,0.121856,0.742688,2.83357,352.912,15000,106112,0.515964
Suite_13,Deferred_Volume,0,1490,2.07492,0.691069,0.126464,0.119648,0.542656,2.86205,349.399,15000,103936,0.506717
Suite_13,Deferred_Volume,0,1491,2.06282,0.70823,0.129024,0.118784,0.545152,2.81601,355.112,15000,101888,0.504548
Suite_13,Deferred_Volume,0,1492,2.06017,0.72156,0.14208,0.120832,0.560608,2.82118,354.462,15000,99968,0.503798
Suite_13,Deferred_Volume,0,1493,2.05289,0.739094,0.124928,0.118784,0.536128,2.83945,352.181,15000,98048,0.499305
Suite_13,Deferred_Volume,0,1494,2.04792,0.764222,0.131936,0.116864,0.546592,2.84183,351.886,15000,96384,0.504046
Suite_13,Deferred_Volume,0,1495,2.04984,0.696762,0.124768,0.115648,0.558752,2.86268,349.322,15000,94720,0.501071
Suite_13,Deferred_Volume,0,1496,2.03032,0.691403,0.123264,0.116224,0.530432,2.79323,358.008,15000,92672,0.49711
Suite_13,Deferred_Volume,0,1497,2.02909,0.695219,0.128736,0.11616,0.540672,2.77068,360.922,15000,91008,0.49627
Suite_13,Deferred_Volume,0,1498,2.01383,0.679264,0.122432,0.1144,0.526336,2.77761,360.021,15000,89344,0.502027
Suite_13,Deferred_Volume,0,1499,2.01279,0.693026,0.122624,0.11312,0.528896,2.74221,364.669,15000,87936,0.503726
Suite_13,Deferred_Volume,0,1500,2.00803,0.685495,0.120544,0.113024,0.540416,2.74978,363.666,15000,86784,0.467326
Suite_13,Deferred_Volume,0,1501,1.98843,0.689297,0.113248,0.110976,0.520192,2.73905,365.09,15000,85120,0.457956
Suite_13,Deferred_Volume,0,1502,1.995,0.673581,0.110592,0.119168,0.528608,2.7236,367.161,15000,83712,0.451498
Suite_13,Deferred_Volume,0,1503,1.98575,0.678675,0.106048,0.110368,0.512192,2.71176,368.764,15000,82432,0.448089
Suite_13,Deferred_Volume,0,1504,1.97775,0.696895,0.106016,0.11008,0.497664,2.70651,369.48,15000,81152,0.43356
Suite_13,Deferred_Volume,0,1505,1.97456,0.672699,0.105568,0.11008,0.504224,2.72032,367.604,15000,79488,0.437286
Suite_13,Deferred_Volume,0,1506,1.96106,0.676457,0.100576,0.108608,0.4976,2.68971,371.788,15000,77952,0.437134
Suite_13,Deferred_Volume,0,1507,1.96277,0.676235,0.100352,0.106496,0.492128,2.68026,373.098,15000,76160,0.433739
Suite_13,Deferred_Volume,0,1508,1.95988,0.686302,0.09904,0.106496,0.493568,2.67957,373.195,15000,74880,0.437908
Suite_13,Deferred_Volume,0,1509,1.94703,0.694882,0.094784,0.106496,0.4912,2.68815,372.003,15000,73472,0.429425
Suite_13,Deferred_Volume,0,1510,1.94884,0.683434,0.093184,0.106496,0.492096,2.68442,372.52,15000,72320,0.437025
Suite_13,Deferred_Volume,0,1511,1.93308,0.676272,0.088064,0.106496,0.479136,2.67198,374.255,15000,70272,0.429165
Suite_13,Deferred_Volume,0,1512,1.93295,0.68441,0.08944,0.106496,0.477312,2.64648,377.861,15000,68736,0.397729
Suite_13,Deferred_Volume,0,1513,1.92585,0.669439,0.085728,0.106592,0.507296,2.65877,376.114,15000,67328,0.403498
Suite_13,Deferred_Volume,0,1514,1.91222,0.699731,0.094944,0.1064,0.491552,2.63347,379.727,15000,65920,0.406037
Suite_13,Deferred_Volume,0,1515,1.91497,0.678324,0.096352,0.11264,0.49936,2.6507,377.258,15000,64768,0.382173
Suite_13,Deferred_Volume,0,1516,1.90317,0.663456,0.079936,0.105632,0.476608,2.63057,380.145,15000,63104,0.385499
Suite_13,Deferred_Volume,0,1517,1.91486,0.709794,0.073728,0.104448,0.461376,2.60311,384.156,15000,61184,0.37702
Suite_13,Deferred_Volume,0,1518,1.91242,0.668659,0.07168,0.106496,0.4608,2.66541,375.177,15000,59648,0.369675
Suite_13,Deferred_Volume,0,1519,1.88068,0.670043,0.067872,0.10512,0.454656,2.6156,382.322,15000,58752,0.285533
Suite_13,Deferred_Volume,0,1520,1.88543,0.674391,0.066144,0.104192,0.456704,2.58584,386.721,15000,56576,0.273209
Suite_13,Deferred_Volume,0,1521,1.87367,0.673591,0.067136,0.121376,0.473504,2.59614,385.186,15000,55040,0.270091
Suite_13,Deferred_Volume,0,1522,1.8579,0.660047,0.065536,0.104448,0.453312,2.58232,387.249,15000,53376,0.249371
Suite_13,Deferred_Volume,0,1523,1.85982,0.663073,0.063104,0.1288,0.479232,2.55012,392.139,15000,51584,0.245978
Suite_13,Deferred_Volume,0,1524,1.8497,0.649822,0.065536,0.10384,0.461952,2.55596,391.243,15000,50688,0.246922
Suite_13,Deferred_Volume,0,1525,1.8392,0.683303,0.06112,0.102944,0.450336,2.53314,394.767,15000,48896,0.231979
Suite_13,Deferred_Volume,0,1526,1.84163,0.657772,0.059712,0.104576,0.444992,2.56022,390.592,15000,48256,0.231492
Suite_13,Deferred_Volume,0,1527,1.82739,0.654259,0.056672,0.103328,0.442368,2.5298,395.288,15000,47488,0.229916
Suite_13,Deferred_Volume,0,1528,1.82511,0.689075,0.0576,0.102688,0.45056,2.51225,398.05,15000,46080,0.228789
Suite_13,Deferred_Volume,0,1529,1.81875,0.653807,0.056896,0.103648,0.444416,2.54634,392.721,15000,44672,0.224285
Suite_13,Deferred_Volume,0,1530,1.81215,0.669113,0.05248,0.102464,0.4424,2.50207,399.669,15000,42880,0.204687
Suite_13,Deferred_Volume,0,1531,1.80893,0.657471,0.050016,0.10208,0.442368,2.51194,398.099,15000,40832,0.193178
Suite_13,Deferred_Volume,0,1532,1.79966,0.646831,0.048224,0.1024,0.440736,2.49528,400.756,15000,39808,0.188709
Suite_13,Deferred_Volume,0,1533,1.78455,0.654619,0.04688,0.100768,0.434464,2.47566,403.932,15000,38272,0.184147
Suite_13,Deferred_Volume,0,1534,1.79129,0.662593,0.045184,0.10064,0.456672,2.46823,405.148,15000,37504,0.185435
Suite_13,Deferred_Volume,0,1535,1.78168,0.648896,0.046784,0.101888,0.433056,2.48121,403.029,15000,36352,0.17669
Suite_13,Deferred_Volume,0,1536,1.77408,0.647842,0.040352,0.100672,0.428992,2.45615,407.14,15000,35072,0.162111
Suite_13,Deferred_Volume,0,1537,1.77192,0.651875,0.04096,0.100352,0.43424,2.44997,408.169,15000,33792,0.156377
Suite_13,Deferred_Volume,0,1538,1.76269,0.640244,0.043008,0.100352,0.428032,2.45102,407.994,15000,32896,0.153376
Suite_13,Deferred_Volume,0,1539,1.77336,0.671856,0.038624,0.098528,0.425696,2.42792,411.876,15000,32128,0.150867
Suite_13,Deferred_Volume,0,1540,1.765,0.642618,0.035648,0.098304,0.428,2.4718,404.564,15000,31616,0.15088
Suite_13,Deferred_Volume,0,1541,1.74963,0.64823,0.033344,0.098048,0.413696,2.43539,410.612,15000,30336,0.141538
Suite_13,Deferred_Volume,0,1542,1.7446,0.664198,0.03392,0.098304,0.413696,2.42278,412.748,15000,30080,0.141931
Suite_13,Deferred_Volume,0,1543,1.74636,0.651977,0.030752,0.098304,0.417216,2.43378,410.883,15000,29312,0.138975
Suite_13,Deferred_Volume,0,1544,1.73411,0.642053,0.029696,0.098304,0.409024,2.42199,412.883,15000,28416,0.135271
Suite_13,Deferred_Volume,0,1545,1.73582,0.650137,0.029024,0.098016,0.411616,2.40117,416.464,15000,27264,0.129852
Suite_13,Deferred_Volume,0,1546,1.72708,0.641592,0.028608,0.096064,0.414016,2.41076,414.807,15000,25600,0.120923
Suite_13,Deferred_Volume,0,1547,1.71599,0.662677,0.026112,0.09632,0.408032,2.39083,418.265,15000,24832,0.116264
Suite_13,Deferred_Volume,0,1548,1.71814,0.64781,0.024576,0.096256,0.409728,2.40029,416.616,15000,24320,0.116044
Suite_13,Deferred_Volume,0,1549,1.70296,0.64289,0.024576,0.095936,0.408992,2.39019,418.377,15000,22784,0.10136
Suite_13,Deferred_Volume,0,1550,1.69894,0.654952,0.023904,0.095232,0.401856,2.36849,422.211,15000,22144,0.100306
Suite_13,Deferred_Volume,0,1551,1.70175,0.676891,0.022048,0.095072,0.397408,2.37634,420.815,15000,21760,0.0981055
Suite_13,Deferred_Volume,0,1552,1.69398,0.653948,0.020672,0.095872,0.39936,2.40069,416.547,15000,20352,0.0858017
Suite_13,Deferred_Volume,0,1553,1.69336,0.641789,0.019808,0.094304,0.400096,2.37069,421.819,15000,20096,0.086056
Suite_13,Deferred_Volume,0,1554,1.68804,0.643965,0.018688,0.094816,0.397312,2.35777,424.13,15000,19200,0.0835691
Suite_13,Deferred_Volume,0,1555,1.67778,0.640351,0.017248,0.094208,0.423776,2.35803,424.082,15000,18432,0.0802733
Suite_13,Deferred_Volume,0,1556,1.67612,0.648106,0.01632,0.094208,0.391296,2.33767,427.776,15000,17920,0.0778802
Suite_13,Deferred_Volume,0,1557,1.67892,0.661566,0.01488,0.094176,0.394496,2.34809,425.877,15000,17536,0.0757944
Suite_13,Deferred_Volume,0,1558,1.67195,0.651864,0.016384,0.092576,0.38912,2.36513,422.81,15000,16640,0.0708135
Suite_13,Deferred_Volume,0,1559,1.66629,0.670226,0.014336,0.092352,0.38368,2.3438,426.658,15000,16128,0.0698002
Suite_13,Deferred_Volume,0,1560,1.6634,0.658654,0.01296,0.09216,0.378816,2.35702,424.265,15000,15232,0.066694
Suite_13,Deferred_Volume,0,1561,1.65688,0.631599,0.01376,0.11936,0.410176,2.34381,426.656,15000,14848,0.0663407
Suite_13,Deferred_Volume,0,1562,1.64832,0.632618,0.012288,0.091552,0.391168,2.3084,433.2,15000,13952,0.0635089
Suite_13,Deferred_Volume,0,1563,1.65116,0.641918,0.012288,0.091744,0.38928,2.29988,434.805,15000,13440,0.0628828
Suite_13,Deferred_Volume,0,1564,1.63693,0.650092,0.011904,0.118784,0.413056,2.31155,432.611,15000,12672,0.0567912
Suite_13,Deferred_Volume,0,1565,1.64047,0.641294,0.011872,0.091808,0.38336,2.30655,433.549,15000,12672,0.0574886
Suite_13,Deferred_Volume,0,1566,1.63416,0.655935,0.011584,0.090976,0.374752,2.3013,434.538,15000,11776,0.0518993
Suite_13,Deferred_Volume,0,1567,1.63055,0.638481,0.01024,0.090112,0.391552,2.30846,433.189,15000,11520,0.0503172
Suite_13,Deferred_Volume,0,1568,1.62809,0.630274,0.010016,0.088896,0.374784,2.28689,437.274,15000,10496,0.0439977
Suite_13,Deferred_Volume,0,1569,1.6594,0.718488,0.009216,0.089792,0.380352,2.27893,438.802,15000,9984,0.0414419
Suite_13,Deferred_Volume,0,1570,1.62372,0.633698,0.00864,0.089728,0.388224,2.40053,416.575,15000,9344,0.0389483
Suite_13,Deferred_Volume,0,1571,1.61635,0.629923,0.008192,0.089664,0.381888,2.27486,439.588,15000,9088,0.0380016
Suite_13,Deferred_Volume,0,1572,1.61802,0.635346,0.008192,0.088064,0.38112,2.26322,441.849,15000,8704,0.0370589
Suite_13,Deferred_Volume,0,1573,1.61782,0.631394,0.008032,0.08896,0.403456,2.27322,439.904,15000,8192,0.0359001
Suite_13,Deferred_Volume,0,1574,1.60033,0.635791,0.006688,0.088064,0.372736,2.26688,441.134,15000,7680,0.0355853
Suite_13,Deferred_Volume,0,1575,1.60143,0.634757,0.006368,0.087648,0.377216,2.25242,443.968,15000,7040,0.0337548
Suite_13,Deferred_Volume,0,1576,1.59695,0.630726,0.006848,0.087552,0.382976,2.25224,444.002,15000,6784,0.0331032
Suite_13,Deferred_Volume,0,1577,1.59165,0.635538,0.006144,0.087584,0.37904,2.24505,445.425,15000,6400,0.0316588
Suite_13,Deferred_Volume,0,1578,1.58968,0.637902,0.00592,0.086688,0.37744,2.24784,444.871,15000,5888,0.0290752
Suite_13,Deferred_Volume,0,1579,1.58637,0.623286,0.0048,0.086144,0.372736,2.24329,445.774,15000,5888,0.0294082
Suite_13,Deferred_Volume,0,1580,1.58182,0.621652,0.00576,0.086048,0.376224,2.22481,449.477,15000,5376,0.0266176
Suite_13,Deferred_Volume,0,1581,1.58319,0.649191,0.004224,0.084704,0.372736,2.22001,450.449,15000,5120,0.0249092
Suite_13,Deferred_Volume,0,1582,1.57695,0.628327,0.004096,0.085632,0.371392,2.24936,444.572,15000,4864,0.0237024
Suite_13,Deferred_Volume,0,1583,1.5725,0.628789,0.00272,0.085632,0.370688,2.22726,448.983,15000,4608,0.022823
Suite_13,Deferred_Volume,0,1584,1.57353,0.636336,0.003232,0.085664,0.374784,2.21638,451.187,15000,3968,0.0190703
Suite_13,Deferred_Volume,0,1585,1.5689,0.639663,0.003488,0.085856,0.368512,2.2271,449.015,15000,3840,0.0184606
Suite_13,Deferred_Volume,0,1586,1.56037,0.626257,0.002848,0.084608,0.368448,2.22469,449.501,15000,3328,0.0169087
Suite_13,Deferred_Volume,0,1587,1.56028,0.638683,0.003296,0.083968,0.361888,2.20159,454.217,15000,3072,0.0159756
Suite_13,Deferred_Volume,0,1588,1.56087,0.622358,0.002048,0.08416,0.369536,2.21428,451.614,15000,2688,0.0132438
Suite_13,Deferred_Volume,0,1589,1.55539,0.621457,0.002208,0.08528,0.372416,2.19991,454.564,15000,2432,0.0121614
Suite_13,Deferred_Volume,0,1590,1.56102,0.640383,0.002112,0.085056,0.364544,2.19167,456.273,15000,2176,0.0115662
Suite_13,Deferred_Volume,0,1591,1.54855,0.632775,0.002048,0.10288,0.398496,2.21733,450.992,15000,2048,0.0105256
Suite_13,Deferred_Volume,0,1592,1.54204,0.625396,0.000832,0.083968,0.368096,2.19697,455.173,15000,1792,0.00935402
Suite_13,Deferred_Volume,0,1593,1.53547,0.630708,0.001856,0.08288,0.363168,2.18309,458.067,15000,1536,0.00790288
Suite_13,Deferred_Volume,0,1594,1.53648,0.63705,0.001312,0.0832,0.362272,2.18221,458.251,15000,896,0.00451848
Suite_13,Deferred_Volume,0,1595,1.53416,0.623861,0.000928,0.082688,0.368128,2.18753,457.137,15000,896,0.00457203
Suite_13,Deferred_Volume,0,1596,1.52331,0.633603,0.000256,0.083168,0.3584,2.17157,460.497,15000,384,0.00210947
Suite_13,Deferred_Volume,0,1597,1.52471,0.633757,0.000544,0.082592,0.36864,2.17309,460.175,15000,384,0.0021354
Suite_13,Deferred_Volume,0,1598,1.52285,0.63135,0.00144,0.08192,0.356896,2.1738,460.024,15000,384,0.00216175
Suite_13,Deferred_Volume,0,1599,1.51981,0.622654,0.000128,0.081952,0.360448,2.16739,461.384,15000,256,0.00184954
Suite_13,Deferred_Volume,0,1600,1.52682,0.622032,0.00016,0.082048,0.36432,2.15628,463.763,15000,128,0.00122507
Suite_13,Deferred_Volume,0,1601,1.51425,0.617895,6.4e-05,0.082112,0.362496,2.16452,461.996,15000,128,0.00123966
Suite_13,Deferred_Volume,0,1602,1.51308,0.649386,0.001376,0.083264,0.36448,2.15054,465,15000,128,0.00125446
Suite_13,Deferred_Volume,0,1603,1.51504,0.648629,0.001856,0.08352,0.364544,2.17757,459.227,15000,128,0.00126948
Suite_13,Deferred_Volume,0,1604,1.51386,0.624346,0.001152,0.083264,0.364608,2.17937,458.849,15000,128,0.00128473
Suite_13,Deferred_Volume,0,1605,1.50429,0.60437,0.00112,0.081824,0.370688,2.15497,464.044,15000,0,0
Suite_13,Deferred_Volume,0,1606,1.50333,0.614561,0,0.08128,0.358624,2.12222,471.205,15000,0,0
Suite_13,Deferred_Volume,0,1607,1.50339,0.615477,9.6e-05,0.0816,0.370144,2.13177,469.094,15000,0,0
Suite_13,Deferred_Volume,0,1608,1.49823,0.620278,0.000576,0.082368,0.364576,2.13252,468.929,15000,0,0
Suite_13,Deferred_Volume,0,1609,1.49248,0.609296,0.00176,0.08192,0.364512,2.13308,468.806,15000,0,0
Suite_13,Deferred_Volume,0,1610,1.49738,0.618631,0.000736,0.08192,0.356352,2.1163,472.522,15000,0,0
Suite_13,Deferred_Volume,0,1611,1.49148,0.605975,0,0.0816,0.367616,2.13341,468.734,15000,0,0
Suite_13,Deferred_Volume,0,1612,1.49305,0.616428,0.000608,0.08192,0.360448,2.11011,473.908,15000,0,0
Suite_13,Deferred_Volume,0,1613,1.49822,0.607924,0.001536,0.08192,0.36608,2.12457,470.683,15000,0,0
Suite_13,Deferred_Volume,0,1614,1.49513,0.600528,0.001056,0.081376,0.365504,2.12163,471.335,15000,0,0
Suite_13,Deferred_Volume,0,1615,1.48584,0.60643,0.001056,0.081312,0.366176,2.10818,474.342,15000,0,0
Suite_13,Deferred_Volume,0,1616,1.48781,0.609836,0.001568,0.08192,0.362432,2.10491,475.08,15000,0,0
Suite_13,Deferred_Volume,0,1617,1.49128,0.607819,0.001568,0.081632,0.36592,2.1132,473.215,15000,0,0
Suite_13,Deferred_Volume,0,1618,1.48846,0.613102,0.001088,0.081568,0.366592,2.11341,473.169,15000,0,0
Suite_13,Deferred_Volume,0,1619,1.4807,0.610255,0.001376,0.081664,0.356608,2.1145,472.925,15000,0,0
Suite_13,Deferred_Volume,0,1620,1.4819,0.609815,0.000576,0.080768,0.356448,2.10423,475.234,15000,0,0
Suite_13,Deferred_Volume,0,1621,1.47456,0.606929,0.001568,0.08192,0.381056,2.10771,474.449,15000,0,0
Suite_13,Deferred_Volume,0,1622,1.47192,0.606261,0.000544,0.081696,0.363648,2.09567,477.174,15000,0,0
Suite_13,Deferred_Volume,0,1623,1.48158,0.607008,0.000672,0.08192,0.3584,2.09155,478.114,15000,0,0
Suite_13,Deferred_Volume,0,1624,1.47313,0.598732,0.0008,0.08192,0.361568,2.10234,475.66,15000,0,0
Suite_13,Deferred_Volume,0,1625,1.47655,0.59947,0.000768,0.08192,0.366592,2.08614,479.354,15000,0,0
Suite_13,Deferred_Volume,0,1626,1.47383,0.607201,0.001088,0.081568,0.364704,2.08984,478.505,15000,0,0
Suite_13,Deferred_Volume,0,1627,1.47724,0.602904,0.000544,0.080416,0.36816,2.09489,477.352,15000,0,0
Suite_13,Deferred_Volume,0,1628,1.47345,0.614413,0.000768,0.08192,0.369248,2.09318,477.742,15000,0,0
Suite_13,Deferred_Volume,0,1629,1.46298,0.615881,0.00016,0.080704,0.355424,2.10169,475.807,15000,0,0
Suite_13,Deferred_Volume,0,1630,1.46364,0.610989,0.000544,0.08192,0.371776,2.09324,477.729,15000,0,0
Suite_13,Deferred_Volume,0,1631,1.46552,0.60567,0.000736,0.08192,0.356352,2.0882,478.88,15000,0,0
Suite_13,Deferred_Volume,0,1632,1.46243,0.619208,0.001472,0.081728,0.35648,2.08358,479.944,15000,0,0
Suite_13,Deferred_Volume,0,1633,1.46113,0.615261,0.000704,0.08192,0.363712,2.09671,476.938,15000,0,0
Suite_13,Deferred_Volume,0,1634,1.46504,0.598801,0.00176,0.08192,0.361984,2.09108,478.223,15000,0,0
Suite_13,Deferred_Volume,0,1635,1.46403,0.599773,0.000416,0.080608,0.3584,2.07706,481.451,15000,0,0
Suite_13,Deferred_Volume,0,1636,1.46604,0.606233,0.000544,0.08192,0.366592,2.07689,481.488,15000,0,0
Suite_13,Deferred_Volume,0,1637,1.45812,0.609413,0.000576,0.08192,0.358272,2.08903,478.691,15000,0,0
Suite_13,Deferred_Volume,0,1638,1.4624,0.619706,0.001408,0.08192,0.360896,2.08171,480.374,15000,0,0
Suite_13,Deferred_Volume,0,1639,1.45229,0.616255,0,0.080352,0.354304,2.09535,477.248,15000,0,0
Suite_13,Deferred_Volume,0,1640,1.45075,0.615585,0.0016,0.081888,0.385408,2.08855,478.8,15000,0,0
Suite_13,Deferred_Volume,0,1641,1.44662,0.609486,0.000672,0.090112,0.37856,2.0825,480.193,15000,0,0
Suite_13,Deferred_Volume,0,1642,1.44536,0.611261,0.000608,0.08192,0.362496,2.07565,481.777,15000,0,0
Suite_13,Deferred_Volume,0,1643,1.44614,0.626577,0.001088,0.081312,0.364224,2.06999,483.094,15000,0,0
Suite_13,Deferred_Volume,0,1644,1.44441,0.609492,0.00064,0.08192,0.357856,2.08661,479.246,15000,0,0
Suite_13,Deferred_Volume,0,1645,1.43987,0.608293,0.000768,0.080896,0.357504,2.06894,483.338,15000,0,0
Suite_13,Deferred_Volume,0,1646,1.44341,0.608027,0.00144,0.081472,0.362528,2.06151,485.08,15000,0,0
Suite_13,Deferred_Volume,0,1647,1.4401,0.601721,6.4e-05,0.080544,0.356352,2.06518,484.22,15000,0,0
Suite_13,Deferred_Volume,0,1648,1.44156,0.60626,0.000288,0.080704,0.357984,2.0549,486.641,15000,0,0
Suite_13,Deferred_Volume,0,1649,1.44015,0.604935,0.00016,0.080352,0.363936,2.06191,484.986,15000,0,0
Suite_13,Deferred_Volume,0,1650,1.44627,0.635239,0,0.081376,0.356352,2.06002,485.431,15000,0,0
Suite_13,Deferred_Volume,0,1651,1.44649,0.605154,0.00048,0.08192,0.3968,2.09737,476.789,15000,0,0
Suite_13,Deferred_Volume,0,1652,1.44294,0.60831,0.00128,0.081728,0.36432,2.06525,484.202,15000,0,0
Suite_13,Deferred_Volume,0,1653,1.43818,0.624232,0.00176,0.08192,0.366592,2.06764,483.644,15000,0,0
Suite_13,Deferred_Volume,0,1654,1.43077,0.611514,0.001024,0.081248,0.359008,2.07682,481.505,15000,0,0
Suite_13,Deferred_Volume,0,1655,1.43371,0.602953,0.000736,0.08192,0.353856,2.05532,486.542,15000,0,0
Suite_13,Deferred_Volume,0,1656,1.43684,0.613194,0.000768,0.08192,0.367648,2.04901,488.04,15000,0,0
Suite_13,Deferred_Volume,0,1657,1.42926,0.605148,0.000512,0.0808,0.360224,2.06559,484.124,15000,0,0
Suite_13,Deferred_Volume,0,1658,1.42245,0.612104,0.001536,0.08192,0.366688,2.04878,488.094,15000,0,0
Suite_13,Deferred_Volume,0,1659,1.42626,0.609496,0.000512,0.080672,0.362496,2.04691,488.541,15000,0,0
Suite_13,Deferred_Volume,0,1660,1.42696,0.615639,0,0.081568,0.360896,2.04893,488.059,15000,0,0
Suite_13,Deferred_Volume,0,1661,1.42949,0.608557,0,0.08128,0.363296,2.05825,485.849,15000,0,0
Suite_13,Deferred_Volume,0,1662,1.42646,0.603901,0.000736,0.08192,0.362496,2.0517,487.4,15000,0,0
Suite_13,Deferred_Volume,0,1663,1.43242,0.614743,0.00064,0.080896,0.354304,2.04436,489.15,15000,0,0
Suite_13,Deferred_Volume,0,1664,1.43011,0.597829,0.000256,0.080736,0.366592,2.06014,485.404,15000,0,0
Suite_13,Deferred_Volume,0,1665,1.42319,0.597691,0.001248,0.0816,0.368736,2.04248,489.602,15000,0,0
Suite_13,Deferred_Volume,0,1666,1.42634,0.605081,0.001216,0.081696,0.358848,2.03447,491.528,15000,0,0
Suite_13,Deferred_Volume,0,1667,1.42657,0.612298,0.001152,0.081536,0.383744,2.04561,488.851,15000,0,0
Suite_13,Deferred_Volume,0,1668,1.42119,0.60315,0.001664,0.083968,0.380096,2.05921,485.622,15000,0,0
Suite_13,Deferred_Volume,0,1669,1.42174,0.611433,0.001568,0.081504,0.364672,2.0406,490.051,15000,0,0
Suite_13,Deferred_Volume,0,1670,1.42522,0.61179,0.000416,0.080704,0.362496,2.04789,488.307,15000,0,0
Suite_13,Deferred_Volume,0,1671,1.41962,0.599609,0.000512,0.080736,0.353888,2.05074,487.629,15000,0,0
Suite_13,Deferred_Volume,0,1672,1.40928,0.607663,0.000736,0.08192,0.364256,2.03568,491.236,15000,0,0
Suite_13,Deferred_Volume,0,1673,1.41212,0.617451,0,0.082368,0.364672,2.03975,490.255,15000,0,0
Suite_13,Deferred_Volume,0,1674,1.40996,0.614521,0.001184,0.083104,0.365056,2.04426,489.175,15000,0,0
Suite_13,Deferred_Volume,0,1675,1.41517,0.615252,0.000896,0.082304,0.35888,2.03708,490.9,15000,0,0
Suite_13,Deferred_Volume,0,1676,1.40672,0.617457,0.00048,0.082784,0.366592,2.04345,489.369,15000,0,0
Suite_13,Deferred_Volume,0,1677,1.40662,0.622923,0.000352,0.082432,0.365664,2.03932,490.358,15000,0,0
Suite_13,Deferred_Volume,0,1678,1.40439,0.603967,0,0.082272,0.359136,2.04419,489.192,15000,0,0
Suite_13,Deferred_Volume,0,1679,1.40285,0.605376,0,0.08192,0.369504,2.02106,494.789,15000,0,0
Suite_13,Deferred_Volume,0,1680,1.40995,0.619335,0.000512,0.08272,0.366176,2.02129,494.735,15000,0,0
Suite_13,Deferred_Volume,0,1681,1.40306,0.605764,0.0008,0.083456,0.3584,2.04469,489.072,15000,0,0
Suite_13,Deferred_Volume,0,1682,1.41126,0.605911,0.001216,0.083552,0.372384,2.02266,494.399,15000,0,0
Suite_13,Deferred_Volume,0,1683,1.40672,0.615179,0.001472,0.083296,0.357792,2.03035,492.526,15000,0,0
Suite_13,Deferred_Volume,0,1684,1.40568,0.611488,0.001792,0.08192,0.381216,2.03545,491.291,15000,0,0
Suite_13,Deferred_Volume,0,1685,1.39949,0.606297,0.000576,0.083616,0.382912,2.0331,491.859,15000,0,0
Suite_13,Deferred_Volume,0,1686,1.40745,0.6062,0.000704,0.083424,0.368064,2.01979,495.1,15000,0,0
Suite_13,Deferred_Volume,0,1687,1.40173,0.627354,0.00032,0.0824,0.368256,2.02716,493.301,15000,0,0
Suite_13,Deferred_Volume,0,1688,1.40316,0.613892,0.00144,0.08192,0.368416,2.04248,489.602,15000,0,0
Suite_13,Deferred_Volume,0,1689,1.40373,0.603718,0,0.08192,0.359104,2.03189,492.153,15000,0,0
Suite_13,Deferred_Volume,0,1690,1.40519,0.617618,0.00064,0.082912,0.370464,2.02109,494.783,15000,0,0
Suite_13,Deferred_Volume,0,1691,1.40382,0.607101,0.00176,0.08192,0.35984,2.03654,491.029,15000,0,0
Suite_13,Deferred_Volume,0,1692,1.40194,0.600269,0.001216,0.083104,0.365856,2.02344,494.208,15000,0,0
Suite_13,Deferred_Volume,0,1693,1.40774,0.615685,9.6e-05,0.082368,0.366592,2.01741,495.685,15000,0,0
Suite_13,Deferred_Volume,0,1694,1.4059,0.610817,0.000416,0.08224,0.359808,2.03724,490.859,15000,0,0
Suite_13,Deferred_Volume,0,1695,1.40552,0.59892,0.000704,0.083136,0.360448,2.03028,492.543,15000,0,0
Suite_13,Deferred_Volume,0,1696,1.4073,0.604578,0.0008,0.082112,0.360448,2.01736,495.698,15000,0,0
Suite_13,Deferred_Volume,0,1697,1.40213,0.608516,0.000192,0.082112,0.35504,2.03173,492.192,15000,0,0
Suite_13,Deferred_Volume,0,1698,1.40384,0.608574,0.000608,0.082176,0.366592,2.02612,493.553,15000,0,0
Suite_13,Deferred_Volume,0,1699,1.39985,0.609968,0.001152,0.08192,0.368256,2.02476,493.887,15000,0,0
Suite_13,Deferred_Volume,0,1700,1.40314,0.625288,0.000928,0.08192,0.364544,2.02454,493.94,15000,0,0
Suite_13,Deferred_Volume,0,1701,1.40058,0.61079,0.001568,0.08192,0.36272,2.04604,488.749,15000,0,0
Suite_13,Deferred_Volume,0,1702,1.39836,0.598912,0.001248,0.08192,0.361216,2.02601,493.581,15000,0,0
Suite_13,Deferred_Volume,0,1703,1.40087,0.599046,0.001696,0.08192,0.358176,2.01014,497.479,15000,0,0
Suite_13,Deferred_Volume,0,1704,1.39748,0.605366,0.001056,0.082144,0.358464,2.01362,496.617,15000,0,0
Suite_13,Deferred_Volume,0,1705,1.40411,0.614239,0.000384,0.081984,0.364544,2.01802,495.534,15000,0,0
Suite_13,Deferred_Volume,0,1706,1.39647,0.601401,0.00144,0.08192,0.37232,2.03248,492.011,15000,0,0
Suite_13,Deferred_Volume,0,1707,1.38867,0.608342,0.00096,0.083232,0.360576,2.01031,497.435,15000,0,0
Suite_13,Deferred_Volume,0,1708,1.39298,0.608286,0.000672,0.08208,0.384864,2.0106,497.363,15000,0,0
Suite_13,Deferred_Volume,0,1709,1.39208,0.607391,9.6e-05,0.08208,0.387072,2.01612,496.002,15000,0,0
Suite_13,Deferred_Volume,0,1710,1.39509,0.614412,0.000544,0.081984,0.368064,2.01301,496.769,15000,0,0
Suite_13,Deferred_Volume,0,1711,1.39658,0.614659,0.00144,0.08192,0.364416,2.02276,494.374,15000,0,0
Suite_13,Deferred_Volume,0,1712,1.40211,0.695555,0.000864,0.082336,0.366592,2.02484,493.866,15000,0,0
Suite_13,Deferred_Volume,0,1713,1.40296,0.662503,0.00144,0.08192,0.36848,2.12086,471.506,15000,0,0
Suite_13,Deferred_Volume,0,1714,1.39813,0.630162,0.00128,0.082976,0.37328,2.08371,479.914,15000,0,0
Suite_13,Deferred_Volume,0,1715,1.39724,0.611051,0.000768,0.082656,0.364448,2.04369,489.31,15000,0,0
Suite_13,Deferred_Volume,0,1716,1.39915,0.601458,0.00048,0.082144,0.370144,2.02176,494.618,15000,0,0
Suite_13,Deferred_Volume,0,1717,1.39447,0.620548,0.000128,0.08192,0.36528,2.0162,495.982,15000,0,0
Suite_13,Deferred_Volume,0,1718,1.39768,0.617379,0.000704,0.08208,0.356352,2.02902,492.849,15000,0,0
Suite_13,Deferred_Volume,0,1719,1.39837,0.606319,0.000352,0.08224,0.369792,2.02985,492.647,15000,0,0
Suite_13,Deferred_Volume,0,1720,1.38918,0.603694,0.000224,0.081984,0.356352,2.01731,495.708,15000,0,0
Suite_13,Deferred_Volume,0,1721,1.3934,0.608855,0.001504,0.08192,0.368384,2.00812,497.979,15000,0,0
Suite_13,Deferred_Volume,0,1722,1.39421,0.614106,0.00048,0.082176,0.360448,2.01648,495.915,15000,0,0
Suite_13,Deferred_Volume,0,1723,1.39521,0.603926,0.0008,0.08208,0.362976,2.02094,494.819,15000,0,0
Suite_13,Deferred_Volume,0,1724,1.39709,0.624309,0.001504,0.082944,0.36112,2.01172,497.087,15000,0,0
Suite_13,Deferred_Volume,0,1725,1.39522,0.60439,0.000384,0.082176,0.359904,2.04315,489.441,15000,0,0
Suite_13,Deferred_Volume,0,1726,1.39294,0.600431,0.000448,0.08192,0.362496,2.01419,496.478,15000,0,0
Suite_13,Deferred_Volume,0,1727,1.39142,0.598991,0.001728,0.08352,0.367328,2.00583,498.545,15000,0,0
Suite_13,Deferred_Volume,0,1728,1.40278,0.619969,0.00064,0.08224,0.366592,2.00595,498.518,15000,0,0
Suite_13,Deferred_Volume,0,1729,1.39538,0.601784,0.001344,0.08192,0.372224,2.03792,490.697,15000,0,0
Suite_13,Deferred_Volume,0,1730,1.3959,0.595433,0.001952,0.083744,0.3712,2.01101,497.264,15000,0,0
Suite_13,Deferred_Volume,0,1731,1.39699,0.604094,0.000768,0.083712,0.359712,2.00346,499.135,15000,0,0
Suite_13,Deferred_Volume,0,1732,1.40576,0.602282,0.001408,0.083712,0.382176,2.01504,496.268,15000,0,0
Suite_13,Deferred_Volume,0,1733,1.4012,0.612573,0.001632,0.083968,0.385952,2.02401,494.068,15000,0,0
Suite_13,Deferred_Volume,0,1734,1.40239,0.615147,0.001568,0.083968,0.366304,2.02897,492.861,15000,0,0
Suite_13,Deferred_Volume,0,1735,1.39898,0.606395,0.001984,0.083968,0.368224,2.03097,492.376,15000,0,0
Suite_13,Deferred_Volume,0,1736,1.39606,0.601443,0.00144,0.083712,0.370112,2.01858,495.398,15000,0,0
Suite_13,Deferred_Volume,0,1737,1.39859,0.606382,0.002048,0.082944,0.366208,2.01211,496.99,15000,0,0
Suite_13,Deferred_Volume,0,1738,1.40612,0.615127,0.001536,0.084032,0.370208,2.01866,495.378,15000,0,0
Suite_13,Deferred_Volume,0,1739,1.40491,0.609523,0.001792,0.099136,0.395488,2.03517,491.36,15000,0,0
Suite_13,Deferred_Volume,0,1740,1.40089,0.598671,0.001536,0.08576,0.374848,2.02758,493.199,15000,0,0
Suite_13,Deferred_Volume,0,1741,1.4004,0.600427,0.001568,0.08352,0.365664,2.01333,496.689,15000,0,0
Suite_13,Deferred_Volume,0,1742,1.40805,0.613658,0.002016,0.08288,0.360992,2.01522,496.223,15000,0,0
Suite_13,Deferred_Volume,0,1743,1.40176,0.600432,0.0008,0.083264,0.3584,2.03531,491.326,15000,0,0
Suite_13,Deferred_Volume,0,1744,1.40765,0.597543,0.002048,0.08224,0.368128,2.01581,496.078,15000,0,0
Suite_13,Deferred_Volume,0,1745,1.40233,0.606636,0.002048,0.083424,0.365984,2.02062,494.897,15000,0,0
Suite_13,Deferred_Volume,0,1746,1.3996,0.603852,0.002048,0.083968,0.36944,2.02324,494.257,15000,0,0
Suite_13,Deferred_Volume,0,1747,1.3967,0.602378,0.001856,0.083968,0.36816,2.02067,494.885,15000,0,0
Suite_13,Deferred_Volume,0,1748,1.40366,0.613133,0.002016,0.084448,0.361184,2.01132,497.186,15000,0,0
Suite_13,Deferred_Volume,0,1749,1.41141,0.641933,0.001824,0.083648,0.36384,2.03231,492.051,15000,0,0
Suite_13,Deferred_Volume,0,1750,1.40459,0.610739,0.001888,0.083968,0.370048,2.07012,483.064,15000,0,0
Suite_13,Deferred_Volume,0,1751,1.40718,0.611838,0.001888,0.083968,0.368128,2.0295,492.733,15000,0,0
Suite_13,Deferred_Volume,0,1752,1.41136,0.621395,0.002048,0.084288,0.36704,2.03269,491.959,15000,0,0
Suite_13,Deferred_Volume,0,1753,1.40815,0.615063,0.002048,0.083072,0.368064,2.04827,488.216,15000,0,0
Suite_13,Deferred_Volume,0,1754,1.40801,0.60467,0.002048,0.083968,0.366592,2.04125,489.896,15000,0,0
Suite_13,Deferred_Volume,0,1755,1.40337,0.612164,0.002048,0.08384,0.365728,2.02518,493.783,15000,0,0
Suite_13,Deferred_Volume,0,1756,1.40466,0.60879,0.002112,0.083968,0.388192,2.02866,492.936,15000,0,0
Suite_13,Deferred_Volume,0,1757,1.40761,0.60468,0.002112,0.083968,0.374784,2.02832,493.019,15000,0,0
Suite_13,Deferred_Volume,0,1758,1.41006,0.617159,0.002048,0.082496,0.370592,2.02627,493.517,15000,0,0
Suite_13,Deferred_Volume,0,1759,1.41358,0.620553,0.00224,0.084992,0.370688,2.04068,490.032,15000,0,0
Suite_13,Deferred_Volume,0,1760,1.4104,0.605755,0.002048,0.084032,0.363136,2.04805,488.271,15000,0,0
Suite_13,Deferred_Volume,0,1761,1.41354,0.607022,0.002304,0.083968,0.366592,2.03157,492.229,15000,0,0
Suite_13,Deferred_Volume,0,1762,1.41489,0.613171,0.002368,0.084352,0.36864,2.03433,491.562,15000,0,0
Suite_13,Deferred_Volume,0,1763,1.41802,0.608701,0.002048,0.084,0.36512,2.04133,489.877,15000,0,0
Suite_13,Deferred_Volume,0,1764,1.4183,0.60079,0.002464,0.08448,0.366112,2.03965,490.28,15000,0,0
Suite_13,Deferred_Volume,0,1765,1.42446,0.600705,0.002048,0.083776,0.367584,2.0337,491.714,15000,0,0
Suite_13,Deferred_Volume,0,1766,1.4207,0.606923,0.003552,0.085856,0.369664,2.03873,490.501,15000,0,0
Suite_13,Deferred_Volume,0,1767,1.42972,0.603503,0.003104,0.083968,0.358912,2.0411,489.931,15000,0,0
Suite_13,Deferred_Volume,0,1768,1.42544,0.611794,0.0024,0.084576,0.367808,2.05856,485.776,15000,0,0
Suite_13,Deferred_Volume,0,1769,1.42837,0.60892,0.00208,0.083968,0.36224,2.05206,487.315,15000,0,0
Suite_13,Deferred_Volume,0,1770,1.42158,0.601286,0.002048,0.0856,0.369568,2.05258,487.191,15000,0,0
Suite_13,Deferred_Volume,0,1771,1.42185,0.597145,0.002048,0.085472,0.364544,2.03527,491.334,15000,0,0
Suite_13,Deferred_Volume,0,1772,1.4271,0.6085,0.002048,0.084,0.372736,2.03187,492.157,15000,0,0
Suite_13,Deferred_Volume,0,1773,1.42337,0.609994,0.002624,0.084352,0.380928,2.0509,487.59,15000,0,0
Suite_13,Deferred_Volume,0,1774,1.42758,0.61436,0.003712,0.08496,0.377056,2.04754,488.391,15000,0,0
Suite_13,Deferred_Volume,0,1775,1.42758,0.61174,0.003616,0.086016,0.374592,2.05449,486.738,15000,0,0
Suite_13,Deferred_Volume,0,1776,1.43321,0.616974,0.003552,0.086016,0.36816,2.05391,486.875,15000,0,0
Suite_13,Deferred_Volume,0,1777,1.43478,0.60669,0.003808,0.086432,0.372224,2.06599,484.029,15000,0,0
Suite_13,Deferred_Volume,0,1778,1.42984,0.604807,0.003392,0.085408,0.37888,2.05505,486.606,15000,0,0
Suite_13,Deferred_Volume,0,1779,1.43238,0.619834,0.004096,0.0848,0.366304,2.04761,488.374,15000,0,0
Suite_13,Deferred_Volume,0,1780,1.42975,0.613821,0.00256,0.086016,0.376288,2.06585,484.062,15000,0,0
Suite_13,Deferred_Volume,0,1781,1.43569,0.60533,0.003936,0.086016,0.376352,2.0596,485.531,15000,0,0
Suite_13,Deferred_Volume,0,1782,1.4398,0.60798,0.003552,0.086016,0.368352,2.06014,485.403,15000,0,0
Suite_13,Deferred_Volume,0,1783,1.44818,0.604419,0.002944,0.085856,0.364544,2.06129,485.133,15000,0,0
Suite_13,Deferred_Volume,0,1784,1.44653,0.605827,0.003616,0.086016,0.37392,2.06541,484.164,15000,0,0
Suite_13,Deferred_Volume,0,1785,1.4484,0.604149,0.003936,0.086016,0.372544,2.06793,483.574,15000,0,0
Suite_13,Deferred_Volume,0,1786,1.45311,0.606429,0.002912,0.086016,0.376832,2.06739,483.701,15000,0,0
Suite_13,Deferred_Volume,0,1787,1.44769,0.598647,0.004096,0.085856,0.37456,2.0724,482.533,15000,0,0
Suite_13,Deferred_Volume,0,1788,1.45489,0.597722,0.003904,0.08784,0.374784,2.05907,485.657,15000,0,0
Suite_13,Deferred_Volume,0,1789,1.45168,0.623882,0.003968,0.087936,0.372736,2.06709,483.773,15000,0,0
Suite_13,Deferred_Volume,0,1790,1.45382,0.607638,0.004064,0.086016,0.376064,2.09173,478.074,15000,0,0
Suite_13,Deferred_Volume,0,1791,1.4467,0.606054,0.004512,0.086144,0.374784,2.07476,481.983,15000,0,0
Suite_13,Deferred_Volume,0,1792,1.45681,0.608576,0.004096,0.086016,0.368864,2.06575,484.085,15000,0,0
Suite_13,Deferred_Volume,0,1793,1.45971,0.612063,0.004096,0.087296,0.3712,2.08101,480.536,15000,0,0
Suite_13,Deferred_Volume,0,1794,1.45936,0.605411,0.004096,0.08608,0.3776,2.08715,479.123,15000,0,0
Suite_13,Deferred_Volume,0,1795,1.46277,0.616058,0.004096,0.086016,0.375392,2.07769,481.304,15000,0,0
Suite_13,Deferred_Volume,0,1796,1.46291,0.608029,0.004608,0.087424,0.374784,2.09203,478.005,15000,0,0
Suite_13,Deferred_Volume,0,1797,1.46341,0.599445,0.004352,0.086368,0.374784,2.0868,479.202,15000,0,0
Suite_13,Deferred_Volume,0,1798,1.4791,0.642193,0.004768,0.086624,0.37072,2.07647,481.586,15000,0,0
Suite_13,Deferred_Volume,0,1799,1.47358,0.634025,0.004352,0.0872,0.380928,2.26844,440.832,15000,0,0
Suite_13,Deferred_Volume,0,1800,1.46942,0.618551,0.005504,0.088064,0.375552,2.12308,471.014,15000,0,0
Suite_13,Deferred_Volume,0,1801,1.46977,0.612161,0.004992,0.088288,0.376864,2.10326,475.453,15000,0,0
Suite_13,Deferred_Volume,0,1802,1.47263,0.607335,0.0056,0.08704,0.376832,2.09608,477.081,15000,0,0
Suite_13,Deferred_Volume,0,1803,1.48034,0.612696,0.006144,0.088064,0.39392,2.09375,477.613,15000,0,0
Suite_13,Deferred_Volume,0,1804,1.48205,0.599763,0.004672,0.088064,0.403168,2.10663,474.692,15000,0,0
Suite_13,Deferred_Volume,0,1805,1.48641,0.611488,0.004704,0.087904,0.372736,2.09641,477.005,15000,0,0
Suite_13,Deferred_Volume,0,1806,1.48756,0.610278,0.005888,0.087008,0.37888,2.11246,473.382,15000,0,0
Suite_13,Deferred_Volume,0,1807,1.48559,0.601375,0.006144,0.088064,0.37888,2.11136,473.628,15000,0,0
Suite_13,Deferred_Volume,0,1808,1.49115,0.604958,0.005984,0.088096,0.376832,2.0993,476.349,15000,0,0
Suite_13,Deferred_Volume,0,1809,1.49329,0.612627,0.006144,0.088064,0.373248,2.11039,473.845,15000,0,0
Suite_13,Deferred_Volume,0,1810,1.49316,0.614777,0.006144,0.088448,0.373696,2.1209,471.498,15000,0,0
Suite_13,Deferred_Volume,0,1811,1.49703,0.608072,0.006144,0.0896,0.381472,2.1269,470.168,15000,0,0
Suite_13,Deferred_Volume,0,1812,1.49761,0.684188,0.006144,0.0896,0.37584,2.11773,472.204,15000,0,0
Suite_13,Deferred_Volume,0,1813,1.50738,0.607668,0.0064,0.088256,0.37888,2.19857,454.84,15000,0,0
Suite_13,Deferred_Volume,0,1814,1.50707,0.598806,0.007296,0.089952,0.38208,2.12932,469.633,15000,0,0
Suite_13,Deferred_Volume,0,1815,1.5116,0.602058,0.0072,0.0896,0.372608,2.1187,471.987,15000,0,0
Suite_13,Deferred_Volume,0,1816,1.51454,0.620446,0.006496,0.08832,0.376672,2.12715,470.114,15000,0,0
Suite_13,Deferred_Volume,0,1817,1.50981,0.6065,0.006752,0.088064,0.401408,2.15019,465.076,15000,0,0
Suite_13,Deferred_Volume,0,1818,1.51029,0.608933,0.007744,0.089056,0.375104,2.12981,469.524,15000,0,0
Suite_13,Deferred_Volume,0,1819,1.5194,0.610206,0.00688,0.08976,0.384,2.1332,468.778,15000,0,0
Suite_13,Deferred_Volume,0,1820,1.52154,0.599985,0.006656,0.089792,0.385024,2.14213,466.826,15000,0,0
Suite_13,Deferred_Volume,0,1821,1.52937,0.608165,0.007008,0.089408,0.380928,2.1357,468.231,15000,0,0
Suite_13,Deferred_Volume,0,1822,1.52835,0.611582,0.00832,0.090112,0.385024,2.15166,464.757,15000,0,0
Suite_13,Deferred_Volume,0,1823,1.53293,0.604047,0.008,0.091136,0.378464,2.15308,464.451,15000,0,0
Suite_13,Deferred_Volume,0,1824,1.53022,0.603809,0.008128,0.089984,0.387168,2.15001,465.114,15000,0,0
Suite_13,Deferred_Volume,0,1825,1.53449,0.612344,0.008192,0.091488,0.379168,2.1489,465.354,15000,0,0
Suite_13,Deferred_Volume,0,1826,1.53783,0.614943,0.008192,0.089856,0.379872,2.16266,462.394,15000,0,0
Suite_13,Deferred_Volume,0,1827,1.5432,0.59816,0.00992,0.091072,0.385152,2.1661,461.66,15000,0,0
Suite_13,Deferred_Volume,0,1828,1.54513,0.599675,0.008192,0.090112,0.377632,2.15381,464.293,15000,0,0
Suite_13,Deferred_Volume,0,1829,1.55143,0.611292,0.009344,0.090112,0.39936,2.16109,462.728,15000,0,0
Suite_13,Deferred_Volume,0,1830,1.54602,0.601465,0.009664,0.116224,0.41184,2.17817,459.102,15000,0,0
Suite_13,Deferred_Volume,0,1831,1.55375,0.617818,0.008256,0.090112,0.390944,2.15995,462.975,15000,0,0
Suite_13,Deferred_Volume,0,1832,1.56022,0.608301,0.01024,0.090144,0.382848,2.18614,457.427,15000,0,0
Suite_13,Deferred_Volume,0,1833,1.55946,0.601152,0.00864,0.091648,0.387072,2.18412,457.851,15000,0,0
Suite_13,Deferred_Volume,0,1834,1.56371,0.603459,0.010144,0.090432,0.387616,2.1741,459.96,15000,0,0
Suite_13,Deferred_Volume,0,1835,1.56659,0.609448,0.010144,0.090464,0.384992,2.18061,458.587,15000,0,0
Suite_13,Deferred_Volume,0,1836,1.5653,0.60464,0.01024,0.091648,0.38544,2.18957,456.711,15000,0,0
Suite_13,Deferred_Volume,0,1837,1.5733,0.615333,0.01024,0.091456,0.387072,2.18425,457.823,15000,0,0
Suite_13,Deferred_Volume,0,1838,1.58175,0.616083,0.01024,0.091744,0.385824,2.20222,454.087,15000,0,0
Suite_13,Deferred_Volume,0,1839,1.58426,0.599563,0.01024,0.091392,0.387136,2.21738,450.982,15000,0,0
Suite_13,Deferred_Volume,0,1840,1.58491,0.603401,0.010912,0.090816,0.392544,2.19645,455.281,15000,0,0
Suite_13,Deferred_Volume,0,1841,1.57912,0.611721,0.012288,0.091424,0.3872,2.20387,453.747,15000,0,0
Suite_13,Deferred_Volume,0,1842,1.58296,0.61205,0.011808,0.090944,0.387264,2.20546,453.42,15000,0,0
Suite_13,Deferred_Volume,0,1843,1.58808,0.604936,0.011616,0.09216,0.397312,2.20788,452.923,15000,0,0
Suite_13,Deferred_Volume,0,1844,1.59245,0.632949,0.012288,0.090848,0.38304,2.20532,453.45,15000,0,0
Suite_13,Deferred_Volume,0,1845,1.59191,0.635451,0.011776,0.094208,0.387072,2.246,445.237,15000,0,0
Suite_13,Deferred_Volume,0,1846,1.59493,0.605639,0.012032,0.093248,0.387104,2.2425,445.931,15000,0,0
Suite_13,Deferred_Volume,0,1847,1.60568,0.616931,0.011168,0.093984,0.387072,2.21309,451.856,15000,0,0
Suite_13,Deferred_Volume,0,1848,1.61014,0.607992,0.013504,0.116736,0.42192,2.23645,447.137,15000,0,0
Suite_13,Deferred_Volume,0,1849,1.60408,0.604156,0.012288,0.093248,0.396256,2.23419,447.591,15000,0,0
Suite_13,Deferred_Volume,0,1850,1.60747,0.608388,0.012544,0.092288,0.395264,2.22219,450.007,15000,0,0
Suite_13,Deferred_Volume,0,1851,1.60865,0.607448,0.01392,0.092704,0.411648,2.22976,448.478,15000,0,0
Suite_13,Deferred_Volume,0,1852,1.61414,0.608939,0.013568,0.114528,0.416576,2.23017,448.397,15000,0,0
Suite_13,Deferred_Volume,0,1853,1.6162,0.613347,0.012704,0.094176,0.395264,2.23734,446.96,15000,0,0
Suite_13,Deferred_Volume,0,1854,1.61668,0.612494,0.014336,0.094176,0.383008,2.24544,445.348,15000,0,0
Suite_13,Deferred_Volume,0,1855,1.6229,0.60134,0.01296,0.093664,0.412672,2.24258,445.914,15000,0,0
Suite_13,Deferred_Volume,0,1856,1.64818,0.681788,0.013088,0.094208,0.38912,2.23775,446.878,15000,0,0
Suite_13,Deferred_Volume,0,1857,1.64088,0.642401,0.014304,0.09584,0.387072,2.35241,425.095,15000,0,0
Suite_13,Deferred_Volume,0,1858,1.63053,0.60911,0.0144,0.093888,0.416736,2.30549,433.747,15000,0,0
Suite_13,Deferred_Volume,0,1859,1.63013,0.604892,0.01552,0.094208,0.389408,2.25233,443.985,15000,0,0
Suite_13,Deferred_Volume,0,1860,1.63702,0.61181,0.014528,0.094368,0.394752,2.24901,444.639,15000,0,0
Suite_13,Deferred_Volume,0,1861,1.63028,0.60657,0.014464,0.094304,0.395168,2.2647,441.559,15000,0,0
Suite_13,Deferred_Volume,0,1862,1.63623,0.608168,0.015264,0.094528,0.4008,2.25039,444.367,15000,0,0
Suite_13,Deferred_Volume,0,1863,1.64506,0.614324,0.016096,0.094112,0.39552,2.25798,442.874,15000,0,0
Suite_13,Deferred_Volume,0,1864,1.65075,0.610372,0.015296,0.09424,0.398592,2.27206,440.129,15000,0,0
Suite_13,Deferred_Volume,0,1865,1.64177,0.607106,0.01616,0.09488,0.394848,2.27519,439.525,15000,0,0
Suite_13,Deferred_Volume,0,1866,1.64941,0.606196,0.017408,0.095648,0.403456,2.26357,441.78,15000,0,0
Suite_13,Deferred_Volume,0,1867,1.65289,0.598604,0.016384,0.094336,0.39984,2.27435,439.687,15000,0,0
Suite_13,Deferred_Volume,0,1868,1.65735,0.614868,0.016384,0.095904,0.401792,2.26384,441.727,15000,0,0
Suite_13,Deferred_Volume,0,1869,1.65192,0.616212,0.01712,0.096256,0.405472,2.287,437.255,15000,0,0
Suite_13,Deferred_Volume,0,1870,1.65471,0.598485,0.01776,0.096256,0.395648,2.2831,438.001,15000,0,0
Suite_13,Deferred_Volume,0,1871,1.66285,0.604482,0.01776,0.096256,0.391808,2.26649,441.211,15000,0,0
Suite_13,Deferred_Volume,0,1872,1.66187,0.611115,0.01776,0.097408,0.404128,2.28034,438.531,15000,0,0
Suite_13,Deferred_Volume,0,1873,1.66593,0.613814,0.018112,0.096384,0.405504,2.28826,437.012,15000,0,0
Suite_13,Deferred_Volume,0,1874,1.6692,0.601717,0.018464,0.097184,0.407328,2.29348,436.018,15000,0,0
Suite_13,Deferred_Volume,0,1875,1.67566,0.61811,0.018432,0.096832,0.401536,2.28426,437.779,15000,0,0
Suite_13,Deferred_Volume,0,1876,1.66356,0.604202,0.018432,0.096544,0.403552,2.30776,433.321,15000,0,0
Suite_13,Deferred_Volume,0,1877,1.67023,0.600143,0.018432,0.096256,0.396032,2.2839,437.848,15000,0,0
Suite_13,Deferred_Volume,0,1878,1.68419,0.62246,0.018432,0.097664,0.408128,2.28388,437.852,15000,0,0
Suite_13,Deferred_Volume,0,1879,1.67745,0.60262,0.02016,0.097216,0.40784,2.32038,430.964,15000,0,0
Suite_13,Deferred_Volume,0,1880,1.68121,0.599889,0.019744,0.098304,0.406336,2.29265,436.176,15000,0,0
Suite_13,Deferred_Volume,0,1881,1.68731,0.608284,0.02016,0.098304,0.405088,2.29524,435.684,15000,0,0
Suite_13,Deferred_Volume,0,1882,1.68432,0.609898,0.02032,0.09856,0.411648,2.31101,432.711,15000,0,0
Suite_13,Deferred_Volume,0,1883,1.68978,0.604973,0.02048,0.09936,0.40912,2.30723,433.42,15000,0,0
Suite_13,Deferred_Volume,0,1884,1.69054,0.617493,0.020544,0.098368,0.400128,2.30798,433.28,15000,0,0
Suite_13,Deferred_Volume,0,1885,1.70004,0.609551,0.020832,0.098688,0.415744,2.32412,430.27,15000,0,0
Suite_13,Deferred_Volume,0,1886,1.69117,0.604089,0.021536,0.099904,0.40768,2.32333,430.417,15000,0,0
Suite_13,Deferred_Volume,0,1887,1.69396,0.611758,0.021984,0.100352,0.414336,2.30788,433.298,15000,0,0
Suite_13,Deferred_Volume,0,1888,1.70388,0.604864,0.02128,0.099552,0.403456,2.31922,431.179,15000,0,0
Suite_13,Deferred_Volume,0,1889,1.69828,0.64293,0.022176,0.100352,0.413696,2.32365,430.358,15000,0,0
Suite_13,Deferred_Volume,0,1890,1.70261,0.617187,0.022304,0.100896,0.411808,2.35826,424.042,15000,0,0
Suite_13,Deferred_Volume,0,1891,1.70637,0.605608,0.02368,0.100384,0.41536,2.33481,428.301,15000,0,0
Suite_13,Deferred_Volume,0,1892,1.70124,0.604222,0.022784,0.1024,0.405504,2.32517,430.076,15000,0,0
Suite_13,Deferred_Volume,0,1893,1.7159,0.611225,0.023296,0.10064,0.413632,2.32069,430.906,15000,0,0
Suite_13,Deferred_Volume,0,1894,1.71441,0.616421,0.022528,0.1024,0.41392,2.34255,426.885,15000,0,0
Suite_13,Deferred_Volume,0,1895,1.71687,0.606012,0.022912,0.102304,0.4096,2.34429,426.569,15000,0,0
Suite_13,Deferred_Volume,0,1896,1.72833,0.613519,0.024032,0.104224,0.422848,2.34027,427.302,15000,0,0
Suite_13,Deferred_Volume,0,1897,1.72142,0.605494,0.02352,0.102272,0.40944,2.35751,424.176,15000,0,0
Suite_13,Deferred_Volume,0,1898,1.71814,0.60546,0.024384,0.1024,0.417792,2.34114,427.143,15000,0,0
Suite_13,Deferred_Volume,0,1899,1.72321,0.618582,0.0248,0.103872,0.410912,2.33654,427.984,15000,0,0
Suite_13,Deferred_Volume,0,1900,1.72231,0.605799,0.024576,0.103712,0.418656,2.35562,424.516,15000,0,0
Suite_13,Deferred_Volume,0,1901,1.72775,0.602627,0.025824,0.1024,0.419616,2.34322,426.764,15000,0,0
Suite_13,Deferred_Volume,0,1902,1.73513,0.605656,0.026016,0.104448,0.417504,2.34378,426.662,15000,0,0
Suite_13,Deferred_Volume,0,1903,1.74235,0.605271,0.024864,0.105664,0.425696,2.35458,424.705,15000,0,0
Suite_13,Deferred_Volume,0,1904,1.74114,0.617521,0.026624,0.10368,0.422112,2.36,423.729,15000,0,0
Suite_13,Deferred_Volume,0,1905,1.74075,0.629017,0.026592,0.104416,0.42128,2.37595,420.884,15000,0,0
Suite_13,Deferred_Volume,0,1906,1.7371,0.613123,0.026624,0.102656,0.424512,2.38472,419.336,15000,0,0
Suite_13,Deferred_Volume,0,1907,1.74529,0.605405,0.02688,0.104544,0.4216,2.36342,423.116,15000,0,0
Suite_13,Deferred_Volume,0,1908,1.74653,0.612847,0.027424,0.104608,0.421888,2.36403,423.006,15000,0,0
Suite_13,Deferred_Volume,0,1909,1.74467,0.603044,0.02768,0.104448,0.446592,2.37555,420.955,15000,0,0
Suite_13,Deferred_Volume,0,1910,1.74962,0.613875,0.027264,0.104448,0.423936,2.36119,423.515,15000,0,0
Suite_13,Deferred_Volume,0,1911,1.75184,0.612628,0.030016,0.106208,0.424192,2.37767,420.58,15000,0,0
Suite_13,Deferred_Volume,0,1912,1.75543,0.599046,0.028672,0.1048,0.436864,2.37774,420.567,15000,0,0
Suite_13,Deferred_Volume,0,1913,1.754,0.609978,0.028672,0.106624,0.432128,2.36871,422.17,15000,0,0
Suite_13,Deferred_Volume,0,1914,1.76775,0.609837,0.028672,0.106464,0.445024,2.37871,420.396,15000,0,0
Suite_13,Deferred_Volume,0,1915,1.76189,0.607716,0.04224,0.106496,0.448512,2.3906,418.305,15000,0,0
Suite_13,Deferred_Volume,0,1916,1.7725,0.609556,0.029088,0.10608,0.427008,2.38205,419.807,15000,0,0
Suite_13,Deferred_Volume,0,1917,1.77157,0.602594,0.02944,0.12592,0.460192,2.39723,417.149,15000,0,0
Suite_13,Deferred_Volume,0,1918,1.76923,0.605564,0.030624,0.106432,0.419168,2.38892,418.6,15000,0,0
Suite_13,Deferred_Volume,0,1919,1.76507,0.60805,0.029376,0.106688,0.428096,2.38739,418.867,15000,0,0
Suite_13,Deferred_Volume,0,1920,1.77439,0.613981,0.030464,0.10672,0.43408,2.38692,418.95,15000,0,0
Suite_13,Deferred_Volume,0,1921,1.78165,0.60339,0.02944,0.106688,0.42848,2.40295,416.155,15000,0,0
Suite_13,Deferred_Volume,0,1922,1.77642,0.611517,0.03072,0.106816,0.430432,2.39886,416.865,15000,0,0
Suite_13,Deferred_Volume,0,1923,1.78124,0.607046,0.03072,0.108544,0.433888,2.40254,416.226,15000,0,0
Suite_13,Deferred_Volume,0,1924,1.7775,0.606749,0.03088,0.108192,0.435648,2.40769,415.336,15000,0,0
Suite_13,Deferred_Volume,0,1925,1.78337,0.621581,0.03232,0.108544,0.434336,2.40048,416.584,15000,0,0
Suite_13,Deferred_Volume,0,1926,1.78497,0.625833,0.032448,0.107328,0.426624,2.42145,412.976,15000,0,0
Suite_13,Deferred_Volume,0,1927,1.78261,0.608774,0.032512,0.108608,0.432416,2.4244,412.474,15000,0,0
Suite_13,Deferred_Volume,0,1928,1.79529,0.616301,0.032768,0.10864,0.430336,2.40427,415.927,15000,0,0
Suite_13,Deferred_Volume,0,1929,1.79821,0.607141,0.032768,0.109248,0.433856,2.42806,411.852,15000,0,0
Suite_13,Deferred_Volume,0,1930,1.789,0.599287,0.03312,0.109536,0.436224,2.4191,413.377,15000,0,0
Suite_13,Deferred_Volume,0,1931,1.80104,0.659143,0.03424,0.110144,0.432,2.40135,416.433,15000,0,0
Suite_13,Deferred_Volume,0,1932,1.79729,0.606089,0.032768,0.10976,0.440928,2.47586,403.9,15000,0,0
Suite_13,Deferred_Volume,0,1933,1.80191,0.61229,0.033984,0.11024,0.4368,2.42027,413.177,15000,0,0
Suite_13,Deferred_Volume,0,1934,1.80187,0.606594,0.032992,0.110592,0.438208,2.42958,411.593,15000,0,0
Suite_13,Deferred_Volume,0,1935,1.80632,0.603326,0.033632,0.110848,0.462848,2.42187,412.904,15000,0,0
Suite_13,Deferred_Volume,0,1936,1.79638,0.619409,0.034432,0.10928,0.438944,2.42258,412.782,15000,0,0
Suite_13,Deferred_Volume,0,1937,1.80588,0.603777,0.034816,0.110528,0.458016,2.43154,411.261,15000,0,0
Suite_13,Deferred_Volume,0,1938,1.8339,0.623475,0.051296,0.110624,0.464896,2.42376,412.583,15000,0,0
Suite_13,Deferred_Volume,0,1939,1.82202,0.615642,0.034816,0.11072,0.438656,2.47137,404.634,15000,0,0
Suite_13,Deferred_Volume,0,1940,1.81971,0.613479,0.035392,0.112896,0.4608,2.45252,407.744,15000,0,0
Suite_13,Deferred_Volume,0,1941,1.81698,0.611459,0.034912,0.110496,0.444416,2.44992,408.177,15000,0,0
Suite_13,Deferred_Volume,0,1942,1.82198,0.615145,0.036384,0.11216,0.442528,2.44267,409.387,15000,0,0
Suite_13,Deferred_Volume,0,1943,1.82164,0.604135,0.035808,0.112224,0.440608,2.45157,407.901,15000,0,0
Suite_13,Deferred_Volume,0,1944,1.81922,0.603815,0.035648,0.110752,0.446464,2.43916,409.978,15000,0,0
Suite_13,Deferred_Volume,0,1945,1.81912,0.615907,0.036448,0.112448,0.4432,2.4373,410.29,15000,0,0
Suite_13,Deferred_Volume,0,1946,1.82933,0.613218,0.036864,0.112672,0.448448,2.44941,408.262,15000,0,0
Suite_13,Deferred_Volume,0,1947,1.82339,0.614828,0.036864,0.111392,0.44224,2.45659,407.068,15000,0,0
Suite_13,Deferred_Volume,0,1948,1.82679,0.61541,0.036864,0.112352,0.4392,2.45593,407.178,15000,0,0
Suite_13,Deferred_Volume,0,1949,1.83299,0.60416,0.037952,0.113664,0.440544,2.45854,406.745,15000,0,0
Suite_13,Deferred_Volume,0,1950,1.83217,0.606798,0.036864,0.11264,0.448864,2.45099,407.999,15000,0,0
Suite_13,Deferred_Volume,0,1951,1.82933,0.608659,0.037824,0.113056,0.44032,2.45308,407.65,15000,0,0
Suite_13,Deferred_Volume,0,1952,1.82676,0.61124,0.037344,0.112768,0.460736,2.45091,408.011,15000,0,0
Suite_13,Deferred_Volume,0,1953,1.82077,0.6111,0.038144,0.11392,0.436576,2.45728,406.955,15000,0,0
Suite_13,Deferred_Volume,0,1954,1.83596,0.604757,0.03872,0.1128,0.471616,2.44679,408.698,15000,0,0
Suite_13,Deferred_Volume,0,1955,1.83293,0.60597,0.050208,0.113984,0.460864,2.45396,407.504,15000,0,0
Suite_13,Deferred_Volume,0,1956,1.82455,0.60588,0.038752,0.114624,0.448512,2.45188,407.85,15000,0,0
Suite_13,Deferred_Volume,0,1957,1.83946,0.611619,0.03904,0.114784,0.450208,2.44776,408.536,15000,0,0
Suite_13,Deferred_Volume,0,1958,1.83767,0.604964,0.03936,0.113504,0.451936,2.46603,405.509,15000,0,0
Suite_13,Deferred_Volume,0,1959,1.8408,0.605401,0.038912,0.114944,0.442368,2.45549,407.25,15000,0,0
Suite_13,Deferred_Volume,0,1960,1.83986,0.609947,0.040448,0.11616,0.448384,2.45994,406.515,15000,0,0
Suite_13,Deferred_Volume,0,1961,1.8376,0.602373,0.04,0.114464,0.455296,2.46554,405.591,15000,0,0
Suite_13,Deferred_Volume,0,1962,1.84732,0.638729,0.040832,0.11504,0.45216,2.45407,407.486,15000,0,0
Suite_13,Deferred_Volume,0,1963,1.84622,0.603379,0.039328,0.116,0.456,2.50105,399.832,15000,0,0
Suite_13,Deferred_Volume,0,1964,1.84173,0.607665,0.039488,0.114688,0.454656,2.46313,405.987,15000,0,0
Suite_13,Deferred_Volume,0,1965,1.84822,0.612519,0.039552,0.116256,0.449632,2.4638,405.877,15000,0,0
Suite_13,Deferred_Volume,0,1966,1.85103,0.606424,0.039776,0.116736,0.456704,2.4764,403.811,15000,0,0
Suite_13,Deferred_Volume,0,1967,1.84868,0.605713,0.04096,0.116992,0.450528,2.47072,404.74,15000,0,0
Suite_13,Deferred_Volume,0,1968,1.85277,0.619022,0.040864,0.116736,0.448064,2.46773,405.23,15000,0,0
Suite_13,Deferred_Volume,0,1969,1.85013,0.603682,0.04096,0.114752,0.451072,2.48674,402.133,15000,0,0
Suite_13,Deferred_Volume,0,1970,1.84705,0.60984,0.042048,0.11872,0.458976,2.4674,405.285,15000,0,0
Suite_13,Deferred_Volume,0,1971,1.84958,0.60817,0.04096,0.14336,0.48208,2.47079,404.73,15000,0,0
Suite_13,Deferred_Volume,0,1972,1.85857,0.623216,0.04128,0.11696,0.456256,2.47053,404.771,15000,0,0
Suite_13,Deferred_Volume,0,1973,1.85026,0.636106,0.041696,0.11536,0.458784,2.50016,399.975,15000,0,0
Suite_13,Deferred_Volume,0,1974,1.85689,0.612513,0.042848,0.117536,0.454688,2.50312,399.501,15000,0,0
Suite_13,Deferred_Volume,0,1975,1.84181,0.60572,0.043008,0.116896,0.462944,2.48338,402.677,15000,0,0
Suite_13,Deferred_Volume,0,1976,1.85726,0.613726,0.041568,0.117856,0.4608,2.46037,406.444,15000,0,0
Suite_13,Deferred_Volume,0,1977,1.86068,0.60561,0.042496,0.118144,0.462848,2.49201,401.282,15000,0,0
Suite_13,Deferred_Volume,0,1978,1.85554,0.611455,0.043008,0.118688,0.451104,2.48068,403.115,15000,0,0
Suite_13,Deferred_Volume,0,1979,1.85817,0.623582,0.042848,0.117728,0.453568,2.4799,403.242,15000,0,0
Suite_13,Deferred_Volume,0,1980,1.86068,0.601505,0.042944,0.118144,0.45056,2.4958,400.673,15000,0,0
Suite_13,Deferred_Volume,0,1981,1.86067,0.61171,0.043008,0.117184,0.460704,2.48262,402.8,15000,0,0
Suite_13,Deferred_Volume,0,1982,1.87996,0.672124,0.043296,0.117408,0.456704,2.48753,402.005,15000,0,0
Suite_13,Deferred_Volume,0,1983,1.85941,0.624595,0.043008,0.117088,0.473856,2.57499,388.351,15000,0,0
Suite_13,Deferred_Volume,0,1984,1.85356,0.609257,0.043008,0.1184,0.461632,2.49879,400.193,15000,0,0
Suite_13,Deferred_Volume,0,1985,1.85859,0.613347,0.043296,0.118784,0.4648,2.47876,403.428,15000,0,0
Suite_13,Deferred_Volume,0,1986,1.85539,0.599653,0.043776,0.117024,0.458752,2.48666,402.146,15000,0,0
Suite_13,Deferred_Volume,0,1987,1.8595,0.613287,0.04352,0.11808,0.456704,2.46746,405.274,15000,0,0
Suite_13,Deferred_Volume,0,1988,1.85977,0.602872,0.04384,0.118752,0.468064,2.4872,402.059,15000,0,0
Suite_13,Deferred_Volume,0,1989,1.86248,0.613477,0.043712,0.118496,0.462144,2.47802,403.549,15000,0,0
Suite_13,Deferred_Volume,0,1990,1.86156,0.617333,0.044992,0.11872,0.464544,2.48965,401.663,15000,0,0
Suite_13,Deferred_Volume,0,1991,1.8585,0.607904,0.044768,0.118816,0.459712,2.49297,401.127,15000,0,0
Suite_13,Deferred_Volume,0,1992,1.86037,0.602558,0.04384,0.118784,0.464896,2.48502,402.41,15000,0,0
Suite_13,Deferred_Volume,0,1993,1.86439,0.621998,0.04528,0.119872,0.463872,2.4775,403.632,15000,0,0
Suite_13,Deferred_Volume,0,1994,1.8652,0.610015,0.045056,0.120032,0.453344,2.50209,399.666,15000,0,0
Suite_13,Deferred_Volume,0,1995,1.87361,0.612611,0.045248,0.119392,0.466144,2.48803,401.925,15000,0,0
Suite_13,Deferred_Volume,0,1996,1.86583,0.602386,0.045056,0.120832,0.484992,2.49956,400.07,15000,0,0
Suite_13,Deferred_Volume,0,1997,1.86883,0.603038,0.045696,0.118912,0.487424,2.484,402.576,15000,0,0
Suite_13,Deferred_Volume,0,1998,1.8585,0.604457,0.04576,0.11936,0.464544,2.48521,402.381,15000,0,0
Suite_13,Deferred_Volume,0,1999,1.86841,0.619704,0.04688,0.119584,0.47104,2.47687,403.736,15000,0,0
Suite_13,Deferred_Volume,0,2000,1.87449,0.60016,0.0456,0.118848,0.468992,2.50098,399.843,15000,0,0
Suite_13,Deferred_Volume,0,2001,1.87042,0.63083,0.047008,0.120512,0.465024,2.48877,401.804,15000,0,0
Suite_13,Deferred_Volume,0,2002,1.86976,0.600082,0.046272,0.122048,0.472992,2.51731,397.25,15000,0,0
Suite_13,Deferred_Volume,0,2003,1.86638,0.604319,0.046432,0.120832,0.468992,2.48289,402.757,15000,0,0
Suite_13,Deferred_Volume,0,2004,1.86015,0.622335,0.047104,0.121088,0.468544,2.48358,402.645,15000,0,0
Suite_13,Deferred_Volume,0,2005,1.86556,0.604861,0.046752,0.12048,0.46384,2.49912,400.142,15000,0,0
Suite_13,Deferred_Volume,0,2006,1.86059,0.609825,0.046912,0.120832,0.470496,2.48392,402.589,15000,0,0
Suite_13,Deferred_Volume,0,2007,1.8684,0.615751,0.047104,0.121152,0.47184,2.48355,402.649,15000,0,0
Suite_13,Deferred_Volume,0,2008,1.86931,0.598756,0.047104,0.12128,0.489728,2.49859,400.225,15000,0,0
Suite_13,Deferred_Volume,0,2009,1.87631,0.611172,0.047104,0.120832,0.463808,2.48259,402.805,15000,0,0
Suite_13,Deferred_Volume,0,2010,1.86088,0.612354,0.047616,0.120352,0.48352,2.51009,398.392,15000,0,0
Suite_13,Deferred_Volume,0,2011,1.86198,0.608963,0.047456,0.121248,0.470656,2.48636,402.194,15000,0,0
Suite_13,Deferred_Volume,0,2012,1.86442,0.636073,0.047104,0.120832,0.46784,2.48403,402.571,15000,0,0
Suite_13,Deferred_Volume,0,2013,1.87432,0.628861,0.04752,0.121056,0.475136,2.52045,396.755,15000,0,0
Suite_13,Deferred_Volume,0,2014,1.85768,0.61067,0.047104,0.120832,0.461696,2.51893,396.993,15000,0,0
Suite_13,Deferred_Volume,0,2015,1.86077,0.617625,0.047904,0.122528,0.47104,2.48142,402.994,15000,0,0
Suite_13,Deferred_Volume,0,2016,1.8692,0.603921,0.048352,0.12288,0.471648,2.49238,401.224,15000,0,0
Suite_13,Deferred_Volume,0,2017,1.85925,0.607528,0.04864,0.121536,0.465216,2.48723,402.054,15000,0,0
Suite_13,Deferred_Volume,0,2018,1.8646,0.611662,0.047616,0.122112,0.473088,2.48133,403.01,15000,0,0
Suite_13,Deferred_Volume,0,2019,1.86454,0.606925,0.049088,0.121344,0.473568,2.49013,401.586,15000,0,0
Suite_13,Deferred_Volume,0,2020,1.86051,0.61953,0.04784,0.121856,0.47104,2.48408,402.564,15000,0,0
Suite_13,Deferred_Volume,0,2021,1.85876,0.608995,0.048096,0.122592,0.466848,2.4962,400.61,15000,0,0
Suite_13,Deferred_Volume,0,2022,1.86145,0.602617,0.048832,0.139264,0.490976,2.48233,402.847,15000,0,0
Suite_13,Deferred_Volume,0,2023,1.86357,0.611074,0.048832,0.12288,0.462848,2.47641,403.81,15000,0,0
Suite_13,Deferred_Volume,0,2024,1.86451,0.608658,0.049088,0.125472,0.49152,2.48804,401.922,15000,0,0
Suite_13,Deferred_Volume,0,2025,1.86143,0.61365,0.049152,0.123168,0.46144,2.48784,401.955,15000,0,0
Suite_13,Deferred_Volume,0,2026,1.86921,0.614664,0.049216,0.122976,0.464896,2.4885,401.848,15000,0,0
Suite_13,Deferred_Volume,0,2027,1.86039,0.608733,0.049152,0.12288,0.478112,2.49773,400.363,15000,0,0
Suite_13,Deferred_Volume,0,2028,1.85044,0.60457,0.0504,0.12464,0.46928,2.4821,402.885,15000,0,0
Suite_13,Deferred_Volume,0,2029,1.8609,0.61049,0.049312,0.122432,0.468992,2.46982,404.887,15000,0,0
Suite_13,Deferred_Volume,0,2030,1.8634,0.615809,0.049408,0.122912,0.477184,2.48642,402.185,15000,0,0
Suite_13,Deferred_Volume,0,2031,1.86211,0.601012,0.050432,0.124224,0.47488,2.49178,401.319,15000,0,0
Suite_13,Deferred_Volume,0,2032,1.86492,0.615618,0.050464,0.124928,0.477088,2.47645,403.803,15000,0,0
Suite_13,Deferred_Volume,0,2033,1.86835,0.598597,0.049536,0.122752,0.47072,2.49597,400.646,15000,0,0
Suite_13,Deferred_Volume,0,2034,1.8636,0.616838,0.049824,0.123264,0.466656,2.48132,403.012,15000,0,0
Suite_13,Deferred_Volume,0,2035,1.86813,0.613005,0.0512,0.123072,0.474496,2.49537,400.742,15000,0,0
Suite_13,Deferred_Volume,0,2036,1.86017,0.604489,0.04944,0.147456,0.495616,2.49408,400.949,15000,0,0
Suite_13,Deferred_Volume,0,2037,1.85765,0.605532,0.049856,0.125088,0.477184,2.48035,403.169,15000,0,0
Suite_13,Deferred_Volume,0,2038,1.86563,0.606701,0.04992,0.124032,0.490912,2.48559,402.319,15000,0,0
Suite_13,Deferred_Volume,0,2039,1.86527,0.602261,0.049568,0.12288,0.473088,2.4853,402.365,15000,0,0
Suite_13,Deferred_Volume,0,2040,1.85518,0.618348,0.050752,0.124928,0.48128,2.47982,403.256,15000,0,0
Suite_13,Deferred_Volume,0,2041,1.86806,0.615455,0.049952,0.126016,0.479232,2.49011,401.589,15000,0,0
Suite_13,Deferred_Volume,0,2042,1.87346,0.60744,0.050912,0.124672,0.466944,2.49771,400.367,15000,0,0
Suite_13,Deferred_Volume,0,2043,1.86465,0.615821,0.0512,0.124928,0.471616,2.49425,400.921,15000,0,0
Suite_13,Deferred_Volume,0,2044,1.86662,0.607626,0.0512,0.124288,0.47312,2.49501,400.799,15000,0,0
Suite_13,Deferred_Volume,0,2045,1.85578,0.59991,0.0512,0.12464,0.480192,2.48981,401.638,15000,0,0
Suite_13,Deferred_Volume,0,2046,1.86876,0.640104,0.051264,0.126208,0.470656,2.46964,404.916,15000,0,0
Suite_13,Deferred_Volume,0,2047,1.85533,0.600596,0.051264,0.123744,0.477184,2.52339,396.292,15000,0,0
Suite_13,Deferred_Volume,0,2048,1.86365,0.611248,0.052544,0.124928,0.479328,2.46927,404.979,15000,0,0
Suite_13,Deferred_Volume,0,2049,1.86461,0.602901,0.052512,0.124928,0.497152,2.48987,401.627,15000,0,0
Suite_13,Deferred_Volume,0,2050,1.87196,0.604374,0.068288,0.12528,0.492992,2.48174,402.942,15000,0,0
Suite_13,Deferred_Volume,0,2051,1.85864,0.609108,0.051552,0.123392,0.477184,2.48965,401.663,15000,0,0
Suite_13,Deferred_Volume,0,2052,1.86434,0.608431,0.0512,0.124928,0.478208,2.48239,402.837,15000,0,0
Suite_13,Deferred_Volume,0,2053,1.86343,0.628709,0.052352,0.124928,0.47104,2.48834,401.874,15000,0,0
Suite_13,Deferred_Volume,0,2054,1.8661,0.623521,0.052832,0.123872,0.475328,2.50746,398.809,15000,0,0
Suite_13,Deferred_Volume,0,2055,1.86013,0.604864,0.052544,0.125984,0.483776,2.50421,399.328,15000,0,0
Suite_13,Deferred_Volume,0,2056,1.86261,0.603381,0.05296,0.125152,0.480992,2.4782,403.518,15000,0,0
Suite_13,Deferred_Volume,0,2057,1.86351,0.608736,0.052032,0.12448,0.480864,2.48069,403.113,15000,0,0
Suite_13,Deferred_Volume,0,2058,1.86055,0.616394,0.052096,0.125568,0.477472,2.48672,402.136,15000,0,0
Suite_13,Deferred_Volume,0,2059,1.86875,0.602225,0.053184,0.124864,0.479328,2.48931,401.718,15000,0,0
Suite_13,Deferred_Volume,0,2060,1.86961,0.621075,0.053248,0.12496,0.482528,2.48387,402.598,15000,0,0
Suite_13,Deferred_Volume,0,2061,1.86194,0.599619,0.053248,0.125152,0.503872,2.50587,399.063,15000,0,0
Suite_13,Deferred_Volume,0,2062,1.86149,0.614867,0.053184,0.125536,0.475232,2.47571,403.925,15000,0,0
Suite_13,Deferred_Volume,0,2063,1.86667,0.607714,0.051872,0.124704,0.477184,2.49029,401.56,15000,0,0
Suite_13,Deferred_Volume,0,2064,1.87453,0.602813,0.052896,0.124928,0.4848,2.48797,401.934,15000,0,0
Suite_13,Deferred_Volume,0,2065,1.85883,0.609848,0.053248,0.126208,0.480992,2.49297,401.128,15000,0,0
Suite_13,Deferred_Volume,0,2066,1.86416,0.608339,0.053024,0.126752,0.487424,2.48351,402.656,15000,0,0
Suite_13,Deferred_Volume,0,2067,1.85782,0.604484,0.053088,0.126272,0.477184,2.49247,401.209,15000,0,0
Suite_13,Deferred_Volume,0,2068,1.86694,0.615606,0.05312,0.125632,0.480256,2.4753,403.991,15000,0,0
Suite_13,Deferred_Volume,0,2069,1.86065,0.608666,0.053216,0.125792,0.48288,2.49915,400.136,15000,0,0
Suite_13,Deferred_Volume,0,2070,1.87332,0.628102,0.060768,0.126432,0.487424,2.48292,402.752,15000,128,5.30374e-05
Suite_13,Deferred_Volume,0,2071,1.86436,0.636371,0.059392,0.126784,0.489184,2.51451,397.691,15000,128,5.32253e-05
Suite_13,Deferred_Volume,0,2072,1.86803,0.621408,0.061184,0.125056,0.491616,2.51429,397.726,15000,128,5.34149e-05
Suite_13,Deferred_Volume,0,2073,1.871,0.633758,0.063488,0.12544,0.490752,2.50452,399.279,15000,128,5.36063e-05
Suite_13,Deferred_Volume,0,2074,1.87207,0.626688,0.065536,0.125024,0.485024,2.52004,396.819,15000,128,5.37994e-05
Suite_13,Deferred_Volume,0,2075,1.87022,0.623456,0.059424,0.147424,0.507136,2.51233,398.037,15000,128,5.39943e-05
Suite_13,Deferred_Volume,0,2076,1.86823,0.642442,0.061472,0.125856,0.48464,2.50628,398.998,15000,128,5.4191e-05
Suite_13,Deferred_Volume,0,2077,1.87047,0.628198,0.061728,0.125856,0.493024,2.52675,395.765,15000,128,5.43895e-05
Suite_13,Deferred_Volume,0,2078,1.87297,0.620916,0.060128,0.125536,0.49152,2.51372,397.817,15000,128,5.45898e-05
Suite_13,Deferred_Volume,0,2079,1.86252,0.627167,0.062368,0.126624,0.489312,2.50687,398.904,15000,128,5.47919e-05
Suite_13,Deferred_Volume,0,2080,1.86859,0.639482,0.06144,0.125568,0.492,2.50422,399.326,15000,128,5.4996e-05
Suite_13,Deferred_Volume,0,2081,1.8703,0.622456,0.061504,0.125632,0.491392,2.52327,396.311,15000,128,5.52019e-05
Suite_13,Deferred_Volume,0,2082,1.87365,0.636299,0.06288,0.129024,0.492064,2.50693,398.895,15000,128,5.54096e-05
Suite_13,Deferred_Volume,0,2083,1.86985,0.62287,0.061568,0.127104,0.489472,2.52427,396.154,15000,384,0.00018054
Suite_13,Deferred_Volume,0,2084,1.87276,0.621227,0.06112,0.12576,0.489408,2.50584,399.068,15000,384,0.00018116
Suite_13,Deferred_Volume,0,2085,1.8661,0.63663,0.06192,0.126752,0.491136,2.50952,398.482,15000,384,0.000181785
Suite_13,Deferred_Volume,0,2086,1.87175,0.629765,0.05968,0.126976,0.509952,2.51806,397.131,15000,768,0.00123832
Suite_13,Deferred_Volume,0,2087,1.87338,0.629347,0.06192,0.128064,0.49584,2.51506,397.605,15000,1024,0.00156426
Suite_13,Deferred_Volume,0,2088,1.87404,0.629596,0.066048,0.131008,0.50928,2.51708,397.286,15000,1024,0.00156985
Suite_13,Deferred_Volume,0,2089,1.87484,0.618723,0.06384,0.126976,0.497664,2.51948,396.907,15000,1024,0.00157549
Suite_13,Deferred_Volume,0,2090,1.87471,0.642923,0.06208,0.126976,0.497536,2.50763,398.783,15000,1024,0.00158118
Suite_13,Deferred_Volume,0,2091,1.87986,0.62922,0.062432,0.12752,0.49584,2.53284,394.814,15000,1152,0.00205843
Suite_13,Deferred_Volume,0,2092,1.87781,0.628146,0.063328,0.126976,0.497664,2.52366,396.249,15000,1280,0.00224613
Suite_13,Deferred_Volume,0,2093,1.89053,0.666687,0.067584,0.127168,0.502304,2.52245,396.439,15000,1408,0.00254515
Suite_13,Deferred_Volume,0,2094,1.87873,0.628836,0.065504,0.127616,0.495936,2.57579,388.231,15000,1408,0.00255456
Suite_13,Deferred_Volume,0,2095,1.87744,0.62315,0.062976,0.12816,0.489472,2.52909,395.399,15000,1664,0.00290938
Suite_13,Deferred_Volume,0,2096,1.87556,0.640772,0.065472,0.12928,0.49776,2.51829,397.095,15000,1664,0.00292031
Suite_13,Deferred_Volume,0,2097,1.88289,0.624584,0.065536,0.128128,0.493664,2.53364,394.689,15000,2048,0.00342766
Suite_13,Deferred_Volume,0,2098,1.87535,0.630239,0.065248,0.127552,0.49936,2.52313,396.334,15000,2048,0.00344031
Suite_13,Deferred_Volume,0,2099,1.87997,0.637649,0.074208,0.1296,0.503808,2.52032,396.775,15000,2048,0.00345308
Suite_13,Deferred_Volume,0,2100,1.88423,0.631643,0.066752,0.128768,0.49904,2.53241,394.881,15000,2176,0.00359862
Suite_13,Deferred_Volume,0,2101,1.87785,0.638299,0.065824,0.12752,0.490816,2.5322,394.914,15000,2176,0.0036121
Suite_13,Deferred_Volume,0,2102,1.88176,0.659974,0.063488,0.127104,0.495616,2.53308,394.776,15000,2176,0.00362569
Suite_13,Deferred_Volume,0,2103,1.90621,0.69173,0.064,0.127488,0.497312,2.56049,390.55,15000,2176,0.0036394
Suite_13,Deferred_Volume,0,2104,1.88688,0.638867,0.064896,0.1288,0.498176,2.61651,382.188,15000,2304,0.00371202
Suite_13,Deferred_Volume,0,2105,1.87744,0.639882,0.064384,0.128832,0.49152,2.54338,393.177,15000,2432,0.00397787
Suite_13,Deferred_Volume,0,2106,1.88091,0.628545,0.065536,0.128512,0.49152,2.53328,394.745,15000,2560,0.00420501
Suite_13,Deferred_Volume,0,2107,1.88291,0.644352,0.066848,0.129024,0.508224,2.52481,396.069,15000,2816,0.00474263
Suite_13,Deferred_Volume,0,2108,1.88372,0.630534,0.062048,0.128992,0.511712,2.54247,393.318,15000,2816,0.00476036
Suite_13,Deferred_Volume,0,2109,1.87859,0.650594,0.062432,0.129024,0.49152,2.53028,395.213,15000,2816,0.00477825
Suite_13,Deferred_Volume,0,2110,1.88535,0.633919,0.065824,0.12832,0.497664,2.54657,392.684,15000,2944,0.00517331
Suite_13,Deferred_Volume,0,2111,1.87754,0.62004,0.063168,0.12768,0.488192,2.53417,394.607,15000,2944,0.00519299
Suite_13,Deferred_Volume,0,2112,1.88436,0.636219,0.063552,0.129024,0.492064,2.51415,397.749,15000,2944,0.00521284
Suite_13,Deferred_Volume,0,2113,1.88522,0.632661,0.063328,0.130432,0.499712,2.53824,393.974,15000,2944,0.00523286
Suite_13,Deferred_Volume,0,2114,1.88617,0.62796,0.067168,0.12768,0.495968,2.53368,394.683,15000,2944,0.00525305
Suite_13,Deferred_Volume,0,2115,1.88248,0.634545,0.068032,0.12928,0.50352,2.52831,395.521,15000,2944,0.00527341
Suite_13,Deferred_Volume,0,2116,1.87834,0.625779,0.063488,0.128224,0.48992,2.53236,394.889,15000,2944,0.00529394
Suite_13,Deferred_Volume,0,2117,1.88146,0.70021,0.07024,0.128416,0.504992,2.52092,396.681,15000,2944,0.00531466
Suite_13,Deferred_Volume,0,2118,1.88448,0.634203,0.067136,0.129024,0.52992,2.59899,384.765,15000,3072,0.00555883
Suite_13,Deferred_Volume,0,2119,1.88552,0.623201,0.065504,0.1296,0.497056,2.53329,394.743,15000,3328,0.00587284
Suite_13,Deferred_Volume,0,2120,1.88644,0.632777,0.063872,0.129024,0.495008,2.523,396.354,15000,3584,0.00609714
Suite_13,Deferred_Volume,0,2121,1.89142,0.634675,0.065088,0.12976,0.505056,2.53679,394.199,15000,3840,0.00629108
Suite_13,Deferred_Volume,0,2122,1.8887,0.635211,0.063616,0.1304,0.493568,2.54247,393.319,15000,3968,0.00667382
Suite_13,Deferred_Volume,0,2123,1.89209,0.645491,0.069632,0.129024,0.49952,2.54316,393.212,15000,3968,0.0067
Suite_13,Deferred_Volume,0,2124,1.88821,0.621998,0.067584,0.129024,0.50368,2.55313,391.676,15000,3968,0.0067264
Suite_13,Deferred_Volume,0,2125,1.88678,0.631748,0.067584,0.129024,0.497696,2.52675,395.765,15000,3968,0.00675303
Suite_13,Deferred_Volume,0,2126,1.88928,0.654613,0.065536,0.128032,0.49728,2.53472,394.521,15000,3968,0.00677987
Suite_13,Deferred_Volume,0,2127,1.89678,0.640066,0.067488,0.129344,0.52224,2.56007,390.614,15000,3968,0.00680695
Suite_13,Deferred_Volume,0,2128,1.89069,0.639145,0.069792,0.128608,0.505248,2.55178,391.884,15000,4224,0.0073487
Suite_13,Deferred_Volume,0,2129,1.89075,0.636238,0.066432,0.1536,0.526336,2.54782,392.493,15000,4352,0.00746581
Suite_13,Deferred_Volume,0,2130,1.89481,0.634077,0.06656,0.129312,0.494752,2.54339,393.176,15000,4352,0.00749594
Suite_13,Deferred_Volume,0,2131,1.88672,0.641596,0.06976,0.130048,0.505856,2.5438,393.113,15000,4480,0.00757316
Suite_13,Deferred_Volume,0,2132,1.89245,0.649824,0.067584,0.130976,0.503808,2.54466,392.979,15000,4480,0.00760396
Suite_13,Deferred_Volume,0,2133,1.89302,0.652286,0.0672,0.129824,0.499968,2.56263,390.225,15000,4608,0.0078064
Suite_13,Deferred_Volume,0,2134,1.89475,0.645626,0.066912,0.13008,0.504928,2.56254,390.238,15000,4736,0.00802873
Suite_13,Deferred_Volume,0,2135,1.89542,0.640354,0.067008,0.129024,0.497376,2.55642,391.172,15000,4736,0.0080615
Suite_13,Deferred_Volume,0,2136,1.8953,0.626876,0.067584,0.130336,0.50176,2.55064,392.059,15000,4608,0.00788563
Suite_13,Deferred_Volume,0,2137,1.89505,0.633927,0.069728,0.130304,0.495712,2.53875,393.895,15000,4608,0.00791811
Suite_13,Deferred_Volume,0,2138,1.8895,0.628002,0.065536,0.153504,0.521472,2.54585,392.796,15000,4736,0.00811287
Suite_13,Deferred_Volume,0,2139,1.89421,0.640695,0.069632,0.13056,0.506656,2.53287,394.809,15000,4736,0.00814653
Suite_13,Deferred_Volume,0,2140,1.89919,0.635023,0.067584,0.130752,0.505696,2.55093,392.014,15000,4736,0.00818046
Suite_13,Deferred_Volume,0,2141,1.89271,0.626711,0.067296,0.1304,0.499712,2.55154,391.921,15000,4736,0.00821468
Suite_13,Deferred_Volume,0,2142,1.89661,0.647176,0.068896,0.132128,0.50224,2.53502,394.474,15000,4736,0.00824919
Suite_13,Deferred_Volume,0,2143,1.89259,0.638821,0.069632,0.131072,0.505536,2.56073,390.514,15000,4736,0.00828397
Suite_13,Deferred_Volume,0,2144,1.89513,0.638607,0.06656,0.130592,0.499104,2.55296,391.702,15000,4864,0.00842439
Suite_13,Deferred_Volume,0,2145,1.89484,0.656834,0.067552,0.131424,0.503296,2.55083,392.029,15000,4992,0.0085683
Suite_13,Deferred_Volume,0,2146,1.89512,0.636029,0.069024,0.130016,0.498144,2.56993,389.116,15000,5120,0.00872302
Suite_13,Deferred_Volume,0,2147,1.89543,0.646547,0.06624,0.130528,0.50176,2.54638,392.715,15000,5376,0.00909548
Suite_13,Deferred_Volume,0,2148,1.89762,0.643491,0.069632,0.129024,0.52704,2.55862,390.836,15000,5504,0.00943506
Suite_13,Deferred_Volume,0,2149,1.89546,0.63807,0.067584,0.130336,0.497664,2.55925,390.739,15000,5504,0.00947542
Suite_13,Deferred_Volume,0,2150,1.89449,0.641396,0.069632,0.132704,0.510464,2.54996,392.163,15000,5504,0.00951611
Suite_13,Deferred_Volume,0,2151,1.89834,0.636428,0.072032,0.131552,0.509664,2.55207,391.838,15000,5504,0.00955714
Suite_13,Deferred_Volume,0,2152,1.89286,0.634172,0.0704,0.131072,0.507904,2.55546,391.32,15000,5504,0.00959852
Suite_13,Deferred_Volume,0,2153,1.89307,0.644847,0.070208,0.13088,0.507904,2.544,393.082,15000,5504,0.00964023
Suite_13,Deferred_Volume,0,2154,1.89641,0.626301,0.070272,0.129728,0.505856,2.55472,391.433,15000,5632,0.00996782
Suite_13,Deferred_Volume,0,2155,1.89576,0.624306,0.071616,0.130016,0.497088,2.53796,394.017,15000,5760,0.0103621
Suite_13,Deferred_Volume,0,2156,1.90078,0.648094,0.07008,0.129056,0.50176,2.53501,394.475,15000,5760,0.0104074
Suite_13,Deferred_Volume,0,2157,1.89376,0.628496,0.0696,0.131456,0.521152,2.56722,389.526,15000,5760,0.0104531
Suite_13,Deferred_Volume,0,2158,1.89938,0.660722,0.071616,0.129664,0.505856,2.53889,393.872,15000,5760,0.0104992
Suite_13,Deferred_Volume,0,2159,1.90179,0.638139,0.077664,0.135168,0.51952,2.57813,387.878,15000,5760,0.0105456
Suite_13,Deferred_Volume,0,2160,1.89758,0.625053,0.069632,0.131072,0.497664,2.55619,391.207,15000,5760,0.0105925
Suite_13,Deferred_Volume,0,2161,1.89287,0.646538,0.0696,0.131072,0.493568,2.53953,393.774,15000,5760,0.0106397
Suite_13,Deferred_Volume,0,2162,1.89503,0.636653,0.069792,0.13088,0.50176,2.55717,391.057,15000,5760,0.0106873
Suite_13,Deferred_Volume,0,2163,1.89533,0.633757,0.071424,0.130752,0.509728,2.54736,392.564,15000,5888,0.0108741
Suite_13,Deferred_Volume,0,2164,1.8976,0.633199,0.070624,0.13216,0.50384,2.54453,393.001,15000,6016,0.0111774
Suite_13,Deferred_Volume,0,2165,1.90176,0.645133,0.067712,0.130048,0.503808,2.54952,392.231,15000,6016,0.0112276
Suite_13,Deferred_Volume,0,2166,1.89992,0.633706,0.073312,0.131072,0.50128,2.56394,390.025,15000,6016,0.0112782
Suite_13,Deferred_Volume,0,2167,1.90006,0.637256,0.06928,0.13104,0.526944,2.55001,392.155,15000,6016,0.0113293
Suite_13,Deferred_Volume,0,2168,1.89974,0.621608,0.077248,0.132224,0.505856,2.55306,391.687,15000,6016,0.0113807
Suite_13,Deferred_Volume,0,2169,1.89784,0.642916,0.07168,0.131232,0.504512,2.53808,393.998,15000,6016,0.0114326
Suite_13,Deferred_Volume,0,2170,1.8998,0.633107,0.070656,0.13248,0.508416,2.5589,390.793,15000,6016,0.0114849
Suite_13,Deferred_Volume,0,2171,1.89779,0.631943,0.069632,0.130688,0.506016,2.54955,392.225,15000,6144,0.0117635
Suite_13,Deferred_Volume,0,2172,1.91079,0.681512,0.071488,0.13312,0.509952,2.54523,392.891,15000,6144,0.0118176
Suite_13,Deferred_Volume,0,2173,1.90006,0.632633,0.07072,0.13248,0.499936,2.61339,382.645,15000,6144,0.0118721
Suite_13,Deferred_Volume,0,2174,1.90129,0.64284,0.069632,0.131072,0.498944,2.55017,392.131,15000,6144,0.0119271
Suite_13,Deferred_Volume,0,2175,1.89555,0.636197,0.069824,0.131968,0.507008,2.55937,390.721,15000,6144,0.0119826
Suite_13,Deferred_Volume,0,2176,1.90095,0.627555,0.070176,0.132576,0.525376,2.54792,392.476,15000,6272,0.0122594
Suite_13,Deferred_Volume,0,2177,1.89508,0.636091,0.069184,0.133088,0.509952,2.54562,392.832,15000,6272,0.0123167
Suite_13,Deferred_Volume,0,2178,1.89912,0.645038,0.071168,0.1536,0.53312,2.54931,392.262,15000,6272,0.0123745
Suite_13,Deferred_Volume,0,2179,1.9016,0.624594,0.07168,0.131072,0.503552,2.56088,390.49,15000,6272,0.0124327
Suite_13,Deferred_Volume,0,2180,1.89661,0.640917,0.070176,0.132384,0.503808,2.54574,392.813,15000,6272,0.0124914
Suite_13,Deferred_Volume,0,2181,1.89886,0.642639,0.071328,0.131936,0.501952,2.55683,391.109,15000,6272,0.0125506
Suite_13,Deferred_Volume,0,2182,1.89618,0.633407,0.06992,0.13104,0.501408,2.55853,390.85,15000,6400,0.0126999
Suite_13,Deferred_Volume,0,2183,1.89911,0.643125,0.069376,0.131808,0.500704,2.54586,392.795,15000,6016,0.0118935
Suite_13,Deferred_Volume,0,2184,1.89494,0.623422,0.069632,0.132448,0.50352,2.55834,390.879,15000,6144,0.0120396
Suite_13,Deferred_Volume,0,2185,1.89902,0.6292,0.070912,0.13312,0.502336,2.53524,394.441,15000,6144,0.0120968
Suite_13,Deferred_Volume,0,2186,1.89691,0.633265,0.071136,0.132608,0.50864,2.54477,392.962,15000,6144,0.0121544
Suite_13,Deferred_Volume,0,2187,1.89871,0.638364,0.071232,0.156384,0.525056,2.54648,392.699,15000,6144,0.0122125
Suite_13,Deferred_Volume,0,2188,1.89368,0.627585,0.069632,0.131232,0.503968,2.55274,391.736,15000,6144,0.0122711
Suite_13,Deferred_Volume,0,2189,1.89798,0.635789,0.068192,0.13312,0.509216,2.53956,393.769,15000,6144,0.0123302
Suite_13,Deferred_Volume,0,2190,1.89799,0.625018,0.069632,0.132096,0.503936,2.55064,392.059,15000,6144,0.0123897
Suite_13,Deferred_Volume,0,2191,1.89345,0.650852,0.06848,0.133152,0.507616,2.53824,393.973,15000,6272,0.0126608
Suite_13,Deferred_Volume,0,2192,1.89915,0.636653,0.071072,0.131968,0.507904,2.56192,390.332,15000,6272,0.0127222
Suite_13,Deferred_Volume,0,2193,1.90135,0.623886,0.07168,0.133024,0.510464,2.55365,391.596,15000,6144,0.0123712
Suite_13,Deferred_Volume,0,2194,1.90107,0.644623,0.070944,0.134528,0.510464,2.54154,393.462,15000,6144,0.0124311
Suite_13,Deferred_Volume,0,2195,1.89348,0.624457,0.071776,0.132256,0.507904,2.57349,388.578,15000,6144,0.0124916
Suite_13,Deferred_Volume,0,2196,1.89509,0.641892,0.069632,0.134944,0.507584,2.53355,394.703,15000,6144,0.0125525
Suite_13,Deferred_Volume,0,2197,1.9004,0.630607,0.070176,0.13312,0.52224,2.55629,391.192,15000,6144,0.0126139
Suite_13,Deferred_Volume,0,2198,1.89754,0.625779,0.069824,0.133824,0.508992,2.54809,392.45,15000,6144,0.0126758
Suite_13,Deferred_Volume,0,2199,1.89711,0.634149,0.071328,0.13344,0.51424,2.53846,393.94,15000,6016,0.0120519
Suite_13,Deferred_Volume,0,2200,1.90329,0.642131,0.067648,0.13312,0.502688,2.54785,392.487,15000,6144,0.0123779
Suite_13,Deferred_Volume,0,2201,1.89605,0.633759,0.068064,0.133728,0.507904,2.56321,390.135,15000,6144,0.0124381
Suite_13,Deferred_Volume,0,2202,1.89363,0.642719,0.069664,0.13312,0.499712,2.54681,392.648,15000,6272,0.0127287
Suite_13,Deferred_Volume,0,2203,1.89669,0.629693,0.069024,0.132,0.504416,2.55226,391.81,15000,6400,0.0131235
Suite_13,Deferred_Volume,0,2204,1.89986,0.638405,0.069536,0.133088,0.507904,2.54237,393.333,15000,6400,0.0131875
Suite_13,Deferred_Volume,0,2205,1.89646,0.639913,0.069888,0.133984,0.502816,2.55621,391.204,15000,6272,0.0131495
Suite_13,Deferred_Volume,0,2206,1.89691,0.623227,0.066432,0.134272,0.526656,2.55426,391.503,15000,6272,0.0129949
Suite_13,Deferred_Volume,0,2207,1.89599,0.639607,0.069504,0.13312,0.502944,2.53524,394.44,15000,6272,0.0130577
Suite_13,Deferred_Volume,0,2208,1.90231,0.627491,0.076832,0.135744,0.520928,2.55252,391.77,15000,6016,0.0118323
Suite_13,Deferred_Volume,0,2209,1.90437,0.630597,0.07168,0.13312,0.512256,2.55314,391.674,15000,5760,0.0112738
Suite_13,Deferred_Volume,0,2210,1.89852,0.63867,0.068512,0.133312,0.506208,2.55163,391.907,15000,6016,0.0115743
Suite_13,Deferred_Volume,0,2211,1.90147,0.665713,0.069632,0.13312,0.508672,2.55334,391.644,15000,6016,0.0116292
Suite_13,Deferred_Volume,0,2212,1.90117,0.634614,0.071648,0.133728,0.51104,2.58482,386.874,15000,6144,0.0118787
Suite_13,Deferred_Volume,0,2213,1.9044,0.654766,0.070848,0.135168,0.512,2.55482,391.417,15000,6272,0.0120306
Suite_13,Deferred_Volume,0,2214,1.89755,0.628938,0.069888,0.134944,0.507264,2.57694,388.058,15000,6272,0.012088
Suite_13,Deferred_Volume,0,2215,1.89847,0.630619,0.069632,0.13312,0.506624,2.54189,393.409,15000,6272,0.0121458
Suite_13,Deferred_Volume,0,2216,1.90014,0.635594,0.072672,0.13312,0.524192,2.54564,392.828,15000,6272,0.0122041
Suite_13,Deferred_Volume,0,2217,1.89803,0.63943,0.092128,0.13312,0.528384,2.55323,391.66,15000,6272,0.0122629
Suite_13,Deferred_Volume,0,2218,1.89717,0.639329,0.070464,0.134144,0.50896,2.55404,391.536,15000,6272,0.0123221
Suite_13,Deferred_Volume,0,2219,1.90713,0.657114,0.07168,0.133088,0.507808,2.55351,391.618,15000,6272,0.0123818
Suite_13,Deferred_Volume,0,2220,1.90378,0.668643,0.071264,0.133728,0.512,2.71236,368.683,15000,6272,0.0124419
Suite_13,Deferred_Volume,0,2221,1.9359,0.716987,0.073344,0.133792,0.506272,2.59547,385.286,15000,6272,0.0125025
Suite_13,Deferred_Volume,0,2222,1.90246,0.64631,0.072864,0.134304,0.510784,2.6751,373.818,15000,6272,0.0125635
Suite_13,Deferred_Volume,0,2223,1.89329,0.646277,0.07168,0.13312,0.510656,2.56486,389.884,15000,6272,0.012625
Suite_13,Deferred_Volume,0,2224,1.8995,0.636009,0.07328,0.13312,0.510912,2.55618,391.209,15000,6272,0.012687
Suite_13,Deferred_Volume,0,2225,1.89376,0.634775,0.073088,0.13456,0.53712,2.55331,391.648,15000,6272,0.0127494
Suite_13,Deferred_Volume,0,2226,1.89513,0.655119,0.07168,0.134112,0.509152,2.54459,392.991,15000,6272,0.0128124
Suite_13,Deferred_Volume,0,2227,1.89751,0.644534,0.070112,0.135168,0.505024,2.56727,389.519,15000,6272,0.0128758
Suite_13,Deferred_Volume,0,2228,1.902,0.633117,0.070144,0.13328,0.509952,2.55836,390.875,15000,6144,0.012763
Suite_13,Deferred_Volume,0,2229,1.89645,0.650113,0.069632,0.13312,0.509952,2.55262,391.754,15000,6272,0.0128901
Suite_13,Deferred_Volume,0,2230,1.90457,0.649537,0.070976,0.13504,0.499296,2.56431,389.968,15000,6272,0.0129539
Suite_13,Deferred_Volume,0,2231,1.89875,0.640128,0.070272,0.13312,0.505856,2.56992,389.117,15000,6272,0.0130182
Suite_13,Deferred_Volume,0,2232,1.89674,0.649298,0.071296,0.134432,0.514048,2.55498,391.392,15000,6272,0.013083
Suite_13,Deferred_Volume,0,2233,1.89688,0.641747,0.070848,0.13312,0.526368,2.56426,389.976,15000,6016,0.012551
Suite_13,Deferred_Volume,0,2234,1.89414,0.641199,0.071904,0.135168,0.5112,2.55507,391.378,15000,6016,0.0126134
Suite_13,Deferred_Volume,0,2235,1.89858,0.653166,0.072,0.149504,0.528384,2.55248,391.776,15000,6144,0.0128519
Suite_13,Deferred_Volume,0,2236,1.89822,0.63369,0.071712,0.13312,0.5072,2.56856,389.323,15000,6144,0.0129159
Suite_13,Deferred_Volume,0,2237,1.89819,0.658704,0.069888,0.135168,0.513888,2.55264,391.751,15000,6144,0.0129805
Suite_13,Deferred_Volume,0,2238,1.89688,0.638422,0.070464,0.1336,0.512032,2.57523,388.315,15000,6144,0.0130456
Suite_13,Deferred_Volume,0,2239,1.89841,0.645069,0.07088,0.13312,0.500352,2.5523,391.803,15000,6016,0.0128497
Suite_13,Deferred_Volume,0,2240,1.89569,0.653717,0.07328,0.134848,0.509312,2.55934,390.726,15000,6016,0.0129142
Suite_13,Deferred_Volume,0,2241,1.89639,0.632945,0.07184,0.1336,0.499712,2.56768,389.456,15000,5888,0.0124923
Suite_13,Deferred_Volume,0,2242,1.89592,0.628874,0.071584,0.133344,0.508896,2.54587,392.793,15000,5888,0.0123774
Suite_13,Deferred_Volume,0,2243,1.89812,0.657973,0.071584,0.13312,0.52976,2.5403,393.654,15000,5888,0.0124397
Suite_13,Deferred_Volume,0,2244,1.89978,0.638802,0.070016,0.13312,0.532032,2.57258,388.715,15000,5888,0.0125023
Suite_13,Deferred_Volume,0,2245,1.89603,0.644822,0.071744,0.133952,0.509952,2.5575,391.007,15000,5760,0.0122928
Suite_13,Deferred_Volume,0,2246,1.90269,0.646105,0.07168,0.13328,0.501632,2.55889,390.794,15000,5760,0.0123551
Suite_13,Deferred_Volume,0,2247,1.89468,0.623855,0.07168,0.13184,0.507872,2.56467,389.914,15000,5632,0.01178
Suite_13,Deferred_Volume,0,2248,1.89139,0.65007,0.069632,0.13312,0.505952,2.53369,394.681,15000,5504,0.0113777
Suite_13,Deferred_Volume,0,2249,1.89608,0.636905,0.075232,0.134016,0.512736,2.55944,390.711,15000,5504,0.0114354
Suite_13,Deferred_Volume,0,2250,1.89109,0.645912,0.071552,0.133664,0.512256,2.54985,392.181,15000,5504,0.0114935
Suite_13,Deferred_Volume,0,2251,1.90071,0.66076,0.071072,0.133632,0.502496,2.55438,391.484,15000,5504,0.0115521
Suite_13,Deferred_Volume,0,2252,1.89672,0.634328,0.071488,0.134144,0.53248,2.57878,387.78,15000,5504,0.0116111
Suite_13,Deferred_Volume,0,2253,1.89268,0.640647,0.070656,0.132992,0.505984,2.54818,392.437,15000,5248,0.0105212
Suite_13,Deferred_Volume,0,2254,1.89004,0.630631,0.07168,0.1536,0.535936,2.55044,392.089,15000,5248,0.0105741
Suite_13,Deferred_Volume,0,2255,1.89481,0.631602,0.07136,0.13344,0.510304,2.53616,394.297,15000,4992,0.0102225
Suite_13,Deferred_Volume,0,2256,1.89222,0.644689,0.069696,0.133504,0.50576,2.54183,393.417,15000,5120,0.0105075
Suite_13,Deferred_Volume,0,2257,1.89453,0.639168,0.072416,0.135264,0.515552,2.55514,391.368,15000,5120,0.0105601
Suite_13,Deferred_Volume,0,2258,1.89361,0.626243,0.072032,0.135168,0.513344,2.55044,392.089,15000,5120,0.010613
Suite_13,Deferred_Volume,0,2259,1.89061,0.640721,0.06976,0.135008,0.513088,2.53535,394.423,15000,5248,0.0107467
Suite_13,Deferred_Volume,0,2260,1.89306,0.626409,0.071776,0.13312,0.510912,2.54707,392.607,15000,5248,0.0108008
Suite_13,Deferred_Volume,0,2261,1.89708,0.627445,0.075904,0.13504,0.516,2.53789,394.029,15000,5248,0.0108552
Suite_13,Deferred_Volume,0,2262,1.89378,0.635109,0.070304,0.13312,0.505376,2.54087,393.566,15000,5248,0.0109101
Suite_13,Deferred_Volume,0,2263,1.88713,0.623372,0.072512,0.1328,0.51744,2.54482,392.956,15000,5248,0.0109653
Suite_13,Deferred_Volume,0,2264,1.8927,0.63112,0.073088,0.13408,0.506592,2.52594,395.893,15000,5248,0.0110209
Suite_13,Deferred_Volume,0,2265,1.89343,0.638189,0.068512,0.135008,0.509312,2.54139,393.485,15000,5120,0.0106684
Suite_13,Deferred_Volume,0,2266,1.88728,0.627265,0.07168,0.133344,0.512064,2.55486,391.41,15000,5120,0.0107224
Suite_13,Deferred_Volume,0,2267,1.88969,0.636678,0.075776,0.133408,0.514592,2.52956,395.325,15000,4992,0.0100837
Suite_13,Deferred_Volume,0,2268,1.89563,0.632137,0.07184,0.135168,0.512,2.54235,393.337,15000,4992,0.0101341
Suite_13,Deferred_Volume,0,2269,1.89025,0.63233,0.070048,0.13376,0.50304,2.545,392.928,15000,4864,0.00983775
Suite_13,Deferred_Volume,0,2270,1.88695,0.640291,0.074944,0.135072,0.518592,2.54332,393.187,15000,4864,0.00988696
Suite_13,Deferred_Volume,0,2271,1.89356,0.631874,0.073632,0.133504,0.504512,2.54276,393.274,15000,4736,0.00931658
Suite_13,Deferred_Volume,0,2272,1.88828,0.633403,0.069632,0.133376,0.50864,2.54063,393.604,15000,4736,0.00936294
Suite_13,Deferred_Volume,0,2273,1.88844,0.641102,0.071424,0.131936,0.53072,2.53912,393.836,15000,4608,0.00928867
Suite_13,Deferred_Volume,0,2274,1.89202,0.62123,0.06944,0.157696,0.528384,2.54666,392.67,15000,4608,0.00933501
Suite_13,Deferred_Volume,0,2275,1.8829,0.632165,0.074368,0.134464,0.515168,2.52792,395.582,15000,4480,0.0090577
Suite_13,Deferred_Volume,0,2276,1.88979,0.62598,0.069632,0.134496,0.505312,2.5311,395.086,15000,4480,0.00910284
Suite_13,Deferred_Volume,0,2277,1.88875,0.627403,0.070016,0.13312,0.50176,2.53361,394.694,15000,4608,0.00937327
Suite_13,Deferred_Volume,0,2278,1.89082,0.643866,0.069984,0.133504,0.507648,2.53184,394.969,15000,4608,0.00942003
Suite_13,Deferred_Volume,0,2279,1.88995,0.632175,0.071168,0.134784,0.511392,2.55074,392.043,15000,4608,0.00946713
Suite_13,Deferred_Volume,0,2280,1.89115,0.624518,0.070688,0.134432,0.512672,2.53798,394.014,15000,4608,0.00951457
Suite_13,Deferred_Volume,0,2281,1.89458,0.6419,0.069216,0.133664,0.513344,2.53198,394.948,15000,4608,0.00956232
Suite_13,Deferred_Volume,0,2282,1.88671,0.633968,0.069632,0.13344,0.50816,2.55347,391.624,15000,4608,0.00961043
Suite_13,Deferred_Volume,0,2283,1.88451,0.639301,0.070784,0.134112,0.513792,2.53929,393.81,15000,4608,0.00965885
Suite_13,Deferred_Volume,0,2284,1.89158,0.631862,0.073728,0.133536,0.510048,2.54062,393.605,15000,4608,0.00970762
Suite_13,Deferred_Volume,0,2285,1.88681,0.628794,0.073152,0.135168,0.526464,2.54049,393.625,15000,4736,0.00998002
Suite_13,Deferred_Volume,0,2286,1.89034,0.630365,0.069632,0.133408,0.510368,2.53144,395.032,15000,4736,0.0100305
Suite_13,Deferred_Volume,0,2287,1.89488,0.641056,0.07328,0.134112,0.509952,2.5363,394.275,15000,4608,0.00986188
Suite_13,Deferred_Volume,0,2288,1.89126,0.625503,0.071552,0.133568,0.505984,2.55145,391.933,15000,4608,0.00991197
Suite_13,Deferred_Volume,0,2289,1.89169,0.639226,0.071936,0.135296,0.511744,2.53328,394.745,15000,4608,0.00996241
Suite_13,Deferred_Volume,0,2290,1.89457,0.658732,0.070688,0.134656,0.508128,2.54783,392.491,15000,4736,0.0101178
Suite_13,Deferred_Volume,0,2291,1.89438,0.643731,0.071552,0.133344,0.509952,2.57046,389.035,15000,4736,0.0101519
Suite_13,Deferred_Volume,0,2292,1.89657,0.639903,0.071872,0.13472,0.510976,2.55387,391.563,15000,4736,0.0102035
Suite_13,Deferred_Volume,0,2293,1.88772,0.624903,0.070496,0.13312,0.531616,2.55577,391.272,15000,4608,0.00968986
Suite_13,Deferred_Volume,0,2294,1.88725,0.635765,0.070816,0.13312,0.504832,2.53881,393.885,15000,4736,0.00979125
Suite_13,Deferred_Volume,0,2295,1.88976,0.646624,0.069632,0.15456,0.53584,2.53901,393.854,15000,4736,0.00984079
Suite_13,Deferred_Volume,0,2296,1.88799,0.62466,0.070944,0.135072,0.508416,2.55213,391.83,15000,4736,0.00989066
Suite_13,Deferred_Volume,0,2297,1.8874,0.637174,0.068448,0.134816,0.512064,2.52984,395.281,15000,4736,0.00994088
Suite_13,Deferred_Volume,0,2298,1.89416,0.628661,0.072992,0.135168,0.513984,2.54218,393.362,15000,4736,0.00999143
Suite_13,Deferred_Volume,0,2299,1.89201,0.628576,0.06976,0.135168,0.507904,2.53807,394,15000,4736,0.0100423
Suite_13,Deferred_Volume,0,2300,1.89007,0.642434,0.070848,0.13312,0.509792,2.53547,394.404,15000,4736,0.0100936
Suite_13,Deferred_Volume,0,2301,1.88817,0.628823,0.069632,0.134688,0.508032,2.54955,392.227,15000,4736,0.0101452
Suite_13,Deferred_Volume,0,2302,1.89042,0.623033,0.073248,0.136448,0.519424,2.5331,394.772,15000,4736,0.0101971
Suite_13,Deferred_Volume,0,2303,1.88932,0.636139,0.070272,0.1344,0.500928,2.52854,395.485,15000,4736,0.0102494
Suite_13,Deferred_Volume,0,2304,1.89255,0.628907,0.072768,0.135168,0.517696,2.54083,393.571,15000,4736,0.0103021
Suite_13,Deferred_Volume,0,2305,1.8889,0.652313,0.070208,0.133248,0.513888,2.53805,394.002,15000,4608,0.00968772
Suite_13,Deferred_Volume,0,2306,1.89513,0.642629,0.069632,0.134752,0.503936,2.56016,390.601,15000,4608,0.00973719
Suite_13,Deferred_Volume,0,2307,1.88519,0.632352,0.071552,0.133824,0.512352,2.55379,391.575,15000,4608,0.00978699
Suite_13,Deferred_Volume,0,2308,1.89442,0.647115,0.07168,0.13312,0.50784,2.53241,394.881,15000,4608,0.00983713
Suite_13,Deferred_Volume,0,2309,1.89291,0.629795,0.071168,0.133952,0.514112,2.56116,390.448,15000,4864,0.0100196
Suite_13,Deferred_Volume,0,2310,1.88962,0.628262,0.069632,0.13312,0.510112,2.53932,393.807,15000,4864,0.010071
Suite_13,Deferred_Volume,0,2311,1.89393,0.635067,0.069632,0.135168,0.514496,2.53302,394.785,15000,5120,0.0105596
Suite_13,Deferred_Volume,0,2312,1.89157,0.625611,0.07344,0.133472,0.50768,2.54471,392.972,15000,5120,0.0106137
Suite_13,Deferred_Volume,0,2313,1.89083,0.639022,0.07168,0.135072,0.51168,2.53469,394.526,15000,5120,0.0106682
Suite_13,Deferred_Volume,0,2314,1.89404,0.633333,0.073216,0.13424,0.5248,2.54775,392.503,15000,5504,0.0113921
Suite_13,Deferred_Volume,0,2315,1.89158,0.621965,0.07168,0.135168,0.534528,2.54301,393.235,15000,5632,0.0116232
Suite_13,Deferred_Volume,0,2316,1.89205,0.629985,0.0712,0.133536,0.505856,2.52855,395.484,15000,5632,0.0116823
Suite_13,Deferred_Volume,0,2317,1.89329,0.649931,0.073024,0.135168,0.51776,2.5397,393.748,15000,5760,0.0118071
Suite_13,Deferred_Volume,0,2318,1.89554,0.63244,0.072064,0.134848,0.507904,2.56061,390.532,15000,5888,0.0119208
Suite_13,Deferred_Volume,0,2319,1.89103,0.650042,0.072928,0.135136,0.51456,2.54317,393.21,15000,5888,0.0119816
Suite_13,Deferred_Volume,0,2320,1.90394,0.627297,0.071488,0.133792,0.506816,2.55788,390.949,15000,5888,0.0120429
Suite_13,Deferred_Volume,0,2321,1.8999,0.650283,0.071904,0.13312,0.509056,2.54845,392.395,15000,5888,0.0121045
Suite_13,Deferred_Volume,0,2322,1.91026,0.664935,0.07168,0.134784,0.512192,2.56707,389.549,15000,5888,0.0121666
Suite_13,Deferred_Volume,0,2323,1.89737,0.639656,0.07056,0.134336,0.523328,2.59766,384.963,15000,5888,0.012229
Suite_13,Deferred_Volume,0,2324,1.89524,0.644525,0.072672,0.13328,0.515104,2.55274,391.736,15000,6016,0.0125175
Suite_13,Deferred_Volume,0,2325,1.90009,0.660321,0.073728,0.13824,0.537056,2.55912,390.759,15000,5888,0.0118715
Suite_13,Deferred_Volume,0,2326,1.89761,0.637338,0.071328,0.134912,0.514048,2.57814,387.876,15000,6016,0.0120621
Suite_13,Deferred_Volume,0,2327,1.88705,0.650342,0.071232,0.135168,0.503808,2.55045,392.088,15000,6016,0.0121236
Suite_13,Deferred_Volume,0,2328,1.8994,0.650462,0.074912,0.135168,0.514368,2.55408,391.531,15000,6016,0.0121854
Suite_13,Deferred_Volume,0,2329,1.89699,0.660861,0.072416,0.134336,0.51168,2.56794,389.417,15000,6144,0.0123646
Suite_13,Deferred_Volume,0,2330,1.89981,0.666265,0.07344,0.13584,0.5152,2.57684,388.072,15000,6144,0.0124277
Suite_13,Deferred_Volume,0,2331,1.90401,0.62596,0.07296,0.135168,0.512064,2.58286,387.167,15000,6528,0.0131471
Suite_13,Deferred_Volume,0,2332,1.89746,0.641734,0.074912,0.136512,0.514656,2.54578,392.807,15000,6528,0.0126932
Suite_13,Deferred_Volume,0,2333,1.89918,0.650831,0.071744,0.133152,0.529216,2.55846,390.86,15000,6912,0.0130046
Suite_13,Deferred_Volume,0,2334,1.89782,0.630643,0.077824,0.134464,0.516576,2.56761,389.467,15000,7040,0.0133365
Suite_13,Deferred_Volume,0,2335,1.8999,0.64598,0.07168,0.135168,0.512576,2.54425,393.043,15000,6912,0.0130367
Suite_13,Deferred_Volume,0,2336,1.90214,0.629614,0.073728,0.1352,0.512128,2.56281,390.197,15000,7040,0.0133151
Suite_13,Deferred_Volume,0,2337,1.90464,0.63266,0.07168,0.13312,0.50864,2.54948,392.237,15000,7040,0.0133819
Suite_13,Deferred_Volume,0,2338,1.90201,0.673575,0.073216,0.134048,0.512384,2.55755,391,15000,7040,0.0134492
Suite_13,Deferred_Volume,0,2339,1.92976,0.715666,0.071808,0.134496,0.509952,2.5981,384.897,15000,7168,0.0136063
Suite_13,Deferred_Volume,0,2340,1.91233,0.648854,0.07392,0.135168,0.50928,2.66624,375.059,15000,7296,0.0141003
Suite_13,Deferred_Volume,0,2341,1.90355,0.663718,0.072704,0.135072,0.511648,2.58072,387.49,15000,7296,0.0141712
Suite_13,Deferred_Volume,0,2342,1.90852,0.654049,0.077568,0.15904,0.542624,2.5865,386.623,15000,7296,0.0142426
Suite_13,Deferred_Volume,0,2343,1.90785,0.649817,0.072448,0.134944,0.514048,2.57976,387.634,15000,7424,0.0146309
Suite_13,Deferred_Volume,0,2344,1.90383,0.649689,0.073056,0.136096,0.516704,2.5757,388.245,15000,7552,0.0147692
Suite_13,Deferred_Volume,0,2345,1.90475,0.634936,0.073728,0.135008,0.516832,2.57245,388.735,15000,7680,0.0150483
Suite_13,Deferred_Volume,0,2346,1.90721,0.660835,0.072032,0.135552,0.520128,2.5566,391.145,15000,7936,0.0153898
Suite_13,Deferred_Volume,0,2347,1.90467,0.643131,0.071744,0.135168,0.50912,2.58584,386.721,15000,7808,0.0148429
Suite_13,Deferred_Volume,0,2348,1.90652,0.627918,0.0744,0.134848,0.515936,2.5651,389.849,15000,8064,0.0153994
Suite_13,Deferred_Volume,0,2349,1.90529,0.640484,0.073728,0.1352,0.516736,2.55249,391.774,15000,8192,0.0155382
Suite_13,Deferred_Volume,0,2350,1.90321,0.628495,0.07232,0.135168,0.517376,2.56391,390.03,15000,8192,0.0156162
Suite_13,Deferred_Volume,0,2351,1.90678,0.646039,0.074752,0.134496,0.512,2.55584,391.26,15000,8192,0.0156947
Suite_13,Deferred_Volume,0,2352,1.90534,0.630977,0.071712,0.15328,0.531328,2.57007,389.094,15000,8448,0.0161759
Suite_13,Deferred_Volume,0,2353,1.90679,0.63268,0.072608,0.135168,0.514048,2.55488,391.408,15000,8576,0.016742
Suite_13,Deferred_Volume,0,2354,1.90735,0.639334,0.077024,0.13552,0.522144,2.55688,391.101,15000,8960,0.0172814
Suite_13,Deferred_Volume,0,2355,1.90678,0.663726,0.07424,0.135104,0.517184,2.56437,389.96,15000,9216,0.0180579
Suite_13,Deferred_Volume,0,2356,1.9103,0.634779,0.073408,0.134784,0.516416,2.58848,386.328,15000,9216,0.0181479
Suite_13,Deferred_Volume,0,2357,1.9122,0.640587,0.076288,0.13488,0.518144,2.56447,389.945,15000,9728,0.0190394
Suite_13,Deferred_Volume,0,2358,1.91695,0.631597,0.072416,0.1336,0.505952,2.57199,388.804,15000,10112,0.0195973
Suite_13,Deferred_Volume,0,2359,1.91315,0.628712,0.07728,0.13584,0.51392,2.56522,389.829,15000,10496,0.0206867
Suite_13,Deferred_Volume,0,2360,1.91947,0.659204,0.07392,0.1352,0.54272,2.55884,390.802,15000,10624,0.0209165
Suite_13,Deferred_Volume,0,2361,1.91955,0.644105,0.098272,0.13488,0.546272,2.59881,384.791,15000,10752,0.021523
Suite_13,Deferred_Volume,0,2362,1.91859,0.641963,0.077024,0.136864,0.518144,2.58216,387.273,15000,11392,0.0237998
Suite_13,Deferred_Volume,0,2363,1.92176,0.648804,0.074848,0.138464,0.512384,2.57949,387.673,15000,11648,0.0245163
Suite_13,Deferred_Volume,0,2364,1.91946,0.645519,0.077824,0.1352,0.52032,2.58938,386.193,15000,11648,0.0246351
Suite_13,Deferred_Volume,0,2365,1.92119,0.658632,0.074656,0.136864,0.507904,2.58457,386.911,15000,11776,0.0251095
Suite_13,Deferred_Volume,0,2366,1.92188,0.634003,0.076064,0.13536,0.516096,2.60014,384.595,15000,12160,0.02572
Suite_13,Deferred_Volume,0,2367,1.92031,0.638098,0.077824,0.135392,0.520128,2.5737,388.546,15000,12288,0.0259715
Suite_13,Deferred_Volume,0,2368,1.93113,0.674684,0.075712,0.135968,0.536576,2.57638,388.141,15000,12544,0.0265261
Suite_13,Deferred_Volume,0,2369,1.93139,0.647667,0.075776,0.151552,0.5312,2.62907,380.362,15000,12800,0.0272665
Suite_13,Deferred_Volume,0,2370,1.92613,0.641125,0.081216,0.137216,0.526336,2.59884,384.787,15000,12928,0.0274531
Suite_13,Deferred_Volume,0,2371,1.92961,0.652024,0.079712,0.138752,0.524288,2.58586,386.718,15000,12928,0.0275858
Suite_13,Deferred_Volume,0,2372,1.92698,0.651611,0.076448,0.136704,0.519552,2.6008,384.496,15000,13184,0.0282609
Suite_13,Deferred_Volume,0,2373,1.93616,0.668099,0.07744,0.136064,0.524288,2.59919,384.736,15000,13568,0.0287904
Suite_13,Deferred_Volume,0,2374,1.9307,0.629408,0.077824,0.137216,0.518976,2.62517,380.928,15000,13952,0.0294297
Suite_13,Deferred_Volume,0,2375,1.92953,0.638175,0.079488,0.1392,0.523552,2.57866,387.798,15000,14336,0.0300517
Suite_13,Deferred_Volume,0,2376,1.93306,0.639803,0.078112,0.135872,0.518144,2.58575,386.735,15000,14848,0.031204
Suite_13,Deferred_Volume,0,2377,1.93314,0.647476,0.077824,0.161792,0.5456,2.59489,385.373,15000,15360,0.0326533
Suite_13,Deferred_Volume,0,2378,1.93649,0.644455,0.078432,0.137728,0.527872,2.60084,384.491,15000,16000,0.033664
Suite_13,Deferred_Volume,0,2379,1.94737,0.64484,0.082048,0.137184,0.529344,2.60722,383.55,15000,16640,0.0352794
Suite_13,Deferred_Volume,0,2380,1.94005,0.637339,0.082656,0.1376,0.530272,2.61263,382.756,15000,17024,0.0363889
Suite_13,Deferred_Volume,0,2381,1.94253,0.65585,0.079552,0.137728,0.526208,2.59862,384.82,15000,17664,0.0377117
Suite_13,Deferred_Volume,0,2382,1.94295,0.639598,0.079872,0.137216,0.527904,2.62491,380.965,15000,17920,0.0381179
Suite_13,Deferred_Volume,0,2383,1.94814,0.638516,0.080864,0.14032,0.529984,2.60202,384.317,15000,18304,0.0386367
Suite_13,Deferred_Volume,0,2384,1.94818,0.658382,0.079872,0.137408,0.543552,2.6063,383.686,15000,18688,0.0395002
Suite_13,Deferred_Volume,0,2385,1.94814,0.664231,0.08288,0.157696,0.545824,2.62911,380.358,15000,19072,0.0404949
Suite_13,Deferred_Volume,0,2386,1.9483,0.666315,0.079872,0.138592,0.528512,2.63375,379.687,15000,19712,0.0412502
Suite_13,Deferred_Volume,0,2387,1.95976,0.649796,0.08272,0.138464,0.52448,2.63732,379.173,15000,20352,0.0424863
Suite_13,Deferred_Volume,0,2388,1.95587,0.640982,0.08576,0.137152,0.531552,2.63089,380.099,15000,20608,0.0430481
Suite_13,Deferred_Volume,0,2389,1.95808,0.647689,0.083968,0.138752,0.527552,2.62008,381.667,15000,21504,0.0448399
Suite_13,Deferred_Volume,0,2390,1.95838,0.649327,0.082368,0.139232,0.53248,2.62911,380.357,15000,21760,0.0454168
Suite_13,Deferred_Volume,0,2391,1.96143,0.638753,0.089888,0.139456,0.53904,2.6286,380.431,15000,22400,0.0464161
Suite_13,Deferred_Volume,0,2392,1.9628,0.642451,0.083648,0.137728,0.52528,2.62154,381.455,15000,22784,0.0469139
Suite_13,Deferred_Volume,0,2393,1.96199,0.641655,0.083968,0.137216,0.518784,2.62907,380.362,15000,23168,0.0472662
Suite_13,Deferred_Volume,0,2394,1.9617,0.656925,0.087936,0.139136,0.535488,2.62697,380.667,15000,23552,0.0479732
Suite_13,Deferred_Volume,0,2395,1.96914,0.659749,0.08896,0.139264,0.536352,2.64236,378.45,15000,23808,0.0488426
Suite_13,Deferred_Volume,0,2396,1.9677,0.752796,1.59754,0.139712,2.04771,2.65115,377.195,15000,24576,0.0503158
Suite_13,Deferred_Volume,0,2397,1.97198,0.662297,0.086016,0.139264,0.53664,2.74566,364.211,15000,25216,0.0516215
Suite_13,Deferred_Volume,0,2398,1.9765,0.645559,0.086496,0.139264,0.554176,2.65877,376.114,15000,26624,0.053717
Suite_13,Deferred_Volume,0,2399,1.98182,0.661174,0.091904,0.139776,0.54272,2.64517,378.047,15000,27520,0.056383
Suite_13,Deferred_Volume,0,2400,1.99193,0.649761,0.089632,0.139744,0.534656,2.66801,374.811,15000,28544,0.0585711
Suite_13,Deferred_Volume,0,2401,1.98908,0.637067,0.087648,0.139456,0.535584,2.66835,374.763,15000,29696,0.0608939
Suite_13,Deferred_Volume,0,2402,1.98908,0.682798,0.09152,0.140032,0.535968,2.6512,377.187,15000,29824,0.0617725
Suite_13,Deferred_Volume,0,2403,1.99582,0.670804,0.091968,0.139488,0.535104,2.69716,370.761,15000,31360,0.0639466
Suite_13,Deferred_Volume,0,2404,1.99108,0.663708,0.091392,0.138208,0.538048,2.6915,371.539,15000,32000,0.0654117
Suite_13,Deferred_Volume,0,2405,2.00082,0.664731,0.09248,0.139232,0.535808,2.6817,372.898,15000,32768,0.0665769
Suite_13,Deferred_Volume,0,2406,2.00422,0.664831,0.093184,0.13952,0.540672,2.69327,371.296,15000,33536,0.0693755
Suite_13,Deferred_Volume,0,2407,2.01518,0.678116,0.093664,0.141728,0.540096,2.69619,370.893,15000,33920,0.0707257
Suite_13,Deferred_Volume,0,2408,2.01026,0.656348,0.094304,0.141312,0.540032,2.73151,366.098,15000,35072,0.0724324
Suite_13,Deferred_Volume,0,2409,2.01131,0.648877,0.095104,0.142496,0.548864,2.69515,371.038,15000,36992,0.0764232
Suite_13,Deferred_Volume,0,2410,2.01675,0.660866,0.096256,0.140384,0.54368,2.68762,372.076,15000,38016,0.0780831
Suite_13,Deferred_Volume,0,2411,2.02432,0.689135,0.097472,0.161792,0.565632,2.70587,369.567,15000,39168,0.0802418
Suite_13,Deferred_Volume,0,2412,2.02341,0.662761,0.100448,0.140192,0.55296,2.7425,364.631,15000,41088,0.0828629
Suite_13,Deferred_Volume,0,2413,2.03617,0.659961,0.1024,0.141408,0.555168,2.71819,367.892,15000,41856,0.0843451
Suite_13,Deferred_Volume,0,2414,2.03412,0.647221,0.101824,0.141824,0.553312,2.72562,366.888,15000,42880,0.0854648
Suite_13,Deferred_Volume,0,2415,2.04062,0.674914,0.104448,0.141312,0.559168,2.7138,368.487,15000,44416,0.0888785
Suite_13,Deferred_Volume,0,2416,2.04513,0.652637,0.103744,0.142624,0.571712,2.74582,364.19,15000,45696,0.091759
Suite_13,Deferred_Volume,0,2417,2.04368,0.665674,0.103072,0.14336,0.548864,2.72894,366.442,15000,47104,0.0948702
Suite_13,Deferred_Volume,0,2418,2.05559,0.653141,0.108544,0.143104,0.554944,2.74225,364.665,15000,48384,0.0980656
Suite_13,Deferred_Volume,0,2419,2.06535,0.659966,0.106944,0.141248,0.557088,2.73861,365.149,15000,50176,0.100713
Suite_13,Deferred_Volume,0,2420,2.06621,0.668114,0.107872,0.145408,0.55328,2.75606,362.837,15000,52224,0.104301
Suite_13,Deferred_Volume,0,2421,2.07177,0.658561,0.110848,0.1432,0.550912,2.7709,360.894,15000,53504,0.106807
Suite_13,Deferred_Volume,0,2422,2.06961,0.662662,0.11424,0.14288,0.565248,2.76376,361.826,15000,55040,0.108386
Suite_13,Deferred_Volume,0,2423,2.08121,0.660732,0.113376,0.144512,0.571296,2.77005,361.004,15000,56576,0.111383
Suite_13,Deferred_Volume,0,2424,2.08139,0.669448,0.114688,0.145248,0.56592,2.77579,360.258,15000,57984,0.114327
Suite_13,Deferred_Volume,0,2425,2.08727,0.675799,0.11504,0.144928,0.569344,2.78691,358.821,15000,59264,0.116822
Suite_13,Deferred_Volume,0,2426,2.096,0.661917,0.11264,0.14336,0.580256,2.80122,356.987,15000,60672,0.119696
Suite_13,Deferred_Volume,0,2427,2.09503,0.708094,0.118496,0.14192,0.571872,2.79243,358.111,15000,61568,0.120668
Suite_13,Deferred_Volume,0,2428,2.10213,0.70673,0.115392,0.14304,0.568864,2.8455,351.432,15000,62592,0.122907
Suite_13,Deferred_Volume,0,2429,2.10246,0.70489,0.11584,0.14336,0.564544,2.84714,351.23,15000,63872,0.12503
Suite_13,Deferred_Volume,0,2430,2.11348,0.682652,0.120832,0.144672,0.56512,2.84446,351.561,15000,65536,0.128359
Suite_13,Deferred_Volume,0,2431,2.12312,0.669764,0.121056,0.163872,0.588992,2.83395,352.864,15000,66560,0.129906
Suite_13,Deferred_Volume,0,2432,2.11942,0.678783,0.120832,0.144672,0.579584,2.83124,353.202,15000,67712,0.13176
Suite_13,Deferred_Volume,0,2433,2.13151,0.691931,0.1224,0.14592,0.571904,2.83885,352.255,15000,70144,0.135254
Suite_13,Deferred_Volume,0,2434,2.13152,0.666712,0.12288,0.145408,0.57344,2.86488,349.055,15000,72064,0.137784
Suite_13,Deferred_Volume,0,2435,2.14527,0.687339,0.12272,0.145408,0.595968,2.83755,352.417,15000,73856,0.141036
Suite_13,Deferred_Volume,0,2436,2.14829,0.697157,0.127392,0.145408,0.58304,2.87919,347.32,15000,75904,0.145438
Suite_13,Deferred_Volume,0,2437,2.1473,0.741307,0.129024,0.145536,0.583936,2.8888,346.164,15000,77184,0.147945
Suite_13,Deferred_Volume,0,2438,2.15558,0.724134,0.131808,0.14528,0.58368,2.93329,340.914,15000,79232,0.151426
Suite_13,Deferred_Volume,0,2439,2.15987,0.701416,0.141216,0.145056,0.593824,2.92089,342.361,15000,81536,0.154705
Suite_13,Deferred_Volume,0,2440,2.17578,0.699269,0.131072,0.147456,0.586016,2.90264,344.513,15000,83584,0.159134
Suite_13,Deferred_Volume,0,2441,2.18128,0.680936,0.135168,0.145696,0.589728,2.92069,342.385,15000,85504,0.162149
Suite_13,Deferred_Volume,0,2442,2.18117,0.710874,0.135552,0.147456,0.591872,2.90712,343.983,15000,87040,0.164237
Suite_13,Deferred_Volume,0,2443,2.20459,0.706058,0.135424,0.161792,0.608256,2.93909,340.241,15000,89216,0.169931
Suite_13,Deferred_Volume,0,2444,2.19994,0.709167,0.1376,0.147584,0.595712,2.95674,338.21,15000,91264,0.17324
Suite_13,Deferred_Volume,0,2445,2.20437,0.699668,0.144768,0.147456,0.597824,2.95665,338.221,15000,92416,0.175708
Suite_13,Deferred_Volume,0,2446,2.20713,0.693211,0.1424,0.148192,0.597312,2.95029,338.95,15000,94208,0.17798
Suite_13,Deferred_Volume,0,2447,2.21958,3.42865,0.14336,0.148576,0.593664,2.95113,338.853,15000,95872,0.179976
Suite_13,Deferred_Volume,0,2448,2.23523,0.788722,0.145408,0.147456,0.591808,5.69909,175.467,15000,98560,0.184877
Suite_13,Deferred_Volume,0,2449,2.28275,0.844475,0.145728,0.167936,0.62464,3.07677,325.016,15000,101888,0.190675
Suite_13,Deferred_Volume,0,2450,2.27008,0.799409,0.149056,0.149504,0.607232,3.2255,310.029,15000,103680,0.195035
Suite_13,Deferred_Volume,0,2451,2.25893,0.761057,0.15344,0.148224,0.601376,3.12304,320.2,15000,105216,0.197154
Suite_13,Deferred_Volume,0,2452,2.2505,0.753596,0.1536,0.1496,0.612352,3.06954,325.782,15000,108800,0.204886
Suite_13,Deferred_Volume,0,2453,2.26292,0.773488,0.159744,0.149664,0.611712,3.05879,326.927,15000,110976,0.20793
Suite_13,Deferred_Volume,0,2454,2.26702,0.758853,0.158816,0.151552,0.610592,3.09173,323.444,15000,113920,0.212961
Suite_13,Deferred_Volume,0,2455,2.27343,0.77498,0.161792,0.154912,0.6352,3.07929,324.75,15000,115968,0.216084
Suite_13,Deferred_Volume,0,2456,2.28092,0.759594,0.16352,0.151712,0.626112,3.10378,322.187,15000,118528,0.219401
Suite_13,Deferred_Volume,0,2457,2.28818,0.780824,0.162528,0.1512,0.6144,3.09699,322.894,15000,121088,0.223349
Suite_13,Deferred_Volume,0,2458,2.30542,0.762709,0.180128,0.150176,0.638816,3.12701,319.795,15000,124288,0.228918
Suite_13,Deferred_Volume,0,2459,2.30768,0.781398,0.171776,0.151552,0.632544,3.12826,319.667,15000,128896,0.235468
Suite_13,Deferred_Volume,0,2460,2.33328,0.793938,0.653312,0.1512,1.10387,3.15039,317.421,15000,131584,0.241022
Suite_13,Deferred_Volume,0,2461,2.33007,0.79634,0.172704,0.152,0.631968,3.19425,313.063,15000,134912,0.246963
Suite_13,Deferred_Volume,0,2462,2.34864,0.784809,0.176128,0.152736,0.633056,3.19073,313.408,15000,139264,0.253925
Suite_13,Deferred_Volume,0,2463,2.39111,0.790051,0.180224,0.1536,0.631072,3.19573,312.918,15000,142592,0.260361
Suite_13,Deferred_Volume,0,2464,2.38262,0.805547,0.182272,0.15344,0.643968,3.24655,308.019,15000,146688,0.271148
Suite_13,Deferred_Volume,0,2465,2.38164,0.8055,0.182272,0.153344,0.643072,3.266,306.185,15000,149888,0.276105
Suite_13,Deferred_Volume,0,2466,2.39025,0.811381,0.183872,0.154112,0.643808,3.25595,307.13,15000,154240,0.28211
Suite_13,Deferred_Volume,0,2467,2.40703,0.810251,0.188416,0.1536,0.64128,3.26844,305.957,15000,157568,0.286683
Suite_13,Deferred_Volume,0,2468,2.42171,0.821283,0.211904,0.155648,0.6776,3.28885,304.058,15000,161408,0.291364
Suite_13,Deferred_Volume,0,2469,2.43077,0.814816,0.192512,0.1536,0.65536,3.31747,301.434,15000,164992,0.296597
Suite_13,Deferred_Volume,0,2470,2.43674,0.831374,0.192128,0.152256,0.662752,3.31659,301.514,15000,169472,0.302013
Suite_13,Deferred_Volume,0,2471,2.45195,0.811214,0.2048,0.155776,0.667008,3.34018,299.385,15000,173184,0.306372
Suite_13,Deferred_Volume,0,2472,2.45773,0.842713,0.200224,0.152288,0.653568,3.33851,299.535,15000,176000,0.310953
Suite_13,Deferred_Volume,0,2473,2.47308,0.841366,0.204704,0.153856,0.666144,3.37728,296.096,15000,179840,0.31639
Suite_13,Deferred_Volume,0,2474,2.50247,0.880027,0.780864,0.157056,1.24234,3.40519,293.669,15000,184960,0.323159
Suite_13,Deferred_Volume,0,2475,2.5107,0.826613,0.20736,0.157632,0.671456,3.46464,288.63,15000,189056,0.329185
Suite_13,Deferred_Volume,0,2476,2.50898,0.853096,0.213664,0.157696,0.681568,3.41773,292.592,15000,193152,0.334938
Suite_13,Deferred_Volume,0,2477,2.52431,0.840044,0.21776,0.157024,0.684032,3.45072,289.794,15000,196224,0.341388
Suite_13,Deferred_Volume,0,2478,2.53705,0.867887,0.22096,0.15632,0.686048,3.44801,290.022,15000,199680,0.345711
Suite_13,Deferred_Volume,0,2479,2.55265,0.851555,0.227072,0.157376,0.684992,3.48826,286.676,15000,204672,0.354941
Suite_13,Deferred_Volume,0,2480,2.55623,0.870777,0.227328,0.157088,0.690848,3.49547,286.085,15000,209152,0.360819
Suite_13,Deferred_Volume,0,2481,2.56254,0.854025,0.228512,0.157696,0.692704,3.51856,284.208,15000,212224,0.366433
Suite_13,Deferred_Volume,0,2482,2.56563,0.876444,0.232416,0.157248,0.710656,3.50501,285.306,15000,215808,0.373178
Suite_13,Deferred_Volume,0,2483,2.58699,0.86778,0.232736,0.157696,0.688992,3.53124,283.187,15000,220544,0.379624
Suite_13,Deferred_Volume,0,2484,2.60024,0.899806,0.231296,0.157664,0.695168,3.54333,282.22,15000,225792,0.387439
Suite_13,Deferred_Volume,0,2485,2.6303,0.89407,1.75104,0.157568,2.21798,3.59433,278.216,15000,231552,0.395977
Suite_13,Deferred_Volume,0,2486,2.64464,0.907855,0.266176,0.15872,0.738368,3.61963,276.271,15000,236800,0.403686
Suite_13,Deferred_Volume,0,2487,2.65659,0.897383,0.24416,0.156384,0.714752,3.64931,274.025,15000,241664,0.411307
Suite_13,Deferred_Volume,0,2488,2.66594,0.9022,0.246368,0.158848,0.708608,3.65318,273.734,15000,247296,0.420939
Suite_13,Deferred_Volume,0,2489,2.67501,0.897268,0.251232,0.158496,0.715488,3.67004,272.477,15000,251520,0.427959
Suite_13,Deferred_Volume,0,2490,2.69237,0.91282,0.251904,0.161824,0.715136,3.67229,272.31,15000,256512,0.436986
Suite_13,Deferred_Volume,0,2491,2.71093,0.943678,0.257952,0.159264,0.727904,3.71324,269.307,15000,262016,0.444564
Suite_13,Deferred_Volume,0,2492,2.72659,0.955194,0.264128,0.160448,0.731136,3.75967,265.981,15000,268032,0.456305
Suite_13,Deferred_Volume,0,2493,2.73856,0.954221,0.26624,0.161536,0.73216,3.80221,263.005,15000,274176,0.46448
Suite_13,Deferred_Volume,0,2494,2.76384,0.966609,0.798848,0.161984,1.2759,3.80626,262.725,15000,280192,0.471678
Suite_13,Deferred_Volume,0,2495,2.77739,0.999552,0.272384,0.162592,0.74064,3.84102,260.347,15000,285184,0.478308
Suite_13,Deferred_Volume,0,2496,2.79652,0.958991,0.273152,0.161792,0.740448,3.89566,256.696,15000,290560,0.486191
Suite_13,Deferred_Volume,0,2497,2.80311,0.989447,0.300896,0.166272,0.7648,3.8772,257.918,15000,296832,0.495255
Suite_13,Deferred_Volume,0,2498,2.82445,0.984848,0.279616,0.163584,0.74816,3.91208,255.618,15000,301952,0.503715
Suite_13,Deferred_Volume,0,2499,2.83458,1.00309,0.284864,0.164128,0.753664,3.93044,254.424,15000,307200,0.512155
Suite_13,Deferred_Volume,0,2500,2.85012,0.991035,0.284896,0.16384,0.76112,3.96119,252.449,15000,312320,0.518624
Suite_13,Deferred_Volume,0,2501,2.89502,1.03923,0.29136,0.163232,0.784384,3.9661,252.137,15000,319104,0.527592
Suite_13,Deferred_Volume,0,2502,2.89808,1.03518,0.770208,0.164768,1.24326,4.0621,246.178,15000,324352,0.53742
Suite_13,Deferred_Volume,0,2503,2.9004,1.00378,0.295296,0.16384,0.772096,4.06175,246.199,15000,331520,0.547613
Suite_13,Deferred_Volume,0,2504,2.92459,1.0408,0.306432,0.16544,0.782624,4.03469,247.851,15000,338176,0.55659
Suite_13,Deferred_Volume,0,2505,2.94276,1.04397,0.30592,0.164064,0.779328,4.09962,243.925,15000,344832,0.566125
Suite_13,Deferred_Volume,0,2506,2.96719,1.05397,0.317472,0.164416,0.78208,4.1227,242.559,15000,351232,0.577035
Suite_13,Deferred_Volume,0,2507,2.9759,1.05424,0.321024,0.165888,0.79872,4.16378,240.167,15000,356992,0.585994
Suite_13,Deferred_Volume,0,2508,2.9945,1.04104,0.324032,0.167904,0.794624,4.16926,239.85,15000,363904,0.596681
Suite_13,Deferred_Volume,0,2509,3.01539,1.08769,1.43136,0.165728,1.8985,4.18084,239.186,15000,371712,0.608024
Suite_13,Deferred_Volume,0,2510,3.02319,1.06324,0.326112,0.166496,0.802688,4.24832,235.387,15000,378112,0.620227
Suite_13,Deferred_Volume,0,2511,3.05619,1.0859,0.329728,0.165376,0.825632,4.23611,236.066,15000,385152,0.629125
Suite_13,Deferred_Volume,0,2512,3.0633,1.08455,0.33792,0.167328,0.812512,4.29676,232.733,15000,392320,0.641292
Suite_13,Deferred_Volume,0,2513,3.0767,1.08246,0.342432,0.165888,0.819008,4.30354,232.367,15000,399488,0.651207
Suite_13,Deferred_Volume,0,2514,3.09513,1.11564,0.343808,0.168864,0.812128,4.31323,231.845,15000,405888,0.660475
Suite_13,Deferred_Volume,0,2515,3.11104,1.14242,0.870176,0.169696,1.34963,4.36435,229.129,15000,411520,0.671713
Suite_13,Deferred_Volume,0,2516,3.13589,1.11394,0.358304,0.168608,0.837632,4.41739,226.378,15000,419328,0.685043
Suite_13,Deferred_Volume,0,2517,3.14263,1.13607,0.356864,0.167936,0.835584,4.41107,226.702,15000,426112,0.695515
Suite_13,Deferred_Volume,0,2518,3.17553,1.11242,0.362272,0.170592,0.843648,4.44309,225.069,15000,434048,0.705517
Suite_13,Deferred_Volume,0,2519,3.19266,1.14735,0.386432,0.18112,0.8752,4.45043,224.697,15000,441984,0.714837
Suite_13,Deferred_Volume,0,2520,3.20788,1.16417,0.976512,0.176128,1.48275,4.51234,221.615,15000,448512,0.723796
Suite_13,Deferred_Volume,0,2521,3.21521,1.14214,0.37504,0.170304,0.847872,4.54426,220.058,15000,453760,0.73221
Suite_13,Deferred_Volume,0,2522,3.234,1.16643,0.374752,0.194304,0.879456,4.53516,220.499,15000,460672,0.740779
Suite_13,Deferred_Volume,0,2523,3.26143,1.19689,0.397312,0.176448,0.885312,4.57943,218.368,15000,468480,0.754485
Suite_13,Deferred_Volume,0,2524,3.28241,1.2001,0.387072,0.172128,0.860672,4.63881,215.572,15000,476288,0.767865
Suite_13,Deferred_Volume,0,2525,3.30495,1.2014,1.00099,0.191168,1.49542,4.67411,213.944,15000,484864,0.778031
Suite_13,Deferred_Volume,0,2526,3.32817,1.20622,0.418272,0.173728,0.894976,4.69308,213.08,15000,492928,0.788795
Suite_13,Deferred_Volume,0,2527,3.33915,1.20106,0.399776,0.175712,0.888832,4.72643,211.576,15000,500608,0.79914
Suite_13,Deferred_Volume,0,2528,3.3542,1.20428,0.423936,0.173312,0.905216,4.72647,211.574,15000,509824,0.813113
Suite_13,Deferred_Volume,0,2529,3.41137,1.25568,0.4096,0.17408,0.89152,4.75184,210.445,15000,516608,0.824698
Suite_13,Deferred_Volume,0,2530,3.39334,1.23453,0.96896,0.175456,1.45325,4.87874,204.971,15000,523008,0.838555
Suite_13,Deferred_Volume,0,2531,3.41653,1.22625,0.417696,0.177632,0.905216,4.83125,206.986,15000,532352,0.854086
Suite_13,Deferred_Volume,0,2532,3.41857,1.25103,0.422496,0.175584,0.91136,4.84865,206.243,15000,538624,0.863062
Suite_13,Deferred_Volume,0,2533,3.43021,1.26355,0.43216,0.176928,0.923648,4.87413,205.165,15000,546432,0.874062
Suite_13,Deferred_Volume,0,2534,3.46614,1.28008,1.96227,0.17744,2.44531,4.90092,204.043,15000,555776,0.887555
Suite_13,Deferred_Volume,0,2535,3.48813,1.27921,0.436224,0.1944,0.932032,4.9487,202.073,15000,563712,0.901405
Suite_13,Deferred_Volume,0,2536,3.50179,1.28399,0.470976,0.176896,0.958464,4.97211,201.122,15000,571776,0.912618
Suite_13,Deferred_Volume,0,2537,3.51788,1.28336,0.45248,0.178976,0.935936,4.99757,200.097,15000,580224,0.92464
Suite_13,Deferred_Volume,0,2538,3.53882,1.29494,1.15242,0.180224,1.64032,5.02479,199.013,15000,587520,0.933916
Suite_13,Deferred_Volume,0,2539,3.56095,1.31134,0.458752,0.176128,0.945056,5.05506,197.821,15000,594944,0.945525
Suite_13,Deferred_Volume,0,2540,3.58893,3.96519,0.487072,0.186944,0.986784,5.10157,196.018,15000,602624,0.961235
Suite_13,Deferred_Volume,0,2541,3.61469,1.36907,0.469504,0.178496,0.966048,7.77726,128.58,15000,609152,0.972106
Suite_13,Deferred_Volume,0,2542,3.61605,1.32608,1.13098,0.179584,1.62202,5.24771,190.559,15000,617600,0.986251
Suite_13,Deferred_Volume,0,2543,3.6319,1.31631,0.482784,0.1792,0.978944,5.16816,193.492,15000,625536,0.994614
Suite_13,Deferred_Volume,0,2544,3.67006,1.36344,0.507904,0.192288,1.0111,5.17876,193.096,15000,632448,1.00568
Suite_13,Deferred_Volume,0,2545,3.68005,1.35251,0.493056,0.180768,0.977216,5.2769,189.505,15000,642176,1.02332
Suite_13,Deferred_Volume,0,2546,3.6945,1.38366,1.18003,0.181792,1.66909,5.27994,189.396,15000,651392,1.03595
Suite_13,Deferred_Volume,0,2547,3.71333,1.35593,0.503808,0.182272,0.9936,5.32285,187.869,15000,658688,1.04608
Suite_13,Deferred_Volume,0,2548,3.72927,1.38397,0.507968,0.182208,0.998624,5.3178,188.048,15000,667520,1.05845
Suite_13,Deferred_Volume,0,2549,3.75006,1.38841,0.513184,0.182496,1.00765,5.36563,186.371,15000,673792,1.06783
Suite_13,Deferred_Volume,0,2550,3.75845,1.40318,1.19242,0.182624,1.68141,5.39186,185.465,15000,680448,1.07953
Suite_13,Deferred_Volume,0,2551,3.77253,1.39061,0.524288,0.183456,1.0225,5.41592,184.641,15000,687360,1.08897
Suite_13,Deferred_Volume,0,2552,3.79097,1.40078,0.524512,0.182912,1.024,5.41802,184.569,15000,694272,1.10068
Suite_13,Deferred_Volume,0,2553,3.81083,1.40757,0.55184,0.182368,1.04858,5.45024,183.478,15000,702592,1.11263
Suite_13,Deferred_Volume,0,2554,3.83155,1.4197,1.49523,0.186272,1.99475,5.47156,182.763,15000,710912,1.12132
Suite_13,Deferred_Volume,0,2555,3.84968,1.43775,0.544768,0.184256,1.0544,5.51342,181.376,15000,718720,1.13301
Suite_13,Deferred_Volume,0,2556,3.86716,1.42593,0.540832,0.18464,1.03629,5.55499,180.018,15000,724480,1.14811
Suite_13,Deferred_Volume,0,2557,3.8776,1.4423,2.63546,0.187808,3.15354,5.57285,179.442,15000,730496,1.16088
Suite_13,Deferred_Volume,0,2558,3.90424,1.46898,0.57568,0.195232,1.08893,5.59443,178.749,15000,739968,1.17257
Suite_13,Deferred_Volume,0,2559,3.92506,1.47302,0.557888,0.188416,1.06397,5.64158,177.255,15000,748160,1.18855
Suite_13,Deferred_Volume,0,2560,3.93853,1.47568,1.27242,0.200704,1.79792,5.68496,175.903,15000,756352,1.20055
Suite_13,Deferred_Volume,0,2561,3.95759,1.48952,0.56864,0.187104,1.07155,5.69316,175.649,15000,764416,1.21278
Suite_13,Deferred_Volume,0,2562,3.98172,1.5186,0.575968,0.190304,1.08134,5.72198,174.765,15000,771328,1.22424
Suite_13,Deferred_Volume,0,2563,3.99449,1.50496,1.57901,0.190368,2.07414,5.79026,172.704,15000,778752,1.23793
Suite_13,Deferred_Volume,0,2564,4.01637,1.50035,0.583744,0.207616,1.10592,5.79658,172.516,15000,787328,1.25232
Suite_13,Deferred_Volume,0,2565,4.03679,1.50999,0.589344,0.19088,1.09587,5.80891,172.149,15000,795520,1.27057
Suite_13,Deferred_Volume,0,2566,4.05453,1.55272,1.34362,0.196896,1.8552,5.8467,171.037,15000,802560,1.28295
Suite_13,Deferred_Volume,0,2567,4.07431,1.52016,0.5968,0.190688,1.10182,5.89318,169.688,15000,811392,1.30082
Suite_13,Deferred_Volume,0,2568,4.08314,1.52768,0.606208,0.192192,1.10845,5.88375,169.96,15000,818688,1.31232
Suite_13,Deferred_Volume,0,2569,4.10923,1.5637,2.12013,0.191904,2.62349,5.90294,169.407,15000,827904,1.32773
Suite_13,Deferred_Volume,0,2570,4.13243,1.5678,0.618944,0.192512,1.11616,5.98758,167.012,15000,835584,1.33881
Suite_13,Deferred_Volume,0,2571,4.15677,1.5856,0.621792,0.210272,1.14688,5.99845,166.71,15000,843648,1.353
Suite_13,Deferred_Volume,0,2572,4.18057,1.61259,1.44794,0.19456,1.95162,6.05073,165.269,15000,851584,1.3649
Suite_13,Deferred_Volume,0,2573,4.19512,1.60566,0.647168,0.192512,1.15184,6.09866,163.971,15000,859648,1.38138
Suite_13,Deferred_Volume,0,2574,4.20807,1.62403,0.634816,0.19248,1.13306,6.12582,163.243,15000,866432,1.39266
Suite_13,Deferred_Volume,0,2575,4.22996,1.6333,1.30422,0.192992,1.81046,6.14424,162.754,15000,875392,1.40642
Suite_13,Deferred_Volume,0,2576,4.23772,1.59626,0.644928,0.19344,1.14483,6.19541,161.41,15000,882560,1.4224
Suite_13,Deferred_Volume,0,2577,4.25657,1.60325,0.651264,0.19456,1.1591,6.16456,162.218,15000,890624,1.43585
Suite_13,Deferred_Volume,0,2578,4.26848,3.93103,3.76557,0.195584,4.27827,6.1815,161.773,15000,895360,1.44489
Suite_13,Deferred_Volume,0,2579,4.31196,1.64038,0.661824,0.196768,1.17549,8.53943,117.104,15000,902912,1.45734
Suite_13,Deferred_Volume,0,2580,4.30754,1.6479,0.660224,0.195744,1.16246,6.35131,157.448,15000,910464,1.46896
Suite_13,Deferred_Volume,0,2581,4.32561,1.64743,2.25344,0.196256,2.76688,6.29228,158.925,15000,918400,1.48116
Suite_13,Deferred_Volume,0,2582,4.38447,1.69033,0.673792,0.198208,1.18429,6.31234,158.42,15000,925696,1.49344
Suite_13,Deferred_Volume,0,2583,4.36935,1.6606,0.688128,0.196736,1.20451,6.415,155.885,15000,933632,1.50579
Suite_13,Deferred_Volume,0,2584,4.38437,1.68115,1.46381,0.2136,1.99475,6.36541,157.099,15000,939904,1.51414
Suite_13,Deferred_Volume,0,2585,4.40509,1.69412,0.688128,0.196608,1.22157,6.41578,155.866,15000,947584,1.5326
Suite_13,Deferred_Volume,0,2586,4.4109,1.68159,0.691936,0.199296,1.1959,6.44189,155.234,15000,953472,1.55041
Suite_13,Deferred_Volume,0,2587,4.43084,1.69648,1.85197,0.202528,2.37158,6.4402,155.275,15000,961792,1.5636
Suite_13,Deferred_Volume,0,2588,4.44293,1.697,0.724672,0.203488,1.81347,6.46737,154.622,15000,968064,1.57987
Suite_13,Deferred_Volume,0,2589,4.45998,1.71791,0.729088,0.202688,1.81222,6.49104,154.059,15000,975104,1.59382
Suite_13,Deferred_Volume,0,2590,4.47493,1.73753,1.50701,0.200704,2.03981,6.5314,153.107,15000,981376,1.60699
Suite_13,Deferred_Volume,0,2591,4.49266,1.73071,0.7152,0.199104,1.23085,6.55968,152.446,15000,989056,1.62373
Suite_13,Deferred_Volume,0,2592,4.50941,1.71686,0.717664,0.203008,1.24288,6.59079,151.727,15000,994560,1.63812
Suite_13,Deferred_Volume,0,2593,4.52226,1.7604,1.11795,0.203296,1.63635,6.6057,151.385,15000,1001728,1.65484
Suite_13,Deferred_Volume,0,2594,4.54674,1.76045,0.725984,0.202752,1.25034,6.64858,150.408,15000,1009152,1.6703
Suite_13,Deferred_Volume,0,2595,4.56282,1.75564,0.732896,0.202912,1.25923,6.68285,149.637,15000,1015424,1.68599
Suite_13,Deferred_Volume,0,2596,4.57761,1.7552,0.744224,0.20304,1.43974,6.68716,149.54,15000,1023360,1.70024
Suite_13,Deferred_Volume,0,2597,4.5937,1.74821,0.737536,0.204192,1.42746,6.71599,148.898,15000,1029504,1.71143
Suite_13,Deferred_Volume,0,2598,4.61301,1.76342,0.741376,0.209952,1.44032,6.70634,149.113,15000,1036160,1.72393
Suite_13,Deferred_Volume,0,2599,4.62273,1.77374,2.2696,0.208256,2.79757,6.74561,148.244,15000,1040384,1.73664
Suite_13,Deferred_Volume,0,2600,4.63619,1.77356,0.761312,0.207424,1.45862,6.7691,147.73,15000,1047936,1.75262
Suite_13,Deferred_Volume,0,2601,4.65498,1.7913,0.761856,0.205824,1.46048,6.79354,147.199,15000,1054976,1.76671
Suite_13,Deferred_Volume,0,2602,4.67284,1.83831,2.93709,0.204896,3.45907,6.82236,146.577,15000,1060352,1.7794
Suite_13,Deferred_Volume,0,2603,4.69632,1.82939,0.76272,0.2048,1.45818,6.88896,145.16,15000,1068032,1.79514
Suite_13,Deferred_Volume,0,2604,4.70646,1.86036,3.00234,0.207104,3.52506,6.90136,144.899,15000,1073536,1.80898
Suite_13,Deferred_Volume,0,2605,4.72393,1.86047,0.774144,0.2088,1.47414,6.95669,143.747,15000,1080448,1.82387
Suite_13,Deferred_Volume,0,2606,4.73232,4.10891,3.98131,0.206304,4.50416,6.98519,143.16,15000,1086208,1.83819
Suite_13,Deferred_Volume,0,2607,4.74878,1.89284,0.782496,0.206784,1.32915,9.25175,108.088,15000,1091328,1.85308
Suite_13,Deferred_Volume,0,2608,4.75713,1.91436,1.70259,0.206976,2.24653,7.09104,141.023,15000,1096448,1.86594
Suite_13,Deferred_Volume,0,2609,4.76878,1.88439,0.791296,0.22112,1.88998,7.06295,141.584,15000,1101312,1.87759
Suite_13,Deferred_Volume,0,2610,4.78107,1.89081,1.70128,0.222112,2.81178,7.06492,141.545,15000,1107584,1.89511
Suite_13,Deferred_Volume,0,2611,4.79347,1.88671,0.817024,0.21184,1.90806,7.07515,141.34,15000,1112448,1.90974
Suite_13,Deferred_Volume,0,2612,4.80395,1.88164,1.72032,0.210944,2.81078,7.10039,140.837,15000,1118080,1.92459
Suite_13,Deferred_Volume,0,2613,4.8186,1.89495,0.833984,0.212416,1.92717,7.09311,140.982,15000,1124096,1.94084
Suite_13,Deferred_Volume,0,2614,4.83319,1.91307,1.75974,0.211488,2.84781,7.12605,140.33,15000,1128448,1.95607
Suite_13,Deferred_Volume,0,2615,4.84479,1.90806,0.8192,0.212992,1.46227,7.16711,139.526,15000,1132672,1.97002
Suite_13,Deferred_Volume,0,2616,4.85246,1.90795,2.10755,0.211904,2.63798,7.16839,139.501,15000,1136896,1.98467
Suite_13,Deferred_Volume,0,2617,4.8693,1.90054,0.8192,0.210944,1.34851,7.18094,139.258,15000,1143296,1.99702
Suite_13,Deferred_Volume,0,2618,4.87725,1.91828,1.80416,0.212224,2.33139,7.19261,139.032,15000,1148288,2.00658
Suite_13,Deferred_Volume,0,2619,4.89506,1.91708,0.826976,0.2088,1.37216,7.20893,138.717,15000,1152896,2.02017
Suite_13,Deferred_Volume,0,2620,4.90527,1.94236,1.47117,0.214656,2.02342,7.22015,138.501,15000,1157760,2.03466
Suite_13,Deferred_Volume,0,2621,4.91925,1.91998,0.862912,0.224576,1.95994,7.25724,137.793,15000,1162624,2.04884
Suite_13,Deferred_Volume,0,2622,4.92189,1.97583,1.79581,0.211488,2.8913,7.27133,137.526,15000,1164928,2.05648
Suite_13,Deferred_Volume,0,2623,4.93378,1.95411,0.848416,0.21536,1.94765,7.3178,136.653,15000,1170048,2.06939
Suite_13,Deferred_Volume,0,2624,4.94413,1.92682,2.11558,0.21504,2.65024,7.30066,136.974,15000,1174016,2.08563
Suite_13,Deferred_Volume,0,2625,4.97084,2.09754,0.857728,0.21696,1.56611,7.30035,136.98,15000,1178496,2.10165
Suite_13,Deferred_Volume,0,2626,4.9734,1.96378,1.43168,0.21648,3.47667,7.49822,133.365,15000,1183616,2.11786
Suite_13,Deferred_Volume,0,2627,4.97968,1.95539,0.856064,0.217088,1.50592,7.36417,135.793,15000,1187840,2.12908
Suite_13,Deferred_Volume,0,2628,4.99048,1.97639,1.85139,0.217088,2.38675,7.36523,135.773,15000,1193088,2.14482
Suite_13,Deferred_Volume,0,2629,5.00447,1.95848,0.865696,0.217792,1.40435,7.40858,134.979,15000,1197696,2.15899
Suite_13,Deferred_Volume,0,2630,5.01303,4.26712,5.27994,0.217088,6.43686,7.41086,134.937,15000,1203072,2.17201
Suite_13,Deferred_Volume,0,2631,5.05096,1.97954,0.871328,0.240096,2.00294,9.71743,102.908,15000,1207808,2.19
Suite_13,Deferred_Volume,0,2632,5.04542,1.99458,1.84301,0.215648,2.94493,7.53792,132.663,15000,1213056,2.21074
Suite_13,Deferred_Volume,0,2633,5.05695,1.98474,0.883328,0.217216,2.9225,7.48778,133.551,15000,1218048,2.23109
Suite_13,Deferred_Volume,0,2634,5.05703,1.9861,1.88861,0.220736,2.60915,7.48477,133.605,15000,1222912,2.2478
Suite_13,Deferred_Volume,0,2635,5.07556,2.00612,0.886336,0.219712,1.60144,7.4964,133.397,15000,1227136,2.26015
Suite_13,Deferred_Volume,0,2636,5.08869,2.022,1.9081,0.22,2.45238,7.53085,132.787,15000,1230720,2.277
Suite_13,Deferred_Volume,0,2637,5.0855,2.00996,0.899232,0.221376,1.44598,7.54463,132.545,15000,1232896,2.2926
Suite_13,Deferred_Volume,0,2638,5.09086,2.02765,1.8641,0.219136,2.39398,7.54361,132.563,15000,1234688,2.30496
Suite_13,Deferred_Volume,0,2639,5.0986,2.0119,0.923648,0.218464,2.01936,7.55072,132.438,15000,1236992,2.31973
Suite_13,Deferred_Volume,0,2640,5.09909,1.99888,1.86138,0.219712,2.96346,7.55628,132.34,15000,1238912,2.32996
Suite_13,Deferred_Volume,0,2641,5.11103,2.0154,0.905216,0.223232,1.44736,7.54298,132.574,15000,1241344,2.33815
Suite_13,Deferred_Volume,0,2642,5.11398,2.03156,1.90493,0.2136,2.43712,7.57859,131.951,15000,1244288,2.35464
Suite_13,Deferred_Volume,0,2643,5.11838,2.01564,0.9176,0.231424,2.03571,7.60288,131.529,15000,1246080,2.36726
Suite_13,Deferred_Volume,0,2644,5.12666,2.00369,1.86368,0.223232,2.97027,7.57613,131.993,15000,1248256,2.38148
Suite_13,Deferred_Volume,0,2645,5.12603,1.9959,0.910592,0.220352,1.55914,7.59545,131.658,15000,1251200,2.39976
Suite_13,Deferred_Volume,0,2646,5.13846,2.04509,1.45203,0.217088,2.16515,7.56161,132.247,15000,1252480,2.40672
Suite_13,Deferred_Volume,0,2647,5.13889,2.0156,0.914112,0.216448,1.45613,7.63485,130.978,15000,1254144,2.41976
Suite_13,Deferred_Volume,0,2648,5.14063,2.043,1.94355,0.219104,2.47795,7.61116,131.386,15000,1255808,2.416
Suite_13,Deferred_Volume,0,2649,5.14939,2.08546,0.929824,0.235584,1.48563,7.64485,130.807,15000,1256832,2.42511
Suite_13,Deferred_Volume,0,2650,5.15357,2.04767,1.90874,0.217088,3.00461,7.71152,129.676,15000,1259008,2.43435
Suite_13,Deferred_Volume,0,2651,5.146,2.03764,0.923648,0.21712,1.45818,7.6523,130.68,15000,1258112,2.43243
Suite_13,Deferred_Volume,0,2652,5.14761,4.16078,4.11677,0.217248,6.15219,7.64253,130.847,15000,1258624,2.44651
Suite_13,Deferred_Volume,0,2653,5.15363,2.03903,0.93184,1.78995,3.03514,9.77471,102.305,15000,1259776,2.45907
Suite_13,Deferred_Volume,0,2654,5.1573,2.05513,1.95254,0.21696,2.48627,7.66928,130.39,15000,1260928,2.45377
Suite_13,Deferred_Volume,0,2655,5.15428,2.03523,0.942112,0.214656,1.47328,7.67235,130.338,15000,1260544,2.46473
Suite_13,Deferred_Volume,0,2656,5.15721,2.04719,1.90259,0.240768,3.02278,7.66252,130.505,15000,1262464,2.48425
Suite_13,Deferred_Volume,0,2657,5.15412,2.04224,0.946304,0.77824,2.03942,7.66399,130.48,15000,1262080,2.49798
Suite_13,Deferred_Volume,0,2658,5.15962,2.0589,2.12381,0.21504,2.65856,7.64131,130.868,15000,1262336,2.51104
Suite_13,Deferred_Volume,0,2659,5.15475,2.03761,0.943488,0.209248,1.49114,7.65921,130.562,15000,1262848,2.52774
Suite_13,Deferred_Volume,0,2660,5.15353,2.03378,1.91811,0.227072,3.02176,7.66192,130.516,15000,1264000,2.54397
Suite_13,Deferred_Volume,0,2661,5.1622,2.04331,0.95264,0.21504,1.6193,7.65681,130.603,15000,1263744,2.55844
Suite_13,Deferred_Volume,0,2662,5.16308,2.04522,1.96394,0.213472,2.49696,7.64797,130.754,15000,1264128,2.56846
Suite_13,Deferred_Volume,0,2663,5.15945,2.04444,0.94416,1.7487,3.03203,7.68119,130.188,15000,1263488,2.56857
Suite_13,Deferred_Volume,0,2664,5.16313,2.16162,2.0521,0.212992,2.58333,7.66952,130.386,15000,1263616,2.58718
Suite_13,Deferred_Volume,0,2665,5.15815,2.08124,0.950272,0.212992,1.48922,7.77583,128.604,15000,1263872,2.60848
Suite_13,Deferred_Volume,0,2666,5.14723,2.05117,1.94294,0.214848,3.03718,7.70757,129.743,15000,1262848,2.61851
Suite_13,Deferred_Volume,0,2667,5.15156,2.04609,0.956,0.210816,1.47661,7.65265,130.674,15000,1264000,2.64368
Suite_13,Deferred_Volume,0,2668,5.15344,2.04104,1.97853,0.208896,2.5024,7.66416,130.477,15000,1263744,2.63318
Suite_13,Deferred_Volume,0,2669,5.15806,2.03677,0.976672,0.210944,2.07373,7.64667,130.776,15000,1263360,2.63534
Suite_13,Deferred_Volume,0,2670,5.15709,2.04046,1.94214,0.208448,3.03498,7.65677,130.603,15000,1263616,2.65857
Suite_13,Deferred_Volume,0,2671,5.15068,2.04997,0.951104,1.70598,2.97328,7.63997,130.891,15000,1263616,2.68011
Suite_13,Deferred_Volume,0,2672,5.13911,2.03669,1.97478,0.207328,4.07466,7.67083,130.364,15000,1262848,2.68612
Suite_13,Deferred_Volume,0,2673,5.14354,2.03289,0.96176,0.208928,1.59334,7.64287,130.841,15000,1261184,2.69718
Suite_13,Deferred_Volume,0,2674,5.13848,4.40497,4.42749,0.205312,7.00016,7.63925,130.903,15000,1260672,2.71455
Suite_13,Deferred_Volume,0,2675,5.13931,2.07274,0.963168,0.202752,1.48838,9.99664,100.034,15000,1259904,2.74298
Suite_13,Deferred_Volume,0,2676,5.13428,2.04131,1.95062,0.212992,3.04595,7.70261,129.826,15000,1259392,2.77515
Suite_13,Deferred_Volume,0,2677,5.13743,2.02551,0.966656,0.203712,1.61382,7.63328,131.005,15000,1258496,2.79745
Suite_13,Deferred_Volume,0,2678,5.13052,2.01685,1.98656,0.202752,2.50723,7.62179,131.203,15000,1259264,2.8269
Suite_13,Deferred_Volume,0,2679,5.126,2.03285,0.960896,0.200704,1.48013,7.60928,131.418,15000,1257984,2.8677
Suite_13,Deferred_Volume,0,2680,5.12851,2.04726,2.00026,0.202752,2.52314,7.60967,131.412,15000,1256960,2.89222
Suite_13,Deferred_Volume,0,2681,5.12062,2.03608,0.971232,0.198656,1.47866,7.63709,130.94,15000,1254784,2.78058
Suite_13,Deferred_Volume,0,2682,5.12159,2.05747,1.97194,0.22208,3.0679,7.618,131.268,15000,1254272,2.82351
Suite_13,Deferred_Volume,0,2683,5.11389,2.02469,0.999424,0.200384,2.06998,7.63101,131.044,15000,1252352,2.83579
Suite_13,Deferred_Volume,0,2684,5.10906,2.0318,2.27306,0.196704,2.78554,7.59324,131.696,15000,1250816,2.87337
Suite_13,Deferred_Volume,0,2685,5.10636,2.03551,0.98416,0.190464,1.48934,7.60208,131.543,15000,1251328,2.89094
Suite_13,Deferred_Volume,0,2686,5.10746,2.03434,1.88445,0.189664,2.96368,7.5921,131.716,15000,1248768,2.94004
Suite_13,Deferred_Volume,0,2687,5.10057,2.01323,1.00794,0.193088,2.07258,7.6049,131.494,15000,1245696,2.86496
Suite_13,Deferred_Volume,0,2688,5.09649,2.02991,2.1912,0.191008,2.696,7.64444,130.814,15000,1244672,2.91585
Suite_13,Deferred_Volume,0,2689,5.08897,2.01243,0.98672,0.19056,3.07344,7.58165,131.897,15000,1243008,2.97163
Suite_13,Deferred_Volume,0,2690,5.08926,2.01028,1.9479,0.192032,2.57024,7.55504,132.362,15000,1242880,2.99567
Suite_13,Deferred_Volume,0,2691,5.08027,2.00573,0.989696,0.188416,1.49504,7.54731,132.498,15000,1240192,3.06046
Suite_13,Deferred_Volume,0,2692,5.07509,2.01249,1.94902,0.189152,2.44784,7.53943,132.636,15000,1239040,3.07064
Suite_13,Deferred_Volume,0,2693,5.07607,2.0236,1.01501,0.188416,2.07533,7.53805,132.66,15000,1238528,3.1472
Suite_13,Deferred_Volume,0,2694,5.06959,2.02468,1.98227,0.186688,3.03542,7.55193,132.417,15000,1235840,3.23137
Suite_13,Deferred_Volume,0,2695,5.05993,2.00971,0.980448,0.184384,1.46688,7.55948,132.284,15000,1233536,3.31917
Suite_13,Deferred_Volume,0,2696,5.05939,4.76683,5.84224,0.188416,6.45325,7.50784,133.194,15000,1231744,3.43335
Suite_13,Deferred_Volume,0,2697,5.07272,1.99543,0.971584,0.208576,3.00237,10.2805,97.2715,15000,1229184,3.55472
Suite_13,Deferred_Volume,0,2698,5.04236,2.01151,1.9927,0.18432,2.48816,7.54392,132.557,15000,1226368,3.65956
Suite_13,Deferred_Volume,0,2699,5.03097,1.9951,0.973952,0.18176,1.4737,7.4971,133.385,15000,1222272,3.76154
Suite_13,Deferred_Volume,0,2700,5.02533,2.01294,1.9329,0.177984,2.44102,7.4584,134.077,15000,1220352,3.93602
Suite_13,Deferred_Volume,0,2701,5.02264,2.01512,0.982784,0.173216,2.02547,7.48957,133.519,15000,1216512,4.03808
Suite_13,Deferred_Volume,0,2702,5.01251,2.00016,1.92995,0.176512,2.98003,7.49106,133.492,15000,1213952,3.57782
Suite_13,Deferred_Volume,0,2703,4.99454,2.07961,0.923648,0.2048,1.44358,7.45632,134.115,15000,1208960,3.46802
Suite_13,Deferred_Volume,0,2704,5.00084,2.00338,1.93117,0.208672,2.45613,7.50814,133.189,15000,1206784,3.84231
Suite_13,Deferred_Volume,0,2705,4.98358,1.97171,0.901344,0.227488,1.44986,7.44382,134.34,15000,1204864,4.37477
Suite_13,Deferred_Volume,0,2706,4.97733,1.96699,1.86368,0.221184,2.95187,7.39018,135.315,15000,1201408,5.04878
Suite_13,Deferred_Volume,0,2707,4.97018,1.95986,0.920448,0.210688,2.01114,7.36977,135.689,15000,1198592,5.82054
Suite_13,Deferred_Volume,0,2708,4.96267,1.95743,2.42154,0.20832,4.46397,7.36487,135.78,15000,1194880,6.24807
Suite_13,Deferred_Volume,0,2709,4.94578,1.93223,0.904768,0.20768,1.60781,7.35471,135.967,15000,1191168,5.97403
Suite_13,Deferred_Volume,0,2710,4.94601,1.95811,1.8944,0.213024,2.41725,7.29802,137.023,15000,1188608,2.70464
Suite_13,Deferred_Volume,0,2711,4.9414,1.94583,0.891232,0.2048,1.52698,7.3442,136.162,15000,1186816,2.79143
Suite_13,Deferred_Volume,0,2712,4.93215,1.95554,1.84394,0.21232,2.37773,7.30406,136.91,15000,1183744,2.88758
Suite_13,Deferred_Volume,0,2713,4.92407,1.94884,0.876608,0.207232,1.40083,7.31763,136.656,15000,1182976,2.98415
Suite_13,Deferred_Volume,0,2714,4.92737,1.9988,1.90365,0.205696,2.41882,7.30967,136.805,15000,1181184,3.08265
Suite_13,Deferred_Volume,0,2715,4.91442,1.96843,0.878496,0.20496,1.39942,7.37246,135.64,15000,1177728,2.456
Suite_13,Deferred_Volume,0,2716,4.90252,1.95524,1.83296,0.2048,2.37978,7.31075,136.785,15000,1174400,2.47972
Suite_13,Deferred_Volume,0,2717,4.89404,1.9296,0.866464,0.2296,1.97117,7.28859,137.201,15000,1171200,2.47167
Suite_13,Deferred_Volume,0,2718,4.88923,1.94068,1.82349,0.206112,2.91549,7.24885,137.953,15000,1169792,2.49085
Suite_13,Deferred_Volume,0,2719,4.88434,4.71758,0.886784,0.206304,1.96838,7.25971,137.746,15000,1167360,2.53542
Suite_13,Deferred_Volume,0,2720,4.89418,1.95517,2.27002,0.208544,2.79504,10.0303,99.6981,15000,1162112,2.51536
Suite_13,Deferred_Volume,0,2721,4.85986,1.94092,0.862368,0.205408,1.39059,7.32504,136.518,15000,1158656,2.56392
Suite_13,Deferred_Volume,0,2722,4.86232,1.92388,1.84579,0.208032,2.48394,7.22326,138.442,15000,1156608,2.61689
Suite_13,Deferred_Volume,0,2723,4.84847,1.93575,0.848,0.208992,1.4889,7.21431,138.613,15000,1152640,2.29061
Suite_13,Deferred_Volume,0,2724,4.84322,1.92905,1.4193,0.206656,2.0575,7.19577,138.971,15000,1149056,2.28745
Suite_13,Deferred_Volume,0,2725,4.83509,1.92321,0.852768,0.208448,1.37626,7.19534,138.979,15000,1146752,2.30862
Suite_13,Deferred_Volume,0,2726,4.81616,1.9287,1.84672,0.209664,2.37914,7.17589,139.355,15000,1142144,2.30434
Suite_13,Deferred_Volume,0,2727,4.8087,1.88936,0.845824,0.206656,1.36758,7.17267,139.418,15000,1138560,2.31091
Suite_13,Deferred_Volume,0,2728,4.80694,1.92887,1.81312,0.20944,2.34298,7.12108,140.428,15000,1135104,2.33019
Suite_13,Deferred_Volume,0,2729,4.79771,1.90982,0.838208,0.211136,1.37139,7.14117,140.033,15000,1131904,2.34917
Suite_13,Deferred_Volume,0,2730,4.78655,1.8972,1.75552,0.210944,2.28147,7.10973,140.652,15000,1128960,2.36644
Suite_13,Deferred_Volume,0,2731,4.78029,1.90853,0.83472,0.20688,1.35043,7.09015,141.041,15000,1125504,2.39226
Suite_13,Deferred_Volume,0,2732,4.76963,1.90432,1.75555,0.208192,2.27942,7.1002,140.841,15000,1122944,2.42516
Suite_13,Deferred_Volume,0,2733,4.76081,1.88355,0.827584,0.208448,1.34752,7.08168,141.209,15000,1119744,2.45274
Suite_13,Deferred_Volume,0,2734,4.75174,1.89238,1.75309,0.206816,2.27325,7.04104,142.024,15000,1115520,2.43905
Suite_13,Deferred_Volume,0,2735,4.74193,1.87342,0.824608,0.203584,1.36656,7.03964,142.053,15000,1111680,2.46007
Suite_13,Deferred_Volume,0,2736,4.72617,1.88105,1.72803,0.202944,2.2423,7.01542,142.543,15000,1106432,2.3852
Suite_13,Deferred_Volume,0,2737,4.71501,1.87663,0.815104,0.201632,1.34742,7.02987,142.25,15000,1102464,2.3518
Suite_13,Deferred_Volume,0,2738,4.70323,1.88733,1.73715,0.200224,2.27635,6.99013,143.059,15000,1097216,2.36192
Suite_13,Deferred_Volume,0,2739,4.68915,1.85932,0.82416,0.197792,1.34326,7.00537,142.748,15000,1092224,2.37315
Suite_13,Deferred_Volume,0,2740,4.68219,1.88231,1.68576,0.196736,2.22752,6.94131,144.065,15000,1088128,2.37205
Suite_13,Deferred_Volume,0,2741,4.67613,1.84442,0.808192,0.20032,1.34349,6.96483,143.578,15000,1083904,2.39615
Suite_13,Deferred_Volume,0,2742,4.66669,1.88686,1.63021,0.19856,2.16915,6.91386,144.637,15000,1078784,2.4184
Suite_13,Deferred_Volume,0,2743,4.65376,1.84935,0.805696,0.197216,1.33526,6.94228,144.045,15000,1075712,2.4532
Suite_13,Deferred_Volume,0,2744,4.64561,5.10515,4.88067,0.213216,5.96925,6.9075,144.77,15000,1072896,2.38757
Suite_13,Deferred_Volume,0,2745,4.65983,1.85461,0.82,0.212512,1.90874,10.1461,98.5603,15000,1069824,2.40235
Suite_13,Deferred_Volume,0,2746,4.64368,1.8407,1.70016,0.219264,2.8113,6.89432,145.047,15000,1065088,2.41841
Suite_13,Deferred_Volume,0,2747,4.62197,1.86123,0.821504,0.197088,1.90464,6.87354,145.485,15000,1060864,2.42812
Suite_13,Deferred_Volume,0,2748,4.60869,1.83644,1.70515,0.19568,2.79011,6.85627,145.852,15000,1056384,2.45965
Suite_13,Deferred_Volume,0,2749,4.5901,1.8105,0.795776,0.196,1.30234,6.83372,146.333,15000,1051776,2.41661
Suite_13,Deferred_Volume,0,2750,4.5837,1.81867,1.42893,0.19456,1.93405,6.78579,147.367,15000,1048704,2.45863
Suite_13,Deferred_Volume,0,2751,4.57853,1.80584,0.799456,0.198656,1.30579,6.77141,147.68,15000,1044864,2.49507
Suite_13,Deferred_Volume,0,2752,4.56426,1.76074,0.800768,0.192512,1.30701,6.76973,147.716,15000,1041024,2.54531
Suite_13,Deferred_Volume,0,2753,4.54508,1.77872,1.68995,0.1928,2.2057,6.71122,149.004,15000,1036288,2.59782
Suite_13,Deferred_Volume,0,2754,4.53392,1.75215,0.79664,0.196224,1.30662,6.69981,149.258,15000,1030400,2.65314
Suite_13,Deferred_Volume,0,2755,4.52229,1.74548,0.79872,0.194208,1.31062,6.66988,149.928,15000,1025408,2.70061
Suite_13,Deferred_Volume,0,2756,4.50452,1.79335,1.65507,0.190464,2.72128,6.63632,150.686,15000,1020416,2.77533
Suite_13,Deferred_Volume,0,2757,4.4955,1.77667,0.813472,0.186752,1.87802,6.6731,149.855,15000,1015040,2.82296
Suite_13,Deferred_Volume,0,2758,4.48544,1.72357,0.818816,0.183296,1.87802,6.64307,150.533,15000,1010560,2.84873
Suite_13,Deferred_Volume,0,2759,4.46964,1.75019,1.61018,0.17984,2.12378,6.59805,151.56,15000,1006080,2.94944
Suite_13,Deferred_Volume,0,2760,4.46142,1.71521,0.776096,0.184608,1.27181,6.59954,151.526,15000,1000448,3.0825
Suite_13,Deferred_Volume,0,2761,4.44473,1.72526,0.773088,0.182528,1.2696,6.54288,152.838,15000,996224,3.25728
Suite_13,Deferred_Volume,0,2762,4.43299,1.71624,0.77248,0.177696,1.43155,6.53558,153.009,15000,989952,3.45321
Suite_13,Deferred_Volume,0,2763,4.42166,1.70666,0.763904,0.179456,1.4295,6.51153,153.574,15000,985984,3.71872
Suite_13,Deferred_Volume,0,2764,4.40968,1.69587,0.770048,0.186624,1.43974,6.47433,154.456,15000,980224,3.8587
Suite_13,Deferred_Volume,0,2765,4.39533,1.72407,1.7655,0.190464,3.78675,6.46407,154.701,15000,973824,4.01504
Suite_13,Deferred_Volume,0,2766,4.39229,1.69042,0.768896,0.19168,1.83254,6.47877,154.35,15000,970368,4.35734
Suite_13,Deferred_Volume,0,2767,4.36581,1.68287,0.774464,0.20048,1.84896,6.43579,155.381,15000,964992,4.72163
Suite_13,Deferred_Volume,0,2768,4.36466,1.68589,1.56266,0.188736,2.08352,6.39626,156.341,15000,960640,4.91139
Suite_13,Deferred_Volume,0,2769,4.352,1.67586,0.749152,0.191104,1.24858,6.4076,156.065,15000,955392,4.92144
Suite_13,Deferred_Volume,0,2770,4.33777,1.66598,0.7432,0.192608,1.25427,6.37374,156.894,15000,950400,2.80702
Suite_13,Deferred_Volume,0,2771,4.32494,1.66692,0.756608,0.192512,1.89379,6.34523,157.599,15000,944896,2.89017
Suite_13,Deferred_Volume,0,2772,4.31297,4.21534,0.744864,0.209312,1.88826,6.3457,157.587,15000,938624,2.92693
Suite_13,Deferred_Volume,0,2773,4.3174,1.67747,0.721472,0.194976,1.2329,8.88726,112.521,15000,933504,2.99186
Suite_13,Deferred_Volume,0,2774,4.28652,1.66797,1.65888,0.200704,2.18077,6.36611,157.082,15000,928128,2.10442
Suite_13,Deferred_Volume,0,2775,4.27439,1.64117,0.745472,0.198656,1.82717,6.29501,158.856,15000,924032,2.13101
Suite_13,Deferred_Volume,0,2776,4.25788,1.62322,0.714656,0.21456,1.81504,6.25222,159.943,15000,918016,2.15231
Suite_13,Deferred_Volume,0,2777,4.24481,1.62921,1.27181,0.198624,1.79075,6.22541,160.632,15000,913792,2.1784
Suite_13,Deferred_Volume,0,2778,4.23086,1.61937,0.722944,0.196032,1.22755,6.21742,160.838,15000,908672,2.17676
Suite_13,Deferred_Volume,0,2779,4.22397,1.61484,0.714816,0.192928,1.4049,6.17468,161.952,15000,903936,2.21344
Suite_13,Deferred_Volume,0,2780,4.20934,1.63564,1.82778,0.194144,2.32874,6.16612,162.177,15000,898816,2.25188
Suite_13,Deferred_Volume,0,2781,4.19864,1.61342,0.7312,0.1912,1.8072,6.17119,162.043,15000,893696,2.23881
Suite_13,Deferred_Volume,0,2782,4.18461,1.6069,0.721632,0.188416,1.21651,6.1413,162.832,15000,889600,2.2708
Suite_13,Deferred_Volume,0,2783,4.17582,1.60895,1.59101,0.191328,2.0992,6.12266,163.328,15000,883968,2.29751
Suite_13,Deferred_Volume,0,2784,4.15567,1.58381,0.733184,0.190464,1.80621,6.11472,163.54,15000,877952,2.34763
Suite_13,Deferred_Volume,0,2785,4.14257,1.59482,0.70656,0.188416,1.2263,6.06271,164.943,15000,872576,2.35292
Suite_13,Deferred_Volume,0,2786,4.13112,1.58099,0.898688,0.189056,1.40288,6.05886,165.048,15000,866688,2.38167
Suite_13,Deferred_Volume,0,2787,4.12219,1.56836,0.70096,0.188768,1.19603,6.031,165.81,15000,861184,2.44925
Suite_13,Deferred_Volume,0,2788,4.11775,1.59576,0.695712,0.187232,1.1975,6.01607,166.221,15000,854912,2.27643
Suite_13,Deferred_Volume,0,2789,4.09317,1.59205,1.45408,0.186368,1.98038,6.03886,165.594,15000,848128,2.35101
Suite_13,Deferred_Volume,0,2790,4.07832,1.55727,0.701152,0.186368,1.20733,5.98737,167.018,15000,842880,2.16087
Suite_13,Deferred_Volume,0,2791,4.1001,1.60045,0.688128,0.19456,1.19603,5.94477,168.215,15000,838400,2.19487
Suite_13,Deferred_Volume,0,2792,4.04908,1.54457,1.44157,0.188416,1.96189,6.0058,166.506,15000,831360,2.20681
Suite_13,Deferred_Volume,0,2793,4.03025,1.53412,0.681984,0.190048,1.18819,5.89737,169.567,15000,826496,2.27733
Suite_13,Deferred_Volume,0,2794,4.01793,1.52424,0.667648,0.190464,1.17197,5.86737,170.434,15000,821760,2.3049
Suite_13,Deferred_Volume,0,2795,4.01405,1.55623,2.07258,0.188416,2.57248,5.84415,171.111,15000,816640,2.35673
Suite_13,Deferred_Volume,0,2796,4.00283,1.54274,0.659456,0.186368,1.17523,5.86799,170.416,15000,811904,2.44613
Suite_13,Deferred_Volume,0,2797,3.98559,1.52392,0.666208,0.192832,1.17555,5.85203,170.881,15000,805632,2.27365
Suite_13,Deferred_Volume,0,2798,3.96581,1.53521,1.44131,0.194112,1.95379,5.81375,172.006,15000,800384,2.33048
Suite_13,Deferred_Volume,0,2799,3.95796,1.50616,0.677376,0.1872,1.17971,5.79904,172.442,15000,795136,2.45138
Suite_13,Deferred_Volume,0,2800,3.94282,1.49523,0.671808,0.182208,1.16256,5.76602,173.43,15000,789888,2.29556
Suite_13,Deferred_Volume,0,2801,3.93009,1.52036,1.93792,0.195808,2.44736,5.73229,174.45,15000,783360,2.49053
Suite_13,Deferred_Volume,0,2802,3.91759,1.49819,0.6328,0.195104,1.16218,5.74844,173.96,15000,777216,2.84303
Suite_13,Deferred_Volume,0,2803,3.90279,1.48305,0.62864,0.197536,1.14278,5.70152,175.392,15000,771712,3.47309
Suite_13,Deferred_Volume,0,2804,3.87801,3.62518,3.55994,0.200192,4.07757,5.66618,176.486,15000,766848,1.87982
Suite_13,Deferred_Volume,0,2805,3.89639,1.54046,0.643872,0.202336,1.15859,7.79511,128.286,15000,760704,1.89196
Suite_13,Deferred_Volume,0,2806,3.88057,1.53504,0.621248,0.197952,1.13264,5.72907,174.549,15000,755840,1.91144
Suite_13,Deferred_Volume,0,2807,3.85186,1.50733,0.633568,0.198656,1.14688,5.69867,175.479,15000,751232,1.93377
Suite_13,Deferred_Volume,0,2808,3.86155,1.49532,0.626528,0.199328,1.14074,5.64307,177.208,15000,745216,1.87169
Suite_13,Deferred_Volume,0,2809,3.8321,1.45782,0.625376,0.196704,1.15507,5.64122,177.267,15000,740352,1.88413
Suite_13,Deferred_Volume,0,2810,3.82028,1.46972,1.79363,0.203168,2.32157,5.57123,179.493,15000,737536,1.91509
Suite_13,Deferred_Volume,0,2811,3.80679,1.45273,0.628032,0.19968,1.16941,5.5598,179.862,15000,733184,1.94628
Suite_13,Deferred_Volume,0,2812,3.7907,1.43742,0.633088,0.2048,1.15078,5.53124,180.791,15000,728192,1.9803
Suite_13,Deferred_Volume,0,2813,3.78091,1.44859,1.8839,0.199168,2.40653,5.4901,182.146,15000,721792,2.00895
Suite_13,Deferred_Volume,0,2814,3.78398,1.45701,0.632,0.202752,1.13837,5.50122,181.778,15000,716800,2.03101
Suite_13,Deferred_Volume,0,2815,3.75931,1.41852,0.63856,0.200704,1.16909,5.51469,181.334,15000,710784,2.03336
Suite_13,Deferred_Volume,0,2816,3.73312,1.42365,1.17667,0.202464,1.69165,5.44649,183.604,15000,705152,2.07346
Suite_13,Deferred_Volume,0,2817,3.72637,1.4141,0.613568,0.20288,1.13056,5.42169,184.444,15000,699904,2.11734
Suite_13,Deferred_Volume,0,2818,3.71587,1.40212,0.627072,0.21488,1.15491,5.40487,185.018,15000,695424,2.16727
Suite_13,Deferred_Volume,0,2819,3.70374,1.40525,1.38461,0.200704,1.90048,5.36834,186.277,15000,690432,2.19465
Suite_13,Deferred_Volume,0,2820,3.69713,1.42842,0.60624,0.219552,1.13955,5.357,186.672,15000,686080,2.27365
Suite_13,Deferred_Volume,0,2821,3.67641,1.38112,0.60304,0.200704,1.12435,5.39952,185.202,15000,680960,2.33597
Suite_13,Deferred_Volume,0,2822,3.67093,1.39107,0.595392,0.200864,1.104,5.31183,188.259,15000,676608,2.02807
Suite_13,Deferred_Volume,0,2823,3.66361,1.42709,1.11165,0.199296,1.63338,5.32239,187.885,15000,670336,2.06525
Suite_13,Deferred_Volume,0,2824,3.6408,1.3974,0.613184,0.202656,1.12954,5.34264,187.173,15000,664960,2.06226
Suite_13,Deferred_Volume,0,2825,3.62634,1.37096,0.591872,0.198656,1.10608,5.28247,189.305,15000,660096,2.10895
Suite_13,Deferred_Volume,0,2826,3.61775,1.35845,0.597376,0.19744,1.11437,5.24926,190.503,15000,655488,2.18228
Suite_13,Deferred_Volume,0,2827,3.60407,1.37507,1.26118,0.197568,1.77546,5.21717,191.675,15000,650112,2.27707
Suite_13,Deferred_Volume,0,2828,3.58842,1.3515,0.600064,0.196608,1.11235,5.2387,190.887,15000,645632,2.38548
Suite_13,Deferred_Volume,0,2829,3.57704,1.33851,0.578624,0.196608,1.08915,5.18319,192.931,15000,640512,2.52439
Suite_13,Deferred_Volume,0,2830,3.56397,1.3557,0.576832,0.19344,1.07974,5.16435,193.635,15000,635136,2.69597
Suite_13,Deferred_Volume,0,2831,3.55677,1.35364,1.0752,0.195872,1.58134,5.14825,194.241,15000,630400,2.9383
Suite_13,Deferred_Volume,0,2832,3.54159,1.33548,0.550912,0.201952,1.08832,5.14531,194.352,15000,624128,3.12407
Suite_13,Deferred_Volume,0,2833,3.52637,1.30502,0.552064,0.192512,1.0648,5.11288,195.584,15000,619264,2.67474
Suite_13,Deferred_Volume,0,2834,3.5198,1.31123,0.548864,0.192576,1.05862,5.05477,197.833,15000,614528,1.77244
Suite_13,Deferred_Volume,0,2835,3.51052,1.33748,1.30061,0.192192,1.80941,5.06431,197.46,15000,610944,1.79182
Suite_13,Deferred_Volume,0,2836,3.49255,1.30199,0.514048,0.190784,1.01981,5.07087,197.205,15000,605440,1.82015
Suite_13,Deferred_Volume,0,2837,3.48445,1.30552,0.524128,0.188896,1.01843,5.04283,198.302,15000,600960,1.78115
Suite_13,Deferred_Volume,0,2838,3.48116,1.30541,0.509568,0.190272,1.03434,5.02068,199.176,15000,597248,1.76278
Suite_13,Deferred_Volume,0,2839,3.46632,1.30618,1.21555,0.190464,1.72454,5.01904,199.241,15000,592000,1.70195
Suite_13,Deferred_Volume,0,2840,3.45001,1.27352,0.507904,0.19024,1.01402,5.00125,199.95,15000,588416,1.70791
Suite_13,Deferred_Volume,0,2841,3.43849,1.27996,0.512,0.188416,1.01808,4.95421,201.848,15000,583296,1.72555
Suite_13,Deferred_Volume,0,2842,3.42952,1.28947,0.495616,0.187872,0.990912,4.9378,202.519,15000,578432,1.75595
Suite_13,Deferred_Volume,0,2843,3.42239,1.31117,1.17347,0.187328,1.67731,4.93305,202.714,15000,574208,1.79357
Suite_13,Deferred_Volume,0,2844,3.40747,1.28029,0.477824,0.186368,0.982752,4.95132,201.966,15000,569088,1.85106
Suite_13,Deferred_Volume,0,2845,3.39866,3.55667,0.47104,0.18432,0.9688,4.89881,204.131,15000,563712,1.56255
Suite_13,Deferred_Volume,0,2846,3.4306,1.35454,0.46752,0.200928,0.974848,7.18631,139.154,15000,558464,1.55806
Suite_13,Deferred_Volume,0,2847,3.37877,1.28443,1.70794,0.185984,2.20365,5.03571,198.582,15000,553984,1.52268
Suite_13,Deferred_Volume,0,2848,3.35864,1.24571,0.466816,0.184416,0.963456,4.87521,205.119,15000,549504,1.50264
Suite_13,Deferred_Volume,0,2849,3.34594,1.24686,0.483328,0.18432,0.992992,4.81041,207.882,15000,546432,1.50956
Suite_13,Deferred_Volume,0,2850,3.32874,1.25294,0.476736,0.184928,0.968672,4.79334,208.623,15000,541312,1.48338
Suite_13,Deferred_Volume,0,2851,3.31741,1.23817,0.924352,0.182208,1.41926,4.7859,208.947,15000,536064,1.48767
Suite_13,Deferred_Volume,0,2852,3.31069,1.22076,0.473088,0.18048,0.9584,4.75336,210.377,15000,532096,1.4944
Suite_13,Deferred_Volume,0,2853,3.31241,1.25867,0.475392,0.180224,0.975168,4.73851,211.037,15000,528640,1.47551
Suite_13,Deferred_Volume,0,2854,3.29489,1.21642,0.46608,0.182272,0.962912,4.7723,209.543,15000,524032,1.48438
Suite_13,Deferred_Volume,0,2855,3.27778,1.22372,1.1872,0.179008,1.67613,4.70767,212.419,15000,520448,1.50121
Suite_13,Deferred_Volume,0,2856,3.27245,1.22244,0.467104,0.179232,0.961792,4.70469,212.554,15000,516352,1.50012
Suite_13,Deferred_Volume,0,2857,3.26226,1.22466,0.460416,0.178752,0.952352,4.69184,213.136,15000,512896,1.50263
Suite_13,Deferred_Volume,0,2858,3.25586,1.19884,0.452608,0.178176,0.945504,4.67992,213.679,15000,509824,1.52032
Suite_13,Deferred_Volume,0,2859,3.24931,1.2006,0.46368,0.178176,0.956416,4.64137,215.454,15000,506624,1.52418
Suite_13,Deferred_Volume,0,2860,3.23006,1.21314,1.1159,0.176832,1.59693,4.63711,215.651,15000,502528,1.53274
Suite_13,Deferred_Volume,0,2861,3.22337,1.2013,0.456704,0.176512,0.9472,4.63111,215.931,15000,497280,1.52349
Suite_13,Deferred_Volume,0,2862,3.21329,1.19698,0.466944,0.176224,0.953088,4.61208,216.822,15000,492544,1.54228
Suite_13,Deferred_Volume,0,2863,3.21438,1.22424,0.464,0.175776,0.946176,4.5965,217.557,15000,488832,1.56483
Suite_13,Deferred_Volume,0,2864,3.19086,1.17382,0.459968,0.175008,0.938688,4.63435,215.78,15000,484096,1.57367
Suite_13,Deferred_Volume,0,2865,3.18682,1.20733,0.82192,0.17392,1.30822,4.55532,219.523,15000,480000,1.59141
Suite_13,Deferred_Volume,0,2866,3.16276,1.17844,0.46224,0.17424,0.950336,4.58311,218.192,15000,475520,1.5948
Suite_13,Deferred_Volume,0,2867,3.15607,1.15733,0.463072,0.17408,0.95232,4.5214,221.17,15000,470400,1.61337
Suite_13,Deferred_Volume,0,2868,3.14491,1.1654,0.461664,0.17408,0.94944,4.48507,222.962,15000,465792,1.58423
Suite_13,Deferred_Volume,0,2869,3.1231,1.14933,0.458464,0.170784,0.936928,4.4851,222.96,15000,461440,1.56558
Suite_13,Deferred_Volume,0,2870,3.11546,1.156,1.11248,0.192672,1.60768,4.45504,224.465,15000,456960,1.57383
Suite_13,Deferred_Volume,0,2871,3.10281,1.15118,0.461824,0.17408,0.950272,4.4424,225.103,15000,452480,1.6098
Suite_13,Deferred_Volume,0,2872,3.09933,1.13618,0.462848,0.17168,0.944768,4.43241,225.611,15000,448000,1.61472
Suite_13,Deferred_Volume,0,2873,3.08525,1.14029,0.454656,0.169984,0.952384,4.4193,226.28,15000,443776,1.64625
Suite_13,Deferred_Volume,0,2874,3.06909,1.13799,0.458464,0.194464,0.959584,4.39167,227.704,15000,439168,1.65204
Suite_13,Deferred_Volume,0,2875,3.05913,1.12785,1.97632,0.172032,2.45616,4.37589,228.525,15000,435584,1.68073
Suite_13,Deferred_Volume,0,2876,3.04403,1.12782,0.458784,0.169984,0.934656,4.35259,229.748,15000,430976,1.71367
Suite_13,Deferred_Volume,0,2877,3.0328,1.12241,0.45344,0.168384,0.937984,4.34007,230.411,15000,425600,1.75745
Suite_13,Deferred_Volume,0,2878,3.02552,1.10155,0.455136,0.167936,0.939072,4.32773,231.068,15000,421376,1.80875
Suite_13,Deferred_Volume,0,2879,3.01683,1.13074,0.448416,0.171232,0.930656,4.29061,233.067,15000,416640,1.88995
Suite_13,Deferred_Volume,0,2880,3.00409,1.09097,0.452064,0.173792,0.932864,4.30975,232.032,15000,412160,1.95741
Suite_13,Deferred_Volume,0,2881,2.9908,1.10743,0.438976,0.166592,0.913408,4.26165,234.651,15000,408192,2.06318
Suite_13,Deferred_Volume,0,2882,2.97366,1.09157,0.4424,0.169984,0.938976,4.26156,234.656,15000,403584,1.79029
Suite_13,Deferred_Volume,0,2883,2.96409,1.08007,0.433504,0.169984,0.907264,4.22126,236.896,15000,399872,1.89106
Suite_13,Deferred_Volume,0,2884,2.95587,1.08883,0.436224,0.174592,0.913184,4.19557,238.346,15000,396416,2.00364
Suite_13,Deferred_Volume,0,2885,2.94592,1.07756,0.421504,0.172256,0.907488,4.20385,237.877,15000,392064,2.13899
Suite_13,Deferred_Volume,0,2886,2.93558,1.116,1.04589,0.173984,1.55046,4.18383,239.016,15000,387712,2.2955
Suite_13,Deferred_Volume,0,2887,2.93416,1.09239,0.403584,0.176128,0.918432,4.20031,238.078,15000,385024,2.45084
Suite_13,Deferred_Volume,0,2888,2.92189,1.06299,0.401408,0.178464,0.892672,4.17283,239.645,15000,381312,2.57691
Suite_13,Deferred_Volume,0,2889,2.90372,1.08311,0.399104,0.177984,0.884736,4.13744,241.695,15000,376576,1.6852
Suite_13,Deferred_Volume,0,2890,2.89063,1.04775,0.393632,0.179776,0.888832,4.13109,242.067,15000,373248,1.48564
Suite_13,Deferred_Volume,0,2891,2.88698,1.06531,0.389024,0.177152,0.88064,4.08444,244.831,15000,368768,1.44651
Suite_13,Deferred_Volume,0,2892,2.86569,1.07415,0.813024,0.18096,1.31277,4.09451,244.229,15000,364672,1.46415
Suite_13,Deferred_Volume,0,2893,2.85716,1.03254,0.398368,0.183904,0.885024,4.09302,244.319,15000,360704,1.43774
Suite_13,Deferred_Volume,0,2894,2.84386,1.05442,0.39584,0.18416,0.89824,4.03556,247.797,15000,356224,1.47355
Suite_13,Deferred_Volume,0,2895,2.83966,1.0398,0.400416,0.184064,0.893664,4.04408,247.275,15000,352384,1.51778
Suite_13,Deferred_Volume,0,2896,2.82215,1.05433,0.411392,0.183968,0.908832,4.02121,248.681,15000,349312,1.56646
Suite_13,Deferred_Volume,0,2897,2.81805,1.05085,0.401632,0.182272,0.899008,4.0159,249.01,15000,344320,1.62425
Suite_13,Deferred_Volume,0,2898,2.8255,1.04843,1.01341,0.202752,1.52723,4.00933,249.418,15000,341120,1.72685
Suite_13,Deferred_Volume,0,2899,2.80593,1.04326,0.422112,0.176544,0.924864,4.00455,249.716,15000,337280,1.73443
Suite_13,Deferred_Volume,0,2900,2.78776,1.00396,0.424736,0.172,0.900768,3.97952,251.286,15000,333184,1.89277
Suite_13,Deferred_Volume,0,2901,2.77048,1.02313,0.4136,0.161024,0.88176,3.92798,254.584,15000,328704,2.09292
Suite_13,Deferred_Volume,0,2902,2.76945,1.00071,0.360448,0.152768,0.819616,3.92917,254.507,15000,325120,2.44914
Suite_13,Deferred_Volume,0,2903,2.76873,1.02908,0.32768,0.175136,0.813248,3.89407,256.801,15000,321024,3.04315
Suite_13,Deferred_Volume,0,2904,2.76162,0.997347,0.320832,0.17344,0.806208,3.93017,254.442,15000,317568,4.21598
Suite_13,Deferred_Volume,0,2905,2.75149,1.01445,0.917504,0.167936,1.39267,3.88911,257.129,15000,314240,6.64168
Suite_13,Deferred_Volume,0,2906,2.73441,1.00663,0.315168,0.167936,0.792576,3.89318,256.859,15000,311552,10.9528
Suite_13,Deferred_Volume,0,2907,2.73132,0.980807,0.320832,0.186368,0.808672,3.86367,258.821,15000,307968,10.9454
Suite_13,Deferred_Volume,0,2908,2.70617,0.995371,0.309248,0.186368,0.804672,3.83852,260.517,15000,304128,10.8257
Suite_13,Deferred_Volume,0,2909,2.69504,0.977788,0.30992,0.167744,0.78848,3.82258,261.603,15000,300416,1.16542
Suite_13,Deferred_Volume,0,2910,2.6841,0.989332,0.308448,0.167936,0.782336,3.79173,263.732,15000,297856,1.19786
Suite_13,Deferred_Volume,0,2911,2.67779,3.6575,0.32448,0.172064,0.802464,3.79013,263.843,15000,294272,1.19302
Suite_13,Deferred_Volume,0,2912,2.70863,0.996695,0.454656,0.169664,0.936192,6.45975,154.805,15000,292352,1.22338
Suite_13,Deferred_Volume,0,2913,2.70241,0.994937,0.310304,0.169984,0.784448,3.83079,261.042,15000,289792,1.16505
Suite_13,Deferred_Volume,0,2914,2.67239,0.957353,0.310016,0.16896,0.784192,3.8625,258.9,15000,287360,1.19156
Suite_13,Deferred_Volume,0,2915,2.6655,1.00232,0.31184,0.169152,0.79216,3.74141,267.279,15000,284544,1.20907
Suite_13,Deferred_Volume,0,2916,2.69821,1.02076,0.305152,0.168224,0.770176,3.78219,264.397,15000,281600,1.23277
Suite_13,Deferred_Volume,0,2917,2.65649,0.978539,0.311488,0.169056,0.78336,3.84296,260.216,15000,279040,1.25289
Suite_13,Deferred_Volume,0,2918,2.6371,0.957984,0.315392,0.171616,0.789248,3.74566,266.976,15000,275712,1.13397
Suite_13,Deferred_Volume,0,2919,2.63276,0.959202,0.309536,0.164832,0.809216,3.71651,269.07,15000,272896,1.14562
Suite_13,Deferred_Volume,0,2920,2.61941,0.975067,0.46896,0.166464,0.94144,3.7071,269.752,15000,269952,1.17264
Suite_13,Deferred_Volume,0,2921,2.60757,0.940349,0.335872,0.167264,0.81936,3.7046,269.934,15000,267008,1.16689
Suite_13,Deferred_Volume,0,2922,2.5905,0.953827,0.314528,0.161792,0.805248,3.65336,273.72,15000,264832,1.20219
Suite_13,Deferred_Volume,0,2923,2.59307,0.930967,0.324768,0.16432,0.792576,3.64971,273.994,15000,262656,1.24324
Suite_13,Deferred_Volume,0,2924,2.57477,0.948741,0.307744,0.17776,0.790528,3.63488,275.112,15000,260224,1.14312
Suite_13,Deferred_Volume,0,2925,2.58066,0.785956,0.325056,0.158432,0.791264,3.63153,275.366,15000,257792,1.15671
Suite_13,Deferred_Volume,0,2926,2.56,0.797152,0.30128,0.17408,0.786176,3.46922,288.249,15000,254336,1.16661
Suite_13,Deferred_Volume,0,2927,2.55497,0.774905,0.31392,0.16,0.782336,3.45877,289.12,15000,251648,1.18562
Suite_13,Deferred_Volume,0,2928,2.53705,0.78811,0.308544,0.179168,0.792672,3.43715,290.939,15000,248704,1.18881
Suite_13,Deferred_Volume,0,2929,2.5372,0.787262,1.43946,0.15648,1.90464,3.43068,291.487,15000,246656,1.21903
Suite_13,Deferred_Volume,0,2930,2.52937,0.807674,0.319488,0.15568,0.780544,3.42795,291.719,15000,244352,1.24704
Suite_13,Deferred_Volume,0,2931,2.52376,0.77905,0.32768,0.15584,0.784192,3.43692,290.958,15000,241792,1.27065
Suite_13,Deferred_Volume,0,2932,2.50161,0.788231,0.323584,0.152736,0.805632,3.40339,293.824,15000,239488,1.24042
Suite_13,Deferred_Volume,0,2933,2.50172,0.773608,0.333152,0.166528,0.823648,3.39173,294.835,15000,235776,1.18608
Suite_13,Deferred_Volume,0,2934,2.49405,0.795165,0.319584,0.151872,0.77712,3.37502,296.295,15000,233856,1.2324
Suite_13,Deferred_Volume,0,2935,2.49515,0.76594,0.325632,0.149568,0.784384,3.38534,295.392,15000,231168,1.27187
Suite_13,Deferred_Volume,0,2936,2.47136,0.771593,0.300384,0.152544,0.756288,3.35293,298.247,15000,228480,1.32098
Suite_13,Deferred_Volume,0,2937,2.47486,0.763124,0.26624,0.149504,0.743424,3.34357,299.082,15000,226176,1.37823
Suite_13,Deferred_Volume,0,2938,2.46256,0.774903,0.28672,0.149632,0.740032,3.33495,299.855,15000,223360,1.47063
Suite_13,Deferred_Volume,0,2939,2.46393,0.79982,0.265664,0.146272,0.706112,3.33309,300.022,15000,220672,1.57479
Suite_13,Deferred_Volume,0,2940,2.45639,0.782917,0.270336,0.14688,0.715232,3.35519,298.046,15000,217728,1.68112
Suite_13,Deferred_Volume,0,2941,2.45183,0.76471,0.295904,0.147456,0.74752,3.33259,300.067,15000,214656,1.8512
Suite_13,Deferred_Volume,0,2942,2.42738,0.758966,0.28368,0.145088,0.729344,3.30849,302.253,15000,212864,1.69114
Suite_13,Deferred_Volume,0,2943,2.42135,0.779362,0.284992,0.14816,0.730464,3.27422,305.416,15000,210560,1.78675
Suite_13,Deferred_Volume,0,2944,2.41444,0.756899,0.272384,0.150304,0.718592,3.28806,304.131,15000,205824,1.02268
Suite_13,Deferred_Volume,0,2945,2.39877,0.773255,0.270336,0.147456,0.719104,3.25768,306.967,15000,201984,1.02886
Suite_13,Deferred_Volume,0,2946,2.38573,0.74145,0.270784,0.147712,0.718848,3.25871,306.87,15000,199424,0.955922
Suite_13,Deferred_Volume,0,2947,2.37455,0.764374,0.270464,0.147936,0.724992,3.21007,311.52,15000,196608,0.946835
Suite_13,Deferred_Volume,0,2948,2.37013,0.74541,1.76672,0.149504,2.22352,3.22906,309.687,15000,194048,0.94627
Suite_13,Deferred_Volume,0,2949,2.35575,0.75609,0.26544,0.154784,0.715744,3.20836,311.686,15000,191872,0.916357
Suite_13,Deferred_Volume,0,2950,2.36054,0.751071,0.25488,0.146656,0.70656,3.19678,312.815,15000,188672,0.915793
Suite_13,Deferred_Volume,0,2951,2.34215,0.766251,0.247808,0.14336,0.690464,3.19005,313.475,15000,186368,0.936232
Suite_13,Deferred_Volume,0,2952,2.34226,0.741493,0.241216,0.167904,0.706912,3.18887,313.591,15000,183808,0.919819
Suite_13,Deferred_Volume,0,2953,2.3236,0.749693,0.239712,0.14336,0.686144,3.16867,315.59,15000,181376,0.883393
Suite_13,Deferred_Volume,0,2954,2.32536,0.737636,0.233472,0.143232,0.671968,3.15074,317.386,15000,177792,0.876834
Suite_13,Deferred_Volume,0,2955,2.30889,0.74274,0.229376,0.14336,0.678016,3.14459,318.006,15000,175872,0.891648
Suite_13,Deferred_Volume,0,2956,2.3196,0.754687,0.223616,0.14336,0.663328,3.12505,319.995,15000,173952,0.912312
Suite_13,Deferred_Volume,0,2957,2.29579,0.744106,0.22048,0.142048,0.660672,3.15538,316.919,15000,171136,0.90699
Suite_13,Deferred_Volume,0,2958,2.29148,0.752029,0.219104,0.13952,0.65968,3.11319,321.214,15000,169216,0.928296
Suite_13,Deferred_Volume,0,2959,2.28671,0.731812,0.217024,0.141024,0.650816,3.1157,320.955,15000,166272,0.929468
Suite_13,Deferred_Volume,0,2960,2.26711,0.759749,0.564256,0.140512,1.02013,3.08896,323.734,15000,162944,0.812688
Suite_13,Deferred_Volume,0,2961,2.27418,0.719396,0.2248,0.140992,0.686848,3.10996,321.548,15000,160384,0.832195
Suite_13,Deferred_Volume,0,2962,2.25548,0.727405,0.2048,0.14336,0.64928,3.06275,326.504,15000,158720,0.846505
Suite_13,Deferred_Volume,0,2963,2.2556,0.71915,0.204448,0.14144,0.648512,3.0518,327.676,15000,156544,0.875455
Suite_13,Deferred_Volume,0,2964,2.24128,0.729881,0.192992,0.14336,0.640096,3.04397,328.519,15000,153600,0.902693
Suite_13,Deferred_Volume,0,2965,2.23916,0.739649,0.190144,0.14352,0.63728,3.03952,329,15000,151680,0.910851
Suite_13,Deferred_Volume,0,2966,2.23535,0.71918,0.186368,0.141312,0.628736,3.04743,328.145,15000,149248,0.927694
Suite_13,Deferred_Volume,0,2967,2.21706,0.736609,0.186368,0.139808,0.633024,3.02473,330.608,15000,147200,0.795025
Suite_13,Deferred_Volume,0,2968,2.20695,0.71758,0.190688,0.141216,0.632224,3.0238,330.71,15000,144896,0.833348
Suite_13,Deferred_Volume,0,2969,2.20009,0.732022,0.181632,0.141344,0.619072,2.9998,333.356,15000,143104,0.820628
Suite_13,Deferred_Volume,0,2970,2.19649,0.71256,0.183904,0.141984,0.62496,3.00138,333.18,15000,141184,0.890351
Suite_13,Deferred_Volume,0,2971,2.19627,0.760877,0.198336,0.147712,0.64864,2.97644,335.972,15000,139648,1.08846
Suite_13,Deferred_Volume,0,2972,2.19704,0.723933,0.164,0.133376,0.589824,3.02874,330.171,15000,137344,1.56266
Suite_13,Deferred_Volume,0,2973,2.18511,0.721669,0.15248,0.129024,0.58512,2.98936,334.52,15000,134784,2.44489
Suite_13,Deferred_Volume,0,2974,2.16746,0.713729,0.156032,0.129024,0.58368,2.97255,336.411,15000,131968,0.572663
Suite_13,Deferred_Volume,0,2975,2.16357,0.713728,1.13014,0.128288,1.54867,2.94133,339.982,15000,130176,0.577406
Suite_13,Deferred_Volume,0,2976,2.14633,0.727908,0.156864,0.128288,0.577536,2.93602,340.597,15000,127232,0.581894
Suite_13,Deferred_Volume,0,2977,2.14517,0.710948,0.1536,0.128352,0.574816,2.93867,340.29,15000,125568,0.550701
Suite_13,Deferred_Volume,0,2978,2.13201,0.722941,0.15504,0.126976,0.575968,2.91411,343.158,15000,123904,0.553707
Suite_13,Deferred_Volume,0,2979,2.13099,0.724763,0.154816,0.126976,0.572576,2.91636,342.893,15000,121856,0.552532
Suite_13,Deferred_Volume,0,2980,2.12124,0.693521,0.151552,0.125024,0.571072,2.91351,343.228,15000,120448,0.560195
Suite_13,Deferred_Volume,0,2981,2.1088,0.71925,0.14496,0.141056,0.581632,2.87432,347.908,15000,117376,0.536329
Suite_13,Deferred_Volume,0,2982,2.10468,0.691841,0.147456,0.141312,0.575488,2.885,346.621,15000,115200,0.516867
Suite_13,Deferred_Volume,0,2983,2.09348,0.69892,0.14496,0.123808,0.562912,2.85069,350.792,15000,113024,0.515709
Suite_13,Deferred_Volume,0,2984,2.09941,0.692651,0.149504,0.123936,0.572128,2.85053,350.812,15000,111616,0.510225
Suite_13,Deferred_Volume,0,2985,2.08629,0.706187,0.143456,0.12288,0.5632,2.84654,351.303,15000,108288,0.488984
Suite_13,Deferred_Volume,0,2986,2.08581,0.709614,0.144096,0.122528,0.56112,2.84327,351.708,15000,107392,0.493594
Suite_13,Deferred_Volume,0,2987,2.07798,0.695642,0.1424,0.122496,0.553696,2.85028,350.842,15000,105088,0.490715
Suite_13,Deferred_Volume,0,2988,2.05784,0.70519,0.13984,0.120832,0.550912,2.82434,354.065,15000,103040,0.468902
Suite_13,Deferred_Volume,0,2989,2.06467,0.688904,0.135616,0.120832,0.55296,2.81641,355.061,15000,100992,0.454598
Suite_13,Deferred_Volume,0,2990,2.05062,0.692026,0.133664,0.118784,0.544,2.81016,355.852,15000,99456,0.453898
Suite_13,Deferred_Volume,0,2991,2.04886,0.71191,0.139296,0.119168,0.561152,2.79209,358.155,15000,98432,0.455996
Suite_13,Deferred_Volume,0,2992,2.04373,0.681141,0.137216,0.117856,0.540672,2.81073,355.779,15000,97024,0.456933
Suite_13,Deferred_Volume,0,2993,2.03217,0.703472,0.129248,0.118784,0.538208,2.78182,359.477,15000,96384,0.465389
Suite_13,Deferred_Volume,0,2994,2.03062,0.703291,0.655168,0.118592,1.07072,2.78531,359.026,15000,94720,0.46722
Suite_13,Deferred_Volume,0,2995,2.02327,0.689141,0.121088,0.116736,0.524064,2.78083,359.605,15000,92672,0.471363
Suite_13,Deferred_Volume,0,2996,2.02109,0.695606,0.118368,0.116736,0.530432,2.75829,362.543,15000,91904,0.480868
Suite_13,Deferred_Volume,0,2997,2.00944,0.688444,0.118784,0.11664,0.528768,2.77335,360.575,15000,89600,0.474335
Suite_13,Deferred_Volume,0,2998,1.99945,0.684092,0.114688,0.114688,0.51456,2.7455,364.232,15000,87552,0.466166
Suite_13,Deferred_Volume,0,2999,1.99913,0.681959,0.113312,0.115008,0.520192,2.72802,366.566,15000,86272,0.473731
Suite_13,Deferred_Volume,0,3000,1.9891,0.676589,0.107936,0.112992,0.5128,2.72441,367.052,15000,85504,0.45888
