Suite,Architecture,StepValue,FrameNumber,CpuLogicMs,CpuRenderMs,GeomMs,LightMs,TotalGpuMs,TotalFrameMs,FPS,Instances,Triangles,OverdrawFactor
Suite_5,Forward,0,1,0.0073,0.693877,0,0.001024,0.220512,3.28004,304.875,0,0,0
Suite_5,Forward,0,2,0.005193,1.57339,0,0.001472,0.241536,0.715674,1397.28,0,0,0
Suite_5,Forward,0,3,0.004918,0.576269,0,0.000512,0.241664,1.76481,566.635,0,0,0
Suite_5,Forward,0,4,0.005009,2.06734,0,0,0.242816,0.747481,1337.83,0,0,0
Suite_5,Forward,0,5,0.006597,0.590424,0,0.00016,0.241184,2.0937,477.622,0,0,0
Suite_5,Forward,0,6,0.004375,0.604409,0,0.001408,0.24224,0.763816,1309.22,0,0,0
Suite_5,Forward,0,7,0.004199,0.580087,0,0,0.235552,0.621543,1608.9,0,0,0
Suite_5,Forward,0,8,0.003975,0.615579,0,0.001344,0.25216,0.596482,1676.5,0,0,0
Suite_5,Forward,0,9,0.004722,0.644036,0,0.000768,0.242752,0.634001,1577.28,0,0,0
Suite_5,Forward,0,10,0.004216,1.61666,0,0.00144,0.244864,0.744054,1343.99,0,0,0
Suite_5,Forward,0,11,0.003962,0.574056,0,0.000512,0.240992,1.633,612.369,0,0,0
Suite_5,Forward,0,12,0.004947,2.11702,0,0.00128,0.241312,0.765059,1307.09,0,0,0
Suite_5,Forward,0,13,0.004281,0.5589,0,0.001024,0.235136,2.13677,467.997,0,0,0
Suite_5,Forward,0,14,0.004152,0.617451,0,0.001344,0.24816,0.735879,1358.92,0,0,0
Suite_5,Forward,0,15,0.004058,1.73553,0,0,0.241824,0.64251,1556.4,0,0,0
Suite_5,Forward,0,16,0.00392,0.581215,0,0,0.240544,1.75153,570.93,0,0,0
Suite_5,Forward,0,17,0.004823,2.08164,0,0.000192,0.241664,0.75054,1332.37,0,0,0
Suite_5,Forward,0,18,0.016163,0.599886,0,0.000608,0.241664,2.10065,476.043,0,0,0
Suite_5,Forward,0,19,0.00432,0.598148,0,0,0.240608,0.779691,1282.56,0,0,0
Suite_5,Forward,0,20,0.004079,0.575373,0,0,0.236768,0.614414,1627.57,0,0,0
Suite_5,Forward,0,21,0.00402,0.624115,0,9.6e-05,0.242624,0.593756,1684.19,0,0,0
Suite_5,Forward,0,22,0.003933,1.74911,0,0.000352,0.247808,0.649352,1540,0,0,0
Suite_5,Forward,0,23,0.004149,0.587923,0,0,0.24256,1.76476,566.65,0,0,0
Suite_5,Forward,0,24,0.007289,2.04563,0,0,0.241664,0.784288,1275.04,0,0,0
Suite_5,Forward,0,25,0.005428,0.601288,0,0.000704,0.241344,2.07164,482.711,0,0,0
Suite_5,Forward,0,26,0.004403,0.597005,0,0.000416,0.237344,0.772394,1294.68,0,0,0
Suite_5,Forward,0,27,0.004083,0.572218,0,0.000512,0.245568,0.613343,1630.41,0,0,0
Suite_5,Forward,0,28,0.0039,1.7812,0,0.001056,0.2424,0.58768,1701.61,0,0,0
Suite_5,Forward,0,29,0.004008,0.572352,0,0.001664,0.243776,1.79803,556.163,0,0,0
Suite_5,Forward,0,30,0.004313,2.10083,0,0.00048,0.241664,0.740944,1349.63,0,0,0
Suite_5,Forward,0,31,0.004565,0.610371,0,0.000672,0.243712,2.11768,472.215,0,0,0
Suite_5,Forward,0,32,0.004158,0.593898,0,0.000192,0.241568,0.778134,1285.13,0,0,0
Suite_5,Forward,0,33,0.003987,0.586659,0,0.000384,0.244416,0.610853,1637.06,0,0,0
Suite_5,Forward,0,34,0.003867,0.64103,0,0.001408,0.243584,0.60262,1659.42,0,0,0
Suite_5,Forward,0,35,0.004327,1.74374,0,0.00144,0.241728,0.656173,1523.99,0,0,0
Suite_5,Forward,0,36,0.003946,0.576369,0,0.001056,0.240928,1.7589,568.536,0,0,0
Suite_5,Forward,0,37,0.0043,2.08564,0,0.001344,0.241792,0.746123,1340.26,0,0,0
Suite_5,Forward,0,38,0.004354,0.613901,0,0.001376,0.241664,2.10332,475.439,0,0,0
Suite_5,Forward,0,39,0.004436,0.589865,0,0.000512,0.237088,0.781468,1279.64,0,0,0
Suite_5,Forward,0,40,0.004203,0.597605,0,0.001216,0.245888,0.605938,1650.33,0,0,0
Suite_5,Forward,0,41,0.003904,1.74544,0,0,0.242016,0.614278,1627.93,0,0,0
Suite_5,Forward,0,42,0.004097,0.579547,0,0,0.24176,1.76608,566.224,0,0,0
Suite_5,Forward,0,43,0.00617,2.06687,0,0.001088,0.24128,0.757019,1320.97,0,0,0
Suite_5,Forward,0,44,0.004657,0.587731,0,0.000128,0.244832,2.08629,479.321,0,0,0
Suite_5,Forward,0,45,0.004669,0.586305,0,0.000352,0.241664,0.788997,1267.43,0,0,0
Suite_5,Forward,0,46,0.004023,0.588717,0,0,0.243392,0.603843,1656.06,0,0,0
Suite_5,Forward,0,47,0.003952,0.631431,0,0.00176,0.241664,0.604158,1655.2,0,0,0
Suite_5,Forward,0,48,0.003853,1.75211,0,0.00112,0.244192,0.64661,1546.53,0,0,0
Suite_5,Forward,0,49,0.003828,0.56679,0,0,0.241664,1.76886,565.337,0,0,0
Suite_5,Forward,0,50,0.005254,2.07625,0,0.000576,0.246624,0.746333,1339.88,0,0,0
Suite_5,Forward,0,51,0.004858,0.615198,0,0.000512,0.241664,2.09455,477.431,0,0,0
Suite_5,Forward,0,52,0.004249,0.594544,0,0.00112,0.239008,0.783467,1276.38,0,0,0
Suite_5,Forward,0,53,0.003982,0.601382,0,0.000416,0.243904,0.612587,1632.42,0,0,0
Suite_5,Forward,0,54,0.003856,1.74397,0,0,0.240256,0.617492,1619.45,0,0,0
Suite_5,Forward,0,55,0.004175,0.589671,0,0.00048,0.241664,1.781,561.482,0,0,0
Suite_5,Forward,0,56,0.00665,2.06062,0,0.000512,0.247808,0.753636,1326.9,0,0,0
Suite_5,Forward,0,57,0.004623,0.615601,0,0.001216,0.244352,2.08336,479.993,0,0,0
Suite_5,Forward,0,58,0.004598,0.592057,0,0.00144,0.241984,0.785427,1273.19,0,0,0
Suite_5,Forward,0,59,0.004115,0.583979,0,0.00032,0.245088,0.608509,1643.36,0,0,0
Suite_5,Forward,0,60,0.004118,0.633928,0,0.000512,0.251872,0.599482,1668.11,0,0,0
Suite_5,Forward,0,61,0.004109,1.75597,0,0,0.242464,0.651345,1535.28,0,0,0
Suite_5,Forward,0,62,0.00409,0.582174,0,0.000576,0.243712,1.77296,564.028,0,0,0
Suite_5,Forward,0,63,0.004569,2.07935,0,0.00016,0.241664,0.749457,1334.3,0,0,0
Suite_5,Forward,0,64,0.004385,0.609704,0,0.001344,0.241952,2.09601,477.097,0,0,0
Suite_5,Forward,0,65,0.004189,0.590681,0,0.000512,0.237568,0.778966,1283.75,0,0,0
Suite_5,Forward,0,66,0.003872,0.623017,0,0.000512,0.249152,0.607169,1646.99,0,0,0
Suite_5,Forward,0,67,0.003988,1.7266,0,0.001472,0.241536,0.638492,1566.19,0,0,0
Suite_5,Forward,0,68,0.004059,0.572244,0,0.000512,0.241024,1.74189,574.089,0,0,0
Suite_5,Forward,0,69,0.004622,2.08818,0,0.00128,0.239968,0.743412,1345.15,0,0,0
Suite_5,Forward,0,70,0.004653,0.612844,0,0.000512,0.241248,2.10676,474.664,0,0,0
Suite_5,Forward,0,71,0.004133,0.590149,0,0.001056,0.245312,0.780767,1280.79,0,0,0
Suite_5,Forward,0,72,0.003834,0.58286,0,6.4e-05,0.236928,0.605616,1651.21,0,0,0
Suite_5,Forward,0,73,0.004046,0.629696,0,0,0.243584,0.599545,1667.93,0,0,0
Suite_5,Forward,0,74,0.004103,1.74885,0,0.000896,0.241568,0.651791,1534.23,0,0,0
Suite_5,Forward,0,75,0.004134,0.596752,0,0.00016,0.24576,1.76422,566.823,0,0,0
Suite_5,Forward,0,76,0.007563,2.07028,0,0.000512,0.2408,0.764409,1308.2,0,0,0
Suite_5,Forward,0,77,0.005732,0.57502,0,0.00048,0.24128,2.09631,477.03,0,0,0
Suite_5,Forward,0,78,0.004741,0.59371,0,0.001408,0.237184,0.773614,1292.63,0,0,0
Suite_5,Forward,0,79,0.004097,0.578287,0,0.00032,0.247584,0.610467,1638.09,0,0,0
Suite_5,Forward,0,80,0.004118,1.70351,0,0,0.240224,0.594699,1681.52,0,0,0
Suite_5,Forward,0,81,0.006734,0.63144,0,0.000192,0.241664,1.80181,554.997,0,0,0
Suite_5,Forward,0,82,0.013036,2.02802,0,0.000416,0.242976,0.771139,1296.78,0,0,0
Suite_5,Forward,0,83,0.005524,0.59823,0,0.000512,0.243712,2.05681,486.189,0,0,0
Suite_5,Forward,0,84,0.004285,0.592056,0,0,0.241664,0.768317,1301.55,0,0,0
Suite_5,Forward,0,85,0.00404,0.59022,0,0.000576,0.236,0.610837,1637.1,0,0,0
Suite_5,Forward,0,86,0.004004,0.618946,0,0.002048,0.247136,0.60687,1647.8,0,0,0
Suite_5,Forward,0,87,0.003864,1.74625,0,0,0.241664,0.634364,1576.38,0,0,0
Suite_5,Forward,0,88,0.003963,0.569644,0,0,0.241664,1.76136,567.743,0,0,0
Suite_5,Forward,0,89,0.004281,2.07081,0,0.001472,0.243424,0.742773,1346.31,0,0,0
Suite_5,Forward,0,90,0.005666,0.611022,0,0.001664,0.240224,2.09237,477.927,0,0,0
Suite_5,Forward,0,91,0.004108,0.586452,0,0,0.24368,0.780489,1281.25,0,0,0
Suite_5,Forward,0,92,0.003929,0.588068,0,0.000256,0.280896,0.601936,1661.31,0,0,0
Suite_5,Forward,0,93,0.003891,0.673588,0,0.001152,0.245568,0.604903,1653.16,0,0,0
Suite_5,Forward,0,94,0.003911,1.70131,0,0,0.243424,0.689489,1450.35,0,0,0
Suite_5,Forward,0,95,0.00387,0.574711,0,0.000512,0.241504,1.71641,582.613,0,0,0
Suite_5,Forward,0,96,0.005058,2.13951,0,0.00032,0.241664,0.742401,1346.98,0,0,0
Suite_5,Forward,0,97,0.004239,0.553787,0,0,0.241728,2.15806,463.379,0,0,0
Suite_5,Forward,0,98,0.004283,0.591255,0,0.000512,0.23632,0.721909,1385.22,0,0,0
Suite_5,Forward,0,99,0.004001,0.612214,0,0,0.245408,0.606939,1647.61,0,0,0
Suite_5,Forward,0,100,0.003898,1.74533,0,0.000736,0.242496,0.627459,1593.73,0,0,0
Suite_5,Forward,0,101,0.003983,0.576157,0,0,0.242464,1.76316,567.162,0,0,0
Suite_5,Forward,0,102,0.004811,2.08763,0,0.000512,0.241088,0.751405,1330.84,0,0,0
Suite_5,Forward,0,103,0.004564,0.607051,0,0.001344,0.241312,2.10514,475.028,0,0,0
Suite_5,Forward,0,104,0.004298,0.592317,0,0.000352,0.241632,0.774943,1290.42,0,0,0
Suite_5,Forward,0,105,0.00394,0.587628,0,0.001184,0.284448,0.609254,1641.35,0,0,0
Suite_5,Forward,0,106,0.003887,0.673286,0,0.000384,0.245664,0.603755,1656.3,0,0,0
Suite_5,Forward,0,107,0.003892,1.70437,0,0.000416,0.241664,0.688158,1453.15,0,0,0
Suite_5,Forward,0,108,0.004008,0.576634,0,0.00048,0.243712,1.71938,581.605,0,0,0
Suite_5,Forward,0,109,0.00451,2.13302,0,0.000512,0.240896,0.745317,1341.71,0,0,0
Suite_5,Forward,0,110,0.004181,0.554899,0,9.6e-05,0.241664,2.1502,465.074,0,0,0
Suite_5,Forward,0,111,0.004212,0.581673,0,0.00144,0.239616,0.72846,1372.76,0,0,0
Suite_5,Forward,0,112,0.003904,0.622383,0,0.001376,0.246304,0.597187,1674.52,0,0,0
Suite_5,Forward,0,113,0.003811,1.74478,0,0.00112,0.242752,0.638884,1565.23,0,0,0
Suite_5,Forward,0,114,0.003908,0.574484,0,0.00048,0.241664,1.76058,567.994,0,0,0
Suite_5,Forward,0,115,0.004332,2.08706,0,0.000224,0.24208,0.741704,1348.25,0,0,0
Suite_5,Forward,0,116,0.004268,0.610359,0,0.000512,0.241536,2.10726,474.55,0,0,0
Suite_5,Forward,0,117,0.004061,0.59252,0,0,0.241664,0.779804,1282.37,0,0,0
Suite_5,Forward,0,118,0.003948,0.592301,0,0,0.283968,0.608579,1643.17,0,0,0
Suite_5,Forward,0,119,0.004057,0.652473,0,0.000128,0.246144,0.613215,1630.75,0,0,0
Suite_5,Forward,0,120,0.003863,1.71757,0,0.001024,0.242176,0.667617,1497.86,0,0,0
Suite_5,Forward,0,121,0.003955,0.550471,0,0.00048,0.241952,1.73429,576.605,0,0,0
Suite_5,Forward,0,122,0.00475,2.14383,0,0.00032,0.240288,0.750809,1331.9,0,0,0
Suite_5,Forward,0,123,0.004503,0.558298,0,0.000512,0.24224,2.16006,462.951,0,0,0
Suite_5,Forward,0,124,0.00434,0.586421,0,6.4e-05,0.235872,0.726131,1377.16,0,0,0
Suite_5,Forward,0,125,0.003888,0.61754,0,0.000448,0.24576,0.604007,1655.61,0,0,0
Suite_5,Forward,0,126,0.00388,1.74812,0,0.000544,0.241536,0.633434,1578.7,0,0,0
Suite_5,Forward,0,127,0.003934,0.572477,0,0,0.2424,1.76323,567.141,0,0,0
Suite_5,Forward,0,128,0.004431,2.09051,0,0,0.239808,0.739527,1352.22,0,0,0
Suite_5,Forward,0,129,0.004969,0.609433,0,0.00048,0.241344,2.10937,474.076,0,0,0
Suite_5,Forward,0,130,0.004428,0.592836,0,0.000448,0.241216,0.778414,1284.66,0,0,0
Suite_5,Forward,0,131,0.003932,0.577571,0,0.000544,0.284736,0.614873,1626.35,0,0,0
Suite_5,Forward,0,132,0.0039,0.665567,0,0.000512,0.249856,0.592978,1686.4,0,0,0
Suite_5,Forward,0,133,0.003819,1.69025,0,0,0.241312,0.682478,1465.25,0,0,0
Suite_5,Forward,0,134,0.005786,0.618637,0,0,0.24128,1.74383,573.452,0,0,0
Suite_5,Forward,0,135,0.006936,2.05075,0,0.001216,0.239712,0.775461,1289.56,0,0,0
Suite_5,Forward,0,136,0.00685,0.61372,0,0.001184,0.23936,2.08034,480.691,0,0,0
Suite_5,Forward,0,137,0.005151,0.572704,0,0.00144,0.237408,0.789705,1266.3,0,0,0
Suite_5,Forward,0,138,0.003968,0.623546,0,0.000704,0.24576,0.591173,1691.55,0,0,0
Suite_5,Forward,0,139,0.004508,1.74803,0,0.000192,0.246016,0.64062,1560.99,0,0,0
Suite_5,Forward,0,140,0.007022,0.618539,0,0.00112,0.244064,1.78703,559.589,0,0,0
Suite_5,Forward,0,141,0.006028,2.18076,0,0.000672,0.241536,0.745095,1342.11,0,0,0
Suite_5,Forward,0,142,0.007537,0.651516,0,0.001376,0.239616,2.20949,452.592,0,0,0
Suite_5,Forward,0,143,0.009181,0.630068,0,0.001056,0.234656,0.845046,1183.37,0,0,0
Suite_5,Forward,0,144,0.006091,0.61322,0,0,0.24528,0.657404,1521.13,0,0,0
Suite_5,Forward,0,145,0.005095,1.72201,0,0.00128,0.24224,0.636134,1572,0,0,0
Suite_5,Forward,0,146,0.004396,0.588377,0,0.000512,0.241088,1.74174,574.137,0,0,0
Suite_5,Forward,0,147,0.00553,2.07918,0,0.001088,0.241504,0.757847,1319.53,0,0,0
Suite_5,Forward,0,148,0.005616,0.606893,0,0.001216,0.242432,2.10012,476.163,0,0,0
Suite_5,Forward,0,149,0.00685,0.583082,0,0.001088,0.239648,0.796501,1255.49,0,0,0
Suite_5,Forward,0,150,0.004868,0.580631,0,0.000128,0.241664,0.605245,1652.22,0,0,0
Suite_5,Forward,0,151,0.004617,2.67512,0,0.000512,0.241184,0.598683,1670.33,0,0,0
Suite_5,Forward,0,152,0.006563,1.13947,0,0.001088,0.241792,2.69723,370.751,0,0,0
Suite_5,Forward,0,153,0.005668,1.94233,0,0.000512,0.245216,1.35075,740.327,0,0,0
Suite_5,Forward,0,154,0.00649,2.69956,0,0.001408,0.24288,2.17091,460.635,0,0,0
Suite_5,Forward,0,155,0.007213,1.53153,0,0,0.242944,2.92749,341.59,0,0,0
Suite_5,Forward,0,156,0.005959,1.55608,0,3.2e-05,0.258048,1.7561,569.444,0,0,0
Suite_5,Forward,0,157,0.007269,1.54848,0,0.001216,0.241856,1.78655,559.738,0,0,0
Suite_5,Forward,0,158,0.006738,2.49891,0,0.000224,0.2424,1.79331,557.627,0,0,0
Suite_5,Forward,0,159,0.004483,0.959422,0,0.000416,0.241664,2.77728,360.064,0,0,0
Suite_5,Forward,0,160,0.004701,1.89136,0,0.000512,0.260128,1.229,813.672,0,0,0
Suite_5,Forward,0,161,0.00471,0.560076,0,0.001856,0.243712,2.16298,462.325,0,0,0
Suite_5,Forward,0,162,0.004499,1.71631,0,3.2e-05,0.243712,0.788525,1268.19,0,0,0
Suite_5,Forward,0,163,0.004061,0.558154,0,0.000512,0.243456,1.73263,577.158,0,0,0
Suite_5,Forward,0,164,0.004342,2.05437,0,0.000512,0.239616,0.775822,1288.96,0,0,0
Suite_5,Forward,0,165,0.004428,0.560653,0,3.2e-05,0.24064,2.07443,482.061,0,0,0
Suite_5,Forward,0,166,0.004125,0.592024,0,0.00032,0.235904,0.780225,1281.68,0,0,0
Suite_5,Forward,0,167,0.003907,0.593679,0,0,0.243712,0.60751,1646.06,0,0,0
Suite_5,Forward,0,168,0.003883,1.74514,0,0.000704,0.242464,0.608675,1642.91,0,0,0
Suite_5,Forward,0,169,0.003929,0.549772,0,0.0016,0.240864,1.76171,567.63,0,0,0
Suite_5,Forward,0,170,0.004624,2.08753,0,9.6e-05,0.247808,0.768264,1301.64,0,0,0
Suite_5,Forward,0,171,0.004484,0.559516,0,0.001184,0.241216,2.10487,475.089,0,0,0
Suite_5,Forward,0,172,0.004159,0.584846,0,0.001344,0.241888,0.78307,1277.03,0,0,0
Suite_5,Forward,0,173,0.00383,0.584789,0,0.000576,0.251872,0.601958,1661.25,0,0,0
Suite_5,Forward,0,174,0.003864,0.64116,0,6.4e-05,0.242368,0.600571,1665.08,0,0,0
Suite_5,Forward,0,175,0.005115,1.73368,0,0.001056,0.24256,0.658389,1518.86,0,0,0
Suite_5,Forward,0,176,0.003869,0.556386,0,0,0.241344,1.75022,571.356,0,0,0
Suite_5,Forward,0,177,0.004474,2.06124,0,0.00032,0.2416,0.775669,1289.21,0,0,0
Suite_5,Forward,0,178,0.004429,0.572591,0,0.002016,0.238272,2.07872,481.066,0,0,0
Suite_5,Forward,0,179,0.004193,0.583235,0,0.001152,0.239616,0.790696,1264.71,0,0,0
Suite_5,Forward,0,180,0.00386,0.605913,0,0.000288,0.24192,0.598664,1670.39,0,0,0
Suite_5,Forward,0,181,0.003823,1.74057,0,0.000512,0.241664,0.622939,1605.29,0,0,0
Suite_5,Forward,0,182,0.004028,0.552055,0,0,0.2424,1.75649,569.316,0,0,0
Suite_5,Forward,0,183,0.004411,2.06319,0,0.000416,0.240192,0.769575,1299.42,0,0,0
Suite_5,Forward,0,184,0.004319,0.578594,0,0.001056,0.240768,2.07958,480.865,0,0,0
Suite_5,Forward,0,185,0.006664,0.571091,0,0.00016,0.24064,0.858382,1164.98,0,0,0
Suite_5,Forward,0,186,0.004568,0.583515,0,0.001312,0.259936,0.592237,1688.51,0,0,0
Suite_5,Forward,0,187,0.004344,0.627666,0,0,0.243712,0.604613,1653.95,0,0,0
Suite_5,Forward,0,188,0.004075,1.7377,0,0.001056,0.241312,0.643547,1553.89,0,0,0
Suite_5,Forward,0,189,0.004153,0.554567,0,0.001376,0.243904,1.75502,569.795,0,0,0
Suite_5,Forward,0,190,0.004516,2.06141,0,0.00048,0.241664,0.773664,1292.55,0,0,0
Suite_5,Forward,0,191,0.004201,0.560772,0,0.001248,0.239488,2.07817,481.193,0,0,0
Suite_5,Forward,0,192,0.004127,0.579838,0,0.001248,0.237632,0.829264,1205.89,0,0,0
Suite_5,Forward,0,193,0.003951,0.618812,0,0.000192,0.247488,0.600462,1665.38,0,0,0
Suite_5,Forward,0,194,0.003928,1.74135,0,0.00144,0.241824,0.635121,1574.5,0,0,0
Suite_5,Forward,0,195,0.003965,0.554078,0,0.000576,0.241664,1.75691,569.18,0,0,0
Suite_5,Forward,0,196,0.004394,2.02059,0,0.00048,0.241664,0.790829,1264.5,0,0,0
Suite_5,Forward,0,197,0.00451,0.57386,0,0.000512,0.238336,2.03966,490.277,0,0,0
Suite_5,Forward,0,198,0.006839,0.595915,0,0.00016,0.239616,0.838442,1192.69,0,0,0
Suite_5,Forward,0,199,0.00462,0.612998,0,0.001056,0.286464,0.616502,1622.05,0,0,0
Suite_5,Forward,0,200,0.00421,0.627819,0,0.000512,0.247904,0.629889,1587.58,0,0,0
Suite_5,Forward,0,201,0.004177,1.69453,0,0.000256,0.241408,0.645606,1548.93,0,0,0
Suite_5,Forward,0,202,0.004437,0.595973,0,0.001376,0.241824,1.74761,572.209,0,0,0
Suite_5,Forward,0,203,0.005051,2.10185,0,0.000288,0.245696,0.777299,1286.51,0,0,0
Suite_5,Forward,0,204,0.004847,0.563779,0,0,0.239776,2.12004,471.69,0,0,0
Suite_5,Forward,0,205,0.004269,0.593944,0,0.000512,0.237536,0.734523,1361.43,0,0,0
Suite_5,Forward,0,206,0.003986,0.621164,0,0.001536,0.241664,0.611123,1636.33,0,0,0
Suite_5,Forward,0,207,0.003958,1.73626,0,0.000512,0.24288,0.637078,1569.67,0,0,0
Suite_5,Forward,0,208,0.003881,0.568533,0,0.000512,0.24128,1.7516,570.907,0,0,0
Suite_5,Forward,0,209,0.004537,2.05335,0,0,0.240416,0.78799,1269.05,0,0,0
Suite_5,Forward,0,210,0.005236,0.567034,0,0,0.239616,2.07225,482.568,0,0,0
Suite_5,Forward,0,211,0.004639,0.595027,0,0.00112,0.249216,0.798872,1251.76,0,0,0
Suite_5,Forward,0,212,0.003988,0.614983,0,0.001664,0.284256,0.611244,1636.01,0,0,0
Suite_5,Forward,0,213,0.004218,0.640947,0,0.000128,0.24864,0.633173,1579.35,0,0,0
Suite_5,Forward,0,214,0.00404,1.71295,0,0.00112,0.241824,0.657852,1520.1,0,0,0
Suite_5,Forward,0,215,0.004015,0.581171,0,0,0.243232,1.7285,578.536,0,0,0
Suite_5,Forward,0,216,0.004891,2.11666,0,0.001152,0.24112,0.766912,1303.93,0,0,0
Suite_5,Forward,0,217,0.004403,0.570407,0,0.000512,0.241344,2.13569,468.233,0,0,0
Suite_5,Forward,0,218,0.004118,0.59361,0,0.001664,0.237472,0.727758,1374.08,0,0,0
Suite_5,Forward,0,219,0.00392,0.618884,0,0,0.244512,0.609316,1641.18,0,0,0
Suite_5,Forward,0,220,0.003924,1.74579,0,0.001024,0.243616,0.634315,1576.5,0,0,0
Suite_5,Forward,0,221,0.004015,0.563684,0,0.00144,0.250144,1.76268,567.319,0,0,0
Suite_5,Forward,0,222,0.00434,2.07615,0,0,0.24032,0.782237,1278.38,0,0,0
Suite_5,Forward,0,223,0.004881,0.559332,0,0.001248,0.239616,2.10473,475.121,0,0,0
Suite_5,Forward,0,224,0.004059,0.595824,0,0.000512,0.239648,0.778012,1285.33,0,0,0
Suite_5,Forward,0,225,0.003881,0.587864,0,0.000512,0.27888,0.613346,1630.4,0,0,0
Suite_5,Forward,0,226,0.00405,1.21348,0,0.001152,0.241664,0.604368,1654.62,0,0,0
Suite_5,Forward,0,227,0.003948,0.981825,0,0.000736,0.24576,1.2293,813.47,0,0,0
Suite_5,Forward,0,228,0.004359,0.575406,0,0.000192,0.242048,1.24074,805.973,0,0,0
Suite_5,Forward,0,229,0.004634,2.12293,0,0.00032,0.241664,0.767888,1302.27,0,0,0
Suite_5,Forward,0,230,0.004059,0.563938,0,0,0.249856,2.14052,467.177,0,0,0
Suite_5,Forward,0,231,0.004089,0.600602,0,0.000384,0.236064,0.731585,1366.9,0,0,0
Suite_5,Forward,0,232,0.004215,0.622769,0,0.00048,0.243488,0.616447,1622.2,0,0,0
Suite_5,Forward,0,233,0.004174,1.74128,0,0,0.243328,0.640514,1561.25,0,0,0
Suite_5,Forward,0,234,0.004169,0.566463,0,0.000288,0.240512,1.75828,568.739,0,0,0
Suite_5,Forward,0,235,0.004331,2.05302,0,0.000736,0.240928,0.784547,1274.62,0,0,0
Suite_5,Forward,0,236,0.016152,0.559283,0,0.000512,0.24,2.0705,482.975,0,0,0
Suite_5,Forward,0,237,0.004319,0.595831,0,0.000224,0.23584,0.791341,1263.68,0,0,0
Suite_5,Forward,0,238,0.004034,0.608497,0,0.000352,0.245632,0.612478,1632.71,0,0,0
Suite_5,Forward,0,239,0.003963,1.7456,0,0.001504,0.241664,0.623913,1602.79,0,0,0
Suite_5,Forward,0,240,0.003933,0.578293,0,0.00016,0.243136,1.76084,567.909,0,0,0
Suite_5,Forward,0,241,0.004489,2.09295,0,0.001088,0.242144,0.747389,1337.99,0,0,0
Suite_5,Forward,0,242,0.015595,0.568772,0,0.000512,0.24128,2.11092,473.727,0,0,0
Suite_5,Forward,0,243,0.004188,0.595004,0,0.000288,0.24176,0.798192,1252.83,0,0,0
Suite_5,Forward,0,244,0.004124,0.580116,0,0.001216,0.2632,0.615164,1625.58,0,0,0
Suite_5,Forward,0,245,0.003855,0.633101,0,0.001472,0.242496,0.598035,1672.14,0,0,0
Suite_5,Forward,0,246,0.003947,1.75433,0,0.00144,0.243168,0.649125,1540.54,0,0,0
Suite_5,Forward,0,247,0.003967,0.571924,0,0.000192,0.241664,1.76974,565.053,0,0,0
Suite_5,Forward,0,248,0.004406,2.09558,0,0,0.242368,0.73898,1353.22,0,0,0
Suite_5,Forward,0,249,0.004447,0.571464,0,0.000352,0.23968,2.11392,473.054,0,0,0
Suite_5,Forward,0,250,0.004201,0.597553,0,0.001152,0.237568,0.802707,1245.78,0,0,0
Suite_5,Forward,0,251,0.004016,0.597871,0,0,0.24576,0.61326,1630.63,0,0,0
Suite_5,Forward,0,252,0.004105,1.76555,0,0.001568,0.243712,0.618047,1618,0,0,0
Suite_5,Forward,0,253,0.004184,0.563214,0,6.4e-05,0.241664,1.78401,560.534,0,0,0
Suite_5,Forward,0,254,0.004641,2.08019,0,0.000768,0.241664,0.750529,1332.39,0,0,0
Suite_5,Forward,0,255,0.016513,0.56754,0,0.002048,0.240672,2.09722,476.821,0,0,0
Suite_5,Forward,0,256,0.004344,0.602987,0,0.000128,0.241664,0.797785,1253.47,0,0,0
Suite_5,Forward,0,257,0.003959,0.581101,0,0,0.262144,0.62032,1612.07,0,0,0
Suite_5,Forward,0,258,0.004051,0.627524,0,0.000224,0.244224,0.597601,1673.36,0,0,0
Suite_5,Forward,0,259,0.003958,1.74558,0,0,0.242368,0.643178,1554.78,0,0,0
Suite_5,Forward,0,260,0.003896,0.563007,0,0.001376,0.241888,1.76079,567.927,0,0,0
Suite_5,Forward,0,261,0.004269,2.05181,0,0.001856,0.240864,0.782876,1277.34,0,0,0
Suite_5,Forward,0,262,0.004403,0.569612,0,0,0.241024,2.06922,483.274,0,0,0
Suite_5,Forward,0,263,0.004264,0.59267,0,0,0.237568,0.799674,1250.51,0,0,0
Suite_5,Forward,0,264,0.003907,0.617927,0,0.00048,0.244192,0.608138,1644.36,0,0,0
Suite_5,Forward,0,265,0.004113,1.73641,0,0.000416,0.241664,0.634481,1576.09,0,0,0
Suite_5,Forward,0,266,0.004065,0.580119,0,0.001344,0.241888,1.75264,570.567,0,0,0
Suite_5,Forward,0,267,0.004174,2.08396,0,0.000704,0.241664,0.747078,1338.55,0,0,0
Suite_5,Forward,0,268,0.006469,0.589075,0,9.6e-05,0.24304,2.11709,472.346,0,0,0
Suite_5,Forward,0,269,0.004104,0.599703,0,0.001088,0.24256,0.761178,1313.75,0,0,0
Suite_5,Forward,0,270,0.003925,0.596687,0,0.001536,0.26176,0.616057,1623.23,0,0,0
Suite_5,Forward,0,271,0.003862,0.621168,0,0.000512,0.243904,0.612122,1633.66,0,0,0
Suite_5,Forward,0,272,0.003856,1.73549,0,0.000608,0.241664,0.63646,1571.19,0,0,0
Suite_5,Forward,0,273,0.004162,0.572195,0,0.000512,0.245664,1.75605,569.461,0,0,0
Suite_5,Forward,0,274,0.004322,2.08373,0,0.00064,0.241664,0.750412,1332.6,0,0,0
Suite_5,Forward,0,275,0.016227,0.559248,0,6.4e-05,0.239744,2.10066,476.041,0,0,0
Suite_5,Forward,0,276,0.004301,0.598466,0,0,0.236672,0.78906,1267.33,0,0,0
Suite_5,Forward,0,277,0.00395,0.619395,0,0,0.24576,0.616309,1622.56,0,0,0
Suite_5,Forward,0,278,0.003963,1.74457,0,0.000864,0.242944,0.635486,1573.6,0,0,0
Suite_5,Forward,0,279,0.004026,0.577209,0,3.2e-05,0.24368,1.76006,568.162,0,0,0
Suite_5,Forward,0,280,0.004249,2.08012,0,0.001248,0.240288,0.744378,1343.4,0,0,0
Suite_5,Forward,0,281,0.016157,0.569731,0,0.000384,0.243168,2.09871,476.484,0,0,0
Suite_5,Forward,0,282,0.004468,0.593503,0,0,0.241664,0.781038,1280.35,0,0,0
Suite_5,Forward,0,283,0.003967,0.584894,0,0.000512,0.258048,0.609401,1640.96,0,0,0
Suite_5,Forward,0,284,0.003886,0.631771,0,0,0.243712,0.600027,1666.59,0,0,0
Suite_5,Forward,0,285,0.003931,1.73735,0,0,0.244032,0.648422,1542.21,0,0,0
Suite_5,Forward,0,286,0.003926,0.579574,0,0,0.243872,1.75337,570.331,0,0,0
Suite_5,Forward,0,287,0.00444,2.08263,0,0.000576,0.241664,0.746807,1339.03,0,0,0
Suite_5,Forward,0,288,0.004674,0.571255,0,0.000512,0.239616,2.1003,476.124,0,0,0
Suite_5,Forward,0,289,0.004123,0.59493,0,0.000544,0.241952,0.802805,1245.63,0,0,0
Suite_5,Forward,0,290,0.003967,0.62624,0,0.001248,0.246208,0.611301,1635.86,0,0,0
Suite_5,Forward,0,291,0.003897,1.73951,0,0.000448,0.24576,0.64161,1558.58,0,0,0
Suite_5,Forward,0,292,0.003867,0.584254,0,0.000288,0.241664,1.75468,569.906,0,0,0
Suite_5,Forward,0,293,0.004712,2.09042,0,0.000224,0.241664,0.753777,1326.65,0,0,0
Suite_5,Forward,0,294,0.004516,0.571944,0,0.001248,0.23952,2.10808,474.364,0,0,0
Suite_5,Forward,0,295,0.00417,0.597513,0,0.00064,0.241248,0.801693,1247.36,0,0,0
Suite_5,Forward,0,296,0.00388,0.612427,0,0.001248,0.284672,0.612838,1631.75,0,0,0
Suite_5,Forward,0,297,0.003896,0.632606,0,0.000448,0.246912,0.629541,1588.46,0,0,0
Suite_5,Forward,0,298,0.004153,1.71973,0,0.001248,0.242976,0.648686,1541.58,0,0,0
Suite_5,Forward,0,299,0.004067,0.576649,0,0.00032,0.241664,1.73574,576.123,0,0,0
Suite_5,Forward,0,300,0.004317,2.0972,0,0.001056,0.239712,0.743683,1344.66,0,0,0
Suite_5,Forward,0,301,0.004745,0.560976,0,0.000192,0.239648,2.12077,471.527,0,0,0
Suite_5,Forward,0,302,0.004093,0.602485,0,0.000352,0.235712,0.791444,1263.51,0,0,0
Suite_5,Forward,0,303,0.004116,0.617254,0,0,0.242272,0.618109,1617.84,0,0,0
Suite_5,Forward,0,304,0.00386,1.74187,0,0.00128,0.24192,0.632604,1580.77,0,0,0
Suite_5,Forward,0,305,0.004082,0.563424,0,0.000768,0.241728,1.75875,568.586,0,0,0
Suite_5,Forward,0,306,0.00458,2.07835,0,0,0.241664,0.763018,1310.59,0,0,0
Suite_5,Forward,0,307,0.01607,0.559834,0,0,0.239616,2.0953,477.258,0,0,0
Suite_5,Forward,0,308,0.004124,0.598341,0,0.000192,0.24144,0.791905,1262.78,0,0,0
Suite_5,Forward,0,309,0.003927,0.592406,0,0.001376,0.259648,0.615909,1623.62,0,0,0
Suite_5,Forward,0,310,0.003865,0.639916,0,0.000448,0.246432,0.608652,1642.97,0,0,0
Suite_5,Forward,0,311,0.003872,1.71804,0,0.000448,0.241728,0.654883,1526.99,0,0,0
Suite_5,Forward,0,312,0.003837,0.601493,0,0.001088,0.241152,1.73319,576.971,0,0,0
Suite_5,Forward,0,313,0.004338,2.07007,0,0.001344,0.241664,0.770184,1298.39,0,0,0
Suite_5,Forward,0,314,0.016882,0.569135,0,0.00112,0.239616,2.08874,478.756,0,0,0
Suite_5,Forward,0,315,0.004149,0.587649,0,0.000768,0.244288,0.800202,1249.68,0,0,0
Suite_5,Forward,0,316,0.003932,0.639678,0,0,0.245344,0.603161,1657.93,0,0,0
Suite_5,Forward,0,317,0.003867,1.74384,0,0.001696,0.241664,0.65628,1523.74,0,0,0
Suite_5,Forward,0,318,0.00396,0.56683,0,0.000256,0.244352,1.76011,568.146,0,0,0
Suite_5,Forward,0,319,0.004189,2.06831,0,0.000896,0.241344,0.766714,1304.27,0,0,0
Suite_5,Forward,0,320,0.016603,0.563878,0,0.00064,0.24144,2.08577,479.44,0,0,0
Suite_5,Forward,0,321,0.0044,0.595509,0,0.001568,0.23792,0.796097,1256.13,0,0,0
Suite_5,Forward,0,322,0.004089,0.592525,0,0.00064,0.280576,0.612509,1632.63,0,0,0
Suite_5,Forward,0,323,0.004103,1.20908,0,0.00112,0.24384,0.608349,1643.79,0,0,0
Suite_5,Forward,0,324,0.00398,1.07024,0,0.000448,0.245728,1.22467,816.544,0,0,0
Suite_5,Forward,0,325,0.004255,0.593037,0,0,0.242688,1.24748,801.615,0,0,0
Suite_5,Forward,0,326,0.007791,2.05935,0,0,0.240352,0.822968,1215.11,0,0,0
Suite_5,Forward,0,327,0.005178,0.577277,0,0.001472,0.240288,2.08222,480.256,0,0,0
Suite_5,Forward,0,328,0.00456,0.575567,0,0.000512,0.262144,0.746968,1338.75,0,0,0
Suite_5,Forward,0,329,0.004099,0.63522,0,0.001184,0.245472,0.594503,1682.08,0,0,0
Suite_5,Forward,0,330,0.004249,1.75327,0,0.000288,0.241056,0.658619,1518.33,0,0,0
Suite_5,Forward,0,331,0.0042,0.554802,0,0.001088,0.242912,1.76915,565.244,0,0,0
Suite_5,Forward,0,332,0.004956,2.09244,0,0.000256,0.240032,0.749067,1334.99,0,0,0
Suite_5,Forward,0,333,0.004603,0.564667,0,0.000416,0.241184,2.11152,473.592,0,0,0
Suite_5,Forward,0,334,0.004551,0.588672,0,0.001408,0.236608,0.782898,1277.31,0,0,0
Suite_5,Forward,0,335,0.004009,0.599686,0,0.001312,0.244032,0.605013,1652.86,0,0,0
Suite_5,Forward,0,336,0.003892,1.75134,0,0.000512,0.241568,0.615361,1625.06,0,0,0
Suite_5,Forward,0,337,0.004018,0.552573,0,0.000512,0.24272,1.76821,565.543,0,0,0
Suite_5,Forward,0,338,0.00427,2.05017,0,0.001376,0.24144,0.771001,1297.02,0,0,0
Suite_5,Forward,0,339,0.00433,0.560388,0,0.000512,0.241568,2.06686,483.826,0,0,0
Suite_5,Forward,0,340,0.00415,0.590044,0,0.001344,0.24336,0.778177,1285.05,0,0,0
Suite_5,Forward,0,341,0.003934,0.587127,0,0,0.259328,0.607776,1645.34,0,0,0
Suite_5,Forward,0,342,0.00387,0.635704,0,0.000512,0.243712,0.602969,1658.46,0,0,0
Suite_5,Forward,0,343,0.003833,1.74831,0,9.6e-05,0.242816,0.650668,1536.88,0,0,0
Suite_5,Forward,0,344,0.003932,0.553312,0,3.2e-05,0.242816,1.76357,567.032,0,0,0
Suite_5,Forward,0,345,0.004253,2.06603,0,6.4e-05,0.240416,0.770906,1297.18,0,0,0
Suite_5,Forward,0,346,0.004559,0.561794,0,0.001088,0.244864,2.08347,479.968,0,0,0
Suite_5,Forward,0,347,0.004117,0.594075,0,0.001312,0.237568,0.779866,1282.27,0,0,0
Suite_5,Forward,0,348,0.003857,0.597736,0,0.000512,0.245536,0.60919,1641.52,0,0,0
Suite_5,Forward,0,349,0.0039,1.74212,0,0,0.242048,0.614226,1628.07,0,0,0
Suite_5,Forward,0,350,0.003877,0.558216,0,0.000512,0.242976,1.75798,568.833,0,0,0
Suite_5,Forward,0,351,0.004441,2.07738,0,0,0.240448,0.776221,1288.29,0,0,0
Suite_5,Forward,0,352,0.006438,0.631922,0,0,0.244832,2.1014,475.873,0,0,0
Suite_5,Forward,0,353,0.007113,0.582174,0,0.00048,0.240096,0.833367,1199.95,0,0,0
Suite_5,Forward,0,354,0.004539,0.577515,0,0.00128,0.261472,0.603896,1655.91,0,0,0
Suite_5,Forward,0,355,0.004107,0.62685,0,0.00064,0.244064,0.594034,1683.41,0,0,0
Suite_5,Forward,0,356,0.004057,1.74609,0,0.001024,0.249824,0.642184,1557.19,0,0,0
Suite_5,Forward,0,357,0.004029,0.551094,0,0.000224,0.240288,1.76403,566.884,0,0,0
Suite_5,Forward,0,358,0.004838,2.05986,0,0.0008,0.240352,0.77577,1289.04,0,0,0
Suite_5,Forward,0,359,0.004465,0.591783,0,0.00016,0.241408,2.0775,481.347,0,0,0
Suite_5,Forward,0,360,0.006695,0.581757,0,0.001536,0.235552,0.799175,1251.29,0,0,0
Suite_5,Forward,0,361,0.00499,0.592603,0,0,0.24576,0.605652,1651.11,0,0,0
Suite_5,Forward,0,362,0.004713,1.76484,0,0.002048,0.241664,0.61184,1634.41,0,0,0
Suite_5,Forward,0,363,0.004071,0.56725,0,0.000224,0.24592,1.78166,561.273,0,0,0
Suite_5,Forward,0,364,0.004481,2.02823,0,0.000256,0.239904,0.78562,1272.88,0,0,0
Suite_5,Forward,0,365,0.004636,0.562395,0,0.00032,0.241664,2.04698,488.525,0,0,0
Suite_5,Forward,0,366,0.004197,0.59321,0,0.000192,0.241664,0.781873,1278.98,0,0,0
Suite_5,Forward,0,367,0.00395,0.585756,0,6.4e-05,0.260384,0.608608,1643.09,0,0,0
Suite_5,Forward,0,368,0.00383,0.632406,0,0.000416,0.243712,0.600988,1663.93,0,0,0
Suite_5,Forward,0,369,0.003935,1.74457,0,0.000704,0.241664,0.648885,1541.11,0,0,0
Suite_5,Forward,0,370,0.003902,0.551065,0,0,0.240192,1.7605,568.021,0,0,0
Suite_5,Forward,0,371,0.004339,2.0639,0,0.000512,0.24272,0.768301,1301.57,0,0,0
Suite_5,Forward,0,372,0.004697,0.561538,0,0.000512,0.24144,2.08116,480.501,0,0,0
Suite_5,Forward,0,373,0.004123,0.587316,0,0.001024,0.238336,0.782141,1278.54,0,0,0
Suite_5,Forward,0,374,0.004097,0.614517,0,0,0.243712,0.603457,1657.12,0,0,0
Suite_5,Forward,0,375,0.003934,1.73726,0,0.001792,0.241664,0.629922,1587.5,0,0,0
Suite_5,Forward,0,376,0.003992,0.556092,0,0.001504,0.241664,1.7522,570.711,0,0,0
Suite_5,Forward,0,377,0.004419,2.04793,0,0.000416,0.239936,0.784216,1275.16,0,0,0
Suite_5,Forward,0,378,0.004207,0.562802,0,0.000672,0.241664,2.06562,484.117,0,0,0
Suite_5,Forward,0,379,0.004124,0.586279,0,0.00032,0.241984,0.781127,1280.2,0,0,0
Suite_5,Forward,0,380,0.003973,0.587501,0,0,0.269824,0.601549,1662.37,0,0,0
Suite_5,Forward,0,381,0.003888,0.636945,0,0.000576,0.243616,0.604276,1654.87,0,0,0
Suite_5,Forward,0,382,0.00381,1.74724,0,0,0.243936,0.652756,1531.97,0,0,0
Suite_5,Forward,0,383,0.003884,0.563214,0,9.6e-05,0.243232,1.76214,567.491,0,0,0
Suite_5,Forward,0,384,0.004219,2.04826,0,0,0.240224,0.780819,1280.71,0,0,0
Suite_5,Forward,0,385,0.004228,0.559867,0,0.000512,0.241792,2.06639,483.935,0,0,0
Suite_5,Forward,0,386,0.004157,0.597731,0,0.000128,0.2368,0.778465,1284.58,0,0,0
Suite_5,Forward,0,387,0.004149,0.587931,0,0.000544,0.24576,0.618619,1616.5,0,0,0
Suite_5,Forward,0,388,0.00381,1.74629,0,0,0.242208,0.60304,1658.26,0,0,0
Suite_5,Forward,0,389,0.00392,0.555032,0,0.000512,0.244896,1.76344,567.073,0,0,0
Suite_5,Forward,0,390,0.004336,2.07288,0,0.000768,0.241664,0.77419,1291.67,0,0,0
Suite_5,Forward,0,391,0.005034,0.56352,0,0,0.24224,2.0896,478.56,0,0,0
Suite_5,Forward,0,392,0.004395,0.592061,0,0.000608,0.241664,0.778058,1285.25,0,0,0
Suite_5,Forward,0,393,0.003856,0.585013,0,0.00128,0.264192,0.609303,1641.22,0,0,0
Suite_5,Forward,0,394,0.003826,0.642951,0,0.00112,0.243328,0.601339,1662.96,0,0,0
Suite_5,Forward,0,395,0.003857,1.75425,0,0.00016,0.241664,0.657717,1520.41,0,0,0
Suite_5,Forward,0,396,0.00384,0.552394,0,0.000288,0.241664,1.76901,565.287,0,0,0
Suite_5,Forward,0,397,0.004155,2.06162,0,0.001184,0.241408,0.771155,1296.76,0,0,0
Suite_5,Forward,0,398,0.004783,0.571907,0,0.000512,0.237984,2.08014,480.736,0,0,0
Suite_5,Forward,0,399,0.004401,0.579557,0,0.001184,0.239616,0.790165,1265.56,0,0,0
Suite_5,Forward,0,400,0.003978,0.60624,0,0.001088,0.243712,0.595271,1679.91,0,0,0
Suite_5,Forward,0,401,0.003818,1.75277,0,0.000352,0.241664,0.622832,1605.57,0,0,0
Suite_5,Forward,0,402,0.004052,0.566211,0,0.001344,0.241824,1.76902,565.284,0,0,0
Suite_5,Forward,0,403,0.004517,2.08394,0,0,0.241184,0.74532,1341.71,0,0,0
Suite_5,Forward,0,404,0.004458,0.562819,0,0,0.241728,2.10015,476.156,0,0,0
Suite_5,Forward,0,405,0.00418,0.588742,0,0.00048,0.242272,0.782781,1277.5,0,0,0
Suite_5,Forward,0,406,0.003828,0.59022,0,0.000384,0.262272,0.60495,1653.03,0,0,0
Suite_5,Forward,0,407,0.00376,0.635647,0,0.001472,0.242944,0.605379,1651.86,0,0,0
Suite_5,Forward,0,408,0.003774,1.75342,0,0.000448,0.241664,0.650425,1537.46,0,0,0
Suite_5,Forward,0,409,0.003997,0.554032,0,0.001312,0.239968,1.76971,565.063,0,0,0
Suite_5,Forward,0,410,0.004447,2.05926,0,0.00032,0.240064,0.772459,1294.57,0,0,0
Suite_5,Forward,0,411,0.004496,0.557556,0,0.000704,0.24352,2.07614,481.664,0,0,0
Suite_5,Forward,0,412,0.004294,0.593143,0,0.00016,0.238016,0.775379,1289.69,0,0,0
Suite_5,Forward,0,413,0.003795,0.597606,0,9.6e-05,0.24528,0.609884,1639.66,0,0,0
Suite_5,Forward,0,414,0.003819,1.74319,0,0,0.240544,0.613346,1630.4,0,0,0
Suite_5,Forward,0,415,0.004127,0.551718,0,0.000512,0.24512,1.76415,566.845,0,0,0
Suite_5,Forward,0,416,0.0043,2.09042,0,0.00032,0.242656,0.747596,1337.62,0,0,0
Suite_5,Forward,0,417,0.004392,0.562939,0,0.00064,0.241664,2.10871,474.224,0,0,0
Suite_5,Forward,0,418,0.008036,0.589585,0,0,0.243712,0.781977,1278.81,0,0,0
Suite_5,Forward,0,419,0.00382,0.584188,0,0,0.268288,0.608858,1642.42,0,0,0
Suite_5,Forward,0,420,0.003793,0.643775,0,0.001024,0.244544,0.599363,1668.44,0,0,0
Suite_5,Forward,0,421,0.003798,1.75067,0,0.001344,0.241152,0.660765,1513.4,0,0,0
Suite_5,Forward,0,422,0.004064,0.566443,0,0.00048,0.24096,1.76627,566.165,0,0,0
Suite_5,Forward,0,423,0.004421,2.04616,0,0.000512,0.241088,0.784358,1274.93,0,0,0
Suite_5,Forward,0,424,0.004089,0.594807,0,0.000512,0.241632,2.06252,484.843,0,0,0
Suite_5,Forward,0,425,0.004103,0.592229,0,0,0.23552,0.779894,1282.23,0,0,0
Suite_5,Forward,0,426,0.003791,0.605148,0,0.001376,0.24576,0.608493,1643.4,0,0,0
Suite_5,Forward,0,427,0.003875,1.73507,0,0,0.239872,0.620134,1612.55,0,0,0
Suite_5,Forward,0,428,0.003876,0.54764,0,0.000512,0.244288,1.75004,571.415,0,0,0
Suite_5,Forward,0,429,0.00417,2.07715,0,0,0.241504,0.769807,1299.03,0,0,0
Suite_5,Forward,0,430,0.00436,0.562957,0,0,0.24576,2.09404,477.545,0,0,0
Suite_5,Forward,0,431,0.00411,0.596889,0,0.000512,0.242144,0.780359,1281.46,0,0,0
Suite_5,Forward,0,432,0.003843,0.590396,0,0.001056,0.258176,0.611797,1634.53,0,0,0
Suite_5,Forward,0,433,0.003801,0.633408,0,0,0.243712,0.606459,1648.92,0,0,0
Suite_5,Forward,0,434,0.003775,1.75238,0,0.00128,0.241632,0.648828,1541.24,0,0,0
Suite_5,Forward,0,435,0.003817,0.552158,0,0.00144,0.241664,1.7672,565.866,0,0,0
Suite_5,Forward,0,436,0.004191,2.05954,0,0.000512,0.243648,0.769178,1300.09,0,0,0
Suite_5,Forward,0,437,0.004677,0.586739,0,0.000256,0.24144,2.07762,481.32,0,0,0
Suite_5,Forward,0,438,0.004239,0.592631,0,0.000416,0.236064,0.777792,1285.69,0,0,0
Suite_5,Forward,0,439,0.003886,0.594901,0,0.001472,0.246528,0.60859,1643.14,0,0,0
Suite_5,Forward,0,440,0.003947,1.74445,0,0.001472,0.241632,0.610101,1639.07,0,0,0
Suite_5,Forward,0,441,0.004145,0.551196,0,0.000448,0.240576,1.76114,567.813,0,0,0
Suite_5,Forward,0,442,0.004225,2.06067,0,0.000256,0.243712,0.769863,1298.93,0,0,0
Suite_5,Forward,0,443,0.004571,0.560592,0,0.00016,0.240512,2.08164,480.389,0,0,0
Suite_5,Forward,0,444,0.004279,0.591525,0,0.000224,0.241664,0.77889,1283.88,0,0,0
Suite_5,Forward,0,445,0.003897,0.588859,0,0.000512,0.241408,0.608228,1644.12,0,0,0
Suite_5,Forward,0,446,0.003825,0.635307,0,0,0.242624,0.60463,1653.9,0,0,0
Suite_5,Forward,0,447,0.00377,1.74415,0,0.00144,0.24224,0.650399,1537.52,0,0,0
Suite_5,Forward,0,448,0.00394,0.553655,0,0.000512,0.241536,1.75895,568.522,0,0,0
Suite_5,Forward,0,449,0.00442,2.08384,0,0.001376,0.24016,0.746062,1340.37,0,0,0
Suite_5,Forward,0,450,0.004382,0.564602,0,0.00112,0.240416,2.10138,475.878,0,0,0
Suite_5,Forward,0,451,0.004348,0.58824,0,0.000672,0.241632,0.786348,1271.7,0,0,0
Suite_5,Forward,0,452,0.003848,0.607715,0,0.00048,0.245376,0.603959,1655.74,0,0,0
Suite_5,Forward,0,453,0.003832,1.73818,0,0.000512,0.24176,0.62478,1600.56,0,0,0
Suite_5,Forward,0,454,0.003931,0.563647,0,0.000352,0.242432,1.75384,570.178,0,0,0
Suite_5,Forward,0,455,0.00469,2.05002,0,0.000224,0.241184,0.785409,1273.22,0,0,0
Suite_5,Forward,0,456,0.005817,0.568289,0,0.001088,0.243616,2.07022,483.04,0,0,0
Suite_5,Forward,0,457,0.00417,0.586592,0,0.000512,0.241408,0.790245,1265.43,0,0,0
Suite_5,Forward,0,458,0.004053,0.615811,0,0.000128,0.266496,0.602722,1659.14,0,0,0
Suite_5,Forward,0,459,0.004097,0.607615,0,0.00048,0.243712,0.631587,1583.31,0,0,0
Suite_5,Forward,0,460,0.003973,1.74553,0,0.000512,0.241856,0.622887,1605.43,0,0,0
Suite_5,Forward,0,461,0.004298,0.560776,0,0,0.242944,1.76203,567.529,0,0,0
Suite_5,Forward,0,462,0.004718,2.04791,0,0,0.240384,0.779642,1282.64,0,0,0
Suite_5,Forward,0,463,0.004748,0.558519,0,0.000512,0.243712,2.06483,484.302,0,0,0
Suite_5,Forward,0,464,0.004158,0.595406,0,0,0.235904,0.776973,1287.05,0,0,0
Suite_5,Forward,0,465,0.003822,0.598072,0,0,0.247264,0.611905,1634.24,0,0,0
Suite_5,Forward,0,466,0.004129,1.74238,0,0.000512,0.241664,0.613589,1629.76,0,0,0
Suite_5,Forward,0,467,0.003992,0.553153,0,0.001472,0.24112,1.75761,568.954,0,0,0
Suite_5,Forward,0,468,0.004206,2.05712,0,0.001536,0.241376,0.770665,1297.58,0,0,0
Suite_5,Forward,0,469,0.004799,0.569283,0,3.2e-05,0.239648,2.07611,481.669,0,0,0
Suite_5,Forward,0,470,0.004174,0.588073,0,0.001024,0.241664,0.788662,1267.97,0,0,0
Suite_5,Forward,0,471,0.004022,0.581736,0,0.001152,0.237504,0.603196,1657.84,0,0,0
Suite_5,Forward,0,472,0.004025,0.628677,0,0.000256,0.243616,0.601002,1663.89,0,0,0
Suite_5,Forward,0,473,0.003821,1.74249,0,0.000928,0.243328,0.645228,1549.84,0,0,0
Suite_5,Forward,0,474,0.003946,0.550611,0,0.00032,0.243296,1.75838,568.706,0,0,0
Suite_5,Forward,0,475,0.004347,2.07201,0,0,0.24576,0.768921,1300.52,0,0,0
Suite_5,Forward,0,476,0.004276,0.56658,0,0.000352,0.240448,2.08859,478.793,0,0,0
Suite_5,Forward,0,477,0.004264,0.590314,0,0.00048,0.235264,0.785894,1272.44,0,0,0
Suite_5,Forward,0,478,0.003807,0.608272,0,9.6e-05,0.280576,0.606698,1648.27,0,0,0
Suite_5,Forward,0,479,0.003964,1.20229,0,0.000512,0.240672,0.623308,1604.34,0,0,0
Suite_5,Forward,0,480,0.003805,1.07442,0,3.2e-05,0.241824,1.21731,821.485,0,0,0
Suite_5,Forward,0,481,0.00428,0.567293,0,0.000512,0.243712,1.24263,804.742,0,0,0
Suite_5,Forward,0,482,0.004485,2.13344,0,0,0.245728,0.742343,1347.09,0,0,0
Suite_5,Forward,0,483,0.00427,0.55469,0,0,0.245408,2.14928,465.273,0,0,0
Suite_5,Forward,0,484,0.004181,0.588696,0,0.00144,0.268288,0.727381,1374.8,0,0,0
Suite_5,Forward,0,485,0.003838,0.640166,0,0.000576,0.245984,0.606302,1649.34,0,0,0
Suite_5,Forward,0,486,0.003826,1.75272,0,0,0.242432,0.656485,1523.26,0,0,0
Suite_5,Forward,0,487,0.00408,0.54892,0,0.00032,0.241664,1.76772,565.699,0,0,0
Suite_5,Forward,0,488,0.004271,2.06876,0,0.001056,0.241408,0.766603,1304.46,0,0,0
Suite_5,Forward,0,489,0.004215,0.5607,0,0.001376,0.242528,2.08696,479.167,0,0,0
Suite_5,Forward,0,490,0.004067,0.59383,0,0,0.2368,0.779493,1282.89,0,0,0
Suite_5,Forward,0,491,0.003911,0.598766,0,0,0.245536,0.608975,1642.1,0,0,0
Suite_5,Forward,0,492,0.003942,1.74796,0,0.000768,0.240544,0.613528,1629.92,0,0,0
Suite_5,Forward,0,493,0.004281,0.567787,0,0,0.242016,1.76478,566.644,0,0,0
Suite_5,Forward,0,494,0.004578,2.04571,0,0.000512,0.242112,0.787294,1270.17,0,0,0
Suite_5,Forward,0,495,0.004247,1.25045,0,0.000512,0.241984,2.0628,484.777,0,0,0
Suite_5,Forward,0,496,0.004238,0.540516,0,0,0.258144,1.46823,681.094,0,0,0
Suite_5,Forward,0,497,0.004169,0.627002,0,3.2e-05,0.243712,0.608773,1642.65,0,0,0
Suite_5,Forward,0,498,0.003825,1.7446,0,0.000608,0.241664,0.643042,1555.11,0,0,0
Suite_5,Forward,0,499,0.003975,0.548234,0,0.000128,0.241664,1.7596,568.311,0,0,0
Suite_5,Forward,0,500,0.004321,2.0713,0,0,0.24016,0.770017,1298.67,0,0,0
Suite_5,Forward,0,501,0.004748,0.566007,0,0,0.239616,2.09015,478.435,0,0,0
Suite_5,Forward,0,502,0.004228,0.581916,0,0,0.236768,0.78569,1272.77,0,0,0
Suite_5,Forward,0,503,0.003943,0.604729,0,0,0.244224,0.597165,1674.58,0,0,0
Suite_5,Forward,0,504,0.00397,1.76763,0,0.000512,0.243712,0.619505,1614.19,0,0,0
Suite_5,Forward,0,505,0.003802,0.552042,0,0.000512,0.24144,1.78402,560.533,0,0,0
Suite_5,Forward,0,506,0.004389,2.06285,0,0.000736,0.241664,0.77061,1297.67,0,0,0
Suite_5,Forward,0,507,0.004746,0.561921,0,0,0.245248,2.07961,480.86,0,0,0
Suite_5,Forward,0,508,0.004238,0.592639,0,0.000512,0.245984,0.780259,1281.63,0,0,0
Suite_5,Forward,0,509,0.003778,0.590018,0,0,0.271456,0.609467,1640.78,0,0,0
Suite_5,Forward,0,510,0.003962,0.642733,0,0.000512,0.243168,0.605684,1651.03,0,0,0
Suite_5,Forward,0,511,0.003803,1.73809,0,0.000128,0.241664,0.657592,1520.7,0,0,0
Suite_5,Forward,0,512,0.003812,0.552634,0,0.000224,0.240512,1.75278,570.522,0,0,0
Suite_5,Forward,0,513,0.004251,2.0693,0,0.001152,0.239808,0.771564,1296.07,0,0,0
Suite_5,Forward,0,514,0.004297,0.5606,0,0.00016,0.241504,2.08638,479.3,0,0,0
Suite_5,Forward,0,515,0.004251,0.585343,0,0.000352,0.23648,0.778068,1285.23,0,0,0
Suite_5,Forward,0,516,0.003944,0.612964,0,0,0.247232,0.600862,1664.28,0,0,0
Suite_5,Forward,0,517,0.003969,1.75952,0,0.001728,0.241664,0.62962,1588.26,0,0,0
Suite_5,Forward,0,518,0.00409,0.552905,0,0.000128,0.242272,1.77546,563.235,0,0,0
Suite_5,Forward,0,519,0.004203,2.06962,0,0.001248,0.243328,0.770397,1298.03,0,0,0
Suite_5,Forward,0,520,0.004217,0.564112,0,0.000192,0.242944,2.08602,479.382,0,0,0
Suite_5,Forward,0,521,0.004162,0.591722,0,0.00048,0.241344,0.784347,1274.95,0,0,0
Suite_5,Forward,0,522,0.003861,0.588762,0,0.00048,0.259872,0.607934,1644.92,0,0,0
Suite_5,Forward,0,523,0.003774,0.627646,0,0.00016,0.244768,0.603483,1657.05,0,0,0
Suite_5,Forward,0,524,0.003864,1.73828,0,0.000512,0.241792,0.642205,1557.14,0,0,0
Suite_5,Forward,0,525,0.00385,0.559487,0,0.000864,0.241664,1.75449,569.965,0,0,0
Suite_5,Forward,0,526,0.004219,2.05385,0,0.001056,0.241472,0.777539,1286.11,0,0,0
Suite_5,Forward,0,527,0.004255,0.557166,0,0.000256,0.241664,2.06993,483.109,0,0,0
Suite_5,Forward,0,528,0.004182,0.593332,0,0.001152,0.23712,0.774567,1291.04,0,0,0
Suite_5,Forward,0,529,0.004145,0.597779,0,0.000384,0.24576,0.61415,1628.27,0,0,0
Suite_5,Forward,0,530,0.003871,1.77587,0,0,0.241664,0.614023,1628.6,0,0,0
Suite_5,Forward,0,531,0.003887,0.548483,0,0.000512,0.245024,1.79083,558.401,0,0,0
Suite_5,Forward,0,532,0.004548,2.07504,0,0.001024,0.239872,0.744738,1342.75,0,0,0
Suite_5,Forward,0,533,0.004329,0.590126,0,0.000416,0.24112,2.09383,477.593,0,0,0
Suite_5,Forward,0,534,0.004177,0.593657,0,0.00112,0.241472,0.780752,1280.82,0,0,0
Suite_5,Forward,0,535,0.003964,0.586243,0,0.00128,0.265984,0.608929,1642.23,0,0,0
Suite_5,Forward,0,536,0.003959,0.642098,0,0.000512,0.243872,0.601073,1663.69,0,0,0
Suite_5,Forward,0,537,0.003962,1.739,0,0.00144,0.244192,0.658097,1519.53,0,0,0
Suite_5,Forward,0,538,0.003863,0.553136,0,0.00192,0.24384,1.75465,569.914,0,0,0
Suite_5,Forward,0,539,0.004235,2.06092,0,6.4e-05,0.241728,0.770201,1298.36,0,0,0
Suite_5,Forward,0,540,0.004862,0.564214,0,0.000672,0.24176,2.07681,481.508,0,0,0
Suite_5,Forward,0,541,0.004406,0.590397,0,0.000384,0.237952,0.783823,1275.8,0,0,0
Suite_5,Forward,0,542,0.003929,0.625117,0,0,0.246816,0.606602,1648.53,0,0,0
Suite_5,Forward,0,543,0.003783,1.74136,0,0.001056,0.242688,0.639852,1562.86,0,0,0
Suite_5,Forward,0,544,0.003868,0.548207,0,0.000352,0.241664,1.75619,569.414,0,0,0
Suite_5,Forward,0,545,0.00424,2.06346,0,0.001344,0.24384,0.762042,1312.26,0,0,0
Suite_5,Forward,0,546,0.004286,0.568224,0,0.001184,0.243424,2.08055,480.643,0,0,0
Suite_5,Forward,0,547,0.004275,0.596461,0,0.000128,0.241664,0.786014,1272.24,0,0,0
Suite_5,Forward,0,548,0.004409,0.582874,0,0,0.2704,0.613241,1630.68,0,0,0
Suite_5,Forward,0,549,0.003985,0.644718,0,0.001472,0.243904,0.601796,1661.69,0,0,0
Suite_5,Forward,0,550,0.003795,1.74108,0,0.001184,0.243168,0.660825,1513.26,0,0,0
Suite_5,Forward,0,551,0.003833,0.555371,0,0.001408,0.240768,1.75606,569.456,0,0,0
Suite_5,Forward,0,552,0.004471,2.05814,0,0.000352,0.241696,0.772506,1294.49,0,0,0
Suite_5,Forward,0,553,0.004127,0.573013,0,0.000512,0.241536,2.07609,481.674,0,0,0
Suite_5,Forward,0,554,0.004328,0.592045,0,0.001408,0.238368,0.78199,1278.79,0,0,0
Suite_5,Forward,0,555,0.004006,0.610191,0,0.001088,0.244416,0.607501,1646.09,0,0,0
Suite_5,Forward,0,556,0.003871,1.76677,0,3.2e-05,0.241824,0.625098,1599.75,0,0,0
Suite_5,Forward,0,557,0.004086,0.552032,0,0.001472,0.241568,1.78876,559.047,0,0,0
Suite_5,Forward,0,558,0.004795,2.0643,0,0.001472,0.241056,0.770802,1297.35,0,0,0
Suite_5,Forward,0,559,0.004247,0.557332,0,0,0.241152,2.081,480.538,0,0,0
Suite_5,Forward,0,560,0.004041,0.593429,0,0,0.241216,0.774886,1290.51,0,0,0
Suite_5,Forward,0,561,0.003802,0.58741,0,0.00048,0.265088,0.609954,1639.47,0,0,0
Suite_5,Forward,0,562,0.003856,0.639046,0,0.00048,0.244096,0.603061,1658.21,0,0,0
Suite_5,Forward,0,563,0.003798,1.73527,0,0.001056,0.241664,0.654157,1528.69,0,0,0
Suite_5,Forward,0,564,0.003837,0.580432,0,0,0.24208,1.75014,571.383,0,0,0
Suite_5,Forward,0,565,0.004608,2.08806,0,0.000128,0.242976,0.749357,1334.48,0,0,0
Suite_5,Forward,0,566,0.004596,0.596352,0,9.6e-05,0.242752,2.10604,474.824,0,0,0
Suite_5,Forward,0,567,0.004263,0.58134,0,0.000256,0.24576,0.787213,1270.3,0,0,0
Suite_5,Forward,0,568,0.003876,0.637101,0,0.000512,0.244192,0.59656,1676.28,0,0,0
Suite_5,Forward,0,569,0.003849,1.73839,0,0,0.243712,0.653288,1530.72,0,0,0
Suite_5,Forward,0,570,0.00393,0.54951,0,0.001088,0.241664,1.75411,570.091,0,0,0
Suite_5,Forward,0,571,0.004301,2.08715,0,0.001248,0.241664,0.766955,1303.86,0,0,0
Suite_5,Forward,0,572,0.004427,0.558873,0,0.000608,0.242656,2.10371,475.351,0,0,0
Suite_5,Forward,0,573,0.004037,0.59751,0,0.00048,0.241888,0.778306,1284.84,0,0,0
Suite_5,Forward,0,574,0.00391,0.593996,0,0.000448,0.260928,0.613382,1630.31,0,0,0
Suite_5,Forward,0,575,0.003876,0.631118,0,0.000352,0.243712,0.609135,1641.67,0,0,0
Suite_5,Forward,0,576,0.003778,1.73061,0,0.000576,0.241664,0.645857,1548.33,0,0,0
Suite_5,Forward,0,577,0.003867,0.549199,0,0.001312,0.24144,1.74674,572.495,0,0,0
Suite_5,Forward,0,578,0.004427,2.09917,0,0.000416,0.24016,0.747705,1337.43,0,0,0
Suite_5,Forward,0,579,0.004325,0.562645,0,0.000736,0.238144,2.11615,472.557,0,0,0
Suite_5,Forward,0,580,0.004218,0.582079,0,0.001152,0.24576,0.777446,1286.26,0,0,0
Suite_5,Forward,0,581,0.003812,0.637203,0,0.000192,0.244128,0.599598,1667.78,0,0,0
Suite_5,Forward,0,582,0.003948,1.74007,0,0.000512,0.242784,0.653213,1530.89,0,0,0
Suite_5,Forward,0,583,0.003956,0.548089,0,0.000384,0.241664,1.75524,569.721,0,0,0
Suite_5,Forward,0,584,0.004224,2.07093,0,0.00032,0.239968,0.765422,1306.47,0,0,0
Suite_5,Forward,0,585,0.004989,0.561824,0,0.000736,0.243712,2.08991,478.489,0,0,0
Suite_5,Forward,0,586,0.004387,0.587659,0,0.001472,0.240448,0.786509,1271.44,0,0,0
Suite_5,Forward,0,587,0.003911,0.584136,0,0.001152,0.260096,0.603327,1657.48,0,0,0
Suite_5,Forward,0,588,0.003818,0.636992,0,0.001088,0.24848,0.599258,1668.73,0,0,0
Suite_5,Forward,0,589,0.00386,1.73755,0,0.001248,0.241664,0.653018,1531.35,0,0,0
Suite_5,Forward,0,590,0.003856,0.553375,0,0,0.2432,1.75325,570.371,0,0,0
Suite_5,Forward,0,591,0.004267,2.09843,0,0.001088,0.241184,0.744446,1343.28,0,0,0
Suite_5,Forward,0,592,0.005252,0.559796,0,0,0.241664,2.11684,472.403,0,0,0
Suite_5,Forward,0,593,0.004096,0.583619,0,6.4e-05,0.237216,0.780591,1281.08,0,0,0
Suite_5,Forward,0,594,0.003836,0.629267,0,0.001312,0.245408,0.599687,1667.54,0,0,0
Suite_5,Forward,0,595,0.003787,1.74139,0,0.000448,0.245088,0.644068,1552.63,0,0,0
Suite_5,Forward,0,596,0.003888,0.568027,0,0.001312,0.24192,1.75653,569.303,0,0,0
Suite_5,Forward,0,597,0.004449,2.08304,0,0.000128,0.241664,0.74944,1334.33,0,0,0
Suite_5,Forward,0,598,0.004371,0.562943,0,0.000512,0.241312,2.10071,476.029,0,0,0
Suite_5,Forward,0,599,0.00408,0.589118,0,0.001216,0.24336,0.781027,1280.37,0,0,0
Suite_5,Forward,0,600,0.003898,0.595102,0,0.001728,0.285792,0.604289,1654.84,0,0,0
Suite_5,Forward,0,601,0.003815,0.642857,0,0,0.246048,0.611608,1635.03,0,0,0
Suite_5,Forward,0,602,0.003817,1.73985,0,0.001088,0.246592,0.658609,1518.35,0,0,0
Suite_5,Forward,0,603,0.003781,0.557393,0,0.00048,0.243072,1.75458,569.937,0,0,0
Suite_5,Forward,0,604,0.004139,2.06152,0,0.000512,0.241664,0.774303,1291.48,0,0,0
Suite_5,Forward,0,605,0.004573,0.558493,0,0.001056,0.242816,2.0798,480.815,0,0,0
Suite_5,Forward,0,606,0.004098,0.589944,0,0.001952,0.236384,0.7775,1286.17,0,0,0
Suite_5,Forward,0,607,0.003813,0.625407,0,0,0.24576,0.604984,1652.94,0,0,0
Suite_5,Forward,0,608,0.003802,1.74259,0,0,0.241472,0.6399,1562.74,0,0,0
Suite_5,Forward,0,609,0.003811,0.551531,0,0.000608,0.24576,1.75873,568.593,0,0,0
Suite_5,Forward,0,610,0.004327,2.0709,0,0.000448,0.24064,0.769548,1299.46,0,0,0
Suite_5,Forward,0,611,0.004098,0.568374,0,0.000416,0.239808,2.08716,479.12,0,0,0
Suite_5,Forward,0,612,0.00409,0.586894,0,0,0.240608,0.785868,1272.48,0,0,0
Suite_5,Forward,0,613,0.003817,0.581044,0,0.001152,0.274432,0.604244,1654.96,0,0,0
Suite_5,Forward,0,614,0.004073,0.645667,0,0.0016,0.243712,0.601091,1663.64,0,0,0
Suite_5,Forward,0,615,0.003787,1.7289,0,0.000512,0.243584,0.660684,1513.58,0,0,0
Suite_5,Forward,0,616,0.003854,0.546507,0,0.000512,0.242752,1.74354,573.545,0,0,0
Suite_5,Forward,0,617,0.004311,2.05837,0,0.000704,0.24112,0.765387,1306.53,0,0,0
Suite_5,Forward,0,618,0.004055,0.563591,0,0.0016,0.241472,2.07568,481.769,0,0,0
Suite_5,Forward,0,619,0.004086,0.587202,0,0.00128,0.23696,0.781315,1279.89,0,0,0
Suite_5,Forward,0,620,0.003793,0.626758,0,0.000288,0.24576,0.602387,1660.06,0,0,0
Suite_5,Forward,0,621,0.003809,1.73676,0,0.001088,0.244512,0.642802,1555.69,0,0,0
Suite_5,Forward,0,622,0.003826,0.553085,0,0.001184,0.24176,1.75229,570.682,0,0,0
Suite_5,Forward,0,623,0.004329,2.08518,0,9.6e-05,0.241472,0.770214,1298.34,0,0,0
Suite_5,Forward,0,624,0.004243,0.562457,0,0.001344,0.242624,2.10132,475.892,0,0,0
Suite_5,Forward,0,625,0.004322,0.593545,0,0.000512,0.24,0.781322,1279.88,0,0,0
Suite_5,Forward,0,626,0.003797,0.587388,0,0.001472,0.288768,0.609542,1640.58,0,0,0
Suite_5,Forward,0,627,0.003773,0.650616,0,0.001504,0.243712,0.602206,1660.56,0,0,0
Suite_5,Forward,0,628,0.003773,1.72964,0,0.000512,0.247744,0.665182,1503.35,0,0,0
Suite_5,Forward,0,629,0.007593,0.549676,0,0.001504,0.241664,1.74635,572.622,0,0,0
Suite_5,Forward,0,630,0.004838,2.1273,0,0.00192,0.249856,0.771966,1295.39,0,0,0
Suite_5,Forward,0,631,0.00409,0.557843,0,0,0.239616,2.14403,466.411,0,0,0
Suite_5,Forward,0,632,0.004437,0.586352,0,0.001568,0.2352,0.776043,1288.59,0,0,0
Suite_5,Forward,0,633,0.005979,0.603542,0,0.00064,0.246848,0.645569,1549.02,0,0,0
Suite_5,Forward,0,634,0.005835,1.68898,0,0.00112,0.247808,0.680358,1469.81,0,0,0
Suite_5,Forward,0,635,0.004126,0.570917,0,0,0.242048,1.70702,585.816,0,0,0
Suite_5,Forward,0,636,0.004486,2.03669,0,0.001376,0.24288,0.789175,1267.15,0,0,0
Suite_5,Forward,0,637,0.004452,0.563129,0,0.001568,0.242912,2.05526,486.557,0,0,0
Suite_5,Forward,0,638,0.004187,0.600238,0,0.000512,0.23552,0.7824,1278.12,0,0,0
Suite_5,Forward,0,639,0.003817,0.588365,0,0,0.28256,0.615896,1623.65,0,0,0
Suite_5,Forward,0,640,0.003778,1.23153,0,0,0.243392,0.603112,1658.07,0,0,0
Suite_5,Forward,0,641,0.003863,1.01408,0,0.001504,0.242624,1.24771,801.467,0,0,0
Suite_5,Forward,0,642,0.007073,0.613229,0,0.000512,0.24192,1.25856,794.557,0,0,0
Suite_5,Forward,0,643,0.005161,2.12853,0,0,0.240256,0.741102,1349.34,0,0,0
Suite_5,Forward,0,644,0.004544,0.563329,0,0.000224,0.239616,2.14684,465.801,0,0,0
Suite_5,Forward,0,645,0.004298,0.573971,0,0.000448,0.258496,0.734677,1361.14,0,0,0
Suite_5,Forward,0,646,0.004032,0.628713,0,0.001472,0.242208,0.590559,1693.31,0,0,0
Suite_5,Forward,0,647,0.003863,1.74426,0,6.4e-05,0.242048,0.643822,1553.22,0,0,0
Suite_5,Forward,0,648,0.003892,0.55341,0,0,0.241504,1.75914,568.46,0,0,0
Suite_5,Forward,0,649,0.004286,2.063,0,0.000896,0.240384,0.772352,1294.75,0,0,0
Suite_5,Forward,0,650,0.00458,0.575218,0,0.00032,0.240224,2.0804,480.677,0,0,0
Suite_5,Forward,0,651,0.004108,0.583477,0,0.000288,0.25232,0.793589,1260.1,0,0,0
Suite_5,Forward,0,652,0.003884,0.620578,0,0.000192,0.245664,0.598691,1670.31,0,0,0
Suite_5,Forward,0,653,0.003881,1.73833,0,3.2e-05,0.241664,0.637309,1569.1,0,0,0
Suite_5,Forward,0,654,0.003944,0.567394,0,0.001504,0.241664,1.75434,570.015,0,0,0
Suite_5,Forward,0,655,0.004348,2.08734,0,0.001152,0.242208,0.743667,1344.69,0,0,0
Suite_5,Forward,0,656,0.004209,0.565515,0,0,0.240384,2.10367,475.36,0,0,0
Suite_5,Forward,0,657,0.004056,0.590655,0,0,0.242848,0.784503,1274.69,0,0,0
Suite_5,Forward,0,658,0.003874,0.584923,0,0.00128,0.260096,0.606826,1647.92,0,0,0
Suite_5,Forward,0,659,0.003855,0.628766,0,0.000544,0.24368,0.600256,1665.96,0,0,0
Suite_5,Forward,0,660,0.003836,1.75094,0,0.000512,0.241792,0.643646,1553.65,0,0,0
Suite_5,Forward,0,661,0.003901,0.552359,0,0.001056,0.244576,1.76789,565.645,0,0,0
Suite_5,Forward,0,662,0.004362,2.06954,0,0.00016,0.240384,0.770329,1298.15,0,0,0
Suite_5,Forward,0,663,0.004079,0.555309,0,0.000128,0.242976,2.08609,479.365,0,0,0
Suite_5,Forward,0,664,0.004152,0.593126,0,0.000256,0.23648,0.778477,1284.56,0,0,0
Suite_5,Forward,0,665,0.003847,0.600065,0,0.001376,0.24336,0.609918,1639.56,0,0,0
Suite_5,Forward,0,666,0.003833,1.73448,0,0,0.241664,0.615773,1623.98,0,0,0
Suite_5,Forward,0,667,0.003902,0.550406,0,0.000512,0.243648,1.74952,571.586,0,0,0
Suite_5,Forward,0,668,0.004644,2.06526,0,9.6e-05,0.241824,0.76841,1301.39,0,0,0
Suite_5,Forward,0,669,0.004602,0.55711,0,0.000512,0.2408,2.0851,479.592,0,0,0
Suite_5,Forward,0,670,0.004149,0.592699,0,0.000768,0.24304,0.775892,1288.84,0,0,0
Suite_5,Forward,0,671,0.004053,0.583763,0,0.000512,0.258048,0.614823,1626.48,0,0,0
Suite_5,Forward,0,672,0.004109,0.630952,0,0.000512,0.243712,0.598902,1669.72,0,0,0
Suite_5,Forward,0,673,0.003805,1.74467,0,0.001664,0.241888,0.647463,1544.49,0,0,0
Suite_5,Forward,0,674,0.003853,0.562429,0,0.000512,0.241664,1.76045,568.038,0,0,0
Suite_5,Forward,0,675,0.004429,2.06056,0,0.000288,0.241664,0.781474,1279.63,0,0,0
Suite_5,Forward,0,676,0.004215,0.581747,0,0.001312,0.241696,2.0766,481.557,0,0,0
Suite_5,Forward,0,677,0.004067,0.591106,0,0.001408,0.247808,0.783311,1276.63,0,0,0
Suite_5,Forward,0,678,0.003813,0.612099,0,0,0.243712,0.607098,1647.18,0,0,0
Suite_5,Forward,0,679,0.004055,1.73676,0,0.001472,0.243584,0.627089,1594.67,0,0,0
Suite_5,Forward,0,680,0.003845,0.546879,0,0,0.242368,1.75178,570.847,0,0,0
Suite_5,Forward,0,681,0.004145,2.06574,0,0.000512,0.241632,0.765537,1306.27,0,0,0
Suite_5,Forward,0,682,0.004074,0.575365,0,0.000576,0.241344,2.08234,480.229,0,0,0
Suite_5,Forward,0,683,0.004092,0.580354,0,0.000288,0.241664,0.792993,1261.05,0,0,0
Suite_5,Forward,0,684,0.003818,0.586308,0,0.000512,0.248416,0.595365,1679.64,0,0,0
Suite_5,Forward,0,685,0.003853,0.633605,0,0.000512,0.243712,0.602567,1659.57,0,0,0
Suite_5,Forward,0,686,0.003987,1.74498,0,0.00064,0.243296,0.649349,1540,0,0,0
Suite_5,Forward,0,687,0.003965,0.555522,0,3.2e-05,0.241664,1.76004,568.168,0,0,0
Suite_5,Forward,0,688,0.004275,2.08526,0,0,0.240288,0.743587,1344.83,0,0,0
Suite_5,Forward,0,689,0.004328,0.562669,0,0,0.244192,2.10379,475.332,0,0,0
Suite_5,Forward,0,690,0.004031,0.597641,0,0.000512,0.238336,0.781242,1280.01,0,0,0
Suite_5,Forward,0,691,0.004015,0.601393,0,0,0.28064,0.613829,1629.12,0,0,0
Suite_5,Forward,0,692,0.003981,1.20132,0,0,0.243104,0.616791,1621.29,0,0,0
Suite_5,Forward,0,693,0.004007,1.01751,0,0.000704,0.243712,1.21856,820.642,0,0,0
Suite_5,Forward,0,694,0.004177,0.557301,0,0.000448,0.241312,1.23511,809.644,0,0,0
Suite_5,Forward,0,695,0.004748,2.11382,0,0,0.240544,0.775636,1289.26,0,0,0
Suite_5,Forward,0,696,0.004638,0.55381,0,0,0.239616,2.12998,469.488,0,0,0
Suite_5,Forward,0,697,0.004115,0.577564,0,0.001504,0.270336,0.773417,1292.96,0,0,0
Suite_5,Forward,0,698,0.003762,0.64529,0,0.000256,0.24576,0.593676,1684.42,0,0,0
Suite_5,Forward,0,699,0.004085,1.74342,0,0.000352,0.241664,0.664792,1504.23,0,0,0
Suite_5,Forward,0,700,0.00401,0.560183,0,0.001024,0.2432,1.75866,568.615,0,0,0
Suite_5,Forward,0,701,0.004297,2.09297,0,0.000512,0.240672,0.739972,1351.4,0,0,0
Suite_5,Forward,0,702,0.004473,0.560384,0,0,0.251104,2.11136,473.628,0,0,0
Suite_5,Forward,0,703,0.004207,0.598233,0,0,0.237888,0.778521,1284.49,0,0,0
Suite_5,Forward,0,704,0.003787,0.61056,0,0.001472,0.242656,0.613523,1629.93,0,0,0
Suite_5,Forward,0,705,0.003741,1.74645,0,0.000384,0.245856,0.626989,1594.92,0,0,0
Suite_5,Forward,0,706,0.003871,0.570337,0,0,0.245248,1.76214,567.493,0,0,0
Suite_5,Forward,0,707,0.004563,2.04688,0,0.00128,0.243392,0.792268,1262.2,0,0,0
Suite_5,Forward,0,708,0.004509,0.56506,0,0.000512,0.24144,2.06369,484.568,0,0,0
Suite_5,Forward,0,709,0.004116,0.591788,0,0.000736,0.240896,0.785666,1272.81,0,0,0
Suite_5,Forward,0,710,0.004074,0.591441,0,0.000928,0.269312,0.608328,1643.85,0,0,0
Suite_5,Forward,0,711,0.003813,0.636414,0,0.000512,0.245568,0.606699,1648.26,0,0,0
Suite_5,Forward,0,712,0.003884,1.74576,0,6.4e-05,0.244,0.651281,1535.44,0,0,0
Suite_5,Forward,0,713,0.003902,0.557024,0,0.001088,0.241664,1.76223,567.462,0,0,0
Suite_5,Forward,0,714,0.004348,2.06296,0,0.001152,0.239712,0.780042,1281.98,0,0,0
Suite_5,Forward,0,715,0.004315,0.5639,0,0.001344,0.241664,2.07922,480.949,0,0,0
Suite_5,Forward,0,716,0.004477,0.58686,0,0.001088,0.236896,0.781211,1280.06,0,0,0
Suite_5,Forward,0,717,0.003935,0.603935,0,0,0.245568,0.604087,1655.39,0,0,0
Suite_5,Forward,0,718,0.003907,1.76567,0,0.000608,0.243072,0.619946,1613.04,0,0,0
Suite_5,Forward,0,719,0.003856,0.556652,0,0.001184,0.242272,1.78078,561.552,0,0,0
Suite_5,Forward,0,720,0.004485,2.16371,0,0.002048,0.241664,0.774429,1291.27,0,0,0
Suite_5,Forward,0,721,0.004289,0.567469,0,0.000288,0.24064,2.18199,458.297,0,0,0
Suite_5,Forward,0,722,0.004192,0.589201,0,0.000608,0.23696,0.786169,1271.99,0,0,0
Suite_5,Forward,0,723,0.004025,0.573943,0,0.00048,0.281088,0.605016,1652.85,0,0,0
Suite_5,Forward,0,724,0.004184,1.22001,0,0.001376,0.245312,0.588756,1698.5,0,0,0
Suite_5,Forward,0,725,0.003909,1.02054,0,0.001504,0.243072,1.23742,808.134,0,0,0
Suite_5,Forward,0,726,0.004099,0.556082,0,0.000512,0.244736,1.2386,807.361,0,0,0
Suite_5,Forward,0,727,0.004747,2.12835,0,0.000576,0.24016,0.771813,1295.65,0,0,0
Suite_5,Forward,0,728,0.004069,0.548499,0,0.00048,0.239616,2.15016,465.081,0,0,0
Suite_5,Forward,0,729,0.004261,0.578295,0,0,0.261216,0.767484,1302.96,0,0,0
Suite_5,Forward,0,730,0.003853,0.634464,0,0.000512,0.243296,0.594556,1681.93,0,0,0
Suite_5,Forward,0,731,0.003854,1.74078,0,0.00064,0.241664,0.649334,1540.04,0,0,0
Suite_5,Forward,0,732,0.003797,0.551951,0,0,0.241504,1.75555,569.622,0,0,0
Suite_5,Forward,0,733,0.00452,2.06122,0,0.000928,0.24096,0.770675,1297.56,0,0,0
Suite_5,Forward,0,734,0.004177,0.567335,0,0.001312,0.240384,2.07838,481.144,0,0,0
Suite_5,Forward,0,735,0.00531,0.58108,0,0.001504,0.236896,0.791677,1263.14,0,0,0
Suite_5,Forward,0,736,0.003994,0.595073,0,0.001056,0.243776,0.598243,1671.56,0,0,0
Suite_5,Forward,0,737,0.003785,1.73752,0,0.000704,0.241664,0.611963,1634.09,0,0,0
Suite_5,Forward,0,738,0.004054,0.555782,0,0.000544,0.241664,1.75341,570.318,0,0,0
Suite_5,Forward,0,739,0.004305,2.06602,0,0.000672,0.24752,0.773078,1293.53,0,0,0
Suite_5,Forward,0,740,0.004304,0.560027,0,6.4e-05,0.241664,2.08218,480.266,0,0,0
Suite_5,Forward,0,741,0.004285,0.590596,0,0,0.24064,0.786595,1271.3,0,0,0
Suite_5,Forward,0,742,0.00381,0.586203,0,0.000832,0.262656,0.606769,1648.07,0,0,0
Suite_5,Forward,0,743,0.003821,0.636591,0,0.000768,0.243552,0.601131,1663.53,0,0,0
Suite_5,Forward,0,744,0.003782,1.74406,0,0,0.241504,0.651245,1535.52,0,0,0
Suite_5,Forward,0,745,0.003873,0.562984,0,0.00064,0.24176,1.76053,568.012,0,0,0
Suite_5,Forward,0,746,0.004287,2.05672,0,0.001504,0.240096,0.78137,1279.8,0,0,0
Suite_5,Forward,0,747,0.004301,0.5557,0,0,0.241536,2.07289,482.419,0,0,0
Suite_5,Forward,0,748,0.004111,0.592407,0,0,0.245152,0.773368,1293.05,0,0,0
Suite_5,Forward,0,749,0.003937,0.608054,0,0.000512,0.288768,0.608983,1642.08,0,0,0
Suite_5,Forward,0,750,0.003892,1.21627,0,0,0.240608,0.623796,1603.09,0,0,0
Suite_5,Forward,0,751,0.003844,1.01959,0,0.000832,0.241664,1.23119,812.222,0,0,0
Suite_5,Forward,0,752,0.004273,0.548344,0,0,0.24048,1.2366,808.666,0,0,0
Suite_5,Forward,0,753,0.004309,2.10624,0,0.001376,0.240992,0.768003,1302.08,0,0,0
Suite_5,Forward,0,754,0.004515,0.55168,0,0.001248,0.240352,2.12321,470.985,0,0,0
Suite_5,Forward,0,755,0.004293,0.575415,0,9.6e-05,0.26416,0.770027,1298.66,0,0,0
Suite_5,Forward,0,756,0.004049,0.628821,0,0.000224,0.245664,0.595658,1678.82,0,0,0
Suite_5,Forward,0,757,0.003857,1.74681,0,0.001568,0.241664,0.646048,1547.87,0,0,0
Suite_5,Forward,0,758,0.003818,0.552649,0,0,0.240064,1.7625,567.374,0,0,0
Suite_5,Forward,0,759,0.0044,2.05118,0,9.6e-05,0.24192,0.769963,1298.76,0,0,0
Suite_5,Forward,0,760,0.004455,0.563843,0,0.001504,0.241824,2.06751,483.673,0,0,0
Suite_5,Forward,0,761,0.004079,0.591338,0,0.000352,0.23824,0.782988,1277.16,0,0,0
Suite_5,Forward,0,762,0.003799,0.610935,0,0,0.243712,0.607367,1646.45,0,0,0
Suite_5,Forward,0,763,0.003807,1.74661,0,0.000512,0.242816,0.625816,1597.91,0,0,0
Suite_5,Forward,0,764,0.00384,0.550006,0,0.000384,0.241664,1.76155,567.681,0,0,0
Suite_5,Forward,0,765,0.004249,2.06078,0,0.001664,0.243424,0.769872,1298.92,0,0,0
Suite_5,Forward,0,766,0.004355,0.579668,0,0.001376,0.243072,2.078,481.233,0,0,0
Suite_5,Forward,0,767,0.004291,0.592527,0,3.2e-05,0.245056,0.782618,1277.76,0,0,0
Suite_5,Forward,0,768,0.003934,0.585473,0,0.000544,0.268416,0.60786,1645.12,0,0,0
Suite_5,Forward,0,769,0.003889,0.636883,0,9.6e-05,0.243712,0.601798,1661.69,0,0,0
Suite_5,Forward,0,770,0.003809,1.75115,0,0.000288,0.241664,0.652695,1532.11,0,0,0
Suite_5,Forward,0,771,0.003808,0.551406,0,0.001504,0.244128,1.76592,566.277,0,0,0
Suite_5,Forward,0,772,0.004209,2.06815,0,0.000704,0.241664,0.768849,1300.65,0,0,0
Suite_5,Forward,0,773,0.004787,0.559883,0,6.4e-05,0.243712,2.08774,478.987,0,0,0
Suite_5,Forward,0,774,0.004468,0.59105,0,0.000448,0.23616,0.779159,1283.44,0,0,0
Suite_5,Forward,0,775,0.004011,0.606891,0,0.001536,0.244608,0.606495,1648.82,0,0,0
Suite_5,Forward,0,776,0.003786,1.76204,0,0,0.243552,0.621865,1608.07,0,0,0
Suite_5,Forward,0,777,0.003832,0.557838,0,0,0.241984,1.77844,562.29,0,0,0
Suite_5,Forward,0,778,0.004455,2.07945,0,0,0.245536,0.75723,1320.6,0,0,0
Suite_5,Forward,0,779,0.004734,0.562898,0,0,0.241664,2.09599,477.102,0,0,0
Suite_5,Forward,0,780,0.004046,0.593766,0,0.001312,0.243904,0.781143,1280.18,0,0,0
Suite_5,Forward,0,781,0.003863,0.584854,0,0.001312,0.260096,0.610228,1638.73,0,0,0
Suite_5,Forward,0,782,0.003818,0.638199,0,0,0.24672,0.600654,1664.85,0,0,0
Suite_5,Forward,0,783,0.003812,1.74623,0,0.001408,0.240512,0.653055,1531.26,0,0,0
Suite_5,Forward,0,784,0.003842,0.559025,0,0.00048,0.241216,1.76085,567.907,0,0,0
Suite_5,Forward,0,785,0.004302,2.03353,0,0.000352,0.241664,0.783339,1276.59,0,0,0
Suite_5,Forward,0,786,0.004687,0.566655,0,0.000512,0.24224,2.05161,487.422,0,0,0
Suite_5,Forward,0,787,0.004363,0.589459,0,0.000736,0.246112,0.78202,1278.74,0,0,0
Suite_5,Forward,0,788,0.003857,0.616401,0,0.001152,0.243712,0.604744,1653.59,0,0,0
Suite_5,Forward,0,789,0.003785,1.75751,0,0.001184,0.244064,0.633572,1578.35,0,0,0
Suite_5,Forward,0,790,0.003911,0.547435,0,0.001248,0.241664,1.77314,563.972,0,0,0
Suite_5,Forward,0,791,0.004726,2.07164,0,0.00112,0.24192,0.768547,1301.16,0,0,0
Suite_5,Forward,0,792,0.004322,0.564092,0,0,0.241664,2.0885,478.813,0,0,0
Suite_5,Forward,0,793,0.004076,0.595934,0,0.00112,0.241664,0.783451,1276.4,0,0,0
Suite_5,Forward,0,794,0.004017,0.586419,0,0,0.258048,0.612045,1633.87,0,0,0
Suite_5,Forward,0,795,0.004071,0.628998,0,0.001152,0.242432,0.60136,1662.9,0,0,0
Suite_5,Forward,0,796,0.003949,1.75217,0,0,0.242784,0.644145,1552.45,0,0,0
Suite_5,Forward,0,797,0.003918,0.550448,0,0.001472,0.245312,1.76844,565.47,0,0,0
Suite_5,Forward,0,798,0.004335,2.07401,0,0,0.24192,0.768504,1301.23,0,0,0
Suite_5,Forward,0,799,0.004466,0.589203,0,0.000512,0.24192,2.09046,478.363,0,0,0
Suite_5,Forward,0,800,0.004102,0.591366,0,0.000352,0.237856,0.779947,1282.14,0,0,0
Suite_5,Forward,0,801,0.003795,0.608372,0,0.000832,0.250496,0.607918,1644.96,0,0,0
Suite_5,Forward,0,802,0.003783,1.75404,0,0.00048,0.243008,0.623896,1602.83,0,0,0
Suite_5,Forward,0,803,0.003872,0.544904,0,0.000704,0.243008,1.76884,565.343,0,0,0
Suite_5,Forward,0,804,0.004135,2.07698,0,0,0.239616,0.761873,1312.55,0,0,0
Suite_5,Forward,0,805,0.00749,0.55662,0,0.00048,0.239968,2.09484,477.364,0,0,0
Suite_5,Forward,0,806,0.004171,0.586943,0,0.000512,0.241216,0.786718,1271.1,0,0,0
Suite_5,Forward,0,807,0.003822,0.580695,0,0.00064,0.26704,0.602513,1659.72,0,0,0
Suite_5,Forward,0,808,0.003886,0.638783,0,3.2e-05,0.243712,0.595863,1678.24,0,0,0
Suite_5,Forward,0,809,0.003948,1.74124,0,0.001216,0.240288,0.655278,1526.07,0,0,0
Suite_5,Forward,0,810,0.003881,0.551174,0,0.000512,0.240704,1.75725,569.072,0,0,0
Suite_5,Forward,0,811,0.004448,2.05998,0,6.4e-05,0.240128,0.763775,1309.29,0,0,0
Suite_5,Forward,0,812,0.004467,0.564059,0,0,0.241568,2.07627,481.632,0,0,0
Suite_5,Forward,0,813,0.004327,0.577951,0,0.000544,0.236224,0.79094,1264.32,0,0,0
Suite_5,Forward,0,814,0.003856,0.605406,0,0.000384,0.243552,0.594609,1681.78,0,0,0
Suite_5,Forward,0,815,0.003889,1.75607,0,0,0.241824,0.62045,1611.73,0,0,0
Suite_5,Forward,0,816,0.003877,0.573643,0,0.000512,0.243712,1.77094,564.673,0,0,0
Suite_5,Forward,0,817,0.004174,2.05533,0,0.000256,0.24096,0.792992,1261.05,0,0,0
Suite_5,Forward,0,818,0.004656,0.567834,0,0.000128,0.243424,2.07258,482.489,0,0,0
Suite_5,Forward,0,819,0.004052,0.589202,0,0.000512,0.241792,0.78652,1271.42,0,0,0
Suite_5,Forward,0,820,0.003981,0.58677,0,0,0.264192,0.604362,1654.64,0,0,0
Suite_5,Forward,0,821,0.003876,0.632272,0,0.001376,0.244032,0.604167,1655.17,0,0,0
Suite_5,Forward,0,822,0.003787,1.75294,0,0.001088,0.243168,0.647949,1543.33,0,0,0
Suite_5,Forward,0,823,0.004047,0.54918,0,3.2e-05,0.24048,1.76782,565.667,0,0,0
Suite_5,Forward,0,824,0.004422,2.05923,0,0.001088,0.249856,0.761097,1313.89,0,0,0
Suite_5,Forward,0,825,0.00421,0.571744,0,0,0.243008,2.07714,481.432,0,0,0
Suite_5,Forward,0,826,0.004041,0.591578,0,0.001376,0.23696,0.789924,1265.94,0,0,0
Suite_5,Forward,0,827,0.003831,0.604949,0,0.00112,0.24576,0.606487,1648.84,0,0,0
Suite_5,Forward,0,828,0.003828,1.75689,0,0.00144,0.242272,0.619585,1613.98,0,0,0
Suite_5,Forward,0,829,0.004122,0.564897,0,0.000512,0.243136,1.7736,563.826,0,0,0
Suite_5,Forward,0,830,0.004995,2.0424,0,0.0008,0.240704,0.784335,1274.97,0,0,0
Suite_5,Forward,0,831,0.004479,0.55837,0,0.00096,0.241536,2.05938,485.584,0,0,0
Suite_5,Forward,0,832,0.004079,0.592999,0,0.000416,0.241664,0.776367,1288.05,0,0,0
Suite_5,Forward,0,833,0.003813,0.584799,0,0.00128,0.263328,0.609641,1640.31,0,0,0
Suite_5,Forward,0,834,0.003775,0.640564,0,0,0.243712,0.600525,1665.21,0,0,0
Suite_5,Forward,0,835,0.003773,1.74522,0,0.001472,0.244064,0.655414,1525.75,0,0,0
Suite_5,Forward,0,836,0.003793,0.544956,0,0.000352,0.2416,1.75988,568.221,0,0,0
Suite_5,Forward,0,837,0.004164,2.06883,0,0,0.239744,0.764406,1308.21,0,0,0
Suite_5,Forward,0,838,0.004716,0.556848,0,0,0.241664,2.08588,479.414,0,0,0
Suite_5,Forward,0,839,0.004008,0.58958,0,0.000384,0.236064,0.775202,1289.99,0,0,0
Suite_5,Forward,0,840,0.00379,0.611236,0,0.00064,0.249088,0.604603,1653.98,0,0,0
Suite_5,Forward,0,841,0.004022,1.74023,0,0.001248,0.248256,0.627532,1593.54,0,0,0
Suite_5,Forward,0,842,0.004015,0.554342,0,0.000288,0.243264,1.76011,568.148,0,0,0
Suite_5,Forward,0,843,0.00459,2.06076,0,0.00144,0.241248,0.77168,1295.87,0,0,0
Suite_5,Forward,0,844,0.004236,0.562777,0,3.2e-05,0.248832,2.077,481.464,0,0,0
Suite_5,Forward,0,845,0.004132,0.603256,0,0.001344,0.242144,0.782131,1278.56,0,0,0
Suite_5,Forward,0,846,0.003964,0.584692,0,0.00048,0.261792,0.619203,1614.98,0,0,0
Suite_5,Forward,0,847,0.003736,0.632705,0,0.000512,0.243648,0.59945,1668.2,0,0,0
Suite_5,Forward,0,848,0.00378,1.75429,0,0.001312,0.242336,0.647319,1544.83,0,0,0
Suite_5,Forward,0,849,0.004052,0.546714,0,0,0.244672,1.7705,564.812,0,0,0
Suite_5,Forward,0,850,0.004337,2.05442,0,0,0.242176,0.765062,1307.08,0,0,0
Suite_5,Forward,0,851,0.004422,0.561707,0,0.001472,0.24224,2.07026,483.031,0,0,0
Suite_5,Forward,0,852,0.00415,0.590852,0,0.000512,0.237088,0.779186,1283.39,0,0,0
Suite_5,Forward,0,853,0.003835,0.604858,0,0,0.245824,0.607999,1644.74,0,0,0
Suite_5,Forward,0,854,0.003751,1.75095,0,0.000448,0.242848,0.620281,1612.17,0,0,0
Suite_5,Forward,0,855,0.003849,0.558859,0,0.001152,0.241664,1.76561,566.377,0,0,0
Suite_5,Forward,0,856,0.004411,2.04023,0,0.001504,0.241632,0.775787,1289.01,0,0,0
Suite_5,Forward,0,857,0.004103,0.559361,0,0.000512,0.241856,2.0579,485.932,0,0,0
Suite_5,Forward,0,858,0.004129,0.59731,0,0.001024,0.24176,0.783456,1276.4,0,0,0
Suite_5,Forward,0,859,0.003821,0.58641,0,3.2e-05,0.259296,0.612286,1633.22,0,0,0
Suite_5,Forward,0,860,0.003786,0.629582,0,0,0.2424,0.60097,1663.98,0,0,0
Suite_5,Forward,0,861,0.003888,1.74786,0,0.000512,0.245664,0.645502,1549.18,0,0,0
Suite_5,Forward,0,862,0.003842,0.551009,0,0.001056,0.242208,1.76342,567.08,0,0,0
Suite_5,Forward,0,863,0.004251,2.06547,0,0.002048,0.24112,0.768378,1301.44,0,0,0
Suite_5,Forward,0,864,0.004168,0.563016,0,0.000512,0.2416,2.081,480.539,0,0,0
Suite_5,Forward,0,865,0.004002,0.589241,0,0.001376,0.237568,0.782173,1278.49,0,0,0
Suite_5,Forward,0,866,0.003912,0.60851,0,0.000128,0.24576,0.60512,1652.56,0,0,0
Suite_5,Forward,0,867,0.003803,1.73691,0,0.00048,0.245312,0.623333,1604.28,0,0,0
Suite_5,Forward,0,868,0.003781,0.55027,0,0.00128,0.241664,1.75164,570.893,0,0,0
Suite_5,Forward,0,869,0.00415,2.06983,0,0,0.241792,0.76934,1299.82,0,0,0
Suite_5,Forward,0,870,0.004249,0.593457,0,0.001408,0.241664,2.09432,477.481,0,0,0
Suite_5,Forward,0,871,0.00404,0.589405,0,0.000224,0.242912,0.775016,1290.3,0,0,0
Suite_5,Forward,0,872,0.003735,0.59024,0,0,0.260096,0.604551,1654.12,0,0,0
Suite_5,Forward,0,873,0.004136,0.606445,0,0.000672,0.243104,0.628677,1590.64,0,0,0
Suite_5,Forward,0,874,0.004026,1.73617,0,0.00112,0.24192,0.629897,1587.56,0,0,0
Suite_5,Forward,0,875,0.003908,0.554699,0,0.001248,0.241568,1.75136,570.984,0,0,0
Suite_5,Forward,0,876,0.004365,2.05574,0,0.000256,0.241664,0.771958,1295.41,0,0,0
Suite_5,Forward,0,877,0.004265,0.563941,0,0.001024,0.241408,2.07342,482.294,0,0,0
Suite_5,Forward,0,878,0.004095,0.591364,0,0.00032,0.237568,0.78249,1277.97,0,0,0
Suite_5,Forward,0,879,0.008335,0.599413,0,0,0.280128,0.606625,1648.46,0,0,0
Suite_5,Forward,0,880,0.003806,1.20446,0,0,0.24016,0.618831,1615.95,0,0,0
Suite_5,Forward,0,881,0.003819,1.0724,0,0.00128,0.241664,1.221,819.001,0,0,0
Suite_5,Forward,0,882,0.004194,0.576595,0,0.001376,0.240864,1.24019,806.325,0,0,0
Suite_5,Forward,0,883,0.00441,2.1604,0,0.001184,0.243296,0.744177,1343.77,0,0,0
Suite_5,Forward,0,884,0.00803,0.549369,0,0.000416,0.242464,2.17643,459.469,0,0,0
Suite_5,Forward,0,885,0.004089,0.580026,0,0.001024,0.258944,0.773049,1293.58,0,0,0
Suite_5,Forward,0,886,0.003819,0.647107,0,0.000512,0.24384,0.596141,1677.46,0,0,0
Suite_5,Forward,0,887,0.003867,1.73112,0,0,0.2432,0.661765,1511.11,0,0,0
Suite_5,Forward,0,888,0.003986,0.550206,0,0.000448,0.241664,1.7459,572.77,0,0,0
Suite_5,Forward,0,889,0.004106,2.04852,0,0.000384,0.240768,0.768782,1300.76,0,0,0
Suite_5,Forward,0,890,0.004307,0.56664,0,0.000224,0.243712,2.0651,484.237,0,0,0
Suite_5,Forward,0,891,0.004235,0.584272,0,0.001856,0.23728,0.784686,1274.4,0,0,0
Suite_5,Forward,0,892,0.003836,0.605263,0,9.6e-05,0.24336,0.599374,1668.41,0,0,0
Suite_5,Forward,0,893,0.003851,1.74629,0,0.001472,0.241664,0.621389,1609.3,0,0,0
Suite_5,Forward,0,894,0.003922,0.569502,0,0.000384,0.242816,1.76198,567.542,0,0,0
Suite_5,Forward,0,895,0.004546,2.08916,0,0.000512,0.241184,0.743873,1344.32,0,0,0
Suite_5,Forward,0,896,0.004334,0.563087,0,0.000384,0.240576,2.10541,474.967,0,0,0
Suite_5,Forward,0,897,0.004312,0.588941,0,6.4e-05,0.24272,0.786021,1272.23,0,0,0
Suite_5,Forward,0,898,0.003802,0.588186,0,0.001088,0.259264,0.605076,1652.68,0,0,0
Suite_5,Forward,0,899,0.004081,0.623715,0,0.000192,0.24576,0.608678,1642.9,0,0,0
Suite_5,Forward,0,900,0.00378,1.75222,0,0.001088,0.24176,0.638558,1566.03,0,0,0
Suite_5,Forward,0,901,0.003838,0.552154,0,0,0.241792,1.76906,565.274,0,0,0
Suite_5,Forward,0,902,0.004121,2.05173,0,0,0.241568,0.770115,1298.51,0,0,0
Suite_5,Forward,0,903,0.004666,0.588551,0,0.000192,0.241664,2.0686,483.419,0,0,0
Suite_5,Forward,0,904,0.004298,0.587087,0,0.001024,0.237568,0.779325,1283.16,0,0,0
Suite_5,Forward,0,905,0.003893,0.600949,0,0.000512,0.24448,0.610571,1637.81,0,0,0
Suite_5,Forward,0,906,0.003985,1.7483,0,0.001152,0.241344,0.616749,1621.41,0,0,0
Suite_5,Forward,0,907,0.004015,0.546014,0,0,0.241664,1.76327,567.128,0,0,0
Suite_5,Forward,0,908,0.004569,2.05994,0,0.001248,0.241408,0.767209,1303.43,0,0,0
Suite_5,Forward,0,909,0.004396,0.559969,0,0.000256,0.24096,2.07812,481.204,0,0,0
Suite_5,Forward,0,910,0.004038,0.594911,0,6.4e-05,0.240544,0.778864,1283.92,0,0,0
Suite_5,Forward,0,911,0.00377,0.585453,0,0.001504,0.261664,0.610269,1638.62,0,0,0
Suite_5,Forward,0,912,0.003813,0.633438,0,0.000256,0.243168,0.599922,1666.88,0,0,0
Suite_5,Forward,0,913,0.00375,1.76409,0,0.00144,0.242848,0.649511,1539.62,0,0,0
Suite_5,Forward,0,914,0.006076,0.624164,0,0,0.240224,1.7877,559.379,0,0,0
Suite_5,Forward,0,915,0.006312,2.07099,0,0.000512,0.241248,0.747987,1336.92,0,0,0
Suite_5,Forward,0,916,0.004666,0.58086,0,0.000512,0.241344,2.09085,478.274,0,0,0
Suite_5,Forward,0,917,0.004093,0.586822,0,0,0.245856,0.780758,1280.81,0,0,0
Suite_5,Forward,0,918,0.003984,0.618228,0,0,0.245184,0.60322,1657.77,0,0,0
Suite_5,Forward,0,919,0.00378,1.73992,0,0.00032,0.241728,0.633317,1578.99,0,0,0
Suite_5,Forward,0,920,0.003848,0.54573,0,0.001312,0.241664,1.75452,569.958,0,0,0
Suite_5,Forward,0,921,0.004278,2.07072,0,0.001184,0.240256,0.764651,1307.79,0,0,0
Suite_5,Forward,0,922,0.004274,0.603251,0,0.000768,0.241664,2.08841,478.834,0,0,0
Suite_5,Forward,0,923,0.005558,0.577321,0,0,0.241664,0.792473,1261.87,0,0,0
Suite_5,Forward,0,924,0.003973,0.58845,0,0.001408,0.260192,0.594655,1681.65,0,0,0
Suite_5,Forward,0,925,0.003894,0.629826,0,0.00096,0.243712,0.605311,1652.04,0,0,0
Suite_5,Forward,0,926,0.003805,1.75339,0,9.6e-05,0.243008,0.645862,1548.32,0,0,0
Suite_5,Forward,0,927,0.00403,0.566018,0,0.001376,0.241472,1.77261,564.141,0,0,0
Suite_5,Forward,0,928,0.00438,2.08598,0,0.000512,0.24304,0.733265,1363.76,0,0,0
Suite_5,Forward,0,929,0.00441,0.561243,0,0.000544,0.241856,2.10438,475.199,0,0,0
Suite_5,Forward,0,930,0.004194,0.586377,0,0.001312,0.237504,0.78494,1273.98,0,0,0
Suite_5,Forward,0,931,0.003807,0.600928,0,0.000352,0.243712,0.601935,1661.31,0,0,0
Suite_5,Forward,0,932,0.003811,1.73597,0,0.000512,0.241664,0.615588,1624.46,0,0,0
Suite_5,Forward,0,933,0.003865,0.552488,0,0.001696,0.241824,1.75278,570.522,0,0,0
Suite_5,Forward,0,934,0.004227,2.05782,0,0.000512,0.241216,0.770676,1297.56,0,0,0
Suite_5,Forward,0,935,0.004782,0.558927,0,0.001632,0.241344,2.0747,481.998,0,0,0
Suite_5,Forward,0,936,0.004087,0.590606,0,0.00112,0.249856,0.776936,1287.11,0,0,0
Suite_5,Forward,0,937,0.003843,0.588908,0,0,0.265792,0.614056,1628.52,0,0,0
Suite_5,Forward,0,938,0.003802,0.643196,0,0.00048,0.242976,0.60461,1653.96,0,0,0
Suite_5,Forward,0,939,0.003783,1.74141,0,0.001504,0.24224,0.65794,1519.9,0,0,0
Suite_5,Forward,0,940,0.003785,0.576337,0,0.00144,0.241696,1.75606,569.458,0,0,0
Suite_5,Forward,0,941,0.004224,2.08459,0,0.00128,0.240128,0.744567,1343.06,0,0,0
Suite_5,Forward,0,942,0.00435,0.582726,0,0.002048,0.240832,2.10134,475.887,0,0,0
Suite_5,Forward,0,943,0.00414,0.582212,0,0.001376,0.240224,0.800953,1248.51,0,0,0
Suite_5,Forward,0,944,0.003808,0.608864,0,0.000256,0.24528,0.598097,1671.97,0,0,0
Suite_5,Forward,0,945,0.003909,1.73599,0,0.00064,0.243328,0.625477,1598.78,0,0,0
Suite_5,Forward,0,946,0.003957,0.571804,0,0,0.24064,1.75174,570.86,0,0,0
Suite_5,Forward,0,947,0.004251,2.0506,0,0.001024,0.24144,0.78945,1266.7,0,0,0
Suite_5,Forward,0,948,0.004729,0.561589,0,9.6e-05,0.244864,2.06695,483.806,0,0,0
Suite_5,Forward,0,949,0.004109,0.595346,0,0.000832,0.243584,0.781892,1278.95,0,0,0
Suite_5,Forward,0,950,0.003988,0.587644,0,0.001024,0.262176,0.611508,1635.3,0,0,0
Suite_5,Forward,0,951,0.003819,0.62932,0,0,0.242208,0.602412,1659.99,0,0,0
Suite_5,Forward,0,952,0.003805,1.74888,0,0,0.245216,0.643939,1552.94,0,0,0
Suite_5,Forward,0,953,0.00394,0.577467,0,0,0.241664,1.76526,566.489,0,0,0
Suite_5,Forward,0,954,0.004153,2.10169,0,0.00048,0.24096,0.745045,1342.2,0,0,0
Suite_5,Forward,0,955,0.004329,0.554908,0,0,0.242272,2.12241,471.163,0,0,0
Suite_5,Forward,0,956,0.004031,0.590343,0,0.000512,0.243392,0.773178,1293.36,0,0,0
Suite_5,Forward,0,957,0.003859,0.608035,0,0,0.279328,0.607146,1647.05,0,0,0
Suite_5,Forward,0,958,0.003772,1.21224,0,0.001024,0.242368,0.623728,1603.26,0,0,0
Suite_5,Forward,0,959,0.003978,1.06895,0,0.001152,0.241376,1.22721,814.858,0,0,0
Suite_5,Forward,0,960,0.004232,0.553692,0,0.000352,0.241664,1.23561,809.318,0,0,0
Suite_5,Forward,0,961,0.004655,2.11552,0,0.000608,0.241664,0.766163,1305.21,0,0,0
Suite_5,Forward,0,962,0.004069,0.555414,0,0.00048,0.250304,2.13241,468.952,0,0,0
Suite_5,Forward,0,963,0.004073,0.582905,0,0.001152,0.258048,0.759106,1317.34,0,0,0
Suite_5,Forward,0,964,0.003815,0.629573,0,0,0.242496,0.597861,1672.63,0,0,0
Suite_5,Forward,0,965,0.003813,1.74186,0,0.001344,0.2432,0.646565,1546.63,0,0,0
Suite_5,Forward,0,966,0.004119,0.578061,0,0.001408,0.241632,1.7577,568.925,0,0,0
Suite_5,Forward,0,967,0.004225,2.08408,0,0.000512,0.241376,0.744627,1342.95,0,0,0
Suite_5,Forward,0,968,0.004755,0.567948,0,0.00048,0.239424,2.1002,476.146,0,0,0
Suite_5,Forward,0,969,0.004077,0.575024,0,0.001024,0.23712,0.793338,1260.5,0,0,0
Suite_5,Forward,0,970,0.00389,0.606848,0,0.000512,0.24336,0.59169,1690.07,0,0,0
Suite_5,Forward,0,971,0.003767,1.74368,0,0.000576,0.243232,0.621883,1608.02,0,0,0
Suite_5,Forward,0,972,0.004045,0.5508,0,6.4e-05,0.241664,1.75831,568.729,0,0,0
Suite_5,Forward,0,973,0.004083,2.06718,0,0,0.23968,0.769339,1299.82,0,0,0
Suite_5,Forward,0,974,0.005066,0.560022,0,0.00064,0.241664,2.08525,479.56,0,0,0
Suite_5,Forward,0,975,0.004082,0.591403,0,0,0.241216,0.778702,1284.19,0,0,0
Suite_5,Forward,0,976,0.003916,0.584914,0,0.000512,0.262144,0.60744,1646.25,0,0,0
Suite_5,Forward,0,977,0.003873,0.629751,0,0.000192,0.243712,0.601444,1662.67,0,0,0
Suite_5,Forward,0,978,0.003835,1.75756,0,0.00192,0.241664,0.645556,1549.05,0,0,0
Suite_5,Forward,0,979,0.004177,0.573786,0,0,0.243488,1.77228,564.244,0,0,0
Suite_5,Forward,0,980,0.004367,2.09652,0,0,0.242176,0.740752,1349.98,0,0,0
Suite_5,Forward,0,981,0.004361,0.565602,0,0.000288,0.241664,2.11516,472.777,0,0,0
Suite_5,Forward,0,982,0.004076,0.587945,0,0.001024,0.237376,0.784321,1274.99,0,0,0
Suite_5,Forward,0,983,0.003805,0.603596,0,0.001664,0.243712,0.603154,1657.95,0,0,0
Suite_5,Forward,0,984,0.003833,1.75055,0,0.000448,0.243712,0.622121,1607.4,0,0,0
Suite_5,Forward,0,985,0.003962,0.550225,0,0,0.242144,1.76684,565.982,0,0,0
Suite_5,Forward,0,986,0.004124,2.06188,0,0.00016,0.243328,0.768319,1301.54,0,0,0
Suite_5,Forward,0,987,0.004385,0.573053,0,0.00048,0.24144,2.07841,481.137,0,0,0
Suite_5,Forward,0,988,0.004188,0.592513,0,0.000256,0.241568,0.771447,1296.27,0,0,0
Suite_5,Forward,0,989,0.003833,0.588317,0,0.000512,0.260096,0.60919,1641.52,0,0,0
Suite_5,Forward,0,990,0.003786,0.630407,0,0.000512,0.24352,0.60404,1655.52,0,0,0
Suite_5,Forward,0,991,0.00401,1.74652,0,0.001056,0.240352,0.645038,1550.3,0,0,0
Suite_5,Forward,0,992,0.004057,0.576069,0,0,0.242464,1.76137,567.739,0,0,0
Suite_5,Forward,0,993,0.004138,2.09008,0,0.00048,0.249312,0.744171,1343.78,0,0,0
Suite_5,Forward,0,994,0.004129,0.571741,0,0.000832,0.245632,2.10671,474.673,0,0,0
Suite_5,Forward,0,995,0.004018,0.590689,0,0,0.2368,0.789136,1267.21,0,0,0
Suite_5,Forward,0,996,0.003866,0.60829,0,0.00144,0.24576,0.605518,1651.48,0,0,0
Suite_5,Forward,0,997,0.003811,1.74246,0,0.001056,0.242272,0.62514,1599.64,0,0,0
Suite_5,Forward,0,998,0.003978,0.55985,0,0.000512,0.24048,1.75827,568.74,0,0,0
Suite_5,Forward,0,999,0.004397,2.08018,0,0,0.241952,0.745906,1340.65,0,0,0
Suite_5,Forward,0,1000,0.004295,0.609372,0,0.000192,0.241664,2.09658,476.968,0,0,0
Suite_5,Deferred_Uber,0,1,0.004743,0.586808,0,0.056544,0.322144,1.50524,664.345,0,0,0
Suite_5,Deferred_Uber,0,2,0.003891,0.771464,0.001408,0.057152,0.331712,0.603498,1657.01,0,0,0
Suite_5,Deferred_Uber,0,3,0.004024,0.696335,0.000384,0.056,0.327136,0.791592,1263.28,0,0,0
Suite_5,Deferred_Uber,0,4,0.003985,1.33069,0,0.056672,0.32992,0.713372,1401.79,0,0,0
Suite_5,Deferred_Uber,0,5,0.004046,0.66242,0,0.055648,0.334784,1.35038,740.53,0,0,0
Suite_5,Deferred_Uber,0,6,0.004547,2.171,0.001056,0.057344,0.352576,0.832603,1201.05,0,0,0
Suite_5,Deferred_Uber,0,7,0.004676,0.720435,0,0.055648,0.32736,2.18984,456.654,0,0,0
Suite_5,Deferred_Uber,0,8,0.00441,1.23415,0.003328,0.056224,0.34816,0.890069,1123.51,0,0,0
Suite_5,Deferred_Uber,0,9,0.004125,0.690877,0.000512,0.057344,0.333824,1.25281,798.208,0,0,0
Suite_5,Deferred_Uber,0,10,0.004222,1.25335,0.000128,0.055616,0.32608,0.897735,1113.91,0,0,0
Suite_5,Deferred_Uber,0,11,0.004004,0.658381,0.000384,0.055968,0.323584,1.27003,787.385,0,0,0
Suite_5,Deferred_Uber,0,12,0.004416,2.17675,0.00064,0.055904,0.333824,0.833689,1199.49,0,0,0
Suite_5,Deferred_Uber,0,13,0.004553,1.14882,0,0.055648,0.324448,2.19785,454.99,0,0,0
Suite_5,Deferred_Uber,0,14,0.004159,0.605428,0.0016,0.056896,0.33184,1.36977,730.049,0,0,0
Suite_5,Deferred_Uber,0,15,0.004236,1.29518,0,0.05552,0.340064,0.747682,1337.47,0,0,0
Suite_5,Deferred_Uber,0,16,0.00399,0.588631,0.001248,0.0568,0.332128,1.3123,762.021,0,0,0
Suite_5,Deferred_Uber,0,17,0.004275,0.672482,9.6e-05,0.05552,0.332224,0.758463,1318.46,0,0,0
Suite_5,Deferred_Uber,0,18,0.004076,0.685906,0,0.056352,0.32928,0.691045,1447.08,0,0,0
Suite_5,Deferred_Uber,0,19,0.003936,0.677676,0,0.05664,0.330112,0.70237,1423.75,0,0,0
Suite_5,Deferred_Uber,0,20,0.003894,0.704248,0.000512,0.057216,0.33792,0.693915,1441.1,0,0,0
Suite_5,Deferred_Uber,0,21,0.003948,1.24072,0.000544,0.057344,0.331776,0.721958,1385.12,0,0,0
Suite_5,Deferred_Uber,0,22,0.003993,0.682741,0,0.055584,0.327008,1.25845,794.627,0,0,0
Suite_5,Deferred_Uber,0,23,0.004369,2.73875,0.00144,0.056832,0.3288,0.851715,1174.1,0,0,0
Suite_5,Deferred_Uber,0,24,0.004174,0.64389,0.000448,0.056032,0.331776,2.75586,362.864,0,0,0
Suite_5,Deferred_Uber,0,25,0.004195,0.672696,0.000512,0.056288,0.35568,0.81366,1229.01,0,0,0
Suite_5,Deferred_Uber,0,26,0.004087,0.818633,0.000352,0.055776,0.333824,0.690706,1447.79,0,0,0
Suite_5,Deferred_Uber,0,27,0.00403,1.23828,0,0.05648,0.326368,0.835347,1197.11,0,0,0
Suite_5,Deferred_Uber,0,28,0.004101,0.706432,0.001376,0.056864,0.3296,1.25491,796.872,0,0,0
Suite_5,Deferred_Uber,0,29,0.004444,1.26623,0.000512,0.05712,0.329824,0.877803,1139.21,0,0,0
Suite_5,Deferred_Uber,0,30,0.003928,0.663938,0.000512,0.057344,0.333824,1.28428,778.646,0,0,0
Suite_5,Deferred_Uber,0,31,0.004685,2.17623,0,0.056544,0.327776,0.83251,1201.19,0,0,0
Suite_5,Deferred_Uber,0,32,0.004786,1.21705,0.000352,0.055936,0.338912,2.19525,455.53,0,0,0
Suite_5,Deferred_Uber,0,33,0.004301,0.593097,0.001408,0.057088,0.329568,1.3955,716.587,0,0,0
Suite_5,Deferred_Uber,0,34,0.004198,1.32224,0.001504,0.05712,0.333824,0.712353,1403.8,0,0,0
Suite_5,Deferred_Uber,0,35,0.004145,0.584998,0,0.05568,0.329728,1.33943,746.586,0,0,0
Suite_5,Deferred_Uber,0,36,0.004264,0.677646,0.001472,0.057152,0.329728,0.702881,1422.72,0,0,0
Suite_5,Deferred_Uber,0,37,0.003961,0.679872,0.000512,0.056992,0.326752,0.695749,1437.3,0,0,0
Suite_5,Deferred_Uber,0,38,0.003818,0.681012,0.000512,0.057248,0.333824,0.696876,1434.98,0,0,0
Suite_5,Deferred_Uber,0,39,0.004027,0.677178,0.000512,0.056288,0.32768,0.697288,1434.13,0,0,0
Suite_5,Deferred_Uber,0,40,0.00382,1.25691,0.00048,0.057312,0.325632,0.693479,1442,0,0,0
Suite_5,Deferred_Uber,0,41,0.004059,0.648208,0.000512,0.057344,0.329376,1.27874,782.02,0,0,0
Suite_5,Deferred_Uber,0,42,0.00478,2.76303,0.001312,0.05728,0.333312,0.817766,1222.84,0,0,0
Suite_5,Deferred_Uber,0,43,0.003948,0.646863,0.000256,0.056032,0.329728,2.78036,359.666,0,0,0
Suite_5,Deferred_Uber,0,44,0.004334,0.79041,0.001056,0.05664,0.329792,0.815312,1226.52,0,0,0
Suite_5,Deferred_Uber,0,45,0.004671,0.694991,0.000448,0.056288,0.329728,0.81084,1233.29,0,0,0
Suite_5,Deferred_Uber,0,46,0.004086,1.24636,0,0.055648,0.329632,0.7131,1402.33,0,0,0
Suite_5,Deferred_Uber,0,47,0.004006,0.654296,0.001472,0.056896,0.327904,1.263,791.763,0,0,0
Suite_5,Deferred_Uber,0,48,0.00413,1.33271,0.000256,0.055968,0.333824,0.82254,1215.75,0,0,0
Suite_5,Deferred_Uber,0,49,0.00388,0.665813,0.001152,0.05664,0.330048,1.35053,740.448,0,0,0
Suite_5,Deferred_Uber,0,50,0.004493,2.17449,0.001184,0.079872,0.360736,0.834991,1197.62,0,0,0
Suite_5,Deferred_Uber,0,51,0.004725,0.731944,0.000352,0.056032,0.330784,2.19247,456.106,0,0,0
Suite_5,Deferred_Uber,0,52,0.004182,1.24552,0.0032,0.05568,0.350752,0.900859,1110.05,0,0,0
Suite_5,Deferred_Uber,0,53,0.004021,0.722425,0.00112,0.056832,0.3344,1.26355,791.419,0,0,0
Suite_5,Deferred_Uber,0,54,0.004445,1.25258,0.000416,0.056,0.33088,0.891635,1121.54,0,0,0
Suite_5,Deferred_Uber,0,55,0.003971,0.666484,0.000512,0.057344,0.32912,1.26944,787.75,0,0,0
Suite_5,Deferred_Uber,0,56,0.004225,2.21331,0.000512,0.05728,0.331776,0.834705,1198.03,0,0,0
Suite_5,Deferred_Uber,0,57,0.004817,1.19253,0,0.056736,0.327904,2.2342,447.587,0,0,0
Suite_5,Deferred_Uber,0,58,0.004335,0.59067,0.00048,0.057184,0.333824,1.36759,731.212,0,0,0
Suite_5,Deferred_Uber,0,59,0.004281,1.28011,6.4e-05,0.055712,0.333696,0.759069,1317.4,0,0,0
Suite_5,Deferred_Uber,0,60,0.004172,0.59665,0.000384,0.055872,0.325632,1.29783,770.516,0,0,0
Suite_5,Deferred_Uber,0,61,0.004703,0.66637,0,0.056384,0.331776,0.717839,1393.07,0,0,0
Suite_5,Deferred_Uber,0,62,0.003926,0.685235,0.001376,0.057024,0.326752,0.684666,1460.57,0,0,0
Suite_5,Deferred_Uber,0,63,0.003827,0.673074,3.2e-05,0.055648,0.32416,0.701411,1425.7,0,0,0
Suite_5,Deferred_Uber,0,64,0.003859,0.694316,0.001056,0.05664,0.32624,0.689035,1451.31,0,0,0
Suite_5,Deferred_Uber,0,65,0.003983,1.2243,0,0.056768,0.33056,0.717768,1393.21,0,0,0
Suite_5,Deferred_Uber,0,66,0.003955,0.669618,0,0.056768,0.330688,1.24165,805.382,0,0,0
Suite_5,Deferred_Uber,0,67,0.004649,2.73231,0.001184,0.0568,0.328064,0.847181,1180.39,0,0,0
Suite_5,Deferred_Uber,0,68,0.003954,0.646872,0.000512,0.057248,0.329184,2.74965,363.683,0,0,0
Suite_5,Deferred_Uber,0,69,0.004118,0.777977,0.000256,0.055584,0.346112,0.820519,1218.74,0,0,0
Suite_5,Deferred_Uber,0,70,0.004558,0.704162,0.000448,0.05584,0.339296,0.796454,1255.57,0,0,0
Suite_5,Deferred_Uber,0,71,0.004141,1.23423,0.000512,0.057344,0.356352,0.721243,1386.5,0,0,0
Suite_5,Deferred_Uber,0,72,0.003864,0.705997,0.00112,0.057088,0.335488,1.25064,799.592,0,0,0
Suite_5,Deferred_Uber,0,73,0.004122,1.29257,0.001024,0.05664,0.333792,0.875612,1142.06,0,0,0
Suite_5,Deferred_Uber,0,74,0.003944,0.670619,0.000512,0.057344,0.333824,1.31025,763.212,0,0,0
Suite_5,Deferred_Uber,0,75,0.004325,2.30837,0,0.055712,0.336864,0.839069,1191.8,0,0,0
Suite_5,Deferred_Uber,0,76,0.004413,1.15842,0.00048,0.057344,0.328928,2.32638,429.853,0,0,0
Suite_5,Deferred_Uber,0,77,0.004178,0.586302,0,0.056672,0.333536,1.38024,724.51,0,0,0
Suite_5,Deferred_Uber,0,78,0.004467,1.29875,0.000512,0.057312,0.3376,0.735067,1360.42,0,0,0
Suite_5,Deferred_Uber,0,79,0.003968,0.582623,0.000512,0.056288,0.327328,1.31572,760.04,0,0,0
Suite_5,Deferred_Uber,0,80,0.004352,0.678987,0.001248,0.056576,0.329152,0.736868,1357.1,0,0,0
Suite_5,Deferred_Uber,0,81,0.003876,0.674968,0,0.056608,0.332448,0.696679,1435.38,0,0,0
Suite_5,Deferred_Uber,0,82,0.003882,0.688496,0.000192,0.055968,0.32768,0.691695,1445.72,0,0,0
Suite_5,Deferred_Uber,0,83,0.003883,0.69651,0.000512,0.057152,0.331968,0.704698,1419.05,0,0,0
Suite_5,Deferred_Uber,0,84,0.003849,1.24106,0,0.055392,0.32784,0.712274,1403.95,0,0,0
Suite_5,Deferred_Uber,0,85,0.003884,0.670283,0.000512,0.056096,0.32768,1.25842,794.648,0,0,0
Suite_5,Deferred_Uber,0,86,0.004581,2.74531,0.00048,0.055904,0.330976,0.83982,1190.73,0,0,0
Suite_5,Deferred_Uber,0,87,0.004093,0.643632,0,0.057024,0.32384,2.76237,362.008,0,0,0
Suite_5,Deferred_Uber,0,88,0.004198,0.78978,0.000512,0.057344,0.353568,0.811862,1231.74,0,0,0
Suite_5,Deferred_Uber,0,89,0.004301,0.698972,0.000512,0.05712,0.329792,0.809025,1236.06,0,0,0
Suite_5,Deferred_Uber,0,90,0.003868,1.24042,0.001056,0.056608,0.356288,0.716858,1394.98,0,0,0
Suite_5,Deferred_Uber,0,91,0.003829,0.65363,0.001504,0.057056,0.331904,1.25659,795.805,0,0,0
Suite_5,Deferred_Uber,0,92,0.004222,1.30732,0,0.055552,0.33232,0.855954,1168.29,0,0,0
Suite_5,Deferred_Uber,0,93,0.003964,0.660589,0.000512,0.057344,0.32768,1.32615,754.062,0,0,0
Suite_5,Deferred_Uber,0,94,0.004213,2.16026,0.000512,0.057248,0.32768,0.829641,1205.34,0,0,0
Suite_5,Deferred_Uber,0,95,0.004528,1.21767,0.00112,0.056672,0.331456,2.17832,459.07,0,0,0
Suite_5,Deferred_Uber,0,96,0.008177,0.618481,0.001152,0.07888,0.351072,1.3865,721.238,0,0,0
Suite_5,Deferred_Uber,0,97,0.004387,0.736623,0.000128,0.055936,0.33328,0.746716,1339.2,0,0,0
Suite_5,Deferred_Uber,0,98,0.004155,1.25169,0.00048,0.057344,0.325632,0.758825,1317.83,0,0,0
Suite_5,Deferred_Uber,0,99,0.004002,0.584151,0.00128,0.057056,0.332416,1.26857,788.292,0,0,0
Suite_5,Deferred_Uber,0,100,0.00415,0.682938,0.001344,0.05696,0.325696,0.701547,1425.42,0,0,0
Suite_5,Deferred_Uber,0,101,0.003936,0.675342,0.001376,0.057152,0.331744,0.700604,1427.34,0,0,0
Suite_5,Deferred_Uber,0,102,0.003979,0.674037,0.001376,0.083968,0.3584,0.692752,1443.52,0,0,0
Suite_5,Deferred_Uber,0,103,0.003888,0.709764,0.000512,0.056768,0.32992,0.690334,1448.57,0,0,0
Suite_5,Deferred_Uber,0,104,0.003812,1.23999,0.00048,0.085792,0.365664,0.725767,1377.85,0,0,0
Suite_5,Deferred_Uber,0,105,0.004027,0.769415,0.000416,0.05616,0.331776,1.25761,795.157,0,0,0
Suite_5,Deferred_Uber,0,106,0.004613,2.7028,0.00128,0.057024,0.333856,0.938923,1065.05,0,0,0
Suite_5,Deferred_Uber,0,107,0.004304,0.698541,0.00112,0.056992,0.330912,2.72063,367.562,0,0,0
Suite_5,Deferred_Uber,0,108,0.004604,0.699084,0,0.056512,0.327424,0.867852,1152.27,0,0,0
Suite_5,Deferred_Uber,0,109,0.004055,1.23699,0.000512,0.05632,0.325632,0.718177,1392.41,0,0,0
Suite_5,Deferred_Uber,0,110,0.00391,0.651506,0.001376,0.056928,0.329952,1.25429,797.263,0,0,0
Suite_5,Deferred_Uber,0,111,0.004328,1.32415,0,0.056448,0.338368,0.819631,1220.06,0,0,0
Suite_5,Deferred_Uber,0,112,0.003965,0.679224,0.001152,0.056672,0.328192,1.341,745.713,0,0,0
Suite_5,Deferred_Uber,0,113,0.004532,2.16093,0.000512,0.05728,0.344064,0.849188,1177.6,0,0,0
Suite_5,Deferred_Uber,0,114,0.00423,0.717965,0,0.056512,0.330656,2.17928,458.867,0,0,0
Suite_5,Deferred_Uber,0,115,0.004671,1.23414,0.00016,0.055872,0.353248,0.886968,1127.44,0,0,0
Suite_5,Deferred_Uber,0,116,0.004064,0.684616,0.001024,0.056576,0.330016,1.25118,799.246,0,0,0
Suite_5,Deferred_Uber,0,117,0.004373,1.25518,0.000512,0.057216,0.331616,0.896592,1115.33,0,0,0
Suite_5,Deferred_Uber,0,118,0.003891,0.662484,0.001504,0.057024,0.32928,1.27285,785.639,0,0,0
Suite_5,Deferred_Uber,0,119,0.004429,2.18484,0,0.05568,0.325632,0.830721,1203.77,0,0,0
Suite_5,Deferred_Uber,0,120,0.004304,1.14887,0.000128,0.056256,0.325632,2.20247,454.035,0,0,0
Suite_5,Deferred_Uber,0,121,0.004086,0.588362,0,0.056352,0.333472,1.36918,730.365,0,0,0
Suite_5,Deferred_Uber,0,122,0.004108,1.26247,0.000512,0.057344,0.339968,0.75721,1320.64,0,0,0
Suite_5,Deferred_Uber,0,123,0.003855,0.590562,0.000512,0.055872,0.32944,1.27919,781.743,0,0,0
Suite_5,Deferred_Uber,0,124,0.004075,0.683094,0.000192,0.055648,0.334624,0.707931,1412.57,0,0,0
Suite_5,Deferred_Uber,0,125,0.003958,0.676732,0.000448,0.056128,0.3256,0.701456,1425.61,0,0,0
Suite_5,Deferred_Uber,0,126,0.004088,0.671785,0.000224,0.056128,0.330848,0.698045,1432.57,0,0,0
Suite_5,Deferred_Uber,0,127,0.003842,0.689409,0,0.056096,0.331776,0.688121,1453.23,0,0,0
Suite_5,Deferred_Uber,0,128,0.003887,1.24534,0.00048,0.057152,0.32768,0.705098,1418.24,0,0,0
Suite_5,Deferred_Uber,0,129,0.004046,0.668853,0,0.05696,0.330336,1.26836,788.417,0,0,0
Suite_5,Deferred_Uber,0,130,0.004335,2.7661,0.00048,0.056096,0.3328,0.838318,1192.86,0,0,0
Suite_5,Deferred_Uber,0,131,0.006233,0.637434,0.00048,0.055904,0.325632,2.79096,358.299,0,0,0
Suite_5,Deferred_Uber,0,132,0.004601,0.777349,0.000512,0.057312,0.325632,0.794081,1259.32,0,0,0
Suite_5,Deferred_Uber,0,133,0.00415,0.692664,0.000128,0.055968,0.335424,0.797284,1254.26,0,0,0
Suite_5,Deferred_Uber,0,134,0.004015,1.24237,0.000256,0.055968,0.325632,0.710139,1408.18,0,0,0
Suite_5,Deferred_Uber,0,135,0.003895,0.658827,0.00032,0.056064,0.32768,1.25881,794.402,0,0,0
Suite_5,Deferred_Uber,0,136,0.004209,1.32873,0,0.056416,0.33424,0.826816,1209.46,0,0,0
Suite_5,Deferred_Uber,0,137,0.003918,0.666683,0,0.056448,0.325696,1.3468,742.501,0,0,0
Suite_5,Deferred_Uber,0,138,0.004115,2.16926,0.001312,0.055776,0.354304,0.835761,1196.51,0,0,0
Suite_5,Deferred_Uber,0,139,0.004796,0.725703,0.000512,0.056128,0.329184,2.18793,457.054,0,0,0
Suite_5,Deferred_Uber,0,140,0.004324,1.23103,0,0.073696,0.344928,0.894948,1117.38,0,0,0
Suite_5,Deferred_Uber,0,141,0.003874,0.725204,0.000512,0.056224,0.331232,1.25033,799.788,0,0,0
Suite_5,Deferred_Uber,0,142,0.004086,1.26093,0.000512,0.057344,0.333312,0.8942,1118.32,0,0,0
Suite_5,Deferred_Uber,0,143,0.003863,0.647265,0.000288,0.05616,0.329728,1.27738,782.854,0,0,0
Suite_5,Deferred_Uber,0,144,0.004622,2.20015,0,0.055392,0.33008,0.822824,1215.33,0,0,0
Suite_5,Deferred_Uber,0,145,0.004682,1.14449,0,0.0568,0.32592,2.21995,450.46,0,0,0
Suite_5,Deferred_Uber,0,146,0.004175,0.588188,0.00016,0.055872,0.331776,1.36489,732.658,0,0,0
Suite_5,Deferred_Uber,0,147,0.004006,1.27393,0.000512,0.057344,0.333824,0.756228,1322.35,0,0,0
Suite_5,Deferred_Uber,0,148,0.003848,0.598005,0.000512,0.057248,0.333312,1.29027,775.034,0,0,0
Suite_5,Deferred_Uber,0,149,0.004285,0.676945,0,0.056448,0.32816,0.716791,1395.11,0,0,0
Suite_5,Deferred_Uber,0,150,0.003925,0.680579,0,0.055392,0.323968,0.6944,1440.09,0,0,0
Suite_5,Deferred_Uber,0,151,0.003992,0.668866,0.001184,0.05696,0.325792,0.702284,1423.93,0,0,0
Suite_5,Deferred_Uber,0,152,0.00386,0.704923,0.001408,0.05712,0.327776,0.684949,1459.96,0,0,0
Suite_5,Deferred_Uber,0,153,0.005012,1.22336,0.001536,0.057184,0.32768,0.724884,1379.53,0,0,0
Suite_5,Deferred_Uber,0,154,0.003987,0.677604,0.000512,0.056096,0.329376,1.24185,805.25,0,0,0
Suite_5,Deferred_Uber,0,155,0.004545,2.73379,0.000512,0.057248,0.325632,0.850762,1175.42,0,0,0
Suite_5,Deferred_Uber,0,156,0.003839,0.609876,0.000448,0.057344,0.333376,2.75074,363.539,0,0,0
Suite_5,Deferred_Uber,0,157,0.004179,0.678013,0,0.05568,0.35264,0.81383,1228.76,0,0,0
Suite_5,Deferred_Uber,0,158,0.004367,0.815448,0.001344,0.056896,0.334144,0.696215,1436.34,0,0,0
Suite_5,Deferred_Uber,0,159,0.003959,1.24126,0.000448,0.056,0.354304,0.83208,1201.81,0,0,0
Suite_5,Deferred_Uber,0,160,0.003923,0.700102,0,0.055488,0.330464,1.25764,795.14,0,0,0
Suite_5,Deferred_Uber,0,161,0.004061,1.28455,0.000512,0.057248,0.32768,0.875931,1141.64,0,0,0
Suite_5,Deferred_Uber,0,162,0.003851,0.658076,0.000512,0.05728,0.331776,1.30216,767.957,0,0,0
Suite_5,Deferred_Uber,0,163,0.004323,2.16873,0.00048,0.056288,0.335872,0.82595,1210.73,0,0,0
Suite_5,Deferred_Uber,0,164,0.004685,1.16686,0.000512,0.05632,0.333824,2.18654,457.344,0,0,0
Suite_5,Deferred_Uber,0,165,0.004427,0.585613,0,0.08384,0.35728,1.38806,720.43,0,0,0
Suite_5,Deferred_Uber,0,166,0.004382,0.772854,9.6e-05,0.055936,0.328896,0.717183,1394.34,0,0,0
Suite_5,Deferred_Uber,0,167,0.003956,1.2476,0.00032,0.055936,0.32688,0.789481,1266.65,0,0,0
Suite_5,Deferred_Uber,0,168,0.003975,0.581304,0.000256,0.05584,0.326848,1.26394,791.178,0,0,0
Suite_5,Deferred_Uber,0,169,0.004119,0.669474,0.000256,0.05584,0.33136,0.750504,1332.44,0,0,0
Suite_5,Deferred_Uber,0,170,0.003831,0.681896,0.000512,0.057344,0.321504,0.687341,1454.88,0,0,0
Suite_5,Deferred_Uber,0,171,0.003885,0.666701,0.001344,0.056768,0.336224,0.697966,1432.73,0,0,0
Suite_5,Deferred_Uber,0,172,0.004074,1.25395,0.000416,0.056224,0.327296,0.682454,1465.3,0,0,0
Suite_5,Deferred_Uber,0,173,0.00398,0.655191,0.000288,0.056096,0.329728,1.2724,785.919,0,0,0
Suite_5,Deferred_Uber,0,174,0.004442,2.76083,0.000256,0.055744,0.329376,0.819056,1220.92,0,0,0
Suite_5,Deferred_Uber,0,175,0.004056,0.642502,0,0.055328,0.326368,2.77765,360.017,0,0,0
Suite_5,Deferred_Uber,0,176,0.004252,0.790049,0,0.056576,0.324064,0.810485,1233.83,0,0,0
Suite_5,Deferred_Uber,0,177,0.004049,0.690166,0.00064,0.05632,0.327616,0.808653,1236.62,0,0,0
Suite_5,Deferred_Uber,0,178,0.003965,1.24002,0.000192,0.055936,0.329728,0.707082,1414.26,0,0,0
Suite_5,Deferred_Uber,0,179,0.003865,0.659182,0.001408,0.056672,0.330208,1.25627,796.008,0,0,0
Suite_5,Deferred_Uber,0,180,0.004284,1.32881,0,0.056512,0.33248,0.826997,1209.19,0,0,0
Suite_5,Deferred_Uber,0,181,0.003946,0.663595,0,0.055776,0.324032,1.34667,742.571,0,0,0
Suite_5,Deferred_Uber,0,182,0.004389,2.17435,0.000512,0.08192,0.347264,0.832856,1200.69,0,0,0
Suite_5,Deferred_Uber,0,183,0.004713,0.716596,0.001408,0.057248,0.33184,2.19693,455.181,0,0,0
Suite_5,Deferred_Uber,0,184,0.004173,1.24301,0.000128,0.080416,0.357152,0.885895,1128.8,0,0,0
Suite_5,Deferred_Uber,0,185,0.003899,0.746853,0.000512,0.057312,0.339968,1.26108,792.97,0,0,0
Suite_5,Deferred_Uber,0,186,0.004193,1.26642,0,0.056608,0.330208,0.916491,1091.12,0,0,0
Suite_5,Deferred_Uber,0,187,0.004108,0.654148,0.001408,0.056896,0.321504,1.28331,779.234,0,0,0
Suite_5,Deferred_Uber,0,188,0.004191,2.17941,0.000512,0.056288,0.335872,0.822383,1215.98,0,0,0
Suite_5,Deferred_Uber,0,189,0.00455,1.15246,0,0.056448,0.325408,2.19991,454.563,0,0,0
Suite_5,Deferred_Uber,0,190,0.004374,0.595535,0,0.056416,0.332544,1.37343,728.106,0,0,0
Suite_5,Deferred_Uber,0,191,0.00412,1.30344,0.000512,0.057184,0.331616,0.731287,1367.45,0,0,0
Suite_5,Deferred_Uber,0,192,0.003961,0.586011,0.000384,0.055712,0.330784,1.31998,757.586,0,0,0
Suite_5,Deferred_Uber,0,193,0.004248,0.673334,0,0.056672,0.334272,0.71056,1407.34,0,0,0
Suite_5,Deferred_Uber,0,194,0.003918,0.686121,0,0.05584,0.330528,0.690743,1447.72,0,0,0
Suite_5,Deferred_Uber,0,195,0.003871,0.68168,0,0.055296,0.32416,0.702098,1424.3,0,0,0
Suite_5,Deferred_Uber,0,196,0.00391,0.695634,0.000512,0.057344,0.329728,0.697978,1432.71,0,0,0
Suite_5,Deferred_Uber,0,197,0.008164,1.22959,0.000512,0.056064,0.32768,0.712722,1403.07,0,0,0
Suite_5,Deferred_Uber,0,198,0.004159,0.684578,0,0.056416,0.334336,1.25112,799.282,0,0,0
Suite_5,Deferred_Uber,0,199,0.004893,2.73588,0.000512,0.057056,0.329728,0.853527,1171.61,0,0,0
Suite_5,Deferred_Uber,0,200,0.004254,0.59963,0,0.055872,0.330656,2.75326,363.205,0,0,0
Suite_5,Deferred_Uber,0,201,0.004241,0.783336,0.000512,0.056224,0.353952,0.820115,1219.34,0,0,0
Suite_5,Deferred_Uber,0,202,0.004218,0.70441,0.001408,0.056704,0.33632,0.801832,1247.14,0,0,0
Suite_5,Deferred_Uber,0,203,0.00399,1.24074,0.001248,0.056672,0.354592,0.720776,1387.39,0,0,0
Suite_5,Deferred_Uber,0,204,0.004013,0.689992,0.000384,0.055616,0.335744,1.26136,792.796,0,0,0
Suite_5,Deferred_Uber,0,205,0.004169,1.30121,0.001312,0.057024,0.329728,0.860087,1162.67,0,0,0
Suite_5,Deferred_Uber,0,206,0.004021,0.663723,0.001344,0.057024,0.331968,1.31869,758.329,0,0,0
Suite_5,Deferred_Uber,0,207,0.004351,2.15897,0.00016,0.05568,0.327264,0.832032,1201.88,0,0,0
Suite_5,Deferred_Uber,0,208,0.004537,1.16542,0.000512,0.05632,0.329216,2.17652,459.45,0,0,0
Suite_5,Deferred_Uber,0,209,0.004408,0.580679,0.00112,0.0832,0.357248,1.38641,721.289,0,0,0
Suite_5,Deferred_Uber,0,210,0.004307,0.779853,0,0.056704,0.336576,0.699247,1430.11,0,0,0
Suite_5,Deferred_Uber,0,211,0.003902,1.25298,0.000512,0.057344,0.3352,0.80145,1247.74,0,0,0
Suite_5,Deferred_Uber,0,212,0.003869,0.587295,0.000512,0.057344,0.329728,1.26933,787.815,0,0,0
Suite_5,Deferred_Uber,0,213,0.004121,0.673038,0.00128,0.057344,0.333312,0.756251,1322.31,0,0,0
Suite_5,Deferred_Uber,0,214,0.003842,0.690069,0,0.056544,0.331168,0.690331,1448.58,0,0,0
Suite_5,Deferred_Uber,0,215,0.003792,0.670774,0.00048,0.057344,0.32992,0.705947,1416.54,0,0,0
Suite_5,Deferred_Uber,0,216,0.003857,1.25947,0,0.055616,0.328032,0.686467,1456.73,0,0,0
Suite_5,Deferred_Uber,0,217,0.003936,0.653274,0.000544,0.057216,0.331776,1.27683,783.19,0,0,0
Suite_5,Deferred_Uber,0,218,0.004304,2.75674,0.000512,0.057248,0.337536,0.822664,1215.56,0,0,0
Suite_5,Deferred_Uber,0,219,0.003952,0.651974,0.000448,0.055936,0.329568,2.77341,360.567,0,0,0
Suite_5,Deferred_Uber,0,220,0.004189,0.791386,0,0.056352,0.321024,0.819824,1219.77,0,0,0
Suite_5,Deferred_Uber,0,221,0.004349,0.686768,0.001088,0.056832,0.335584,0.811061,1232.95,0,0,0
Suite_5,Deferred_Uber,0,222,0.003952,1.24403,0.000352,0.056,0.329728,0.704345,1419.76,0,0,0
Suite_5,Deferred_Uber,0,223,0.003909,0.664598,0.001248,0.057024,0.333984,1.26027,793.483,0,0,0
Suite_5,Deferred_Uber,0,224,0.004111,1.33356,0.001568,0.057088,0.329792,0.832387,1201.36,0,0,0
Suite_5,Deferred_Uber,0,225,0.004028,0.657592,0.000512,0.057184,0.335872,1.35627,737.314,0,0,0
Suite_5,Deferred_Uber,0,226,0.004537,2.17044,0.000512,0.080832,0.360448,0.821466,1217.34,0,0,0
Suite_5,Deferred_Uber,0,227,0.004589,0.703085,0.001152,0.056736,0.327968,2.18841,456.954,0,0,0
Suite_5,Deferred_Uber,0,228,0.004276,1.23805,0.001376,0.08192,0.356,0.89806,1113.51,0,0,0
Suite_5,Deferred_Uber,0,229,0.004,0.746285,0.00112,0.056768,0.338304,1.2561,796.117,0,0,0
Suite_5,Deferred_Uber,0,230,0.00418,1.25958,0,0.056576,0.333408,0.915684,1092.08,0,0,0
Suite_5,Deferred_Uber,0,231,0.003836,0.664904,0.000512,0.05712,0.325664,1.27615,783.606,0,0,0
Suite_5,Deferred_Uber,0,232,0.004248,2.19155,0,0.055616,0.32832,0.832766,1200.82,0,0,0
Suite_5,Deferred_Uber,0,233,0.004745,1.13957,0.00016,0.056,0.325632,2.21123,452.236,0,0,0
Suite_5,Deferred_Uber,0,234,0.004346,0.583873,0.000512,0.057344,0.331776,1.36065,734.942,0,0,0
Suite_5,Deferred_Uber,0,235,0.004144,1.28665,0.000256,0.055936,0.336896,0.752102,1329.61,0,0,0
Suite_5,Deferred_Uber,0,236,0.003913,0.582574,0.000512,0.057216,0.329952,1.30321,767.335,0,0,0
Suite_5,Deferred_Uber,0,237,0.004147,0.675991,0.000512,0.056,0.325632,0.752425,1329.04,0,0,0
Suite_5,Deferred_Uber,0,238,0.003922,0.675843,0.001376,0.056864,0.325024,0.693404,1442.16,0,0,0
Suite_5,Deferred_Uber,0,239,0.004024,0.671713,0.001152,0.056736,0.325952,0.692048,1444.99,0,0,0
Suite_5,Deferred_Uber,0,240,0.003965,0.688321,0,0.055584,0.33072,0.694107,1440.7,0,0,0
Suite_5,Deferred_Uber,0,241,0.003875,1.23941,0,0.056608,0.325696,0.70571,1417.01,0,0,0
Suite_5,Deferred_Uber,0,242,0.003933,0.674686,0.00112,0.056512,0.333408,1.25665,795.77,0,0,0
Suite_5,Deferred_Uber,0,243,0.00479,2.74567,0.00048,0.05632,0.331328,0.843368,1185.72,0,0,0
Suite_5,Deferred_Uber,0,244,0.004646,0.610576,0.001408,0.05728,0.32768,2.76484,361.685,0,0,0
Suite_5,Deferred_Uber,0,245,0.004266,0.758953,0,0.055648,0.35232,0.831724,1202.32,0,0,0
Suite_5,Deferred_Uber,0,246,0.004194,0.703932,0.001472,0.05712,0.334144,0.77783,1285.63,0,0,0
Suite_5,Deferred_Uber,0,247,0.003908,1.2388,0.000192,0.056,0.363392,0.720402,1388.11,0,0,0
Suite_5,Deferred_Uber,0,248,0.003862,0.708912,0.000512,0.056224,0.331904,1.25496,796.836,0,0,0
Suite_5,Deferred_Uber,0,249,0.004063,1.29129,9.6e-05,0.05568,0.33264,0.878105,1138.82,0,0,0
Suite_5,Deferred_Uber,0,250,0.003938,0.679177,0.000416,0.055968,0.326912,1.30863,764.155,0,0,0
Suite_5,Deferred_Uber,0,251,0.004361,2.15628,0,0.055328,0.330656,0.847547,1179.88,0,0,0
Suite_5,Deferred_Uber,0,252,0.00439,1.18223,0.001312,0.05696,0.324672,2.17433,459.913,0,0,0
Suite_5,Deferred_Uber,0,253,0.004252,0.587573,6.4e-05,0.084672,0.357376,1.3794,724.952,0,0,0
Suite_5,Deferred_Uber,0,254,0.004143,0.773814,0.000512,0.056224,0.32768,0.70645,1415.53,0,0,0
Suite_5,Deferred_Uber,0,255,0.003915,1.24676,0.000416,0.056128,0.326944,0.790311,1265.32,0,0,0
Suite_5,Deferred_Uber,0,256,0.00396,0.586853,0,0.05552,0.322112,1.26297,791.782,0,0,0
Suite_5,Deferred_Uber,0,257,0.004532,0.65725,0.000512,0.057344,0.32768,0.723306,1382.54,0,0,0
Suite_5,Deferred_Uber,0,258,0.004376,0.680404,0.00144,0.057024,0.330976,0.675562,1480.25,0,0,0
Suite_5,Deferred_Uber,0,259,0.003917,0.676473,9.6e-05,0.057344,0.359232,0.69694,1434.84,0,0,0
Suite_5,Deferred_Uber,0,260,0.003938,0.713171,0.000512,0.057184,0.330848,0.692352,1444.35,0,0,0
Suite_5,Deferred_Uber,0,261,0.003868,1.23862,0.00272,0.055872,0.34816,0.730527,1368.87,0,0,0
Suite_5,Deferred_Uber,0,262,0.003931,0.750081,0,0.055488,0.329696,1.25588,796.253,0,0,0
Suite_5,Deferred_Uber,0,263,0.004348,2.6744,0.00048,0.057024,0.327776,0.918294,1088.98,0,0,0
Suite_5,Deferred_Uber,0,264,0.00414,0.705146,0.000512,0.057248,0.323328,2.69127,371.571,0,0,0
Suite_5,Deferred_Uber,0,265,0.004448,0.686065,0,0.056544,0.333888,0.876455,1140.96,0,0,0
Suite_5,Deferred_Uber,0,266,0.004099,1.24324,0,0.056608,0.338112,0.703911,1420.63,0,0,0
Suite_5,Deferred_Uber,0,267,0.0039,0.671219,0.000448,0.055584,0.333024,1.25998,793.66,0,0,0
Suite_5,Deferred_Uber,0,268,0.004284,1.32994,0.001344,0.056768,0.33312,0.844297,1184.42,0,0,0
Suite_5,Deferred_Uber,0,269,0.003989,0.660047,0.000512,0.057344,0.329568,1.34922,741.172,0,0,0
Suite_5,Deferred_Uber,0,270,0.004299,2.17004,0.001408,0.081408,0.352256,0.829722,1205.22,0,0,0
Suite_5,Deferred_Uber,0,271,0.004358,0.722399,0.001248,0.057344,0.32784,2.18761,457.12,0,0,0
Suite_5,Deferred_Uber,0,272,0.004241,1.24297,0.000512,0.056256,0.334816,0.89119,1122.1,0,0,0
Suite_5,Deferred_Uber,0,273,0.004073,0.703597,0.00112,0.057024,0.336384,1.26114,792.935,0,0,0
Suite_5,Deferred_Uber,0,274,0.004176,1.26541,0.000192,0.05568,0.33824,0.872677,1145.9,0,0,0
Suite_5,Deferred_Uber,0,275,0.003922,0.669495,0,0.055712,0.330688,1.28231,779.843,0,0,0
Suite_5,Deferred_Uber,0,276,0.004486,2.20069,0.000352,0.05616,0.339584,0.837633,1193.84,0,0,0
Suite_5,Deferred_Uber,0,277,0.004662,1.15535,0.001216,0.056672,0.3296,2.22067,450.314,0,0,0
Suite_5,Deferred_Uber,0,278,0.004367,0.590764,0.00048,0.057344,0.327744,1.36645,731.823,0,0,0
Suite_5,Deferred_Uber,0,279,0.004224,1.27267,0.001248,0.05696,0.33792,0.759049,1317.44,0,0,0
Suite_5,Deferred_Uber,0,280,0.003826,0.587601,0.000512,0.057248,0.323872,1.28925,775.647,0,0,0
Suite_5,Deferred_Uber,0,281,0.004086,0.67123,0.000352,0.055968,0.327584,0.756563,1321.77,0,0,0
Suite_5,Deferred_Uber,0,282,0.004036,0.675284,0.000512,0.056256,0.32768,0.688311,1452.83,0,0,0
Suite_5,Deferred_Uber,0,283,0.003755,0.678038,0.000512,0.05712,0.331776,0.691285,1446.58,0,0,0
Suite_5,Deferred_Uber,0,284,0.003859,0.699899,0.000512,0.057344,0.331488,0.694119,1440.68,0,0,0
Suite_5,Deferred_Uber,0,285,0.003817,1.237,0.00016,0.05584,0.325632,0.717892,1392.97,0,0,0
Suite_5,Deferred_Uber,0,286,0.003993,0.678336,9.6e-05,0.055968,0.330656,1.25479,796.948,0,0,0
Suite_5,Deferred_Uber,0,287,0.00444,2.72607,0.001184,0.056832,0.325024,0.846797,1180.92,0,0,0
Suite_5,Deferred_Uber,0,288,0.004036,0.59643,0.001312,0.057344,0.325632,2.74262,364.615,0,0,0
Suite_5,Deferred_Uber,0,289,0.004208,0.771853,0.00128,0.056896,0.353664,0.822716,1215.49,0,0,0
Suite_5,Deferred_Uber,0,290,0.004525,0.709389,0.000512,0.057088,0.327136,0.790442,1265.11,0,0,0
Suite_5,Deferred_Uber,0,291,0.003948,1.23076,0.000192,0.055936,0.331584,0.726133,1377.16,0,0,0
Suite_5,Deferred_Uber,0,292,0.003895,0.664984,0,0.056512,0.330336,1.24679,802.058,0,0,0
Suite_5,Deferred_Uber,0,293,0.004343,1.31238,0.000352,0.056096,0.329696,0.83424,1198.7,0,0,0
Suite_5,Deferred_Uber,0,294,0.003834,0.663515,0.001184,0.057152,0.332064,1.33021,751.763,0,0,0
Suite_5,Deferred_Uber,0,295,0.004015,2.18284,0,0.056736,0.332096,0.831305,1202.93,0,0,0
Suite_5,Deferred_Uber,0,296,0.004544,1.16943,0.001024,0.056672,0.33552,2.19992,454.561,0,0,0
Suite_5,Deferred_Uber,0,297,0.004254,0.581147,0.001312,0.05728,0.3344,1.39518,716.755,0,0,0
Suite_5,Deferred_Uber,0,298,0.004119,0.739444,0.00048,0.057344,0.333472,0.699783,1429.01,0,0,0
Suite_5,Deferred_Uber,0,299,0.003871,1.25962,0.000512,0.057184,0.327168,0.755782,1323.13,0,0,0
Suite_5,Deferred_Uber,0,300,0.003907,0.596398,0.000448,0.057344,0.331936,1.27583,783.803,0,0,0
Suite_5,Deferred_Uber,0,301,0.004116,0.673931,0.00112,0.056576,0.331488,0.715725,1397.18,0,0,0
Suite_5,Deferred_Uber,0,302,0.003838,0.684372,0.000512,0.057344,0.329728,0.691138,1446.89,0,0,0
Suite_5,Deferred_Uber,0,303,0.003905,0.674541,6.4e-05,0.084384,0.352992,0.700321,1427.92,0,0,0
Suite_5,Deferred_Uber,0,304,0.003817,0.72042,0,0.056736,0.325536,0.690261,1448.73,0,0,0
Suite_5,Deferred_Uber,0,305,0.003904,1.2205,0,0.056704,0.340288,0.737888,1355.22,0,0,0
Suite_5,Deferred_Uber,0,306,0.003917,0.731377,0.000512,0.057344,0.333824,1.23756,808.042,0,0,0
Suite_5,Deferred_Uber,0,307,0.00423,2.72087,0.000512,0.057216,0.333824,0.899396,1111.86,0,0,0
Suite_5,Deferred_Uber,0,308,0.003921,0.686255,0,0.056544,0.325248,2.73716,365.342,0,0,0
Suite_5,Deferred_Uber,0,309,0.004617,0.686955,0.000512,0.056128,0.331072,0.884006,1131.21,0,0,0
Suite_5,Deferred_Uber,0,310,0.003872,1.23934,0,0.055584,0.328032,0.705076,1418.29,0,0,0
Suite_5,Deferred_Uber,0,311,0.003844,0.66101,0.000864,0.057344,0.329024,1.25573,796.348,0,0,0
Suite_5,Deferred_Uber,0,312,0.004066,1.31956,0.001184,0.057312,0.336224,0.829582,1205.43,0,0,0
Suite_5,Deferred_Uber,0,313,0.004104,0.649986,0.000352,0.056096,0.327456,1.33705,747.914,0,0,0
Suite_5,Deferred_Uber,0,314,0.004298,2.17462,0.001376,0.056896,0.352384,0.837037,1194.69,0,0,0
Suite_5,Deferred_Uber,0,315,0.004522,0.698193,0,0.056608,0.331552,2.19204,456.196,0,0,0
Suite_5,Deferred_Uber,0,316,0.004517,1.23616,0.00032,0.055904,0.35424,0.896216,1115.8,0,0,0
Suite_5,Deferred_Uber,0,317,0.004135,0.708057,9.6e-05,0.056736,0.33792,1.25501,796.806,0,0,0
Suite_5,Deferred_Uber,0,318,0.004181,1.287,0,0.056576,0.330176,0.877329,1139.82,0,0,0
Suite_5,Deferred_Uber,0,319,0.004241,0.660437,0,0.055648,0.3224,1.30359,767.111,0,0,0
Suite_5,Deferred_Uber,0,320,0.004213,2.18113,0.000352,0.056256,0.331776,0.828995,1206.28,0,0,0
Suite_5,Deferred_Uber,0,321,0.004907,1.14119,0,0.055616,0.332256,2.20753,452.995,0,0,0
Suite_5,Deferred_Uber,0,322,0.004262,0.584887,0.001568,0.055968,0.330528,1.36229,734.06,0,0,0
Suite_5,Deferred_Uber,0,323,0.004139,1.30558,0.00048,0.05728,0.33792,0.702907,1422.66,0,0,0
Suite_5,Deferred_Uber,0,324,0.003861,0.587754,0,0.056704,0.332704,1.32216,756.339,0,0,0
Suite_5,Deferred_Uber,0,325,0.00436,0.674714,0.000512,0.057344,0.337376,0.760612,1314.73,0,0,0
Suite_5,Deferred_Uber,0,326,0.003916,0.691589,9.6e-05,0.055648,0.326336,0.692049,1444.98,0,0,0
Suite_5,Deferred_Uber,0,327,0.003863,0.677689,0,0.056832,0.3256,0.7077,1413.03,0,0,0
Suite_5,Deferred_Uber,0,328,0.003884,0.688632,0.00144,0.05728,0.327904,0.693441,1442.08,0,0,0
Suite_5,Deferred_Uber,0,329,0.003861,1.23304,0,0.055552,0.330144,0.705839,1416.75,0,0,0
Suite_5,Deferred_Uber,0,330,0.003784,0.673869,0.000512,0.05616,0.3312,1.25007,799.956,0,0,0
Suite_5,Deferred_Uber,0,331,0.004553,2.74324,0.001472,0.056928,0.332928,0.842372,1187.12,0,0,0
Suite_5,Deferred_Uber,0,332,0.004055,0.597607,0.00128,0.056864,0.327488,2.76052,362.25,0,0,0
Suite_5,Deferred_Uber,0,333,0.004184,0.787242,0.000288,0.055968,0.326624,0.818315,1222.02,0,0,0
Suite_5,Deferred_Uber,0,334,0.004779,0.698969,0.001344,0.056864,0.337312,0.80803,1237.58,0,0,0
Suite_5,Deferred_Uber,0,335,0.004207,1.24,0.001376,0.056992,0.32784,0.717808,1393.13,0,0,0
Suite_5,Deferred_Uber,0,336,0.003841,0.670363,3.2e-05,0.055904,0.330976,1.25638,795.939,0,0,0
Suite_5,Deferred_Uber,0,337,0.004437,1.324,0.000512,0.057344,0.327584,0.839689,1190.92,0,0,0
Suite_5,Deferred_Uber,0,338,0.003966,0.618292,0.000512,0.05712,0.337184,1.34172,745.31,0,0,0
Suite_5,Deferred_Uber,0,339,0.004257,2.15642,0.000288,0.055808,0.332736,0.826395,1210.08,0,0,0
Suite_5,Deferred_Uber,0,340,0.004179,0.719169,0,0.057024,0.329952,2.17392,459.998,0,0,0
Suite_5,Deferred_Uber,0,341,0.006698,1.20584,6.4e-05,0.055552,0.349056,0.926113,1079.78,0,0,0
Suite_5,Deferred_Uber,0,342,0.004586,0.63435,0.00112,0.057024,0.334048,1.22853,813.98,0,0,0
Suite_5,Deferred_Uber,0,343,0.00458,1.22793,0.00016,0.055872,0.331776,0.80401,1243.77,0,0,0
Suite_5,Deferred_Uber,0,344,0.004346,0.616435,0.001312,0.05696,0.323552,1.24576,802.723,0,0,0
Suite_5,Deferred_Uber,0,345,0.004644,0.679437,6.4e-05,0.055648,0.326528,0.736551,1357.68,0,0,0
Suite_5,Deferred_Uber,0,346,0.004356,0.673084,0.001408,0.056832,0.332896,0.703745,1420.97,0,0,0
Suite_5,Deferred_Uber,0,347,0.004038,0.697371,0.000512,0.081856,0.35616,0.690756,1447.69,0,0,0
Suite_5,Deferred_Uber,0,348,0.004131,0.684147,0.001152,0.0568,0.33408,0.714284,1400,0,0,0
Suite_5,Deferred_Uber,0,349,0.004269,1.24004,0.00048,0.05616,0.33728,0.702977,1422.52,0,0,0
Suite_5,Deferred_Uber,0,350,0.004093,0.739769,0.001344,0.05696,0.327872,1.25797,794.932,0,0,0
Suite_5,Deferred_Uber,0,351,0.004434,2.69674,0,0.05664,0.334656,0.897698,1113.96,0,0,0
Suite_5,Deferred_Uber,0,352,0.004626,0.717116,0.000512,0.056256,0.327488,2.71424,368.427,0,0,0
Suite_5,Deferred_Uber,0,353,0.004902,0.673529,0.001376,0.057088,0.337696,0.893989,1118.58,0,0,0
Suite_5,Deferred_Uber,0,354,0.004389,1.24121,0.000512,0.055808,0.329664,0.696577,1435.59,0,0,0
Suite_5,Deferred_Uber,0,355,0.004055,0.661142,0,0.055616,0.333696,1.25852,794.585,0,0,0
Suite_5,Deferred_Uber,0,356,0.004187,1.31491,3.2e-05,0.05568,0.339936,0.82966,1205.31,0,0,0
Suite_5,Deferred_Uber,0,357,0.015688,0.652871,0.001472,0.057024,0.335232,1.33967,746.453,0,0,0
Suite_5,Deferred_Uber,0,358,0.004323,2.18185,0.000352,0.055872,0.351648,0.833855,1199.25,0,0,0
Suite_5,Deferred_Uber,0,359,0.005,0.704005,0.000416,0.056128,0.333472,2.21136,452.211,0,0,0
Suite_5,Deferred_Uber,0,360,0.004601,1.23556,0.000512,0.057344,0.352256,0.873892,1144.31,0,0,0
Suite_5,Deferred_Uber,0,361,0.004182,0.704374,0,0.056608,0.336576,1.25439,797.2,0,0,0
Suite_5,Deferred_Uber,0,362,0.004482,1.28813,0,0.05664,0.327104,0.874062,1144.08,0,0,0
Suite_5,Deferred_Uber,0,363,0.004154,0.631171,0.00048,0.056192,0.325632,1.30545,766.021,0,0,0
Suite_5,Deferred_Uber,0,364,0.004277,2.1721,0,0.05568,0.3344,0.826328,1210.17,0,0,0
Suite_5,Deferred_Uber,0,365,0.004716,1.13778,0,0.055776,0.326464,2.19284,456.029,0,0,0
Suite_5,Deferred_Uber,0,366,0.004176,0.589367,0,0.057344,0.341728,1.36863,730.659,0,0,0
Suite_5,Deferred_Uber,0,367,0.004191,1.26821,0.001376,0.056768,0.327776,0.724631,1380.01,0,0,0
Suite_5,Deferred_Uber,0,368,0.004008,0.595646,0,0.05648,0.333824,1.28511,778.145,0,0,0
Suite_5,Deferred_Uber,0,369,0.004172,0.691997,0,0.056672,0.332128,0.714579,1399.43,0,0,0
Suite_5,Deferred_Uber,0,370,0.004058,0.684239,9.6e-05,0.05568,0.335968,0.710008,1408.43,0,0,0
Suite_5,Deferred_Uber,0,371,0.00397,0.686064,0,0.055584,0.330368,0.700545,1427.46,0,0,0
Suite_5,Deferred_Uber,0,372,0.003895,0.679913,0.00128,0.056864,0.329952,0.702587,1423.31,0,0,0
Suite_5,Deferred_Uber,0,373,0.004009,1.26154,0,0.055712,0.331936,0.697443,1433.81,0,0,0
Suite_5,Deferred_Uber,0,374,0.003938,0.66042,0.000512,0.056256,0.333824,1.27904,781.839,0,0,0
Suite_5,Deferred_Uber,0,375,0.00418,2.73712,0,0.05664,0.32864,0.828776,1206.6,0,0,0
Suite_5,Deferred_Uber,0,376,0.004099,0.652987,0.000512,0.057344,0.332864,2.75416,363.087,0,0,0
Suite_5,Deferred_Uber,0,377,0.004573,0.77742,0.00144,0.056576,0.327488,0.822489,1215.82,0,0,0
Suite_5,Deferred_Uber,0,378,0.004428,0.697113,0,0.055392,0.332512,0.807403,1238.54,0,0,0
Suite_5,Deferred_Uber,0,379,0.004001,1.23277,0.00032,0.055808,0.32768,0.714301,1399.97,0,0,0
Suite_5,Deferred_Uber,0,380,0.003964,0.664498,0.000512,0.05664,0.331808,1.24933,800.432,0,0,0
Suite_5,Deferred_Uber,0,381,0.004199,1.32225,0.001184,0.056704,0.334112,0.8352,1197.32,0,0,0
Suite_5,Deferred_Uber,0,382,0.004067,0.665037,0,0.055584,0.328704,1.34422,743.926,0,0,0
Suite_5,Deferred_Uber,0,383,0.004749,2.16491,0.00128,0.082944,0.35648,0.833583,1199.64,0,0,0
Suite_5,Deferred_Uber,0,384,0.015915,0.719981,0,0.056736,0.325376,2.1832,458.043,0,0,0
Suite_5,Deferred_Uber,0,385,0.004654,1.20511,0.00032,0.055904,0.331776,0.924533,1081.63,0,0,0
Suite_5,Deferred_Uber,0,386,0.004282,0.7108,0.000512,0.056032,0.333824,1.22386,817.086,0,0,0
Suite_5,Deferred_Uber,0,387,0.004117,1.25294,0.001216,0.057088,0.33504,0.879213,1137.38,0,0,0
Suite_5,Deferred_Uber,0,388,0.004166,0.666291,0.000512,0.056896,0.327776,1.26971,787.581,0,0,0
Suite_5,Deferred_Uber,0,389,0.004261,2.18946,0.00128,0.056768,0.332096,0.83634,1195.69,0,0,0
Suite_5,Deferred_Uber,0,390,0.017121,1.14402,0,0.05664,0.33536,2.20974,452.542,0,0,0
Suite_5,Deferred_Uber,0,391,0.004347,0.616378,0.00048,0.056288,0.329728,1.36882,730.555,0,0,0
Suite_5,Deferred_Uber,0,392,0.004277,1.30609,0.001248,0.057088,0.33792,0.734422,1361.61,0,0,0
Suite_5,Deferred_Uber,0,393,0.003939,0.597697,0,0.056672,0.325632,1.32459,754.951,0,0,0
Suite_5,Deferred_Uber,0,394,0.004266,0.691278,0.001504,0.057216,0.329088,0.716447,1395.78,0,0,0
Suite_5,Deferred_Uber,0,395,0.004156,0.674808,3.2e-05,0.055808,0.324288,0.70798,1412.47,0,0,0
Suite_5,Deferred_Uber,0,396,0.003975,0.67473,0.000128,0.055968,0.325792,0.691614,1445.89,0,0,0
Suite_5,Deferred_Uber,0,397,0.00392,0.691264,0.000512,0.05696,0.32576,0.693087,1442.82,0,0,0
Suite_5,Deferred_Uber,0,398,0.004037,1.23399,0,0.05664,0.326208,0.70863,1411.17,0,0,0
Suite_5,Deferred_Uber,0,399,0.004126,0.674763,3.2e-05,0.055616,0.33072,1.25082,799.477,0,0,0
Suite_5,Deferred_Uber,0,400,0.004375,2.75956,0.000544,0.057184,0.326688,0.843993,1184.84,0,0,0
Suite_5,Deferred_Uber,0,401,0.004271,0.64211,0,0.056416,0.326016,2.77937,359.793,0,0,0
Suite_5,Deferred_Uber,0,402,0.007255,0.712476,0.001216,0.05712,0.351904,0.911889,1096.62,0,0,0
Suite_5,Deferred_Uber,0,403,0.005472,0.691508,0,0.056832,0.336224,0.736643,1357.51,0,0,0
Suite_5,Deferred_Uber,0,404,0.004971,1.24136,9.6e-05,0.055936,0.35536,0.712269,1403.96,0,0,0
Suite_5,Deferred_Uber,0,405,0.004113,0.668295,0.001376,0.056832,0.327968,1.26198,792.405,0,0,0
Suite_5,Deferred_Uber,0,406,0.004221,1.30313,0.001408,0.056928,0.325632,0.838165,1193.08,0,0,0
Suite_5,Deferred_Uber,0,407,0.004127,0.656497,0,0.056736,0.328096,1.32046,757.311,0,0,0
Suite_5,Deferred_Uber,0,408,0.004495,2.17697,0.001056,0.056512,0.33552,0.825424,1211.5,0,0,0
Suite_5,Deferred_Uber,0,409,0.004888,1.19351,0.001184,0.056992,0.32976,2.20989,452.511,0,0,0
Suite_5,Deferred_Uber,0,410,0.004293,0.616249,0.000512,0.079872,0.354336,1.3645,732.871,0,0,0
Suite_5,Deferred_Uber,0,411,0.004292,0.745674,0.000192,0.05664,0.329088,0.743387,1345.19,0,0,0
Suite_5,Deferred_Uber,0,412,0.004178,1.26416,0.000512,0.057344,0.33216,0.762454,1311.55,0,0,0
Suite_5,Deferred_Uber,0,413,0.004166,0.595494,0.000352,0.057344,0.324832,1.28344,779.153,0,0,0
Suite_5,Deferred_Uber,0,414,0.00438,0.682299,0.00048,0.057344,0.332928,0.714532,1399.52,0,0,0
Suite_5,Deferred_Uber,0,415,0.003988,0.683937,0.001088,0.056544,0.32624,0.699372,1429.85,0,0,0
Suite_5,Deferred_Uber,0,416,0.004175,0.671161,0.00048,0.057088,0.32768,0.700667,1427.21,0,0,0
Suite_5,Deferred_Uber,0,417,0.004104,1.24572,0.000512,0.055872,0.32768,0.694985,1438.88,0,0,0
Suite_5,Deferred_Uber,0,418,0.003969,0.683012,0.000288,0.05632,0.33776,1.26338,791.527,0,0,0
Suite_5,Deferred_Uber,0,419,0.009391,2.749,0,0.056608,0.333888,0.851419,1174.51,0,0,0
Suite_5,Deferred_Uber,0,420,0.004011,0.650064,0,0.055616,0.334752,2.77112,360.865,0,0,0
Suite_5,Deferred_Uber,0,421,0.004171,0.784808,0.00128,0.0568,0.32368,0.819559,1220.17,0,0,0
Suite_5,Deferred_Uber,0,422,0.004244,0.689536,0,0.056608,0.326368,0.815195,1226.7,0,0,0
Suite_5,Deferred_Uber,0,423,0.004166,1.23268,0.000288,0.055808,0.339168,0.706202,1416.03,0,0,0
Suite_5,Deferred_Uber,0,424,0.003902,0.654735,0.000448,0.056096,0.329728,1.24951,800.314,0,0,0
Suite_5,Deferred_Uber,0,425,0.004287,1.3178,0.000224,0.056128,0.325632,0.84597,1182.08,0,0,0
Suite_5,Deferred_Uber,0,426,0.016883,0.644874,0.000512,0.057344,0.331264,1.33761,747.602,0,0,0
Suite_5,Deferred_Uber,0,427,0.004477,2.16916,0,0.08192,0.362944,0.826996,1209.2,0,0,0
Suite_5,Deferred_Uber,0,428,0.014679,0.734133,0,0.055424,0.331328,2.18707,457.232,0,0,0
Suite_5,Deferred_Uber,0,429,0.004354,1.22512,0.000288,0.07968,0.351264,0.916069,1091.62,0,0,0
Suite_5,Deferred_Uber,0,430,0.004116,0.742284,0.00048,0.057152,0.329344,1.24324,804.349,0,0,0
Suite_5,Deferred_Uber,0,431,0.004189,1.24548,0,0.056576,0.334432,0.910909,1097.8,0,0,0
Suite_5,Deferred_Uber,0,432,0.003966,0.667653,0.000512,0.057184,0.323584,1.26236,792.166,0,0,0
Suite_5,Deferred_Uber,0,433,0.004348,2.17973,0.000128,0.056032,0.331776,0.837475,1194.07,0,0,0
Suite_5,Deferred_Uber,0,434,0.016739,1.19143,0.00048,0.05728,0.335296,2.19962,454.625,0,0,0
Suite_5,Deferred_Uber,0,435,0.004154,0.643529,0.001216,0.056896,0.329472,1.37299,728.335,0,0,0
Suite_5,Deferred_Uber,0,436,0.004381,1.28242,0,0.05664,0.331296,0.76141,1313.35,0,0,0
Suite_5,Deferred_Uber,0,437,0.004127,0.594885,0.00048,0.057312,0.331616,1.3021,767.991,0,0,0
Suite_5,Deferred_Uber,0,438,0.004323,0.693183,0.001216,0.056928,0.331872,0.705686,1417.06,0,0,0
Suite_5,Deferred_Uber,0,439,0.003985,0.677021,0.000384,0.056128,0.326752,0.714027,1400.51,0,0,0
Suite_5,Deferred_Uber,0,440,0.003979,0.677431,0.001152,0.056384,0.326176,0.693572,1441.81,0,0,0
Suite_5,Deferred_Uber,0,441,0.004014,0.694176,0.000288,0.056032,0.331264,0.695418,1437.98,0,0,0
Suite_5,Deferred_Uber,0,442,0.004015,1.23902,0,0.055648,0.328544,0.71156,1405.36,0,0,0
Suite_5,Deferred_Uber,0,443,0.004101,0.674664,0.001312,0.056864,0.329344,1.25564,796.408,0,0,0
Suite_5,Deferred_Uber,0,444,0.004478,2.75682,0,0.0568,0.326112,0.84312,1186.07,0,0,0
Suite_5,Deferred_Uber,0,445,0.004264,0.632001,0.00048,0.057248,0.33792,2.77606,360.223,0,0,0
Suite_5,Deferred_Uber,0,446,0.004115,0.797655,0.000512,0.057344,0.35632,0.801645,1247.43,0,0,0
Suite_5,Deferred_Uber,0,447,0.00435,0.700145,0,0.056448,0.3264,0.815251,1226.62,0,0,0
Suite_5,Deferred_Uber,0,448,0.003983,1.23999,0.000512,0.057344,0.359968,0.717077,1394.55,0,0,0
Suite_5,Deferred_Uber,0,449,0.004053,0.656743,0.00016,0.055968,0.331776,1.26467,790.719,0,0,0
Suite_5,Deferred_Uber,0,450,0.004248,1.3058,3.2e-05,0.055904,0.326656,0.847789,1179.54,0,0,0
Suite_5,Deferred_Uber,0,451,0.004029,0.66117,0.001024,0.056544,0.330208,1.32251,756.138,0,0,0
Suite_5,Deferred_Uber,0,452,0.004367,2.18049,0.00048,0.056064,0.3336,0.829275,1205.87,0,0,0
Suite_5,Deferred_Uber,0,453,0.004755,1.21578,0.000352,0.055936,0.331392,2.20066,454.409,0,0,0
Suite_5,Deferred_Uber,0,454,0.004287,0.593699,0,0.05712,0.33792,1.38604,721.481,0,0,0
Suite_5,Deferred_Uber,0,455,0.004283,1.30224,0,0.05664,0.332416,0.732676,1364.86,0,0,0
Suite_5,Deferred_Uber,0,456,0.004118,0.596046,0.000512,0.05632,0.327904,1.31946,757.889,0,0,0
Suite_5,Deferred_Uber,0,457,0.004212,0.685005,0.001472,0.056832,0.333152,0.721465,1386.07,0,0,0
Suite_5,Deferred_Uber,0,458,0.004043,0.686598,0.001152,0.056736,0.329984,0.702683,1423.12,0,0,0
Suite_5,Deferred_Uber,0,459,0.004177,0.682613,0,0.056864,0.325536,0.703277,1421.91,0,0,0
Suite_5,Deferred_Uber,0,460,0.00388,0.681161,0.000224,0.055648,0.341504,0.699077,1430.46,0,0,0
Suite_5,Deferred_Uber,0,461,0.004134,1.26555,0.001184,0.056576,0.329888,0.69932,1429.96,0,0,0
Suite_5,Deferred_Uber,0,462,0.003964,0.65908,0.001088,0.057056,0.327936,1.28292,779.473,0,0,0
Suite_5,Deferred_Uber,0,463,0.004676,2.76089,0.000224,0.055776,0.330752,0.827958,1207.79,0,0,0
Suite_5,Deferred_Uber,0,464,0.004228,0.647417,0.001344,0.05696,0.331872,2.77827,359.936,0,0,0
Suite_5,Deferred_Uber,0,465,0.015861,0.783521,0.00032,0.056224,0.321536,0.820427,1218.88,0,0,0
Suite_5,Deferred_Uber,0,466,0.004387,0.687455,6.4e-05,0.055712,0.330368,0.813988,1228.52,0,0,0
Suite_5,Deferred_Uber,0,467,0.004117,1.22416,0,0.05648,0.328416,0.713178,1402.17,0,0,0
Suite_5,Deferred_Uber,0,468,0.008297,0.657812,0.000512,0.057344,0.342016,1.24085,805.897,0,0,0
Suite_5,Deferred_Uber,0,469,0.004185,1.33501,0.000512,0.056192,0.331776,0.831737,1202.3,0,0,0
Suite_5,Deferred_Uber,0,470,0.004031,0.672568,0.001184,0.056864,0.331936,1.35272,739.251,0,0,0
Suite_5,Deferred_Uber,0,471,0.004595,2.18045,0.001504,0.057056,0.335296,0.84099,1189.07,0,0,0
Suite_5,Deferred_Uber,0,472,0.004446,0.711554,0,0.055712,0.333152,2.19827,454.903,0,0,0
Suite_5,Deferred_Uber,0,473,0.004332,1.23225,0,0.081536,0.352864,0.893361,1119.37,0,0,0
Suite_5,Deferred_Uber,0,474,0.00414,0.735025,0.001216,0.05696,0.336256,1.25011,799.932,0,0,0
Suite_5,Deferred_Uber,0,475,0.004199,1.25506,0,0.05648,0.328192,0.914862,1093.06,0,0,0
Suite_5,Deferred_Uber,0,476,0.00399,0.661035,0.000512,0.057344,0.331744,1.27174,786.326,0,0,0
Suite_5,Deferred_Uber,0,477,0.004419,2.19485,0.000224,0.056,0.331776,0.831497,1202.65,0,0,0
Suite_5,Deferred_Uber,0,478,0.016197,1.1878,0,0.055648,0.329632,2.21455,451.559,0,0,0
Suite_5,Deferred_Uber,0,479,0.004376,0.615896,0.001216,0.056736,0.330272,1.36882,730.558,0,0,0
Suite_5,Deferred_Uber,0,480,0.004171,1.31385,0.000512,0.056128,0.330816,0.733934,1362.52,0,0,0
Suite_5,Deferred_Uber,0,481,0.004372,0.581652,0,0.055648,0.334848,1.33774,747.53,0,0,0
Suite_5,Deferred_Uber,0,482,0.00444,0.696264,0.000416,0.056128,0.337472,0.700734,1427.08,0,0,0
Suite_5,Deferred_Uber,0,483,0.004022,0.68608,0.001056,0.056768,0.330016,0.713587,1401.37,0,0,0
Suite_5,Deferred_Uber,0,484,0.004023,0.685754,0,0.05648,0.333472,0.70263,1423.22,0,0,0
Suite_5,Deferred_Uber,0,485,0.004022,0.695206,0.000128,0.055872,0.329728,0.703537,1421.39,0,0,0
Suite_5,Deferred_Uber,0,486,0.004085,1.23814,0,0.056544,0.33152,0.712729,1403.06,0,0,0
Suite_5,Deferred_Uber,0,487,0.004135,0.681511,0.000224,0.055808,0.33344,1.25514,796.725,0,0,0
Suite_5,Deferred_Uber,0,488,0.004544,2.74807,0.00048,0.056128,0.329728,0.85011,1176.32,0,0,0
Suite_5,Deferred_Uber,0,489,0.004184,0.655224,0.00144,0.057344,0.327232,2.76666,361.447,0,0,0
Suite_5,Deferred_Uber,0,490,0.00655,0.773447,0,0.056672,0.348416,0.817497,1223.25,0,0,0
Suite_5,Deferred_Uber,0,491,0.004933,0.683928,0.000384,0.055904,0.33376,0.795353,1257.3,0,0,0
Suite_5,Deferred_Uber,0,492,0.004282,1.24403,0.00144,0.057344,0.35184,0.702064,1424.37,0,0,0
Suite_5,Deferred_Uber,0,493,0.004208,0.688307,0,0.056672,0.338272,1.26379,791.273,0,0,0
Suite_5,Deferred_Uber,0,494,0.004372,1.29835,0.000512,0.057216,0.331008,0.857891,1165.65,0,0,0
Suite_5,Deferred_Uber,0,495,0.004135,0.660702,0.001088,0.055584,0.325536,1.31532,760.274,0,0,0
Suite_5,Deferred_Uber,0,496,0.004407,2.16221,0.00048,0.05632,0.33792,0.836668,1195.22,0,0,0
Suite_5,Deferred_Uber,0,497,0.004977,1.20561,0.001184,0.057088,0.337984,2.18254,458.182,0,0,0
Suite_5,Deferred_Uber,0,498,0.004228,0.596411,0,0.068192,0.344064,1.37631,726.579,0,0,0
Suite_5,Deferred_Uber,0,499,0.004261,0.759229,0.00048,0.056192,0.32928,0.714455,1399.67,0,0,0
Suite_5,Deferred_Uber,0,500,0.004011,1.25335,0,0.056544,0.33648,0.775568,1289.38,0,0,0
Suite_5,Deferred_Uber,0,501,0.004031,0.582824,0.000512,0.057248,0.329312,1.27108,786.735,0,0,0
Suite_5,Deferred_Uber,0,502,0.004243,0.68679,0,0.055744,0.332352,0.704713,1419.02,0,0,0
Suite_5,Deferred_Uber,0,503,0.003933,0.680029,0.001056,0.056992,0.327072,0.703337,1421.79,0,0,0
Suite_5,Deferred_Uber,0,504,0.004013,0.693035,0,0.056384,0.332416,0.696402,1435.95,0,0,0
Suite_5,Deferred_Uber,0,505,0.004,1.24185,0.000512,0.057152,0.327104,0.710545,1407.37,0,0,0
Suite_5,Deferred_Uber,0,506,0.004031,0.678939,0.000512,0.057184,0.33168,1.25899,794.285,0,0,0
Suite_5,Deferred_Uber,0,507,0.004604,2.75114,0.001376,0.057344,0.333824,0.827195,1208.9,0,0,0
Suite_5,Deferred_Uber,0,508,0.004478,0.651698,0.00048,0.056864,0.325408,2.76797,361.275,0,0,0
Suite_5,Deferred_Uber,0,509,0.004199,0.781858,0.001504,0.05696,0.323584,0.822181,1216.28,0,0,0
Suite_5,Deferred_Uber,0,510,0.004864,0.692967,0.000224,0.055808,0.33792,0.801409,1247.8,0,0,0
Suite_5,Deferred_Uber,0,511,0.003902,1.24132,0,0.05664,0.326336,0.710522,1407.42,0,0,0
Suite_5,Deferred_Uber,0,512,0.003979,0.660436,0.000512,0.057056,0.328832,1.25764,795.141,0,0,0
Suite_5,Deferred_Uber,0,513,0.004251,1.30815,0.000512,0.05616,0.335872,0.836629,1195.27,0,0,0
Suite_5,Deferred_Uber,0,514,0.004238,0.669261,0.001056,0.056832,0.332032,1.32577,754.281,0,0,0
Suite_5,Deferred_Uber,0,515,0.004235,2.2116,0.00048,0.056288,0.331776,0.838131,1193.13,0,0,0
Suite_5,Deferred_Uber,0,516,0.005552,0.715243,0.00048,0.057312,0.333824,2.23281,447.866,0,0,0
Suite_5,Deferred_Uber,0,517,0.004603,1.22977,0.000192,0.055776,0.356576,0.888171,1125.91,0,0,0
Suite_5,Deferred_Uber,0,518,0.003914,0.608947,0.001216,0.056768,0.331808,1.24777,801.427,0,0,0
Suite_5,Deferred_Uber,0,519,0.004275,1.27485,0.00048,0.055648,0.333888,0.776648,1287.58,0,0,0
Suite_5,Deferred_Uber,0,520,0.004087,0.587991,0.000224,0.055744,0.328576,1.29207,773.951,0,0,0
Suite_5,Deferred_Uber,0,521,0.004158,0.668471,0.001376,0.056896,0.331776,0.707103,1414.22,0,0,0
Suite_5,Deferred_Uber,0,522,0.003993,0.683704,0,0.05552,0.330464,0.685697,1458.37,0,0,0
Suite_5,Deferred_Uber,0,523,0.004004,0.67475,0,0.080288,0.349888,0.699629,1429.33,0,0,0
Suite_5,Deferred_Uber,0,524,0.004094,0.700029,0.000384,0.056192,0.325088,0.695146,1438.55,0,0,0
Suite_5,Deferred_Uber,0,525,0.00385,1.23097,0.00032,0.05616,0.349824,0.718415,1391.95,0,0,0
Suite_5,Deferred_Uber,0,526,0.003868,0.731842,0.000512,0.057216,0.329536,1.24796,801.31,0,0,0
Suite_5,Deferred_Uber,0,527,0.004299,2.69999,0,0.05664,0.335776,0.89991,1111.22,0,0,0
Suite_5,Deferred_Uber,0,528,0.004159,0.728682,0.000512,0.055968,0.329184,2.71688,368.069,0,0,0
Suite_5,Deferred_Uber,0,529,0.004529,0.684478,0.000384,0.055968,0.338976,0.888088,1126.01,0,0,0
Suite_5,Deferred_Uber,0,530,0.004049,1.24102,0,0.05648,0.32624,0.706689,1415.05,0,0,0
Suite_5,Deferred_Uber,0,531,0.004286,0.648387,0,0.055744,0.333824,1.25778,795.05,0,0,0
Suite_5,Deferred_Uber,0,532,0.004207,1.3342,0.001216,0.056864,0.332192,0.816386,1224.91,0,0,0
Suite_5,Deferred_Uber,0,533,0.004115,0.637945,0,0.055584,0.328512,1.35241,739.418,0,0,0
Suite_5,Deferred_Uber,0,534,0.004686,2.18062,0,0.056672,0.34784,0.824764,1212.47,0,0,0
Suite_5,Deferred_Uber,0,535,0.004263,0.718178,0.000416,0.056,0.329632,2.19817,454.923,0,0,0
Suite_5,Deferred_Uber,0,536,0.00445,1.23945,0.000512,0.057088,0.360448,0.886909,1127.51,0,0,0
Suite_5,Deferred_Uber,0,537,0.004178,0.698903,0,0.056384,0.33312,1.25784,795.017,0,0,0
Suite_5,Deferred_Uber,0,538,0.004173,1.29925,0.001376,0.056768,0.331328,0.867857,1152.26,0,0,0
Suite_5,Deferred_Uber,0,539,0.003894,0.657522,0.000384,0.05616,0.323104,1.31619,759.769,0,0,0
Suite_5,Deferred_Uber,0,540,0.004203,2.17874,0.001248,0.056992,0.327232,0.825646,1211.17,0,0,0
Suite_5,Deferred_Uber,0,541,0.004725,1.20269,0.00048,0.056032,0.32768,2.19907,454.738,0,0,0
Suite_5,Deferred_Uber,0,542,0.004157,0.582954,0,0.081824,0.356352,1.37259,728.552,0,0,0
Suite_5,Deferred_Uber,0,543,0.004262,0.77489,0.000352,0.055808,0.339872,0.700571,1427.41,0,0,0
Suite_5,Deferred_Uber,0,544,0.003853,1.26086,0,0.056544,0.327712,0.79133,1263.7,0,0,0
Suite_5,Deferred_Uber,0,545,0.003925,0.591304,0,0.055648,0.331648,1.28536,777.995,0,0,0
Suite_5,Deferred_Uber,0,546,0.004174,0.674607,0.000256,0.056032,0.336032,0.709477,1409.49,0,0,0
Suite_5,Deferred_Uber,0,547,0.003903,0.686963,0.000384,0.056032,0.328928,0.691123,1446.92,0,0,0
Suite_5,Deferred_Uber,0,548,0.003894,0.693123,0.000512,0.056192,0.32768,0.702965,1422.55,0,0,0
Suite_5,Deferred_Uber,0,549,0.003844,1.24131,0,0.05664,0.324128,0.710231,1407.99,0,0,0
Suite_5,Deferred_Uber,0,550,0.004206,0.64366,0.000512,0.056,0.333376,1.26422,791.002,0,0,0
Suite_5,Deferred_Uber,0,551,0.004371,2.76342,0.000512,0.05728,0.331296,0.812233,1231.17,0,0,0
Suite_5,Deferred_Uber,0,552,0.003894,0.652544,0,0.0568,0.332224,2.78024,359.681,0,0,0
Suite_5,Deferred_Uber,0,553,0.004309,0.782687,0,0.055808,0.3304,0.826218,1210.33,0,0,0
Suite_5,Deferred_Uber,0,554,0.004263,0.703245,0.001152,0.05664,0.330112,0.801984,1246.91,0,0,0
Suite_5,Deferred_Uber,0,555,0.003915,1.23472,9.6e-05,0.05584,0.331776,0.71995,1388.99,0,0,0
Suite_5,Deferred_Uber,0,556,0.003887,0.67133,9.6e-05,0.05584,0.338848,1.25083,799.468,0,0,0
Suite_5,Deferred_Uber,0,557,0.004143,1.33877,0,0.056448,0.329536,0.841472,1188.39,0,0,0
Suite_5,Deferred_Uber,0,558,0.003845,0.637548,0.000448,0.056064,0.32768,1.35605,737.438,0,0,0
Suite_5,Deferred_Uber,0,559,0.004302,2.15616,0.000352,0.05568,0.331776,0.835192,1197.33,0,0,0
Suite_5,Deferred_Uber,0,560,0.00428,0.706469,0.000512,0.057312,0.335744,2.17377,460.03,0,0,0
Suite_5,Deferred_Uber,0,561,0.004274,1.23635,0.001344,0.056832,0.358432,0.88717,1127.18,0,0,0
Suite_5,Deferred_Uber,0,562,0.00394,0.609079,0,0.055648,0.329728,1.25386,797.535,0,0,0
Suite_5,Deferred_Uber,0,563,0.004149,1.26699,0.000512,0.057344,0.33792,0.776968,1287.05,0,0,0
Suite_5,Deferred_Uber,0,564,0.003928,0.58677,0.000384,0.056,0.335648,1.28327,779.26,0,0,0
Suite_5,Deferred_Uber,0,565,0.004146,0.676444,0.001024,0.056768,0.335392,0.75576,1323.17,0,0,0
Suite_5,Deferred_Uber,0,566,0.004115,0.689695,0,0.056608,0.330368,0.693571,1441.81,0,0,0
Suite_5,Deferred_Uber,0,567,0.003917,0.676958,0.00048,0.080864,0.36176,0.705974,1416.48,0,0,0
Suite_5,Deferred_Uber,0,568,0.003839,0.717636,0.00048,0.056288,0.325248,0.69282,1443.38,0,0,0
Suite_5,Deferred_Uber,0,569,0.003958,1.22887,0.00048,0.057248,0.331008,0.735016,1360.51,0,0,0
Suite_5,Deferred_Uber,0,570,0.003887,0.723461,0.001376,0.057216,0.331264,1.24581,802.688,0,0,0
Suite_5,Deferred_Uber,0,571,0.004679,2.70459,0.00032,0.056128,0.32928,0.892,1121.08,0,0,0
Suite_5,Deferred_Uber,0,572,0.004126,0.70529,0.000512,0.057344,0.321536,2.72215,367.356,0,0,0
Suite_5,Deferred_Uber,0,573,0.004508,0.680776,0.000512,0.056,0.331776,0.876401,1141.03,0,0,0
Suite_5,Deferred_Uber,0,574,0.003958,1.24422,0.000768,0.057312,0.333824,0.698638,1431.36,0,0,0
Suite_5,Deferred_Uber,0,575,0.003825,0.662245,0.001056,0.056832,0.332416,1.26034,793.434,0,0,0
Suite_5,Deferred_Uber,0,576,0.004137,1.31643,0.001152,0.056704,0.329824,0.829993,1204.83,0,0,0
Suite_5,Deferred_Uber,0,577,0.003947,0.657396,0.000128,0.055744,0.33744,1.33983,746.364,0,0,0
Suite_5,Deferred_Uber,0,578,0.004495,2.18317,0.000192,0.055872,0.333824,0.82641,1210.05,0,0,0
Suite_5,Deferred_Uber,0,579,0.004136,0.706544,0,0.05648,0.335744,2.20029,454.485,0,0,0
Suite_5,Deferred_Uber,0,580,0.004206,1.23887,0.000416,0.055776,0.357952,0.87458,1143.41,0,0,0
Suite_5,Deferred_Uber,0,581,0.004066,0.697848,0.000512,0.056224,0.342016,1.26684,789.364,0,0,0
Suite_5,Deferred_Uber,0,582,0.00433,1.30131,0,0.056608,0.330592,0.867143,1153.21,0,0,0
Suite_5,Deferred_Uber,0,583,0.003905,0.643061,0.000512,0.057344,0.321536,1.31792,758.772,0,0,0
Suite_5,Deferred_Uber,0,584,0.004457,2.19706,0.000512,0.056224,0.333312,0.831049,1203.3,0,0,0
Suite_5,Deferred_Uber,0,585,0.004438,1.19433,0.000288,0.056032,0.329312,2.21715,451.03,0,0,0
Suite_5,Deferred_Uber,0,586,0.004316,0.586977,0.000512,0.057376,0.333408,1.36424,733.007,0,0,0
Suite_5,Deferred_Uber,0,587,0.004115,1.2841,0.00032,0.056,0.335872,0.704678,1419.09,0,0,0
Suite_5,Deferred_Uber,0,588,0.003865,0.586456,0.00048,0.057344,0.329216,1.30068,768.829,0,0,0
Suite_5,Deferred_Uber,0,589,0.004326,0.674908,0.000512,0.056192,0.33104,0.756255,1322.31,0,0,0
Suite_5,Deferred_Uber,0,590,0.00387,0.686816,0.001408,0.057088,0.329664,0.692206,1444.66,0,0,0
Suite_5,Deferred_Uber,0,591,0.004081,0.676353,0.00128,0.056864,0.323456,0.703019,1422.44,0,0,0
Suite_5,Deferred_Uber,0,592,0.003872,0.691126,0.001248,0.056608,0.333344,0.692449,1444.15,0,0,0
Suite_5,Deferred_Uber,0,593,0.003945,1.23476,0.001024,0.056672,0.33168,0.708419,1411.59,0,0,0
Suite_5,Deferred_Uber,0,594,0.003976,0.663553,0,0.056736,0.33472,1.25159,798.985,0,0,0
Suite_5,Deferred_Uber,0,595,0.004265,2.76458,0.00032,0.056,0.331776,0.831446,1202.72,0,0,0
Suite_5,Deferred_Uber,0,596,0.003922,0.652735,0.000512,0.057344,0.335616,2.78101,359.581,0,0,0
Suite_5,Deferred_Uber,0,597,0.004287,0.788005,0.000512,0.056288,0.333376,0.821757,1216.9,0,0,0
Suite_5,Deferred_Uber,0,598,0.004121,0.703156,6.4e-05,0.055968,0.33568,0.806322,1240.2,0,0,0
Suite_5,Deferred_Uber,0,599,0.004098,1.23757,0,0.05648,0.334144,0.719406,1390.04,0,0,0
Suite_5,Deferred_Uber,0,600,0.003931,0.671438,0.000512,0.057216,0.338048,1.25376,797.601,0,0,0
Suite_5,Deferred_Uber,0,601,0.004128,1.33374,0,0.056704,0.338848,0.840577,1189.66,0,0,0
Suite_5,Deferred_Uber,0,602,0.003944,0.671039,0.00048,0.056224,0.331776,1.35101,740.189,0,0,0
Suite_5,Deferred_Uber,0,603,0.004185,2.17707,0.001344,0.056992,0.325888,0.838878,1192.07,0,0,0
Suite_5,Deferred_Uber,0,604,0.004533,1.2195,0.000288,0.056032,0.334208,2.19466,455.651,0,0,0
Suite_5,Deferred_Uber,0,605,0.004297,0.584574,0.00032,0.056128,0.360448,1.3905,719.165,0,0,0
Suite_5,Deferred_Uber,0,606,0.004192,0.754989,0.001216,0.057056,0.333696,0.70334,1421.79,0,0,0
Suite_5,Deferred_Uber,0,607,0.00476,1.2686,0.00128,0.056768,0.32608,0.7729,1293.83,0,0,0
Suite_5,Deferred_Uber,0,608,0.004106,0.61033,0.000512,0.057344,0.32768,1.28588,777.675,0,0,0
Suite_5,Deferred_Uber,0,609,0.00421,0.638903,0.00048,0.057344,0.327296,0.734841,1360.84,0,0,0
Suite_5,Deferred_Uber,0,610,0.004062,0.680254,0,0.056672,0.326912,0.666302,1500.82,0,0,0
Suite_5,Deferred_Uber,0,611,0.003965,0.671298,0.000192,0.076224,0.347104,0.696703,1435.33,0,0,0
Suite_5,Deferred_Uber,0,612,0.003937,0.697409,0.000512,0.056064,0.325632,0.687297,1454.98,0,0,0
Suite_5,Deferred_Uber,0,613,0.00387,1.23318,0.000512,0.057344,0.3584,0.714613,1399.36,0,0,0
Suite_5,Deferred_Uber,0,614,0.003938,0.732272,0.00048,0.056224,0.333824,1.25414,797.36,0,0,0
Suite_5,Deferred_Uber,0,615,0.004403,2.70621,0.000256,0.056192,0.33792,0.900323,1110.71,0,0,0
Suite_5,Deferred_Uber,0,616,0.003937,0.713392,0.001504,0.056896,0.328864,2.72295,367.249,0,0,0
Suite_5,Deferred_Uber,0,617,0.004876,0.68437,0.00016,0.055744,0.329248,0.884004,1131.22,0,0,0
Suite_5,Deferred_Uber,0,618,0.003878,1.2381,0.000512,0.057344,0.330816,0.7024,1423.69,0,0,0
Suite_5,Deferred_Uber,0,619,0.004419,0.643451,0,0.057344,0.34816,1.25462,797.053,0,0,0
Suite_5,Deferred_Uber,0,620,0.004417,1.31434,9.6e-05,0.056096,0.335552,0.812182,1231.25,0,0,0
Suite_5,Deferred_Uber,0,621,0.003943,0.665505,0,0.056672,0.330496,1.3335,749.906,0,0,0
Suite_5,Deferred_Uber,0,622,0.004386,2.16905,9.6e-05,0.055936,0.353472,0.834714,1198.02,0,0,0
Suite_5,Deferred_Uber,0,623,0.0045,0.721765,0.000288,0.05616,0.32768,2.18722,457.201,0,0,0
Suite_5,Deferred_Uber,0,624,0.004375,1.23401,0.001344,0.05696,0.333216,0.891277,1121.99,0,0,0
Suite_5,Deferred_Uber,0,625,0.003906,0.673723,0.000512,0.056096,0.335136,1.2524,798.465,0,0,0
Suite_5,Deferred_Uber,0,626,0.004101,1.32457,0.001024,0.056768,0.331904,0.842648,1186.74,0,0,0
Suite_5,Deferred_Uber,0,627,0.003937,0.664907,0,0.0568,0.322304,1.34102,745.7,0,0,0
Suite_5,Deferred_Uber,0,628,0.004423,2.15382,0.000512,0.056032,0.329728,0.83295,1200.55,0,0,0
Suite_5,Deferred_Uber,0,629,0.004802,1.20602,0.000512,0.057344,0.32352,2.1736,460.066,0,0,0
Suite_5,Deferred_Uber,0,630,0.004244,0.58328,0.000512,0.057344,0.332096,1.37606,726.711,0,0,0
Suite_5,Deferred_Uber,0,631,0.004133,0.733709,0.00048,0.057344,0.33792,0.700083,1428.4,0,0,0
Suite_5,Deferred_Uber,0,632,0.003797,1.27372,0,0.056544,0.326304,0.750074,1333.2,0,0,0
Suite_5,Deferred_Uber,0,633,0.003902,0.57828,0.000416,0.055968,0.32768,1.29128,774.425,0,0,0
Suite_5,Deferred_Uber,0,634,0.004146,0.68375,0,0.056544,0.331808,0.696391,1435.97,0,0,0
Suite_5,Deferred_Uber,0,635,0.003853,0.675413,0.001472,0.056992,0.32896,0.700118,1428.33,0,0,0
Suite_5,Deferred_Uber,0,636,0.003855,0.677419,3.2e-05,0.081984,0.361376,0.691242,1446.67,0,0,0
Suite_5,Deferred_Uber,0,637,0.00387,0.709017,0.000128,0.055904,0.331776,0.695244,1438.34,0,0,0
Suite_5,Deferred_Uber,0,638,0.004127,1.23881,0.000256,0.055936,0.327168,0.730946,1368.09,0,0,0
Suite_5,Deferred_Uber,0,639,0.00387,0.71154,0.001024,0.056672,0.324032,1.25532,796.612,0,0,0
Suite_5,Deferred_Uber,0,640,0.004279,2.68974,0.000768,0.057344,0.329472,0.879622,1136.85,0,0,0
Suite_5,Deferred_Uber,0,641,0.004189,0.693987,0,0.056928,0.32384,2.71333,368.55,0,0,0
Suite_5,Deferred_Uber,0,642,0.004427,0.697163,0.001152,0.057024,0.325952,0.864542,1156.68,0,0,0
Suite_5,Deferred_Uber,0,643,0.003994,1.23004,0.000512,0.05728,0.325376,0.713732,1401.09,0,0,0
Suite_5,Deferred_Uber,0,644,0.003891,0.650801,0.000512,0.057344,0.332128,1.24622,802.426,0,0,0
Suite_5,Deferred_Uber,0,645,0.004163,1.32559,0.000512,0.057024,0.335072,0.820324,1219.03,0,0,0
Suite_5,Deferred_Uber,0,646,0.003948,0.658091,0.000416,0.055968,0.325632,1.34312,744.535,0,0,0
Suite_5,Deferred_Uber,0,647,0.004325,2.17444,0.000352,0.055808,0.345376,0.841081,1188.95,0,0,0
Suite_5,Deferred_Uber,0,648,0.004602,0.717516,0.000352,0.056032,0.331712,2.19212,456.179,0,0,0
Suite_5,Deferred_Uber,0,649,0.00456,1.23176,3.2e-05,0.055808,0.356896,0.888505,1125.49,0,0,0
Suite_5,Deferred_Uber,0,650,0.00394,0.694942,0.001536,0.05712,0.333984,1.24937,800.4,0,0,0
Suite_5,Deferred_Uber,0,651,0.004073,1.30083,0.000448,0.056064,0.339168,0.86269,1159.16,0,0,0
Suite_5,Deferred_Uber,0,652,0.003994,0.6724,0.001344,0.057056,0.329824,1.31702,759.292,0,0,0
Suite_5,Deferred_Uber,0,653,0.004371,2.17462,0.000416,0.056,0.333056,0.842396,1187.09,0,0,0
Suite_5,Deferred_Uber,0,654,0.004845,1.15132,0.000512,0.056,0.335872,2.19506,455.568,0,0,0
Suite_5,Deferred_Uber,0,655,0.004463,0.592363,0.001184,0.08192,0.356256,1.37181,728.962,0,0,0
Suite_5,Deferred_Uber,0,656,0.004225,0.778534,0.001024,0.05712,0.336384,0.710007,1408.44,0,0,0
Suite_5,Deferred_Uber,0,657,0.0039,1.2553,0.001024,0.05696,0.335168,0.796571,1255.38,0,0,0
Suite_5,Deferred_Uber,0,658,0.003824,0.592982,0.001152,0.056608,0.32576,1.27244,785.889,0,0,0
Suite_5,Deferred_Uber,0,659,0.004166,0.66686,0.000256,0.056,0.330976,0.760947,1314.15,0,0,0
Suite_5,Deferred_Uber,0,660,0.003865,0.684272,0.00016,0.055744,0.32528,0.683101,1463.91,0,0,0
Suite_5,Deferred_Uber,0,661,0.003908,0.686619,3.2e-05,0.055712,0.32864,0.701625,1425.26,0,0,0
Suite_5,Deferred_Uber,0,662,0.003869,1.24048,0.000576,0.057312,0.335072,0.70356,1421.34,0,0,0
Suite_5,Deferred_Uber,0,663,0.003845,0.6629,0.000128,0.05568,0.333024,1.25663,795.777,0,0,0
Suite_5,Deferred_Uber,0,664,0.004329,2.7698,0,0.056448,0.32816,0.830888,1203.53,0,0,0
Suite_5,Deferred_Uber,0,665,0.003934,0.594449,0.001248,0.056768,0.331232,2.78798,358.683,0,0,0
Suite_5,Deferred_Uber,0,666,0.004294,0.782442,0.00048,0.056896,0.329728,0.813926,1228.61,0,0,0
Suite_5,Deferred_Uber,0,667,0.004478,0.701199,0.000128,0.055968,0.33088,0.804643,1242.79,0,0,0
Suite_5,Deferred_Uber,0,668,0.00408,1.23077,0.001504,0.057056,0.33584,0.718211,1392.35,0,0,0
Suite_5,Deferred_Uber,0,669,0.004036,0.666643,0,0.05648,0.338816,1.24919,800.516,0,0,0
Suite_5,Deferred_Uber,0,670,0.004288,1.33995,0.00048,0.056256,0.331328,0.835505,1196.88,0,0,0
Suite_5,Deferred_Uber,0,671,0.003973,0.664827,0,0.05664,0.332064,1.35677,737.045,0,0,0
Suite_5,Deferred_Uber,0,672,0.004522,2.17045,0.000512,0.056128,0.329376,0.832927,1200.59,0,0,0
Suite_5,Deferred_Uber,0,673,0.004799,1.10817,0.000512,0.056128,0.329728,2.19786,454.987,0,0,0
Suite_5,Deferred_Uber,0,674,0.007329,0.662815,0.000192,0.056032,0.355104,1.40744,710.51,0,0,0
Suite_5,Deferred_Uber,0,675,0.005227,0.613567,0.001472,0.057056,0.32768,0.687602,1454.33,0,0,0
Suite_5,Deferred_Uber,0,676,0.004384,1.24671,0.001504,0.05696,0.325632,0.783455,1276.4,0,0,0
Suite_5,Deferred_Uber,0,677,0.004189,0.585213,0.000512,0.05728,0.331872,1.26549,790.206,0,0,0
Suite_5,Deferred_Uber,0,678,0.004118,0.680926,0.000224,0.055968,0.325824,0.703841,1420.78,0,0,0
Suite_5,Deferred_Uber,0,679,0.004002,0.674083,0.00112,0.05696,0.324864,0.697039,1434.64,0,0,0
Suite_5,Deferred_Uber,0,680,0.003903,0.671506,0,0.081472,0.3488,0.690026,1449.22,0,0,0
Suite_5,Deferred_Uber,0,681,0.003963,0.699121,0,0.055552,0.331264,0.688765,1451.87,0,0,0
Suite_5,Deferred_Uber,0,682,0.003955,1.24161,0.000416,0.056224,0.352256,0.716126,1396.4,0,0,0
Suite_5,Deferred_Uber,0,683,0.003859,0.727369,0.00048,0.057056,0.329408,1.25775,795.067,0,0,0
Suite_5,Deferred_Uber,0,684,0.004356,2.72223,0.00048,0.057344,0.335648,0.889471,1124.26,0,0,0
Suite_5,Deferred_Uber,0,685,0.004177,0.697452,0,0.056576,0.323424,2.74137,364.782,0,0,0
Suite_5,Deferred_Uber,0,686,0.004395,0.681404,0.000448,0.056,0.333824,0.867731,1152.43,0,0,0
Suite_5,Deferred_Uber,0,687,0.004013,1.23819,0,0.055392,0.330208,0.698487,1431.67,0,0,0
Suite_5,Deferred_Uber,0,688,0.003961,0.646593,0.001344,0.057344,0.336384,1.25477,796.957,0,0,0
Suite_5,Deferred_Uber,0,689,0.004173,1.29565,0,0.055808,0.339136,0.816091,1225.35,0,0,0
Suite_5,Deferred_Uber,0,690,0.009248,0.667582,0,0.056512,0.3256,1.3129,761.673,0,0,0
Suite_5,Deferred_Uber,0,691,0.004269,2.17226,0.000128,0.056224,0.350816,0.841439,1188.44,0,0,0
Suite_5,Deferred_Uber,0,692,0.004643,0.719902,3.2e-05,0.055296,0.335872,2.18953,456.718,0,0,0
Suite_5,Deferred_Uber,0,693,0.004488,1.23669,0.000512,0.056064,0.32768,0.890635,1122.79,0,0,0
Suite_5,Deferred_Uber,0,694,0.003938,0.655456,0.000512,0.056224,0.331776,1.25433,797.241,0,0,0
Suite_5,Deferred_Uber,0,695,0.004232,1.30785,0.00032,0.056032,0.333728,0.834709,1198.02,0,0,0
Suite_5,Deferred_Uber,0,696,0.00394,0.647043,0,0.055616,0.330656,1.32471,754.882,0,0,0
Suite_5,Deferred_Uber,0,697,0.00432,2.18513,0.000512,0.057184,0.33504,0.837175,1194.49,0,0,0
Suite_5,Deferred_Uber,0,698,0.005856,1.16493,6.4e-05,0.05584,0.329728,2.21022,452.444,0,0,0
Suite_5,Deferred_Uber,0,699,0.004393,0.586728,0.000512,0.055936,0.327552,1.3844,722.334,0,0,0
Suite_5,Deferred_Uber,0,700,0.004403,0.736042,0.001312,0.057152,0.335552,0.704479,1419.49,0,0,0
Suite_5,Deferred_Uber,0,701,0.004108,1.25581,0.001184,0.056992,0.325888,0.754799,1324.86,0,0,0
Suite_5,Deferred_Uber,0,702,0.003895,0.594012,0.00048,0.056224,0.330944,1.27311,785.476,0,0,0
Suite_5,Deferred_Uber,0,703,0.004365,0.675116,0,0.056736,0.325984,0.711587,1405.31,0,0,0
Suite_5,Deferred_Uber,0,704,0.00395,0.681115,0.001376,0.056928,0.333792,0.691375,1446.39,0,0,0
Suite_5,Deferred_Uber,0,705,0.004125,0.668301,0,0.066272,0.350048,0.704502,1419.44,0,0,0
Suite_5,Deferred_Uber,0,706,0.003974,0.703075,0.001184,0.056576,0.327328,0.685515,1458.76,0,0,0
Suite_5,Deferred_Uber,0,707,0.003891,1.23053,0.001184,0.056768,0.342176,0.723043,1383.04,0,0,0
Suite_5,Deferred_Uber,0,708,0.003921,0.732102,0,0.055616,0.3296,1.24651,802.237,0,0,0
Suite_5,Deferred_Uber,0,709,0.004368,2.70717,0.000512,0.05728,0.327456,0.90166,1109.07,0,0,0
Suite_5,Deferred_Uber,0,710,0.004076,0.71047,0.000512,0.057312,0.32768,2.72522,366.943,0,0,0
Suite_5,Deferred_Uber,0,711,0.004554,0.682653,0,0.056512,0.337792,0.879765,1136.67,0,0,0
Suite_5,Deferred_Uber,0,712,0.004023,1.24414,0,0.05664,0.324384,0.699994,1428.58,0,0,0
Suite_5,Deferred_Uber,0,713,0.003909,0.655636,0.000512,0.057344,0.329728,1.26195,792.421,0,0,0
Suite_5,Deferred_Uber,0,714,0.004176,1.31256,0.000384,0.056,0.335392,0.824595,1212.72,0,0,0
Suite_5,Deferred_Uber,0,715,0.003901,0.664866,0,0.056704,0.329504,1.32909,752.392,0,0,0
Suite_5,Deferred_Uber,0,716,0.004162,2.16947,0.000512,0.056288,0.3416,0.8329,1200.62,0,0,0
Suite_5,Deferred_Uber,0,717,0.004431,0.65497,0,0.05552,0.33264,2.18914,456.801,0,0,0
Suite_5,Deferred_Uber,0,718,0.004228,1.24703,0.000512,0.057248,0.353632,0.875818,1141.79,0,0,0
Suite_5,Deferred_Uber,0,719,0.003972,0.631668,0.001376,0.056992,0.335648,1.26382,791.251,0,0,0
Suite_5,Deferred_Uber,0,720,0.004337,1.30371,0.000416,0.056064,0.327232,0.850083,1176.36,0,0,0
Suite_5,Deferred_Uber,0,721,0.004073,0.66251,0.001408,0.056736,0.33088,1.32171,756.598,0,0,0
Suite_5,Deferred_Uber,0,722,0.004652,2.1761,0,0.056512,0.332416,0.831651,1202.43,0,0,0
Suite_5,Deferred_Uber,0,723,0.004634,1.17261,0.001184,0.056896,0.32768,2.20561,453.388,0,0,0
Suite_5,Deferred_Uber,0,724,0.004271,0.588468,0,0.07792,0.352256,1.36729,731.374,0,0,0
Suite_5,Deferred_Uber,0,725,0.004275,0.768879,0,0.05536,0.334624,0.708056,1412.32,0,0,0
Suite_5,Deferred_Uber,0,726,0.004135,1.25892,0.00144,0.05696,0.32768,0.78612,1272.07,0,0,0
Suite_5,Deferred_Uber,0,727,0.003928,0.581674,0.001408,0.057216,0.326368,1.27546,784.032,0,0,0
Suite_5,Deferred_Uber,0,728,0.004284,0.677329,0.001056,0.056416,0.33616,0.71626,1396.14,0,0,0
Suite_5,Deferred_Uber,0,729,0.003901,0.687962,0,0.056512,0.324032,0.695048,1438.75,0,0,0
Suite_5,Deferred_Uber,0,730,0.003867,0.69198,0.00016,0.055776,0.33664,0.704653,1419.14,0,0,0
Suite_5,Deferred_Uber,0,731,0.003857,1.24431,0.000512,0.057344,0.335456,0.707926,1412.58,0,0,0
Suite_5,Deferred_Uber,0,732,0.00383,0.670594,0.00048,0.055872,0.329216,1.26028,793.476,0,0,0
Suite_5,Deferred_Uber,0,733,0.004368,2.73569,0.000512,0.057344,0.333824,0.84133,1188.59,0,0,0
Suite_5,Deferred_Uber,0,734,0.003983,0.600105,0.001248,0.056736,0.333472,2.75323,363.209,0,0,0
Suite_5,Deferred_Uber,0,735,0.004267,0.788325,0.00048,0.057152,0.32064,0.818422,1221.86,0,0,0
Suite_5,Deferred_Uber,0,736,0.004196,0.699649,0.000224,0.056128,0.333824,0.805638,1241.25,0,0,0
Suite_5,Deferred_Uber,0,737,0.004058,1.22077,0.001344,0.057344,0.325632,0.722584,1383.92,0,0,0
Suite_5,Deferred_Uber,0,738,0.003949,0.657655,0.000512,0.057088,0.329728,1.23801,807.751,0,0,0
Suite_5,Deferred_Uber,0,739,0.004322,1.33232,0.001056,0.057152,0.331584,0.825822,1210.91,0,0,0
Suite_5,Deferred_Uber,0,740,0.003828,0.667211,0,0.056544,0.33472,1.34874,741.432,0,0,0
Suite_5,Deferred_Uber,0,741,0.0042,2.17647,0.000128,0.056,0.329152,0.836563,1195.37,0,0,0
Suite_5,Deferred_Uber,0,742,0.004524,0.662755,0.000512,0.057024,0.324896,2.1943,455.727,0,0,0
Suite_5,Deferred_Uber,0,743,0.004443,1.22777,0.00032,0.056096,0.354304,0.881925,1133.88,0,0,0
Suite_5,Deferred_Uber,0,744,0.003907,0.597569,0.000288,0.055808,0.33792,1.24463,803.448,0,0,0
Suite_5,Deferred_Uber,0,745,0.004214,1.28542,0.000384,0.055936,0.32768,0.766813,1304.1,0,0,0
Suite_5,Deferred_Uber,0,746,0.003916,0.580975,0,0.055648,0.331776,1.30292,767.505,0,0,0
Suite_5,Deferred_Uber,0,747,0.004042,0.677807,0,0.055488,0.329952,0.748521,1335.97,0,0,0
Suite_5,Deferred_Uber,0,748,0.003968,0.68547,0.000512,0.057216,0.329728,0.693884,1441.16,0,0,0
Suite_5,Deferred_Uber,0,749,0.003878,0.672937,0.000512,0.082112,0.366016,0.70324,1421.99,0,0,0
Suite_5,Deferred_Uber,0,750,0.003915,0.718481,0,0.05568,0.324544,0.689831,1449.63,0,0,0
Suite_5,Deferred_Uber,0,751,0.00386,1.23217,0.000256,0.055968,0.344032,0.734441,1361.58,0,0,0
Suite_5,Deferred_Uber,0,752,0.003981,0.73111,0,0.056672,0.33808,1.25217,798.616,0,0,0
Suite_5,Deferred_Uber,0,753,0.004441,2.68784,0.000416,0.056096,0.324672,0.90088,1110.03,0,0,0
Suite_5,Deferred_Uber,0,754,0.003942,0.704747,0,0.056448,0.331968,2.70561,369.603,0,0,0
Suite_5,Deferred_Uber,0,755,0.0046,0.693278,0.000512,0.057248,0.326816,0.873479,1144.85,0,0,0
Suite_5,Deferred_Uber,0,756,0.003933,1.23644,0,0.055584,0.32816,0.709996,1408.46,0,0,0
Suite_5,Deferred_Uber,0,757,0.004002,0.622488,0.001184,0.0568,0.339968,1.25384,797.551,0,0,0
Suite_5,Deferred_Uber,0,758,0.0043,1.30951,0.001088,0.056672,0.329888,0.825214,1211.81,0,0,0
Suite_5,Deferred_Uber,0,759,0.003948,0.663356,0.00048,0.056288,0.331776,1.32588,754.214,0,0,0
Suite_5,Deferred_Uber,0,760,0.004342,2.18327,0.000352,0.055968,0.341056,0.831368,1202.84,0,0,0
Suite_5,Deferred_Uber,0,761,0.004285,0.659122,0.00016,0.05648,0.329088,2.20181,454.171,0,0,0
Suite_5,Deferred_Uber,0,762,0.004339,1.2479,0.000512,0.057216,0.356352,0.879404,1137.13,0,0,0
Suite_5,Deferred_Uber,0,763,0.003992,0.62829,0,0.055872,0.330816,1.2647,790.704,0,0,0
Suite_5,Deferred_Uber,0,764,0.004304,1.30146,0.000512,0.05632,0.32896,0.846587,1181.21,0,0,0
Suite_5,Deferred_Uber,0,765,0.003987,0.60988,0.000512,0.056256,0.331136,1.32011,757.511,0,0,0
Suite_5,Deferred_Uber,0,766,0.004331,2.17584,0.00048,0.057344,0.325632,0.82962,1205.37,0,0,0
Suite_5,Deferred_Uber,0,767,0.004543,1.14428,0,0.05568,0.328192,2.1935,455.893,0,0,0
Suite_5,Deferred_Uber,0,768,0.00413,0.584136,0.001056,0.072672,0.348736,1.36342,733.449,0,0,0
Suite_5,Deferred_Uber,0,769,0.004273,0.757432,0.001088,0.056832,0.336096,0.760901,1314.23,0,0,0
Suite_5,Deferred_Uber,0,770,0.003959,1.26256,0.00048,0.056032,0.331776,0.774647,1290.91,0,0,0
Suite_5,Deferred_Uber,0,771,0.00406,0.578908,0,0.055552,0.326272,1.27944,781.59,0,0,0
Suite_5,Deferred_Uber,0,772,0.004158,0.681978,0,0.055456,0.325504,0.696781,1435.17,0,0,0
Suite_5,Deferred_Uber,0,773,0.004168,0.672762,0.001312,0.05664,0.331424,0.699855,1428.87,0,0,0
Suite_5,Deferred_Uber,0,774,0.004072,0.695044,0.000256,0.055744,0.33792,0.689691,1449.92,0,0,0
Suite_5,Deferred_Uber,0,775,0.004069,1.24301,0,0.056736,0.330496,0.711158,1406.16,0,0,0
Suite_5,Deferred_Uber,0,776,0.003888,0.661964,0,0.056512,0.325824,1.25925,794.121,0,0,0
Suite_5,Deferred_Uber,0,777,0.004271,2.75063,0.001376,0.057088,0.331808,0.830974,1203.41,0,0,0
Suite_5,Deferred_Uber,0,778,0.00392,0.60135,0,0.056704,0.329664,2.76801,361.27,0,0,0
Suite_5,Deferred_Uber,0,779,0.004115,0.785906,0.000512,0.057344,0.32768,0.819916,1219.64,0,0,0
Suite_5,Deferred_Uber,0,780,0.004676,0.70398,0.00016,0.055648,0.33344,0.808188,1237.34,0,0,0
Suite_5,Deferred_Uber,0,781,0.004057,1.23165,0,0.055584,0.329344,0.722942,1383.24,0,0,0
Suite_5,Deferred_Uber,0,782,0.003895,0.667605,0.00112,0.056672,0.33008,1.24865,800.866,0,0,0
Suite_5,Deferred_Uber,0,783,0.004124,1.32045,0.000512,0.05728,0.329728,0.835661,1196.66,0,0,0
Suite_5,Deferred_Uber,0,784,0.003848,0.645349,0.00048,0.057024,0.32768,1.33672,748.099,0,0,0
Suite_5,Deferred_Uber,0,785,0.004624,2.16574,0.00144,0.057184,0.331808,0.833402,1199.9,0,0,0
Suite_5,Deferred_Uber,0,786,0.004103,0.673319,0.001248,0.056896,0.332128,2.18403,457.869,0,0,0
Suite_5,Deferred_Uber,0,787,0.004366,1.23324,0.00128,0.056704,0.352256,0.892485,1120.47,0,0,0
Suite_5,Deferred_Uber,0,788,0.003818,0.601859,0.001056,0.056448,0.332512,1.24987,800.083,0,0,0
Suite_5,Deferred_Uber,0,789,0.005175,1.27008,0.000224,0.055872,0.335008,0.772928,1293.78,0,0,0
Suite_5,Deferred_Uber,0,790,0.003926,0.590151,0.001504,0.05728,0.327168,1.28907,775.751,0,0,0
Suite_5,Deferred_Uber,0,791,0.00411,0.672631,0.000512,0.055776,0.329216,0.707562,1413.3,0,0,0
Suite_5,Deferred_Uber,0,792,0.004036,0.681871,0.000448,0.055936,0.331776,0.688658,1452.1,0,0,0
Suite_5,Deferred_Uber,0,793,0.003874,0.67374,0.000512,0.078688,0.347616,0.699054,1430.5,0,0,0
Suite_5,Deferred_Uber,0,794,0.003891,0.700081,0.000416,0.056,0.326816,0.690562,1448.1,0,0,0
Suite_5,Deferred_Uber,0,795,0.003878,1.23634,0,0.05584,0.361216,0.715988,1396.67,0,0,0
Suite_5,Deferred_Uber,0,796,0.003795,0.750852,0.00128,0.0568,0.328,1.25222,798.585,0,0,0
Suite_5,Deferred_Uber,0,797,0.004392,2.72302,0.000416,0.056064,0.335808,0.906764,1102.82,0,0,0
Suite_5,Deferred_Uber,0,798,0.004094,0.71209,0.000512,0.057248,0.326944,2.74061,364.883,0,0,0
Suite_5,Deferred_Uber,0,799,0.004316,0.689409,0.000512,0.057344,0.33552,0.880537,1135.67,0,0,0
Suite_5,Deferred_Uber,0,800,0.004007,1.2421,0,0.055584,0.326496,0.705899,1416.63,0,0,0
Suite_5,Deferred_Uber,0,801,0.004003,0.630712,0.00144,0.05632,0.33792,1.2673,789.078,0,0,0
Suite_5,Deferred_Uber,0,802,0.004157,1.33443,0.00032,0.05616,0.342016,0.799593,1250.64,0,0,0
Suite_5,Deferred_Uber,0,803,0.003879,0.672329,0,0.056736,0.32848,1.35088,740.261,0,0,0
Suite_5,Deferred_Uber,0,804,0.004251,2.19169,0.001408,0.057344,0.339136,0.839981,1190.5,0,0,0
Suite_5,Deferred_Uber,0,805,0.004446,0.657529,0.001472,0.057344,0.327456,2.21131,452.22,0,0,0
Suite_5,Deferred_Uber,0,806,0.004252,1.22701,0,0.055584,0.34848,0.882977,1132.53,0,0,0
Suite_5,Deferred_Uber,0,807,0.003894,0.634126,0.00128,0.057216,0.328096,1.24401,803.855,0,0,0
Suite_5,Deferred_Uber,0,808,0.004143,1.30686,0.00048,0.056192,0.329728,0.842619,1186.78,0,0,0
Suite_5,Deferred_Uber,0,809,0.003963,0.618472,0,0.05664,0.328544,1.3322,750.64,0,0,0
Suite_5,Deferred_Uber,0,810,0.004438,2.18882,0.00048,0.057344,0.327392,0.816115,1225.32,0,0,0
Suite_5,Deferred_Uber,0,811,0.00433,1.19045,0.000352,0.056128,0.339936,2.20672,453.161,0,0,0
Suite_5,Deferred_Uber,0,812,0.004223,0.601895,0.000416,0.080352,0.351712,1.36439,732.93,0,0,0
Suite_5,Deferred_Uber,0,813,0.004125,0.764563,0.001312,0.057344,0.331968,0.721948,1385.14,0,0,0
Suite_5,Deferred_Uber,0,814,0.003889,1.25591,0,0.055648,0.332032,0.781466,1279.65,0,0,0
Suite_5,Deferred_Uber,0,815,0.003923,0.584279,0.000416,0.056256,0.325632,1.27197,786.184,0,0,0
Suite_5,Deferred_Uber,0,816,0.00414,0.677876,0,0.055616,0.330528,0.75214,1329.54,0,0,0
Suite_5,Deferred_Uber,0,817,0.003954,0.674983,0.001088,0.056608,0.321472,0.69529,1438.25,0,0,0
Suite_5,Deferred_Uber,0,818,0.003869,0.684262,0,0.055648,0.328544,0.691661,1445.79,0,0,0
Suite_5,Deferred_Uber,0,819,0.003789,1.23209,0,0.056512,0.325344,0.699899,1428.78,0,0,0
Suite_5,Deferred_Uber,0,820,0.003882,0.659881,0.000512,0.057344,0.335872,1.24784,801.388,0,0,0
Suite_5,Deferred_Uber,0,821,0.004379,2.75929,0.00032,0.055776,0.330304,0.829349,1205.77,0,0,0
Suite_5,Deferred_Uber,0,822,0.003871,0.635505,0.001056,0.057152,0.32992,2.77659,360.155,0,0,0
Suite_5,Deferred_Uber,0,823,0.00421,0.787604,0,0.055616,0.32592,0.817914,1222.62,0,0,0
Suite_5,Deferred_Uber,0,824,0.00441,0.698047,0,0.056448,0.332448,0.804644,1242.79,0,0,0
Suite_5,Deferred_Uber,0,825,0.003901,1.2377,0.000512,0.057344,0.329728,0.715932,1396.78,0,0,0
Suite_5,Deferred_Uber,0,826,0.00387,0.669057,0.001088,0.056608,0.32816,1.25475,796.972,0,0,0
Suite_5,Deferred_Uber,0,827,0.004247,1.32006,0.001184,0.056704,0.33392,0.836962,1194.8,0,0,0
Suite_5,Deferred_Uber,0,828,0.0039,0.662786,0.001344,0.056864,0.331264,1.33646,748.245,0,0,0
Suite_5,Deferred_Uber,0,829,0.004238,2.1645,0.000352,0.055808,0.33392,0.832944,1200.56,0,0,0
Suite_5,Deferred_Uber,0,830,0.004198,0.670216,0,0.056384,0.334016,2.18282,458.123,0,0,0
Suite_5,Deferred_Uber,0,831,0.004443,1.23659,0.00048,0.057344,0.35776,0.889151,1124.67,0,0,0
Suite_5,Deferred_Uber,0,832,0.00405,0.596589,0,0.056512,0.342784,1.25318,797.971,0,0,0
Suite_5,Deferred_Uber,0,833,0.004189,1.23681,0.000512,0.056224,0.329632,0.821672,1217.03,0,0,0
Suite_5,Deferred_Uber,0,834,0.003892,0.585803,0.00032,0.05584,0.32768,1.25424,797.298,0,0,0
Suite_5,Deferred_Uber,0,835,0.004067,0.66931,0.000128,0.055584,0.324544,0.753245,1327.59,0,0,0
Suite_5,Deferred_Uber,0,836,0.003853,0.678898,0.000512,0.056256,0.327232,0.685418,1458.96,0,0,0
Suite_5,Deferred_Uber,0,837,0.004327,0.665287,0.001184,0.083008,0.361952,0.699832,1428.91,0,0,0
Suite_5,Deferred_Uber,0,838,0.003893,0.720371,0.000416,0.057344,0.329728,0.682597,1464.99,0,0,0
Suite_5,Deferred_Uber,0,839,0.003897,1.2276,0.000288,0.05616,0.350208,0.736558,1357.67,0,0,0
Suite_5,Deferred_Uber,0,840,0.004098,0.731938,0.000288,0.055872,0.33376,1.25031,799.802,0,0,0
Suite_5,Deferred_Uber,0,841,0.004349,2.70391,0.000512,0.05696,0.331776,0.90188,1108.79,0,0,0
Suite_5,Deferred_Uber,0,842,0.00418,0.708131,0.00016,0.05584,0.326464,2.72155,367.437,0,0,0
Suite_5,Deferred_Uber,0,843,0.004569,0.689931,0.000512,0.057344,0.331168,0.877539,1139.55,0,0,0
Suite_5,Deferred_Uber,0,844,0.003982,1.24143,0,0.056608,0.3304,0.706724,1414.98,0,0,0
Suite_5,Deferred_Uber,0,845,0.003997,0.659704,0.001472,0.057024,0.34048,1.25962,793.889,0,0,0
Suite_5,Deferred_Uber,0,846,0.004251,1.31279,0.001248,0.056736,0.33584,0.828543,1206.94,0,0,0
Suite_5,Deferred_Uber,0,847,0.003871,0.666984,0,0.056512,0.327872,1.32963,752.092,0,0,0
Suite_5,Deferred_Uber,0,848,0.004258,2.16277,3.2e-05,0.055456,0.34448,0.834842,1197.83,0,0,0
Suite_5,Deferred_Uber,0,849,0.004409,0.663686,0.000224,0.055552,0.333376,2.18152,458.396,0,0,0
Suite_5,Deferred_Uber,0,850,0.004268,1.23831,0,0.056544,0.356864,0.884261,1130.89,0,0,0
Suite_5,Deferred_Uber,0,851,0.003848,0.639895,0.000352,0.055936,0.331776,1.25499,796.82,0,0,0
Suite_5,Deferred_Uber,0,852,0.004101,1.30649,0.000416,0.055904,0.329312,0.857967,1165.55,0,0,0
Suite_5,Deferred_Uber,0,853,0.003984,0.626136,0.001344,0.056672,0.33344,1.32407,755.248,0,0,0
Suite_5,Deferred_Uber,0,854,0.007207,2.15743,0,0.056416,0.332032,0.870253,1149.09,0,0,0
Suite_5,Deferred_Uber,0,855,0.004928,1.14796,0.00048,0.057024,0.324736,2.18066,458.577,0,0,0
Suite_5,Deferred_Uber,0,856,0.004603,0.593519,0,0.083552,0.353376,1.36866,730.641,0,0,0
Suite_5,Deferred_Uber,0,857,0.004295,0.766852,0,0.056544,0.3264,0.713915,1400.73,0,0,0
Suite_5,Deferred_Uber,0,858,0.003988,1.24761,0,0.056416,0.329952,0.784659,1274.44,0,0,0
Suite_5,Deferred_Uber,0,859,0.003951,0.592677,0,0.056736,0.328384,1.26417,791.035,0,0,0
Suite_5,Deferred_Uber,0,860,0.004201,0.676133,0.001344,0.0568,0.32784,0.710078,1408.3,0,0,0
Suite_5,Deferred_Uber,0,861,0.004012,0.675005,0.000224,0.056096,0.329728,0.694663,1439.55,0,0,0
Suite_5,Deferred_Uber,0,862,0.003994,0.702276,0.000512,0.056288,0.331584,0.692293,1444.48,0,0,0
Suite_5,Deferred_Uber,0,863,0.004282,1.23261,0,0.05568,0.333824,0.718404,1391.97,0,0,0
Suite_5,Deferred_Uber,0,864,0.003971,0.67836,0.000512,0.056192,0.331776,1.24907,800.599,0,0,0
Suite_5,Deferred_Uber,0,865,0.004782,2.38666,0.00048,0.056,0.335872,0.848734,1178.23,0,0,0
Suite_5,Deferred_Uber,0,866,0.004432,1.11566,0.00048,0.056128,0.329728,2.40943,415.037,0,0,0
Suite_5,Deferred_Uber,0,867,0.004427,0.597792,0.001184,0.056768,0.346624,1.2847,778.391,0,0,0
Suite_5,Deferred_Uber,0,868,0.004762,0.690187,0.001184,0.056608,0.330208,0.817811,1222.78,0,0,0
Suite_5,Deferred_Uber,0,869,0.004244,1.23355,0.000352,0.056128,0.325632,0.708927,1410.58,0,0,0
Suite_5,Deferred_Uber,0,870,0.004108,0.646038,0.00128,0.056992,0.332288,1.25521,796.682,0,0,0
Suite_5,Deferred_Uber,0,871,0.007303,1.29577,0,0.055648,0.330112,0.855845,1168.44,0,0,0
Suite_5,Deferred_Uber,0,872,0.004551,0.664571,0.00128,0.057056,0.327552,1.31778,758.849,0,0,0
Suite_5,Deferred_Uber,0,873,0.004834,2.16165,0,0.056608,0.336384,0.836059,1196.09,0,0,0
Suite_5,Deferred_Uber,0,874,0.00466,1.16952,0.000448,0.056256,0.325632,2.18189,458.319,0,0,0
Suite_5,Deferred_Uber,0,875,0.004443,0.583791,0.000192,0.05584,0.358208,1.38942,719.726,0,0,0
Suite_5,Deferred_Uber,0,876,0.004275,0.758764,0.000512,0.05632,0.329376,0.701942,1424.62,0,0,0
Suite_5,Deferred_Uber,0,877,0.00395,1.25782,0,0.056352,0.3304,0.777603,1286,0,0,0
Suite_5,Deferred_Uber,0,878,0.003916,0.587912,0.00048,0.057344,0.330112,1.27518,784.205,0,0,0
Suite_5,Deferred_Uber,0,879,0.004234,0.678202,0.00048,0.057344,0.32752,0.755633,1323.39,0,0,0
Suite_5,Deferred_Uber,0,880,0.004531,0.685483,0.000512,0.056096,0.33088,0.695716,1437.37,0,0,0
Suite_5,Deferred_Uber,0,881,0.004523,0.673397,0.000512,0.056256,0.331776,0.703997,1420.46,0,0,0
Suite_5,Deferred_Uber,0,882,0.004168,1.26353,0.000512,0.055776,0.331776,0.691282,1446.59,0,0,0
Suite_5,Deferred_Uber,0,883,0.003939,0.657148,0.00048,0.056224,0.329728,1.28004,781.227,0,0,0
Suite_5,Deferred_Uber,0,884,0.004449,2.75456,0.00048,0.057344,0.32768,0.824853,1212.34,0,0,0
Suite_5,Deferred_Uber,0,885,0.003989,0.598709,0,0.056704,0.326272,2.77305,360.614,0,0,0
Suite_5,Deferred_Uber,0,886,0.004237,0.779165,0.001152,0.056448,0.32368,0.818309,1222.03,0,0,0
Suite_5,Deferred_Uber,0,887,0.004288,0.691383,0,0.056512,0.329984,0.796504,1255.49,0,0,0
Suite_5,Deferred_Uber,0,888,0.003917,1.23531,0.000512,0.056288,0.325632,0.712164,1404.17,0,0,0
Suite_5,Deferred_Uber,0,889,0.003909,0.661907,0.001024,0.056576,0.332064,1.2529,798.145,0,0,0
Suite_5,Deferred_Uber,0,890,0.004131,1.32609,0.000448,0.05728,0.33792,0.830815,1203.64,0,0,0
Suite_5,Deferred_Uber,0,891,0.004158,0.640845,0,0.056576,0.330432,1.34296,744.622,0,0,0
Suite_5,Deferred_Uber,0,892,0.004474,2.18168,0.002176,0.05712,0.352256,0.831874,1202.11,0,0,0
Suite_5,Deferred_Uber,0,893,0.004316,0.72244,0,0.055584,0.332736,2.2016,454.214,0,0,0
Suite_5,Deferred_Uber,0,894,0.004698,1.23122,0.001216,0.056768,0.358464,0.898419,1113.07,0,0,0
Suite_5,Deferred_Uber,0,895,0.003969,0.728567,0.001408,0.056992,0.33776,1.2482,801.153,0,0,0
Suite_5,Deferred_Uber,0,896,0.004298,1.27377,0.00112,0.056832,0.331456,0.896358,1115.63,0,0,0
Suite_5,Deferred_Uber,0,897,0.004235,0.637838,0,0.05648,0.322432,1.31794,758.763,0,0,0
Suite_5,Deferred_Uber,0,898,0.004477,2.20329,0.000512,0.057344,0.32576,0.807685,1238.11,0,0,0
Suite_5,Deferred_Uber,0,899,0.004508,1.13909,0.000512,0.057344,0.33792,2.22207,450.031,0,0,0
Suite_5,Deferred_Uber,0,900,0.004292,0.628751,0,0.056544,0.333664,1.35902,735.827,0,0,0
Suite_5,Deferred_Uber,0,901,0.007583,1.24542,0.001312,0.056992,0.339424,0.809696,1235.03,0,0,0
Suite_5,Deferred_Uber,0,902,0.004949,0.599689,0.000512,0.057344,0.329824,1.27022,787.267,0,0,0
Suite_5,Deferred_Uber,0,903,0.004878,0.684651,0,0.056416,0.332192,0.720625,1387.68,0,0,0
Suite_5,Deferred_Uber,0,904,0.004389,0.682702,0.001472,0.05696,0.331776,0.702623,1423.24,0,0,0
Suite_5,Deferred_Uber,0,905,0.004152,0.674693,0.001312,0.056928,0.325504,0.701785,1424.94,0,0,0
Suite_5,Deferred_Uber,0,906,0.004228,0.694425,0.000512,0.057344,0.331584,0.692934,1443.14,0,0,0
Suite_5,Deferred_Uber,0,907,0.004152,1.23696,0.000736,0.057312,0.333824,0.711528,1405.43,0,0,0
Suite_5,Deferred_Uber,0,908,0.004036,0.671177,0.001056,0.056608,0.33824,1.25377,797.596,0,0,0
Suite_5,Deferred_Uber,0,909,0.004547,2.74042,0.00144,0.057344,0.32976,0.855323,1169.15,0,0,0
Suite_5,Deferred_Uber,0,910,0.004165,0.603756,0.000544,0.056096,0.326784,2.75937,362.401,0,0,0
Suite_5,Deferred_Uber,0,911,0.004483,0.756097,0.000384,0.056,0.34816,0.836915,1194.86,0,0,0
Suite_5,Deferred_Uber,0,912,0.004539,0.700179,0.000288,0.05568,0.329728,0.774322,1291.45,0,0,0
Suite_5,Deferred_Uber,0,913,0.0046,1.22965,0.000512,0.057344,0.329536,0.719037,1390.75,0,0,0
Suite_5,Deferred_Uber,0,914,0.004137,0.668687,0,0.055488,0.328608,1.24811,801.21,0,0,0
Suite_5,Deferred_Uber,0,915,0.004426,1.31031,0.001152,0.05648,0.325984,0.830086,1204.69,0,0,0
Suite_5,Deferred_Uber,0,916,0.004258,0.663526,0.00032,0.056032,0.322816,1.32757,753.255,0,0,0
Suite_5,Deferred_Uber,0,917,0.004428,2.18265,0.000448,0.056128,0.333824,0.833831,1199.28,0,0,0
Suite_5,Deferred_Uber,0,918,0.004739,1.22428,0.000512,0.057344,0.335872,2.20349,453.825,0,0,0
Suite_5,Deferred_Uber,0,919,0.004628,0.590078,0.00128,0.05696,0.333728,1.39391,717.408,0,0,0
Suite_5,Deferred_Uber,0,920,0.004444,0.72972,0,0.056704,0.338336,0.73661,1357.57,0,0,0
Suite_5,Deferred_Uber,0,921,0.004076,1.26333,0,0.056736,0.332352,0.748394,1336.19,0,0,0
Suite_5,Deferred_Uber,0,922,0.004191,0.588682,0.001056,0.056544,0.328672,1.28143,780.381,0,0,0
Suite_5,Deferred_Uber,0,923,0.004442,0.687292,0.00048,0.05632,0.323584,0.723986,1381.24,0,0,0
Suite_5,Deferred_Uber,0,924,0.004163,0.671232,0.000384,0.05568,0.327488,0.704398,1419.65,0,0,0
Suite_5,Deferred_Uber,0,925,0.003962,0.69145,0,0.056544,0.328384,0.689789,1449.72,0,0,0
Suite_5,Deferred_Uber,0,926,0.004216,1.23918,0.001248,0.05696,0.327872,0.709025,1410.39,0,0,0
Suite_5,Deferred_Uber,0,927,0.004189,0.685611,0.000384,0.055648,0.33792,1.25593,796.223,0,0,0
Suite_5,Deferred_Uber,0,928,0.004511,2.74751,0.00048,0.057344,0.33168,0.854943,1169.67,0,0,0
Suite_5,Deferred_Uber,0,929,0.00419,0.635017,0.00048,0.057344,0.331776,2.77203,360.746,0,0,0
Suite_5,Deferred_Uber,0,930,0.004286,0.780875,0.000832,0.05712,0.335104,0.811273,1232.63,0,0,0
Suite_5,Deferred_Uber,0,931,0.004297,0.702819,0.00048,0.057344,0.327456,0.809992,1234.58,0,0,0
Suite_5,Deferred_Uber,0,932,0.004002,1.23448,0,0.05648,0.332384,0.719537,1389.78,0,0,0
Suite_5,Deferred_Uber,0,933,0.004202,0.664698,0.000512,0.05616,0.329728,1.25303,798.064,0,0,0
Suite_5,Deferred_Uber,0,934,0.004245,1.32497,0.001184,0.056896,0.331488,0.834133,1198.85,0,0,0
Suite_5,Deferred_Uber,0,935,0.016024,0.645244,0.001344,0.056992,0.33616,1.34249,744.882,0,0,0
Suite_5,Deferred_Uber,0,936,0.004597,2.1867,0.000512,0.057056,0.329728,0.825492,1211.4,0,0,0
Suite_5,Deferred_Uber,0,937,0.004827,1.17517,0,0.056704,0.330336,2.20661,453.185,0,0,0
Suite_5,Deferred_Uber,0,938,0.004995,0.59246,0.001248,0.056768,0.354304,1.37671,726.367,0,0,0
Suite_5,Deferred_Uber,0,939,0.004331,0.731397,0.000608,0.056032,0.32768,0.711399,1405.68,0,0,0
Suite_5,Deferred_Uber,0,940,0.00409,1.30169,0.000384,0.056128,0.333824,0.748518,1335.97,0,0,0
Suite_5,Deferred_Uber,0,941,0.004298,0.583025,0.000512,0.05728,0.325888,1.32073,757.156,0,0,0
Suite_5,Deferred_Uber,0,942,0.004427,0.678174,0,0.05568,0.326336,0.711832,1404.83,0,0,0
Suite_5,Deferred_Uber,0,943,0.004186,0.676898,9.6e-05,0.05584,0.33104,0.695682,1437.44,0,0,0
Suite_5,Deferred_Uber,0,944,0.003948,0.677324,0.000352,0.056224,0.333824,0.693525,1441.91,0,0,0
Suite_5,Deferred_Uber,0,945,0.004234,0.653908,0,0.055552,0.333056,0.719486,1389.88,0,0,0
Suite_5,Deferred_Uber,0,946,0.003951,1.24706,0.00048,0.057344,0.350208,0.671452,1489.31,0,0,0
Suite_5,Deferred_Uber,0,947,0.003955,0.69433,0.000512,0.056192,0.329728,1.26367,791.348,0,0,0
Suite_5,Deferred_Uber,0,948,0.004211,2.73393,0,0.056544,0.33248,0.862883,1158.91,0,0,0
Suite_5,Deferred_Uber,0,949,0.006191,0.654023,0.001408,0.057248,0.3256,2.78953,358.484,0,0,0
Suite_5,Deferred_Uber,0,950,0.004482,0.758795,0.000672,0.057344,0.3312,0.827187,1208.92,0,0,0
Suite_5,Deferred_Uber,0,951,0.004597,1.22748,0.001472,0.057152,0.327072,0.78406,1275.41,0,0,0
Suite_5,Deferred_Uber,0,952,0.004266,0.653708,0.000512,0.068704,0.339392,1.24587,802.654,0,0,0
Suite_5,Deferred_Uber,0,953,0.004328,0.764338,0.000512,0.057344,0.327744,0.824015,1213.57,0,0,0
Suite_5,Deferred_Uber,0,954,0.004442,1.24939,0,0.056416,0.3304,0.782479,1277.99,0,0,0
Suite_5,Deferred_Uber,0,955,0.004133,0.651226,3.2e-05,0.055776,0.320512,1.26659,789.523,0,0,0
Suite_5,Deferred_Uber,0,956,0.00447,2.18062,0.000512,0.056224,0.335872,0.834567,1198.23,0,0,0
Suite_5,Deferred_Uber,0,957,0.004974,1.18389,0,0.056768,0.327232,2.21402,451.668,0,0,0
Suite_5,Deferred_Uber,0,958,0.004456,0.626496,0.001184,0.056512,0.340448,1.35509,737.957,0,0,0
Suite_5,Deferred_Uber,0,959,0.004386,1.29789,0.000512,0.056192,0.331168,0.745037,1342.22,0,0,0
Suite_5,Deferred_Uber,0,960,0.004031,0.586613,0.00032,0.056064,0.325632,1.3152,760.343,0,0,0
Suite_5,Deferred_Uber,0,961,0.004385,0.676787,0.000512,0.05728,0.32768,0.718193,1392.38,0,0,0
Suite_5,Deferred_Uber,0,962,0.003914,0.68407,0.00112,0.05664,0.331168,0.6947,1439.47,0,0,0
Suite_5,Deferred_Uber,0,963,0.004173,0.667927,0.001248,0.056896,0.325632,0.700632,1427.28,0,0,0
Suite_5,Deferred_Uber,0,964,0.003928,0.693276,0.000512,0.055936,0.33792,0.684523,1460.87,0,0,0
Suite_5,Deferred_Uber,0,965,0.004059,1.24268,0.00016,0.055904,0.325408,0.711204,1406.07,0,0,0
Suite_5,Deferred_Uber,0,966,0.004006,0.676379,0.000512,0.057248,0.33728,1.26039,793.408,0,0,0
Suite_5,Deferred_Uber,0,967,0.004478,2.74085,0,0.055872,0.32768,0.844947,1183.51,0,0,0
Suite_5,Deferred_Uber,0,968,0.003988,0.650428,3.2e-05,0.05584,0.330144,2.758,362.582,0,0,0
Suite_5,Deferred_Uber,0,969,0.016124,0.793247,0.000224,0.061184,0.344832,0.820228,1219.17,0,0,0
Suite_5,Deferred_Uber,0,970,0.004447,0.680826,0.000512,0.056128,0.328832,0.824328,1213.11,0,0,0
Suite_5,Deferred_Uber,0,971,0.004246,1.22308,0.001312,0.056992,0.358688,0.698049,1432.56,0,0,0
Suite_5,Deferred_Uber,0,972,0.004187,0.726368,0.00144,0.057216,0.33328,1.23975,806.611,0,0,0
Suite_5,Deferred_Uber,0,973,0.007306,1.27667,0,0.05568,0.329824,0.87786,1139.13,0,0,0
Suite_5,Deferred_Uber,0,974,0.004495,0.656671,0.001248,0.056544,0.328032,1.29993,769.272,0,0,0
Suite_5,Deferred_Uber,0,975,0.004743,2.17124,0.000512,0.057344,0.325632,0.826304,1210.21,0,0,0
Suite_5,Deferred_Uber,0,976,0.005114,1.19292,0,0.055904,0.328512,2.19085,456.444,0,0,0
Suite_5,Deferred_Uber,0,977,0.00448,0.590303,0.001248,0.080512,0.360128,1.36457,732.832,0,0,0
Suite_5,Deferred_Uber,0,978,0.004367,0.774705,0.001312,0.057152,0.329376,0.745107,1342.09,0,0,0
Suite_5,Deferred_Uber,0,979,0.004232,1.24336,0.000512,0.05712,0.325632,0.797392,1254.09,0,0,0
Suite_5,Deferred_Uber,0,980,0.004018,0.582102,0.001152,0.056416,0.32608,1.26021,793.518,0,0,0
Suite_5,Deferred_Uber,0,981,0.004241,0.667692,0,0.055488,0.324256,0.700997,1426.54,0,0,0
Suite_5,Deferred_Uber,0,982,0.003906,0.675064,0.000512,0.057056,0.325472,0.685194,1459.44,0,0,0
Suite_5,Deferred_Uber,0,983,0.003873,0.686236,0,0.056544,0.335776,0.691319,1446.51,0,0,0
Suite_5,Deferred_Uber,0,984,0.003973,1.24037,0.000512,0.05584,0.329088,0.70676,1414.91,0,0,0
Suite_5,Deferred_Uber,0,985,0.003931,0.657495,0,0.056544,0.32768,1.25796,794.937,0,0,0
Suite_5,Deferred_Uber,0,986,0.004279,2.75697,0.00016,0.055616,0.332736,0.826942,1209.27,0,0,0
Suite_5,Deferred_Uber,0,987,0.004077,0.64755,0.000512,0.057344,0.331776,2.77405,360.484,0,0,0
Suite_5,Deferred_Uber,0,988,0.004208,0.794887,0.00112,0.056576,0.333216,0.815825,1225.75,0,0,0
Suite_5,Deferred_Uber,0,989,0.004309,0.70197,0.000512,0.057344,0.333824,0.815177,1226.73,0,0,0
Suite_5,Deferred_Uber,0,990,0.004034,1.24154,0.00048,0.057184,0.323584,0.720337,1388.24,0,0,0
Suite_5,Deferred_Uber,0,991,0.003896,0.656277,0.000512,0.057344,0.331488,1.25808,794.861,0,0,0
Suite_5,Deferred_Uber,0,992,0.004163,1.33091,0.001184,0.05696,0.32768,0.824256,1213.22,0,0,0
Suite_5,Deferred_Uber,0,993,0.004052,0.647606,0.00048,0.056256,0.327104,1.35393,738.592,0,0,0
Suite_5,Deferred_Uber,0,994,0.004398,2.14778,0.001024,0.0568,0.329728,0.817038,1223.93,0,0,0
Suite_5,Deferred_Uber,0,995,0.004193,0.713663,3.2e-05,0.055872,0.333664,2.16541,461.805,0,0,0
Suite_5,Deferred_Uber,0,996,0.004196,1.23882,0.00048,0.056096,0.350208,0.882194,1133.54,0,0,0
Suite_5,Deferred_Uber,0,997,0.003915,0.588657,0.001184,0.056896,0.336224,1.25697,795.565,0,0,0
Suite_5,Deferred_Uber,0,998,0.00413,1.28464,0.001312,0.056704,0.33728,0.757375,1320.35,0,0,0
Suite_5,Deferred_Uber,0,999,0.003884,0.586119,0.001472,0.057312,0.329824,1.30118,768.535,0,0,0
Suite_5,Deferred_Uber,0,1000,0.00404,0.678235,0.000512,0.057184,0.326656,0.753923,1326.4,0,0,0
Suite_5,Deferred_Volume,0,1,0.004085,0.602284,0.00048,0.080192,0.343488,1.98954,502.629,0,0,0
Suite_5,Deferred_Volume,0,2,0.003889,0.679984,0.00048,0.081056,0.354016,0.618294,1617.35,0,0,0
Suite_5,Deferred_Volume,0,3,0.005248,2.24794,0.00048,0.080544,0.376448,0.878765,1137.96,0,0,0
Suite_5,Deferred_Volume,0,4,0.004188,0.659685,0.000512,0.081216,0.353984,2.26718,441.076,0,0,0
Suite_5,Deferred_Volume,0,5,0.004121,1.31621,0.001024,0.079872,0.350624,0.882813,1132.74,0,0,0
Suite_5,Deferred_Volume,0,6,0.003958,0.608365,0.000512,0.081248,0.344064,1.33436,749.421,0,0,0
Suite_5,Deferred_Volume,0,7,0.004315,0.7164,0.001056,0.079872,0.352256,0.72635,1376.75,0,0,0
Suite_5,Deferred_Volume,0,8,0.004002,1.25361,0.00048,0.079872,0.354304,0.737753,1355.47,0,0,0
Suite_5,Deferred_Volume,0,9,0.003909,0.651261,0.00016,0.10624,0.387072,1.27218,786.053,0,0,0
Suite_5,Deferred_Volume,0,10,0.004353,2.29093,0,0.08016,0.359488,0.85882,1164.39,0,0,0
Suite_5,Deferred_Volume,0,11,0.003879,1.14364,0,0.079936,0.354752,2.30804,433.268,0,0,0
Suite_5,Deferred_Volume,0,12,0.004338,0.621805,0.001312,0.098304,0.376384,1.36281,733.778,0,0,0
Suite_5,Deferred_Volume,0,13,0.004176,0.720159,0.000512,0.080064,0.351584,0.74173,1348.2,0,0,0
Suite_5,Deferred_Volume,0,14,0.003935,1.26253,0.00048,0.081184,0.359872,0.737916,1355.17,0,0,0
Suite_5,Deferred_Volume,0,15,0.004309,0.676617,0.000512,0.080992,0.351264,1.28078,780.777,0,0,0
Suite_5,Deferred_Volume,0,16,0.004017,0.704665,0,0.079872,0.348256,0.895585,1116.59,0,0,0
Suite_5,Deferred_Volume,0,17,0.003901,0.723443,0.000224,0.080576,0.36,0.722854,1383.41,0,0,0
Suite_5,Deferred_Volume,0,18,0.004046,1.35712,0.00032,0.080384,0.34976,0.740639,1350.19,0,0,0
Suite_5,Deferred_Volume,0,19,0.003873,0.663652,0,0.080224,0.356192,1.37365,727.987,0,0,0
Suite_5,Deferred_Volume,0,20,0.004246,2.76171,0,0.080064,0.356224,0.848909,1177.98,0,0,0
Suite_5,Deferred_Volume,0,21,0.006111,0.658796,0,0.079968,0.358112,2.78768,358.722,0,0,0
Suite_5,Deferred_Volume,0,22,0.004126,0.708058,0.000512,0.105472,0.384544,0.880994,1135.08,0,0,0
Suite_5,Deferred_Volume,0,23,0.003977,0.802206,0.00032,0.080032,0.360064,0.72488,1379.54,0,0,0
Suite_5,Deferred_Volume,0,24,0.003844,1.27747,0.000128,0.080448,0.3584,0.818554,1221.67,0,0,0
Suite_5,Deferred_Volume,0,25,0.003869,0.604496,0.001408,0.108352,0.388096,1.29525,772.05,0,0,0
Suite_5,Deferred_Volume,0,26,0.00409,0.738533,0,0.080064,0.350912,0.722985,1383.15,0,0,0
Suite_5,Deferred_Volume,0,27,0.00381,1.25819,0.000128,0.080512,0.351488,0.754983,1324.53,0,0,0
Suite_5,Deferred_Volume,0,28,0.003895,0.681561,0.000288,0.08016,0.386112,1.27443,784.666,0,0,0
Suite_5,Deferred_Volume,0,29,0.004363,2.25263,0.001056,0.079872,0.35792,0.851571,1174.3,0,0,0
Suite_5,Deferred_Volume,0,30,0.00392,1.13046,0.001088,0.079904,0.343968,2.27045,440.442,0,0,0
Suite_5,Deferred_Volume,0,31,0.004117,0.604087,0.00032,0.080128,0.353792,1.35368,738.725,0,0,0
Suite_5,Deferred_Volume,0,32,0.004134,1.21523,0,0.079872,0.354144,0.772295,1294.84,0,0,0
Suite_5,Deferred_Volume,0,33,0.003917,0.67654,0.000512,0.081472,0.353984,1.23354,810.673,0,0,0
Suite_5,Deferred_Volume,0,34,0.004597,0.710926,0.000512,0.081408,0.355968,0.897177,1114.61,0,0,0
Suite_5,Deferred_Volume,0,35,0.003848,0.698792,0,0.079904,0.375424,0.728245,1373.16,0,0,0
Suite_5,Deferred_Volume,0,36,0.004031,0.762831,0.000512,0.080224,0.356352,0.718971,1390.88,0,0,0
Suite_5,Deferred_Volume,0,37,0.003899,1.31289,0.000224,0.080608,0.356352,0.781518,1279.56,0,0,0
Suite_5,Deferred_Volume,0,38,0.004103,0.676493,0.00048,0.081056,0.350208,1.33073,751.466,0,0,0
Suite_5,Deferred_Volume,0,39,0.004423,2.72571,0,0.079872,0.350752,0.845504,1182.73,0,0,0
Suite_5,Deferred_Volume,0,40,0.004476,0.669092,0.000512,0.079872,0.352256,2.74403,364.428,0,0,0
Suite_5,Deferred_Volume,0,41,0.004106,0.719794,0.000256,0.080288,0.358112,0.890903,1122.46,0,0,0
Suite_5,Deferred_Volume,0,42,0.003846,1.35447,0.000512,0.081152,0.35648,0.737659,1355.64,0,0,0
Suite_5,Deferred_Volume,0,43,0.003923,0.607034,0,0.08016,0.348576,1.37093,729.432,0,0,0
Suite_5,Deferred_Volume,0,44,0.004127,0.712393,0.000512,0.080992,0.355776,0.724574,1380.12,0,0,0
Suite_5,Deferred_Volume,0,45,0.00388,1.26317,0.000512,0.079872,0.357664,0.730304,1369.29,0,0,0
Suite_5,Deferred_Volume,0,46,0.003899,0.682274,0,0.079904,0.377376,1.28042,780.993,0,0,0
Suite_5,Deferred_Volume,0,47,0.007405,2.29341,0,0.080096,0.356,0.874367,1143.68,0,0,0
Suite_5,Deferred_Volume,0,48,0.004805,1.16123,0,0.079872,0.354144,2.3158,431.815,0,0,0
Suite_5,Deferred_Volume,0,49,0.004409,0.649313,0,0.080032,0.376832,1.38381,722.643,0,0,0
Suite_5,Deferred_Volume,0,50,0.004515,0.719113,0,0.079872,0.357184,0.744101,1343.9,0,0,0
Suite_5,Deferred_Volume,0,51,0.004072,1.2637,0.000384,0.080384,0.349696,0.736193,1358.34,0,0,0
Suite_5,Deferred_Volume,0,52,0.004102,0.614635,9.6e-05,0.080384,0.34912,1.28061,780.878,0,0,0
Suite_5,Deferred_Volume,0,53,0.004236,0.697993,0.00112,0.079872,0.352384,0.835784,1196.48,0,0,0
Suite_5,Deferred_Volume,0,54,0.004071,0.702112,0,0.096096,0.365056,0.71562,1397.39,0,0,0
Suite_5,Deferred_Volume,0,55,0.004039,0.787248,0.000544,0.079872,0.353408,0.718539,1391.71,0,0,0
Suite_5,Deferred_Volume,0,56,0.004112,1.27521,0.000512,0.080256,0.349952,0.803739,1244.18,0,0,0
Suite_5,Deferred_Volume,0,57,0.004074,0.668908,0.001152,0.079872,0.35072,1.29307,773.353,0,0,0
Suite_5,Deferred_Volume,0,58,0.004393,2.72034,0.000192,0.080192,0.354304,0.83854,1192.55,0,0,0
Suite_5,Deferred_Volume,0,59,0.004503,0.675643,0,0.08016,0.354688,2.73855,365.156,0,0,0
Suite_5,Deferred_Volume,0,60,0.004249,0.722779,0,0.079904,0.353056,0.895005,1117.31,0,0,0
Suite_5,Deferred_Volume,0,61,0.004021,1.34667,0.000224,0.080256,0.360448,0.740809,1349.88,0,0,0
Suite_5,Deferred_Volume,0,62,0.003922,0.605192,0,0.08016,0.345376,1.364,733.135,0,0,0
Suite_5,Deferred_Volume,0,63,0.004175,0.711356,0.001504,0.079872,0.352256,0.772862,1293.89,0,0,0
Suite_5,Deferred_Volume,0,64,0.003904,1.26456,0,0.08016,0.352096,0.727378,1374.8,0,0,0
Suite_5,Deferred_Volume,0,65,0.004182,0.675108,0,0.10384,0.379712,1.28634,777.397,0,0,0
Suite_5,Deferred_Volume,0,66,0.004561,2.33755,0.001088,0.079872,0.354464,0.844563,1184.04,0,0,0
Suite_5,Deferred_Volume,0,67,0.004018,1.13311,0,0.08016,0.358592,2.35467,424.688,0,0,0
Suite_5,Deferred_Volume,0,68,0.004066,0.606169,0.001344,0.094208,0.368864,1.3518,739.755,0,0,0
Suite_5,Deferred_Volume,0,69,0.004224,0.712559,0.000512,0.080256,0.352128,0.752707,1328.54,0,0,0
Suite_5,Deferred_Volume,0,70,0.003911,1.26013,0.001248,0.079872,0.354528,0.729977,1369.91,0,0,0
Suite_5,Deferred_Volume,0,71,0.004414,0.726681,0.000384,0.080256,0.3584,1.27758,782.728,0,0,0
Suite_5,Deferred_Volume,0,72,0.004177,0.707161,0.00048,0.081376,0.356352,0.895737,1116.4,0,0,0
Suite_5,Deferred_Volume,0,73,0.003962,0.729697,3.2e-05,0.08016,0.358272,0.724695,1379.89,0,0,0
Suite_5,Deferred_Volume,0,74,0.003911,1.35858,0,0.080064,0.350784,0.746731,1339.17,0,0,0
Suite_5,Deferred_Volume,0,75,0.003858,0.674494,0.001312,0.080032,0.350624,1.375,727.273,0,0,0
Suite_5,Deferred_Volume,0,76,0.004332,2.71362,0,0.079872,0.355456,0.842418,1187.06,0,0,0
Suite_5,Deferred_Volume,0,77,0.005,0.676553,0.000224,0.080288,0.359968,2.73417,365.741,0,0,0
Suite_5,Deferred_Volume,0,78,0.004247,0.706412,0.000512,0.101152,0.382976,0.897207,1114.57,0,0,0
Suite_5,Deferred_Volume,0,79,0.003903,0.814274,0,0.08016,0.353216,0.722826,1383.46,0,0,0
Suite_5,Deferred_Volume,0,80,0.003964,1.27016,0,0.080032,0.362496,0.830056,1204.74,0,0,0
Suite_5,Deferred_Volume,0,81,0.004188,0.604034,0.000448,0.107136,0.374784,1.28807,776.358,0,0,0
Suite_5,Deferred_Volume,0,82,0.004183,0.716278,0,0.079872,0.35488,0.778106,1285.17,0,0,0
Suite_5,Deferred_Volume,0,83,0.003822,1.26586,0.000512,0.081184,0.352224,0.732397,1365.38,0,0,0
Suite_5,Deferred_Volume,0,84,0.003884,0.681009,0.000512,0.08128,0.384256,1.28194,780.068,0,0,0
Suite_5,Deferred_Volume,0,85,0.004312,2.25727,0.000512,0.081056,0.357504,0.851131,1174.91,0,0,0
Suite_5,Deferred_Volume,0,86,0.004049,1.18748,0.000512,0.081056,0.34816,2.27497,439.566,0,0,0
Suite_5,Deferred_Volume,0,87,0.00429,0.609009,0.00048,0.081376,0.3536,1.35557,737.699,0,0,0
Suite_5,Deferred_Volume,0,88,0.004092,1.21742,0.000192,0.080224,0.3512,0.777316,1286.48,0,0,0
Suite_5,Deferred_Volume,0,89,0.004071,0.725364,0.001024,0.079872,0.350496,1.23553,809.369,0,0,0
Suite_5,Deferred_Volume,0,90,0.004811,0.698063,0.001376,0.079872,0.358336,0.895348,1116.88,0,0,0
Suite_5,Deferred_Volume,0,91,0.003961,0.711009,0.000512,0.081184,0.376768,0.715146,1398.32,0,0,0
Suite_5,Deferred_Volume,0,92,0.003817,0.766298,0.000512,0.081056,0.354432,0.72697,1375.57,0,0,0
Suite_5,Deferred_Volume,0,93,0.003984,1.30505,0.000256,0.080096,0.35424,0.790027,1265.78,0,0,0
Suite_5,Deferred_Volume,0,94,0.003835,0.680939,0,0.080224,0.358496,1.32228,756.272,0,0,0
Suite_5,Deferred_Volume,0,95,0.004419,2.73767,0,0.080224,0.34912,0.849076,1177.75,0,0,0
Suite_5,Deferred_Volume,0,96,0.004217,0.719699,0.00048,0.081088,0.35552,2.75536,362.93,0,0,0
Suite_5,Deferred_Volume,0,97,0.00412,0.721406,0.000128,0.080352,0.356192,0.889859,1123.77,0,0,0
Suite_5,Deferred_Volume,0,98,0.003976,1.34553,3.2e-05,0.080256,0.350912,0.7388,1353.55,0,0,0
Suite_5,Deferred_Volume,0,99,0.004042,0.605753,0,0.080352,0.357024,1.36193,734.252,0,0,0
Suite_5,Deferred_Volume,0,100,0.004125,0.727594,0.00032,0.080352,0.350208,0.723051,1383.03,0,0,0
Suite_5,Deferred_Volume,0,101,0.004186,1.25571,0,0.079968,0.355648,0.745923,1340.62,0,0,0
Suite_5,Deferred_Volume,0,102,0.003932,0.657666,0.000288,0.080512,0.389024,1.27316,785.446,0,0,0
Suite_5,Deferred_Volume,0,103,0.004739,2.31113,0.001088,0.079872,0.352896,0.854574,1170.17,0,0,0
Suite_5,Deferred_Volume,0,104,0.004212,1.16941,0,0.079872,0.348512,2.32871,429.422,0,0,0
Suite_5,Deferred_Volume,0,105,0.004219,0.604738,0.001184,0.079872,0.36848,1.38967,719.593,0,0,0
Suite_5,Deferred_Volume,0,106,0.004137,0.715104,0,0.079872,0.360736,0.723468,1382.23,0,0,0
Suite_5,Deferred_Volume,0,107,0.00407,1.27598,0.00048,0.081376,0.359488,0.731598,1366.87,0,0,0
Suite_5,Deferred_Volume,0,108,0.003939,0.670896,0.001184,0.079872,0.354368,1.29245,773.721,0,0,0
Suite_5,Deferred_Volume,0,109,0.004354,0.706559,0.001216,0.079872,0.35456,0.840145,1190.27,0,0,0
Suite_5,Deferred_Volume,0,110,0.003881,0.703695,9.6e-05,0.102944,0.373408,0.723987,1381.24,0,0,0
Suite_5,Deferred_Volume,0,111,0.003843,0.798505,0.001248,0.079872,0.356704,0.719505,1389.84,0,0,0
Suite_5,Deferred_Volume,0,112,0.004512,1.2768,0.000256,0.080448,0.350208,0.81605,1225.42,0,0,0
Suite_5,Deferred_Volume,0,113,0.00418,0.684929,0,0.079904,0.352032,1.29595,771.637,0,0,0
Suite_5,Deferred_Volume,0,114,0.004488,2.70307,0.000192,0.080512,0.35072,0.854961,1169.64,0,0,0
Suite_5,Deferred_Volume,0,115,0.00432,0.722173,0.000352,0.080256,0.362368,2.72082,367.537,0,0,0
Suite_5,Deferred_Volume,0,116,0.004415,0.732597,0.000512,0.08032,0.356352,0.890887,1122.48,0,0,0
Suite_5,Deferred_Volume,0,117,0.003911,1.34912,0.001408,0.081536,0.355712,0.751165,1331.27,0,0,0
Suite_5,Deferred_Volume,0,118,0.003906,0.605716,0.001216,0.079872,0.34656,1.3663,731.902,0,0,0
Suite_5,Deferred_Volume,0,119,0.004139,0.722201,0.000512,0.081472,0.356352,0.773409,1292.98,0,0,0
Suite_5,Deferred_Volume,0,120,0.004043,1.26017,0,0.080128,0.356576,0.738202,1354.64,0,0,0
Suite_5,Deferred_Volume,0,121,0.00405,0.691597,9.6e-05,0.102176,0.37888,1.27789,782.539,0,0,0
Suite_5,Deferred_Volume,0,122,0.004449,2.28767,6.4e-05,0.080384,0.352256,0.863316,1158.32,0,0,0
Suite_5,Deferred_Volume,0,123,0.004168,1.18113,0.000512,0.080064,0.354016,2.30453,433.928,0,0,0
Suite_5,Deferred_Volume,0,124,0.004164,0.610656,0.00128,0.106496,0.379648,1.34899,741.295,0,0,0
Suite_5,Deferred_Volume,0,125,0.004153,0.720297,0.000512,0.081184,0.3584,0.729819,1370.2,0,0,0
Suite_5,Deferred_Volume,0,126,0.003932,1.26907,0.001376,0.079872,0.3584,0.737695,1355.57,0,0,0
Suite_5,Deferred_Volume,0,127,0.004536,0.728349,0.001216,0.079872,0.350432,1.28607,777.564,0,0,0
Suite_5,Deferred_Volume,0,128,0.0041,0.699156,0.001152,0.079872,0.356416,0.896987,1114.84,0,0,0
Suite_5,Deferred_Volume,0,129,0.003829,0.731289,0,0.080064,0.361344,0.717131,1394.45,0,0,0
Suite_5,Deferred_Volume,0,130,0.004,1.35104,0,0.079872,0.354912,0.748101,1336.72,0,0,0
Suite_5,Deferred_Volume,0,131,0.003862,0.686997,0.000448,0.080256,0.356352,1.36716,731.443,0,0,0
Suite_5,Deferred_Volume,0,132,0.004308,2.70926,0.00048,0.08112,0.357568,0.852905,1172.46,0,0,0
Suite_5,Deferred_Volume,0,133,0.004571,0.725047,0,0.079872,0.34864,2.72921,366.406,0,0,0
Suite_5,Deferred_Volume,0,134,0.004164,0.697642,0.000512,0.08112,0.359584,0.895176,1117.1,0,0,0
Suite_5,Deferred_Volume,0,135,0.003907,0.764995,0.000512,0.080992,0.360448,0.71422,1400.13,0,0,0
Suite_5,Deferred_Volume,0,136,0.004125,1.29547,0.00016,0.080224,0.361248,0.780954,1280.49,0,0,0
Suite_5,Deferred_Volume,0,137,0.004836,0.622717,0.000512,0.080288,0.376256,1.31527,760.298,0,0,0
Suite_5,Deferred_Volume,0,138,0.004202,0.724435,0.000512,0.080224,0.350016,0.742768,1346.32,0,0,0
Suite_5,Deferred_Volume,0,139,0.003931,1.26236,0.001472,0.079872,0.353664,0.740682,1350.11,0,0,0
Suite_5,Deferred_Volume,0,140,0.004042,0.682162,0.001376,0.079872,0.356608,1.2785,782.168,0,0,0
Suite_5,Deferred_Volume,0,141,0.004323,2.26454,0,0.080064,0.354208,0.85211,1173.56,0,0,0
Suite_5,Deferred_Volume,0,142,0.004169,1.18415,0.001504,0.081088,0.351712,2.28218,438.178,0,0,0
Suite_5,Deferred_Volume,0,143,0.004123,0.613762,0.00048,0.080224,0.352256,1.35219,739.543,0,0,0
Suite_5,Deferred_Volume,0,144,0.004103,1.26094,0.000544,0.080256,0.356352,0.731051,1367.89,0,0,0
Suite_5,Deferred_Volume,0,145,0.003875,0.726591,0,0.080096,0.352896,1.27877,782.001,0,0,0
Suite_5,Deferred_Volume,0,146,0.004924,0.707826,0.001248,0.079872,0.352256,0.896679,1115.23,0,0,0
Suite_5,Deferred_Volume,0,147,0.003905,0.700344,0.00064,0.081184,0.3584,0.725218,1378.9,0,0,0
Suite_5,Deferred_Volume,0,148,0.004029,0.747215,0.000512,0.080928,0.352256,0.716349,1395.97,0,0,0
Suite_5,Deferred_Volume,0,149,0.003911,1.32721,0,0.08032,0.354592,0.765905,1305.64,0,0,0
Suite_5,Deferred_Volume,0,150,0.003914,0.674335,0.001312,0.080896,0.354656,1.35044,740.497,0,0,0
Suite_5,Deferred_Volume,0,151,0.004415,2.71928,0.001088,0.079872,0.353568,0.839549,1191.12,0,0,0
Suite_5,Deferred_Volume,0,152,0.004326,0.731757,0.000512,0.08128,0.350176,2.73716,365.343,0,0,0
Suite_5,Deferred_Volume,0,153,0.004214,0.696315,0.000384,0.080064,0.362176,0.901991,1108.66,0,0,0
Suite_5,Deferred_Volume,0,154,0.0039,1.34942,0.000512,0.081216,0.3584,0.713739,1401.07,0,0,0
Suite_5,Deferred_Volume,0,155,0.003924,0.607949,0.000512,0.080128,0.35376,1.36577,732.187,0,0,0
Suite_5,Deferred_Volume,0,156,0.004175,0.69122,0,0.079872,0.354464,0.77554,1289.42,0,0,0
Suite_5,Deferred_Volume,0,157,0.003822,1.29582,0.000512,0.081376,0.3584,0.709059,1410.32,0,0,0
Suite_5,Deferred_Volume,0,158,0.003947,0.687275,0,0.079904,0.360992,1.31275,761.763,0,0,0
Suite_5,Deferred_Volume,0,159,0.004693,2.26897,0.000512,0.08,0.351488,0.855759,1168.55,0,0,0
Suite_5,Deferred_Volume,0,160,0.004214,1.23544,0.000352,0.080288,0.362144,2.28675,437.301,0,0,0
Suite_5,Deferred_Volume,0,161,0.00435,0.639035,0,0.080096,0.377696,1.40572,711.379,0,0,0
Suite_5,Deferred_Volume,0,162,0.006156,0.727537,0.000512,0.08048,0.353952,0.777943,1285.44,0,0,0
Suite_5,Deferred_Volume,0,163,0.006033,1.23877,0,0.079968,0.348672,0.751417,1330.82,0,0,0
Suite_5,Deferred_Volume,0,164,0.004115,0.667712,0,0.080032,0.35488,1.25813,794.828,0,0,0
Suite_5,Deferred_Volume,0,165,0.004264,0.691575,0,0.079968,0.35664,0.846135,1181.84,0,0,0
Suite_5,Deferred_Volume,0,166,0.004026,0.709292,3.2e-05,0.10592,0.37696,0.709385,1409.67,0,0,0
Suite_5,Deferred_Volume,0,167,0.003968,0.807117,0,0.079936,0.357184,0.72574,1377.9,0,0,0
Suite_5,Deferred_Volume,0,168,0.00405,1.27484,0.001472,0.079872,0.356288,0.823522,1214.3,0,0,0
Suite_5,Deferred_Volume,0,169,0.004031,0.69987,0.000512,0.08096,0.352032,1.29246,773.715,0,0,0
Suite_5,Deferred_Volume,0,170,0.007183,2.72863,0.000288,0.08016,0.356352,0.89178,1121.35,0,0,0
Suite_5,Deferred_Volume,0,171,0.005768,0.707255,0,0.080288,0.35104,2.76551,361.597,0,0,0
Suite_5,Deferred_Volume,0,172,0.004423,0.74717,0.000416,0.080352,0.361888,0.878841,1137.86,0,0,0
Suite_5,Deferred_Volume,0,173,0.004125,1.3231,0.001472,0.080384,0.352256,0.767253,1303.35,0,0,0
Suite_5,Deferred_Volume,0,174,0.004512,0.617331,0.000352,0.080128,0.34816,1.34189,745.217,0,0,0
Suite_5,Deferred_Volume,0,175,0.004624,0.729902,0.000512,0.081056,0.3584,0.736202,1358.32,0,0,0
Suite_5,Deferred_Volume,0,176,0.004326,1.26497,0.000512,0.080288,0.356352,0.747487,1337.82,0,0,0
Suite_5,Deferred_Volume,0,177,0.00436,0.687019,0.001216,0.079872,0.362368,1.28378,778.947,0,0,0
Suite_5,Deferred_Volume,0,178,0.004738,2.27643,0,0.079936,0.36,0.857032,1166.82,0,0,0
Suite_5,Deferred_Volume,0,179,0.00428,1.17978,0.000512,0.08112,0.360448,2.29922,434.931,0,0,0
Suite_5,Deferred_Volume,0,180,0.004273,0.649236,0.000288,0.107328,0.376544,1.34943,741.056,0,0,0
Suite_5,Deferred_Volume,0,181,0.004417,0.710831,0.000512,0.080256,0.351488,0.748744,1335.57,0,0,0
Suite_5,Deferred_Volume,0,182,0.004006,1.26256,0.000512,0.079872,0.354272,0.728861,1372,0,0,0
Suite_5,Deferred_Volume,0,183,0.016217,0.71523,0.001056,0.079872,0.354336,1.28086,780.725,0,0,0
Suite_5,Deferred_Volume,0,184,0.004457,0.705052,0,0.079872,0.354496,0.896724,1115.17,0,0,0
Suite_5,Deferred_Volume,0,185,0.004029,0.721758,0,0.080128,0.360448,0.723777,1381.64,0,0,0
Suite_5,Deferred_Volume,0,186,0.003988,1.35569,0.001312,0.080992,0.355616,0.739219,1352.78,0,0,0
Suite_5,Deferred_Volume,0,187,0.004008,0.683848,0.000512,0.08128,0.356352,1.37281,728.43,0,0,0
Suite_5,Deferred_Volume,0,188,0.00435,2.72357,0,0.080192,0.349024,0.852386,1173.18,0,0,0
Suite_5,Deferred_Volume,0,189,0.004746,0.700581,0,0.080128,0.356704,2.75553,362.907,0,0,0
Suite_5,Deferred_Volume,0,190,0.004174,0.712829,0.00032,0.080352,0.374784,0.871092,1147.98,0,0,0
Suite_5,Deferred_Volume,0,191,0.005155,0.776509,0.000448,0.080224,0.356352,0.732212,1365.72,0,0,0
Suite_5,Deferred_Volume,0,192,0.004165,1.2847,0.00144,0.079872,0.356352,0.794732,1258.29,0,0,0
Suite_5,Deferred_Volume,0,193,0.004097,0.604015,0.000512,0.081024,0.36784,1.30352,767.155,0,0,0
Suite_5,Deferred_Volume,0,194,0.004349,0.730088,0.001248,0.079872,0.352512,0.728086,1373.46,0,0,0
Suite_5,Deferred_Volume,0,195,0.004097,1.25669,0,0.079872,0.359008,0.747336,1338.09,0,0,0
Suite_5,Deferred_Volume,0,196,0.004013,0.687844,0.000512,0.08112,0.356352,1.27369,785.121,0,0,0
Suite_5,Deferred_Volume,0,197,0.004443,2.25565,0.000512,0.080608,0.352288,0.865015,1156.05,0,0,0
Suite_5,Deferred_Volume,0,198,0.004193,1.17449,0.000448,0.08016,0.3584,2.27392,439.769,0,0,0
Suite_5,Deferred_Volume,0,199,0.00436,0.634723,0,0.080256,0.351008,1.34312,744.537,0,0,0
Suite_5,Deferred_Volume,0,200,0.00439,1.2499,0.001504,0.079872,0.356032,0.752663,1328.62,0,0,0
Suite_5,Deferred_Volume,0,201,0.004938,0.712902,6.4e-05,0.080224,0.351168,1.28256,779.692,0,0,0
Suite_5,Deferred_Volume,0,202,0.005129,0.698537,0,0.080224,0.354304,0.88508,1129.84,0,0,0
Suite_5,Deferred_Volume,0,203,0.004352,0.712147,0.001152,0.079872,0.354464,0.716892,1394.91,0,0,0
Suite_5,Deferred_Volume,0,204,0.00394,0.737345,0.001088,0.079872,0.360864,0.728958,1371.82,0,0,0
Suite_5,Deferred_Volume,0,205,0.004051,1.33404,0.000256,0.080096,0.360448,0.755501,1323.62,0,0,0
Suite_5,Deferred_Volume,0,206,0.003957,0.682606,0.001088,0.079872,0.352576,1.35189,739.707,0,0,0
Suite_5,Deferred_Volume,0,207,0.004734,2.71632,0,0.08032,0.353376,0.854885,1169.75,0,0,0
Suite_5,Deferred_Volume,0,208,0.015664,0.710385,0.000512,0.079872,0.359552,2.73497,365.635,0,0,0
Suite_5,Deferred_Volume,0,209,0.004254,0.708418,0.000512,0.080736,0.3664,0.892602,1120.32,0,0,0
Suite_5,Deferred_Volume,0,210,0.004245,1.33973,0,0.080128,0.354912,0.726464,1376.53,0,0,0
Suite_5,Deferred_Volume,0,211,0.004197,0.616513,0.000512,0.081248,0.35024,1.35676,737.049,0,0,0
Suite_5,Deferred_Volume,0,212,0.004187,0.704293,0,0.080192,0.35728,0.734166,1362.09,0,0,0
Suite_5,Deferred_Volume,0,213,0.004058,1.27399,0,0.08,0.351744,0.723038,1383.05,0,0,0
Suite_5,Deferred_Volume,0,214,0.004021,0.690598,0.000512,0.081344,0.353792,1.29177,774.134,0,0,0
Suite_5,Deferred_Volume,0,215,0.005304,2.24674,0.001376,0.079872,0.360704,0.872357,1146.32,0,0,0
Suite_5,Deferred_Volume,0,216,0.004464,1.25969,0.000512,0.079872,0.356352,2.26529,441.445,0,0,0
Suite_5,Deferred_Volume,0,217,0.004335,0.61831,0.000512,0.081376,0.346112,1.43051,699.05,0,0,0
Suite_5,Deferred_Volume,0,218,0.004451,0.727307,0.000256,0.080352,0.360448,0.737768,1355.44,0,0,0
Suite_5,Deferred_Volume,0,219,0.00409,1.268,0,0.08,0.35664,0.74457,1343.06,0,0,0
Suite_5,Deferred_Volume,0,220,0.003988,0.653114,0.000512,0.081056,0.34992,1.28474,778.366,0,0,0
Suite_5,Deferred_Volume,0,221,0.006621,0.679014,0.000192,0.080224,0.357248,0.846925,1180.74,0,0,0
Suite_5,Deferred_Volume,0,222,0.004598,0.70895,0.000512,0.081184,0.362272,0.701049,1426.43,0,0,0
Suite_5,Deferred_Volume,0,223,0.004132,0.771559,0.001024,0.079872,0.356992,0.726735,1376.02,0,0,0
Suite_5,Deferred_Volume,0,224,0.004005,1.28567,0.000224,0.08048,0.351072,0.788198,1268.72,0,0,0
Suite_5,Deferred_Volume,0,225,0.004064,0.673648,0.000512,0.081088,0.355552,1.3038,766.992,0,0,0
Suite_5,Deferred_Volume,0,226,0.00442,2.7245,0.000512,0.081184,0.351808,0.843448,1185.61,0,0,0
Suite_5,Deferred_Volume,0,227,0.004343,0.723967,0.00016,0.080448,0.354752,2.74294,364.572,0,0,0
Suite_5,Deferred_Volume,0,228,0.004143,0.722633,0.000512,0.081312,0.352256,0.893044,1119.77,0,0,0
Suite_5,Deferred_Volume,0,229,0.004139,1.33163,0.000512,0.081152,0.364224,0.750125,1333.11,0,0,0
Suite_5,Deferred_Volume,0,230,0.003974,0.608049,0.000192,0.080416,0.347136,1.34924,741.156,0,0,0
Suite_5,Deferred_Volume,0,231,0.00414,0.715518,9.6e-05,0.07984,0.364928,0.776146,1288.42,0,0,0
Suite_5,Deferred_Volume,0,232,0.004038,1.2693,0.000512,0.08144,0.356352,0.737641,1355.67,0,0,0
Suite_5,Deferred_Volume,0,233,0.004051,0.708374,0.000512,0.081312,0.375968,1.28708,776.954,0,0,0
Suite_5,Deferred_Volume,0,234,0.004897,2.32166,0.000512,0.081152,0.352256,0.85632,1167.79,0,0,0
Suite_5,Deferred_Volume,0,235,0.004195,1.17669,0.000416,0.080224,0.351616,2.345,426.439,0,0,0
Suite_5,Deferred_Volume,0,236,0.004211,0.610445,0,0.080096,0.354592,1.34518,743.395,0,0,0
Suite_5,Deferred_Volume,0,237,0.004281,0.700742,0.000224,0.080288,0.353984,0.729697,1370.43,0,0,0
Suite_5,Deferred_Volume,0,238,0.003973,1.25624,0.001024,0.079872,0.352512,0.718343,1392.09,0,0,0
Suite_5,Deferred_Volume,0,239,0.003964,0.668183,0.000512,0.081216,0.350208,1.27296,785.57,0,0,0
Suite_5,Deferred_Volume,0,240,0.004198,0.702099,0.000512,0.079872,0.349376,0.836267,1195.79,0,0,0
Suite_5,Deferred_Volume,0,241,0.003935,0.696976,0.000448,0.080256,0.359968,0.720067,1388.76,0,0,0
Suite_5,Deferred_Volume,0,242,0.003871,1.37421,0.000512,0.08128,0.357792,0.714062,1400.44,0,0,0
Suite_5,Deferred_Volume,0,243,0.003933,0.685909,0,0.080064,0.358944,1.39057,719.129,0,0,0
Suite_5,Deferred_Volume,0,244,0.004591,2.7328,0.000384,0.080416,0.360448,0.854197,1170.69,0,0,0
Suite_5,Deferred_Volume,0,245,0.004435,0.72537,0.00144,0.079872,0.350432,2.75327,363.205,0,0,0
Suite_5,Deferred_Volume,0,246,0.004227,0.701719,3.2e-05,0.080128,0.373536,0.895155,1117.12,0,0,0
Suite_5,Deferred_Volume,0,247,0.00395,0.746514,0.001408,0.080992,0.356256,0.718391,1392,0,0,0
Suite_5,Deferred_Volume,0,248,0.003917,1.33004,0,0.079872,0.350784,0.762571,1311.35,0,0,0
Suite_5,Deferred_Volume,0,249,0.004086,0.602101,0.000224,0.08048,0.374784,1.34761,742.052,0,0,0
Suite_5,Deferred_Volume,0,250,0.004142,0.729993,0,0.08,0.358816,0.720574,1387.78,0,0,0
Suite_5,Deferred_Volume,0,251,0.004021,1.26025,0.001088,0.079872,0.35456,0.746312,1339.92,0,0,0
Suite_5,Deferred_Volume,0,252,0.004108,0.686136,0.000544,0.106496,0.385024,1.2767,783.27,0,0,0
Suite_5,Deferred_Volume,0,253,0.004593,2.29046,0,0.080992,0.362592,0.859852,1162.99,0,0,0
Suite_5,Deferred_Volume,0,254,0.004185,1.19243,0,0.080032,0.354784,2.30909,433.07,0,0,0
Suite_5,Deferred_Volume,0,255,0.004238,0.60366,0,0.080032,0.359424,1.36112,734.689,0,0,0
Suite_5,Deferred_Volume,0,256,0.004099,1.27871,0.00048,0.080896,0.354304,0.721349,1386.29,0,0,0
Suite_5,Deferred_Volume,0,257,0.003973,0.72576,0.000192,0.08032,0.360448,1.29686,771.094,0,0,0
Suite_5,Deferred_Volume,0,258,0.00485,0.704831,0.000512,0.081216,0.352256,0.896714,1115.18,0,0,0
Suite_5,Deferred_Volume,0,259,0.003929,0.708615,0.000736,0.08096,0.354304,0.722244,1384.57,0,0,0
Suite_5,Deferred_Volume,0,260,0.003955,0.718075,0.001312,0.079872,0.360384,0.725268,1378.8,0,0,0
Suite_5,Deferred_Volume,0,261,0.004008,1.35441,0,0.079872,0.34864,0.742006,1347.7,0,0,0
Suite_5,Deferred_Volume,0,262,0.003998,0.659911,0.00048,0.080288,0.352256,1.37184,728.949,0,0,0
Suite_5,Deferred_Volume,0,263,0.004646,2.72733,0.00048,0.079872,0.354304,0.844518,1184.11,0,0,0
Suite_5,Deferred_Volume,0,264,0.00474,0.721972,9.6e-05,0.080448,0.354016,2.75068,363.547,0,0,0
Suite_5,Deferred_Volume,0,265,0.004174,0.702494,0.000512,0.104448,0.382976,0.892605,1120.32,0,0,0
Suite_5,Deferred_Volume,0,266,0.003967,0.81165,0,0.079872,0.352928,0.719821,1389.23,0,0,0
Suite_5,Deferred_Volume,0,267,0.003961,1.27611,0.001152,0.079872,0.356544,0.827826,1207.98,0,0,0
Suite_5,Deferred_Volume,0,268,0.004006,0.602762,0.000512,0.106496,0.385024,1.29242,773.744,0,0,0
Suite_5,Deferred_Volume,0,269,0.004161,0.740969,0,0.080256,0.350112,0.721654,1385.71,0,0,0
Suite_5,Deferred_Volume,0,270,0.003988,1.2497,0.000512,0.081056,0.356352,0.758489,1318.41,0,0,0
Suite_5,Deferred_Volume,0,271,0.003919,0.689271,0.000128,0.079968,0.374784,1.26599,789.893,0,0,0
Suite_5,Deferred_Volume,0,272,0.004642,2.25377,0.00048,0.08096,0.354304,0.857053,1166.79,0,0,0
Suite_5,Deferred_Volume,0,273,0.004026,1.18032,0.000512,0.08,0.35264,2.27233,440.077,0,0,0
Suite_5,Deferred_Volume,0,274,0.004166,0.615417,0.000448,0.080128,0.353696,1.34941,741.066,0,0,0
Suite_5,Deferred_Volume,0,275,0.004122,1.21526,0,0.08,0.356864,0.783594,1276.17,0,0,0
Suite_5,Deferred_Volume,0,276,0.003907,0.732546,0,0.079872,0.350336,1.23212,811.612,0,0,0
Suite_5,Deferred_Volume,0,277,0.004404,0.70048,0,0.080064,0.351776,0.902968,1107.46,0,0,0
Suite_5,Deferred_Volume,0,278,0.004011,0.699978,0.000384,0.080192,0.37888,0.718081,1392.6,0,0,0
Suite_5,Deferred_Volume,0,279,0.003903,0.766417,0.00048,0.081216,0.356352,0.71601,1396.63,0,0,0
Suite_5,Deferred_Volume,0,280,0.004025,1.31042,0.000224,0.080544,0.355264,0.782525,1277.91,0,0,0
Suite_5,Deferred_Volume,0,281,0.004,0.682362,0,0.079872,0.358848,1.33222,750.628,0,0,0
Suite_5,Deferred_Volume,0,282,0.004324,2.72345,0,0.080192,0.358944,0.85164,1174.21,0,0,0
Suite_5,Deferred_Volume,0,283,0.004512,0.729279,3.2e-05,0.080032,0.348608,2.74126,364.795,0,0,0
Suite_5,Deferred_Volume,0,284,0.004238,0.71786,0.001152,0.080928,0.356736,0.89812,1113.44,0,0,0
Suite_5,Deferred_Volume,0,285,0.003945,1.34239,0,0.080032,0.35504,0.735335,1359.92,0,0,0
Suite_5,Deferred_Volume,0,286,0.003984,0.60983,0.001056,0.079872,0.344544,1.3597,735.456,0,0,0
Suite_5,Deferred_Volume,0,287,0.004272,0.70803,0.000512,0.08144,0.359552,0.777591,1286.02,0,0,0
Suite_5,Deferred_Volume,0,288,0.004028,1.26602,0,0.079904,0.352448,0.724547,1380.17,0,0,0
Suite_5,Deferred_Volume,0,289,0.004542,0.682404,0.00032,0.08048,0.374272,1.2841,778.754,0,0,0
Suite_5,Deferred_Volume,0,290,0.005242,2.30844,0,0.080352,0.356352,0.853547,1171.58,0,0,0
Suite_5,Deferred_Volume,0,291,0.004753,1.20594,0.000512,0.081216,0.353856,2.32985,429.213,0,0,0
Suite_5,Deferred_Volume,0,292,0.004493,0.60541,0.000384,0.08048,0.3784,1.3805,724.375,0,0,0
Suite_5,Deferred_Volume,0,293,0.004212,0.707941,0.00048,0.08016,0.350208,0.73707,1356.72,0,0,0
Suite_5,Deferred_Volume,0,294,0.003905,1.2599,0,0.080032,0.354304,0.725244,1378.85,0,0,0
Suite_5,Deferred_Volume,0,295,0.004007,0.666021,0.000352,0.080224,0.35136,1.28059,780.892,0,0,0
Suite_5,Deferred_Volume,0,296,0.004137,0.699704,0,0.079936,0.352448,0.834002,1199.04,0,0,0
Suite_5,Deferred_Volume,0,297,0.003884,0.705753,0.00048,0.098944,0.370528,0.717249,1394.22,0,0,0
Suite_5,Deferred_Volume,0,298,0.003944,0.789624,0,0.079936,0.350208,0.722522,1384.04,0,0,0
Suite_5,Deferred_Volume,0,299,0.003839,1.27096,0.000512,0.081344,0.350208,0.805459,1241.53,0,0,0
Suite_5,Deferred_Volume,0,300,0.003929,0.683209,0.000128,0.08048,0.362208,1.28677,777.14,0,0,0
Suite_5,Deferred_Volume,0,301,0.004687,2.70007,0.001248,0.079872,0.354176,0.861279,1161.06,0,0,0
Suite_5,Deferred_Volume,0,302,0.004566,0.729001,0.000512,0.081504,0.361504,2.72031,367.605,0,0,0
Suite_5,Deferred_Volume,0,303,0.004504,0.72758,0.000512,0.08112,0.361888,0.898574,1112.87,0,0,0
Suite_5,Deferred_Volume,0,304,0.003892,1.36037,0.001504,0.080928,0.354304,0.744451,1343.27,0,0,0
Suite_5,Deferred_Volume,0,305,0.003998,0.613406,0.00144,0.079872,0.35264,1.37802,725.68,0,0,0
Suite_5,Deferred_Volume,0,306,0.004413,0.725517,0,0.079872,0.352768,0.731878,1366.35,0,0,0
Suite_5,Deferred_Volume,0,307,0.003934,1.26183,0.000512,0.081312,0.355488,0.741957,1347.79,0,0,0
Suite_5,Deferred_Volume,0,308,0.003952,0.687195,0.00016,0.080224,0.36864,1.27796,782.496,0,0,0
Suite_5,Deferred_Volume,0,309,0.004287,2.26408,0.00032,0.080256,0.361824,0.857398,1166.32,0,0,0
Suite_5,Deferred_Volume,0,310,0.003933,1.19094,0.000256,0.08032,0.360448,2.28193,438.226,0,0,0
Suite_5,Deferred_Volume,0,311,0.004268,0.606652,0,0.106432,0.375232,1.35915,735.754,0,0,0
Suite_5,Deferred_Volume,0,312,0.004089,0.724749,0.001664,0.080928,0.359552,0.723976,1381.26,0,0,0
Suite_5,Deferred_Volume,0,313,0.003958,1.26803,0.001344,0.080992,0.350208,0.742173,1347.39,0,0,0
Suite_5,Deferred_Volume,0,314,0.004201,0.722547,0.001408,0.08096,0.355808,1.28689,777.068,0,0,0
Suite_5,Deferred_Volume,0,315,0.004073,0.703368,0.000512,0.08096,0.362496,0.891085,1122.23,0,0,0
Suite_5,Deferred_Volume,0,316,0.003879,0.737236,0.001184,0.079872,0.358304,0.720063,1388.77,0,0,0
Suite_5,Deferred_Volume,0,317,0.003926,1.34615,0.001152,0.079872,0.354208,0.754889,1324.7,0,0,0
Suite_5,Deferred_Volume,0,318,0.003931,0.679522,0.00048,0.081056,0.354304,1.36312,733.608,0,0,0
Suite_5,Deferred_Volume,0,319,0.004426,2.73208,0,0.079872,0.349568,0.847502,1179.94,0,0,0
Suite_5,Deferred_Volume,0,320,0.004437,0.704037,0.001248,0.079872,0.35216,2.74983,363.659,0,0,0
Suite_5,Deferred_Volume,0,321,0.004369,0.696245,0.001344,0.079872,0.378816,0.897058,1114.76,0,0,0
Suite_5,Deferred_Volume,0,322,0.003934,0.783449,0,0.08,0.360384,0.713772,1401.01,0,0,0
Suite_5,Deferred_Volume,0,323,0.003853,1.30084,0.000384,0.080256,0.352256,0.799255,1251.17,0,0,0
Suite_5,Deferred_Volume,0,324,0.003863,0.597562,0.000512,0.081184,0.374752,1.31686,759.384,0,0,0
Suite_5,Deferred_Volume,0,325,0.004202,0.713792,0,0.079872,0.354272,0.722737,1383.63,0,0,0
Suite_5,Deferred_Volume,0,326,0.003888,1.27227,0.00048,0.080256,0.351872,0.731073,1367.85,0,0,0
Suite_5,Deferred_Volume,0,327,0.004059,0.675774,0.001376,0.079872,0.362048,1.28849,776.102,0,0,0
Suite_5,Deferred_Volume,0,328,0.004346,2.27284,0.000512,0.080192,0.35968,0.844036,1184.78,0,0,0
Suite_5,Deferred_Volume,0,329,0.003924,1.18802,0.001312,0.081152,0.357792,2.29102,436.486,0,0,0
Suite_5,Deferred_Volume,0,330,0.004252,0.606476,3.2e-05,0.080096,0.350208,1.35703,736.901,0,0,0
Suite_5,Deferred_Volume,0,331,0.004113,1.21931,0,0.08,0.354336,0.774661,1290.89,0,0,0
Suite_5,Deferred_Volume,0,332,0.004397,0.744173,0.001184,0.079872,0.347744,1.23574,809.233,0,0,0
Suite_5,Deferred_Volume,0,333,0.004439,0.690945,0.000512,0.08096,0.356352,0.906731,1102.86,0,0,0
Suite_5,Deferred_Volume,0,334,0.003898,0.707489,0.001312,0.080928,0.353504,0.708924,1410.59,0,0,0
Suite_5,Deferred_Volume,0,335,0.003811,0.733189,0,0.079872,0.354272,0.723484,1382.2,0,0,0
Suite_5,Deferred_Volume,0,336,0.003877,1.34264,0.000512,0.08112,0.351392,0.749021,1335.08,0,0,0
Suite_5,Deferred_Volume,0,337,0.003956,0.67706,0.000512,0.08128,0.356352,1.36033,735.116,0,0,0
Suite_5,Deferred_Volume,0,338,0.004354,2.71173,0.000384,0.080288,0.354304,0.846408,1181.46,0,0,0
Suite_5,Deferred_Volume,0,339,0.004593,0.707285,0,0.080128,0.350592,2.72935,366.387,0,0,0
Suite_5,Deferred_Volume,0,340,0.004197,0.699666,0.00112,0.10432,0.372896,0.898297,1113.22,0,0,0
Suite_5,Deferred_Volume,0,341,0.00387,0.790878,0,0.079872,0.354784,0.718156,1392.46,0,0,0
Suite_5,Deferred_Volume,0,342,0.003867,1.27681,0.001504,0.079872,0.358208,0.80775,1238.01,0,0,0
Suite_5,Deferred_Volume,0,343,0.00404,0.603345,0.000352,0.092736,0.381536,1.29324,773.254,0,0,0
Suite_5,Deferred_Volume,0,344,0.004163,0.732882,0.00112,0.080896,0.356384,0.720562,1387.81,0,0,0
Suite_5,Deferred_Volume,0,345,0.003832,1.25703,0.000416,0.080256,0.352064,0.750576,1332.31,0,0,0
Suite_5,Deferred_Volume,0,346,0.003907,0.68657,0.001152,0.079872,0.387392,1.27401,784.92,0,0,0
Suite_5,Deferred_Volume,0,347,0.004266,2.25917,0.000288,0.08032,0.362496,0.854439,1170.36,0,0,0
Suite_5,Deferred_Volume,0,348,0.003942,1.18776,0.000512,0.081056,0.349856,2.27592,439.383,0,0,0
Suite_5,Deferred_Volume,0,349,0.004107,0.613322,0.000288,0.080384,0.353472,1.36174,734.356,0,0,0
Suite_5,Deferred_Volume,0,350,0.004404,1.20913,0.00016,0.08016,0.356352,0.782558,1277.86,0,0,0
Suite_5,Deferred_Volume,0,351,0.003988,0.731187,0.00016,0.080352,0.36144,1.22583,815.771,0,0,0
Suite_5,Deferred_Volume,0,352,0.004962,0.710499,0.001248,0.079872,0.356512,0.899894,1111.24,0,0,0
Suite_5,Deferred_Volume,0,353,0.004002,0.706129,0.000128,0.08016,0.371456,0.728977,1371.79,0,0,0
Suite_5,Deferred_Volume,0,354,0.003877,0.766335,6.4e-05,0.080416,0.360448,0.723159,1382.82,0,0,0
Suite_5,Deferred_Volume,0,355,0.00396,1.30941,0,0.080256,0.351232,0.782175,1278.49,0,0,0
Suite_5,Deferred_Volume,0,356,0.004045,0.679344,0,0.079872,0.35808,1.32553,754.415,0,0,0
Suite_5,Deferred_Volume,0,357,0.004449,2.73524,0,0.08016,0.35248,0.855586,1168.79,0,0,0
Suite_5,Deferred_Volume,0,358,0.004692,0.690972,0.001344,0.079872,0.349536,2.7546,363.03,0,0,0
Suite_5,Deferred_Volume,0,359,0.004264,0.723278,0.001504,0.08096,0.350208,0.891093,1122.22,0,0,0
Suite_5,Deferred_Volume,0,360,0.004481,1.34085,0,0.080256,0.356384,0.739983,1351.38,0,0,0
Suite_5,Deferred_Volume,0,361,0.004141,0.606688,0.000288,0.080192,0.344064,1.35996,735.314,0,0,0
Suite_5,Deferred_Volume,0,362,0.004224,0.707725,0.00048,0.081152,0.356256,0.775834,1288.94,0,0,0
Suite_5,Deferred_Volume,0,363,0.003906,1.26371,0.000672,0.08032,0.354304,0.723919,1381.37,0,0,0
Suite_5,Deferred_Volume,0,364,0.003933,0.69127,0.000512,0.081056,0.385024,1.2799,781.313,0,0,0
Suite_5,Deferred_Volume,0,365,0.005025,2.32894,0.00032,0.080096,0.360448,0.861614,1160.61,0,0,0
Suite_5,Deferred_Volume,0,366,0.004273,1.18527,0,0.080096,0.354976,2.34825,425.85,0,0,0
Suite_5,Deferred_Volume,0,367,0.004199,0.606762,0.001376,0.079872,0.35488,1.36464,732.797,0,0,0
Suite_5,Deferred_Volume,0,368,0.004127,0.700098,0.000512,0.080416,0.356352,0.724342,1380.56,0,0,0
Suite_5,Deferred_Volume,0,369,0.004012,1.26348,0.001472,0.079872,0.356352,0.717897,1392.96,0,0,0
Suite_5,Deferred_Volume,0,370,0.00384,0.683836,0.000512,0.079872,0.354304,1.28073,780.804,0,0,0
Suite_5,Deferred_Volume,0,371,0.004326,0.712998,0.00112,0.079872,0.350176,0.836449,1195.53,0,0,0
Suite_5,Deferred_Volume,0,372,0.003944,0.700503,0,0.081376,0.359456,0.729326,1371.13,0,0,0
Suite_5,Deferred_Volume,0,373,0.004271,1.33729,0.001472,0.080928,0.3584,0.718443,1391.9,0,0,0
Suite_5,Deferred_Volume,0,374,0.003889,0.687125,0.000512,0.081152,0.35968,1.35461,738.223,0,0,0
Suite_5,Deferred_Volume,0,375,0.004213,2.72809,0,0.079968,0.350336,0.855217,1169.29,0,0,0
Suite_5,Deferred_Volume,0,376,0.004602,0.721278,0,0.079872,0.352032,2.74597,364.171,0,0,0
Suite_5,Deferred_Volume,0,377,0.004129,0.702433,0.000512,0.079872,0.349824,0.891358,1121.88,0,0,0
Suite_5,Deferred_Volume,0,378,0.003995,0.709693,0.00032,0.080256,0.357696,0.727423,1374.72,0,0,0
Suite_5,Deferred_Volume,0,379,0.003764,1.34507,0.00048,0.080512,0.36032,0.725938,1377.53,0,0,0
Suite_5,Deferred_Volume,0,380,0.004066,0.626375,0.001472,0.079872,0.373152,1.36119,734.654,0,0,0
Suite_5,Deferred_Volume,0,381,0.004277,0.727929,0,0.079872,0.35232,0.758434,1318.51,0,0,0
Suite_5,Deferred_Volume,0,382,0.004129,1.25732,0.001216,0.079872,0.354464,0.746276,1339.99,0,0,0
Suite_5,Deferred_Volume,0,383,0.004238,0.683484,0,0.104832,0.377056,1.27454,784.599,0,0,0
Suite_5,Deferred_Volume,0,384,0.004294,2.29593,0.001216,0.079872,0.352608,0.851729,1174.08,0,0,0
Suite_5,Deferred_Volume,0,385,0.004107,1.14551,0,0.080256,0.35264,2.31488,431.987,0,0,0
Suite_5,Deferred_Volume,0,386,0.004289,0.605257,0.000512,0.081216,0.352096,1.34539,743.28,0,0,0
Suite_5,Deferred_Volume,0,387,0.004284,1.27017,0.000448,0.080352,0.354304,0.723205,1382.73,0,0,0
Suite_5,Deferred_Volume,0,388,0.003972,0.724761,0.001248,0.081088,0.352256,1.28669,777.191,0,0,0
Suite_5,Deferred_Volume,0,389,0.004631,0.694624,0,0.079904,0.352544,0.902513,1108.02,0,0,0
Suite_5,Deferred_Volume,0,390,0.003961,0.703489,0.00032,0.080224,0.350208,0.712713,1403.09,0,0,0
Suite_5,Deferred_Volume,0,391,0.003846,0.720301,0.00144,0.080928,0.362176,0.719829,1389.22,0,0,0
Suite_5,Deferred_Volume,0,392,0.003878,1.35702,0.001216,0.079872,0.354432,0.736015,1358.67,0,0,0
Suite_5,Deferred_Volume,0,393,0.003894,0.680533,0.000512,0.080384,0.351296,1.37415,727.72,0,0,0
Suite_5,Deferred_Volume,0,394,0.004211,2.72583,0,0.080192,0.350752,0.849414,1177.28,0,0,0
Suite_5,Deferred_Volume,0,395,0.004381,0.718019,0.000512,0.08112,0.356352,2.74362,364.482,0,0,0
Suite_5,Deferred_Volume,0,396,0.004209,0.705973,0.001376,0.080896,0.37584,0.887102,1127.27,0,0,0
Suite_5,Deferred_Volume,0,397,0.003914,0.792761,0,0.080288,0.3584,0.724053,1381.11,0,0,0
Suite_5,Deferred_Volume,0,398,0.003865,1.27879,0.001152,0.079872,0.356352,0.809868,1234.77,0,0,0
Suite_5,Deferred_Volume,0,399,0.003906,0.602931,0.000608,0.104288,0.372192,1.29498,772.213,0,0,0
Suite_5,Deferred_Volume,0,400,0.004208,0.717582,0.000512,0.081216,0.351904,0.755816,1323.07,0,0,0
Suite_5,Deferred_Volume,0,401,0.003966,1.25794,0.000512,0.080224,0.350208,0.735201,1360.17,0,0,0
Suite_5,Deferred_Volume,0,402,0.003975,0.742251,0.001024,0.079872,0.377376,1.27512,784.241,0,0,0
Suite_5,Deferred_Volume,0,403,0.004236,2.26578,0.001472,0.079872,0.360512,0.910543,1098.25,0,0,0
Suite_5,Deferred_Volume,0,404,0.004138,1.17243,0.001472,0.079872,0.345984,2.28225,438.163,0,0,0
Suite_5,Deferred_Volume,0,405,0.004316,0.612812,0,0.079968,0.355264,1.36116,734.665,0,0,0
Suite_5,Deferred_Volume,0,406,0.00436,1.20689,0.001152,0.079872,0.352448,0.785838,1272.53,0,0,0
Suite_5,Deferred_Volume,0,407,0.003948,0.728464,0,0.079872,0.35392,1.2239,817.058,0,0,0
Suite_5,Deferred_Volume,0,408,0.004355,0.701857,0.000512,0.08112,0.34816,0.897087,1114.72,0,0,0
Suite_5,Deferred_Volume,0,409,0.003898,0.700725,0.001184,0.079872,0.376224,0.71979,1389.29,0,0,0
Suite_5,Deferred_Volume,0,410,0.003959,0.754938,0.000448,0.080192,0.354304,0.717597,1393.54,0,0,0
Suite_5,Deferred_Volume,0,411,0.003879,1.31923,0.001312,0.079872,0.358496,0.770702,1297.52,0,0,0
Suite_5,Deferred_Volume,0,412,0.00404,0.691062,0.001344,0.079872,0.352544,1.33537,748.856,0,0,0
Suite_5,Deferred_Volume,0,413,0.004286,2.70988,0.000512,0.079872,0.361888,0.860465,1162.16,0,0,0
Suite_5,Deferred_Volume,0,414,0.004786,0.732166,0.00048,0.080416,0.354304,2.72982,366.325,0,0,0
Suite_5,Deferred_Volume,0,415,0.004086,0.719337,0.000512,0.081568,0.354304,0.901551,1109.2,0,0,0
Suite_5,Deferred_Volume,0,416,0.003859,1.3446,0.000512,0.08144,0.363776,0.735575,1359.48,0,0,0
Suite_5,Deferred_Volume,0,417,0.003955,0.607656,0.001472,0.079872,0.352608,1.36214,734.138,0,0,0
Suite_5,Deferred_Volume,0,418,0.004121,0.716211,0.000512,0.080224,0.355584,0.776509,1287.82,0,0,0
Suite_5,Deferred_Volume,0,419,0.003937,1.26479,0.000256,0.080416,0.349184,0.73259,1365.02,0,0,0
Suite_5,Deferred_Volume,0,420,0.003858,0.682385,0.00112,0.079872,0.383584,1.28077,780.778,0,0,0
Suite_5,Deferred_Volume,0,421,0.004735,2.30172,0,0.079936,0.361152,0.859461,1163.52,0,0,0
Suite_5,Deferred_Volume,0,422,0.004417,1.22152,0.000512,0.0816,0.349184,2.32075,430.894,0,0,0
Suite_5,Deferred_Volume,0,423,0.0041,0.59912,0.00016,0.08032,0.372096,1.39008,719.383,0,0,0
Suite_5,Deferred_Volume,0,424,0.004281,0.715276,0,0.08,0.355296,0.716607,1395.47,0,0,0
Suite_5,Deferred_Volume,0,425,0.003889,1.26306,0.001056,0.079872,0.352672,0.732901,1364.44,0,0,0
Suite_5,Deferred_Volume,0,426,0.003937,0.671919,0.001184,0.079872,0.352352,1.28016,781.155,0,0,0
Suite_5,Deferred_Volume,0,427,0.004068,0.705843,0.001376,0.079872,0.349664,0.839665,1190.95,0,0,0
Suite_5,Deferred_Volume,0,428,0.003812,0.700995,0,0.104032,0.373632,0.721919,1385.2,0,0,0
Suite_5,Deferred_Volume,0,429,0.004048,0.80309,9.6e-05,0.08032,0.353216,0.718106,1392.55,0,0,0
Suite_5,Deferred_Volume,0,430,0.003926,1.26478,6.4e-05,0.080448,0.353024,0.820304,1219.06,0,0,0
Suite_5,Deferred_Volume,0,431,0.004061,0.699122,0.00112,0.079872,0.356736,1.28095,780.668,0,0,0
Suite_5,Deferred_Volume,0,432,0.004475,2.72062,0.000384,0.080416,0.357984,0.867471,1152.78,0,0,0
Suite_5,Deferred_Volume,0,433,0.006639,0.701397,0,0.080064,0.354784,2.74668,364.077,0,0,0
Suite_5,Deferred_Volume,0,434,0.005272,0.716436,0,0.08016,0.361248,0.875968,1141.59,0,0,0
Suite_5,Deferred_Volume,0,435,0.004078,1.35167,0.000352,0.080416,0.359936,0.740164,1351.05,0,0,0
Suite_5,Deferred_Volume,0,436,0.003926,0.606416,0,0.079872,0.37728,1.36851,730.719,0,0,0
Suite_5,Deferred_Volume,0,437,0.004108,0.731866,0,0.080256,0.356352,0.776338,1288.1,0,0,0
Suite_5,Deferred_Volume,0,438,0.003897,1.25939,0.00112,0.079872,0.355776,0.749037,1335.05,0,0,0
Suite_5,Deferred_Volume,0,439,0.003911,0.691124,0,0.104672,0.375456,1.27553,783.985,0,0,0
Suite_5,Deferred_Volume,0,440,0.004348,2.29337,6.4e-05,0.080288,0.357568,0.859406,1163.59,0,0,0
Suite_5,Deferred_Volume,0,441,0.004497,1.17913,0,0.080032,0.3528,2.31254,432.425,0,0,0
Suite_5,Deferred_Volume,0,442,0.004179,0.608047,9.6e-05,0.080224,0.355968,1.34916,741.201,0,0,0
Suite_5,Deferred_Volume,0,443,0.004133,1.25896,0.000448,0.080288,0.351328,0.725576,1378.22,0,0,0
Suite_5,Deferred_Volume,0,444,0.003949,0.727998,0,0.080096,0.348064,1.2753,784.13,0,0,0
Suite_5,Deferred_Volume,0,445,0.004679,0.693312,0.000224,0.08016,0.362496,0.898867,1112.51,0,0,0
Suite_5,Deferred_Volume,0,446,0.003933,0.715879,0.001056,0.079872,0.358688,0.711154,1406.17,0,0,0
Suite_5,Deferred_Volume,0,447,0.003858,0.731749,0.00016,0.080352,0.3584,0.731888,1366.33,0,0,0
Suite_5,Deferred_Volume,0,448,0.003881,1.35374,3.2e-05,0.080224,0.350336,0.74777,1337.31,0,0,0
Suite_5,Deferred_Volume,0,449,0.00391,0.677616,0,0.080288,0.3512,1.37127,729.252,0,0,0
Suite_5,Deferred_Volume,0,450,0.004511,2.71101,0.001376,0.079872,0.358528,0.846794,1180.92,0,0,0
Suite_5,Deferred_Volume,0,451,0.004626,0.726275,0.001184,0.079872,0.354464,2.72882,366.459,0,0,0
Suite_5,Deferred_Volume,0,452,0.004128,0.708559,0,0.080096,0.377216,0.894565,1117.86,0,0,0
Suite_5,Deferred_Volume,0,453,0.003991,0.779824,0.001376,0.079872,0.362112,0.734629,1361.23,0,0,0
Suite_5,Deferred_Volume,0,454,0.0039,1.28986,0,0.08,0.354208,0.796919,1254.83,0,0,0
Suite_5,Deferred_Volume,0,455,0.00392,0.603719,0.000512,0.1024,0.366688,1.30615,765.611,0,0,0
Suite_5,Deferred_Volume,0,456,0.004193,0.713437,0.000512,0.080128,0.356352,0.72053,1387.87,0,0,0
Suite_5,Deferred_Volume,0,457,0.003894,1.2629,0.000448,0.08144,0.351872,0.731155,1367.7,0,0,0
Suite_5,Deferred_Volume,0,458,0.003837,0.679959,0,0.079872,0.35504,1.27985,781.339,0,0,0
Suite_5,Deferred_Volume,0,459,0.004393,2.27808,0.000416,0.08064,0.3584,0.848074,1179.14,0,0,0
Suite_5,Deferred_Volume,0,460,0.00403,1.18713,0.001312,0.079872,0.351584,2.29472,435.784,0,0,0
Suite_5,Deferred_Volume,0,461,0.004299,0.610789,0.001056,0.079872,0.358816,1.35693,736.958,0,0,0
Suite_5,Deferred_Volume,0,462,0.004032,1.23364,0,0.080352,0.35104,0.779754,1282.46,0,0,0
Suite_5,Deferred_Volume,0,463,0.003948,0.717381,0.000256,0.080288,0.351072,1.25559,796.44,0,0,0
Suite_5,Deferred_Volume,0,464,0.004535,0.700547,0.000512,0.081344,0.359904,0.885966,1128.71,0,0,0
Suite_5,Deferred_Volume,0,465,0.004071,0.709787,0.000448,0.080192,0.351904,0.71869,1391.42,0,0,0
Suite_5,Deferred_Volume,0,466,0.004048,0.734818,0.00112,0.079872,0.3632,0.727279,1374.99,0,0,0
Suite_5,Deferred_Volume,0,467,0.003834,1.34099,0.001184,0.079872,0.348416,0.750865,1331.8,0,0,0
Suite_5,Deferred_Volume,0,468,0.003851,0.670378,0.000384,0.080128,0.35344,1.35663,737.122,0,0,0
Suite_5,Deferred_Volume,0,469,0.004329,2.75264,0.00032,0.080416,0.354304,0.840849,1189.27,0,0,0
Suite_5,Deferred_Volume,0,470,0.004686,0.720897,0.001376,0.079872,0.352544,2.77207,360.742,0,0,0
Suite_5,Deferred_Volume,0,471,0.004263,0.725126,0.000512,0.081184,0.352544,0.889885,1123.74,0,0,0
Suite_5,Deferred_Volume,0,472,0.004423,1.32423,0.001216,0.079872,0.35664,0.742964,1345.96,0,0,0
Suite_5,Deferred_Volume,0,473,0.003988,0.601,0.000512,0.080192,0.353504,1.34318,744.505,0,0,0
Suite_5,Deferred_Volume,0,474,0.004167,0.704833,0.000512,0.081344,0.354304,0.769706,1299.2,0,0,0
Suite_5,Deferred_Volume,0,475,0.003936,1.26318,0.001632,0.079872,0.358496,0.728533,1372.62,0,0,0
Suite_5,Deferred_Volume,0,476,0.003939,0.689434,0.000512,0.079872,0.376896,1.28336,779.205,0,0,0
Suite_5,Deferred_Volume,0,477,0.004685,2.29352,0.001024,0.079872,0.363104,0.859437,1163.55,0,0,0
Suite_5,Deferred_Volume,0,478,0.004388,1.23365,0.001088,0.079872,0.350304,2.31204,432.519,0,0,0
Suite_5,Deferred_Volume,0,479,0.004051,0.612049,0.001248,0.079872,0.37344,1.40213,713.201,0,0,0
Suite_5,Deferred_Volume,0,480,0.004016,0.722326,0,0.080192,0.34912,0.729297,1371.18,0,0,0
Suite_5,Deferred_Volume,0,481,0.003913,1.2516,0.000512,0.079872,0.34816,0.739655,1351.98,0,0,0
Suite_5,Deferred_Volume,0,482,0.00391,0.650055,0.000512,0.08112,0.35008,1.26852,788.317,0,0,0
Suite_5,Deferred_Volume,0,483,0.004109,0.699501,0.00016,0.080224,0.354752,0.832256,1201.55,0,0,0
Suite_5,Deferred_Volume,0,484,0.003852,0.71246,0,0.106496,0.38128,0.715699,1397.24,0,0,0
Suite_5,Deferred_Volume,0,485,0.004128,0.794156,3.2e-05,0.080288,0.354304,0.735494,1359.63,0,0,0
Suite_5,Deferred_Volume,0,486,0.003916,1.27522,0.000512,0.081344,0.357376,0.811416,1232.41,0,0,0
Suite_5,Deferred_Volume,0,487,0.003869,0.703519,0.000416,0.080448,0.359648,1.29148,774.304,0,0,0
Suite_5,Deferred_Volume,0,488,0.004517,2.70896,0.000288,0.080256,0.350208,0.871327,1147.67,0,0,0
Suite_5,Deferred_Volume,0,489,0.004668,0.703597,0.001312,0.079872,0.352256,2.7282,366.542,0,0,0
Suite_5,Deferred_Volume,0,490,0.004137,0.722231,0.001248,0.079904,0.358144,0.890254,1123.27,0,0,0
Suite_5,Deferred_Volume,0,491,0.004101,1.35308,0.000288,0.080256,0.3584,0.742901,1346.07,0,0,0
Suite_5,Deferred_Volume,0,492,0.003862,0.605371,0.000448,0.080544,0.352256,1.36955,730.167,0,0,0
Suite_5,Deferred_Volume,0,493,0.004062,0.713285,0.000736,0.081216,0.35392,0.752959,1328.09,0,0,0
Suite_5,Deferred_Volume,0,494,0.003897,1.26238,0.001088,0.079872,0.348416,0.730503,1368.92,0,0,0
Suite_5,Deferred_Volume,0,495,0.003852,0.680031,0.00032,0.080096,0.3576,1.27852,782.155,0,0,0
Suite_5,Deferred_Volume,0,496,0.005107,2.32179,0.000448,0.080416,0.357472,0.848307,1178.82,0,0,0
Suite_5,Deferred_Volume,0,497,0.004056,1.18507,0.000512,0.081472,0.349824,2.34105,427.158,0,0,0
Suite_5,Deferred_Volume,0,498,0.00436,0.604543,0.000512,0.096256,0.372736,1.35418,738.453,0,0,0
Suite_5,Deferred_Volume,0,499,0.004227,0.722626,0.00048,0.080352,0.357728,0.722163,1384.73,0,0,0
Suite_5,Deferred_Volume,0,500,0.003932,1.26459,0,0.08,0.360992,0.73883,1353.49,0,0,0
Suite_5,Deferred_Volume,0,501,0.004038,0.644065,0.000512,0.081024,0.350208,1.28298,779.435,0,0,0
Suite_5,Deferred_Volume,0,502,0.004156,0.703385,0,0.080032,0.358432,0.845821,1182.28,0,0,0
Suite_5,Deferred_Volume,0,503,0.003835,0.728556,0,0.079872,0.362944,0.719591,1389.68,0,0,0
Suite_5,Deferred_Volume,0,504,0.003819,1.35729,0,0.080288,0.356928,0.744272,1343.59,0,0,0
Suite_5,Deferred_Volume,0,505,0.003957,0.679653,0,0.080192,0.352096,1.3747,727.434,0,0,0
Suite_5,Deferred_Volume,0,506,0.004516,2.71904,0.000512,0.08032,0.358336,0.848705,1178.27,0,0,0
Suite_5,Deferred_Volume,0,507,0.004222,0.725301,0.001312,0.079872,0.356416,2.73706,365.356,0,0,0
Suite_5,Deferred_Volume,0,508,0.004095,0.708434,0,0.079968,0.376576,0.89348,1119.22,0,0,0
Suite_5,Deferred_Volume,0,509,0.003928,0.769127,0.000256,0.080224,0.352256,0.726311,1376.82,0,0,0
Suite_5,Deferred_Volume,0,510,0.003881,1.30057,0.00048,0.08032,0.361792,0.785912,1272.41,0,0,0
Suite_5,Deferred_Volume,0,511,0.003884,0.600979,0,0.079968,0.360672,1.31662,759.52,0,0,0
Suite_5,Deferred_Volume,0,512,0.004216,0.709959,0.00048,0.08144,0.353792,0.759335,1316.94,0,0,0
Suite_5,Deferred_Volume,0,513,0.00388,1.25768,0,0.079936,0.354848,0.727477,1374.61,0,0,0
Suite_5,Deferred_Volume,0,514,0.003922,0.687779,0.001504,0.080896,0.365216,1.27479,784.442,0,0,0
Suite_5,Deferred_Volume,0,515,0.004452,2.26275,0,0.080192,0.360288,0.85587,1168.4,0,0,0
Suite_5,Deferred_Volume,0,516,0.003918,1.18805,0.001504,0.079872,0.350208,2.27952,438.69,0,0,0
Suite_5,Deferred_Volume,0,517,0.004128,0.607949,0,0.080384,0.35632,1.36361,733.35,0,0,0
Suite_5,Deferred_Volume,0,518,0.004122,1.21115,0.000416,0.080256,0.34816,0.777042,1286.93,0,0,0
Suite_5,Deferred_Volume,0,519,0.004128,0.727278,0.000224,0.080512,0.352224,1.22741,814.726,0,0,0
Suite_5,Deferred_Volume,0,520,0.004775,0.694781,0,0.08016,0.361088,0.900628,1110.34,0,0,0
Suite_5,Deferred_Volume,0,521,0.004261,0.713067,0.00048,0.080256,0.350208,0.713401,1401.74,0,0,0
Suite_5,Deferred_Volume,0,522,0.004002,0.720637,9.6e-05,0.080576,0.3584,0.730238,1369.42,0,0,0
Suite_5,Deferred_Volume,0,523,0.003911,1.35375,0.000512,0.08048,0.3584,0.736887,1357.06,0,0,0
Suite_5,Deferred_Volume,0,524,0.003988,0.688563,0.000512,0.080352,0.350208,1.36983,730.02,0,0,0
Suite_5,Deferred_Volume,0,525,0.00439,2.70287,0.001184,0.079872,0.35248,0.857736,1165.86,0,0,0
Suite_5,Deferred_Volume,0,526,0.004654,0.720286,6.4e-05,0.080096,0.356992,2.72268,367.286,0,0,0
Suite_5,Deferred_Volume,0,527,0.004316,0.710914,0,0.104096,0.381472,0.889426,1124.32,0,0,0
Suite_5,Deferred_Volume,0,528,0.003917,0.803338,0.000416,0.080256,0.352256,0.727522,1374.53,0,0,0
Suite_5,Deferred_Volume,0,529,0.003901,1.27977,0.000416,0.080352,0.352256,0.820732,1218.42,0,0,0
Suite_5,Deferred_Volume,0,530,0.0039,0.601263,0.001024,0.079872,0.35904,1.29688,771.081,0,0,0
Suite_5,Deferred_Volume,0,531,0.004296,1.25895,0.001344,0.079872,0.3584,0.727547,1374.48,0,0,0
Suite_5,Deferred_Volume,0,532,0.003941,0.687526,0.000256,0.080448,0.353888,1.27553,783.991,0,0,0
Suite_5,Deferred_Volume,0,533,0.004907,2.26918,0.001376,0.08096,0.352512,0.861981,1160.12,0,0,0
Suite_5,Deferred_Volume,0,534,0.004203,1.25807,0.000288,0.080672,0.357184,2.28805,437.053,0,0,0
Suite_5,Deferred_Volume,0,535,0.004265,0.605509,0,0.079936,0.376832,1.42648,701.027,0,0,0
Suite_5,Deferred_Volume,0,536,0.00426,0.731136,0.001248,0.079872,0.354816,0.773378,1293.03,0,0,0
Suite_5,Deferred_Volume,0,537,0.003888,1.26115,0.001344,0.079904,0.354048,0.749127,1334.89,0,0,0
Suite_5,Deferred_Volume,0,538,0.003883,0.669437,0.001024,0.079872,0.351488,1.27828,782.299,0,0,0
Suite_5,Deferred_Volume,0,539,0.004226,0.701669,0.000224,0.080576,0.349152,0.837048,1194.67,0,0,0
Suite_5,Deferred_Volume,0,540,0.003893,0.70765,0,0.080224,0.378784,0.718167,1392.43,0,0,0
Suite_5,Deferred_Volume,0,541,0.003958,0.778678,0,0.079872,0.360416,0.724937,1379.43,0,0,0
Suite_5,Deferred_Volume,0,542,0.003848,1.29227,0,0.080224,0.346944,0.795925,1256.4,0,0,0
Suite_5,Deferred_Volume,0,543,0.003915,0.66966,0.000512,0.08096,0.352256,1.30857,764.195,0,0,0
Suite_5,Deferred_Volume,0,544,0.004647,2.6965,0.00048,0.081472,0.360256,0.837969,1193.36,0,0,0
Suite_5,Deferred_Volume,0,545,0.004663,0.727005,0.000512,0.080064,0.353952,2.71584,368.211,0,0,0
Suite_5,Deferred_Volume,0,546,0.004164,0.724341,0.000512,0.081056,0.360096,0.896739,1115.15,0,0,0
Suite_5,Deferred_Volume,0,547,0.00386,1.35296,0,0.080128,0.356512,0.740462,1350.51,0,0,0
Suite_5,Deferred_Volume,0,548,0.003936,0.605506,0,0.080032,0.356352,1.37295,728.359,0,0,0
Suite_5,Deferred_Volume,0,549,0.004133,0.721149,0.001408,0.079872,0.358496,0.775789,1289.01,0,0,0
Suite_5,Deferred_Volume,0,550,0.003859,1.26564,0.001504,0.079872,0.354304,0.738231,1354.59,0,0,0
Suite_5,Deferred_Volume,0,551,0.003793,0.693186,0.001504,0.079872,0.376832,1.28164,780.252,0,0,0
Suite_5,Deferred_Volume,0,552,0.004654,2.35072,0.00048,0.081056,0.362528,0.861666,1160.54,0,0,0
Suite_5,Deferred_Volume,0,553,0.004652,1.19331,0.000352,0.080224,0.362496,2.37023,421.9,0,0,0
Suite_5,Deferred_Volume,0,554,0.004385,0.603154,0.001312,0.079872,0.362624,1.36368,733.309,0,0,0
Suite_5,Deferred_Volume,0,555,0.004079,1.27293,6.4e-05,0.080224,0.3496,0.771312,1296.49,0,0,0
Suite_5,Deferred_Volume,0,556,0.003925,0.66361,0,0.080064,0.356928,1.28926,775.637,0,0,0
Suite_5,Deferred_Volume,0,557,0.004337,0.712023,0.000448,0.08032,0.355328,0.833046,1200.41,0,0,0
Suite_5,Deferred_Volume,0,558,0.003935,0.702876,0,0.079968,0.351872,0.729544,1370.72,0,0,0
Suite_5,Deferred_Volume,0,559,0.003865,0.72264,0.001184,0.079872,0.358976,0.718877,1391.06,0,0,0
Suite_5,Deferred_Volume,0,560,0.003917,1.34677,0.00048,0.081088,0.3584,0.738415,1354.25,0,0,0
Suite_5,Deferred_Volume,0,561,0.003965,0.688237,0.000512,0.080352,0.360256,1.36419,733.035,0,0,0
Suite_5,Deferred_Volume,0,562,0.004186,2.72518,0.001376,0.079872,0.354624,0.856929,1166.96,0,0,0
Suite_5,Deferred_Volume,0,563,0.005787,0.72262,0.000512,0.079904,0.354336,2.74644,364.108,0,0,0
Suite_5,Deferred_Volume,0,564,0.004204,0.699273,0.000224,0.080352,0.379776,0.893536,1119.15,0,0,0
Suite_5,Deferred_Volume,0,565,0.003938,0.768335,0.001216,0.079872,0.358752,0.718238,1392.3,0,0,0
Suite_5,Deferred_Volume,0,566,0.003872,1.31275,0,0.079872,0.356736,0.785394,1273.25,0,0,0
Suite_5,Deferred_Volume,0,567,0.003806,0.604298,0.00144,0.079872,0.356096,1.32874,752.593,0,0,0
Suite_5,Deferred_Volume,0,568,0.004061,0.705735,9.6e-05,0.08016,0.352192,0.771587,1296.03,0,0,0
Suite_5,Deferred_Volume,0,569,0.00386,1.25997,3.2e-05,0.080352,0.361152,0.723134,1382.87,0,0,0
Suite_5,Deferred_Volume,0,570,0.003886,0.689737,0.000512,0.079872,0.352256,1.27704,783.061,0,0,0
Suite_5,Deferred_Volume,0,571,0.004428,2.25759,0.00048,0.080384,0.366048,0.858081,1165.39,0,0,0
Suite_5,Deferred_Volume,0,572,0.003817,1.1967,0.001312,0.079904,0.354656,2.27428,439.7,0,0,0
Suite_5,Deferred_Volume,0,573,0.00423,0.605803,0.000128,0.080128,0.349184,1.36589,732.126,0,0,0
Suite_5,Deferred_Volume,0,574,0.004226,1.22419,0,0.080192,0.352672,0.774481,1291.19,0,0,0
Suite_5,Deferred_Volume,0,575,0.003976,0.727183,0.000512,0.079872,0.348832,1.24077,805.952,0,0,0
Suite_5,Deferred_Volume,0,576,0.004813,0.692492,0.001056,0.079872,0.352512,0.896576,1115.35,0,0,0
Suite_5,Deferred_Volume,0,577,0.003959,0.698222,0.001184,0.079872,0.354528,0.715854,1396.93,0,0,0
Suite_5,Deferred_Volume,0,578,0.003856,0.726562,0.000256,0.080288,0.355936,0.715371,1397.88,0,0,0
Suite_5,Deferred_Volume,0,579,0.003867,1.35237,0.000512,0.081184,0.357568,0.74235,1347.07,0,0,0
Suite_5,Deferred_Volume,0,580,0.003821,0.683071,0.00048,0.079872,0.348256,1.36841,730.774,0,0,0
Suite_5,Deferred_Volume,0,581,0.004194,2.73305,0.000416,0.080224,0.352256,0.852997,1172.34,0,0,0
Suite_5,Deferred_Volume,0,582,0.004844,0.722301,0,0.080288,0.356896,2.75213,363.355,0,0,0
Suite_5,Deferred_Volume,0,583,0.00433,0.707711,0.000512,0.08608,0.366592,0.891451,1121.77,0,0,0
Suite_5,Deferred_Volume,0,584,0.003884,0.7848,0.000512,0.081216,0.359552,0.724257,1380.73,0,0,0
Suite_5,Deferred_Volume,0,585,0.003863,1.27432,0.000512,0.079872,0.347872,0.802048,1246.81,0,0,0
Suite_5,Deferred_Volume,0,586,0.003869,0.603587,0.000384,0.080224,0.355392,1.29141,774.349,0,0,0
Suite_5,Deferred_Volume,0,587,0.004376,1.28796,0.000128,0.08032,0.353408,0.720932,1387.09,0,0,0
Suite_5,Deferred_Volume,0,588,0.003957,0.683294,0.00016,0.080352,0.359616,1.30486,766.365,0,0,0
Suite_5,Deferred_Volume,0,589,0.005052,2.30116,0.000512,0.081344,0.362496,0.853668,1171.42,0,0,0
Suite_5,Deferred_Volume,0,590,0.004251,1.24684,0.00048,0.081152,0.354304,2.32034,430.972,0,0,0
Suite_5,Deferred_Volume,0,591,0.004192,0.604125,0.001152,0.079872,0.382336,1.41496,706.733,0,0,0
Suite_5,Deferred_Volume,0,592,0.004183,0.730549,0.000512,0.081152,0.353344,0.72165,1385.71,0,0,0
Suite_5,Deferred_Volume,0,593,0.009157,1.25292,0.00112,0.079872,0.360544,0.748174,1336.59,0,0,0
Suite_5,Deferred_Volume,0,594,0.003941,0.677816,0.000512,0.081376,0.359584,1.27506,784.28,0,0,0
Suite_5,Deferred_Volume,0,595,0.004358,0.708332,0.001312,0.079872,0.355648,0.845858,1182.23,0,0,0
Suite_5,Deferred_Volume,0,596,0.003947,0.714056,0.000512,0.081024,0.372288,0.724562,1380.14,0,0,0
Suite_5,Deferred_Volume,0,597,0.003849,0.778675,0,0.080128,0.359296,0.731775,1366.54,0,0,0
Suite_5,Deferred_Volume,0,598,0.003916,1.28545,0.000416,0.080288,0.356352,0.795215,1257.52,0,0,0
Suite_5,Deferred_Volume,0,599,0.003859,0.691957,0.00016,0.08048,0.349184,1.30152,768.334,0,0,0
Suite_5,Deferred_Volume,0,600,0.004251,2.71828,0.000256,0.080192,0.351424,0.860078,1162.69,0,0,0
Suite_5,Deferred_Volume,0,601,0.004506,0.719354,0.000288,0.080288,0.351328,2.73775,365.263,0,0,0
Suite_5,Deferred_Volume,0,602,0.004341,0.719721,0,0.079872,0.362496,0.88905,1124.8,0,0,0
Suite_5,Deferred_Volume,0,603,0.00383,1.35458,0.000288,0.080032,0.361408,0.736007,1358.68,0,0,0
Suite_5,Deferred_Volume,0,604,0.003911,0.613728,0.000512,0.079872,0.348768,1.37058,729.616,0,0,0
Suite_5,Deferred_Volume,0,605,0.004327,0.705076,0.000512,0.08016,0.354304,0.788618,1268.04,0,0,0
Suite_5,Deferred_Volume,0,606,0.00386,1.26497,0.000512,0.081216,0.356,0.72234,1384.39,0,0,0
Suite_5,Deferred_Volume,0,607,0.003873,0.689232,0,0.080352,0.375712,1.28093,780.68,0,0,0
Suite_5,Deferred_Volume,0,608,0.004679,2.33613,0,0.08032,0.353248,0.85795,1165.57,0,0,0
Suite_5,Deferred_Volume,0,609,0.004088,1.18139,0.00144,0.079872,0.349824,2.35555,424.529,0,0,0
Suite_5,Deferred_Volume,0,610,0.004269,0.612161,0.00048,0.103584,0.380032,1.35068,740.366,0,0,0
Suite_5,Deferred_Volume,0,611,0.004163,0.726938,0,0.080064,0.358944,0.729574,1370.66,0,0,0
Suite_5,Deferred_Volume,0,612,0.003927,1.2701,0.000512,0.081088,0.357984,0.743095,1345.72,0,0,0
Suite_5,Deferred_Volume,0,613,0.00394,0.661033,0.001152,0.079872,0.352352,1.28824,776.254,0,0,0
Suite_5,Deferred_Volume,0,614,0.004155,0.703153,0.000512,0.081216,0.349536,0.838416,1192.73,0,0,0
Suite_5,Deferred_Volume,0,615,0.003858,0.721944,0.000352,0.080288,0.357952,0.719315,1390.21,0,0,0
Suite_5,Deferred_Volume,0,616,0.003794,1.34681,0,0.079872,0.358976,0.738006,1355,0,0,0
Suite_5,Deferred_Volume,0,617,0.003907,0.683139,0,0.080064,0.349088,1.36405,733.113,0,0,0
Suite_5,Deferred_Volume,0,618,0.004422,2.70884,0.001408,0.079872,0.356352,0.851945,1173.78,0,0,0
Suite_5,Deferred_Volume,0,619,0.005267,0.731798,0.00048,0.08128,0.354304,2.72741,366.648,0,0,0
Suite_5,Deferred_Volume,0,620,0.004356,0.697122,0.000512,0.081248,0.374784,0.90171,1109,0,0,0
Suite_5,Deferred_Volume,0,621,0.003938,0.755976,0.000512,0.080192,0.36016,0.71542,1397.78,0,0,0
Suite_5,Deferred_Volume,0,622,0.003925,1.32331,0.00128,0.079872,0.35792,0.777539,1286.11,0,0,0
Suite_5,Deferred_Volume,0,623,0.003852,0.601811,0.000448,0.080096,0.374784,1.33969,746.44,0,0,0
Suite_5,Deferred_Volume,0,624,0.004134,0.724272,0.000384,0.080288,0.353504,0.753921,1326.4,0,0,0
Suite_5,Deferred_Volume,0,625,0.003899,1.25856,0.001184,0.079872,0.353824,0.741738,1348.18,0,0,0
Suite_5,Deferred_Volume,0,626,0.00392,0.683634,0.002272,0.079936,0.363744,1.276,783.698,0,0,0
Suite_5,Deferred_Volume,0,627,0.004508,2.27107,0.001216,0.081024,0.352512,0.852314,1173.28,0,0,0
Suite_5,Deferred_Volume,0,628,0.00415,1.17611,0.000512,0.080896,0.354304,2.28824,437.018,0,0,0
Suite_5,Deferred_Volume,0,629,0.004059,0.609981,0.001088,0.080288,0.359104,1.34658,742.624,0,0,0
Suite_5,Deferred_Volume,0,630,0.0043,1.21827,0,0.080128,0.348768,0.778962,1283.76,0,0,0
Suite_5,Deferred_Volume,0,631,0.003952,0.724494,0,0.08016,0.357024,1.23562,809.311,0,0,0
Suite_5,Deferred_Volume,0,632,0.004539,0.707215,0.001504,0.081056,0.350208,0.893115,1119.68,0,0,0
Suite_5,Deferred_Volume,0,633,0.003978,0.701518,0.000512,0.079872,0.35136,0.725769,1377.85,0,0,0
Suite_5,Deferred_Volume,0,634,0.00407,0.715464,0,0.080128,0.355072,0.723273,1382.6,0,0,0
Suite_5,Deferred_Volume,0,635,0.003887,1.3569,0.000512,0.080416,0.356352,0.731475,1367.1,0,0,0
Suite_5,Deferred_Volume,0,636,0.003814,0.681792,0,0.079904,0.354912,1.37279,728.441,0,0,0
Suite_5,Deferred_Volume,0,637,0.004342,2.70274,0.000224,0.08048,0.36384,0.851596,1174.27,0,0,0
Suite_5,Deferred_Volume,0,638,0.004833,0.726159,0,0.080096,0.353824,2.7217,367.417,0,0,0
Suite_5,Deferred_Volume,0,639,0.004118,0.708638,0.000512,0.106496,0.380608,0.895211,1117.06,0,0,0
Suite_5,Deferred_Volume,0,640,0.00389,0.807822,0.001216,0.079872,0.356864,0.725142,1379.04,0,0,0
Suite_5,Deferred_Volume,0,641,0.004001,1.28621,0.00128,0.079872,0.347552,0.825308,1211.67,0,0,0
Suite_5,Deferred_Volume,0,642,0.004009,0.598115,0.001216,0.08112,0.350784,1.30351,767.162,0,0,0
Suite_5,Deferred_Volume,0,643,0.004096,1.25319,0.000512,0.081376,0.35776,0.714363,1399.85,0,0,0
Suite_5,Deferred_Volume,0,644,0.003847,0.684234,0.00016,0.08048,0.356352,1.26943,787.758,0,0,0
Suite_5,Deferred_Volume,0,645,0.00474,2.26669,3.2e-05,0.080192,0.359776,0.861575,1160.67,0,0,0
Suite_5,Deferred_Volume,0,646,0.004182,1.27,0.001152,0.079904,0.3528,2.28556,437.529,0,0,0
Suite_5,Deferred_Volume,0,647,0.004123,0.612626,0,0.08032,0.350208,1.43809,695.366,0,0,0
Suite_5,Deferred_Volume,0,648,0.004247,0.716023,0.001024,0.079872,0.35072,0.730168,1369.55,0,0,0
Suite_5,Deferred_Volume,0,649,0.004001,1.25785,0,0.080352,0.355648,0.733682,1362.99,0,0,0
Suite_5,Deferred_Volume,0,650,0.003894,0.668867,0,0.079872,0.352096,1.27508,784.267,0,0,0
Suite_5,Deferred_Volume,0,651,0.004047,0.704452,0,0.079904,0.349888,0.836792,1195.04,0,0,0
Suite_5,Deferred_Volume,0,652,0.004161,0.708247,0.001152,0.079872,0.37472,0.721201,1386.58,0,0,0
Suite_5,Deferred_Volume,0,653,0.004147,0.748206,0.00048,0.080288,0.354304,0.727283,1374.98,0,0,0
Suite_5,Deferred_Volume,0,654,0.003842,1.31259,0.00112,0.079872,0.356576,0.765445,1306.43,0,0,0
Suite_5,Deferred_Volume,0,655,0.003842,0.681028,0.000512,0.080992,0.356352,1.32864,752.648,0,0,0
Suite_5,Deferred_Volume,0,656,0.00422,2.80188,0,0.079872,0.356832,0.849022,1177.83,0,0,0
Suite_5,Deferred_Volume,0,657,0.004391,0.726182,0.000544,0.08096,0.354304,2.82167,354.401,0,0,0
Suite_5,Deferred_Volume,0,658,0.004305,0.724524,0.000512,0.08,0.361888,0.896128,1115.91,0,0,0
Suite_5,Deferred_Volume,0,659,0.003819,1.35635,0.000512,0.081216,0.363744,0.740924,1349.67,0,0,0
Suite_5,Deferred_Volume,0,660,0.003837,0.603758,0.001184,0.079872,0.344,1.37261,728.537,0,0,0
Suite_5,Deferred_Volume,0,661,0.004037,0.709137,0.00144,0.079872,0.353376,0.773589,1292.68,0,0,0
Suite_5,Deferred_Volume,0,662,0.004015,1.25463,0.001472,0.079872,0.354496,0.730684,1368.58,0,0,0
Suite_5,Deferred_Volume,0,663,0.003861,0.687985,0.001344,0.079872,0.385216,1.27085,786.876,0,0,0
Suite_5,Deferred_Volume,0,664,0.004479,2.34417,0.001376,0.079872,0.361632,0.856268,1167.86,0,0,0
Suite_5,Deferred_Volume,0,665,0.004138,1.18501,0,0.080224,0.348896,2.36284,423.219,0,0,0
Suite_5,Deferred_Volume,0,666,0.004309,0.59916,0.000192,0.104928,0.381632,1.35411,738.491,0,0,0
Suite_5,Deferred_Volume,0,667,0.00432,0.728361,6.4e-05,0.08032,0.357888,0.716401,1395.87,0,0,0
Suite_5,Deferred_Volume,0,668,0.004106,1.26451,0,0.080032,0.3544,0.745044,1342.2,0,0,0
Suite_5,Deferred_Volume,0,669,0.003995,0.669343,0.001408,0.079872,0.356288,1.28245,779.756,0,0,0
Suite_5,Deferred_Volume,0,670,0.004045,0.707642,0.00144,0.079872,0.355424,0.838068,1193.22,0,0,0
Suite_5,Deferred_Volume,0,671,0.003823,0.729353,0.000512,0.081184,0.35232,0.723652,1381.88,0,0,0
Suite_5,Deferred_Volume,0,672,0.003836,1.34052,0,0.080064,0.35504,0.744902,1342.46,0,0,0
Suite_5,Deferred_Volume,0,673,0.004002,0.681369,0,0.079872,0.356864,1.35757,736.608,0,0,0
Suite_5,Deferred_Volume,0,674,0.00425,2.72993,0.001504,0.081088,0.354304,0.850204,1176.19,0,0,0
Suite_5,Deferred_Volume,0,675,0.004414,0.724145,0.00032,0.080224,0.356352,2.74754,363.962,0,0,0
Suite_5,Deferred_Volume,0,676,0.004409,0.701388,0,0.079872,0.383232,0.89724,1114.53,0,0,0
Suite_5,Deferred_Volume,0,677,0.003898,0.760917,0.000416,0.080384,0.360448,0.719862,1389.16,0,0,0
Suite_5,Deferred_Volume,0,678,0.003828,1.32318,0,0.079872,0.34976,0.777735,1285.79,0,0,0
Suite_5,Deferred_Volume,0,679,0.003887,0.603444,0.000512,0.08112,0.376032,1.33918,746.726,0,0,0
Suite_5,Deferred_Volume,0,680,0.00407,0.723046,0.001184,0.079872,0.356864,0.72048,1387.96,0,0,0
Suite_5,Deferred_Volume,0,681,0.003904,1.26571,0,0.079904,0.357088,0.740433,1350.56,0,0,0
Suite_5,Deferred_Volume,0,682,0.003917,0.689634,0.001408,0.079872,0.379136,1.28257,779.685,0,0,0
Suite_5,Deferred_Volume,0,683,0.004233,2.28675,0.000256,0.08032,0.356352,0.857208,1166.58,0,0,0
Suite_5,Deferred_Volume,0,684,0.003813,1.19086,0.000512,0.08128,0.359424,2.30325,434.169,0,0,0
Suite_5,Deferred_Volume,0,685,0.004085,0.601352,0.000512,0.079872,0.354528,1.36013,735.222,0,0,0
Suite_5,Deferred_Volume,0,686,0.00426,1.23561,0.00048,0.080288,0.359392,0.76994,1298.8,0,0,0
Suite_5,Deferred_Volume,0,687,0.003953,0.736456,3.2e-05,0.080352,0.350208,1.25208,798.668,0,0,0
Suite_5,Deferred_Volume,0,688,0.004431,0.693292,0.00048,0.079904,0.354304,0.904977,1105,0,0,0
Suite_5,Deferred_Volume,0,689,0.004153,0.705601,0.001312,0.079872,0.356352,0.711886,1404.72,0,0,0
Suite_5,Deferred_Volume,0,690,0.003851,0.724602,0,0.08,0.352,0.72291,1383.3,0,0,0
Suite_5,Deferred_Volume,0,691,0.003947,1.34857,0,0.079872,0.358368,0.74464,1342.93,0,0,0
Suite_5,Deferred_Volume,0,692,0.003906,0.682273,0.00016,0.080064,0.354304,1.36457,732.831,0,0,0
Suite_5,Deferred_Volume,0,693,0.004286,2.74629,0.000256,0.080128,0.360448,0.852419,1173.13,0,0,0
Suite_5,Deferred_Volume,0,694,0.004283,0.73029,0.001024,0.079872,0.35584,2.76459,361.717,0,0,0
Suite_5,Deferred_Volume,0,695,0.004221,0.70348,0.000512,0.1024,0.372736,0.899102,1112.22,0,0,0
Suite_5,Deferred_Volume,0,696,0.003854,0.794884,0.000448,0.080224,0.3584,0.719858,1389.16,0,0,0
Suite_5,Deferred_Volume,0,697,0.003925,1.27789,0.000512,0.08112,0.35552,0.812049,1231.45,0,0,0
Suite_5,Deferred_Volume,0,698,0.003885,0.604727,0.000512,0.081056,0.355904,1.29481,772.312,0,0,0
Suite_5,Deferred_Volume,0,699,0.004052,1.23282,0.000512,0.08112,0.357664,0.772199,1295,0,0,0
Suite_5,Deferred_Volume,0,700,0.003903,0.68813,3.2e-05,0.080256,0.3584,1.24908,800.588,0,0,0
Suite_5,Deferred_Volume,0,701,0.004631,2.28462,0.001248,0.079872,0.364256,0.858571,1164.73,0,0,0
Suite_5,Deferred_Volume,0,702,0.006067,1.25675,0.001344,0.079872,0.346656,2.30748,433.373,0,0,0
Suite_5,Deferred_Volume,0,703,0.00663,0.648845,0.001312,0.079872,0.370176,1.44994,689.684,0,0,0
Suite_5,Deferred_Volume,0,704,0.004283,0.722425,0.00048,0.081184,0.35168,0.719562,1389.73,0,0,0
Suite_5,Deferred_Volume,0,705,0.004061,1.25105,0.000384,0.08016,0.359872,0.740662,1350.14,0,0,0
Suite_5,Deferred_Volume,0,706,0.004061,0.665322,0.000512,0.079872,0.354304,1.26843,788.378,0,0,0
Suite_5,Deferred_Volume,0,707,0.004587,0.701325,0.00112,0.079872,0.352576,0.847349,1180.15,0,0,0
Suite_5,Deferred_Volume,0,708,0.004032,0.706119,0.000512,0.079872,0.368576,0.71827,1392.23,0,0,0
Suite_5,Deferred_Volume,0,709,0.003955,0.785424,0.001216,0.079872,0.358528,0.724733,1379.82,0,0,0
Suite_5,Deferred_Volume,0,710,0.004067,1.27636,0.00048,0.080064,0.350208,0.802626,1245.91,0,0,0
Suite_5,Deferred_Volume,0,711,0.004028,0.691052,0.00128,0.079872,0.353728,1.29279,773.524,0,0,0
Suite_5,Deferred_Volume,0,712,0.00477,2.69387,0.000512,0.081248,0.35824,0.859403,1163.6,0,0,0
Suite_5,Deferred_Volume,0,713,0.004473,0.728272,0.000192,0.080288,0.352768,2.7141,368.446,0,0,0
Suite_5,Deferred_Volume,0,714,0.004236,0.728866,0.000512,0.081184,0.355616,0.898049,1113.52,0,0,0
Suite_5,Deferred_Volume,0,715,0.003966,1.34171,0.00048,0.080224,0.3584,0.745291,1341.76,0,0,0
Suite_5,Deferred_Volume,0,716,0.003946,0.60395,0.001408,0.081024,0.356608,1.3581,736.323,0,0,0
Suite_5,Deferred_Volume,0,717,0.004309,0.718037,3.2e-05,0.080192,0.354304,0.77335,1293.08,0,0,0
Suite_5,Deferred_Volume,0,718,0.003947,1.26045,0.000512,0.080224,0.364128,0.735115,1360.33,0,0,0
Suite_5,Deferred_Volume,0,719,0.004132,0.689712,0.000512,0.08128,0.378592,1.28089,780.704,0,0,0
Suite_5,Deferred_Volume,0,720,0.004593,2.33954,0,0.08,0.356352,0.858519,1164.8,0,0,0
Suite_5,Deferred_Volume,0,721,0.004502,1.18767,0,0.079872,0.35648,2.35892,423.923,0,0,0
Suite_5,Deferred_Volume,0,722,0.00456,0.605904,0,0.10064,0.38912,1.35735,736.732,0,0,0
Suite_5,Deferred_Volume,0,723,0.004119,0.737989,0,0.080032,0.350848,0.723775,1381.64,0,0,0
Suite_5,Deferred_Volume,0,724,0.003929,1.26075,0.001312,0.079872,0.3584,0.754165,1325.97,0,0,0
Suite_5,Deferred_Volume,0,725,0.004155,0.668262,0.000512,0.079872,0.355776,1.27893,781.901,0,0,0
Suite_5,Deferred_Volume,0,726,0.004173,0.70653,0,0.079872,0.355488,0.840792,1189.35,0,0,0
Suite_5,Deferred_Volume,0,727,0.003879,0.728948,6.4e-05,0.080128,0.356352,0.722961,1383.2,0,0,0
Suite_5,Deferred_Volume,0,728,0.003821,1.33847,0,0.080128,0.360288,0.744848,1342.56,0,0,0
Suite_5,Deferred_Volume,0,729,0.003908,0.68574,0,0.080064,0.3528,1.35576,737.592,0,0,0
Suite_5,Deferred_Volume,0,730,0.004554,2.70907,0.000224,0.08,0.355648,0.854639,1170.08,0,0,0
Suite_5,Deferred_Volume,0,731,0.004237,0.731105,0.001376,0.079872,0.356,2.72705,366.697,0,0,0
Suite_5,Deferred_Volume,0,732,0.004278,0.701991,0.000352,0.080352,0.374272,0.899582,1111.63,0,0,0
Suite_5,Deferred_Volume,0,733,0.00387,0.745712,0.001216,0.079872,0.362304,0.719799,1389.28,0,0,0
Suite_5,Deferred_Volume,0,734,0.003871,1.32711,0.00048,0.080448,0.356352,0.767071,1303.66,0,0,0
Suite_5,Deferred_Volume,0,735,0.003872,0.599739,0.000512,0.079872,0.364,1.3433,744.435,0,0,0
Suite_5,Deferred_Volume,0,736,0.004112,0.711357,0.000128,0.080224,0.360448,0.753909,1326.42,0,0,0
Suite_5,Deferred_Volume,0,737,0.003901,1.26562,0.00112,0.079872,0.360608,0.728712,1372.28,0,0,0
Suite_5,Deferred_Volume,0,738,0.00387,0.690493,9.6e-05,0.08,0.380928,1.28253,779.707,0,0,0
Suite_5,Deferred_Volume,0,739,0.00422,2.28205,0.000416,0.080288,0.352256,0.857981,1165.53,0,0,0
Suite_5,Deferred_Volume,0,740,0.004038,1.17532,0.00112,0.079872,0.350464,2.29843,435.08,0,0,0
Suite_5,Deferred_Volume,0,741,0.004155,0.627143,0,0.079872,0.352864,1.34712,742.322,0,0,0
Suite_5,Deferred_Volume,0,742,0.005456,1.24522,0.000512,0.081184,0.3584,0.747958,1336.97,0,0,0
Suite_5,Deferred_Volume,0,743,0.004248,0.731327,0.001504,0.081056,0.360448,1.26346,791.475,0,0,0
Suite_5,Deferred_Volume,0,744,0.004491,0.710294,0.001376,0.079872,0.353408,0.900522,1110.47,0,0,0
Suite_5,Deferred_Volume,0,745,0.00398,0.702806,0.001248,0.079872,0.3536,0.728458,1372.76,0,0,0
Suite_5,Deferred_Volume,0,746,0.003768,0.725475,0.000192,0.080224,0.352256,0.719592,1389.68,0,0,0
Suite_5,Deferred_Volume,0,747,0.003897,1.35098,0.00048,0.080288,0.360448,0.74539,1341.58,0,0,0
Suite_5,Deferred_Volume,0,748,0.00387,0.680215,0,0.079872,0.35664,1.36736,731.334,0,0,0
Suite_5,Deferred_Volume,0,749,0.004202,2.72166,0.000256,0.080512,0.356032,0.849097,1177.72,0,0,0
Suite_5,Deferred_Volume,0,750,0.004541,0.725372,0,0.080224,0.353248,2.74006,364.956,0,0,0
Suite_5,Deferred_Volume,0,751,0.004034,0.702455,0.000352,0.106592,0.38432,0.893916,1118.67,0,0,0
Suite_5,Deferred_Volume,0,752,0.003901,0.811164,0,0.080288,0.35728,0.718588,1391.62,0,0,0
Suite_5,Deferred_Volume,0,753,0.003969,1.27608,0.00112,0.079872,0.35808,0.828353,1207.21,0,0,0
Suite_5,Deferred_Volume,0,754,0.003877,0.605852,0.001088,0.079872,0.352544,1.2932,773.277,0,0,0
Suite_5,Deferred_Volume,0,755,0.00408,1.25728,0,0.080096,0.359264,0.749782,1333.72,0,0,0
Suite_5,Deferred_Volume,0,756,0.003825,0.692368,0.00064,0.081312,0.357504,1.27351,785.234,0,0,0
Suite_5,Deferred_Volume,0,757,0.005011,2.26601,0,0.080096,0.36288,0.863252,1158.41,0,0,0
Suite_5,Deferred_Volume,0,758,0.004069,1.26782,0.00048,0.080448,0.3584,2.28487,437.661,0,0,0
Suite_5,Deferred_Volume,0,759,0.004177,0.603256,0.001376,0.079872,0.369184,1.43574,696.506,0,0,0
Suite_5,Deferred_Volume,0,760,0.004319,0.715994,0.0008,0.081024,0.356352,0.770917,1297.16,0,0,0
Suite_5,Deferred_Volume,0,761,0.00393,1.26497,0.00048,0.080256,0.35136,0.733672,1363.01,0,0,0
Suite_5,Deferred_Volume,0,762,0.004071,0.665757,0.000512,0.081472,0.353536,1.28228,779.859,0,0,0
Suite_5,Deferred_Volume,0,763,0.004122,0.701545,0.001088,0.079872,0.35792,0.833699,1199.47,0,0,0
Suite_5,Deferred_Volume,0,764,0.003891,0.712666,0.00144,0.081216,0.374784,0.717546,1393.64,0,0,0
Suite_5,Deferred_Volume,0,765,0.003959,0.780065,0.001216,0.079872,0.35472,0.729641,1370.54,0,0,0
Suite_5,Deferred_Volume,0,766,0.003898,1.28617,0,0.08016,0.353952,0.796567,1255.39,0,0,0
Suite_5,Deferred_Volume,0,767,0.003807,0.719779,0,0.079872,0.356992,1.30231,767.869,0,0,0
Suite_5,Deferred_Volume,0,768,0.007822,2.68199,0.000512,0.081248,0.351264,0.901806,1108.89,0,0,0
Suite_5,Deferred_Volume,0,769,0.006526,0.703905,0.000224,0.080288,0.35936,2.71507,368.315,0,0,0
Suite_5,Deferred_Volume,0,770,0.004546,0.725441,0.000256,0.080416,0.361952,0.877193,1140,0,0,0
Suite_5,Deferred_Volume,0,771,0.003971,1.35757,0,0.080032,0.3568,0.742398,1346.99,0,0,0
Suite_5,Deferred_Volume,0,772,0.004126,0.607156,0.000512,0.080928,0.354528,1.37407,727.762,0,0,0
Suite_5,Deferred_Volume,0,773,0.004289,0.722694,0,0.08,0.348832,0.777607,1286,0,0,0
Suite_5,Deferred_Volume,0,774,0.003991,1.25806,0.000512,0.080384,0.360448,0.740031,1351.29,0,0,0
Suite_5,Deferred_Volume,0,775,0.003889,0.695172,0.000576,0.081152,0.360448,1.27417,784.822,0,0,0
Suite_5,Deferred_Volume,0,776,0.004705,2.31265,0.001184,0.079872,0.358112,0.869216,1150.46,0,0,0
Suite_5,Deferred_Volume,0,777,0.004189,1.18772,0.000384,0.080352,0.34816,2.33187,428.841,0,0,0
Suite_5,Deferred_Volume,0,778,0.004126,0.608069,0,0.079872,0.356416,1.35682,737.02,0,0,0
Suite_5,Deferred_Volume,0,779,0.004214,1.26706,0.000512,0.080992,0.34816,0.725694,1377.99,0,0,0
Suite_5,Deferred_Volume,0,780,0.00395,0.660847,0,0.080224,0.359296,1.28363,779.039,0,0,0
Suite_5,Deferred_Volume,0,781,0.004297,0.712046,0.001152,0.079872,0.352256,0.830216,1204.51,0,0,0
Suite_5,Deferred_Volume,0,782,0.003893,0.705633,0.000512,0.08128,0.352192,0.729369,1371.05,0,0,0
Suite_5,Deferred_Volume,0,783,0.003823,0.725121,0.000512,0.080352,0.357408,0.721884,1385.26,0,0,0
Suite_5,Deferred_Volume,0,784,0.003912,1.35023,0.001248,0.081312,0.362208,0.740667,1350.13,0,0,0
Suite_5,Deferred_Volume,0,785,0.003976,0.690248,0.001472,0.080928,0.358592,1.36742,731.304,0,0,0
Suite_5,Deferred_Volume,0,786,0.004291,2.72188,0.00112,0.079872,0.348544,0.859026,1164.11,0,0,0
Suite_5,Deferred_Volume,0,787,0.004897,0.725164,3.2e-05,0.080256,0.357344,2.73961,365.015,0,0,0
Suite_5,Deferred_Volume,0,788,0.004113,0.700266,0.000512,0.080192,0.374784,0.894313,1118.18,0,0,0
Suite_5,Deferred_Volume,0,789,0.003914,0.748188,0.00016,0.080544,0.357344,0.718717,1391.37,0,0,0
Suite_5,Deferred_Volume,0,790,0.003815,1.32134,0,0.080192,0.350656,0.765268,1306.73,0,0,0
Suite_5,Deferred_Volume,0,791,0.003927,0.601048,0.000544,0.080992,0.380032,1.33748,747.675,0,0,0
Suite_5,Deferred_Volume,0,792,0.004063,0.732838,3.2e-05,0.080256,0.351488,0.718084,1392.59,0,0,0
Suite_5,Deferred_Volume,0,793,0.00393,1.25418,0.00048,0.080256,0.352096,0.750065,1333.22,0,0,0
Suite_5,Deferred_Volume,0,794,0.003913,0.681533,0,0.09408,0.372928,1.2711,786.717,0,0,0
Suite_5,Deferred_Volume,0,795,0.004191,2.27868,0,0.079936,0.351168,0.849863,1176.66,0,0,0
Suite_5,Deferred_Volume,0,796,0.003979,1.17969,0.000512,0.080128,0.349984,2.29507,435.716,0,0,0
Suite_5,Deferred_Volume,0,797,0.004075,0.601644,0.00016,0.080512,0.350208,1.3498,740.849,0,0,0
Suite_5,Deferred_Volume,0,798,0.004129,1.21552,0.000512,0.080192,0.356352,0.77024,1298.3,0,0,0
Suite_5,Deferred_Volume,0,799,0.003996,0.736598,0.001024,0.079872,0.357568,1.23232,811.48,0,0,0
Suite_5,Deferred_Volume,0,800,0.005115,0.694278,0,0.080288,0.35312,0.91236,1096.06,0,0,0
Suite_5,Deferred_Volume,0,801,0.003956,0.704178,0.00048,0.080128,0.3584,0.712991,1402.54,0,0,0
Suite_5,Deferred_Volume,0,802,0.003904,0.726851,3.2e-05,0.080352,0.353568,0.721223,1386.53,0,0,0
Suite_5,Deferred_Volume,0,803,0.00392,1.34747,0.000256,0.08032,0.356224,0.742574,1346.67,0,0,0
Suite_5,Deferred_Volume,0,804,0.004095,0.677666,0.000512,0.080928,0.349728,1.36869,730.623,0,0,0
Suite_5,Deferred_Volume,0,805,0.004587,2.72822,0,0.080096,0.354944,0.848144,1179.05,0,0,0
Suite_5,Deferred_Volume,0,806,0.004888,0.731044,0,0.08016,0.352256,2.74743,363.976,0,0,0
Suite_5,Deferred_Volume,0,807,0.004668,0.698744,0,0.108896,0.38176,0.900221,1110.84,0,0,0
Suite_5,Deferred_Volume,0,808,0.004054,0.804468,0.000512,0.081088,0.360256,0.715341,1397.93,0,0,0
Suite_5,Deferred_Volume,0,809,0.003817,1.28434,0.001024,0.080032,0.352416,0.822193,1216.26,0,0,0
Suite_5,Deferred_Volume,0,810,0.003879,0.600596,0.000512,0.081088,0.351232,1.30143,768.384,0,0,0
Suite_5,Deferred_Volume,0,811,0.004192,1.27897,6.4e-05,0.080128,0.359168,0.717484,1393.76,0,0,0
Suite_5,Deferred_Volume,0,812,0.003916,0.714002,0.000512,0.081216,0.360448,1.29548,771.916,0,0,0
Suite_5,Deferred_Volume,0,813,0.004859,2.25279,0.000512,0.081152,0.351904,0.884776,1130.23,0,0,0
Suite_5,Deferred_Volume,0,814,0.004443,1.25855,0.00128,0.079872,0.3504,2.27142,440.252,0,0,0
Suite_5,Deferred_Volume,0,815,0.004298,0.611421,0,0.08016,0.384224,1.42743,700.561,0,0,0
Suite_5,Deferred_Volume,0,816,0.004197,0.736066,0.00048,0.080096,0.354304,0.729041,1371.66,0,0,0
Suite_5,Deferred_Volume,0,817,0.003918,1.26334,0.000512,0.081312,0.355616,0.753553,1327.05,0,0,0
Suite_5,Deferred_Volume,0,818,0.004,0.66725,0.000512,0.079872,0.36,1.28064,780.86,0,0,0
Suite_5,Deferred_Volume,0,819,0.004248,0.71227,0,0.080064,0.359744,0.835851,1196.39,0,0,0
Suite_5,Deferred_Volume,0,820,0.003845,0.715716,0.001504,0.079872,0.376832,0.72851,1372.66,0,0,0
Suite_5,Deferred_Volume,0,821,0.003893,0.779379,3.2e-05,0.080192,0.352608,0.733633,1363.08,0,0,0
Suite_5,Deferred_Volume,0,822,0.003975,1.29561,0.001056,0.079872,0.356768,0.796235,1255.91,0,0,0
Suite_5,Deferred_Volume,0,823,0.003882,0.679565,0,0.079872,0.349952,1.31173,762.352,0,0,0
Suite_5,Deferred_Volume,0,824,0.004305,2.72761,0.000192,0.080448,0.353184,0.847254,1180.28,0,0,0
Suite_5,Deferred_Volume,0,825,0.004344,0.718725,0.000448,0.080192,0.354208,2.74643,364.11,0,0,0
Suite_5,Deferred_Volume,0,826,0.004284,0.720922,0,0.079904,0.352032,0.888604,1125.36,0,0,0
Suite_5,Deferred_Volume,0,827,0.003922,1.3473,0.000512,0.081184,0.366464,0.737182,1356.52,0,0,0
Suite_5,Deferred_Volume,0,828,0.003891,0.60809,0.001216,0.079872,0.354208,1.36334,733.495,0,0,0
Suite_5,Deferred_Volume,0,829,0.004137,0.719025,0.00048,0.080576,0.352256,0.777256,1286.58,0,0,0
Suite_5,Deferred_Volume,0,830,0.003923,1.26361,0,0.079936,0.359008,0.736194,1358.34,0,0,0
Suite_5,Deferred_Volume,0,831,0.003858,0.688488,0,0.079936,0.377632,1.27994,781.288,0,0,0
Suite_5,Deferred_Volume,0,832,0.004846,2.32957,0.000512,0.080672,0.361632,0.856992,1166.87,0,0,0
Suite_5,Deferred_Volume,0,833,0.005192,1.1783,0,0.080032,0.35008,2.35952,423.814,0,0,0
Suite_5,Deferred_Volume,0,834,0.004176,0.605326,0.001504,0.108544,0.385504,1.34933,741.107,0,0,0
Suite_5,Deferred_Volume,0,835,0.004107,0.730148,0,0.080064,0.357184,0.723294,1382.56,0,0,0
Suite_5,Deferred_Volume,0,836,0.003956,1.26524,0.00048,0.08128,0.360448,0.746246,1340.04,0,0,0
Suite_5,Deferred_Volume,0,837,0.00394,0.642515,0.00112,0.079872,0.352576,1.28339,779.185,0,0,0
Suite_5,Deferred_Volume,0,838,0.004347,0.70317,0.001248,0.079872,0.353728,0.845446,1182.81,0,0,0
Suite_5,Deferred_Volume,0,839,0.003874,0.729555,0,0.080096,0.362112,0.719671,1389.52,0,0,0
Suite_5,Deferred_Volume,0,840,0.003919,1.32694,0,0.08,0.359104,0.745413,1341.54,0,0,0
Suite_5,Deferred_Volume,0,841,0.003945,0.684857,0.000512,0.079872,0.3584,1.34848,741.577,0,0,0
Suite_5,Deferred_Volume,0,842,0.004728,2.72853,0.001088,0.079872,0.351712,0.854239,1170.63,0,0,0
Suite_5,Deferred_Volume,0,843,0.004256,0.723632,0.000192,0.080288,0.360832,2.7469,364.046,0,0,0
Suite_5,Deferred_Volume,0,844,0.004164,0.72165,0.000288,0.080064,0.374784,0.891949,1121.14,0,0,0
Suite_5,Deferred_Volume,0,845,0.003906,0.73461,3.2e-05,0.079872,0.35088,0.739112,1352.97,0,0,0
Suite_5,Deferred_Volume,0,846,0.008014,1.32053,0,0.080096,0.350496,0.751393,1330.86,0,0,0
Suite_5,Deferred_Volume,0,847,0.003902,0.601125,6.4e-05,0.080256,0.368576,1.34084,745.8,0,0,0
Suite_5,Deferred_Volume,0,848,0.004373,0.715991,0.00048,0.08096,0.352256,0.769343,1299.81,0,0,0
Suite_5,Deferred_Volume,0,849,0.003941,1.259,0.000512,0.081216,0.356256,0.7339,1362.58,0,0,0
Suite_5,Deferred_Volume,0,850,0.003853,0.683242,0.001344,0.09904,0.376416,1.27607,783.659,0,0,0
Suite_5,Deferred_Volume,0,851,0.004395,2.29187,0.000512,0.080256,0.357792,0.851111,1174.93,0,0,0
Suite_5,Deferred_Volume,0,852,0.004175,1.18389,0,0.079968,0.352768,2.30854,433.175,0,0,0
Suite_5,Deferred_Volume,0,853,0.004362,0.606319,0.000448,0.080128,0.356352,1.35404,738.53,0,0,0
Suite_5,Deferred_Volume,0,854,0.004222,1.22125,0.00144,0.079872,0.351968,0.775249,1289.91,0,0,0
Suite_5,Deferred_Volume,0,855,0.003905,0.725484,0,0.079872,0.354688,1.23776,807.911,0,0,0
Suite_5,Deferred_Volume,0,856,0.004746,0.706623,3.2e-05,0.07984,0.353056,0.893829,1118.78,0,0,0
Suite_5,Deferred_Volume,0,857,0.003985,0.700543,9.6e-05,0.080448,0.358496,0.724869,1379.56,0,0,0
Suite_5,Deferred_Volume,0,858,0.003864,0.728136,0.00048,0.081056,0.358016,0.717406,1393.91,0,0,0
Suite_5,Deferred_Volume,0,859,0.003813,1.36329,0,0.08032,0.352288,0.744278,1343.58,0,0,0
Suite_5,Deferred_Volume,0,860,0.003993,0.678608,0.000512,0.08096,0.357632,1.37946,724.923,0,0,0
Suite_5,Deferred_Volume,0,861,0.004448,2.7226,0.001504,0.081344,0.352192,0.852633,1172.84,0,0,0
Suite_5,Deferred_Volume,0,862,0.005239,0.71677,0.000512,0.081088,0.352256,2.74407,364.422,0,0,0
Suite_5,Deferred_Volume,0,863,0.004212,0.697859,0,0.106496,0.382432,0.886673,1127.81,0,0,0
Suite_5,Deferred_Volume,0,864,0.003986,0.811874,6.4e-05,0.080544,0.359744,0.714349,1399.88,0,0,0
Suite_5,Deferred_Volume,0,865,0.004081,1.27585,0.000512,0.080928,0.361632,0.829198,1205.98,0,0,0
Suite_5,Deferred_Volume,0,866,0.003908,0.605835,0.000384,0.08032,0.353696,1.29292,773.443,0,0,0
Suite_5,Deferred_Volume,0,867,0.004255,1.21183,0,0.080352,0.349088,0.796235,1255.91,0,0,0
Suite_5,Deferred_Volume,0,868,0.003947,0.682825,0.00032,0.080064,0.350208,1.22861,813.925,0,0,0
Suite_5,Deferred_Volume,0,869,0.005011,2.26756,9.6e-05,0.080544,0.353024,0.855113,1169.44,0,0,0
Suite_5,Deferred_Volume,0,870,0.004725,1.25369,0.001216,0.079872,0.350304,2.29974,434.832,0,0,0
Suite_5,Deferred_Volume,0,871,0.004329,0.601609,0.000224,0.08016,0.377888,1.42281,702.834,0,0,0
Suite_5,Deferred_Volume,0,872,0.004239,0.723612,0,0.080032,0.351072,0.719186,1390.46,0,0,0
Suite_5,Deferred_Volume,0,873,0.004031,1.25938,0,0.079936,0.354688,0.741312,1348.96,0,0,0
Suite_5,Deferred_Volume,0,874,0.003904,0.672696,0.00048,0.079872,0.352128,1.27669,783.275,0,0,0
Suite_5,Deferred_Volume,0,875,0.00403,0.703152,6.4e-05,0.080192,0.357248,0.840304,1190.05,0,0,0
Suite_5,Deferred_Volume,0,876,0.00396,0.711497,0.000128,0.080192,0.379488,0.719526,1389.8,0,0,0
Suite_5,Deferred_Volume,0,877,0.004071,0.77404,0,0.079872,0.3552,0.729029,1371.69,0,0,0
Suite_5,Deferred_Volume,0,878,0.00394,1.29877,0.00016,0.080224,0.356256,0.791037,1264.16,0,0,0
Suite_5,Deferred_Volume,0,879,0.003876,0.684096,0.001088,0.079872,0.35776,1.3148,760.57,0,0,0
Suite_5,Deferred_Volume,0,880,0.00471,2.72419,0,0.080256,0.356288,0.855208,1169.31,0,0,0
Suite_5,Deferred_Volume,0,881,0.004726,0.727727,0,0.080192,0.35616,2.74431,364.39,0,0,0
Suite_5,Deferred_Volume,0,882,0.004198,0.726842,0.000768,0.08096,0.364544,0.897366,1114.37,0,0,0
Suite_5,Deferred_Volume,0,883,0.003975,1.36057,0.001024,0.079872,0.351456,0.743088,1345.74,0,0,0
Suite_5,Deferred_Volume,0,884,0.003864,0.602705,0,0.079968,0.344416,1.37662,726.419,0,0,0
Suite_5,Deferred_Volume,0,885,0.004253,0.710275,0.000512,0.079872,0.354336,0.722122,1384.81,0,0,0
Suite_5,Deferred_Volume,0,886,0.004074,1.26239,0,0.08,0.35088,0.727448,1374.67,0,0,0
Suite_5,Deferred_Volume,0,887,0.004019,0.685923,0.001152,0.079872,0.373376,1.27852,782.156,0,0,0
Suite_5,Deferred_Volume,0,888,0.004841,2.2876,0,0.080064,0.35328,0.854916,1169.71,0,0,0
Suite_5,Deferred_Volume,0,889,0.004926,1.22757,0,0.08032,0.356352,2.30823,433.232,0,0,0
Suite_5,Deferred_Volume,0,890,0.00445,0.600671,0.000192,0.106496,0.380704,1.40147,713.538,0,0,0
Suite_5,Deferred_Volume,0,891,0.004209,0.727837,0,0.080096,0.350112,0.718985,1390.85,0,0,0
Suite_5,Deferred_Volume,0,892,0.003952,1.25301,0.000512,0.081248,0.354304,0.744194,1343.74,0,0,0
Suite_5,Deferred_Volume,0,893,0.003936,0.66986,0.00128,0.079872,0.354304,1.27024,787.25,0,0,0
Suite_5,Deferred_Volume,0,894,0.004125,0.701701,0.000416,0.080352,0.357376,0.838527,1192.57,0,0,0
Suite_5,Deferred_Volume,0,895,0.003846,0.710759,9.6e-05,0.107072,0.38544,0.718059,1392.64,0,0,0
Suite_5,Deferred_Volume,0,896,0.003944,0.803554,0.001216,0.079872,0.360896,0.726529,1376.41,0,0,0
Suite_5,Deferred_Volume,0,897,0.003814,1.2783,0.000512,0.08128,0.357728,0.820635,1218.57,0,0,0
Suite_5,Deferred_Volume,0,898,0.003978,0.704822,0.000512,0.08032,0.3584,1.2954,771.965,0,0,0
Suite_5,Deferred_Volume,0,899,0.004465,2.71404,0.001184,0.079872,0.362592,0.873096,1145.35,0,0,0
Suite_5,Deferred_Volume,0,900,0.004688,0.729507,0.00048,0.081344,0.352256,2.73215,366.012,0,0,0
Suite_5,Deferred_Volume,0,901,0.004171,0.724011,0.001152,0.079872,0.354496,0.900537,1110.45,0,0,0
Suite_5,Deferred_Volume,0,902,0.003812,1.34215,0.001216,0.079872,0.3504,0.741011,1349.51,0,0,0
Suite_5,Deferred_Volume,0,903,0.00383,0.600487,0.00144,0.079872,0.374816,1.35851,736.099,0,0,0
Suite_5,Deferred_Volume,0,904,0.004026,0.72903,0.000512,0.08112,0.357888,0.7174,1393.92,0,0,0
Suite_5,Deferred_Volume,0,905,0.003875,1.258,0.000384,0.080128,0.354304,0.746286,1339.97,0,0,0
Suite_5,Deferred_Volume,0,906,0.003843,0.689521,0.001056,0.090112,0.3792,1.27469,784.506,0,0,0
Suite_5,Deferred_Volume,0,907,0.004141,2.29313,0.001376,0.079872,0.351648,0.857242,1166.53,0,0,0
Suite_5,Deferred_Volume,0,908,0.00392,1.18178,0.001184,0.079872,0.349632,2.30944,433.005,0,0,0
Suite_5,Deferred_Volume,0,909,0.004269,0.613884,0,0.080288,0.348928,1.3512,740.081,0,0,0
Suite_5,Deferred_Volume,0,910,0.004131,1.20913,0,0.080192,0.351072,0.782905,1277.29,0,0,0
Suite_5,Deferred_Volume,0,911,0.003976,0.728781,0.001024,0.079872,0.348192,1.2255,815.995,0,0,0
Suite_5,Deferred_Volume,0,912,0.004651,0.694795,0.001504,0.079872,0.358528,0.898112,1113.45,0,0,0
Suite_5,Deferred_Volume,0,913,0.003846,0.708222,0.00048,0.081024,0.358208,0.712576,1403.36,0,0,0
Suite_5,Deferred_Volume,0,914,0.003779,0.729237,0.001152,0.079872,0.356448,0.724791,1379.71,0,0,0
Suite_5,Deferred_Volume,0,915,0.003839,1.34811,0.000544,0.081024,0.3496,0.74479,1342.66,0,0,0
Suite_5,Deferred_Volume,0,916,0.003859,0.676509,0.001216,0.079872,0.348224,1.36399,733.144,0,0,0
Suite_5,Deferred_Volume,0,917,0.004309,2.72154,0.000224,0.080352,0.356352,0.846443,1181.41,0,0,0
Suite_5,Deferred_Volume,0,918,0.004679,0.719835,0.00048,0.080224,0.356352,2.74492,364.309,0,0,0
Suite_5,Deferred_Volume,0,919,0.007986,0.703238,0.000352,0.080352,0.37888,0.889164,1124.65,0,0,0
Suite_5,Deferred_Volume,0,920,0.003881,0.785624,0.000512,0.081184,0.36,0.724232,1380.77,0,0,0
Suite_5,Deferred_Volume,0,921,0.003879,1.29274,0,0.079872,0.350464,0.803312,1244.85,0,0,0
Suite_5,Deferred_Volume,0,922,0.00421,0.615007,0.001056,0.095872,0.380672,1.3109,762.834,0,0,0
Suite_5,Deferred_Volume,0,923,0.004427,0.725858,0.00128,0.079872,0.354272,0.73327,1363.75,0,0,0
Suite_5,Deferred_Volume,0,924,0.003878,1.26016,0,0.080032,0.356832,0.742368,1347.04,0,0,0
Suite_5,Deferred_Volume,0,925,0.003857,0.684255,0,0.080224,0.359296,1.27751,782.775,0,0,0
Suite_5,Deferred_Volume,0,926,0.004359,2.26643,0.000256,0.079936,0.35312,0.853708,1171.36,0,0,0
Suite_5,Deferred_Volume,0,927,0.004214,1.18175,0,0.079968,0.348608,2.2832,437.982,0,0,0
Suite_5,Deferred_Volume,0,928,0.004139,0.601868,0.000224,0.080288,0.354016,1.34973,740.886,0,0,0
Suite_5,Deferred_Volume,0,929,0.004093,1.23033,0,0.080224,0.358272,0.77085,1297.27,0,0,0
Suite_5,Deferred_Volume,0,930,0.003993,0.732467,0.000512,0.080928,0.3584,1.24747,801.626,0,0,0
Suite_5,Deferred_Volume,0,931,0.004381,0.705311,0,0.080064,0.355136,0.901819,1108.87,0,0,0
Suite_5,Deferred_Volume,0,932,0.003991,0.711066,0,0.080352,0.352096,0.722188,1384.68,0,0,0
Suite_5,Deferred_Volume,0,933,0.003806,0.729641,0.00144,0.080896,0.354336,0.729172,1371.42,0,0,0
Suite_5,Deferred_Volume,0,934,0.003896,1.34369,0.000512,0.081504,0.352256,0.746475,1339.63,0,0,0
Suite_5,Deferred_Volume,0,935,0.004421,0.671498,0,0.080192,0.351232,1.36059,734.973,0,0,0
Suite_5,Deferred_Volume,0,936,0.004486,2.7242,0.00048,0.080096,0.362496,0.840196,1190.2,0,0,0
Suite_5,Deferred_Volume,0,937,0.004806,0.737649,0.00048,0.081216,0.34816,2.74408,364.421,0,0,0
Suite_5,Deferred_Volume,0,938,0.004311,0.69199,0.00048,0.08048,0.358112,0.90768,1101.71,0,0,0
Suite_5,Deferred_Volume,0,939,0.003818,1.33806,0.00048,0.081056,0.354304,0.707924,1412.58,0,0,0
Suite_5,Deferred_Volume,0,940,0.003849,0.603291,9.6e-05,0.079968,0.352256,1.35421,738.437,0,0,0
Suite_5,Deferred_Volume,0,941,0.004141,0.710579,0,0.079872,0.35824,0.721814,1385.4,0,0,0
Suite_5,Deferred_Volume,0,942,0.003941,1.26848,0.001216,0.079872,0.354176,0.727806,1373.99,0,0,0
Suite_5,Deferred_Volume,0,943,0.003953,0.686313,0,0.079936,0.355008,1.28471,778.388,0,0,0
Suite_5,Deferred_Volume,0,944,0.005012,2.2891,0.000512,0.080448,0.3584,0.854741,1169.95,0,0,0
Suite_5,Deferred_Volume,0,945,0.004778,1.2489,0.000256,0.080224,0.356352,2.31225,432.478,0,0,0
Suite_5,Deferred_Volume,0,946,0.004143,0.609672,0,0.079872,0.373568,1.41902,704.709,0,0,0
Suite_5,Deferred_Volume,0,947,0.004411,0.71526,0,0.08032,0.358464,0.739098,1353,0,0,0
Suite_5,Deferred_Volume,0,948,0.003947,1.26867,0.001184,0.079872,0.35232,0.731701,1366.68,0,0,0
Suite_5,Deferred_Volume,0,949,0.004061,0.672796,0.000128,0.080384,0.351136,1.28685,777.09,0,0,0
Suite_5,Deferred_Volume,0,950,0.004341,0.698151,6.4e-05,0.08048,0.348608,0.841871,1187.83,0,0,0
Suite_5,Deferred_Volume,0,951,0.003874,0.700534,0,0.08016,0.379328,0.714494,1399.59,0,0,0
Suite_5,Deferred_Volume,0,952,0.003883,0.789624,3.2e-05,0.080352,0.362496,0.716306,1396.05,0,0,0
Suite_5,Deferred_Volume,0,953,0.003899,1.29066,0,0.079872,0.348576,0.806701,1239.62,0,0,0
Suite_5,Deferred_Volume,0,954,0.004069,0.691189,0,0.079872,0.352704,1.30765,764.73,0,0,0
Suite_5,Deferred_Volume,0,955,0.004489,2.6952,0.000512,0.080992,0.34992,0.859396,1163.61,0,0,0
Suite_5,Deferred_Volume,0,956,0.004306,0.730701,0.00048,0.08048,0.355712,2.71298,368.599,0,0,0
Suite_5,Deferred_Volume,0,957,0.004344,0.71357,0.000512,0.081088,0.354304,0.900451,1110.55,0,0,0
Suite_5,Deferred_Volume,0,958,0.003869,1.34736,0.001344,0.081088,0.353952,0.730684,1368.58,0,0,0
Suite_5,Deferred_Volume,0,959,0.00397,0.598722,0.001824,0.080992,0.35008,1.3635,733.408,0,0,0
Suite_5,Deferred_Volume,0,960,0.004086,0.725382,0.000512,0.081056,0.355424,0.766269,1305.02,0,0,0
Suite_5,Deferred_Volume,0,961,0.003859,1.25845,0,0.079872,0.350688,0.742689,1346.46,0,0,0
Suite_5,Deferred_Volume,0,962,0.003835,0.681225,0.000128,0.080352,0.386816,1.27548,784.019,0,0,0
Suite_5,Deferred_Volume,0,963,0.004594,2.35017,0.000512,0.080224,0.3584,0.849587,1177.04,0,0,0
Suite_5,Deferred_Volume,0,964,0.00431,1.19424,0.000512,0.081024,0.346112,2.36744,422.397,0,0,0
Suite_5,Deferred_Volume,0,965,0.00429,0.601661,0.0016,0.079872,0.352064,1.36468,732.77,0,0,0
Suite_5,Deferred_Volume,0,966,0.004085,1.25751,0.001088,0.079872,0.351872,0.720047,1388.8,0,0,0
Suite_5,Deferred_Volume,0,967,0.003899,0.67084,0,0.080256,0.353024,1.27419,784.811,0,0,0
Suite_5,Deferred_Volume,0,968,0.004228,0.704397,0.00016,0.080352,0.351136,0.838894,1192.05,0,0,0
Suite_5,Deferred_Volume,0,969,0.003944,0.70219,0.000448,0.0816,0.349856,0.722151,1384.75,0,0,0
Suite_5,Deferred_Volume,0,970,0.00386,0.713856,0,0.079872,0.356352,0.719044,1390.74,0,0,0
Suite_5,Deferred_Volume,0,971,0.003815,1.33101,9.6e-05,0.080288,0.356352,0.729416,1370.96,0,0,0
Suite_5,Deferred_Volume,0,972,0.003942,0.688366,0.00032,0.080448,0.354304,1.3471,742.333,0,0,0
Suite_5,Deferred_Volume,0,973,0.004299,2.72673,0.000512,0.08096,0.355968,0.857824,1165.74,0,0,0
Suite_5,Deferred_Volume,0,974,0.007669,0.715596,0.000416,0.080544,0.34816,2.76577,361.562,0,0,0
Suite_5,Deferred_Volume,0,975,0.006698,0.681694,0.001344,0.079872,0.384128,0.917985,1089.34,0,0,0
Suite_5,Deferred_Volume,0,976,0.004645,0.746543,0,0.079872,0.358944,0.70308,1422.31,0,0,0
Suite_5,Deferred_Volume,0,977,0.004467,1.33126,0.000768,0.081184,0.359552,0.766809,1304.11,0,0,0
Suite_5,Deferred_Volume,0,978,0.004238,0.606858,0,0.079872,0.363488,1.35034,740.553,0,0,0
Suite_5,Deferred_Volume,0,979,0.004391,0.734654,0.000512,0.081344,0.3496,0.726605,1376.26,0,0,0
Suite_5,Deferred_Volume,0,980,0.004123,1.25184,0.000512,0.080256,0.352256,0.75196,1329.86,0,0,0
Suite_5,Deferred_Volume,0,981,0.004006,0.682814,0.000416,0.099008,0.378336,1.2717,786.348,0,0,0
Suite_5,Deferred_Volume,0,982,0.00458,2.30046,0.000512,0.080928,0.362496,0.852414,1173.14,0,0,0
Suite_5,Deferred_Volume,0,983,0.004147,1.19046,0.001344,0.079872,0.35616,2.31809,431.389,0,0,0
Suite_5,Deferred_Volume,0,984,0.004182,0.643436,0.000512,0.081504,0.3584,1.35919,735.732,0,0,0
Suite_5,Deferred_Volume,0,985,0.004382,1.24843,0.000448,0.080192,0.356352,0.763023,1310.58,0,0,0
Suite_5,Deferred_Volume,0,986,0.004123,0.719691,0.000512,0.08032,0.350208,1.26665,789.483,0,0,0
Suite_5,Deferred_Volume,0,987,0.00539,0.699784,0.001472,0.08112,0.351296,0.902943,1107.49,0,0,0
Suite_5,Deferred_Volume,0,988,0.004073,0.701084,0.000512,0.080896,0.352256,0.718393,1392,0,0,0
Suite_5,Deferred_Volume,0,989,0.004046,0.722197,0.00144,0.079872,0.35984,0.719415,1390.02,0,0,0
Suite_5,Deferred_Volume,0,990,0.004018,1.35469,0.00112,0.079872,0.356736,0.740112,1351.15,0,0,0
Suite_5,Deferred_Volume,0,991,0.003971,0.68353,0.000512,0.081088,0.350208,1.37122,729.278,0,0,0
Suite_5,Deferred_Volume,0,992,0.004743,2.72617,0.000192,0.08048,0.362496,0.852153,1173.5,0,0,0
Suite_5,Deferred_Volume,0,993,0.005368,0.712764,0.001376,0.079872,0.352224,2.75928,362.414,0,0,0
Suite_5,Deferred_Volume,0,994,0.004352,0.725541,0.000288,0.10736,0.380928,0.883883,1131.37,0,0,0
Suite_5,Deferred_Volume,0,995,0.004238,0.79123,0.001376,0.079872,0.352384,0.742948,1345.99,0,0,0
Suite_5,Deferred_Volume,0,996,0.004119,1.26668,0.000512,0.080288,0.346112,0.807886,1237.8,0,0,0
Suite_5,Deferred_Volume,0,997,0.004146,0.63151,0,0.080224,0.35312,1.28613,777.525,0,0,0
Suite_5,Deferred_Volume,0,998,0.004302,1.23473,0.000288,0.080096,0.350208,0.747008,1338.67,0,0,0
Suite_5,Deferred_Volume,0,999,0.004121,0.676883,0,0.080192,0.354176,1.25195,798.756,0,0,0
Suite_5,Deferred_Volume,0,1000,0.016639,2.25131,0.000512,0.079872,0.3544,0.851356,1174.6,0,0,0
Suite_5,Forward,1,1,0.004397,0.566948,0,0.067584,0.333152,1.70945,584.984,0,0,0
Suite_5,Forward,1,2,0.003884,1.24317,0,0.065536,0.360448,0.582641,1716.32,0,0,0
Suite_5,Forward,1,3,0.004549,0.592837,0,0.067616,0.36256,1.32105,756.972,0,0,0
Suite_5,Forward,1,4,0.004591,2.24384,0,0.066848,0.370464,0.913683,1094.47,0,0,0
Suite_5,Forward,1,5,0.004402,0.586014,0,0.065536,0.391072,2.26409,441.678,0,0,0
Suite_5,Forward,1,6,0.004205,0.728217,0,0.065568,0.35824,0.957637,1044.24,0,0,0
Suite_5,Forward,1,7,0.004158,1.3234,0,0.065632,0.362304,0.794951,1257.94,0,0,0
Suite_5,Forward,1,8,0.004134,0.916651,0,0.067936,0.362496,1.33945,746.575,0,0,0
Suite_5,Forward,1,9,0.004273,0.587118,0,0.068672,0.362496,1.33828,747.228,0,0,0
Suite_5,Forward,1,10,0.005072,2.1654,0,0.063296,0.378464,0.948655,1054.12,0,0,0
Suite_5,Forward,1,11,0.005171,0.597459,0,0.066496,0.358752,2.23446,447.536,0,0,0
Suite_5,Forward,1,12,0.004237,1.25726,0,0.067424,0.366464,0.968042,1033.01,0,0,0
Suite_5,Forward,1,13,0.004453,0.919077,0,0.067584,0.362496,1.33165,750.946,0,0,0
Suite_5,Forward,1,14,0.004162,0.588672,0,0.067232,0.364608,1.34027,746.119,0,0,0
Suite_5,Forward,1,15,0.004309,2.27604,0,0.063488,0.357888,0.907608,1101.8,0,0,0
Suite_5,Forward,1,16,0.004161,0.591672,0,0.063552,0.35856,2.2933,436.053,0,0,0
Suite_5,Forward,1,17,0.004502,1.23813,0,0.066368,0.360448,0.977021,1023.52,0,0,0
Suite_5,Forward,1,18,0.004241,0.915909,0,0.066624,0.365056,1.3062,765.581,0,0,0
Suite_5,Forward,1,19,0.004091,0.579496,0,0.067584,0.367808,1.33548,748.793,0,0,0
Suite_5,Forward,1,20,0.004234,2.17729,0,0.06352,0.3584,0.948858,1053.9,0,0,0
Suite_5,Forward,1,21,0.005131,0.599313,0,0.063648,0.363872,2.24695,445.047,0,0,0
Suite_5,Forward,1,22,0.004173,1.15978,0,0.067584,0.368192,1.00578,994.248,0,0,0
Suite_5,Forward,1,23,0.004346,0.985711,0,0.067584,0.366528,1.27723,782.947,0,0,0
Suite_5,Forward,1,24,0.004431,0.592813,0,0.067136,0.36224,1.34136,745.513,0,0,0
Suite_5,Forward,1,25,0.004368,2.16349,0,0.062848,0.360576,0.963984,1037.36,0,0,0
Suite_5,Forward,1,26,0.004496,0.587613,0,0.063744,0.382752,2.23231,447.966,0,0,0
Suite_5,Forward,1,27,0.004263,1.28336,0,0.066912,0.363136,0.957331,1044.57,0,0,0
Suite_5,Forward,1,28,0.004137,0.888615,0,0.065536,0.359968,1.35011,740.679,0,0,0
Suite_5,Forward,1,29,0.004323,0.581856,0,0.06784,0.364096,1.3448,743.607,0,0,0
Suite_5,Forward,1,30,0.004326,2.26255,0,0.064416,0.35888,0.902321,1108.25,0,0,0
Suite_5,Forward,1,31,0.004517,0.587454,0,0.064832,0.376832,2.28019,438.559,0,0,0
Suite_5,Forward,1,32,0.00441,1.28822,0,0.067104,0.361216,0.961155,1040.41,0,0,0
Suite_5,Forward,1,33,0.0041,0.891223,0,0.066816,0.358976,1.3565,737.19,0,0,0
Suite_5,Forward,1,34,0.004355,0.590619,0,0.066048,0.358528,1.33772,747.54,0,0,0
Suite_5,Forward,1,35,0.004568,2.25948,0,0.06624,0.365216,0.910018,1098.88,0,0,0
Suite_5,Forward,1,36,0.00437,0.587786,0,0.063488,0.361344,2.2768,439.212,0,0,0
Suite_5,Forward,1,37,0.004295,0.699163,0,0.067104,0.37264,0.958927,1042.83,0,0,0
Suite_5,Forward,1,38,0.004136,1.34124,0,0.067008,0.3584,0.76679,1304.14,0,0,0
Suite_5,Forward,1,39,0.004083,0.920447,0,0.06928,0.365056,1.3569,736.974,0,0,0
Suite_5,Forward,1,40,0.004128,0.600513,0,0.067072,0.363648,1.3399,746.322,0,0,0
Suite_5,Forward,1,41,0.004966,2.29267,0,0.063488,0.378784,0.927826,1077.79,0,0,0
Suite_5,Forward,1,42,0.004357,0.578866,0,0.0672,0.369568,2.31122,432.672,0,0,0
Suite_5,Forward,1,43,0.004182,1.24279,0,0.065728,0.364064,0.948756,1054.01,0,0,0
Suite_5,Forward,1,44,0.004086,0.920565,0,0.065984,0.358944,1.30922,763.814,0,0,0
Suite_5,Forward,1,45,0.004156,0.591073,0,0.06944,0.366592,1.34271,744.764,0,0,0
Suite_5,Forward,1,46,0.004283,2.26747,0,0.063808,0.385024,0.910847,1097.88,0,0,0
Suite_5,Forward,1,47,0.006215,0.617034,0,0.065536,0.3584,2.2878,437.101,0,0,0
Suite_5,Forward,1,48,0.004348,1.24934,0,0.067584,0.365856,0.98835,1011.79,0,0,0
Suite_5,Forward,1,49,0.00429,0.952333,0,0.06768,0.36864,1.31804,758.703,0,0,0
Suite_5,Forward,1,50,0.004269,0.582213,0,0.067232,0.363808,1.32639,753.924,0,0,0
Suite_5,Forward,1,51,0.004238,2.18001,0,0.063264,0.353344,0.951463,1051.01,0,0,0
Suite_5,Forward,1,52,0.004847,0.588291,0,0.067776,0.388384,2.24781,444.877,0,0,0
Suite_5,Forward,1,53,0.004107,1.27231,0,0.067424,0.366592,0.960063,1041.6,0,0,0
Suite_5,Forward,1,54,0.004124,0.936483,0,0.066432,0.360384,1.33966,746.458,0,0,0
Suite_5,Forward,1,55,0.004346,0.580822,0,0.067456,0.363328,1.34106,745.68,0,0,0
Suite_5,Forward,1,56,0.004366,2.28731,0,0.063488,0.356832,0.899813,1111.34,0,0,0
Suite_5,Forward,1,57,0.004355,0.600206,0,0.09216,0.388992,2.30645,433.566,0,0,0
Suite_5,Forward,1,58,0.004214,1.27237,0,0.067584,0.3656,0.970924,1029.95,0,0,0
Suite_5,Forward,1,59,0.004114,0.922356,0,0.069088,0.370688,1.33915,746.741,0,0,0
Suite_5,Forward,1,60,0.004339,0.59592,0,0.06816,0.360992,1.3465,742.665,0,0,0
Suite_5,Forward,1,61,0.005118,2.25297,0,0.063488,0.354272,0.9329,1071.93,0,0,0
Suite_5,Forward,1,62,0.004551,0.597254,0,0.064096,0.383008,2.27284,439.979,0,0,0
Suite_5,Forward,1,63,0.004243,1.26859,0,0.067584,0.3624,0.967317,1033.79,0,0,0
Suite_5,Forward,1,64,0.00431,0.913466,0,0.069152,0.370944,1.33496,749.087,0,0,0
Suite_5,Forward,1,65,0.004289,0.57511,0,0.068032,0.364544,1.33458,749.302,0,0,0
Suite_5,Forward,1,66,0.004331,2.26328,0,0.064128,0.3584,0.91561,1092.17,0,0,0
Suite_5,Forward,1,67,0.004589,0.612074,0,0.06432,0.379776,2.27977,438.641,0,0,0
Suite_5,Forward,1,68,0.004243,1.25305,0,0.06928,0.363744,0.98198,1018.35,0,0,0
Suite_5,Forward,1,69,0.004157,0.916266,0,0.065792,0.362784,1.32082,757.104,0,0,0
Suite_5,Forward,1,70,0.004111,0.575407,0,0.06768,0.360608,1.33671,748.105,0,0,0
Suite_5,Forward,1,71,0.004547,2.19173,0,0.06752,0.36064,0.921165,1085.58,0,0,0
Suite_5,Forward,1,72,0.004427,0.587683,0,0.08832,0.3872,2.25908,442.658,0,0,0
Suite_5,Forward,1,73,0.004334,0.720416,0,0.067456,0.372576,0.956323,1045.67,0,0,0
Suite_5,Forward,1,74,0.004747,1.33591,0,0.067456,0.362496,0.789344,1266.87,0,0,0
Suite_5,Forward,1,75,0.004108,0.908959,0,0.066112,0.365184,1.35238,739.434,0,0,0
Suite_5,Forward,1,76,0.004316,0.580493,0,0.067456,0.362208,1.3438,744.157,0,0,0
Suite_5,Forward,1,77,0.004718,2.20432,0,0.063712,0.376832,0.953153,1049.15,0,0,0
Suite_5,Forward,1,78,0.004634,0.590162,0,0.067328,0.3664,2.27351,439.848,0,0,0
Suite_5,Forward,1,79,0.004312,1.33024,0,0.065728,0.359104,0.909453,1099.56,0,0,0
Suite_5,Forward,1,80,0.003975,0.899618,0,0.067712,0.36288,1.34609,742.891,0,0,0
Suite_5,Forward,1,81,0.004148,0.583561,0,0.067424,0.36128,1.33892,746.872,0,0,0
Suite_5,Forward,1,82,0.00419,2.14758,0,0.063648,0.384512,0.953924,1048.3,0,0,0
Suite_5,Forward,1,83,0.0043,0.600792,0,0.067584,0.366816,2.21461,451.548,0,0,0
Suite_5,Forward,1,84,0.004051,1.17692,0,0.066912,0.36064,1.02066,979.762,0,0,0
Suite_5,Forward,1,85,0.004275,0.959972,0,0.067584,0.366592,1.29522,772.073,0,0,0
Suite_5,Forward,1,86,0.004118,0.748491,0,0.078112,0.368832,1.33051,751.59,0,0,0
Suite_5,Forward,1,87,0.004334,2.26072,0,0.06384,0.36144,0.915901,1091.82,0,0,0
Suite_5,Forward,1,88,0.004631,0.594988,0,0.072096,0.37312,2.27859,438.868,0,0,0
Suite_5,Forward,1,89,0.004331,1.25848,0,0.06576,0.368928,0.970851,1030.02,0,0,0
Suite_5,Forward,1,90,0.004128,0.925796,0,0.066528,0.360448,1.32634,753.953,0,0,0
Suite_5,Forward,1,91,0.004417,0.576422,0,0.067424,0.360096,1.34584,743.029,0,0,0
Suite_5,Forward,1,92,0.004356,2.19903,0,0.063488,0.358624,0.932275,1072.64,0,0,0
Suite_5,Forward,1,93,0.00486,0.58866,0,0.08704,0.37968,2.27558,439.448,0,0,0
Suite_5,Forward,1,94,0.004406,1.28165,0,0.06736,0.359872,0.94129,1062.37,0,0,0
Suite_5,Forward,1,95,0.004254,0.914825,0,0.068032,0.364544,1.34829,741.682,0,0,0
Suite_5,Forward,1,96,0.004324,0.581145,0,0.067744,0.370176,1.33449,749.351,0,0,0
Suite_5,Forward,1,97,0.004567,2.21516,0,0.06512,0.361984,0.955578,1046.49,0,0,0
Suite_5,Forward,1,98,0.004842,0.583753,0,0.063392,0.364544,2.28385,437.857,0,0,0
Suite_5,Forward,1,99,0.004186,1.25669,0,0.06784,0.366592,0.967443,1033.65,0,0,0
Suite_5,Forward,1,100,0.004336,0.922863,0,0.06656,0.360448,1.32313,755.782,0,0,0
Suite_5,Forward,1,101,0.004156,0.579243,0,0.067264,0.36128,1.34401,744.04,0,0,0
Suite_5,Forward,1,102,0.004248,2.18184,0,0.06208,0.360448,0.949677,1052.99,0,0,0
Suite_5,Forward,1,103,0.005064,0.582818,0,0.063168,0.377408,2.24929,444.585,0,0,0
Suite_5,Forward,1,104,0.00432,1.2629,0,0.06752,0.3608,0.971761,1029.06,0,0,0
Suite_5,Forward,1,105,0.004381,0.929952,0,0.065536,0.357152,1.3311,751.256,0,0,0
Suite_5,Forward,1,106,0.004233,0.583906,0,0.069088,0.36864,1.3366,748.166,0,0,0
Suite_5,Forward,1,107,0.00435,2.26965,0,0.06736,0.363488,0.902826,1107.63,0,0,0
Suite_5,Forward,1,108,0.004335,0.586904,0,0.089088,0.3824,2.28652,437.345,0,0,0
Suite_5,Forward,1,109,0.004208,0.712779,0,0.067072,0.360352,0.958352,1043.46,0,0,0
Suite_5,Forward,1,110,0.00415,1.32431,0,0.066624,0.364544,0.780106,1281.88,0,0,0
Suite_5,Forward,1,111,0.003926,0.91639,0,0.068832,0.366144,1.33979,746.383,0,0,0
Suite_5,Forward,1,112,0.004263,0.583109,0,0.067264,0.369152,1.33562,748.716,0,0,0
Suite_5,Forward,1,113,0.004679,2.24668,0,0.064192,0.376512,0.948371,1054.44,0,0,0
Suite_5,Forward,1,114,0.004226,0.583946,0,0.066976,0.363904,2.31507,431.953,0,0,0
Suite_5,Forward,1,115,0.004186,1.31726,0,0.069632,0.373568,0.902594,1107.92,0,0,0
Suite_5,Forward,1,116,0.003927,0.577047,0,0.066016,0.357664,1.33273,750.338,0,0,0
Suite_5,Forward,1,117,0.004163,0.759092,0,0.067488,0.362304,0.80304,1245.27,0,0,0
Suite_5,Forward,1,118,0.003809,1.32184,0,0.067904,0.368608,0.775951,1288.74,0,0,0
Suite_5,Forward,1,119,0.004058,0.581557,0,0.060192,0.355808,1.33732,747.765,0,0,0
Suite_5,Forward,1,120,0.004265,2.31248,0,0.067936,0.364896,0.950625,1051.94,0,0,0
Suite_5,Forward,1,121,0.004513,1.46634,0,0.066208,0.362496,2.38056,420.07,0,0,0
Suite_5,Forward,1,122,0.004783,0.571039,0,0.066848,0.357376,1.91667,521.739,0,0,0
Suite_5,Forward,1,123,0.004068,0.748123,0,0.068064,0.369536,0.789421,1266.75,0,0,0
Suite_5,Forward,1,124,0.004111,0.874711,0,0.067712,0.363072,0.764243,1308.48,0,0,0
Suite_5,Forward,1,125,0.004217,0.743269,0,0.063488,0.360032,0.899956,1111.17,0,0,0
Suite_5,Forward,1,126,0.003955,0.76832,0,0.091104,0.38896,0.760249,1315.36,0,0,0
Suite_5,Forward,1,127,0.004175,1.33974,0,0.067584,0.360704,0.783483,1276.35,0,0,0
Suite_5,Forward,1,128,0.004122,0.930437,0,0.069376,0.368736,1.35517,737.913,0,0,0
Suite_5,Forward,1,129,0.00418,0.587691,0,0.066016,0.372736,1.33729,747.782,0,0,0
Suite_5,Forward,1,130,0.004353,2.18503,0,0.063488,0.354208,0.958602,1043.19,0,0,0
Suite_5,Forward,1,131,0.004843,0.592209,0,0.063488,0.380384,2.25316,443.821,0,0,0
Suite_5,Forward,1,132,0.00437,1.26747,0,0.067424,0.360448,0.962471,1038.99,0,0,0
Suite_5,Forward,1,133,0.004135,0.912657,0,0.067584,0.360768,1.33573,748.657,0,0,0
Suite_5,Forward,1,134,0.004306,0.582078,0,0.067584,0.366592,1.33375,749.766,0,0,0
Suite_5,Forward,1,135,0.004651,2.17924,0,0.064128,0.364256,0.951669,1050.79,0,0,0
Suite_5,Forward,1,136,0.004861,0.592517,0,0.06384,0.383136,2.24754,444.932,0,0,0
Suite_5,Forward,1,137,0.004189,1.2926,0,0.0664,0.363968,0.96445,1036.86,0,0,0
Suite_5,Forward,1,138,0.004112,0.910757,0,0.067488,0.362912,1.36001,735.286,0,0,0
Suite_5,Forward,1,139,0.004077,0.57482,0,0.06864,0.37248,1.34121,745.593,0,0,0
Suite_5,Forward,1,140,0.004268,2.19097,0,0.068416,0.364224,0.936722,1067.55,0,0,0
Suite_5,Forward,1,141,0.005263,0.607217,0,0.088192,0.379712,2.26807,440.904,0,0,0
Suite_5,Forward,1,142,0.004456,0.709387,0,0.066112,0.360256,0.979653,1020.77,0,0,0
Suite_5,Forward,1,143,0.004159,1.32282,0,0.065824,0.35872,0.776339,1288.1,0,0,0
Suite_5,Forward,1,144,0.003921,0.918049,0,0.065984,0.367456,1.33885,746.909,0,0,0
Suite_5,Forward,1,145,0.004061,0.586589,0,0.067168,0.36864,1.33918,746.727,0,0,0
Suite_5,Forward,1,146,0.004695,2.21969,0,0.064224,0.377536,0.961988,1039.51,0,0,0
Suite_5,Forward,1,147,0.004174,0.585121,0,0.066048,0.366784,2.28714,437.227,0,0,0
Suite_5,Forward,1,148,0.004097,1.24212,0,0.067584,0.36208,0.943825,1059.52,0,0,0
Suite_5,Forward,1,149,0.004125,0.915777,0,0.06784,0.365408,1.3101,763.303,0,0,0
Suite_5,Forward,1,150,0.004092,0.611606,0,0.066432,0.368576,1.33632,748.323,0,0,0
Suite_5,Forward,1,151,0.004488,2.26103,0,0.063552,0.377312,0.930722,1074.43,0,0,0
Suite_5,Forward,1,152,0.006454,0.670598,0,0.067328,0.359968,2.28343,437.938,0,0,0
Suite_5,Forward,1,153,0.006885,1.26464,0,0.066016,0.359904,1.00841,991.659,0,0,0
Suite_5,Forward,1,154,0.004648,1.0141,0,0.067424,0.3648,1.28612,777.529,0,0,0
Suite_5,Forward,1,155,0.004353,0.584063,0,0.068416,0.374144,1.33015,751.792,0,0,0
Suite_5,Forward,1,156,0.004433,2.17994,0,0.063584,0.356032,0.953892,1048.34,0,0,0
Suite_5,Forward,1,157,0.004763,0.596298,0,0.065984,0.363072,2.25693,443.079,0,0,0
Suite_5,Forward,1,158,0.004189,1.24332,0,0.067296,0.361568,0.967451,1033.64,0,0,0
Suite_5,Forward,1,159,0.004235,0.947083,0,0.067072,0.359648,1.30979,763.481,0,0,0
Suite_5,Forward,1,160,0.004312,0.598232,0,0.067584,0.3632,1.33764,747.584,0,0,0
Suite_5,Forward,1,161,0.004597,2.25751,0,0.062816,0.356352,0.919088,1088.04,0,0,0
Suite_5,Forward,1,162,0.004683,0.599105,0,0.067072,0.358176,2.27678,439.216,0,0,0
Suite_5,Forward,1,163,0.004454,1.26167,0,0.066208,0.366016,0.969163,1031.82,0,0,0
Suite_5,Forward,1,164,0.004362,0.947522,0,0.067392,0.359424,1.32874,752.595,0,0,0
Suite_5,Forward,1,165,0.004453,0.58269,0,0.066336,0.36944,1.34179,745.274,0,0,0
Suite_5,Forward,1,166,0.004836,2.27539,0,0.063488,0.3584,0.905175,1104.76,0,0,0
Suite_5,Forward,1,167,0.004545,0.586043,0,0.088064,0.385152,2.29303,436.105,0,0,0
Suite_5,Forward,1,168,0.004212,1.28848,0,0.066944,0.362752,0.955832,1046.21,0,0,0
Suite_5,Forward,1,169,0.00415,0.917316,0,0.067584,0.37296,1.35624,737.334,0,0,0
Suite_5,Forward,1,170,0.004125,0.577821,0,0.067456,0.362496,1.3381,747.331,0,0,0
Suite_5,Forward,1,171,0.004489,2.1831,0,0.064864,0.356352,0.950531,1052.04,0,0,0
Suite_5,Forward,1,172,0.004853,0.587804,0,0.064512,0.380928,2.25095,444.258,0,0,0
Suite_5,Forward,1,173,0.004181,1.27778,0,0.066016,0.358656,0.964699,1036.59,0,0,0
Suite_5,Forward,1,174,0.004402,0.911132,0,0.06704,0.36,1.33758,747.619,0,0,0
Suite_5,Forward,1,175,0.004132,0.579626,0,0.06912,0.368544,1.33071,751.48,0,0,0
Suite_5,Forward,1,176,0.004695,2.17251,0,0.066912,0.362752,0.948997,1053.74,0,0,0
Suite_5,Forward,1,177,0.0046,0.585984,0,0.065504,0.38464,2.2419,446.05,0,0,0
Suite_5,Forward,1,178,0.004219,1.28367,0,0.06832,0.364768,0.982166,1018.16,0,0,0
Suite_5,Forward,1,179,0.004099,0.920027,0,0.066144,0.36528,1.35014,740.663,0,0,0
Suite_5,Forward,1,180,0.004243,0.588158,0,0.067584,0.361664,1.33928,746.668,0,0,0
Suite_5,Forward,1,181,0.004522,2.16708,0,0.066816,0.361216,0.958917,1042.84,0,0,0
Suite_5,Forward,1,182,0.005268,0.593076,0,0.06224,0.356352,2.23671,447.086,0,0,0
Suite_5,Forward,1,183,0.004222,0.699971,0,0.067584,0.362496,0.949242,1053.47,0,0,0
Suite_5,Forward,1,184,0.004018,1.32451,0,0.067424,0.35952,0.766167,1305.2,0,0,0
Suite_5,Forward,1,185,0.004069,0.920576,0,0.066176,0.359264,1.34148,745.447,0,0,0
Suite_5,Forward,1,186,0.004164,0.589337,0,0.067744,0.366592,1.33483,749.157,0,0,0
Suite_5,Forward,1,187,0.00467,2.3105,0,0.06544,0.38,0.909283,1099.77,0,0,0
Suite_5,Forward,1,188,0.00397,0.577869,0,0.066208,0.363776,2.32667,429.799,0,0,0
Suite_5,Forward,1,189,0.004264,1.23846,0,0.0656,0.362496,0.955432,1046.65,0,0,0
Suite_5,Forward,1,190,0.004121,0.964147,0,0.067072,0.36864,1.30606,765.664,0,0,0
Suite_5,Forward,1,191,0.004197,0.576386,0,0.066048,0.36864,1.33325,750.045,0,0,0
Suite_5,Forward,1,192,0.004499,2.18629,0,0.065664,0.380928,0.941428,1062.22,0,0,0
Suite_5,Forward,1,193,0.004839,0.604224,0,0.067584,0.3648,2.25545,443.37,0,0,0
Suite_5,Forward,1,194,0.004321,1.17055,0,0.067168,0.36864,1.0257,974.941,0,0,0
Suite_5,Forward,1,195,0.004113,0.977317,0,0.067584,0.366624,1.28724,776.857,0,0,0
Suite_5,Forward,1,196,0.004352,0.574215,0,0.0696,0.375008,1.34629,742.782,0,0,0
Suite_5,Forward,1,197,0.004493,2.25443,0,0.06192,0.356352,0.925056,1081.02,0,0,0
Suite_5,Forward,1,198,0.007869,0.683852,0,0.073984,0.373504,2.3498,425.568,0,0,0
Suite_5,Forward,1,199,0.004778,1.32137,0,0.06672,0.360448,0.908658,1100.52,0,0,0
Suite_5,Forward,1,200,0.00437,0.968994,0,0.067328,0.366592,1.33878,746.948,0,0,0
Suite_5,Forward,1,201,0.004504,0.602931,0,0.06608,0.365856,1.34075,745.851,0,0,0
Suite_5,Forward,1,202,0.004746,2.25117,0,0.063456,0.35872,0.923372,1082.99,0,0,0
Suite_5,Forward,1,203,0.004929,0.591167,0,0.088384,0.38624,2.28826,437.013,0,0,0
Suite_5,Forward,1,204,0.004526,1.25258,0,0.067584,0.3632,0.960435,1041.19,0,0,0
Suite_5,Forward,1,205,0.004294,0.96233,0,0.06752,0.369824,1.33144,751.064,0,0,0
Suite_5,Forward,1,206,0.004351,0.603221,0,0.06656,0.368128,1.33323,750.056,0,0,0
Suite_5,Forward,1,207,0.004472,2.25472,0,0.063488,0.353728,0.922692,1083.79,0,0,0
Suite_5,Forward,1,208,0.016442,0.592798,0,0.065536,0.382048,2.27145,440.248,0,0,0
Suite_5,Forward,1,209,0.004391,1.2496,0,0.066496,0.359424,0.979963,1020.45,0,0,0
Suite_5,Forward,1,210,0.004239,0.965838,0,0.067232,0.362656,1.31711,759.239,0,0,0
Suite_5,Forward,1,211,0.004218,0.59382,0,0.06704,0.360864,1.33803,747.367,0,0,0
Suite_5,Forward,1,212,0.004449,2.24852,0,0.063488,0.3584,0.925504,1080.49,0,0,0
Suite_5,Forward,1,213,0.004913,0.598657,0,0.065216,0.373568,2.26831,440.857,0,0,0
Suite_5,Forward,1,214,0.004288,1.32194,0,0.065984,0.3584,0.946228,1056.83,0,0,0
Suite_5,Forward,1,215,0.004175,0.949857,0,0.067104,0.361856,1.33858,747.06,0,0,0
Suite_5,Forward,1,216,0.00433,0.602448,0,0.067328,0.361376,1.3331,750.131,0,0,0
Suite_5,Forward,1,217,0.004648,2.23651,0,0.068032,0.368864,0.923508,1082.83,0,0,0
Suite_5,Forward,1,218,0.016262,0.615856,0,0.063456,0.35504,2.25453,443.551,0,0,0
Suite_5,Forward,1,219,0.004233,0.679895,0,0.06752,0.360896,0.997933,1002.07,0,0,0
Suite_5,Forward,1,220,0.004165,1.33066,0,0.067008,0.364544,0.746355,1339.84,0,0,0
Suite_5,Forward,1,221,0.004,0.914659,0,0.065664,0.362848,1.35433,738.371,0,0,0
Suite_5,Forward,1,222,0.004355,0.615708,0,0.067584,0.360448,1.33525,748.922,0,0,0
Suite_5,Forward,1,223,0.004867,2.27986,0,0.064128,0.380928,0.936546,1067.75,0,0,0
Suite_5,Forward,1,224,0.004192,0.622385,0,0.067648,0.362784,2.29671,435.405,0,0,0
Suite_5,Forward,1,225,0.004463,1.32216,0,0.065536,0.364416,0.917638,1089.75,0,0,0
Suite_5,Forward,1,226,0.004016,0.972058,0,0.067136,0.366528,1.33908,746.779,0,0,0
Suite_5,Forward,1,227,0.00424,0.601111,0,0.067616,0.362496,1.34139,745.495,0,0,0
Suite_5,Forward,1,228,0.004645,2.25682,0,0.064704,0.38608,0.920756,1086.06,0,0,0
Suite_5,Forward,1,229,0.004845,0.621931,0,0.066976,0.368768,2.2765,439.271,0,0,0
Suite_5,Forward,1,230,0.004248,1.24242,0,0.065792,0.36208,0.99845,1001.55,0,0,0
Suite_5,Forward,1,231,0.004409,0.965537,0,0.068832,0.372736,1.31324,761.477,0,0,0
Suite_5,Forward,1,232,0.00435,0.623046,0,0.06608,0.360704,1.33502,749.05,0,0,0
Suite_5,Forward,1,233,0.005021,2.24652,0,0.063456,0.352256,0.944162,1059.14,0,0,0
Suite_5,Forward,1,234,0.016755,0.620023,0,0.073728,0.368768,2.26498,441.506,0,0,0
Suite_5,Forward,1,235,0.004316,1.3092,0,0.065824,0.358368,0.952648,1049.71,0,0,0
Suite_5,Forward,1,236,0.004211,0.944152,0,0.067616,0.364928,1.32548,754.442,0,0,0
Suite_5,Forward,1,237,0.004465,0.606673,0,0.067904,0.364544,1.33676,748.076,0,0,0
Suite_5,Forward,1,238,0.00445,2.24918,0,0.063488,0.3584,0.927129,1078.6,0,0,0
Suite_5,Forward,1,239,0.004344,0.625608,0,0.090176,0.395264,2.26608,441.29,0,0,0
Suite_5,Forward,1,240,0.004357,1.34389,0,0.067584,0.365728,0.965112,1036.15,0,0,0
Suite_5,Forward,1,241,0.004115,0.912309,0,0.066112,0.363264,1.36125,734.617,0,0,0
Suite_5,Forward,1,242,0.004357,0.599927,0,0.067296,0.364224,1.33634,748.31,0,0,0
Suite_5,Forward,1,243,0.004767,2.26137,0,0.063584,0.3536,0.919194,1087.91,0,0,0
Suite_5,Forward,1,244,0.016301,0.592405,0,0.06464,0.377152,2.27929,438.732,0,0,0
Suite_5,Forward,1,245,0.00418,1.32853,0,0.066752,0.36864,0.949715,1052.95,0,0,0
Suite_5,Forward,1,246,0.004171,0.917445,0,0.067552,0.36128,1.34546,743.239,0,0,0
Suite_5,Forward,1,247,0.004338,0.601383,0,0.068704,0.360448,1.33911,746.767,0,0,0
Suite_5,Forward,1,248,0.004412,2.25752,0,0.065536,0.362912,0.90331,1107.04,0,0,0
Suite_5,Forward,1,249,0.016366,0.590078,0,0.063488,0.376512,2.27689,439.196,0,0,0
Suite_5,Forward,1,250,0.004384,1.26132,0,0.069504,0.368192,0.972694,1028.07,0,0,0
Suite_5,Forward,1,251,0.004269,0.923254,0,0.067232,0.362592,1.32819,752.906,0,0,0
Suite_5,Forward,1,252,0.004314,0.601113,0,0.067552,0.361536,1.34312,744.536,0,0,0
Suite_5,Forward,1,253,0.005055,2.22517,0,0.066048,0.361472,0.944944,1058.26,0,0,0
Suite_5,Forward,1,254,0.016616,0.604018,0,0.063168,0.3632,2.24457,445.519,0,0,0
Suite_5,Forward,1,255,0.032826,0.742013,0,0.066464,0.360352,0.942742,1060.74,0,0,0
Suite_5,Forward,1,256,0.004061,1.32556,0,0.067584,0.366592,0.786429,1271.57,0,0,0
Suite_5,Forward,1,257,0.004067,0.95371,0,0.068736,0.367392,1.34289,744.665,0,0,0
Suite_5,Forward,1,258,0.004331,0.605431,0,0.06704,0.368,1.34366,744.239,0,0,0
Suite_5,Forward,1,259,0.004767,2.29806,0,0.063488,0.375168,0.940745,1062.99,0,0,0
Suite_5,Forward,1,260,0.004448,0.616036,0,0.066496,0.362528,2.31571,431.832,0,0,0
Suite_5,Forward,1,261,0.009476,1.28595,0,0.065984,0.358624,0.937181,1067.03,0,0,0
Suite_5,Forward,1,262,0.004098,0.998504,0,0.067584,0.373472,1.30788,764.593,0,0,0
Suite_5,Forward,1,263,0.004343,0.604063,0,0.067584,0.362496,1.3318,750.861,0,0,0
Suite_5,Forward,1,264,0.004695,2.27246,0,0.06512,0.391616,0.923321,1083.05,0,0,0
Suite_5,Forward,1,265,0.00473,0.641591,0,0.06624,0.362752,2.30371,434.083,0,0,0
Suite_5,Forward,1,266,0.004211,1.31686,0,0.065536,0.365984,0.962602,1038.85,0,0,0
Suite_5,Forward,1,267,0.004081,0.976027,0,0.06736,0.361248,1.33305,750.16,0,0,0
Suite_5,Forward,1,268,0.004303,0.595566,0,0.067072,0.360544,1.34427,743.899,0,0,0
Suite_5,Forward,1,269,0.004811,2.23882,0,0.063488,0.354656,0.9171,1090.39,0,0,0
Suite_5,Forward,1,270,0.016272,0.623546,0,0.073728,0.364864,2.2574,442.988,0,0,0
Suite_5,Forward,1,271,0.004261,1.31535,0,0.066848,0.360448,0.955101,1047.01,0,0,0
Suite_5,Forward,1,272,0.004848,0.959175,0,0.065728,0.368064,1.33407,749.588,0,0,0
Suite_5,Forward,1,273,0.004333,0.59745,0,0.065888,0.368832,1.33162,750.967,0,0,0
Suite_5,Forward,1,274,0.004595,2.26332,0,0.063776,0.362464,0.920522,1086.34,0,0,0
Suite_5,Forward,1,275,0.016007,0.591267,0,0.088064,0.387072,2.28089,438.425,0,0,0
Suite_5,Forward,1,276,0.004288,1.27283,0,0.067584,0.361408,0.972528,1028.25,0,0,0
Suite_5,Forward,1,277,0.004225,0.966252,0,0.067168,0.37248,1.34089,745.775,0,0,0
Suite_5,Forward,1,278,0.004243,0.608041,0,0.067168,0.366592,1.33672,748.098,0,0,0
Suite_5,Forward,1,279,0.00447,2.26308,0,0.063488,0.360064,0.915089,1092.79,0,0,0
Suite_5,Forward,1,280,0.015922,0.591881,0,0.063776,0.377888,2.28049,438.502,0,0,0
Suite_5,Forward,1,281,0.004447,1.25003,0,0.067072,0.360448,0.975279,1025.35,0,0,0
Suite_5,Forward,1,282,0.004253,0.917679,0,0.0672,0.360768,1.32138,756.783,0,0,0
Suite_5,Forward,1,283,0.004078,0.598014,0,0.067936,0.359968,1.3374,747.717,0,0,0
Suite_5,Forward,1,284,0.004707,2.26417,0,0.06432,0.362304,0.916961,1090.56,0,0,0
Suite_5,Forward,1,285,0.004936,0.598669,0,0.063424,0.375648,2.30219,434.368,0,0,0
Suite_5,Forward,1,286,0.00423,1.33698,0,0.06736,0.363712,0.921643,1085.02,0,0,0
Suite_5,Forward,1,287,0.004173,0.915798,0,0.067232,0.360448,1.35301,739.093,0,0,0
Suite_5,Forward,1,288,0.004169,0.588601,0,0.067136,0.36272,1.34733,742.21,0,0,0
Suite_5,Forward,1,289,0.004534,2.25622,0,0.06688,0.362912,0.921455,1085.24,0,0,0
Suite_5,Forward,1,290,0.004843,0.621626,0,0.090112,0.381504,2.2749,439.579,0,0,0
Suite_5,Forward,1,291,0.00421,0.728426,0,0.067584,0.36352,1.00308,996.929,0,0,0
Suite_5,Forward,1,292,0.004306,1.29387,0,0.066912,0.365952,0.794887,1258.04,0,0,0
Suite_5,Forward,1,293,0.004136,0.940158,0,0.068704,0.372736,1.31123,762.644,0,0,0
Suite_5,Forward,1,294,0.00423,0.608185,0,0.067584,0.365056,1.34234,744.968,0,0,0
Suite_5,Forward,1,295,0.00496,2.29712,0,0.065536,0.386592,0.940351,1063.43,0,0,0
Suite_5,Forward,1,296,0.004137,0.651091,0,0.067936,0.364576,2.31398,432.157,0,0,0
Suite_5,Forward,1,297,0.004683,1.32509,0,0.067104,0.364608,0.921735,1084.91,0,0,0
Suite_5,Forward,1,298,0.004254,0.967074,0,0.068928,0.371008,1.34297,744.618,0,0,0
Suite_5,Forward,1,299,0.004183,0.599501,0,0.065888,0.362496,1.33635,748.309,0,0,0
Suite_5,Forward,1,300,0.004744,2.19805,0,0.064672,0.384096,0.951012,1051.51,0,0,0
Suite_5,Forward,1,301,0.005117,0.64136,0,0.067328,0.360448,2.28199,438.214,0,0,0
Suite_5,Forward,1,302,0.006699,1.20729,0,0.068128,0.366496,0.997804,1002.2,0,0,0
Suite_5,Forward,1,303,0.004631,1.02353,0,0.067424,0.362432,1.27844,782.202,0,0,0
Suite_5,Forward,1,304,0.004468,0.590833,0,0.0672,0.362688,1.34339,744.388,0,0,0
Suite_5,Forward,1,305,0.004476,2.23647,0,0.064928,0.3584,0.931291,1073.78,0,0,0
Suite_5,Forward,1,306,0.005141,0.588972,0,0.065536,0.366592,2.25517,443.425,0,0,0
Suite_5,Forward,1,307,0.004397,1.27189,0,0.06656,0.360448,0.956936,1045,0,0,0
Suite_5,Forward,1,308,0.004341,0.912604,0,0.069248,0.363168,1.33889,746.89,0,0,0
Suite_5,Forward,1,309,0.004279,0.586759,0,0.06768,0.364544,1.3343,749.458,0,0,0
Suite_5,Forward,1,310,0.004542,2.17107,0,0.065536,0.3584,0.957476,1044.41,0,0,0
Suite_5,Forward,1,311,0.004609,0.587204,0,0.072384,0.365248,2.23875,446.677,0,0,0
Suite_5,Forward,1,312,0.004534,1.25677,0,0.067296,0.364544,0.971818,1029,0,0,0
Suite_5,Forward,1,313,0.004153,0.916426,0,0.069568,0.373472,1.32531,754.538,0,0,0
Suite_5,Forward,1,314,0.004188,0.5816,0,0.067136,0.360448,1.33701,747.938,0,0,0
Suite_5,Forward,1,315,0.004502,2.1834,0,0.063488,0.354304,0.951022,1051.5,0,0,0
Suite_5,Forward,1,316,0.004912,0.580009,0,0.068256,0.372736,2.25563,443.335,0,0,0
Suite_5,Forward,1,317,0.004361,1.25584,0,0.067584,0.373856,0.957973,1043.87,0,0,0
Suite_5,Forward,1,318,0.004458,0.944007,0,0.06736,0.36864,1.32402,755.273,0,0,0
Suite_5,Forward,1,319,0.004315,0.57994,0,0.067744,0.364448,1.36091,734.805,0,0,0
Suite_5,Forward,1,320,0.004266,2.26037,0,0.063488,0.354304,0.898422,1113.06,0,0,0
Suite_5,Forward,1,321,0.004563,0.586226,0,0.064992,0.383136,2.27833,438.919,0,0,0
Suite_5,Forward,1,322,0.004168,1.28841,0,0.066272,0.366624,0.957057,1044.87,0,0,0
Suite_5,Forward,1,323,0.004144,0.940093,0,0.06576,0.358784,1.3546,738.227,0,0,0
Suite_5,Forward,1,324,0.004181,0.584162,0,0.067424,0.35936,1.3413,745.544,0,0,0
Suite_5,Forward,1,325,0.00472,2.14826,0,0.068352,0.364384,0.954521,1047.65,0,0,0
Suite_5,Forward,1,326,0.004531,0.58876,0,0.065504,0.358464,2.23203,448.023,0,0,0
Suite_5,Forward,1,327,0.00434,0.715871,0,0.067616,0.365888,0.959824,1041.86,0,0,0
Suite_5,Forward,1,328,0.004423,1.3197,0,0.067168,0.369824,0.782841,1277.4,0,0,0
Suite_5,Forward,1,329,0.004015,0.924714,0,0.067232,0.360448,1.33715,747.859,0,0,0
Suite_5,Forward,1,330,0.004251,0.581698,0,0.065536,0.359712,1.34532,743.317,0,0,0
Suite_5,Forward,1,331,0.00482,2.21982,0,0.06464,0.37888,0.939562,1064.33,0,0,0
Suite_5,Forward,1,332,0.004345,0.586471,0,0.065792,0.364,2.28696,437.261,0,0,0
Suite_5,Forward,1,333,0.004376,1.31334,0,0.065536,0.3584,0.925891,1080.04,0,0,0
Suite_5,Forward,1,334,0.003995,0.910234,0,0.067584,0.362272,1.33009,751.829,0,0,0
Suite_5,Forward,1,335,0.00431,0.579798,0,0.066432,0.362496,1.32954,752.142,0,0,0
Suite_5,Forward,1,336,0.004238,2.17424,0,0.064416,0.380768,0.948979,1053.76,0,0,0
Suite_5,Forward,1,337,0.00511,0.595788,0,0.066368,0.364064,2.24254,445.923,0,0,0
Suite_5,Forward,1,338,0.004453,1.19823,0,0.068608,0.365792,0.990796,1009.29,0,0,0
Suite_5,Forward,1,339,0.004148,0.931357,0,0.0696,0.3728,1.31548,760.179,0,0,0
Suite_5,Forward,1,340,0.004307,0.579128,0,0.065536,0.358496,1.34292,744.647,0,0,0
Suite_5,Forward,1,341,0.00465,2.17234,0,0.064064,0.358912,0.949946,1052.69,0,0,0
Suite_5,Forward,1,342,0.004496,0.597593,0,0.06704,0.360448,2.24114,446.2,0,0,0
Suite_5,Forward,1,343,0.004152,1.26377,0,0.067296,0.365568,0.966876,1034.26,0,0,0
Suite_5,Forward,1,344,0.004229,0.920954,0,0.067552,0.360448,1.32983,751.976,0,0,0
Suite_5,Forward,1,345,0.004084,0.611984,0,0.0688,0.364544,1.34933,741.107,0,0,0
Suite_5,Forward,1,346,0.004586,2.18783,0,0.06352,0.359936,0.932224,1072.7,0,0,0
Suite_5,Forward,1,347,0.006051,0.610796,0,0.071328,0.380928,2.2528,443.893,0,0,0
Suite_5,Forward,1,348,0.004357,1.25332,0,0.066592,0.361888,0.983301,1016.98,0,0,0
Suite_5,Forward,1,349,0.004193,0.910859,0,0.068096,0.367328,1.32897,752.46,0,0,0
Suite_5,Forward,1,350,0.004243,0.584395,0,0.066144,0.358656,1.32905,752.42,0,0,0
Suite_5,Forward,1,351,0.004335,2.18445,0,0.064384,0.364288,0.94105,1062.64,0,0,0
Suite_5,Forward,1,352,0.005053,0.600262,0,0.090592,0.38528,2.25265,443.922,0,0,0
Suite_5,Forward,1,353,0.00436,1.2675,0,0.06656,0.362432,0.971892,1028.92,0,0,0
Suite_5,Forward,1,354,0.004132,0.918342,0,0.067008,0.358624,1.33495,749.09,0,0,0
Suite_5,Forward,1,355,0.004311,0.607375,0,0.06608,0.359168,1.33806,747.349,0,0,0
Suite_5,Forward,1,356,0.004988,2.21435,0,0.063296,0.355104,0.943697,1059.66,0,0,0
Suite_5,Forward,1,357,0.004703,0.5853,0,0.064672,0.389376,2.23347,447.733,0,0,0
Suite_5,Forward,1,358,0.004374,1.22918,0,0.067456,0.361312,0.982146,1018.18,0,0,0
Suite_5,Forward,1,359,0.004207,0.915215,0,0.067424,0.36048,1.33678,748.066,0,0,0
Suite_5,Forward,1,360,0.004175,0.605601,0,0.066944,0.36448,1.33487,749.136,0,0,0
Suite_5,Forward,1,361,0.004617,2.2477,0,0.069088,0.362432,0.926144,1079.75,0,0,0
Suite_5,Forward,1,362,0.005107,0.592972,0,0.088384,0.381184,2.26648,441.212,0,0,0
Suite_5,Forward,1,363,0.004343,0.71844,0,0.067744,0.364704,0.972502,1028.28,0,0,0
Suite_5,Forward,1,364,0.004134,1.32515,0,0.065952,0.360448,0.784921,1274.01,0,0,0
Suite_5,Forward,1,365,0.00401,0.898268,0,0.067584,0.360448,1.34269,744.774,0,0,0
Suite_5,Forward,1,366,0.004466,0.589229,0,0.065536,0.362496,1.33615,748.417,0,0,0
Suite_5,Forward,1,367,0.004707,2.20643,0,0.06512,0.378464,0.959937,1041.74,0,0,0
Suite_5,Forward,1,368,0.004388,0.586242,0,0.067584,0.372736,2.27364,439.824,0,0,0
Suite_5,Forward,1,369,0.004132,1.2395,0,0.066688,0.362496,0.957406,1044.49,0,0,0
Suite_5,Forward,1,370,0.004327,0.93363,0,0.068608,0.365344,1.30644,765.442,0,0,0
Suite_5,Forward,1,371,0.004352,0.578605,0,0.067552,0.359904,1.33399,749.633,0,0,0
Suite_5,Forward,1,372,0.004387,2.16197,0,0.06416,0.37888,0.947985,1054.87,0,0,0
Suite_5,Forward,1,373,0.004503,0.587163,0,0.067776,0.36256,2.23526,447.376,0,0,0
Suite_5,Forward,1,374,0.004191,1.28421,0,0.065536,0.357984,0.957664,1044.21,0,0,0
Suite_5,Forward,1,375,0.00544,0.930978,0,0.06736,0.3584,1.35427,738.402,0,0,0
Suite_5,Forward,1,376,0.008899,0.664379,0,0.067584,0.362496,1.36111,734.693,0,0,0
Suite_5,Forward,1,377,0.005494,2.21622,0,0.063488,0.353856,0.893598,1119.07,0,0,0
Suite_5,Forward,1,378,0.004879,0.603477,0,0.067744,0.378432,2.23727,446.973,0,0,0
Suite_5,Forward,1,379,0.004571,1.24975,0,0.06864,0.362336,0.975128,1025.51,0,0,0
Suite_5,Forward,1,380,0.004392,0.917176,0,0.06768,0.367296,1.31689,759.363,0,0,0
Suite_5,Forward,1,381,0.004557,0.587813,0,0.067584,0.361504,1.34611,742.879,0,0,0
Suite_5,Forward,1,382,0.004544,2.24156,0,0.064,0.362656,0.923092,1083.32,0,0,0
Suite_5,Forward,1,383,0.00466,0.585467,0,0.067584,0.372736,2.25861,442.751,0,0,0
Suite_5,Forward,1,384,0.004236,1.18074,0,0.065824,0.36864,1.00279,997.222,0,0,0
Suite_5,Forward,1,385,0.004417,0.922238,0,0.068064,0.364544,1.29981,769.346,0,0,0
Suite_5,Forward,1,386,0.004443,0.585566,0,0.065888,0.36112,1.34354,744.301,0,0,0
Suite_5,Forward,1,387,0.004343,2.2748,0,0.063488,0.354304,0.904785,1105.23,0,0,0
Suite_5,Forward,1,388,0.004702,0.582769,0,0.06368,0.365856,2.29164,436.369,0,0,0
Suite_5,Forward,1,389,0.004563,1.26124,0,0.06688,0.3584,0.951118,1051.39,0,0,0
Suite_5,Forward,1,390,0.004302,0.914197,0,0.067168,0.36416,1.32938,752.229,0,0,0
Suite_5,Forward,1,391,0.004444,0.578307,0,0.06816,0.362496,1.33394,749.66,0,0,0
Suite_5,Forward,1,392,0.004391,2.17826,0,0.065536,0.356672,0.947727,1055.16,0,0,0
Suite_5,Forward,1,393,0.00502,0.5895,0,0.063488,0.376736,2.24759,444.92,0,0,0
Suite_5,Forward,1,394,0.004213,1.28495,0,0.067584,0.363872,0.960398,1041.23,0,0,0
Suite_5,Forward,1,395,0.004403,0.933166,0,0.067584,0.362464,1.3517,739.81,0,0,0
Suite_5,Forward,1,396,0.004253,0.581977,0,0.067808,0.364544,1.33521,748.947,0,0,0
Suite_5,Forward,1,397,0.004582,2.16524,0,0.067456,0.369024,0.953165,1049.14,0,0,0
Suite_5,Forward,1,398,0.004837,0.599155,0,0.063584,0.365632,2.23356,447.716,0,0,0
Suite_5,Forward,1,399,0.004224,0.710388,0,0.067392,0.362528,0.96928,1031.69,0,0,0
Suite_5,Forward,1,400,0.004158,1.31745,0,0.067584,0.361888,0.777028,1286.95,0,0,0
Suite_5,Forward,1,401,0.003999,0.916316,0,0.067552,0.363744,1.33438,749.412,0,0,0
Suite_5,Forward,1,402,0.004438,0.589956,0,0.065984,0.359648,1.34099,745.718,0,0,0
Suite_5,Forward,1,403,0.004977,2.21627,0,0.06496,0.375616,0.941113,1062.57,0,0,0
Suite_5,Forward,1,404,0.004374,0.586023,0,0.06704,0.365376,2.28374,437.878,0,0,0
Suite_5,Forward,1,405,0.004263,1.33077,0,0.066912,0.360128,0.90654,1103.1,0,0,0
Suite_5,Forward,1,406,0.004124,0.912061,0,0.067584,0.367136,1.3478,741.95,0,0,0
Suite_5,Forward,1,407,0.004225,0.581687,0,0.0672,0.36128,1.33189,750.814,0,0,0
Suite_5,Forward,1,408,0.004518,2.20024,0,0.063488,0.355904,0.95144,1051.04,0,0,0
Suite_5,Forward,1,409,0.004967,0.586955,0,0.065664,0.364544,2.26936,440.653,0,0,0
Suite_5,Forward,1,410,0.004382,1.27172,0,0.0672,0.3584,0.958427,1043.38,0,0,0
Suite_5,Forward,1,411,0.004359,0.916828,0,0.067584,0.3696,1.33851,747.097,0,0,0
Suite_5,Forward,1,412,0.004192,0.58137,0,0.067584,0.358336,1.33674,748.087,0,0,0
Suite_5,Forward,1,413,0.004397,2.15787,0,0.063168,0.363232,0.958598,1043.19,0,0,0
Suite_5,Forward,1,414,0.00454,0.615051,0,0.067584,0.36864,2.22712,449.01,0,0,0
Suite_5,Forward,1,415,0.004471,1.2504,0,0.066784,0.362304,0.984035,1016.22,0,0,0
Suite_5,Forward,1,416,0.004279,0.917814,0,0.067584,0.366144,1.3175,759.013,0,0,0
Suite_5,Forward,1,417,0.004347,0.581851,0,0.066848,0.36256,1.33895,746.857,0,0,0
Suite_5,Forward,1,418,0.00432,2.17475,0,0.065504,0.354464,0.952177,1050.22,0,0,0
Suite_5,Forward,1,419,0.00442,0.59179,0,0.090112,0.387104,2.24208,446.015,0,0,0
Suite_5,Forward,1,420,0.004469,1.28001,0,0.06672,0.359232,0.961623,1039.91,0,0,0
Suite_5,Forward,1,421,0.005884,0.930828,0,0.067552,0.37088,1.35081,740.295,0,0,0
Suite_5,Forward,1,422,0.004565,0.582363,0,0.069568,0.363616,1.32566,754.341,0,0,0
Suite_5,Forward,1,423,0.00426,2.18488,0,0.063488,0.357888,0.951842,1050.59,0,0,0
Suite_5,Forward,1,424,0.004436,0.590094,0,0.06528,0.371168,2.25254,443.944,0,0,0
Suite_5,Forward,1,425,0.004277,1.25757,0,0.0664,0.361632,0.961221,1040.34,0,0,0
Suite_5,Forward,1,426,0.004163,0.958506,0,0.067584,0.362976,1.32495,754.745,0,0,0
Suite_5,Forward,1,427,0.004349,0.577303,0,0.067584,0.360224,1.34183,745.254,0,0,0
Suite_5,Forward,1,428,0.004518,2.18099,0,0.066144,0.358496,0.942407,1061.11,0,0,0
Suite_5,Forward,1,429,0.005183,0.597335,0,0.06368,0.38272,2.25136,444.177,0,0,0
Suite_5,Forward,1,430,0.00432,1.28937,0,0.06688,0.364928,0.973441,1027.28,0,0,0
Suite_5,Forward,1,431,0.004234,0.918241,0,0.067712,0.3648,1.356,737.462,0,0,0
Suite_5,Forward,1,432,0.004434,0.586669,0,0.066336,0.359968,1.33797,747.401,0,0,0
Suite_5,Forward,1,433,0.004651,2.25315,0,0.066624,0.36064,0.919833,1087.15,0,0,0
Suite_5,Forward,1,434,0.00448,0.59039,0,0.063776,0.360352,2.27099,440.338,0,0,0
Suite_5,Forward,1,435,0.004151,0.712904,0,0.066048,0.358432,0.960598,1041.02,0,0,0
Suite_5,Forward,1,436,0.004376,1.31877,0,0.066784,0.362496,0.764997,1307.19,0,0,0
Suite_5,Forward,1,437,0.004102,0.91957,0,0.0664,0.367872,1.33605,748.476,0,0,0
Suite_5,Forward,1,438,0.004215,0.592313,0,0.065888,0.360704,1.33985,746.353,0,0,0
Suite_5,Forward,1,439,0.005062,2.31574,0,0.064128,0.377824,0.912543,1095.84,0,0,0
Suite_5,Forward,1,440,0.00405,0.583947,0,0.067584,0.370016,2.33228,428.765,0,0,0
Suite_5,Forward,1,441,0.004325,1.32424,0,0.065984,0.364064,0.920304,1086.6,0,0,0
Suite_5,Forward,1,442,0.004235,0.935637,0,0.066144,0.362048,1.34131,745.539,0,0,0
Suite_5,Forward,1,443,0.004444,0.585788,0,0.065888,0.358432,1.33731,747.771,0,0,0
Suite_5,Forward,1,444,0.00438,2.25505,0,0.063488,0.357216,0.904983,1104.99,0,0,0
Suite_5,Forward,1,445,0.004639,0.599351,0,0.067808,0.369952,2.28011,438.575,0,0,0
Suite_5,Forward,1,446,0.004289,1.25707,0,0.065472,0.357504,0.969867,1031.07,0,0,0
Suite_5,Forward,1,447,0.004381,0.911272,0,0.067584,0.362016,1.32349,755.58,0,0,0
Suite_5,Forward,1,448,0.004329,0.57937,0,0.067008,0.364544,1.33399,749.631,0,0,0
Suite_5,Forward,1,449,0.004612,2.17821,0,0.065216,0.36864,0.950407,1052.18,0,0,0
Suite_5,Forward,1,450,0.004864,0.594021,0,0.067968,0.379296,2.24715,445.008,0,0,0
Suite_5,Forward,1,451,0.004368,1.28875,0,0.06768,0.364512,0.963919,1037.43,0,0,0
Suite_5,Forward,1,452,0.004351,0.930544,0,0.067584,0.360448,1.35563,737.665,0,0,0
Suite_5,Forward,1,453,0.004536,0.582306,0,0.065792,0.36832,1.3398,746.379,0,0,0
Suite_5,Forward,1,454,0.004544,2.25029,0,0.064704,0.356608,0.924472,1081.7,0,0,0
Suite_5,Forward,1,455,0.004311,0.587077,0,0.064288,0.370624,2.26689,441.134,0,0,0
Suite_5,Forward,1,456,0.004391,1.2669,0,0.067424,0.360448,0.956731,1045.23,0,0,0
Suite_5,Forward,1,457,0.004204,0.911683,0,0.067424,0.36864,1.33455,749.314,0,0,0
Suite_5,Forward,1,458,0.004297,0.585729,0,0.067104,0.362496,1.3325,750.467,0,0,0
Suite_5,Forward,1,459,0.004831,2.18431,0,0.063488,0.357824,0.948559,1054.23,0,0,0
Suite_5,Forward,1,460,0.004774,0.589972,0,0.065408,0.374784,2.25226,443.999,0,0,0
Suite_5,Forward,1,461,0.004281,1.26568,0,0.067296,0.36416,0.961669,1039.86,0,0,0
Suite_5,Forward,1,462,0.004169,0.919867,0,0.066176,0.366144,1.33336,749.986,0,0,0
Suite_5,Forward,1,463,0.004182,0.573665,0,0.067584,0.360448,1.33953,746.529,0,0,0
Suite_5,Forward,1,464,0.004534,2.17581,0,0.068672,0.361088,0.943034,1060.41,0,0,0
Suite_5,Forward,1,465,0.004718,0.587742,0,0.064704,0.380704,2.24485,445.465,0,0,0
Suite_5,Forward,1,466,0.004206,1.29353,0,0.066304,0.360448,0.979246,1021.19,0,0,0
Suite_5,Forward,1,467,0.004375,0.910572,0,0.067328,0.360448,1.36014,735.217,0,0,0
Suite_5,Forward,1,468,0.0066,0.618539,0,0.066432,0.359424,1.35542,737.779,0,0,0
Suite_5,Forward,1,469,0.004837,2.2545,0,0.067584,0.368768,0.893116,1119.68,0,0,0
Suite_5,Forward,1,470,0.00487,0.596615,0,0.063872,0.378976,2.27339,439.871,0,0,0
Suite_5,Forward,1,471,0.00431,0.718012,0,0.067584,0.368448,0.955089,1047.02,0,0,0
Suite_5,Forward,1,472,0.00427,1.32486,0,0.066656,0.364544,0.785037,1273.83,0,0,0
Suite_5,Forward,1,473,0.004,0.894712,0,0.065536,0.367648,1.34263,744.809,0,0,0
Suite_5,Forward,1,474,0.004291,0.587032,0,0.067264,0.362496,1.34203,745.142,0,0,0
Suite_5,Forward,1,475,0.004719,2.2195,0,0.063616,0.382848,0.957485,1044.4,0,0,0
Suite_5,Forward,1,476,0.004326,0.589757,0,0.069184,0.36544,2.28678,437.296,0,0,0
Suite_5,Forward,1,477,0.004422,1.22846,0,0.067584,0.36288,0.967335,1033.77,0,0,0
Suite_5,Forward,1,478,0.004386,0.963503,0,0.065536,0.362496,1.29657,771.265,0,0,0
Suite_5,Forward,1,479,0.004186,0.579565,0,0.067552,0.359968,1.33328,750.031,0,0,0
Suite_5,Forward,1,480,0.004327,2.17257,0,0.065536,0.368128,0.953218,1049.08,0,0,0
Suite_5,Forward,1,481,0.004641,0.58777,0,0.066912,0.360448,2.24227,445.976,0,0,0
Suite_5,Forward,1,482,0.004267,1.26274,0,0.065568,0.357792,0.958648,1043.14,0,0,0
Suite_5,Forward,1,483,0.004187,0.91511,0,0.068992,0.367296,1.32926,752.299,0,0,0
Suite_5,Forward,1,484,0.004282,0.589322,0,0.067648,0.362816,1.33466,749.252,0,0,0
Suite_5,Forward,1,485,0.004341,2.26189,0,0.065536,0.361984,0.921753,1084.89,0,0,0
Suite_5,Forward,1,486,0.004854,0.588334,0,0.066176,0.362496,2.2801,438.578,0,0,0
Suite_5,Forward,1,487,0.004538,1.18599,0,0.066976,0.362048,0.996023,1003.99,0,0,0
Suite_5,Forward,1,488,0.004195,0.970806,0,0.067584,0.368032,1.29168,774.183,0,0,0
Suite_5,Forward,1,489,0.00433,0.587479,0,0.065536,0.3632,1.34196,745.18,0,0,0
Suite_5,Forward,1,490,0.004707,2.16357,0,0.063488,0.36128,0.958244,1043.58,0,0,0
Suite_5,Forward,1,491,0.005607,0.605326,0,0.073728,0.380928,2.233,447.827,0,0,0
Suite_5,Forward,1,492,0.004488,1.28046,0,0.066432,0.362624,0.956218,1045.79,0,0,0
Suite_5,Forward,1,493,0.004465,0.915237,0,0.067584,0.360448,1.34966,740.925,0,0,0
Suite_5,Forward,1,494,0.004263,0.584152,0,0.066528,0.363712,1.33601,748.497,0,0,0
Suite_5,Forward,1,495,0.005791,2.27246,0,0.063488,0.36368,0.909049,1100.05,0,0,0
Suite_5,Forward,1,496,0.005244,0.604078,0,0.063488,0.367072,2.29962,434.854,0,0,0
Suite_5,Forward,1,497,0.00458,1.22965,0,0.067584,0.366592,0.978244,1022.24,0,0,0
Suite_5,Forward,1,498,0.004271,0.93914,0,0.067552,0.370912,1.2978,770.533,0,0,0
Suite_5,Forward,1,499,0.004371,0.582513,0,0.067584,0.369312,1.34071,745.875,0,0,0
Suite_5,Forward,1,500,0.004245,2.18196,0,0.065536,0.366592,0.951779,1050.66,0,0,0
Suite_5,Forward,1,501,0.004912,0.590998,0,0.063488,0.376832,2.2513,444.188,0,0,0
Suite_5,Forward,1,502,0.004513,1.28672,0,0.066368,0.362496,0.962952,1038.47,0,0,0
Suite_5,Forward,1,503,0.004367,0.899636,0,0.067456,0.36016,1.35359,738.779,0,0,0
Suite_5,Forward,1,504,0.004495,0.594576,0,0.066496,0.365952,1.33649,748.229,0,0,0
Suite_5,Forward,1,505,0.004363,2.25699,0,0.067616,0.370688,0.915164,1092.7,0,0,0
Suite_5,Forward,1,506,0.004358,0.589849,0,0.064928,0.37104,2.27479,439.6,0,0,0
Suite_5,Forward,1,507,0.004219,0.716998,0,0.067584,0.372736,0.959503,1042.21,0,0,0
Suite_5,Forward,1,508,0.004135,1.32879,0,0.065504,0.366208,0.78304,1277.07,0,0,0
Suite_5,Forward,1,509,0.004043,0.914305,0,0.065536,0.362496,1.35353,738.807,0,0,0
Suite_5,Forward,1,510,0.004158,0.596619,0,0.067712,0.365952,1.33487,749.134,0,0,0
Suite_5,Forward,1,511,0.005352,2.31467,0,0.06384,0.37952,0.907393,1102.06,0,0,0
Suite_5,Forward,1,512,0.004199,0.579211,0,0.066272,0.36608,2.33207,428.803,0,0,0
Suite_5,Forward,1,513,0.00435,1.26437,0,0.065536,0.360448,0.929272,1076.11,0,0,0
Suite_5,Forward,1,514,0.004398,0.911826,0,0.067584,0.362496,1.33193,750.793,0,0,0
Suite_5,Forward,1,515,0.004352,0.583367,0,0.066816,0.3584,1.33937,746.619,0,0,0
Suite_5,Forward,1,516,0.00468,2.25899,0,0.064704,0.354304,0.902258,1108.33,0,0,0
Suite_5,Forward,1,517,0.004415,0.590716,0,0.065824,0.36032,2.27777,439.025,0,0,0
Suite_5,Forward,1,518,0.004244,1.18776,0,0.067232,0.360608,0.98949,1010.62,0,0,0
Suite_5,Forward,1,519,0.004225,0.957586,0,0.06928,0.366592,1.30456,766.539,0,0,0
Suite_5,Forward,1,520,0.004332,0.590028,0,0.068352,0.367072,1.34201,745.149,0,0,0
Suite_5,Forward,1,521,0.004445,2.26085,0,0.06448,0.361184,0.910645,1098.12,0,0,0
Suite_5,Forward,1,522,0.008346,0.584132,0,0.065792,0.368544,2.27899,438.791,0,0,0
Suite_5,Forward,1,523,0.004244,1.27077,0,0.065888,0.364416,0.957572,1044.31,0,0,0
Suite_5,Forward,1,524,0.004521,0.91762,0,0.067584,0.36336,1.33912,746.756,0,0,0
Suite_5,Forward,1,525,0.006833,0.626713,0,0.067456,0.360448,1.35972,735.447,0,0,0
Suite_5,Forward,1,526,0.005064,2.25321,0,0.06208,0.353984,0.900851,1110.06,0,0,0
Suite_5,Forward,1,527,0.00474,0.59322,0,0.067584,0.372736,2.27148,440.242,0,0,0
Suite_5,Forward,1,528,0.004448,1.25982,0,0.067424,0.35936,0.963392,1038,0,0,0
Suite_5,Forward,1,529,0.004244,0.930673,0,0.067584,0.371808,1.32876,752.583,0,0,0
Suite_5,Forward,1,530,0.004256,0.583132,0,0.067584,0.360448,1.33235,750.552,0,0,0
Suite_5,Forward,1,531,0.004265,2.25479,0,0.064064,0.360448,0.923932,1082.33,0,0,0
Suite_5,Forward,1,532,0.004584,0.593582,0,0.06368,0.373024,2.27175,440.19,0,0,0
Suite_5,Forward,1,533,0.004399,1.26123,0,0.066112,0.360448,0.964938,1036.34,0,0,0
Suite_5,Forward,1,534,0.004035,0.921849,0,0.067584,0.364544,1.32866,752.636,0,0,0
Suite_5,Forward,1,535,0.004132,0.579733,0,0.067904,0.364544,1.34165,745.351,0,0,0
Suite_5,Forward,1,536,0.004348,2.19667,0,0.067584,0.363456,0.932183,1072.75,0,0,0
Suite_5,Forward,1,537,0.004672,0.595377,0,0.09072,0.382656,2.2656,441.384,0,0,0
Suite_5,Forward,1,538,0.004191,0.736099,0,0.067584,0.369984,0.966352,1034.82,0,0,0
Suite_5,Forward,1,539,0.004399,1.86157,0,0.065888,0.367872,0.778455,1284.6,0,0,0
Suite_5,Forward,1,540,0.00402,0.57974,0,0.068768,0.36896,1.87723,532.7,0,0,0
Suite_5,Forward,1,541,0.00432,2.18521,0,0.068224,0.36384,0.956901,1045.04,0,0,0
Suite_5,Forward,1,542,0.004712,0.587509,0,0.063296,0.374784,2.25362,443.73,0,0,0
Suite_5,Forward,1,543,0.004389,0.717062,0,0.067072,0.372736,0.955081,1047.03,0,0,0
Suite_5,Forward,1,544,0.00441,1.31715,0,0.06656,0.360448,0.789541,1266.56,0,0,0
Suite_5,Forward,1,545,0.004095,0.932248,0,0.06752,0.368864,1.3345,749.344,0,0,0
Suite_5,Forward,1,546,0.004335,0.58948,0,0.067264,0.36016,1.33542,748.826,0,0,0
Suite_5,Forward,1,547,0.004359,2.17874,0,0.063648,0.375072,0.959074,1042.67,0,0,0
Suite_5,Forward,1,548,0.00496,0.619394,0,0.065536,0.358496,2.24608,445.221,0,0,0
Suite_5,Forward,1,549,0.004286,1.24318,0,0.065248,0.362496,0.991535,1008.54,0,0,0
Suite_5,Forward,1,550,0.004532,0.942084,0,0.06816,0.366592,1.31144,762.523,0,0,0
Suite_5,Forward,1,551,0.004386,0.583418,0,0.067776,0.369536,1.33288,750.255,0,0,0
Suite_5,Forward,1,552,0.004318,2.18464,0,0.06528,0.360672,0.952924,1049.4,0,0,0
Suite_5,Forward,1,553,0.005137,0.607889,0,0.067584,0.37088,2.25406,443.644,0,0,0
Suite_5,Forward,1,554,0.00417,1.26207,0,0.066624,0.359168,0.979948,1020.46,0,0,0
Suite_5,Forward,1,555,0.004357,0.895386,0,0.067584,0.364544,1.32903,752.43,0,0,0
Suite_5,Forward,1,556,0.00423,0.585616,0,0.067584,0.361792,1.33409,749.577,0,0,0
Suite_5,Forward,1,557,0.004398,2.16446,0,0.063488,0.360832,0.957191,1044.72,0,0,0
Suite_5,Forward,1,558,0.004959,0.596913,0,0.068672,0.371008,2.23434,447.559,0,0,0
Suite_5,Forward,1,559,0.004253,1.268,0,0.06912,0.372608,0.966925,1034.21,0,0,0
Suite_5,Forward,1,560,0.004321,0.928187,0,0.066368,0.371872,1.33434,749.432,0,0,0
Suite_5,Forward,1,561,0.004312,0.592523,0,0.067584,0.360448,1.34994,740.774,0,0,0
Suite_5,Forward,1,562,0.004774,2.18907,0,0.06496,0.358784,0.964262,1037.06,0,0,0
Suite_5,Forward,1,563,0.005122,0.601481,0,0.073056,0.366592,2.2571,443.046,0,0,0
Suite_5,Forward,1,564,0.004439,1.28005,0,0.065792,0.362592,0.972352,1028.43,0,0,0
Suite_5,Forward,1,565,0.004308,0.914418,0,0.06608,0.362496,1.32203,756.414,0,0,0
Suite_5,Forward,1,566,0.004436,0.584437,0,0.067648,0.370688,1.33534,748.874,0,0,0
Suite_5,Forward,1,567,0.004382,2.19573,0,0.065536,0.361408,0.940278,1063.52,0,0,0
Suite_5,Forward,1,568,0.004737,0.612816,0,0.091136,0.381888,2.26381,441.733,0,0,0
Suite_5,Forward,1,569,0.007456,1.0771,0,0.068224,0.364288,1.08616,920.674,0,0,0
Suite_5,Forward,1,570,0.005139,1.06585,0,0.066464,0.360448,1.21648,822.045,0,0,0
Suite_5,Forward,1,571,0.004624,0.587434,0,0.067328,0.36176,1.33656,748.189,0,0,0
Suite_5,Forward,1,572,0.004754,2.25361,0,0.064192,0.362432,0.911654,1096.91,0,0,0
Suite_5,Forward,1,573,0.004836,0.596729,0,0.063936,0.378208,2.28005,438.586,0,0,0
Suite_5,Forward,1,574,0.004701,1.25891,0,0.067488,0.3656,0.966019,1035.18,0,0,0
Suite_5,Forward,1,575,0.004244,0.929696,0,0.066496,0.359264,1.32607,754.11,0,0,0
Suite_5,Forward,1,576,0.004418,0.584715,0,0.066784,0.364224,1.33933,746.642,0,0,0
Suite_5,Forward,1,577,0.004387,2.17799,0,0.06912,0.367264,0.955677,1046.38,0,0,0
Suite_5,Forward,1,578,0.004613,0.596022,0,0.086112,0.376832,2.24648,445.141,0,0,0
Suite_5,Forward,1,579,0.004309,0.717412,0,0.067584,0.364544,0.966423,1034.74,0,0,0
Suite_5,Forward,1,580,0.004181,1.32302,0,0.068128,0.369792,0.783965,1275.57,0,0,0
Suite_5,Forward,1,581,0.004006,0.944786,0,0.066912,0.364416,1.34027,746.121,0,0,0
Suite_5,Forward,1,582,0.004337,0.58384,0,0.067392,0.362496,1.34988,740.809,0,0,0
Suite_5,Forward,1,583,0.004998,2.20777,0,0.063584,0.3768,0.954327,1047.86,0,0,0
Suite_5,Forward,1,584,0.004245,0.595458,0,0.06752,0.35872,2.2753,439.503,0,0,0
Suite_5,Forward,1,585,0.004192,1.31593,0,0.065536,0.357824,0.916395,1091.23,0,0,0
Suite_5,Forward,1,586,0.004418,0.906646,0,0.067296,0.361472,1.33341,749.958,0,0,0
Suite_5,Forward,1,587,0.004383,0.577106,0,0.067584,0.362464,1.32703,753.564,0,0,0
Suite_5,Forward,1,588,0.00443,1.84753,0,0.063904,0.386272,0.933917,1070.76,0,0,0
Suite_5,Forward,1,589,0.004958,0.98727,0,0.067296,0.360704,1.9177,521.459,0,0,0
Suite_5,Forward,1,590,0.004275,0.924246,0,0.066816,0.36848,1.42069,703.885,0,0,0
Suite_5,Forward,1,591,0.004187,0.923173,0,0.067008,0.360448,1.34418,743.947,0,0,0
Suite_5,Forward,1,592,0.004192,0.582574,0,0.065952,0.365024,1.34302,744.593,0,0,0
Suite_5,Forward,1,593,0.004409,2.26259,0,0.065312,0.380192,0.920542,1086.32,0,0,0
Suite_5,Forward,1,594,0.004398,0.586952,0,0.067584,0.364544,2.28026,438.546,0,0,0
Suite_5,Forward,1,595,0.004406,1.21201,0,0.066496,0.363072,0.989991,1010.11,0,0,0
Suite_5,Forward,1,596,0.004324,0.922111,0,0.06672,0.36864,1.31809,758.672,0,0,0
Suite_5,Forward,1,597,0.0043,0.607106,0,0.065536,0.3712,1.34382,744.147,0,0,0
Suite_5,Forward,1,598,0.007454,2.23951,0,0.075328,0.362528,0.951799,1050.64,0,0,0
Suite_5,Forward,1,599,0.007973,0.641501,0,0.066848,0.359392,2.31525,431.919,0,0,0
Suite_5,Forward,1,600,0.004741,1.29121,0,0.066976,0.3584,0.914885,1093.03,0,0,0
Suite_5,Forward,1,601,0.004429,0.954553,0,0.067584,0.365952,1.31437,760.821,0,0,0
Suite_5,Forward,1,602,0.004561,0.582517,0,0.066144,0.363584,1.32585,754.233,0,0,0
Suite_5,Forward,1,603,0.004469,2.17482,0,0.06368,0.35552,0.952425,1049.95,0,0,0
Suite_5,Forward,1,604,0.004702,0.582825,0,0.07168,0.363328,2.24263,445.905,0,0,0
Suite_5,Forward,1,605,0.004639,1.25422,0,0.06736,0.362208,0.964799,1036.49,0,0,0
Suite_5,Forward,1,606,0.004162,0.945887,0,0.067584,0.36352,1.32226,756.283,0,0,0
Suite_5,Forward,1,607,0.004288,0.581417,0,0.067584,0.366592,1.33459,749.293,0,0,0
Suite_5,Forward,1,608,0.004481,2.18959,0,0.0632,0.353632,0.950752,1051.8,0,0,0
Suite_5,Forward,1,609,0.004725,0.58912,0,0.089216,0.388544,2.25864,442.745,0,0,0
Suite_5,Forward,1,610,0.004072,1.27666,0,0.066048,0.35696,0.960121,1041.54,0,0,0
Suite_5,Forward,1,611,0.004322,0.90339,0,0.067488,0.361536,1.34265,744.796,0,0,0
Suite_5,Forward,1,612,0.004219,0.582482,0,0.068928,0.3728,1.33176,750.885,0,0,0
Suite_5,Forward,1,613,0.004289,2.183,0,0.063488,0.3584,0.952974,1049.35,0,0,0
Suite_5,Forward,1,614,0.004664,0.59207,0,0.063392,0.382848,2.25782,442.905,0,0,0
Suite_5,Forward,1,615,0.004193,1.28845,0,0.067552,0.364672,0.961755,1039.77,0,0,0
Suite_5,Forward,1,616,0.00411,0.890076,0,0.06768,0.361984,1.35486,738.085,0,0,0
Suite_5,Forward,1,617,0.00429,0.582761,0,0.067584,0.363552,1.33071,751.477,0,0,0
Suite_5,Forward,1,618,0.004455,2.18848,0,0.067392,0.361696,0.939981,1063.85,0,0,0
Suite_5,Forward,1,619,0.004581,0.58219,0,0.090016,0.38208,2.25674,443.116,0,0,0
Suite_5,Forward,1,620,0.004199,0.718317,0,0.068064,0.361184,0.951805,1050.64,0,0,0
Suite_5,Forward,1,621,0.00424,1.33798,0,0.068096,0.364544,0.786795,1270.98,0,0,0
Suite_5,Forward,1,622,0.004123,0.918459,0,0.066048,0.360832,1.3545,738.28,0,0,0
Suite_5,Forward,1,623,0.0044,0.582008,0,0.065664,0.360448,1.342,745.154,0,0,0
Suite_5,Forward,1,624,0.00518,2.2253,0,0.063264,0.380928,0.952303,1050.09,0,0,0
Suite_5,Forward,1,625,0.004441,0.576762,0,0.067584,0.365696,2.29458,435.811,0,0,0
Suite_5,Forward,1,626,0.004425,1.31846,0,0.067264,0.366272,0.904034,1106.15,0,0,0
Suite_5,Forward,1,627,0.003888,0.925318,0,0.068736,0.360256,1.33417,749.528,0,0,0
Suite_5,Forward,1,628,0.004346,0.577437,0,0.067584,0.371744,1.34475,743.633,0,0,0
Suite_5,Forward,1,629,0.004628,2.17385,0,0.063776,0.379936,0.9521,1050.31,0,0,0
Suite_5,Forward,1,630,0.005171,0.601815,0,0.067584,0.361952,2.24516,445.402,0,0,0
Suite_5,Forward,1,631,0.004284,1.25243,0,0.067584,0.364448,0.975657,1024.95,0,0,0
Suite_5,Forward,1,632,0.004462,0.934273,0,0.066432,0.360608,1.31919,758.038,0,0,0
Suite_5,Forward,1,633,0.004299,0.588563,0,0.066432,0.366944,1.33721,747.828,0,0,0
Suite_5,Forward,1,634,0.004498,2.15585,0,0.063488,0.354048,0.958828,1042.94,0,0,0
Suite_5,Forward,1,635,0.004914,0.586209,0,0.065632,0.361824,2.22314,449.814,0,0,0
Suite_5,Forward,1,636,0.004285,1.25739,0,0.06656,0.366592,0.956038,1045.98,0,0,0
Suite_5,Forward,1,637,0.004307,0.921689,0,0.067424,0.362432,1.33278,750.314,0,0,0
Suite_5,Forward,1,638,0.004365,0.587427,0,0.067488,0.360448,1.33214,750.673,0,0,0
Suite_5,Forward,1,639,0.004695,2.25341,0,0.06512,0.368448,0.906438,1103.22,0,0,0
Suite_5,Forward,1,640,0.004443,0.588812,0,0.072544,0.367488,2.27007,440.515,0,0,0
Suite_5,Forward,1,641,0.004578,1.17454,0,0.06736,0.360672,1.01015,989.947,0,0,0
Suite_5,Forward,1,642,0.004329,0.973628,0,0.068992,0.372096,1.29273,773.556,0,0,0
Suite_5,Forward,1,643,0.004371,0.609191,0,0.066144,0.358144,1.34304,744.581,0,0,0
Suite_5,Forward,1,644,0.006201,2.25684,0,0.06352,0.356512,0.926698,1079.1,0,0,0
Suite_5,Forward,1,645,0.004441,0.589539,0,0.088256,0.37888,2.27844,438.896,0,0,0
Suite_5,Forward,1,646,0.004399,1.25457,0,0.065536,0.359136,0.959981,1041.69,0,0,0
Suite_5,Forward,1,647,0.004155,0.915348,0,0.065984,0.360448,1.33234,750.559,0,0,0
Suite_5,Forward,1,648,0.00412,0.609821,0,0.067584,0.36864,1.33448,749.353,0,0,0
Suite_5,Forward,1,649,0.004829,2.25229,0,0.063584,0.360448,0.929726,1075.59,0,0,0
Suite_5,Forward,1,650,0.004948,0.590362,0,0.063488,0.374912,2.27114,440.308,0,0,0
Suite_5,Forward,1,651,0.00421,1.28619,0,0.066368,0.3584,0.939001,1064.96,0,0,0
Suite_5,Forward,1,652,0.004159,0.913178,0,0.067936,0.365984,1.35238,739.436,0,0,0
Suite_5,Forward,1,653,0.004288,0.585057,0,0.068448,0.36448,1.33513,748.988,0,0,0
Suite_5,Forward,1,654,0.004635,2.28057,0,0.067584,0.365536,0.904536,1105.54,0,0,0
Suite_5,Forward,1,655,0.004482,0.579093,0,0.063488,0.362496,2.29744,435.267,0,0,0
Suite_5,Forward,1,656,0.0042,0.699218,0,0.066592,0.359712,0.946672,1056.33,0,0,0
Suite_5,Forward,1,657,0.004088,1.32084,0,0.065536,0.365728,0.766612,1304.44,0,0,0
Suite_5,Forward,1,658,0.004099,0.918008,0,0.068768,0.364544,1.3412,745.598,0,0,0
Suite_5,Forward,1,659,0.004202,0.584943,0,0.067424,0.367808,1.33696,747.964,0,0,0
Suite_5,Forward,1,660,0.005153,2.22727,0,0.063776,0.379872,0.956424,1045.56,0,0,0
Suite_5,Forward,1,661,0.004536,0.581304,0,0.066752,0.362208,2.29781,435.196,0,0,0
Suite_5,Forward,1,662,0.004366,1.23212,0,0.066304,0.360448,0.951584,1050.88,0,0,0
Suite_5,Forward,1,663,0.004534,0.972499,0,0.067584,0.365664,1.29862,770.047,0,0,0
Suite_5,Forward,1,664,0.0044,0.579623,0,0.067712,0.362496,1.342,745.154,0,0,0
Suite_5,Forward,1,665,0.004339,2.17499,0,0.063488,0.354048,0.926587,1079.23,0,0,0
Suite_5,Forward,1,666,0.004815,0.593579,0,0.065792,0.358848,2.24367,445.699,0,0,0
Suite_5,Forward,1,667,0.004165,1.25321,0,0.068448,0.364544,0.963832,1037.53,0,0,0
Suite_5,Forward,1,668,0.004222,0.919661,0,0.06928,0.36976,1.31932,757.967,0,0,0
Suite_5,Forward,1,669,0.004435,0.591644,0,0.067584,0.365152,1.34695,742.418,0,0,0
Suite_5,Forward,1,670,0.004467,2.24829,0,0.06384,0.353824,0.921584,1085.09,0,0,0
Suite_5,Forward,1,671,0.004593,0.583069,0,0.065888,0.36864,2.26528,441.447,0,0,0
Suite_5,Forward,1,672,0.004335,1.1937,0,0.066496,0.360128,0.990198,1009.9,0,0,0
Suite_5,Forward,1,673,0.004436,0.909547,0,0.067776,0.365088,1.31325,761.471,0,0,0
Suite_5,Forward,1,674,0.004297,0.579941,0,0.066368,0.3656,1.33036,751.677,0,0,0
Suite_5,Forward,1,675,0.004423,2.16929,0,0.064992,0.3584,0.949077,1053.66,0,0,0
Suite_5,Forward,1,676,0.004714,0.591664,0,0.070912,0.372608,2.23721,446.984,0,0,0
Suite_5,Forward,1,677,0.004429,1.26814,0,0.067584,0.36128,0.956491,1045.49,0,0,0
Suite_5,Forward,1,678,0.004377,0.919447,0,0.067104,0.3664,1.33551,748.78,0,0,0
Suite_5,Forward,1,679,0.004347,0.579172,0,0.06752,0.36288,1.33934,746.638,0,0,0
Suite_5,Forward,1,680,0.004236,2.17461,0,0.06512,0.356352,0.948163,1054.67,0,0,0
Suite_5,Forward,1,681,0.005139,0.588221,0,0.063488,0.376576,2.24389,445.655,0,0,0
Suite_5,Forward,1,682,0.004079,1.26325,0,0.066336,0.365344,0.959174,1042.56,0,0,0
Suite_5,Forward,1,683,0.004121,0.920273,0,0.067584,0.362912,1.32963,752.088,0,0,0
Suite_5,Forward,1,684,0.004139,0.588596,0,0.067584,0.364544,1.34099,745.719,0,0,0
Suite_5,Forward,1,685,0.004379,2.15172,0,0.065536,0.359104,0.959575,1042.13,0,0,0
Suite_5,Forward,1,686,0.004766,0.58532,0,0.064,0.36624,2.2241,449.62,0,0,0
Suite_5,Forward,1,687,0.004598,0.709717,0,0.066912,0.360448,0.934905,1069.63,0,0,0
Suite_5,Forward,1,688,0.004754,1.31493,0,0.065728,0.368448,0.777268,1286.56,0,0,0
Suite_5,Forward,1,689,0.003928,0.922635,0,0.066688,0.3584,1.3327,750.356,0,0,0
Suite_5,Forward,1,690,0.004404,0.589965,0,0.066752,0.364096,1.34317,744.505,0,0,0
Suite_5,Forward,1,691,0.005143,2.22503,0,0.064192,0.376224,0.936902,1067.35,0,0,0
Suite_5,Forward,1,692,0.0042,0.581939,0,0.067584,0.370304,2.2923,436.243,0,0,0
Suite_5,Forward,1,693,0.004331,1.3211,0,0.067584,0.364544,0.916877,1090.66,0,0,0
Suite_5,Forward,1,694,0.003942,0.918504,0,0.067584,0.374912,1.33765,747.579,0,0,0
Suite_5,Forward,1,695,0.004082,0.573472,0,0.068128,0.365312,1.33765,747.58,0,0,0
Suite_5,Forward,1,696,0.004365,2.19253,0,0.065088,0.3584,0.94292,1060.54,0,0,0
Suite_5,Forward,1,697,0.004948,0.587509,0,0.066816,0.360256,2.26249,441.991,0,0,0
Suite_5,Forward,1,698,0.004538,1.25944,0,0.066592,0.362112,0.961451,1040.09,0,0,0
Suite_5,Forward,1,699,0.004112,0.918702,0,0.067008,0.360416,1.32632,753.965,0,0,0
Suite_5,Forward,1,700,0.004228,0.577798,0,0.067712,0.362304,1.33819,747.277,0,0,0
Suite_5,Forward,1,701,0.004536,2.16371,0,0.065088,0.366592,0.955966,1046.06,0,0,0
Suite_5,Forward,1,702,0.004409,0.595653,0,0.066848,0.3704,2.23216,447.997,0,0,0
Suite_5,Forward,1,703,0.004125,1.28407,0,0.066464,0.359008,0.965216,1036.04,0,0,0
Suite_5,Forward,1,704,0.004128,0.923811,0,0.06688,0.362272,1.35018,740.643,0,0,0
Suite_5,Forward,1,705,0.004131,0.580245,0,0.067584,0.364352,1.33825,747.245,0,0,0
Suite_5,Forward,1,706,0.004734,2.17159,0,0.063488,0.357024,0.950112,1052.51,0,0,0
Suite_5,Forward,1,707,0.004462,0.596287,0,0.07376,0.372576,2.23882,446.663,0,0,0
Suite_5,Forward,1,708,0.004161,1.27787,0,0.068,0.365856,0.965606,1035.62,0,0,0
Suite_5,Forward,1,709,0.004344,0.881961,0,0.068928,0.3704,1.3456,743.16,0,0,0
Suite_5,Forward,1,710,0.004154,0.578253,0,0.067264,0.362496,1.33895,746.852,0,0,0
Suite_5,Forward,1,711,0.004236,2.17916,0,0.063136,0.358144,0.947321,1055.61,0,0,0
Suite_5,Forward,1,712,0.005106,0.591358,0,0.065568,0.379712,2.24663,445.111,0,0,0
Suite_5,Forward,1,713,0.004096,1.2636,0,0.066784,0.35984,0.963359,1038.03,0,0,0
Suite_5,Forward,1,714,0.004072,0.912566,0,0.066112,0.359072,1.33065,751.515,0,0,0
Suite_5,Forward,1,715,0.004369,0.574937,0,0.066944,0.359776,1.33573,748.653,0,0,0
Suite_5,Forward,1,716,0.004516,2.17502,0,0.06848,0.362784,0.935125,1069.38,0,0,0
Suite_5,Forward,1,717,0.005001,0.612435,0,0.0648,0.37888,2.24507,445.419,0,0,0
Suite_5,Forward,1,718,0.005509,1.26749,0,0.06704,0.367072,1.00504,994.981,0,0,0
Suite_5,Forward,1,719,0.004432,0.918726,0,0.067584,0.367392,1.33632,748.324,0,0,0
Suite_5,Forward,1,720,0.004545,0.589836,0,0.066848,0.360448,1.33874,746.973,0,0,0
Suite_5,Forward,1,721,0.004398,2.25236,0,0.067232,0.359872,0.921224,1085.51,0,0,0
Suite_5,Forward,1,722,0.004514,0.57971,0,0.065088,0.390816,2.27059,440.414,0,0,0
Suite_5,Forward,1,723,0.004174,0.737871,0,0.067296,0.362464,0.937817,1066.31,0,0,0
Suite_5,Forward,1,724,0.004322,1.31736,0,0.06624,0.36032,0.804305,1243.31,0,0,0
Suite_5,Forward,1,725,0.003932,0.913524,0,0.067296,0.361024,1.33423,749.497,0,0,0
Suite_5,Forward,1,726,0.004209,0.585107,0,0.065632,0.364544,1.33363,749.83,0,0,0
Suite_5,Forward,1,727,0.004175,2.16633,0,0.063648,0.385024,0.954799,1047.34,0,0,0
Suite_5,Forward,1,728,0.004528,0.590818,0,0.067584,0.359104,2.23337,447.754,0,0,0
Suite_5,Forward,1,729,0.00434,1.18063,0,0.066112,0.36096,1.01241,987.741,0,0,0
Suite_5,Forward,1,730,0.0042,0.943034,0,0.0696,0.36864,1.29808,770.366,0,0,0
Suite_5,Forward,1,731,0.004306,0.578799,0,0.066272,0.361056,1.33334,749.996,0,0,0
Suite_5,Forward,1,732,0.004251,2.18792,0,0.063584,0.3544,0.94771,1055.18,0,0,0
Suite_5,Forward,1,733,0.004769,0.594932,0,0.065632,0.360512,2.26414,441.67,0,0,0
Suite_5,Forward,1,734,0.004421,1.24833,0,0.066432,0.360448,0.965679,1035.54,0,0,0
Suite_5,Forward,1,735,0.004162,0.926106,0,0.067584,0.370688,1.31467,760.646,0,0,0
Suite_5,Forward,1,736,0.004343,0.584559,0,0.066752,0.367808,1.33794,747.418,0,0,0
Suite_5,Forward,1,737,0.004329,2.16889,0,0.06352,0.362496,0.955286,1046.81,0,0,0
Suite_5,Forward,1,738,0.004694,0.584982,0,0.067776,0.368672,2.24929,444.586,0,0,0
Suite_5,Forward,1,739,0.004153,1.28268,0,0.066112,0.364544,0.95478,1047.36,0,0,0
Suite_5,Forward,1,740,0.0041,0.917822,0,0.06816,0.362496,1.34897,741.304,0,0,0
Suite_5,Forward,1,741,0.00413,0.573685,0,0.066016,0.367104,1.33852,747.094,0,0,0
Suite_5,Forward,1,742,0.00433,2.26417,0,0.064352,0.360128,0.91029,1098.55,0,0,0
Suite_5,Forward,1,743,0.005118,0.586364,0,0.07504,0.369568,2.28686,437.281,0,0,0
Suite_5,Forward,1,744,0.004275,1.27031,0,0.068,0.368416,0.956527,1045.45,0,0,0
Suite_5,Forward,1,745,0.004584,0.919464,0,0.067296,0.368576,1.33842,747.149,0,0,0
Suite_5,Forward,1,746,0.004477,0.58369,0,0.067584,0.364672,1.34031,746.095,0,0,0
Suite_5,Forward,1,747,0.004603,2.26521,0,0.065536,0.3584,0.921986,1084.62,0,0,0
Suite_5,Forward,1,748,0.004852,0.584411,0,0.08592,0.37888,2.28219,438.175,0,0,0
Suite_5,Forward,1,749,0.004423,1.24856,0,0.065536,0.360448,0.981886,1018.45,0,0,0
Suite_5,Forward,1,750,0.004127,0.922111,0,0.066272,0.364544,1.31618,759.776,0,0,0
Suite_5,Forward,1,751,0.004303,0.573497,0,0.067616,0.37456,1.34177,745.281,0,0,0
Suite_5,Forward,1,752,0.004471,2.17492,0,0.06688,0.36064,0.942902,1060.56,0,0,0
Suite_5,Forward,1,753,0.004613,0.581837,0,0.087936,0.380192,2.24437,445.558,0,0,0
Suite_5,Forward,1,754,0.004376,0.726675,0,0.066752,0.361216,0.944262,1059.03,0,0,0
Suite_5,Forward,1,755,0.004151,1.83857,0,0.066368,0.362496,0.793018,1261.01,0,0,0
Suite_5,Forward,1,756,0.003885,0.581247,0,0.065728,0.36464,1.85396,539.387,0,0,0
Suite_5,Forward,1,757,0.004334,2.18703,0,0.06912,0.36864,0.951514,1050.96,0,0,0
Suite_5,Forward,1,758,0.004789,0.585914,0,0.06512,0.379424,2.25536,443.387,0,0,0
Suite_5,Forward,1,759,0.00413,0.721498,0,0.065568,0.364544,0.956111,1045.9,0,0,0
Suite_5,Forward,1,760,0.004275,1.32109,0,0.069024,0.364544,0.787799,1269.36,0,0,0
Suite_5,Forward,1,761,0.004059,0.916425,0,0.066016,0.364384,1.33808,747.338,0,0,0
Suite_5,Forward,1,762,0.004408,0.581824,0,0.066592,0.358272,1.34056,745.957,0,0,0
Suite_5,Forward,1,763,0.004757,2.18783,0,0.06352,0.373952,0.934436,1070.16,0,0,0
Suite_5,Forward,1,764,0.004433,0.586982,0,0.067648,0.369184,2.25508,443.442,0,0,0
Suite_5,Forward,1,765,0.004268,1.15878,0,0.065536,0.357792,1.03174,969.241,0,0,0
Suite_5,Forward,1,766,0.0042,0.960764,0,0.068192,0.366592,1.27663,783.314,0,0,0
Suite_5,Forward,1,767,0.004422,0.57335,0,0.06704,0.358592,1.3299,751.933,0,0,0
Suite_5,Forward,1,768,0.004353,2.18274,0,0.065248,0.35872,0.944868,1058.35,0,0,0
Suite_5,Forward,1,769,0.004588,0.593684,0,0.06624,0.363968,2.25142,444.165,0,0,0
Suite_5,Forward,1,770,0.004189,1.26313,0,0.067424,0.359264,0.964359,1036.96,0,0,0
Suite_5,Forward,1,771,0.004249,0.913006,0,0.067584,0.36272,1.32994,751.911,0,0,0
Suite_5,Forward,1,772,0.004152,0.582343,0,0.067104,0.36464,1.33241,750.517,0,0,0
Suite_5,Forward,1,773,0.004396,2.18025,0,0.064928,0.362496,0.952962,1049.36,0,0,0
Suite_5,Forward,1,774,0.005189,0.583199,0,0.067584,0.364192,2.24872,444.696,0,0,0
Suite_5,Forward,1,775,0.004327,1.26092,0,0.068096,0.36448,0.973699,1027.01,0,0,0
Suite_5,Forward,1,776,0.004121,0.92012,0,0.067584,0.362848,1.327,753.578,0,0,0
Suite_5,Forward,1,777,0.004303,0.591385,0,0.065536,0.358368,1.34077,745.842,0,0,0
Suite_5,Forward,1,778,0.004303,2.26277,0,0.061984,0.352256,0.911169,1097.49,0,0,0
Suite_5,Forward,1,779,0.004953,0.590371,0,0.064,0.360448,2.27982,438.631,0,0,0
Suite_5,Forward,1,780,0.004334,1.24311,0,0.067328,0.364544,0.981195,1019.17,0,0,0
Suite_5,Forward,1,781,0.00421,0.915169,0,0.066752,0.362688,1.31164,762.405,0,0,0
Suite_5,Forward,1,782,0.004219,0.585945,0,0.067488,0.359552,1.33791,747.435,0,0,0
Suite_5,Forward,1,783,0.004359,2.17898,0,0.064416,0.370752,0.955057,1047.06,0,0,0
Suite_5,Forward,1,784,0.005171,0.591765,0,0.09216,0.391488,2.24609,445.218,0,0,0
Suite_5,Forward,1,785,0.004333,1.2889,0,0.067104,0.3584,0.963262,1038.14,0,0,0
Suite_5,Forward,1,786,0.004265,0.880141,0,0.067584,0.364544,1.35635,737.272,0,0,0
Suite_5,Forward,1,787,0.004353,0.578708,0,0.067584,0.367616,1.33347,749.924,0,0,0
Suite_5,Forward,1,788,0.004394,2.18071,0,0.067232,0.357664,0.948103,1054.74,0,0,0
Suite_5,Forward,1,789,0.005114,0.593549,0,0.088064,0.381248,2.25013,444.42,0,0,0
Suite_5,Forward,1,790,0.004293,0.733024,0,0.066368,0.363872,0.965137,1036.12,0,0,0
Suite_5,Forward,1,791,0.004142,1.83488,0,0.067424,0.366496,0.799373,1250.98,0,0,0
Suite_5,Forward,1,792,0.00407,0.619987,0,0.06752,0.360352,1.85051,540.39,0,0,0
Suite_5,Forward,1,793,0.005753,2.21901,0,0.067584,0.360832,0.941899,1061.68,0,0,0
Suite_5,Forward,1,794,0.00465,0.586941,0,0.065536,0.380288,2.23929,446.569,0,0,0
Suite_5,Forward,1,795,0.004228,0.721556,0,0.06752,0.362624,0.956872,1045.07,0,0,0
Suite_5,Forward,1,796,0.004214,1.32174,0,0.067584,0.360928,0.787843,1269.29,0,0,0
Suite_5,Forward,1,797,0.004298,0.912849,0,0.067584,0.361824,1.34495,743.52,0,0,0
Suite_5,Forward,1,798,0.00425,0.584325,0,0.066016,0.36,1.33334,749.999,0,0,0
Suite_5,Forward,1,799,0.004378,2.26934,0,0.065472,0.381952,0.902947,1107.48,0,0,0
Suite_5,Forward,1,800,0.00453,0.583644,0,0.067232,0.357312,2.29275,436.157,0,0,0
Suite_5,Forward,1,801,0.004449,1.18433,0,0.066944,0.366592,0.991953,1008.11,0,0,0
Suite_5,Forward,1,802,0.004087,0.91869,0,0.067872,0.364576,1.30199,768.054,0,0,0
Suite_5,Forward,1,803,0.004147,0.593641,0,0.067136,0.364736,1.33794,747.415,0,0,0
Suite_5,Forward,1,804,0.005684,2.27399,0,0.063488,0.360352,0.917176,1090.3,0,0,0
Suite_5,Forward,1,805,0.004743,0.597362,0,0.068192,0.363872,2.29513,435.706,0,0,0
Suite_5,Forward,1,806,0.004331,1.24703,0,0.067296,0.366592,0.968763,1032.24,0,0,0
Suite_5,Forward,1,807,0.004409,0.960847,0,0.067552,0.366592,1.31425,760.89,0,0,0
Suite_5,Forward,1,808,0.004527,0.620896,0,0.0696,0.36864,1.34269,744.772,0,0,0
Suite_5,Forward,1,809,0.004432,2.24108,0,0.063936,0.35952,0.942536,1060.97,0,0,0
Suite_5,Forward,1,810,0.004967,0.590841,0,0.067552,0.361888,2.25903,442.668,0,0,0
Suite_5,Forward,1,811,0.004326,1.26453,0,0.066912,0.36704,0.960988,1040.6,0,0,0
Suite_5,Forward,1,812,0.004127,0.898896,0,0.065984,0.363808,1.33083,751.412,0,0,0
Suite_5,Forward,1,813,0.004143,0.587091,0,0.067584,0.362496,1.34634,742.756,0,0,0
Suite_5,Forward,1,814,0.004702,2.26433,0,0.06384,0.363328,0.906778,1102.81,0,0,0
Suite_5,Forward,1,815,0.004286,0.593931,0,0.065056,0.359712,2.28146,438.316,0,0,0
Suite_5,Forward,1,816,0.004749,1.28141,0,0.067584,0.362496,0.963706,1037.66,0,0,0
Suite_5,Forward,1,817,0.004421,0.904975,0,0.065856,0.35904,1.35066,740.381,0,0,0
Suite_5,Forward,1,818,0.004215,0.575911,0,0.069056,0.3632,1.3258,754.262,0,0,0
Suite_5,Forward,1,819,0.0046,2.26869,0,0.063488,0.355872,0.90582,1103.97,0,0,0
Suite_5,Forward,1,820,0.004837,0.631451,0,0.063776,0.366784,2.28588,437.468,0,0,0
Suite_5,Forward,1,821,0.00903,1.22667,0,0.065472,0.359904,0.999778,1000.22,0,0,0
Suite_5,Forward,1,822,0.00677,1.04464,0,0.067008,0.367136,1.30847,764.251,0,0,0
Suite_5,Forward,1,823,0.004629,0.587614,0,0.0688,0.365792,1.31754,758.99,0,0,0
Suite_5,Forward,1,824,0.004527,2.1974,0,0.065696,0.362464,0.931281,1073.79,0,0,0
Suite_5,Forward,1,825,0.005567,0.599319,0,0.063616,0.363872,2.2682,440.878,0,0,0
Suite_5,Forward,1,826,0.004603,0.749869,0,0.066016,0.367264,0.94341,1059.98,0,0,0
Suite_5,Forward,1,827,0.00423,1.34718,0,0.068,0.368544,0.766144,1305.24,0,0,0
Suite_5,Forward,1,828,0.004091,0.895125,0,0.067328,0.362496,1.36736,731.337,0,0,0
Suite_5,Forward,1,829,0.004293,0.593487,0,0.065536,0.3584,1.34716,742.304,0,0,0
Suite_5,Forward,1,830,0.005314,2.29631,0,0.063776,0.380576,0.914752,1093.19,0,0,0
Suite_5,Forward,1,831,0.004366,0.584791,0,0.067584,0.3608,2.31365,432.218,0,0,0
Suite_5,Forward,1,832,0.00469,1.22364,0,0.067104,0.358656,0.954237,1047.96,0,0,0
Suite_5,Forward,1,833,0.004567,0.975382,0,0.06752,0.364224,1.29226,773.836,0,0,0
Suite_5,Forward,1,834,0.004456,0.583526,0,0.06816,0.366048,1.33203,750.733,0,0,0
Suite_5,Forward,1,835,0.004452,2.17925,0,0.063488,0.376672,0.953435,1048.84,0,0,0
Suite_5,Forward,1,836,0.004655,0.598147,0,0.065728,0.364384,2.24697,445.044,0,0,0
Suite_5,Forward,1,837,0.004278,1.26417,0,0.065696,0.366496,0.969534,1031.42,0,0,0
Suite_5,Forward,1,838,0.004201,0.921426,0,0.067616,0.366848,1.33162,750.964,0,0,0
Suite_5,Forward,1,839,0.004236,0.576353,0,0.067328,0.37056,1.33669,748.117,0,0,0
Suite_5,Forward,1,840,0.004565,2.20584,0,0.063488,0.364544,0.927732,1077.9,0,0,0
Suite_5,Forward,1,841,0.004568,0.593732,0,0.06752,0.360288,2.27481,439.597,0,0,0
Suite_5,Forward,1,842,0.004199,1.25865,0,0.066272,0.364992,0.964407,1036.91,0,0,0
Suite_5,Forward,1,843,0.00423,0.926573,0,0.067904,0.362496,1.32496,754.74,0,0,0
Suite_5,Forward,1,844,0.004211,0.57577,0,0.067776,0.36272,1.346,742.941,0,0,0
Suite_5,Forward,1,845,0.004362,2.19552,0,0.063488,0.360448,0.927881,1077.72,0,0,0
Suite_5,Forward,1,846,0.005085,0.597147,0,0.06688,0.365056,2.26495,441.511,0,0,0
Suite_5,Forward,1,847,0.00424,1.28711,0,0.065536,0.360704,0.967633,1033.45,0,0,0
Suite_5,Forward,1,848,0.004128,0.915672,0,0.066624,0.364544,1.32826,752.862,0,0,0
Suite_5,Forward,1,849,0.00432,0.58211,0,0.068608,0.367744,1.3369,747.998,0,0,0
Suite_5,Forward,1,850,0.004515,2.18673,0,0.064032,0.358464,0.944281,1059.01,0,0,0
Suite_5,Forward,1,851,0.00526,0.589875,0,0.079872,0.382464,2.25416,443.624,0,0,0
Suite_5,Forward,1,852,0.00455,1.27711,0,0.067392,0.362432,0.955864,1046.17,0,0,0
Suite_5,Forward,1,853,0.004229,0.915814,0,0.067168,0.372992,1.34533,743.311,0,0,0
Suite_5,Forward,1,854,0.00419,0.588504,0,0.069024,0.368608,1.33645,748.252,0,0,0
Suite_5,Forward,1,855,0.004324,2.18003,0,0.06432,0.362112,0.957457,1044.43,0,0,0
Suite_5,Forward,1,856,0.005379,0.596795,0,0.0648,0.366592,2.24852,444.738,0,0,0
Suite_5,Forward,1,857,0.004295,1.2619,0,0.066304,0.36864,0.96138,1040.17,0,0,0
Suite_5,Forward,1,858,0.004204,0.946872,0,0.065632,0.366912,1.32952,752.153,0,0,0
Suite_5,Forward,1,859,0.004287,0.581451,0,0.068736,0.370688,1.35026,740.6,0,0,0
Suite_5,Forward,1,860,0.004311,2.1934,0,0.067392,0.362592,0.950626,1051.94,0,0,0
Suite_5,Forward,1,861,0.004967,0.595958,0,0.088672,0.379584,2.27246,440.052,0,0,0
Suite_5,Forward,1,862,0.004416,0.728786,0,0.067904,0.36048,0.967337,1033.77,0,0,0
Suite_5,Forward,1,863,0.004157,1.8391,0,0.066144,0.362656,0.795294,1257.4,0,0,0
Suite_5,Forward,1,864,0.004028,0.593404,0,0.067584,0.360768,1.85501,539.08,0,0,0
Suite_5,Forward,1,865,0.004578,2.26488,0,0.06592,0.361472,0.914352,1093.67,0,0,0
Suite_5,Forward,1,866,0.004404,0.604506,0,0.064416,0.379744,2.28398,437.832,0,0,0
Suite_5,Forward,1,867,0.005125,0.714152,0,0.068928,0.365152,0.975495,1025.12,0,0,0
Suite_5,Forward,1,868,0.004429,1.32341,0,0.066688,0.3584,0.782179,1278.48,0,0,0
Suite_5,Forward,1,869,0.004033,0.911196,0,0.066976,0.361824,1.34088,745.777,0,0,0
Suite_5,Forward,1,870,0.0044,0.578902,0,0.067264,0.362496,1.33191,750.799,0,0,0
Suite_5,Forward,1,871,0.004288,2.15849,0,0.063488,0.379264,0.9506,1051.97,0,0,0
Suite_5,Forward,1,872,0.004807,0.617421,0,0.065856,0.362112,2.22634,449.168,0,0,0
Suite_5,Forward,1,873,0.004332,1.25614,0,0.065632,0.36416,0.989045,1011.08,0,0,0
Suite_5,Forward,1,874,0.004252,0.916864,0,0.067904,0.36432,1.31406,761,0,0,0
Suite_5,Forward,1,875,0.004168,0.585914,0,0.067552,0.364736,1.33645,748.249,0,0,0
Suite_5,Forward,1,876,0.004497,2.16927,0,0.06448,0.356352,0.955146,1046.96,0,0,0
Suite_5,Forward,1,877,0.004779,0.589685,0,0.067744,0.36816,2.23903,446.622,0,0,0
Suite_5,Forward,1,878,0.004526,1.28277,0,0.0656,0.359968,0.938535,1065.49,0,0,0
Suite_5,Forward,1,879,0.004095,0.917985,0,0.067968,0.365856,1.34942,741.058,0,0,0
Suite_5,Forward,1,880,0.004184,0.588364,0,0.067936,0.365056,1.33749,747.667,0,0,0
Suite_5,Forward,1,881,0.00441,2.17593,0,0.064928,0.3584,0.959121,1042.62,0,0,0
Suite_5,Forward,1,882,0.005235,0.601773,0,0.06736,0.364544,2.24502,445.431,0,0,0
Suite_5,Forward,1,883,0.004263,1.27511,0,0.067584,0.361216,0.951487,1050.99,0,0,0
Suite_5,Forward,1,884,0.004305,0.896896,0,0.06768,0.362304,1.34199,745.16,0,0,0
Suite_5,Forward,1,885,0.00444,0.58674,0,0.067584,0.36,1.34319,744.499,0,0,0
Suite_5,Forward,1,886,0.004232,2.16642,0,0.06368,0.355872,0.957603,1044.27,0,0,0
Suite_5,Forward,1,887,0.00501,0.585851,0,0.074304,0.376384,2.23359,447.71,0,0,0
Suite_5,Forward,1,888,0.004255,1.27188,0,0.067104,0.362496,0.955936,1046.1,0,0,0
Suite_5,Forward,1,889,0.004281,0.931464,0,0.065696,0.360672,1.3397,746.436,0,0,0
Suite_5,Forward,1,890,0.004223,0.578871,0,0.067296,0.360192,1.3337,749.794,0,0,0
Suite_5,Forward,1,891,0.00432,2.18128,0,0.066016,0.356,0.948127,1054.71,0,0,0
Suite_5,Forward,1,892,0.004517,0.58513,0,0.064032,0.360992,2.24853,444.735,0,0,0
Suite_5,Forward,1,893,0.004293,1.26483,0,0.06576,0.36,0.963705,1037.66,0,0,0
Suite_5,Forward,1,894,0.004109,0.925114,0,0.067744,0.374784,1.33268,750.368,0,0,0
Suite_5,Forward,1,895,0.004202,0.59213,0,0.067584,0.36144,1.33304,750.165,0,0,0
Suite_5,Forward,1,896,0.004669,2.24735,0,0.066368,0.360448,0.934463,1070.13,0,0,0
Suite_5,Forward,1,897,0.004689,0.594865,0,0.065536,0.370816,2.26627,441.254,0,0,0
Suite_5,Forward,1,898,0.004151,0.707836,0,0.067232,0.360448,0.966005,1035.19,0,0,0
Suite_5,Forward,1,899,0.004137,1.83463,0,0.067584,0.364608,0.774177,1291.69,0,0,0
Suite_5,Forward,1,900,0.003954,0.576888,0,0.069312,0.366592,1.84996,540.553,0,0,0
Suite_5,Forward,1,901,0.004268,2.21246,0,0.065536,0.360448,0.929091,1076.32,0,0,0
Suite_5,Forward,1,902,0.00475,0.586676,0,0.063488,0.3792,2.28075,438.452,0,0,0
Suite_5,Forward,1,903,0.00433,0.67684,0,0.067616,0.366272,0.986754,1013.42,0,0,0
Suite_5,Forward,1,904,0.004201,1.32191,0,0.066112,0.363936,0.782263,1278.34,0,0,0
Suite_5,Forward,1,905,0.004322,0.917959,0,0.067584,0.360064,1.33906,746.793,0,0,0
Suite_5,Forward,1,906,0.004243,0.582619,0,0.066144,0.358432,1.33886,746.905,0,0,0
Suite_5,Forward,1,907,0.004485,2.15082,0,0.063936,0.354176,0.95229,1050.1,0,0,0
Suite_5,Forward,1,908,0.005044,0.590404,0,0.067584,0.3672,2.22438,449.563,0,0,0
Suite_5,Forward,1,909,0.004327,1.25083,0,0.067584,0.36096,0.962723,1038.72,0,0,0
Suite_5,Forward,1,910,0.00434,0.938657,0,0.067328,0.368064,1.3183,758.553,0,0,0
Suite_5,Forward,1,911,0.004222,0.581037,0,0.066912,0.358432,1.33334,749.996,0,0,0
Suite_5,Forward,1,912,0.004351,2.18271,0,0.064512,0.355008,0.950093,1052.53,0,0,0
Suite_5,Forward,1,913,0.004987,0.612146,0,0.067776,0.36224,2.2517,444.109,0,0,0
Suite_5,Forward,1,914,0.004557,1.2251,0,0.067328,0.360448,0.987902,1012.25,0,0,0
Suite_5,Forward,1,915,0.004261,0.971304,0,0.068512,0.365792,1.29192,774.044,0,0,0
Suite_5,Forward,1,916,0.004152,0.576477,0,0.066848,0.359008,1.33895,746.852,0,0,0
Suite_5,Forward,1,917,0.004322,2.19431,0,0.063936,0.358784,0.93093,1074.19,0,0,0
Suite_5,Forward,1,918,0.005032,0.595642,0,0.071904,0.3688,2.26248,441.992,0,0,0
Suite_5,Forward,1,919,0.004207,1.26405,0,0.065792,0.35984,0.966113,1035.08,0,0,0
Suite_5,Forward,1,920,0.00419,0.913875,0,0.067136,0.362816,1.33066,751.505,0,0,0
Suite_5,Forward,1,921,0.004297,0.583834,0,0.066432,0.359392,1.33519,748.955,0,0,0
Suite_5,Forward,1,922,0.004509,2.18589,0,0.063744,0.362752,0.941577,1062.05,0,0,0
Suite_5,Forward,1,923,0.004874,0.590087,0,0.07136,0.393024,2.25428,443.601,0,0,0
Suite_5,Forward,1,924,0.004252,1.28476,0,0.066272,0.36192,0.960201,1041.45,0,0,0
Suite_5,Forward,1,925,0.004387,0.906778,0,0.067584,0.365152,1.35291,739.149,0,0,0
Suite_5,Forward,1,926,0.004225,0.605696,0,0.069632,0.374784,1.32763,753.221,0,0,0
Suite_5,Forward,1,927,0.004677,2.26291,0,0.066976,0.364544,0.925068,1081,0,0,0
Suite_5,Forward,1,928,0.004631,0.588531,0,0.092128,0.384992,2.27973,438.649,0,0,0
Suite_5,Forward,1,929,0.004649,0.737951,0,0.067712,0.361152,0.953179,1049.12,0,0,0
Suite_5,Forward,1,930,0.004199,1.83463,0,0.067584,0.367488,0.805541,1241.4,0,0,0
Suite_5,Forward,1,931,0.004,0.589555,0,0.069632,0.364544,1.85013,540.503,0,0,0
Suite_5,Forward,1,932,0.004248,2.18209,0,0.067296,0.358496,0.958375,1043.43,0,0,0
Suite_5,Forward,1,933,0.004887,0.586094,0,0.063488,0.376,2.2512,444.208,0,0,0
Suite_5,Forward,1,934,0.004469,0.710115,0,0.066272,0.360352,0.977767,1022.74,0,0,0
Suite_5,Forward,1,935,0.004166,1.32121,0,0.067328,0.363872,0.776475,1287.87,0,0,0
Suite_5,Forward,1,936,0.004047,0.931681,0,0.06848,0.372384,1.33673,748.094,0,0,0
Suite_5,Forward,1,937,0.004142,0.586002,0,0.067584,0.36688,1.33987,746.343,0,0,0
Suite_5,Forward,1,938,0.004734,2.18905,0,0.063488,0.386528,0.956316,1045.68,0,0,0
Suite_5,Forward,1,939,0.004711,0.594111,0,0.06704,0.359104,2.25675,443.115,0,0,0
Suite_5,Forward,1,940,0.004181,1.18215,0,0.066016,0.358176,1.01447,985.733,0,0,0
Suite_5,Forward,1,941,0.004185,0.971622,0,0.06592,0.362816,1.30117,768.54,0,0,0
Suite_5,Forward,1,942,0.00525,0.607424,0,0.068512,0.362176,1.34658,742.622,0,0,0
Suite_5,Forward,1,943,0.004437,2.21793,0,0.063936,0.354304,0.939339,1064.58,0,0,0
Suite_5,Forward,1,944,0.004442,0.596257,0,0.06752,0.37232,2.23492,447.444,0,0,0
Suite_5,Forward,1,945,0.004245,1.26657,0,0.067552,0.364192,0.967476,1033.62,0,0,0
Suite_5,Forward,1,946,0.004342,0.915244,0,0.068768,0.366176,1.3341,749.571,0,0,0
Suite_5,Forward,1,947,0.004235,0.578795,0,0.067264,0.364544,1.33481,749.17,0,0,0
Suite_5,Forward,1,948,0.004573,2.265,0,0.06544,0.360096,0.912957,1095.34,0,0,0
Suite_5,Forward,1,949,0.004517,0.585347,0,0.06736,0.35904,2.28333,437.956,0,0,0
Suite_5,Forward,1,950,0.004166,1.198,0,0.067744,0.366496,0.983876,1016.39,0,0,0
Suite_5,Forward,1,951,0.004154,0.929442,0,0.06768,0.364544,1.3062,765.581,0,0,0
Suite_5,Forward,1,952,0.004355,0.582978,0,0.066784,0.35728,1.34916,741.201,0,0,0
Suite_5,Forward,1,953,0.004484,2.17929,0,0.063328,0.353984,0.953751,1048.49,0,0,0
Suite_5,Forward,1,954,0.004682,0.614824,0,0.073216,0.370688,2.24787,444.865,0,0,0
Suite_5,Forward,1,955,0.004462,1.2357,0,0.067584,0.36032,0.985629,1014.58,0,0,0
Suite_5,Forward,1,956,0.004477,0.912188,0,0.067424,0.36784,1.303,767.457,0,0,0
Suite_5,Forward,1,957,0.004453,0.588001,0,0.066048,0.366592,1.33999,746.273,0,0,0
Suite_5,Forward,1,958,0.004474,2.27443,0,0.063488,0.357984,0.90828,1100.98,0,0,0
Suite_5,Forward,1,959,0.0049,0.584185,0,0.088832,0.38816,2.29169,436.36,0,0,0
Suite_5,Forward,1,960,0.004328,1.20065,0,0.065536,0.359776,0.990266,1009.83,0,0,0
Suite_5,Forward,1,961,0.004306,0.919419,0,0.065632,0.361152,1.31882,758.251,0,0,0
Suite_5,Forward,1,962,0.004242,0.581133,0,0.067584,0.365056,1.33461,749.284,0,0,0
Suite_5,Forward,1,963,0.004408,2.17442,0,0.065792,0.356896,0.950547,1052.03,0,0,0
Suite_5,Forward,1,964,0.005198,0.587318,0,0.090304,0.38304,2.24215,446,0,0,0
Suite_5,Forward,1,965,0.004261,0.734079,0,0.067808,0.363104,0.959282,1042.45,0,0,0
Suite_5,Forward,1,966,0.004264,1.83942,0,0.069056,0.368928,0.801251,1248.05,0,0,0
Suite_5,Forward,1,967,0.00394,0.586658,0,0.067968,0.364544,1.85503,539.075,0,0,0
Suite_5,Forward,1,968,0.004489,2.17057,0,0.067072,0.368864,0.955434,1046.64,0,0,0
Suite_5,Forward,1,969,0.00479,0.620154,0,0.06432,0.37888,2.23994,446.44,0,0,0
Suite_5,Forward,1,970,0.004677,0.711984,0,0.067264,0.361216,0.991459,1008.61,0,0,0
Suite_5,Forward,1,971,0.004254,1.33272,0,0.065536,0.364544,0.784765,1274.27,0,0,0
Suite_5,Forward,1,972,0.003984,0.924205,0,0.066272,0.363584,1.3483,741.675,0,0,0
Suite_5,Forward,1,973,0.004216,0.578759,0,0.065536,0.36512,1.3456,743.161,0,0,0
Suite_5,Forward,1,974,0.004748,2.18246,0,0.063488,0.37888,0.930619,1074.55,0,0,0
Suite_5,Forward,1,975,0.00473,0.590884,0,0.06816,0.369696,2.25054,444.338,0,0,0
Suite_5,Forward,1,976,0.004339,1.27936,0,0.067584,0.362944,0.963388,1038,0,0,0
Suite_5,Forward,1,977,0.004289,0.912946,0,0.06768,0.360448,1.34776,741.972,0,0,0
Suite_5,Forward,1,978,0.004248,0.576161,0,0.066368,0.36592,1.33339,749.971,0,0,0
Suite_5,Forward,1,979,0.004563,2.18202,0,0.064032,0.3536,0.948882,1053.87,0,0,0
Suite_5,Forward,1,980,0.004771,0.610732,0,0.067104,0.36288,2.24935,444.573,0,0,0
Suite_5,Forward,1,981,0.004351,1.2668,0,0.065984,0.360736,0.960977,1040.61,0,0,0
Suite_5,Forward,1,982,0.004502,0.911651,0,0.066848,0.360192,1.33435,749.429,0,0,0
Suite_5,Forward,1,983,0.0043,0.586707,0,0.06736,0.366752,1.33129,751.153,0,0,0
Suite_5,Forward,1,984,0.004366,2.27135,0,0.065152,0.35776,0.905871,1103.91,0,0,0
Suite_5,Forward,1,985,0.004792,0.583021,0,0.067584,0.361728,2.28958,436.761,0,0,0
Suite_5,Forward,1,986,0.004254,1.27934,0,0.067392,0.358496,0.953803,1048.43,0,0,0
Suite_5,Forward,1,987,0.00426,0.92423,0,0.067776,0.364416,1.34584,743.028,0,0,0
Suite_5,Forward,1,988,0.0044,0.58072,0,0.067936,0.372736,1.33366,749.816,0,0,0
Suite_5,Forward,1,989,0.004511,2.17534,0,0.062656,0.353632,0.957917,1043.93,0,0,0
Suite_5,Forward,1,990,0.004738,0.594939,0,0.07264,0.37888,2.24426,445.581,0,0,0
Suite_5,Forward,1,991,0.004226,1.26317,0,0.066912,0.357216,0.964989,1036.28,0,0,0
Suite_5,Forward,1,992,0.004077,0.908359,0,0.066976,0.368352,1.32929,752.281,0,0,0
Suite_5,Forward,1,993,0.004308,0.588696,0,0.067584,0.360448,1.33337,749.979,0,0,0
Suite_5,Forward,1,994,0.004643,2.15791,0,0.064192,0.356352,0.961688,1039.84,0,0,0
Suite_5,Forward,1,995,0.004885,0.595065,0,0.089984,0.383712,2.22575,449.286,0,0,0
Suite_5,Forward,1,996,0.00434,1.26755,0,0.065696,0.360448,0.965403,1035.84,0,0,0
Suite_5,Forward,1,997,0.004222,0.908389,0,0.066112,0.360096,1.33559,748.733,0,0,0
Suite_5,Forward,1,998,0.00441,0.576332,0,0.067712,0.364416,1.32911,752.381,0,0,0
Suite_5,Forward,1,999,0.004603,2.25534,0,0.067648,0.362496,0.912533,1095.85,0,0,0
Suite_5,Forward,1,1000,0.004527,0.6249,0,0.090112,0.382976,2.27303,439.942,0,0,0
Suite_5,Deferred_Uber,1,1,0.006227,0.631681,0.085888,0.108544,0.507616,2.09217,477.973,0,0,0
Suite_5,Deferred_Uber,1,2,0.00422,1.31858,0.086016,0.108416,0.510656,0.651091,1535.88,0,0,0
Suite_5,Deferred_Uber,1,3,0.004502,0.61905,0.086016,0.108544,0.524416,1.49502,668.889,0,0,0
Suite_5,Deferred_Uber,1,4,0.004639,2.30738,0.086112,0.129024,0.53392,1.06833,936.038,0,0,0
Suite_5,Deferred_Uber,1,5,0.005227,0.668871,0.085888,0.11776,0.522016,2.45019,408.132,0,0,0
Suite_5,Deferred_Uber,1,6,0.004432,1.37814,0.086016,0.108544,0.51856,1.09345,914.541,0,0,0
Suite_5,Deferred_Uber,1,7,0.004403,1.07667,0.087168,0.108544,0.521696,1.49799,667.559,0,0,0
Suite_5,Deferred_Uber,1,8,0.004384,0.631365,0.086016,0.10816,0.50768,1.54918,645.501,0,0,0
Suite_5,Deferred_Uber,1,9,0.004394,2.25042,0.086016,0.122752,0.530304,1.09012,917.328,0,0,0
Suite_5,Deferred_Uber,1,10,0.01661,1.11625,0.086016,0.108544,0.516192,2.42256,412.787,0,0,0
Suite_5,Deferred_Uber,1,11,0.004107,0.997115,0.084736,0.108544,0.509952,1.60917,621.438,0,0,0
Suite_5,Deferred_Uber,1,12,0.004361,0.609262,0.085952,0.109472,0.509536,1.491,670.69,0,0,0
Suite_5,Deferred_Uber,1,13,0.004127,0.90696,0.085888,0.110592,0.512,0.935279,1069.2,0,0,0
Suite_5,Deferred_Uber,1,14,0.004159,0.935163,0.086016,0.10656,0.50672,0.925365,1080.65,0,0,0
Suite_5,Deferred_Uber,1,15,0.006603,0.905554,0.086016,0.107328,0.532096,0.959282,1042.45,0,0,0
Suite_5,Deferred_Uber,1,16,0.005682,1.46801,0.085856,0.11264,0.512,0.944511,1058.75,0,0,0
Suite_5,Deferred_Uber,1,17,0.016174,1.07681,0.086016,0.108544,0.51184,1.49083,670.768,0,0,0
Suite_5,Deferred_Uber,1,18,0.004738,1.96125,0.08704,0.108544,0.519424,1.55967,641.163,0,0,0
Suite_5,Deferred_Uber,1,19,0.004307,0.63025,0.107584,0.111968,0.544768,2.4335,410.93,0,0,0
Suite_5,Deferred_Uber,1,20,0.004615,0.902687,0.08944,0.106496,0.520672,1.0871,919.874,0,0,0
Suite_5,Deferred_Uber,1,21,0.004267,1.42387,0.08704,0.109632,0.513792,1.0242,976.376,0,0,0
Suite_5,Deferred_Uber,1,22,0.004179,1.07841,0.086048,0.110592,0.520192,1.4933,669.658,0,0,0
Suite_5,Deferred_Uber,1,23,0.004125,0.625057,0.086016,0.106464,0.527808,1.55021,645.073,0,0,0
Suite_5,Deferred_Uber,1,24,0.004523,2.26453,0.086016,0.106496,0.510528,1.07264,932.277,0,0,0
Suite_5,Deferred_Uber,1,25,0.005113,1.10861,0.086016,0.109184,0.519424,2.4369,410.358,0,0,0
Suite_5,Deferred_Uber,1,26,0.004196,1.05692,0.086112,0.109216,0.519648,1.59428,627.244,0,0,0
Suite_5,Deferred_Uber,1,27,0.004253,0.610017,0.08704,0.109952,0.515648,1.51486,660.129,0,0,0
Suite_5,Deferred_Uber,1,28,0.004621,0.916787,0.08608,0.108544,0.509952,0.93052,1074.67,0,0,0
Suite_5,Deferred_Uber,1,29,0.003944,0.902882,0.086048,0.106272,0.524288,0.935612,1068.82,0,0,0
Suite_5,Deferred_Uber,1,30,0.003926,0.933212,0.086016,0.125696,0.5384,0.920658,1086.18,0,0,0
Suite_5,Deferred_Uber,1,31,0.004089,1.48408,0.086016,0.109632,0.522368,0.950073,1052.55,0,0,0
Suite_5,Deferred_Uber,1,32,0.004099,1.11942,0.086016,0.10864,0.51456,1.5011,666.18,0,0,0
Suite_5,Deferred_Uber,1,33,0.004703,1.96139,0.08608,0.10752,0.509952,1.5847,631.033,0,0,0
Suite_5,Deferred_Uber,1,34,0.015916,0.636482,0.086048,0.108544,0.528384,2.43571,410.558,0,0,0
Suite_5,Deferred_Uber,1,35,0.004489,1.29533,0.086112,0.108544,0.51424,1.13752,879.104,0,0,0
Suite_5,Deferred_Uber,1,36,0.004378,1.08525,0.086016,0.1088,0.523904,1.46453,682.812,0,0,0
Suite_5,Deferred_Uber,1,37,0.004439,0.622817,0.086016,0.109504,0.520192,1.57767,633.848,0,0,0
Suite_5,Deferred_Uber,1,38,0.004741,2.30814,0.106656,0.112512,0.541472,1.06523,938.76,0,0,0
Suite_5,Deferred_Uber,1,39,0.004853,0.648546,0.085984,0.109344,0.507904,2.44046,409.758,0,0,0
Suite_5,Deferred_Uber,1,40,0.004241,1.29403,0.086016,0.108128,0.515616,1.12087,892.163,0,0,0
Suite_5,Deferred_Uber,1,41,0.004125,1.0839,0.08608,0.110528,0.52224,1.4643,682.918,0,0,0
Suite_5,Deferred_Uber,1,42,0.004154,0.647882,0.086144,0.107648,0.53008,1.55019,645.084,0,0,0
Suite_5,Deferred_Uber,1,43,0.004287,2.33773,0.105984,0.108224,0.539424,1.06917,935.304,0,0,0
Suite_5,Deferred_Uber,1,44,0.016277,1.12183,0.086016,0.109856,0.509984,2.45713,406.98,0,0,0
Suite_5,Deferred_Uber,1,45,0.004446,1.01156,0.086112,0.10896,0.511712,1.63419,611.924,0,0,0
Suite_5,Deferred_Uber,1,46,0.004171,0.605143,0.087168,0.110496,0.520736,1.48461,673.579,0,0,0
Suite_5,Deferred_Uber,1,47,0.004141,0.920223,0.085856,0.110592,0.5192,0.936735,1067.54,0,0,0
Suite_5,Deferred_Uber,1,48,0.004069,0.915888,0.085824,0.107648,0.51248,0.936886,1067.37,0,0,0
Suite_5,Deferred_Uber,1,49,0.003989,0.915454,0.086016,0.131424,0.535264,0.934246,1070.38,0,0,0
Suite_5,Deferred_Uber,1,50,0.003996,1.49194,0.086016,0.110208,0.520512,0.933215,1071.56,0,0,0
Suite_5,Deferred_Uber,1,51,0.004146,1.0997,0.086016,0.110976,0.511712,1.50889,662.741,0,0,0
Suite_5,Deferred_Uber,1,52,0.00471,1.96003,0.08592,0.108288,0.514048,1.57121,636.451,0,0,0
Suite_5,Deferred_Uber,1,53,0.008096,0.689511,0.08608,0.110528,0.512,2.4805,403.144,0,0,0
Suite_5,Deferred_Uber,1,54,0.005316,1.34347,0.086176,0.110592,0.513696,1.11927,893.436,0,0,0
Suite_5,Deferred_Uber,1,55,0.004683,1.06274,0.086016,0.108704,0.516096,1.46376,683.171,0,0,0
Suite_5,Deferred_Uber,1,56,0.00473,0.622979,0.086144,0.109472,0.519264,1.54949,645.374,0,0,0
Suite_5,Deferred_Uber,1,57,0.005122,2.22739,0.086208,0.128672,0.534016,1.09711,911.487,0,0,0
Suite_5,Deferred_Uber,1,58,0.004943,0.639575,0.085952,0.12288,0.528384,2.39966,416.727,0,0,0
Suite_5,Deferred_Uber,1,59,0.004662,1.32421,0.086016,0.108608,0.511584,1.11973,893.076,0,0,0
Suite_5,Deferred_Uber,1,60,0.004368,1.09878,0.086144,0.108544,0.516096,1.49341,669.609,0,0,0
Suite_5,Deferred_Uber,1,61,0.004539,0.614623,0.086304,0.108352,0.5096,1.5546,643.253,0,0,0
Suite_5,Deferred_Uber,1,62,0.004522,2.26001,0.108544,0.106496,0.534624,1.08751,919.533,0,0,0
Suite_5,Deferred_Uber,1,63,0.005103,1.13224,0.086048,0.108768,0.509952,2.43046,411.444,0,0,0
Suite_5,Deferred_Uber,1,64,0.004548,1.01549,0.086016,0.11056,0.509952,1.60451,623.242,0,0,0
Suite_5,Deferred_Uber,1,65,0.004272,0.606443,0.08608,0.108544,0.514048,1.4888,671.683,0,0,0
Suite_5,Deferred_Uber,1,66,0.004429,0.855567,0.086016,0.108736,0.508672,0.961863,1039.65,0,0,0
Suite_5,Deferred_Uber,1,67,0.004439,0.897221,0.086016,0.108704,0.512672,0.92358,1082.74,0,0,0
Suite_5,Deferred_Uber,1,68,0.004118,0.926749,0.086304,0.10752,0.525536,0.91414,1093.92,0,0,0
Suite_5,Deferred_Uber,1,69,0.004152,1.47237,0.086016,0.110528,0.52016,0.950902,1051.63,0,0,0
Suite_5,Deferred_Uber,1,70,0.004113,1.09643,0.086016,0.109056,0.518144,1.49022,671.04,0,0,0
Suite_5,Deferred_Uber,1,71,0.004834,1.95591,0.086016,0.108544,0.520448,1.5736,635.488,0,0,0
Suite_5,Deferred_Uber,1,72,0.004593,0.615212,0.086016,0.108736,0.510592,2.42952,411.604,0,0,0
Suite_5,Deferred_Uber,1,73,0.004836,1.34011,0.086016,0.108576,0.516704,1.09429,913.837,0,0,0
Suite_5,Deferred_Uber,1,74,0.008648,1.06422,0.086048,0.109696,0.515424,1.51114,661.75,0,0,0
Suite_5,Deferred_Uber,1,75,0.004362,0.620708,0.085952,0.109664,0.521312,1.55243,644.151,0,0,0
Suite_5,Deferred_Uber,1,76,0.004751,2.23869,0.086016,0.130272,0.538496,1.09306,914.862,0,0,0
Suite_5,Deferred_Uber,1,77,0.005077,0.626253,0.086016,0.108832,0.522848,2.41085,414.792,0,0,0
Suite_5,Deferred_Uber,1,78,0.004879,1.32941,0.085888,0.110432,0.518144,1.10869,901.966,0,0,0
Suite_5,Deferred_Uber,1,79,0.004229,1.0844,0.086144,0.109792,0.512,1.4988,667.2,0,0,0
Suite_5,Deferred_Uber,1,80,0.004443,0.618113,0.086016,0.106752,0.514496,1.5556,642.838,0,0,0
Suite_5,Deferred_Uber,1,81,0.004536,2.22905,0.086016,0.129248,0.530944,1.10841,902.191,0,0,0
Suite_5,Deferred_Uber,1,82,0.004797,1.13698,0.086016,0.10848,0.516096,2.41729,413.687,0,0,0
Suite_5,Deferred_Uber,1,83,0.004461,0.974185,0.086016,0.110496,0.51264,1.6096,621.272,0,0,0
Suite_5,Deferred_Uber,1,84,0.004482,0.620357,0.086016,0.109728,0.515744,1.49883,667.187,0,0,0
Suite_5,Deferred_Uber,1,85,0.00454,0.893411,0.08624,0.110592,0.509952,0.946896,1056.08,0,0,0
Suite_5,Deferred_Uber,1,86,0.004234,0.905738,0.08624,0.10672,0.512,0.911659,1096.9,0,0,0
Suite_5,Deferred_Uber,1,87,0.004098,0.918548,0.085952,0.108544,0.534528,0.922501,1084.01,0,0,0
Suite_5,Deferred_Uber,1,88,0.004088,1.49632,0.086016,0.108544,0.510144,0.935117,1069.38,0,0,0
Suite_5,Deferred_Uber,1,89,0.004199,1.0991,0.085952,0.108544,0.516192,1.5142,660.414,0,0,0
Suite_5,Deferred_Uber,1,90,0.0046,1.97222,0.086016,0.108544,0.515744,1.56126,640.507,0,0,0
Suite_5,Deferred_Uber,1,91,0.004352,0.612184,0.110592,0.11296,0.540576,2.4441,409.148,0,0,0
Suite_5,Deferred_Uber,1,92,0.005021,0.848095,0.089376,0.10816,0.516576,1.07481,930.401,0,0,0
Suite_5,Deferred_Uber,1,93,0.00428,1.37071,0.086016,0.108736,0.516864,1.01914,981.22,0,0,0
Suite_5,Deferred_Uber,1,94,0.004238,1.08425,0.08592,0.11072,0.517568,1.48966,671.294,0,0,0
Suite_5,Deferred_Uber,1,95,0.004346,0.611043,0.086016,0.106944,0.534368,1.5555,642.879,0,0,0
Suite_5,Deferred_Uber,1,96,0.004572,2.22905,0.086016,0.107968,0.524928,1.09157,916.11,0,0,0
Suite_5,Deferred_Uber,1,97,0.005103,1.1445,0.085984,0.10992,0.515328,2.42549,412.288,0,0,0
Suite_5,Deferred_Uber,1,98,0.004395,0.992278,0.086272,0.110176,0.512,1.61787,618.098,0,0,0
Suite_5,Deferred_Uber,1,99,0.004446,0.637041,0.086176,0.108768,0.514016,1.49843,667.365,0,0,0
Suite_5,Deferred_Uber,1,100,0.00452,0.902722,0.086016,0.109856,0.52224,0.957839,1044.02,0,0,0
Suite_5,Deferred_Uber,1,101,0.004099,0.904972,0.086016,0.106528,0.538624,0.927893,1077.71,0,0,0
Suite_5,Deferred_Uber,1,102,0.003948,0.939057,0.086016,0.129664,0.539584,0.922637,1083.85,0,0,0
Suite_5,Deferred_Uber,1,103,0.003976,1.43703,0.086016,0.108544,0.51856,0.955525,1046.55,0,0,0
Suite_5,Deferred_Uber,1,104,0.004183,1.09912,0.086016,0.108704,0.518528,1.50421,664.802,0,0,0
Suite_5,Deferred_Uber,1,105,0.004439,1.98174,0.086016,0.108512,0.508544,1.57437,635.174,0,0,0
Suite_5,Deferred_Uber,1,106,0.005451,0.632658,0.086016,0.108544,0.532864,2.45626,407.122,0,0,0
Suite_5,Deferred_Uber,1,107,0.004508,1.32625,0.086016,0.108544,0.518144,1.11321,898.306,0,0,0
Suite_5,Deferred_Uber,1,108,0.004405,1.08599,0.086016,0.108576,0.512,1.49508,668.86,0,0,0
Suite_5,Deferred_Uber,1,109,0.004426,0.612558,0.08576,0.109568,0.51136,1.55907,641.408,0,0,0
Suite_5,Deferred_Uber,1,110,0.004586,2.20141,0.110784,0.112608,0.546016,1.10068,908.525,0,0,0
Suite_5,Deferred_Uber,1,111,0.004887,0.641674,0.086016,0.110368,0.5128,2.38925,418.541,0,0,0
Suite_5,Deferred_Uber,1,112,0.004297,1.32499,0.086016,0.108544,0.519872,1.11382,897.813,0,0,0
Suite_5,Deferred_Uber,1,113,0.004258,1.05664,0.086016,0.110592,0.516096,1.49941,666.927,0,0,0
Suite_5,Deferred_Uber,1,114,0.004251,0.616661,0.086016,0.106624,0.528928,1.55197,644.344,0,0,0
Suite_5,Deferred_Uber,1,115,0.004799,2.27203,0.106816,0.106624,0.539072,1.07258,932.327,0,0,0
Suite_5,Deferred_Uber,1,116,0.004994,1.15427,0.086016,0.108544,0.513696,2.44233,409.445,0,0,0
Suite_5,Deferred_Uber,1,117,0.004503,1.00438,0.086016,0.110592,0.514048,1.62889,613.915,0,0,0
Suite_5,Deferred_Uber,1,118,0.004317,0.609858,0.08736,0.109952,0.517472,1.48151,674.987,0,0,0
Suite_5,Deferred_Uber,1,119,0.004236,0.85213,0.085984,0.108544,0.507904,0.980351,1020.04,0,0,0
Suite_5,Deferred_Uber,1,120,0.004193,0.902893,0.08608,0.107008,0.508736,0.919414,1087.65,0,0,0
Suite_5,Deferred_Uber,1,121,0.003945,0.924491,0.086016,0.133248,0.533408,0.921016,1085.76,0,0,0
Suite_5,Deferred_Uber,1,122,0.003975,1.49669,0.08608,0.108672,0.518144,0.941452,1062.19,0,0,0
Suite_5,Deferred_Uber,1,123,0.005339,1.09061,0.086016,0.109376,0.511488,1.51541,659.889,0,0,0
Suite_5,Deferred_Uber,1,124,0.004842,1.9593,0.086272,0.110592,0.517952,1.56306,639.77,0,0,0
Suite_5,Deferred_Uber,1,125,0.005126,0.63383,0.086016,0.10864,0.509664,2.44009,409.821,0,0,0
Suite_5,Deferred_Uber,1,126,0.008667,1.32164,0.085952,0.109408,0.514048,1.10731,903.092,0,0,0
Suite_5,Deferred_Uber,1,127,0.004404,1.07901,0.085952,0.108544,0.524288,1.49485,668.963,0,0,0
Suite_5,Deferred_Uber,1,128,0.004428,0.609743,0.085728,0.11056,0.519712,1.55043,644.984,0,0,0
Suite_5,Deferred_Uber,1,129,0.004666,2.26407,0.086144,0.12576,0.534528,1.06812,936.224,0,0,0
Suite_5,Deferred_Uber,1,130,0.004872,0.639062,0.086016,0.120704,0.52704,2.43529,410.628,0,0,0
Suite_5,Deferred_Uber,1,131,0.004384,1.3345,0.086016,0.10816,0.51616,1.11108,900.027,0,0,0
Suite_5,Deferred_Uber,1,132,0.004508,1.05522,0.086016,0.1112,0.519072,1.50276,665.444,0,0,0
Suite_5,Deferred_Uber,1,133,0.004474,0.6149,0.086016,0.106496,0.537952,1.56316,639.731,0,0,0
Suite_5,Deferred_Uber,1,134,0.004493,2.28045,0.109248,0.106496,0.54272,1.08735,919.665,0,0,0
Suite_5,Deferred_Uber,1,135,0.005327,1.11323,0.08704,0.11024,0.518176,2.45044,408.089,0,0,0
Suite_5,Deferred_Uber,1,136,0.004334,0.973141,0.086016,0.107904,0.510272,1.60582,622.736,0,0,0
Suite_5,Deferred_Uber,1,137,0.004201,0.602868,0.086016,0.108928,0.514048,1.49639,668.277,0,0,0
Suite_5,Deferred_Uber,1,138,0.004272,0.854304,0.086112,0.110592,0.512,0.961098,1040.48,0,0,0
Suite_5,Deferred_Uber,1,139,0.004418,0.902777,0.08496,0.106496,0.514048,0.921987,1084.61,0,0,0
Suite_5,Deferred_Uber,1,140,0.003957,0.935685,0.086016,0.115104,0.531168,0.919648,1087.37,0,0,0
Suite_5,Deferred_Uber,1,141,0.004009,1.43437,0.086016,0.108544,0.517344,0.95713,1044.79,0,0,0
Suite_5,Deferred_Uber,1,142,0.004362,1.09932,0.085824,0.11264,0.515168,1.50253,665.543,0,0,0
Suite_5,Deferred_Uber,1,143,0.004434,1.97362,0.086208,0.109504,0.516096,1.57083,636.606,0,0,0
Suite_5,Deferred_Uber,1,144,0.005166,0.637924,0.086016,0.108032,0.507552,2.43924,409.964,0,0,0
Suite_5,Deferred_Uber,1,145,0.004482,1.3288,0.086336,0.110592,0.514048,1.11179,899.447,0,0,0
Suite_5,Deferred_Uber,1,146,0.00437,1.07857,0.086016,0.110592,0.516032,1.49881,667.198,0,0,0
Suite_5,Deferred_Uber,1,147,0.004322,0.624174,0.087264,0.109952,0.520288,1.54867,645.716,0,0,0
Suite_5,Deferred_Uber,1,148,0.004502,2.23379,0.086208,0.12848,0.540672,1.09566,912.689,0,0,0
Suite_5,Deferred_Uber,1,149,0.005208,0.616637,0.085952,0.118528,0.516096,2.4052,415.766,0,0,0
Suite_5,Deferred_Uber,1,150,0.004277,1.28056,0.086016,0.10864,0.518368,1.13332,882.365,0,0,0
Suite_5,Deferred_Uber,1,151,0.004365,1.0344,0.087232,0.110592,0.515552,1.47547,677.752,0,0,0
Suite_5,Deferred_Uber,1,152,0.004186,0.625264,0.086016,0.106816,0.510976,1.55594,642.697,0,0,0
Suite_5,Deferred_Uber,1,153,0.004695,2.24798,0.086048,0.10672,0.531424,1.09834,910.468,0,0,0
Suite_5,Deferred_Uber,1,154,0.005003,1.10524,0.086016,0.108896,0.512896,2.41949,413.311,0,0,0
Suite_5,Deferred_Uber,1,155,0.004438,0.964564,0.086016,0.10896,0.520032,1.6121,620.31,0,0,0
Suite_5,Deferred_Uber,1,156,0.004455,0.607873,0.086112,0.109824,0.509888,1.48669,672.634,0,0,0
Suite_5,Deferred_Uber,1,157,0.004568,0.843988,0.086016,0.108544,0.520256,0.979899,1020.51,0,0,0
Suite_5,Deferred_Uber,1,158,0.004385,0.913108,0.086016,0.107488,0.509952,0.913016,1095.27,0,0,0
Suite_5,Deferred_Uber,1,159,0.004001,0.919617,0.086016,0.106496,0.529856,0.929784,1075.52,0,0,0
Suite_5,Deferred_Uber,1,160,0.004097,1.49699,0.085952,0.108448,0.517408,0.935864,1068.53,0,0,0
Suite_5,Deferred_Uber,1,161,0.004131,1.08928,0.086048,0.110592,0.518144,1.51502,660.059,0,0,0
Suite_5,Deferred_Uber,1,162,0.004636,1.96751,0.085728,0.108544,0.514112,1.56166,640.345,0,0,0
Suite_5,Deferred_Uber,1,163,0.004456,0.607434,0.085984,0.10704,0.515648,2.43931,409.953,0,0,0
Suite_5,Deferred_Uber,1,164,0.005304,1.39254,0.086048,0.109056,0.515552,1.07679,928.682,0,0,0
Suite_5,Deferred_Uber,1,165,0.004741,1.06435,0.08608,0.10864,0.514016,1.53855,649.961,0,0,0
Suite_5,Deferred_Uber,1,166,0.004339,0.618427,0.086016,0.110816,0.5232,1.53762,650.357,0,0,0
Suite_5,Deferred_Uber,1,167,0.004538,2.24254,0.086016,0.126976,0.534816,1.08988,917.529,0,0,0
Suite_5,Deferred_Uber,1,168,0.004821,0.628505,0.086016,0.10672,0.530752,2.41617,413.879,0,0,0
Suite_5,Deferred_Uber,1,169,0.004383,1.24465,0.086016,0.108736,0.514464,1.1555,865.424,0,0,0
Suite_5,Deferred_Uber,1,170,0.004444,1.0329,0.086016,0.108544,0.512064,1.46955,680.482,0,0,0
Suite_5,Deferred_Uber,1,171,0.004259,0.612275,0.086016,0.107968,0.510272,1.55525,642.982,0,0,0
Suite_5,Deferred_Uber,1,172,0.00509,2.25961,0.085888,0.131296,0.542336,1.07999,925.938,0,0,0
Suite_5,Deferred_Uber,1,173,0.005339,1.08726,0.085984,0.110432,0.512,2.43241,411.114,0,0,0
Suite_5,Deferred_Uber,1,174,0.004384,0.990723,0.086144,0.108928,0.517056,1.61574,618.911,0,0,0
Suite_5,Deferred_Uber,1,175,0.004273,0.609991,0.086016,0.108832,0.516608,1.487,672.495,0,0,0
Suite_5,Deferred_Uber,1,176,0.004317,0.907988,0.086208,0.110048,0.51712,0.929739,1075.57,0,0,0
Suite_5,Deferred_Uber,1,177,0.004045,0.909093,0.086112,0.107296,0.509952,0.926105,1079.79,0,0,0
Suite_5,Deferred_Uber,1,178,0.003951,0.91866,0.085824,0.108352,0.540064,0.926297,1079.57,0,0,0
Suite_5,Deferred_Uber,1,179,0.003931,1.50431,0.086016,0.10848,0.519168,0.934915,1069.62,0,0,0
Suite_5,Deferred_Uber,1,180,0.003987,1.05941,0.08608,0.109728,0.513376,1.52046,657.694,0,0,0
Suite_5,Deferred_Uber,1,181,0.004718,1.95505,0.086048,0.110176,0.51792,1.57027,636.832,0,0,0
Suite_5,Deferred_Uber,1,182,0.004343,0.609667,0.108704,0.114624,0.538624,2.4277,411.912,0,0,0
Suite_5,Deferred_Uber,1,183,0.004718,0.849041,0.086016,0.107936,0.508704,1.06967,934.864,0,0,0
Suite_5,Deferred_Uber,1,184,0.004565,1.42151,0.086016,0.11264,0.515712,1.01894,981.415,0,0,0
Suite_5,Deferred_Uber,1,185,0.004364,1.07869,0.086016,0.108544,0.516448,1.4911,670.647,0,0,0
Suite_5,Deferred_Uber,1,186,0.004274,0.618578,0.086016,0.106816,0.541504,1.55107,644.716,0,0,0
Suite_5,Deferred_Uber,1,187,0.00443,2.26074,0.086112,0.10816,0.530432,1.10355,906.163,0,0,0
Suite_5,Deferred_Uber,1,188,0.004738,1.10562,0.086016,0.10896,0.520576,2.43061,411.42,0,0,0
Suite_5,Deferred_Uber,1,189,0.004379,0.964436,0.0872,0.1096,0.511936,1.62987,613.547,0,0,0
Suite_5,Deferred_Uber,1,190,0.004609,0.628539,0.086016,0.110592,0.516576,1.49019,671.054,0,0,0
Suite_5,Deferred_Uber,1,191,0.00534,0.896309,0.087136,0.108544,0.513984,0.950246,1052.36,0,0,0
Suite_5,Deferred_Uber,1,192,0.00404,0.910079,0.086016,0.10752,0.518208,0.914518,1093.47,0,0,0
Suite_5,Deferred_Uber,1,193,0.00406,0.924162,0.08624,0.130144,0.534336,0.927858,1077.75,0,0,0
Suite_5,Deferred_Uber,1,194,0.004033,1.48856,0.086496,0.108544,0.519168,0.941689,1061.92,0,0,0
Suite_5,Deferred_Uber,1,195,0.003963,1.08954,0.086016,0.109152,0.518144,1.50503,664.439,0,0,0
Suite_5,Deferred_Uber,1,196,0.004566,1.98403,0.085792,0.107904,0.507136,1.56953,637.135,0,0,0
Suite_5,Deferred_Uber,1,197,0.004719,0.618271,0.086016,0.106816,0.507712,2.46499,405.681,0,0,0
Suite_5,Deferred_Uber,1,198,0.004713,1.30501,0.086016,0.11104,0.512608,1.12137,891.764,0,0,0
Suite_5,Deferred_Uber,1,199,0.004299,1.07505,0.086048,0.110592,0.516096,1.47417,678.346,0,0,0
Suite_5,Deferred_Uber,1,200,0.004411,0.611221,0.086016,0.109472,0.524288,1.54611,646.783,0,0,0
Suite_5,Deferred_Uber,1,201,0.004598,2.22792,0.105632,0.11264,0.545632,1.08488,921.764,0,0,0
Suite_5,Deferred_Uber,1,202,0.004632,0.62348,0.085888,0.118784,0.518144,2.4164,413.839,0,0,0
Suite_5,Deferred_Uber,1,203,0.004338,1.2504,0.086016,0.109056,0.518176,1.1457,872.83,0,0,0
Suite_5,Deferred_Uber,1,204,0.004173,1.13383,0.086016,0.108544,0.515584,1.46932,680.585,0,0,0
Suite_5,Deferred_Uber,1,205,0.00891,0.695272,0.08496,0.106496,0.530624,1.64434,608.145,0,0,0
Suite_5,Deferred_Uber,1,206,0.005051,2.40082,0.108992,0.107104,0.540672,1.02806,972.71,0,0,0
Suite_5,Deferred_Uber,1,207,0.005004,1.08048,0.085888,0.108544,0.511328,2.43337,410.953,0,0,0
Suite_5,Deferred_Uber,1,208,0.004428,0.957964,0.087168,0.109984,0.516096,1.60383,623.508,0,0,0
Suite_5,Deferred_Uber,1,209,0.004331,0.619676,0.086048,0.109408,0.511264,1.4853,673.263,0,0,0
Suite_5,Deferred_Uber,1,210,0.004386,0.910934,0.086016,0.108768,0.522944,0.941217,1062.45,0,0,0
Suite_5,Deferred_Uber,1,211,0.004065,0.91742,0.086144,0.106912,0.519168,0.928206,1077.35,0,0,0
Suite_5,Deferred_Uber,1,212,0.004116,0.93371,0.086016,0.107072,0.509216,0.934232,1070.4,0,0,0
Suite_5,Deferred_Uber,1,213,0.004052,1.45811,0.08608,0.108704,0.511488,0.952709,1049.64,0,0,0
Suite_5,Deferred_Uber,1,214,0.004036,1.08917,0.084992,0.108544,0.522368,1.47602,677.497,0,0,0
Suite_5,Deferred_Uber,1,215,0.004744,1.97518,0.086144,0.108544,0.516096,1.56094,640.641,0,0,0
Suite_5,Deferred_Uber,1,216,0.004409,0.627974,0.087232,0.106496,0.506112,2.4424,409.434,0,0,0
Suite_5,Deferred_Uber,1,217,0.004964,1.41179,0.086208,0.108544,0.519808,1.05244,950.17,0,0,0
Suite_5,Deferred_Uber,1,218,0.0046,1.07356,0.086016,0.110592,0.518176,1.54445,647.48,0,0,0
Suite_5,Deferred_Uber,1,219,0.004326,0.637092,0.086048,0.113152,0.513504,1.55514,643.03,0,0,0
Suite_5,Deferred_Uber,1,220,0.008246,2.31459,0.086016,0.129024,0.53376,1.05822,944.986,0,0,0
Suite_5,Deferred_Uber,1,221,0.004924,0.650467,0.086016,0.10864,0.532896,2.45172,407.876,0,0,0
Suite_5,Deferred_Uber,1,222,0.004287,1.31565,0.086016,0.110592,0.51424,1.12437,889.387,0,0,0
Suite_5,Deferred_Uber,1,223,0.004427,1.05905,0.085984,0.109632,0.516096,1.48478,673.502,0,0,0
Suite_5,Deferred_Uber,1,224,0.004246,0.645053,0.085984,0.107456,0.507488,1.54527,647.134,0,0,0
Suite_5,Deferred_Uber,1,225,0.004427,2.32555,0.084864,0.131072,0.534528,1.0677,936.588,0,0,0
Suite_5,Deferred_Uber,1,226,0.005147,1.08945,0.086016,0.11072,0.518528,2.44714,408.639,0,0,0
Suite_5,Deferred_Uber,1,227,0.004427,0.966164,0.086016,0.109024,0.51184,1.62062,617.048,0,0,0
Suite_5,Deferred_Uber,1,228,0.004421,0.608392,0.086016,0.108608,0.5168,1.48846,671.834,0,0,0
Suite_5,Deferred_Uber,1,229,0.004329,0.908205,0.086016,0.108544,0.520832,0.945273,1057.9,0,0,0
Suite_5,Deferred_Uber,1,230,0.004165,0.918582,0.086016,0.10704,0.510752,0.926403,1079.44,0,0,0
Suite_5,Deferred_Uber,1,231,0.00408,0.916571,0.086016,0.108288,0.535488,0.935531,1068.91,0,0,0
Suite_5,Deferred_Uber,1,232,0.004124,1.49574,0.086016,0.108576,0.514432,0.933098,1071.7,0,0,0
Suite_5,Deferred_Uber,1,233,0.004077,1.10107,0.086016,0.110752,0.522976,1.51394,660.526,0,0,0
Suite_5,Deferred_Uber,1,234,0.004647,1.96479,0.086016,0.108544,0.52368,1.5733,635.607,0,0,0
Suite_5,Deferred_Uber,1,235,0.00422,0.634143,0.086208,0.108544,0.512064,2.45705,406.991,0,0,0
Suite_5,Deferred_Uber,1,236,0.004755,1.3481,0.086016,0.108384,0.510688,1.0868,920.132,0,0,0
Suite_5,Deferred_Uber,1,237,0.004492,1.06402,0.08608,0.108832,0.51536,1.51913,658.274,0,0,0
Suite_5,Deferred_Uber,1,238,0.004334,0.637146,0.085792,0.110592,0.52128,1.54532,647.116,0,0,0
Suite_5,Deferred_Uber,1,239,0.004334,2.23301,0.084992,0.131104,0.536256,1.10882,901.858,0,0,0
Suite_5,Deferred_Uber,1,240,0.016293,0.651184,0.086144,0.107584,0.515264,2.40257,416.221,0,0,0
Suite_5,Deferred_Uber,1,241,0.004316,1.25166,0.085856,0.108544,0.520192,1.14907,870.271,0,0,0
Suite_5,Deferred_Uber,1,242,0.004292,1.09187,0.086016,0.109664,0.518368,1.45595,686.836,0,0,0
Suite_5,Deferred_Uber,1,243,0.01667,0.614291,0.086016,0.107584,0.512032,1.56343,639.619,0,0,0
Suite_5,Deferred_Uber,1,244,0.004382,2.29304,0.085952,0.126944,0.528384,1.08625,920.601,0,0,0
Suite_5,Deferred_Uber,1,245,0.00498,1.12351,0.086016,0.108544,0.518432,2.44866,408.387,0,0,0
Suite_5,Deferred_Uber,1,246,0.004398,0.973164,0.08608,0.110528,0.513024,1.59719,626.101,0,0,0
Suite_5,Deferred_Uber,1,247,0.004391,0.605012,0.086112,0.110944,0.509856,1.49551,668.669,0,0,0
Suite_5,Deferred_Uber,1,248,0.004171,0.911861,0.086016,0.10864,0.521472,0.930973,1074.15,0,0,0
Suite_5,Deferred_Uber,1,249,0.004187,0.911281,0.085984,0.107232,0.51664,0.930219,1075.02,0,0,0
Suite_5,Deferred_Uber,1,250,0.004146,0.923809,0.086016,0.106496,0.536128,0.929223,1076.17,0,0,0
Suite_5,Deferred_Uber,1,251,0.004163,1.49484,0.086016,0.11024,0.516096,0.940653,1063.09,0,0,0
Suite_5,Deferred_Uber,1,252,0.004024,1.09198,0.086016,0.108672,0.513888,1.51182,661.455,0,0,0
Suite_5,Deferred_Uber,1,253,0.004479,1.95746,0.08704,0.108544,0.509952,1.5749,634.959,0,0,0
Suite_5,Deferred_Uber,1,254,0.004411,0.623532,0.108288,0.113504,0.541056,2.42993,411.534,0,0,0
Suite_5,Deferred_Uber,1,255,0.004785,0.875561,0.084992,0.11264,0.52448,1.09219,915.595,0,0,0
Suite_5,Deferred_Uber,1,256,0.004593,1.43851,0.086144,0.108544,0.511232,0.994639,1005.39,0,0,0
Suite_5,Deferred_Uber,1,257,0.004349,1.0493,0.086016,0.108704,0.514496,1.50831,662.993,0,0,0
Suite_5,Deferred_Uber,1,258,0.006569,0.649197,0.08576,0.107648,0.530144,1.54812,645.943,0,0,0
Suite_5,Deferred_Uber,1,259,0.005033,2.30383,0.109248,0.108544,0.538688,1.07488,930.338,0,0,0
Suite_5,Deferred_Uber,1,260,0.0064,1.14213,0.08496,0.108544,0.513024,2.43307,411.003,0,0,0
Suite_5,Deferred_Uber,1,261,0.00443,0.996483,0.08624,0.109376,0.514048,1.63063,613.261,0,0,0
Suite_5,Deferred_Uber,1,262,0.004353,0.614745,0.086112,0.109952,0.5096,1.47017,680.193,0,0,0
Suite_5,Deferred_Uber,1,263,0.004449,0.889588,0.086016,0.108576,0.512352,0.935333,1069.14,0,0,0
Suite_5,Deferred_Uber,1,264,0.003973,0.908569,0.086016,0.107552,0.515744,0.906869,1102.7,0,0,0
Suite_5,Deferred_Uber,1,265,0.004105,0.920099,0.086048,0.10816,0.518144,0.926772,1079.01,0,0,0
Suite_5,Deferred_Uber,1,266,0.003996,1.47905,0.086208,0.109792,0.512,0.93759,1066.56,0,0,0
Suite_5,Deferred_Uber,1,267,0.004003,1.10822,0.086016,0.110272,0.524288,1.49563,668.614,0,0,0
Suite_5,Deferred_Uber,1,268,0.004749,1.97658,0.086496,0.110144,0.51776,1.56427,639.278,0,0,0
Suite_5,Deferred_Uber,1,269,0.004688,0.645111,0.086048,0.108288,0.51344,2.45018,408.134,0,0,0
Suite_5,Deferred_Uber,1,270,0.006954,1.33778,0.08608,0.110784,0.514048,1.11371,897.901,0,0,0
Suite_5,Deferred_Uber,1,271,0.005278,1.07358,0.086016,0.108928,0.512608,1.50376,665,0,0,0
Suite_5,Deferred_Uber,1,272,0.016978,0.645721,0.08608,0.109696,0.520192,1.5474,646.246,0,0,0
Suite_5,Deferred_Uber,1,273,0.004929,2.28307,0.087072,0.1264,0.539776,1.08291,923.437,0,0,0
Suite_5,Deferred_Uber,1,274,0.005682,0.678053,0.087232,0.106496,0.527424,2.42444,412.466,0,0,0
Suite_5,Deferred_Uber,1,275,0.005047,1.35796,0.086112,0.110176,0.517504,1.12151,891.653,0,0,0
Suite_5,Deferred_Uber,1,276,0.005067,1.09027,0.08608,0.110592,0.519424,1.47833,676.438,0,0,0
Suite_5,Deferred_Uber,1,277,0.004824,0.637838,0.086016,0.108352,0.507648,1.57907,633.285,0,0,0
Suite_5,Deferred_Uber,1,278,0.005277,2.32667,0.086016,0.125696,0.539424,1.077,928.505,0,0,0
Suite_5,Deferred_Uber,1,279,0.005686,1.12322,0.086144,0.108544,0.519744,2.46076,406.378,0,0,0
Suite_5,Deferred_Uber,1,280,0.004847,1.02113,0.086048,0.107328,0.52096,1.59762,625.932,0,0,0
Suite_5,Deferred_Uber,1,281,0.00459,0.615311,0.086016,0.108544,0.518496,1.49671,668.133,0,0,0
Suite_5,Deferred_Uber,1,282,0.0047,0.920476,0.086016,0.108064,0.51488,0.94497,1058.23,0,0,0
Suite_5,Deferred_Uber,1,283,0.004369,0.899916,0.086016,0.108608,0.514656,0.943069,1060.37,0,0,0
Suite_5,Deferred_Uber,1,284,0.004171,0.928653,0.086016,0.107232,0.530432,0.917252,1090.21,0,0,0
Suite_5,Deferred_Uber,1,285,0.004203,1.48586,0.086016,0.109024,0.511616,0.947388,1055.53,0,0,0
Suite_5,Deferred_Uber,1,286,0.004242,1.09498,0.086016,0.108544,0.512512,1.50415,664.828,0,0,0
Suite_5,Deferred_Uber,1,287,0.005011,1.95369,0.086208,0.110272,0.524288,1.56712,638.112,0,0,0
Suite_5,Deferred_Uber,1,288,0.004517,0.668809,0.085888,0.109088,0.513088,2.4266,412.1,0,0,0
Suite_5,Deferred_Uber,1,289,0.005461,1.38768,0.086048,0.109952,0.513408,1.10125,908.06,0,0,0
Suite_5,Deferred_Uber,1,290,0.004635,1.07453,0.086016,0.108544,0.51632,1.50953,662.457,0,0,0
Suite_5,Deferred_Uber,1,291,0.016247,0.620099,0.086016,0.108928,0.516896,1.54743,646.232,0,0,0
Suite_5,Deferred_Uber,1,292,0.00481,2.24015,0.086016,0.125472,0.533152,1.08488,921.763,0,0,0
Suite_5,Deferred_Uber,1,293,0.005228,0.66964,0.086176,0.107136,0.509952,2.43231,411.132,0,0,0
Suite_5,Deferred_Uber,1,294,0.00443,1.35961,0.085984,0.108192,0.5176,1.09309,914.841,0,0,0
Suite_5,Deferred_Uber,1,295,0.004361,1.06862,0.086016,0.108928,0.518176,1.47819,676.501,0,0,0
Suite_5,Deferred_Uber,1,296,0.004253,0.651597,0.086016,0.108,0.510688,1.55424,643.401,0,0,0
Suite_5,Deferred_Uber,1,297,0.004414,2.31141,0.086016,0.113024,0.53136,1.07485,930.362,0,0,0
Suite_5,Deferred_Uber,1,298,0.005512,1.1108,0.085952,0.10944,0.518144,2.44583,408.859,0,0,0
Suite_5,Deferred_Uber,1,299,0.004332,1.01793,0.08624,0.109472,0.514048,1.60721,622.196,0,0,0
Suite_5,Deferred_Uber,1,300,0.004204,0.606415,0.086016,0.108576,0.510176,1.48952,671.356,0,0,0
Suite_5,Deferred_Uber,1,301,0.004291,0.906686,0.08608,0.110208,0.516096,0.938205,1065.87,0,0,0
Suite_5,Deferred_Uber,1,302,0.004045,0.911171,0.086016,0.106656,0.509376,0.924716,1081.41,0,0,0
Suite_5,Deferred_Uber,1,303,0.004032,0.917169,0.086016,0.108288,0.534592,0.92772,1077.91,0,0,0
Suite_5,Deferred_Uber,1,304,0.004018,1.49809,0.086016,0.10928,0.524288,0.933834,1070.85,0,0,0
Suite_5,Deferred_Uber,1,305,0.004078,1.10134,0.086016,0.108544,0.520768,1.51617,659.555,0,0,0
Suite_5,Deferred_Uber,1,306,0.004331,1.98989,0.086016,0.110304,0.511648,1.57368,635.454,0,0,0
Suite_5,Deferred_Uber,1,307,0.004419,0.61403,0.10816,0.1128,0.547136,2.44204,409.494,0,0,0
Suite_5,Deferred_Uber,1,308,0.004855,0.922922,0.086016,0.1168,0.51808,1.05621,946.781,0,0,0
Suite_5,Deferred_Uber,1,309,0.004351,1.42194,0.086112,0.110592,0.516192,1.04419,957.679,0,0,0
Suite_5,Deferred_Uber,1,310,0.00422,1.08601,0.085984,0.111584,0.519104,1.49096,670.708,0,0,0
Suite_5,Deferred_Uber,1,311,0.004307,0.62808,0.086016,0.106784,0.531296,1.5562,642.59,0,0,0
Suite_5,Deferred_Uber,1,312,0.00449,2.25436,0.108672,0.107232,0.544384,1.10393,905.853,0,0,0
Suite_5,Deferred_Uber,1,313,0.005657,1.12207,0.086016,0.109312,0.515808,2.44416,409.138,0,0,0
Suite_5,Deferred_Uber,1,314,0.004516,1.02697,0.086016,0.108544,0.518464,1.5966,626.33,0,0,0
Suite_5,Deferred_Uber,1,315,0.004279,0.607589,0.0872,0.11024,0.514752,1.49891,667.152,0,0,0
Suite_5,Deferred_Uber,1,316,0.004368,0.916137,0.085792,0.110592,0.520192,0.93634,1067.99,0,0,0
Suite_5,Deferred_Uber,1,317,0.004043,0.9118,0.086016,0.107584,0.534528,0.934552,1070.03,0,0,0
Suite_5,Deferred_Uber,1,318,0.004012,0.932319,0.086016,0.127712,0.530432,0.929366,1076,0,0,0
Suite_5,Deferred_Uber,1,319,0.003959,1.48378,0.085984,0.108544,0.509952,0.949066,1053.67,0,0,0
Suite_5,Deferred_Uber,1,320,0.004043,1.0953,0.086016,0.108544,0.513696,1.50042,666.481,0,0,0
Suite_5,Deferred_Uber,1,321,0.004285,1.98019,0.086016,0.108448,0.51152,1.56795,637.776,0,0,0
Suite_5,Deferred_Uber,1,322,0.004401,0.617108,0.086016,0.10672,0.508416,2.43382,410.877,0,0,0
Suite_5,Deferred_Uber,1,323,0.005119,1.40924,0.085984,0.108928,0.51312,1.06822,936.135,0,0,0
Suite_5,Deferred_Uber,1,324,0.004452,1.08292,0.086016,0.110016,0.511424,1.5287,654.148,0,0,0
Suite_5,Deferred_Uber,1,325,0.004392,0.613377,0.085984,0.110496,0.511328,1.55883,641.507,0,0,0
Suite_5,Deferred_Uber,1,326,0.004406,2.30223,0.08608,0.134592,0.540672,1.05407,948.708,0,0,0
Suite_5,Deferred_Uber,1,327,0.004762,0.655577,0.085984,0.11744,0.524736,2.42127,413.007,0,0,0
Suite_5,Deferred_Uber,1,328,0.004228,1.34314,0.085984,0.110464,0.512,1.11652,895.641,0,0,0
Suite_5,Deferred_Uber,1,329,0.004266,1.07897,0.08608,0.110336,0.51328,1.50125,666.11,0,0,0
Suite_5,Deferred_Uber,1,330,0.017009,0.644685,0.086016,0.106496,0.514048,1.55381,643.579,0,0,0
Suite_5,Deferred_Uber,1,331,0.004778,2.32017,0.08592,0.121056,0.536576,1.07877,926.981,0,0,0
Suite_5,Deferred_Uber,1,332,0.015879,1.10183,0.086112,0.111648,0.512032,2.44036,409.776,0,0,0
Suite_5,Deferred_Uber,1,333,0.004466,1.01067,0.08592,0.10912,0.512864,1.62212,616.477,0,0,0
Suite_5,Deferred_Uber,1,334,0.004415,0.610622,0.087072,0.110048,0.518464,1.48382,673.938,0,0,0
Suite_5,Deferred_Uber,1,335,0.007879,0.915839,0.086336,0.109856,0.520192,0.932873,1071.96,0,0,0
Suite_5,Deferred_Uber,1,336,0.004079,0.917519,0.086016,0.106528,0.506528,0.936293,1068.04,0,0,0
Suite_5,Deferred_Uber,1,337,0.004059,0.913107,0.086016,0.10736,0.538624,0.936007,1068.37,0,0,0
Suite_5,Deferred_Uber,1,338,0.003934,1.5004,0.086016,0.108576,0.516416,0.930604,1074.57,0,0,0
Suite_5,Deferred_Uber,1,339,0.00409,1.08138,0.086112,0.108544,0.511264,1.51715,659.129,0,0,0
Suite_5,Deferred_Uber,1,340,0.004545,1.9635,0.086144,0.110016,0.516096,1.57193,636.161,0,0,0
Suite_5,Deferred_Uber,1,341,0.004539,0.63196,0.086112,0.107776,0.51408,2.43831,410.12,0,0,0
Suite_5,Deferred_Uber,1,342,0.004899,1.41751,0.086016,0.108192,0.514048,1.06318,940.578,0,0,0
Suite_5,Deferred_Uber,1,343,0.004301,1.07609,0.086112,0.110016,0.516096,1.53245,652.548,0,0,0
Suite_5,Deferred_Uber,1,344,0.004156,0.630254,0.086016,0.108768,0.520032,1.54757,646.176,0,0,0
Suite_5,Deferred_Uber,1,345,0.004234,2.22975,0.086048,0.129024,0.534528,1.103,906.617,0,0,0
Suite_5,Deferred_Uber,1,346,0.016562,0.658316,0.086016,0.106656,0.512608,2.40083,416.523,0,0,0
Suite_5,Deferred_Uber,1,347,0.004573,1.28783,0.08592,0.11264,0.516096,1.1385,878.351,0,0,0
Suite_5,Deferred_Uber,1,348,0.004422,1.08714,0.085728,0.109984,0.516096,1.45692,686.379,0,0,0
Suite_5,Deferred_Uber,1,349,0.01624,0.616769,0.086016,0.108384,0.507328,1.56106,640.59,0,0,0
Suite_5,Deferred_Uber,1,350,0.004666,2.28811,0.085888,0.12784,0.52736,1.08291,923.438,0,0,0
Suite_5,Deferred_Uber,1,351,0.004752,1.10324,0.086048,0.110272,0.519712,2.47014,404.836,0,0,0
Suite_5,Deferred_Uber,1,352,0.004729,1.02083,0.08608,0.108544,0.52224,1.59461,627.114,0,0,0
Suite_5,Deferred_Uber,1,353,0.004458,0.608486,0.086048,0.110592,0.509952,1.49944,666.917,0,0,0
Suite_5,Deferred_Uber,1,354,0.004199,0.912001,0.086336,0.10848,0.52224,0.9397,1064.17,0,0,0
Suite_5,Deferred_Uber,1,355,0.00399,0.91356,0.086016,0.106688,0.505728,0.928989,1076.44,0,0,0
Suite_5,Deferred_Uber,1,356,0.004079,0.915866,0.085824,0.106912,0.540672,0.930014,1075.25,0,0,0
Suite_5,Deferred_Uber,1,357,0.004332,1.47982,0.086016,0.11072,0.511744,0.956212,1045.79,0,0,0
Suite_5,Deferred_Uber,1,358,0.004104,1.10696,0.086048,0.108544,0.512,1.49844,667.359,0,0,0
Suite_5,Deferred_Uber,1,359,0.004456,1.96002,0.086016,0.108544,0.509952,1.55849,641.645,0,0,0
Suite_5,Deferred_Uber,1,360,0.004491,0.611989,0.10816,0.11008,0.536128,2.43167,411.241,0,0,0
Suite_5,Deferred_Uber,1,361,0.00487,0.883429,0.086112,0.113056,0.52224,1.07489,930.327,0,0,0
Suite_5,Deferred_Uber,1,362,0.00452,1.43029,0.086016,0.108736,0.517568,1.00375,996.264,0,0,0
Suite_5,Deferred_Uber,1,363,0.004188,1.08183,0.086144,0.109088,0.512,1.49849,667.336,0,0,0
Suite_5,Deferred_Uber,1,364,0.004255,0.627939,0.085952,0.107136,0.530432,1.553,643.915,0,0,0
Suite_5,Deferred_Uber,1,365,0.004365,2.29502,0.112384,0.10832,0.544896,1.07058,934.073,0,0,0
Suite_5,Deferred_Uber,1,366,0.016212,1.14494,0.086016,0.108736,0.510688,2.41552,413.99,0,0,0
Suite_5,Deferred_Uber,1,367,0.004435,0.994019,0.08576,0.110368,0.514048,1.62886,613.926,0,0,0
Suite_5,Deferred_Uber,1,368,0.004153,0.61199,0.086016,0.108544,0.508224,1.485,673.401,0,0,0
Suite_5,Deferred_Uber,1,369,0.004367,0.899922,0.085824,0.111872,0.511808,0.947114,1055.84,0,0,0
Suite_5,Deferred_Uber,1,370,0.004105,0.904121,0.086144,0.108544,0.507104,0.917817,1089.54,0,0,0
Suite_5,Deferred_Uber,1,371,0.003975,0.921951,0.084992,0.10784,0.522336,0.92091,1085.88,0,0,0
Suite_5,Deferred_Uber,1,372,0.00397,1.48256,0.086016,0.108448,0.523008,0.938468,1065.57,0,0,0
Suite_5,Deferred_Uber,1,373,0.00398,1.1238,0.086016,0.108544,0.51008,1.50106,666.198,0,0,0
Suite_5,Deferred_Uber,1,374,0.00445,1.96572,0.086016,0.108544,0.51008,1.57338,635.576,0,0,0
Suite_5,Deferred_Uber,1,375,0.004143,0.620912,0.085856,0.106496,0.512,2.43725,410.298,0,0,0
Suite_5,Deferred_Uber,1,376,0.016936,1.42467,0.085888,0.108544,0.513984,1.04837,953.862,0,0,0
Suite_5,Deferred_Uber,1,377,0.004945,1.06472,0.086016,0.108864,0.522816,1.55813,641.796,0,0,0
Suite_5,Deferred_Uber,1,378,0.004407,0.627432,0.08608,0.109664,0.512,1.53811,650.15,0,0,0
Suite_5,Deferred_Uber,1,379,0.004491,2.24731,0.086016,0.127616,0.537504,1.08403,922.487,0,0,0
Suite_5,Deferred_Uber,1,380,0.016572,0.648814,0.08592,0.108224,0.532288,2.41753,413.646,0,0,0
Suite_5,Deferred_Uber,1,381,0.004408,1.27384,0.086048,0.109472,0.513856,1.1342,881.682,0,0,0
Suite_5,Deferred_Uber,1,382,0.004646,1.06665,0.086016,0.108736,0.51472,1.49479,668.989,0,0,0
Suite_5,Deferred_Uber,1,383,0.004428,0.640638,0.08608,0.107008,0.51216,1.5474,646.244,0,0,0
Suite_5,Deferred_Uber,1,384,0.004326,2.31947,0.085952,0.128736,0.528384,1.06169,941.895,0,0,0
Suite_5,Deferred_Uber,1,385,0.004954,1.11476,0.086016,0.108544,0.513984,2.45209,407.815,0,0,0
Suite_5,Deferred_Uber,1,386,0.004427,1.02346,0.086336,0.109056,0.516096,1.59714,626.121,0,0,0
Suite_5,Deferred_Uber,1,387,0.004311,0.612731,0.086016,0.108832,0.512,1.4951,668.852,0,0,0
Suite_5,Deferred_Uber,1,388,0.004215,0.912768,0.086144,0.108544,0.520192,0.957534,1044.35,0,0,0
Suite_5,Deferred_Uber,1,389,0.004262,0.903209,0.086016,0.10656,0.51008,0.939898,1063.95,0,0,0
Suite_5,Deferred_Uber,1,390,0.004174,0.945041,0.086272,0.109472,0.534528,0.921005,1085.77,0,0,0
Suite_5,Deferred_Uber,1,391,0.0043,1.46865,0.086016,0.108576,0.514464,0.962236,1039.25,0,0,0
Suite_5,Deferred_Uber,1,392,0.004109,1.09838,0.086016,0.110368,0.512544,1.48569,673.089,0,0,0
Suite_5,Deferred_Uber,1,393,0.005033,1.9686,0.087136,0.108544,0.5216,1.57137,636.389,0,0,0
Suite_5,Deferred_Uber,1,394,0.004422,0.659082,0.086016,0.106496,0.515936,2.42476,412.411,0,0,0
Suite_5,Deferred_Uber,1,395,0.004673,1.40451,0.08608,0.10976,0.521376,1.08135,924.773,0,0,0
Suite_5,Deferred_Uber,1,396,0.004474,1.09601,0.08608,0.109216,0.515776,1.52391,656.205,0,0,0
Suite_5,Deferred_Uber,1,397,0.016012,0.624723,0.084928,0.112224,0.517888,1.57693,634.142,0,0,0
Suite_5,Deferred_Uber,1,398,0.004528,2.30566,0.085696,0.107776,0.509952,1.05833,944.885,0,0,0
Suite_5,Deferred_Uber,1,399,0.005951,0.691119,0.086016,0.106752,0.537024,2.43878,410.041,0,0,0
Suite_5,Deferred_Uber,1,400,0.007484,1.32046,0.086016,0.108544,0.521696,1.12641,887.778,0,0,0
Suite_5,Deferred_Uber,1,401,0.00467,1.13212,0.086016,0.108864,0.516448,1.44588,691.621,0,0,0
Suite_5,Deferred_Uber,1,402,0.004518,0.622103,0.086048,0.107808,0.518144,1.55497,643.098,0,0,0
Suite_5,Deferred_Uber,1,403,0.004553,2.25261,0.086016,0.106624,0.5128,1.09416,913.946,0,0,0
Suite_5,Deferred_Uber,1,404,0.004781,1.12692,0.087072,0.108544,0.513344,2.42705,412.023,0,0,0
Suite_5,Deferred_Uber,1,405,0.004294,1.00568,0.086016,0.108352,0.516096,1.60548,622.868,0,0,0
Suite_5,Deferred_Uber,1,406,0.004211,0.60744,0.086048,0.109408,0.513792,1.4782,676.498,0,0,0
Suite_5,Deferred_Uber,1,407,0.00427,0.849123,0.086016,0.108544,0.510048,0.963411,1037.98,0,0,0
Suite_5,Deferred_Uber,1,408,0.004192,0.907706,0.086016,0.106496,0.509728,0.916477,1091.13,0,0,0
Suite_5,Deferred_Uber,1,409,0.004031,0.917846,0.086016,0.107904,0.536512,0.925591,1080.39,0,0,0
Suite_5,Deferred_Uber,1,410,0.004065,1.49917,0.086016,0.108544,0.512128,0.935458,1069,0,0,0
Suite_5,Deferred_Uber,1,411,0.003987,1.09641,0.084992,0.108544,0.520192,1.5159,659.674,0,0,0
Suite_5,Deferred_Uber,1,412,0.004492,1.99275,0.086016,0.109056,0.515808,1.56477,639.073,0,0,0
Suite_5,Deferred_Uber,1,413,0.007195,0.693303,0.112704,0.112864,0.546944,2.47261,404.431,0,0,0
Suite_5,Deferred_Uber,1,414,0.006689,0.929562,0.085824,0.11824,0.521568,1.07479,930.41,0,0,0
Suite_5,Deferred_Uber,1,415,0.004317,1.42417,0.086016,0.108544,0.518368,1.0002,999.797,0,0,0
Suite_5,Deferred_Uber,1,416,0.004188,1.09805,0.085728,0.109984,0.517248,1.49193,670.271,0,0,0
Suite_5,Deferred_Uber,1,417,0.004345,0.622845,0.086016,0.106496,0.52848,1.57127,636.426,0,0,0
Suite_5,Deferred_Uber,1,418,0.004491,2.2468,0.108544,0.106496,0.538464,1.09552,912.813,0,0,0
Suite_5,Deferred_Uber,1,419,0.005242,1.11064,0.085952,0.108544,0.517344,2.41716,413.708,0,0,0
Suite_5,Deferred_Uber,1,420,0.004387,1.02467,0.086016,0.108544,0.514304,1.61204,620.331,0,0,0
Suite_5,Deferred_Uber,1,421,0.004332,0.602755,0.086016,0.108992,0.510784,1.50542,664.267,0,0,0
Suite_5,Deferred_Uber,1,422,0.004397,0.857751,0.086016,0.108544,0.521408,0.951635,1050.82,0,0,0
Suite_5,Deferred_Uber,1,423,0.004185,0.903836,0.086112,0.106752,0.538624,0.92543,1080.58,0,0,0
Suite_5,Deferred_Uber,1,424,0.00402,0.940774,0.086048,0.1072,0.509504,0.920349,1086.54,0,0,0
Suite_5,Deferred_Uber,1,425,0.004032,1.41431,0.086048,0.108224,0.509952,0.958732,1043.04,0,0,0
Suite_5,Deferred_Uber,1,426,0.004338,1.08319,0.08608,0.10816,0.511456,1.4888,671.684,0,0,0
Suite_5,Deferred_Uber,1,427,0.004382,1.96926,0.08624,0.110592,0.519616,1.55759,642.017,0,0,0
Suite_5,Deferred_Uber,1,428,0.004261,0.61482,0.086016,0.106944,0.514272,2.44035,409.776,0,0,0
Suite_5,Deferred_Uber,1,429,0.004618,1.35099,0.086048,0.108704,0.52224,1.08917,918.129,0,0,0
Suite_5,Deferred_Uber,1,430,0.004469,1.12832,0.086016,0.10896,0.512896,1.52781,654.534,0,0,0
Suite_5,Deferred_Uber,1,431,0.006598,0.651974,0.086016,0.108544,0.520128,1.59732,626.049,0,0,0
Suite_5,Deferred_Uber,1,432,0.005025,2.37708,0.092608,0.113408,0.538624,1.03462,966.537,0,0,0
Suite_5,Deferred_Uber,1,433,0.005645,0.658433,0.086016,0.120576,0.519584,2.46184,406.199,0,0,0
Suite_5,Deferred_Uber,1,434,0.004651,1.31104,0.086016,0.108608,0.5208,1.11109,900.015,0,0,0
Suite_5,Deferred_Uber,1,435,0.004489,1.08507,0.086016,0.10896,0.512,1.4814,675.038,0,0,0
Suite_5,Deferred_Uber,1,436,0.004462,0.631885,0.085888,0.106944,0.534208,1.55706,642.238,0,0,0
Suite_5,Deferred_Uber,1,437,0.004707,2.32637,0.08608,0.106496,0.536576,1.06876,935.665,0,0,0
Suite_5,Deferred_Uber,1,438,0.016977,1.13348,0.086016,0.108544,0.514432,2.44842,408.426,0,0,0
Suite_5,Deferred_Uber,1,439,0.004497,1.02019,0.086016,0.1088,0.51648,1.61836,617.911,0,0,0
Suite_5,Deferred_Uber,1,440,0.004211,0.617669,0.086016,0.108672,0.511904,1.49115,670.622,0,0,0
Suite_5,Deferred_Uber,1,441,0.004274,0.904325,0.08704,0.108544,0.512,0.94456,1058.69,0,0,0
Suite_5,Deferred_Uber,1,442,0.004185,0.910664,0.086016,0.106528,0.5112,0.922881,1083.56,0,0,0
Suite_5,Deferred_Uber,1,443,0.004266,0.926075,0.086016,0.108128,0.530816,0.927701,1077.93,0,0,0
Suite_5,Deferred_Uber,1,444,0.003966,1.49006,0.08608,0.108544,0.52384,0.942973,1060.48,0,0,0
Suite_5,Deferred_Uber,1,445,0.004188,1.11418,0.086048,0.108544,0.516096,1.5085,662.908,0,0,0
Suite_5,Deferred_Uber,1,446,0.004373,1.96604,0.085952,0.109728,0.514048,1.57499,634.926,0,0,0
Suite_5,Deferred_Uber,1,447,0.004187,0.635864,0.086016,0.109088,0.5088,2.43764,410.232,0,0,0
Suite_5,Deferred_Uber,1,448,0.016644,1.42003,0.085952,0.10976,0.524288,1.04815,954.066,0,0,0
Suite_5,Deferred_Uber,1,449,0.004692,1.08242,0.08592,0.108544,0.516096,1.55324,643.816,0,0,0
Suite_5,Deferred_Uber,1,450,0.004412,0.633847,0.086016,0.11264,0.514048,1.5555,642.878,0,0,0
Suite_5,Deferred_Uber,1,451,0.00438,2.27225,0.086112,0.128,0.538112,1.07433,930.815,0,0,0
Suite_5,Deferred_Uber,1,452,0.004912,0.654203,0.086016,0.10688,0.522144,2.42507,412.36,0,0,0
Suite_5,Deferred_Uber,1,453,0.00449,1.28481,0.085984,0.111168,0.515456,1.13647,879.916,0,0,0
Suite_5,Deferred_Uber,1,454,0.004179,1.0796,0.086048,0.110528,0.51584,1.4594,685.212,0,0,0
Suite_5,Deferred_Uber,1,455,0.004369,0.636571,0.08608,0.108544,0.509568,1.55113,644.689,0,0,0
Suite_5,Deferred_Uber,1,456,0.004405,2.32715,0.086144,0.129024,0.533568,1.06859,935.813,0,0,0
Suite_5,Deferred_Uber,1,457,0.004982,1.13002,0.086016,0.108608,0.514432,2.46054,406.416,0,0,0
Suite_5,Deferred_Uber,1,458,0.004176,0.982579,0.086016,0.108768,0.5104,1.60397,623.454,0,0,0
Suite_5,Deferred_Uber,1,459,0.004222,0.606117,0.086048,0.108832,0.519168,1.49709,667.961,0,0,0
Suite_5,Deferred_Uber,1,460,0.00414,0.919443,0.086272,0.110336,0.520128,0.92796,1077.63,0,0,0
Suite_5,Deferred_Uber,1,461,0.004013,0.912074,0.086464,0.108544,0.515392,0.938005,1066.09,0,0,0
Suite_5,Deferred_Uber,1,462,0.004123,0.924352,0.086016,0.106912,0.53472,0.929486,1075.86,0,0,0
Suite_5,Deferred_Uber,1,463,0.004159,1.49599,0.086304,0.11264,0.516096,0.940974,1062.73,0,0,0
Suite_5,Deferred_Uber,1,464,0.004111,1.09879,0.086016,0.110272,0.51536,1.5129,660.984,0,0,0
Suite_5,Deferred_Uber,1,465,0.004392,1.96682,0.086144,0.109024,0.515072,1.57175,636.232,0,0,0
Suite_5,Deferred_Uber,1,466,0.004433,0.653311,0.086016,0.10864,0.522304,2.4373,410.29,0,0,0
Suite_5,Deferred_Uber,1,467,0.004495,0.873302,0.086016,0.112576,0.512512,1.08679,920.143,0,0,0
Suite_5,Deferred_Uber,1,468,0.004243,1.43453,0.086112,0.10832,0.520224,0.992741,1007.31,0,0,0
Suite_5,Deferred_Uber,1,469,0.004699,1.08718,0.086016,0.108768,0.51888,1.50548,664.242,0,0,0
Suite_5,Deferred_Uber,1,470,0.006067,0.643989,0.086016,0.107584,0.53296,1.56877,637.441,0,0,0
Suite_5,Deferred_Uber,1,471,0.004581,2.31094,0.110592,0.10672,0.541056,1.06776,936.543,0,0,0
Suite_5,Deferred_Uber,1,472,0.016615,1.13743,0.086016,0.110592,0.518368,2.43173,411.23,0,0,0
Suite_5,Deferred_Uber,1,473,0.0043,1.00577,0.086016,0.109664,0.511104,1.6239,615.801,0,0,0
Suite_5,Deferred_Uber,1,474,0.004421,0.608309,0.086016,0.109056,0.514016,1.49271,669.922,0,0,0
Suite_5,Deferred_Uber,1,475,0.004214,0.912043,0.086176,0.10912,0.518144,0.929868,1075.42,0,0,0
Suite_5,Deferred_Uber,1,476,0.004012,0.915191,0.086016,0.107072,0.531168,0.928833,1076.62,0,0,0
Suite_5,Deferred_Uber,1,477,0.004,0.920412,0.086016,0.110848,0.525184,0.932983,1071.83,0,0,0
Suite_5,Deferred_Uber,1,478,0.003987,1.48408,0.085888,0.109856,0.51712,0.937781,1066.35,0,0,0
Suite_5,Deferred_Uber,1,479,0.004219,1.09683,0.086016,0.109152,0.515328,1.50127,666.104,0,0,0
Suite_5,Deferred_Uber,1,480,0.004493,1.97431,0.086176,0.109056,0.515072,1.56827,637.647,0,0,0
Suite_5,Deferred_Uber,1,481,0.00421,0.625315,0.086016,0.108384,0.515872,2.44466,409.054,0,0,0
Suite_5,Deferred_Uber,1,482,0.005026,1.41931,0.085984,0.11008,0.513408,1.07503,930.21,0,0,0
Suite_5,Deferred_Uber,1,483,0.004521,1.06983,0.085984,0.112384,0.514432,1.54392,647.701,0,0,0
Suite_5,Deferred_Uber,1,484,0.004198,0.632971,0.084672,0.11232,0.513536,1.54511,647.202,0,0,0
Suite_5,Deferred_Uber,1,485,0.004632,2.31088,0.108352,0.116704,0.54592,1.06263,941.065,0,0,0
Suite_5,Deferred_Uber,1,486,0.004837,0.661333,0.08592,0.120832,0.530432,2.43166,411.242,0,0,0
Suite_5,Deferred_Uber,1,487,0.004387,1.31525,0.08496,0.108288,0.51952,1.14504,873.33,0,0,0
Suite_5,Deferred_Uber,1,488,0.004273,1.09211,0.086112,0.108544,0.519904,1.48425,673.742,0,0,0
Suite_5,Deferred_Uber,1,489,0.004187,0.638304,0.08608,0.107936,0.534528,1.56263,639.946,0,0,0
Suite_5,Deferred_Uber,1,490,0.004337,2.3336,0.106208,0.106496,0.532064,1.06028,943.143,0,0,0
Suite_5,Deferred_Uber,1,491,0.016865,1.12693,0.08592,0.108544,0.515712,2.45304,407.657,0,0,0
Suite_5,Deferred_Uber,1,492,0.004197,1.02923,0.086016,0.10832,0.510144,1.6094,621.35,0,0,0
Suite_5,Deferred_Uber,1,493,0.004393,0.603906,0.085984,0.110592,0.515584,1.50223,665.675,0,0,0
Suite_5,Deferred_Uber,1,494,0.004438,0.91948,0.086016,0.108704,0.514432,0.945966,1057.12,0,0,0
Suite_5,Deferred_Uber,1,495,0.003998,0.901539,0.086208,0.106496,0.53248,0.936595,1067.7,0,0,0
Suite_5,Deferred_Uber,1,496,0.004025,0.933111,0.086048,0.109632,0.517728,0.918048,1089.27,0,0,0
Suite_5,Deferred_Uber,1,497,0.004155,1.4746,0.085856,0.108544,0.52224,0.951357,1051.13,0,0,0
Suite_5,Deferred_Uber,1,498,0.004037,1.10481,0.085984,0.108544,0.518144,1.4924,670.061,0,0,0
Suite_5,Deferred_Uber,1,499,0.004449,1.9686,0.086016,0.108768,0.51824,1.57636,634.374,0,0,0
Suite_5,Deferred_Uber,1,500,0.004212,0.64117,0.084864,0.107648,0.518144,2.42837,411.799,0,0,0
Suite_5,Deferred_Uber,1,501,0.005004,1.35557,0.086048,0.109888,0.519648,1.08437,922.195,0,0,0
Suite_5,Deferred_Uber,1,502,0.004515,1.09503,0.086016,0.109856,0.514624,1.52682,654.956,0,0,0
Suite_5,Deferred_Uber,1,503,0.00431,0.64047,0.08592,0.10928,0.512,1.55894,641.462,0,0,0
Suite_5,Deferred_Uber,1,504,0.004403,2.42609,0.088064,0.108544,0.538048,1.0618,941.793,0,0,0
Suite_5,Deferred_Uber,1,505,0.005281,0.649977,0.086016,0.118208,0.525184,2.56054,390.542,0,0,0
Suite_5,Deferred_Uber,1,506,0.004256,1.31314,0.086016,0.108544,0.512608,1.11863,893.952,0,0,0
Suite_5,Deferred_Uber,1,507,0.004083,1.09071,0.086112,0.10896,0.519104,1.48198,674.773,0,0,0
Suite_5,Deferred_Uber,1,508,0.00436,0.629143,0.086016,0.10736,0.537376,1.55558,642.848,0,0,0
Suite_5,Deferred_Uber,1,509,0.004457,2.25419,0.10896,0.106496,0.534144,1.10215,907.321,0,0,0
Suite_5,Deferred_Uber,1,510,0.00489,1.15142,0.08608,0.109888,0.512,2.43745,410.265,0,0,0
Suite_5,Deferred_Uber,1,511,0.004415,1.01151,0.086016,0.108512,0.514368,1.60619,622.592,0,0,0
Suite_5,Deferred_Uber,1,512,0.004116,0.619464,0.085984,0.108544,0.512672,1.4831,674.262,0,0,0
Suite_5,Deferred_Uber,1,513,0.004243,0.843151,0.086016,0.108544,0.511296,0.965413,1035.83,0,0,0
Suite_5,Deferred_Uber,1,514,0.006543,0.877997,0.086016,0.106528,0.538976,0.936038,1068.33,0,0,0
Suite_5,Deferred_Uber,1,515,0.004391,0.933961,0.086016,0.128864,0.53408,0.898792,1112.6,0,0,0
Suite_5,Deferred_Uber,1,516,0.00409,1.49032,0.086048,0.110816,0.515616,0.951372,1051.11,0,0,0
Suite_5,Deferred_Uber,1,517,0.004131,1.08406,0.086016,0.108448,0.512608,1.5181,658.717,0,0,0
Suite_5,Deferred_Uber,1,518,0.00456,1.99125,0.086016,0.108192,0.51472,1.55737,642.106,0,0,0
Suite_5,Deferred_Uber,1,519,0.004923,0.62257,0.085952,0.109952,0.52,2.44291,409.349,0,0,0
Suite_5,Deferred_Uber,1,520,0.004747,1.3239,0.086048,0.108544,0.51728,1.11567,896.32,0,0,0
Suite_5,Deferred_Uber,1,521,0.00492,1.03316,0.086176,0.110592,0.513856,1.49582,668.529,0,0,0
Suite_5,Deferred_Uber,1,522,0.004446,0.619971,0.086016,0.108992,0.516096,1.54244,648.324,0,0,0
Suite_5,Deferred_Uber,1,523,0.00437,2.23144,0.106496,0.11264,0.54272,1.09181,915.913,0,0,0
Suite_5,Deferred_Uber,1,524,0.004859,0.646152,0.085952,0.120544,0.521568,2.4013,416.442,0,0,0
Suite_5,Deferred_Uber,1,525,0.004279,1.32416,0.087104,0.1096,0.5184,1.12003,892.836,0,0,0
Suite_5,Deferred_Uber,1,526,0.004198,1.08497,0.085984,0.109856,0.512,1.49359,669.526,0,0,0
Suite_5,Deferred_Uber,1,527,0.004395,0.608358,0.08592,0.106496,0.5296,1.55623,642.579,0,0,0
Suite_5,Deferred_Uber,1,528,0.004694,2.23813,0.086272,0.106656,0.540672,1.08197,924.24,0,0,0
Suite_5,Deferred_Uber,1,529,0.004969,1.14165,0.086048,0.108544,0.511712,2.42688,412.052,0,0,0
Suite_5,Deferred_Uber,1,530,0.004289,0.984442,0.0864,0.108928,0.511648,1.61469,619.314,0,0,0
Suite_5,Deferred_Uber,1,531,0.004159,0.602743,0.086016,0.1088,0.50864,1.49124,670.585,0,0,0
Suite_5,Deferred_Uber,1,532,0.004165,0.899652,0.086048,0.10976,0.521248,0.922277,1084.27,0,0,0
Suite_5,Deferred_Uber,1,533,0.004025,0.908939,0.086016,0.106496,0.506144,0.918585,1088.63,0,0,0
Suite_5,Deferred_Uber,1,534,0.004143,0.928912,0.08608,0.107104,0.53248,0.926262,1079.61,0,0,0
Suite_5,Deferred_Uber,1,535,0.003887,1.48854,0.086144,0.113792,0.517824,0.945462,1057.68,0,0,0
Suite_5,Deferred_Uber,1,536,0.003916,1.08819,0.085952,0.110592,0.518144,1.50477,664.552,0,0,0
Suite_5,Deferred_Uber,1,537,0.004545,1.96492,0.086112,0.108544,0.516096,1.57233,635.998,0,0,0
Suite_5,Deferred_Uber,1,538,0.004365,0.637394,0.087072,0.108544,0.51392,2.43722,410.304,0,0,0
Suite_5,Deferred_Uber,1,539,0.005968,1.34043,0.086048,0.108544,0.515552,1.09918,909.771,0,0,0
Suite_5,Deferred_Uber,1,540,0.004347,1.0797,0.086016,0.109824,0.513824,1.51157,661.565,0,0,0
Suite_5,Deferred_Uber,1,541,0.004189,0.609033,0.086016,0.108544,0.517504,1.55277,644.01,0,0,0
Suite_5,Deferred_Uber,1,542,0.004562,2.26623,0.086176,0.128512,0.538624,1.08001,925.914,0,0,0
Suite_5,Deferred_Uber,1,543,0.004664,0.641074,0.086016,0.106528,0.510784,2.40668,415.511,0,0,0
Suite_5,Deferred_Uber,1,544,0.004325,1.32146,0.085984,0.110368,0.516,1.11286,898.588,0,0,0
Suite_5,Deferred_Uber,1,545,0.004041,1.06501,0.086208,0.110272,0.512,1.49171,670.37,0,0,0
Suite_5,Deferred_Uber,1,546,0.004354,0.612205,0.0848,0.107904,0.507808,1.54862,645.738,0,0,0
Suite_5,Deferred_Uber,1,547,0.00478,2.26573,0.08608,0.131072,0.534528,1.08356,922.885,0,0,0
Suite_5,Deferred_Uber,1,548,0.004748,1.11447,0.086016,0.109184,0.522144,2.43626,410.465,0,0,0
Suite_5,Deferred_Uber,1,549,0.004468,0.987263,0.086016,0.108768,0.51088,1.64076,609.474,0,0,0
Suite_5,Deferred_Uber,1,550,0.004362,0.604901,0.085952,0.108832,0.521152,1.48175,674.878,0,0,0
Suite_5,Deferred_Uber,1,551,0.004074,0.909974,0.086016,0.108832,0.513856,0.924497,1081.67,0,0,0
Suite_5,Deferred_Uber,1,552,0.00398,0.90685,0.08608,0.108544,0.514048,0.926426,1079.42,0,0,0
Suite_5,Deferred_Uber,1,553,0.003952,0.923408,0.08608,0.108512,0.54192,0.924411,1081.77,0,0,0
Suite_5,Deferred_Uber,1,554,0.003888,1.50334,0.086144,0.10896,0.51184,0.940313,1063.48,0,0,0
Suite_5,Deferred_Uber,1,555,0.003936,1.08981,0.085984,0.109792,0.520512,1.51975,658.002,0,0,0
Suite_5,Deferred_Uber,1,556,0.004807,1.94648,0.086048,0.108544,0.511552,1.56095,640.635,0,0,0
Suite_5,Deferred_Uber,1,557,0.004097,0.609921,0.086016,0.110304,0.514208,2.44444,409.092,0,0,0
Suite_5,Deferred_Uber,1,558,0.004441,0.930589,0.086016,0.118592,0.516672,1.03177,969.206,0,0,0
Suite_5,Deferred_Uber,1,559,0.00417,1.37188,0.086016,0.109056,0.50848,1.04883,953.442,0,0,0
Suite_5,Deferred_Uber,1,560,0.00416,1.06893,0.086016,0.109056,0.514496,1.48962,671.312,0,0,0
Suite_5,Deferred_Uber,1,561,0.004102,0.61048,0.086016,0.106656,0.530912,1.54996,645.18,0,0,0
Suite_5,Deferred_Uber,1,562,0.004332,2.2591,0.106496,0.106944,0.533696,1.08199,924.22,0,0,0
Suite_5,Deferred_Uber,1,563,0.004725,1.13696,0.085984,0.110592,0.51376,2.42878,411.73,0,0,0
Suite_5,Deferred_Uber,1,564,0.004525,1.01223,0.086176,0.109024,0.520192,1.61378,619.662,0,0,0
Suite_5,Deferred_Uber,1,565,0.004361,0.612423,0.0872,0.110592,0.521824,1.4897,671.278,0,0,0
Suite_5,Deferred_Uber,1,566,0.004202,0.916541,0.086112,0.1112,0.511456,0.933013,1071.8,0,0,0
Suite_5,Deferred_Uber,1,567,0.003919,0.897917,0.086016,0.10784,0.522752,0.932991,1071.82,0,0,0
Suite_5,Deferred_Uber,1,568,0.004135,0.925707,0.08704,0.108,0.532576,0.918309,1088.96,0,0,0
Suite_5,Deferred_Uber,1,569,0.003929,1.48948,0.086016,0.110336,0.520896,0.94332,1060.09,0,0,0
Suite_5,Deferred_Uber,1,570,0.003876,1.1068,0.086016,0.10864,0.510208,1.50676,663.673,0,0,0
Suite_5,Deferred_Uber,1,571,0.004447,1.93696,0.086144,0.108704,0.513568,1.57768,633.84,0,0,0
Suite_5,Deferred_Uber,1,572,0.004284,0.616052,0.086016,0.107616,0.517888,2.44071,409.717,0,0,0
Suite_5,Deferred_Uber,1,573,0.004537,1.34773,0.086016,0.110592,0.51872,1.08979,917.61,0,0,0
Suite_5,Deferred_Uber,1,574,0.004471,1.04444,0.086016,0.108864,0.516352,1.51781,658.842,0,0,0
Suite_5,Deferred_Uber,1,575,0.004197,0.620084,0.085888,0.110592,0.516096,1.55278,644.005,0,0,0
Suite_5,Deferred_Uber,1,576,0.0044,2.22133,0.086016,0.116288,0.545056,1.09449,913.667,0,0,0
Suite_5,Deferred_Uber,1,577,0.004872,0.615881,0.086016,0.10816,0.525664,2.39289,417.905,0,0,0
Suite_5,Deferred_Uber,1,578,0.004343,1.27177,0.085952,0.110112,0.520192,1.13706,879.463,0,0,0
Suite_5,Deferred_Uber,1,579,0.004169,1.0421,0.086016,0.110464,0.516928,1.49042,670.953,0,0,0
Suite_5,Deferred_Uber,1,580,0.004324,0.61908,0.086016,0.108192,0.532672,1.55794,641.872,0,0,0
Suite_5,Deferred_Uber,1,581,0.004367,2.26961,0.086016,0.124928,0.532288,1.09788,910.846,0,0,0
Suite_5,Deferred_Uber,1,582,0.005027,1.09126,0.086016,0.10832,0.518144,2.44071,409.717,0,0,0
Suite_5,Deferred_Uber,1,583,0.0042,0.971894,0.086016,0.108448,0.516448,1.61583,618.878,0,0,0
Suite_5,Deferred_Uber,1,584,0.004134,0.60655,0.085984,0.10864,0.516096,1.49322,669.692,0,0,0
Suite_5,Deferred_Uber,1,585,0.004103,0.848652,0.086112,0.109056,0.512,0.986111,1014.08,0,0,0
Suite_5,Deferred_Uber,1,586,0.004195,0.90418,0.086016,0.10672,0.516224,0.916681,1090.89,0,0,0
Suite_5,Deferred_Uber,1,587,0.003981,0.933112,0.08608,0.108096,0.531968,0.920836,1085.97,0,0,0
Suite_5,Deferred_Uber,1,588,0.003969,1.44029,0.086016,0.108544,0.516128,0.953325,1048.96,0,0,0
Suite_5,Deferred_Uber,1,589,0.004111,1.09297,0.08608,0.109152,0.515808,1.50865,662.844,0,0,0
Suite_5,Deferred_Uber,1,590,0.004397,1.96763,0.086048,0.108544,0.516096,1.56506,638.954,0,0,0
Suite_5,Deferred_Uber,1,591,0.004373,0.621223,0.086208,0.109888,0.511968,2.43535,410.618,0,0,0
Suite_5,Deferred_Uber,1,592,0.004546,1.34227,0.086016,0.110592,0.518272,1.09313,914.802,0,0,0
Suite_5,Deferred_Uber,1,593,0.004289,1.06903,0.086016,0.110112,0.512,1.51283,661.013,0,0,0
Suite_5,Deferred_Uber,1,594,0.00418,0.615351,0.086016,0.108672,0.51664,1.54724,646.313,0,0,0
Suite_5,Deferred_Uber,1,595,0.004583,2.22674,0.086016,0.13184,0.532768,1.08611,920.718,0,0,0
Suite_5,Deferred_Uber,1,596,0.004664,0.631801,0.086016,0.106592,0.524288,2.40503,415.795,0,0,0
Suite_5,Deferred_Uber,1,597,0.004263,1.31723,0.08592,0.109152,0.514048,1.11227,899.066,0,0,0
Suite_5,Deferred_Uber,1,598,0.004075,1.0293,0.085984,0.109504,0.516096,1.48642,672.757,0,0,0
Suite_5,Deferred_Uber,1,599,0.004091,0.613267,0.086016,0.108928,0.514816,1.55097,644.759,0,0,0
Suite_5,Deferred_Uber,1,600,0.004276,2.29961,0.086016,0.126016,0.534784,1.0595,943.84,0,0,0
Suite_5,Deferred_Uber,1,601,0.004594,1.09634,0.086016,0.108928,0.516096,2.44632,408.777,0,0,0
Suite_5,Deferred_Uber,1,602,0.005166,0.966774,0.086016,0.108544,0.51392,1.62172,616.631,0,0,0
Suite_5,Deferred_Uber,1,603,0.004328,0.608226,0.08624,0.110688,0.515296,1.49454,669.104,0,0,0
Suite_5,Deferred_Uber,1,604,0.004168,0.903659,0.087072,0.108544,0.509952,0.928034,1077.55,0,0,0
Suite_5,Deferred_Uber,1,605,0.003913,0.90172,0.086016,0.109056,0.510624,0.922103,1084.48,0,0,0
Suite_5,Deferred_Uber,1,606,0.003969,0.925914,0.086016,0.10832,0.530816,0.918843,1088.33,0,0,0
Suite_5,Deferred_Uber,1,607,0.003922,1.49107,0.085984,0.109888,0.516096,0.942189,1061.36,0,0,0
Suite_5,Deferred_Uber,1,608,0.003927,1.07957,0.086016,0.110592,0.514304,1.50714,663.507,0,0,0
Suite_5,Deferred_Uber,1,609,0.005735,1.93684,0.085952,0.10896,0.518368,1.5885,629.524,0,0,0
Suite_5,Deferred_Uber,1,610,0.004218,0.611854,0.08624,0.112512,0.516096,2.41193,414.606,0,0,0
Suite_5,Deferred_Uber,1,611,0.004412,1.36831,0.086016,0.10864,0.510336,1.06223,941.414,0,0,0
Suite_5,Deferred_Uber,1,612,0.004629,1.08395,0.0872,0.110592,0.521344,1.53734,650.473,0,0,0
Suite_5,Deferred_Uber,1,613,0.004299,0.610839,0.086016,0.108704,0.516032,1.56318,639.722,0,0,0
Suite_5,Deferred_Uber,1,614,0.00462,2.31487,0.08672,0.115136,0.53248,1.05885,944.425,0,0,0
Suite_5,Deferred_Uber,1,615,0.004455,0.62008,0.109888,0.108544,0.544768,2.45494,407.342,0,0,0
Suite_5,Deferred_Uber,1,616,0.005074,1.26282,0.086016,0.112128,0.51712,1.14257,875.216,0,0,0
Suite_5,Deferred_Uber,1,617,0.004206,1.0359,0.086176,0.108544,0.5152,1.48338,674.137,0,0,0
Suite_5,Deferred_Uber,1,618,0.004528,0.619686,0.086016,0.10656,0.509568,1.5585,641.642,0,0,0
Suite_5,Deferred_Uber,1,619,0.004676,2.242,0.085696,0.107584,0.528416,1.09746,911.192,0,0,0
Suite_5,Deferred_Uber,1,620,0.005274,1.07035,0.08608,0.10992,0.517824,2.41384,414.277,0,0,0
Suite_5,Deferred_Uber,1,621,0.007426,0.943288,0.086016,0.112288,0.522656,1.67176,598.172,0,0,0
Suite_5,Deferred_Uber,1,622,0.004712,0.626506,0.08608,0.109728,0.516192,1.44455,692.255,0,0,0
Suite_5,Deferred_Uber,1,623,0.004339,0.900422,0.086144,0.108544,0.517664,0.947792,1055.08,0,0,0
Suite_5,Deferred_Uber,1,624,0.004124,0.910188,0.085728,0.108224,0.505856,0.917447,1089.98,0,0,0
Suite_5,Deferred_Uber,1,625,0.004104,0.907922,0.086016,0.108704,0.510976,0.93272,1072.13,0,0,0
Suite_5,Deferred_Uber,1,626,0.004102,1.49411,0.086144,0.109344,0.513088,0.925326,1080.7,0,0,0
Suite_5,Deferred_Uber,1,627,0.004151,1.09032,0.08576,0.109472,0.51136,1.51054,662.013,0,0,0
Suite_5,Deferred_Uber,1,628,0.004385,1.93086,0.086016,0.110048,0.51984,1.56151,640.405,0,0,0
Suite_5,Deferred_Uber,1,629,0.004276,0.612194,0.111136,0.112928,0.546752,2.41988,413.244,0,0,0
Suite_5,Deferred_Uber,1,630,0.004764,0.845632,0.086112,0.119392,0.526336,1.08498,921.68,0,0,0
Suite_5,Deferred_Uber,1,631,0.004224,1.43494,0.085984,0.109184,0.520096,1.01525,984.983,0,0,0
Suite_5,Deferred_Uber,1,632,0.004131,1.09084,0.08608,0.110176,0.512,1.50254,665.54,0,0,0
Suite_5,Deferred_Uber,1,633,0.004176,0.610501,0.086016,0.107776,0.524544,1.56327,639.684,0,0,0
Suite_5,Deferred_Uber,1,634,0.004331,2.25564,0.08592,0.130368,0.543936,1.08268,923.63,0,0,0
Suite_5,Deferred_Uber,1,635,0.004601,1.09899,0.086176,0.110592,0.515456,2.42579,412.237,0,0,0
Suite_5,Deferred_Uber,1,636,0.004637,0.991099,0.086016,0.110496,0.516672,1.62103,616.891,0,0,0
Suite_5,Deferred_Uber,1,637,0.004196,0.606112,0.086176,0.108448,0.509952,1.49621,668.356,0,0,0
Suite_5,Deferred_Uber,1,638,0.004168,0.851268,0.086016,0.11008,0.520192,0.976879,1023.67,0,0,0
Suite_5,Deferred_Uber,1,639,0.004113,0.90893,0.08592,0.107648,0.528384,0.918564,1088.66,0,0,0
Suite_5,Deferred_Uber,1,640,0.003975,0.928196,0.086048,0.108544,0.536384,0.9256,1080.38,0,0,0
Suite_5,Deferred_Uber,1,641,0.003997,1.49296,0.086016,0.110048,0.52224,0.945856,1057.24,0,0,0
Suite_5,Deferred_Uber,1,642,0.00386,1.10464,0.086016,0.107264,0.516288,1.51009,662.213,0,0,0
Suite_5,Deferred_Uber,1,643,0.004273,1.96446,0.08608,0.110944,0.52224,1.57553,634.709,0,0,0
Suite_5,Deferred_Uber,1,644,0.004231,0.620523,0.085952,0.107488,0.515232,2.4354,410.61,0,0,0
Suite_5,Deferred_Uber,1,645,0.004901,1.34236,0.086144,0.108544,0.515616,1.10114,908.146,0,0,0
Suite_5,Deferred_Uber,1,646,0.004258,1.10405,0.086048,0.108928,0.515232,1.51285,661.003,0,0,0
Suite_5,Deferred_Uber,1,647,0.004274,0.612946,0.086016,0.108704,0.519776,1.57535,634.779,0,0,0
Suite_5,Deferred_Uber,1,648,0.004667,2.32186,0.10672,0.112832,0.540032,1.03365,967.447,0,0,0
Suite_5,Deferred_Uber,1,649,0.00471,0.620588,0.086176,0.113024,0.524288,2.44265,409.392,0,0,0
Suite_5,Deferred_Uber,1,650,0.004384,1.25193,0.08592,0.108832,0.517152,1.14423,873.949,0,0,0
Suite_5,Deferred_Uber,1,651,0.004221,1.05948,0.085984,0.1096,0.517856,1.47099,679.816,0,0,0
Suite_5,Deferred_Uber,1,652,0.004175,0.612411,0.08576,0.108384,0.52992,1.5514,644.577,0,0,0
Suite_5,Deferred_Uber,1,653,0.004564,2.26785,0.086016,0.1288,0.5344,1.09227,915.523,0,0,0
Suite_5,Deferred_Uber,1,654,0.00515,1.10732,0.085984,0.109216,0.521216,2.43966,409.894,0,0,0
Suite_5,Deferred_Uber,1,655,0.00437,0.982714,0.086112,0.108544,0.51392,1.6133,619.847,0,0,0
Suite_5,Deferred_Uber,1,656,0.004086,0.606369,0.086016,0.110304,0.51824,1.49828,667.432,0,0,0
Suite_5,Deferred_Uber,1,657,0.004179,0.849398,0.086016,0.111776,0.516128,0.968902,1032.1,0,0,0
Suite_5,Deferred_Uber,1,658,0.004158,0.911196,0.086016,0.106784,0.510336,0.917288,1090.17,0,0,0
Suite_5,Deferred_Uber,1,659,0.004103,0.925923,0.085952,0.108544,0.53008,0.927728,1077.9,0,0,0
Suite_5,Deferred_Uber,1,660,0.003902,1.49388,0.086016,0.1104,0.525984,0.942126,1061.43,0,0,0
Suite_5,Deferred_Uber,1,661,0.004115,1.10143,0.086016,0.110592,0.515968,1.51197,661.39,0,0,0
Suite_5,Deferred_Uber,1,662,0.00454,1.93079,0.086176,0.109408,0.51344,1.57322,635.638,0,0,0
Suite_5,Deferred_Uber,1,663,0.004126,0.611666,0.085952,0.107264,0.507488,2.43954,409.913,0,0,0
Suite_5,Deferred_Uber,1,664,0.004551,1.34698,0.085984,0.109184,0.514464,1.08313,923.251,0,0,0
Suite_5,Deferred_Uber,1,665,0.004297,1.07366,0.086176,0.109888,0.516096,1.51759,658.94,0,0,0
Suite_5,Deferred_Uber,1,666,0.004189,0.610952,0.085952,0.109024,0.513856,1.54591,646.87,0,0,0
Suite_5,Deferred_Uber,1,667,0.004279,2.23978,0.086016,0.130048,0.537312,1.08207,924.156,0,0,0
Suite_5,Deferred_Uber,1,668,0.004902,0.640516,0.086016,0.106944,0.52048,2.40857,415.183,0,0,0
Suite_5,Deferred_Uber,1,669,0.004098,1.27261,0.085984,0.109536,0.517856,1.12032,892.599,0,0,0
Suite_5,Deferred_Uber,1,670,0.004205,1.06113,0.086144,0.108544,0.520192,1.492,670.242,0,0,0
Suite_5,Deferred_Uber,1,671,0.004324,0.611307,0.086016,0.106752,0.5288,1.5575,642.053,0,0,0
Suite_5,Deferred_Uber,1,672,0.004415,2.2798,0.086176,0.128064,0.531872,1.08226,923.995,0,0,0
Suite_5,Deferred_Uber,1,673,0.004757,1.09895,0.08592,0.109088,0.512,2.45134,407.94,0,0,0
Suite_5,Deferred_Uber,1,674,0.004411,0.971,0.086016,0.108544,0.516416,1.60673,622.384,0,0,0
Suite_5,Deferred_Uber,1,675,0.004149,0.6021,0.087168,0.108544,0.513728,1.49313,669.735,0,0,0
Suite_5,Deferred_Uber,1,676,0.004425,0.855511,0.085952,0.108768,0.521024,0.971424,1029.42,0,0,0
Suite_5,Deferred_Uber,1,677,0.004276,0.902483,0.086016,0.10848,0.512,0.933445,1071.3,0,0,0
Suite_5,Deferred_Uber,1,678,0.005084,0.924109,0.086016,0.108288,0.54304,0.921207,1085.53,0,0,0
Suite_5,Deferred_Uber,1,679,0.004011,1.50247,0.085888,0.108544,0.509888,0.941802,1061.79,0,0,0
Suite_5,Deferred_Uber,1,680,0.00386,1.06637,0.086016,0.10832,0.51648,1.51859,658.506,0,0,0
Suite_5,Deferred_Uber,1,681,0.004548,1.93949,0.08608,0.11008,0.523456,1.56595,638.588,0,0,0
Suite_5,Deferred_Uber,1,682,0.004166,0.611101,0.08592,0.107328,0.515808,2.44716,408.638,0,0,0
Suite_5,Deferred_Uber,1,683,0.004631,1.4381,0.086176,0.108544,0.524288,1.05283,949.822,0,0,0
Suite_5,Deferred_Uber,1,684,0.004619,1.0602,0.086016,0.108512,0.512192,1.55661,642.42,0,0,0
Suite_5,Deferred_Uber,1,685,0.004234,0.64509,0.085984,0.110592,0.512192,1.56546,638.79,0,0,0
Suite_5,Deferred_Uber,1,686,0.004526,2.29747,0.086016,0.13024,0.533952,1.06683,937.357,0,0,0
Suite_5,Deferred_Uber,1,687,0.004853,0.618405,0.085984,0.106976,0.51712,2.41667,413.793,0,0,0
Suite_5,Deferred_Uber,1,688,0.004231,1.27721,0.08592,0.10976,0.516096,1.12193,891.325,0,0,0
Suite_5,Deferred_Uber,1,689,0.004192,1.03122,0.086016,0.10912,0.510528,1.49745,667.8,0,0,0
Suite_5,Deferred_Uber,1,690,0.004246,0.616695,0.086016,0.106784,0.510112,1.55337,643.762,0,0,0
Suite_5,Deferred_Uber,1,691,0.004443,2.31948,0.086144,0.125728,0.534528,1.05386,948.894,0,0,0
Suite_5,Deferred_Uber,1,692,0.00494,1.10405,0.086016,0.108896,0.514464,2.43959,409.906,0,0,0
Suite_5,Deferred_Uber,1,693,0.004487,0.950561,0.086016,0.108576,0.518176,1.62988,613.544,0,0,0
Suite_5,Deferred_Uber,1,694,0.004294,0.605215,0.086016,0.110976,0.516096,1.48092,675.255,0,0,0
Suite_5,Deferred_Uber,1,695,0.004144,0.852325,0.086016,0.10896,0.508704,0.975227,1025.4,0,0,0
Suite_5,Deferred_Uber,1,696,0.004289,0.904613,0.086016,0.108544,0.507936,0.919197,1087.91,0,0,0
Suite_5,Deferred_Uber,1,697,0.003895,0.919409,0.086016,0.10688,0.535552,0.922406,1084.12,0,0,0
Suite_5,Deferred_Uber,1,698,0.00383,1.50639,0.086016,0.109248,0.519168,0.936224,1068.12,0,0,0
Suite_5,Deferred_Uber,1,699,0.003909,1.05476,0.085984,0.109216,0.523872,1.52264,656.755,0,0,0
Suite_5,Deferred_Uber,1,700,0.004256,1.96153,0.0872,0.110592,0.513408,1.56622,638.478,0,0,0
Suite_5,Deferred_Uber,1,701,0.004236,0.610322,0.086016,0.10832,0.505856,2.43468,410.731,0,0,0
Suite_5,Deferred_Uber,1,702,0.005096,1.34856,0.085856,0.110592,0.515232,1.07219,932.674,0,0,0
Suite_5,Deferred_Uber,1,703,0.004662,1.03402,0.08608,0.109056,0.521056,1.51846,658.564,0,0,0
Suite_5,Deferred_Uber,1,704,0.004127,0.607834,0.086016,0.108416,0.510272,1.55616,642.606,0,0,0
Suite_5,Deferred_Uber,1,705,0.004423,2.26962,0.08608,0.127872,0.53248,1.08067,925.351,0,0,0
Suite_5,Deferred_Uber,1,706,0.004223,0.629418,0.110592,0.106752,0.540896,2.41414,414.226,0,0,0
Suite_5,Deferred_Uber,1,707,0.004662,1.25038,0.085888,0.112608,0.513088,1.15207,868.004,0,0,0
Suite_5,Deferred_Uber,1,708,0.004228,1.03572,0.086176,0.10944,0.512,1.4697,680.412,0,0,0
Suite_5,Deferred_Uber,1,709,0.004365,0.612346,0.086016,0.106208,0.5144,1.56092,640.649,0,0,0
Suite_5,Deferred_Uber,1,710,0.004367,2.25283,0.085952,0.108544,0.530432,1.08614,920.694,0,0,0
Suite_5,Deferred_Uber,1,711,0.004957,1.09353,0.086016,0.108672,0.524256,2.4226,412.779,0,0,0
Suite_5,Deferred_Uber,1,712,0.004294,0.995692,0.086016,0.108928,0.5144,1.61595,618.831,0,0,0
Suite_5,Deferred_Uber,1,713,0.004205,0.605003,0.08608,0.110368,0.516288,1.50456,664.645,0,0,0
Suite_5,Deferred_Uber,1,714,0.004242,0.854658,0.086144,0.112512,0.514048,0.975819,1024.78,0,0,0
Suite_5,Deferred_Uber,1,715,0.004168,0.905352,0.086016,0.106592,0.50832,0.921918,1084.7,0,0,0
Suite_5,Deferred_Uber,1,716,0.003876,0.925064,0.086112,0.10688,0.530432,0.921645,1085.02,0,0,0
Suite_5,Deferred_Uber,1,717,0.003945,1.49101,0.086016,0.108544,0.516256,0.942456,1061.06,0,0,0
Suite_5,Deferred_Uber,1,718,0.003943,1.04621,0.086016,0.10992,0.510144,1.50796,663.148,0,0,0
Suite_5,Deferred_Uber,1,719,0.004286,1.94444,0.086112,0.110336,0.511648,1.56747,637.97,0,0,0
Suite_5,Deferred_Uber,1,720,0.004622,0.616005,0.086144,0.109536,0.531072,2.43575,410.551,0,0,0
Suite_5,Deferred_Uber,1,721,0.004729,0.920117,0.086016,0.11856,0.521408,1.03884,962.614,0,0,0
Suite_5,Deferred_Uber,1,722,0.004281,1.38819,0.086112,0.108544,0.512096,1.04014,961.406,0,0,0
Suite_5,Deferred_Uber,1,723,0.004265,1.0238,0.086016,0.10864,0.512192,1.5066,663.746,0,0,0
Suite_5,Deferred_Uber,1,724,0.004187,0.612333,0.086144,0.106848,0.536576,1.54947,645.384,0,0,0
Suite_5,Deferred_Uber,1,725,0.004469,2.23458,0.086016,0.108544,0.528672,1.10432,905.532,0,0,0
Suite_5,Deferred_Uber,1,726,0.004548,1.08847,0.086144,0.110208,0.512032,2.40545,415.723,0,0,0
Suite_5,Deferred_Uber,1,727,0.00433,0.97001,0.086016,0.111712,0.514048,1.61059,620.889,0,0,0
Suite_5,Deferred_Uber,1,728,0.004299,0.610614,0.0872,0.108544,0.509728,1.48792,672.077,0,0,0
Suite_5,Deferred_Uber,1,729,0.004305,0.840254,0.086144,0.108544,0.516096,0.982029,1018.3,0,0,0
Suite_5,Deferred_Uber,1,730,0.00415,0.908542,0.086016,0.107584,0.52992,0.908751,1100.41,0,0,0
Suite_5,Deferred_Uber,1,731,0.003883,0.924343,0.086016,0.108608,0.535104,0.92494,1081.15,0,0,0
Suite_5,Deferred_Uber,1,732,0.003872,1.49851,0.086016,0.108768,0.514272,0.940216,1063.59,0,0,0
Suite_5,Deferred_Uber,1,733,0.003884,1.09485,0.084992,0.108544,0.524288,1.51606,659.603,0,0,0
Suite_5,Deferred_Uber,1,734,0.004298,1.97048,0.086016,0.110784,0.520512,1.56624,638.473,0,0,0
Suite_5,Deferred_Uber,1,735,0.00415,0.610243,0.086016,0.106496,0.514048,2.44146,409.591,0,0,0
Suite_5,Deferred_Uber,1,736,0.004358,1.36373,0.08608,0.10976,0.52368,1.08132,924.793,0,0,0
Suite_5,Deferred_Uber,1,737,0.004372,1.031,0.08608,0.110368,0.520192,1.53373,652.006,0,0,0
Suite_5,Deferred_Uber,1,738,0.004177,0.610727,0.086016,0.108704,0.512256,1.55346,643.726,0,0,0
Suite_5,Deferred_Uber,1,739,0.004552,2.22574,0.11264,0.114272,0.55296,1.10095,908.307,0,0,0
Suite_5,Deferred_Uber,1,740,0.004639,0.627445,0.086016,0.116256,0.519904,2.3954,417.468,0,0,0
Suite_5,Deferred_Uber,1,741,0.004207,1.25184,0.086016,0.108992,0.512768,1.15743,863.98,0,0,0
Suite_5,Deferred_Uber,1,742,0.004097,1.03811,0.086272,0.108896,0.510912,1.47165,679.508,0,0,0
Suite_5,Deferred_Uber,1,743,0.004209,0.6099,0.085984,0.108544,0.529664,1.55329,643.796,0,0,0
Suite_5,Deferred_Uber,1,744,0.0043,2.25282,0.08608,0.132032,0.536576,1.08084,925.204,0,0,0
Suite_5,Deferred_Uber,1,745,0.005502,1.11195,0.086016,0.108544,0.513696,2.42507,412.36,0,0,0
Suite_5,Deferred_Uber,1,746,0.004945,0.969169,0.086016,0.109408,0.513984,1.61745,618.258,0,0,0
Suite_5,Deferred_Uber,1,747,0.004602,0.611287,0.086112,0.10944,0.509952,1.49229,670.109,0,0,0
Suite_5,Deferred_Uber,1,748,0.004334,0.854679,0.086016,0.108544,0.509888,0.959319,1042.41,0,0,0
Suite_5,Deferred_Uber,1,749,0.004368,0.895695,0.086016,0.108032,0.508,0.92397,1082.29,0,0,0
Suite_5,Deferred_Uber,1,750,0.004147,0.922357,0.086016,0.109696,0.532544,0.913104,1095.17,0,0,0
Suite_5,Deferred_Uber,1,751,0.004026,1.49023,0.08624,0.110496,0.521952,0.93864,1065.37,0,0,0
Suite_5,Deferred_Uber,1,752,0.003928,1.10487,0.086048,0.110592,0.515584,1.50632,663.872,0,0,0
Suite_5,Deferred_Uber,1,753,0.004455,1.9643,0.084992,0.1096,0.519328,1.57727,634.008,0,0,0
Suite_5,Deferred_Uber,1,754,0.004328,0.613932,0.086016,0.110144,0.5112,2.43842,410.102,0,0,0
Suite_5,Deferred_Uber,1,755,0.004394,1.36164,0.086016,0.10864,0.514656,1.08585,920.937,0,0,0
Suite_5,Deferred_Uber,1,756,0.004384,1.07681,0.086016,0.110016,0.515744,1.53044,653.406,0,0,0
Suite_5,Deferred_Uber,1,757,0.004344,0.612146,0.086048,0.10944,0.514048,1.55778,641.939,0,0,0
Suite_5,Deferred_Uber,1,758,0.004381,2.24605,0.086016,0.120832,0.534464,1.08432,922.234,0,0,0
Suite_5,Deferred_Uber,1,759,0.004451,0.614051,0.086016,0.106752,0.51456,2.41546,413.999,0,0,0
Suite_5,Deferred_Uber,1,760,0.004349,1.27137,0.086144,0.108864,0.515456,1.13553,880.648,0,0,0
Suite_5,Deferred_Uber,1,761,0.004183,1.02851,0.086112,0.110592,0.516096,1.47121,679.71,0,0,0
Suite_5,Deferred_Uber,1,762,0.00436,0.609832,0.086016,0.107008,0.5296,1.55109,644.706,0,0,0
Suite_5,Deferred_Uber,1,763,0.0045,2.25705,0.086016,0.114944,0.52912,1.08862,918.598,0,0,0
Suite_5,Deferred_Uber,1,764,0.004604,1.10564,0.086016,0.108576,0.516768,2.42715,412.006,0,0,0
Suite_5,Deferred_Uber,1,765,0.004158,0.966756,0.086048,0.11056,0.515904,1.62549,615.2,0,0,0
Suite_5,Deferred_Uber,1,766,0.004141,0.60229,0.086016,0.114688,0.514368,1.48936,671.428,0,0,0
Suite_5,Deferred_Uber,1,767,0.004393,0.842995,0.085984,0.110112,0.509952,0.981484,1018.87,0,0,0
Suite_5,Deferred_Uber,1,768,0.004124,0.907338,0.086176,0.10672,0.511968,0.910232,1098.62,0,0,0
Suite_5,Deferred_Uber,1,769,0.004158,0.919834,0.086016,0.10704,0.527744,0.925814,1080.13,0,0,0
Suite_5,Deferred_Uber,1,770,0.003934,1.48724,0.086048,0.109952,0.519968,0.937228,1066.98,0,0,0
Suite_5,Deferred_Uber,1,771,0.004092,1.08834,0.086016,0.110624,0.514272,1.50335,665.183,0,0,0
Suite_5,Deferred_Uber,1,772,0.004512,1.91925,0.085888,0.108544,0.514048,1.56915,637.289,0,0,0
Suite_5,Deferred_Uber,1,773,0.004172,0.615669,0.086016,0.109376,0.511136,2.44964,408.223,0,0,0
Suite_5,Deferred_Uber,1,774,0.004618,1.3834,0.086176,0.1088,0.515264,1.07377,931.297,0,0,0
Suite_5,Deferred_Uber,1,775,0.004586,1.06554,0.086016,0.109152,0.51264,1.51925,658.22,0,0,0
Suite_5,Deferred_Uber,1,776,0.004177,0.613157,0.08608,0.108544,0.511328,1.55349,643.711,0,0,0
Suite_5,Deferred_Uber,1,777,0.004271,2.2341,0.086016,0.128832,0.541568,1.08604,920.772,0,0,0
Suite_5,Deferred_Uber,1,778,0.009548,0.632461,0.109856,0.106496,0.535264,2.40612,415.606,0,0,0
Suite_5,Deferred_Uber,1,779,0.004395,1.33143,0.085984,0.109696,0.51168,1.12433,889.417,0,0,0
Suite_5,Deferred_Uber,1,780,0.004093,1.02815,0.086016,0.108544,0.517888,1.50019,666.582,0,0,0
Suite_5,Deferred_Uber,1,781,0.004206,0.612638,0.085504,0.108448,0.512,1.55099,644.748,0,0,0
Suite_5,Deferred_Uber,1,782,0.004552,2.25445,0.086016,0.109024,0.532768,1.09652,911.979,0,0,0
Suite_5,Deferred_Uber,1,783,0.005168,1.0951,0.086016,0.109856,0.511936,2.42465,412.431,0,0,0
Suite_5,Deferred_Uber,1,784,0.004285,0.991692,0.086336,0.110496,0.52224,1.61729,618.318,0,0,0
Suite_5,Deferred_Uber,1,785,0.004148,0.604021,0.086016,0.109056,0.509952,1.49335,669.637,0,0,0
Suite_5,Deferred_Uber,1,786,0.004058,0.848236,0.085728,0.108896,0.514048,0.974842,1025.81,0,0,0
Suite_5,Deferred_Uber,1,787,0.004091,0.906165,0.086016,0.106912,0.512768,0.914878,1093.04,0,0,0
Suite_5,Deferred_Uber,1,788,0.00389,0.930152,0.086016,0.106912,0.531072,0.922188,1084.38,0,0,0
Suite_5,Deferred_Uber,1,789,0.0039,1.4411,0.086048,0.108352,0.519424,0.94783,1055.04,0,0,0
Suite_5,Deferred_Uber,1,790,0.004149,1.08754,0.08608,0.110464,0.511328,1.50858,662.876,0,0,0
Suite_5,Deferred_Uber,1,791,0.004438,1.93559,0.086016,0.108544,0.522464,1.5687,637.471,0,0,0
Suite_5,Deferred_Uber,1,792,0.004294,0.607875,0.086016,0.106656,0.506752,2.45693,407.012,0,0,0
Suite_5,Deferred_Uber,1,793,0.004896,1.37358,0.085856,0.109376,0.519456,1.07038,934.248,0,0,0
Suite_5,Deferred_Uber,1,794,0.004282,1.04445,0.086016,0.108544,0.51824,1.54391,647.706,0,0,0
Suite_5,Deferred_Uber,1,795,0.004224,0.610824,0.086016,0.10832,0.512704,1.57026,636.837,0,0,0
Suite_5,Deferred_Uber,1,796,0.004341,2.19395,0.086016,0.126976,0.534592,1.09165,916.042,0,0,0
Suite_5,Deferred_Uber,1,797,0.004377,0.620804,0.112608,0.10656,0.538784,2.39169,418.115,0,0,0
Suite_5,Deferred_Uber,1,798,0.004757,1.26024,0.085952,0.110592,0.512,1.14414,874.017,0,0,0
Suite_5,Deferred_Uber,1,799,0.004388,1.06469,0.085984,0.108544,0.518144,1.47963,675.843,0,0,0
Suite_5,Deferred_Uber,1,800,0.00443,0.63562,0.086016,0.107776,0.512352,1.54931,645.448,0,0,0
Suite_5,Deferred_Uber,1,801,0.00443,2.23011,0.08608,0.10784,0.536576,1.10872,901.942,0,0,0
Suite_5,Deferred_Uber,1,802,0.004817,1.10851,0.085984,0.110592,0.518144,2.40189,416.339,0,0,0
Suite_5,Deferred_Uber,1,803,0.004254,0.968221,0.086144,0.108608,0.514336,1.63078,613.205,0,0,0
Suite_5,Deferred_Uber,1,804,0.004339,0.607225,0.086016,0.11008,0.511808,1.48989,671.188,0,0,0
Suite_5,Deferred_Uber,1,805,0.004305,0.839241,0.086016,0.111264,0.524416,0.98595,1014.25,0,0,0
Suite_5,Deferred_Uber,1,806,0.004129,0.918231,0.085984,0.108416,0.511872,0.907287,1102.19,0,0,0
Suite_5,Deferred_Uber,1,807,0.004073,0.92391,0.086016,0.108544,0.534688,0.934574,1070.01,0,0,0
Suite_5,Deferred_Uber,1,808,0.003866,1.4971,0.086016,0.108544,0.512128,0.939945,1063.89,0,0,0
Suite_5,Deferred_Uber,1,809,0.004024,1.0399,0.087072,0.110432,0.523616,1.51444,660.311,0,0,0
Suite_5,Deferred_Uber,1,810,0.004609,1.92604,0.086016,0.110592,0.520576,1.56211,640.159,0,0,0
Suite_5,Deferred_Uber,1,811,0.004339,0.612984,0.086112,0.107808,0.505856,2.4351,410.66,0,0,0
Suite_5,Deferred_Uber,1,812,0.004667,1.33394,0.085984,0.108384,0.518144,1.08491,921.734,0,0,0
Suite_5,Deferred_Uber,1,813,0.004403,1.06361,0.08736,0.10976,0.516096,1.50459,664.632,0,0,0
Suite_5,Deferred_Uber,1,814,0.004553,0.613187,0.087168,0.108544,0.520256,1.55447,643.305,0,0,0
Suite_5,Deferred_Uber,1,815,0.004331,2.2709,0.084928,0.107872,0.511808,1.06203,941.59,0,0,0
Suite_5,Deferred_Uber,1,816,0.005352,0.641308,0.084992,0.128544,0.532352,2.44068,409.723,0,0,0
Suite_5,Deferred_Uber,1,817,0.005005,1.30229,0.086048,0.110368,0.525664,1.11706,895.209,0,0,0
Suite_5,Deferred_Uber,1,818,0.004117,1.04747,0.086016,0.108832,0.52016,1.47261,679.068,0,0,0
Suite_5,Deferred_Uber,1,819,0.00425,0.612392,0.085888,0.109216,0.516096,1.56777,637.848,0,0,0
Suite_5,Deferred_Uber,1,820,0.004436,2.27405,0.084928,0.106496,0.534432,1.08343,922.994,0,0,0
Suite_5,Deferred_Uber,1,821,0.00504,1.1037,0.08608,0.110912,0.519296,2.44634,408.775,0,0,0
Suite_5,Deferred_Uber,1,822,0.004249,0.974,0.085824,0.10976,0.520192,1.61925,617.571,0,0,0
Suite_5,Deferred_Uber,1,823,0.004037,0.597852,0.086016,0.110304,0.520896,1.49549,668.677,0,0,0
Suite_5,Deferred_Uber,1,824,0.004296,0.85845,0.08624,0.1104,0.524288,0.974564,1026.1,0,0,0
Suite_5,Deferred_Uber,1,825,0.004237,0.913316,0.086272,0.107008,0.512,0.927378,1078.31,0,0,0
Suite_5,Deferred_Uber,1,826,0.003917,0.92888,0.086016,0.108256,0.508576,0.930703,1074.46,0,0,0
Suite_5,Deferred_Uber,1,827,0.003941,1.47686,0.085952,0.109472,0.51536,0.945146,1058.04,0,0,0
Suite_5,Deferred_Uber,1,828,0.003951,0.988478,0.086048,0.110592,0.514048,1.49291,669.835,0,0,0
Suite_5,Deferred_Uber,1,829,0.00734,1.83551,0.086016,0.110592,0.512224,1.59435,627.216,0,0,0
Suite_5,Deferred_Uber,1,830,0.006592,0.642644,0.108512,0.11264,0.536576,2.42012,413.202,0,0,0
Suite_5,Deferred_Uber,1,831,0.004818,0.977444,0.084992,0.108544,0.528384,1.01786,982.45,0,0,0
Suite_5,Deferred_Uber,1,832,0.004295,1.39151,0.086048,0.108224,0.520032,1.04567,956.328,0,0,0
Suite_5,Deferred_Uber,1,833,0.00411,1.05152,0.085984,0.107296,0.5192,1.51141,661.632,0,0,0
Suite_5,Deferred_Uber,1,834,0.004296,0.61208,0.086112,0.108544,0.53248,1.55224,644.229,0,0,0
Suite_5,Deferred_Uber,1,835,0.004441,2.28925,0.086048,0.124928,0.529664,1.08346,922.972,0,0,0
Suite_5,Deferred_Uber,1,836,0.004889,1.11908,0.086112,0.112192,0.518144,2.45927,406.625,0,0,0
Suite_5,Deferred_Uber,1,837,0.004408,0.955843,0.085984,0.108544,0.509184,1.62491,615.417,0,0,0
Suite_5,Deferred_Uber,1,838,0.004165,0.602565,0.086112,0.110592,0.518144,1.47849,676.364,0,0,0
Suite_5,Deferred_Uber,1,839,0.004149,0.854552,0.085952,0.110496,0.519648,0.965472,1035.76,0,0,0
Suite_5,Deferred_Uber,1,840,0.004064,0.911911,0.086016,0.106976,0.527072,0.921717,1084.93,0,0,0
Suite_5,Deferred_Uber,1,841,0.004,0.922522,0.086176,0.107808,0.530432,0.929174,1076.22,0,0,0
Suite_5,Deferred_Uber,1,842,0.004074,1.49269,0.086016,0.110048,0.512608,0.939486,1064.41,0,0,0
Suite_5,Deferred_Uber,1,843,0.004096,1.09568,0.086048,0.109216,0.513536,1.50892,662.728,0,0,0
Suite_5,Deferred_Uber,1,844,0.004288,1.95985,0.086176,0.108864,0.513888,1.56639,638.41,0,0,0
Suite_5,Deferred_Uber,1,845,0.00436,0.611062,0.086016,0.107776,0.51232,2.43524,410.637,0,0,0
Suite_5,Deferred_Uber,1,846,0.005042,1.34778,0.086016,0.10896,0.516992,1.08398,922.529,0,0,0
Suite_5,Deferred_Uber,1,847,0.004542,1.0751,0.08608,0.11264,0.516096,1.51722,659.101,0,0,0
Suite_5,Deferred_Uber,1,848,0.00407,0.612433,0.085952,0.110208,0.516096,1.55182,644.404,0,0,0
Suite_5,Deferred_Uber,1,849,0.004211,2.23842,0.106112,0.113696,0.538624,1.08437,922.199,0,0,0
Suite_5,Deferred_Uber,1,850,0.004833,0.629238,0.086112,0.107488,0.513376,2.40834,415.224,0,0,0
Suite_5,Deferred_Uber,1,851,0.004352,1.3013,0.086048,0.109728,0.516096,1.12359,890.008,0,0,0
Suite_5,Deferred_Uber,1,852,0.004185,1.03204,0.085856,0.110592,0.515392,1.48183,674.841,0,0,0
Suite_5,Deferred_Uber,1,853,0.004249,0.608509,0.086016,0.106816,0.540928,1.55591,642.711,0,0,0
Suite_5,Deferred_Uber,1,854,0.004557,2.35973,0.08608,0.127296,0.536576,1.05531,947.592,0,0,0
Suite_5,Deferred_Uber,1,855,0.005012,1.09692,0.085952,0.108992,0.512,2.47939,403.325,0,0,0
Suite_5,Deferred_Uber,1,856,0.004364,0.967045,0.086016,0.110336,0.509664,1.61678,618.513,0,0,0
Suite_5,Deferred_Uber,1,857,0.004322,0.604203,0.086016,0.1088,0.515712,1.4902,671.053,0,0,0
Suite_5,Deferred_Uber,1,858,0.004115,0.903203,0.08624,0.110432,0.509504,0.924649,1081.49,0,0,0
Suite_5,Deferred_Uber,1,859,0.003885,0.903584,0.086368,0.107392,0.509152,0.919409,1087.66,0,0,0
Suite_5,Deferred_Uber,1,860,0.00382,0.921428,0.086016,0.107584,0.535712,0.919561,1087.48,0,0,0
Suite_5,Deferred_Uber,1,861,0.00383,1.4948,0.086016,0.108544,0.516064,0.938501,1065.53,0,0,0
Suite_5,Deferred_Uber,1,862,0.003833,1.08974,0.086016,0.108544,0.516448,1.51177,661.477,0,0,0
Suite_5,Deferred_Uber,1,863,0.004335,1.91838,0.08592,0.108896,0.521792,1.56603,638.557,0,0,0
Suite_5,Deferred_Uber,1,864,0.00418,0.613514,0.086016,0.106688,0.507616,2.43966,409.894,0,0,0
Suite_5,Deferred_Uber,1,865,0.004719,1.32896,0.086176,0.109984,0.511296,1.08876,918.479,0,0,0
Suite_5,Deferred_Uber,1,866,0.004815,1.03143,0.086016,0.108544,0.510304,1.51545,659.87,0,0,0
Suite_5,Deferred_Uber,1,867,0.004147,0.610265,0.08704,0.108544,0.514112,1.55359,643.671,0,0,0
Suite_5,Deferred_Uber,1,868,0.004345,2.21729,0.086016,0.128736,0.533024,1.08868,918.54,0,0,0
Suite_5,Deferred_Uber,1,869,0.004343,0.632579,0.106976,0.106496,0.533568,2.41153,414.675,0,0,0
Suite_5,Deferred_Uber,1,870,0.00502,1.31731,0.085824,0.109952,0.513664,1.10693,903.402,0,0,0
Suite_5,Deferred_Uber,1,871,0.004329,1.03039,0.08608,0.110592,0.516096,1.48688,672.55,0,0,0
Suite_5,Deferred_Uber,1,872,0.00415,0.613538,0.086048,0.107936,0.515072,1.55146,644.555,0,0,0
Suite_5,Deferred_Uber,1,873,0.004474,2.28908,0.086016,0.10656,0.532384,1.0774,928.156,0,0,0
Suite_5,Deferred_Uber,1,874,0.004703,1.10147,0.08608,0.110464,0.518272,2.46017,406.476,0,0,0
Suite_5,Deferred_Uber,1,875,0.004217,0.982002,0.08608,0.10912,0.511104,1.62394,615.787,0,0,0
Suite_5,Deferred_Uber,1,876,0.004157,0.609824,0.086144,0.10944,0.513664,1.49226,670.125,0,0,0
Suite_5,Deferred_Uber,1,877,0.004116,0.844757,0.08576,0.108544,0.52224,0.981214,1019.15,0,0,0
Suite_5,Deferred_Uber,1,878,0.004171,0.917539,0.086016,0.106496,0.512,0.912715,1095.63,0,0,0
Suite_5,Deferred_Uber,1,879,0.004009,0.923811,0.085952,0.108192,0.534048,0.934062,1070.59,0,0,0
Suite_5,Deferred_Uber,1,880,0.003902,1.50043,0.085888,0.11072,0.520192,0.940135,1063.68,0,0,0
Suite_5,Deferred_Uber,1,881,0.003945,1.04719,0.086048,0.10848,0.516096,1.52372,656.29,0,0,0
Suite_5,Deferred_Uber,1,882,0.00458,1.92256,0.086016,0.108608,0.51024,1.56156,640.384,0,0,0
Suite_5,Deferred_Uber,1,883,0.004342,0.617762,0.086016,0.106496,0.51008,2.44426,409.123,0,0,0
Suite_5,Deferred_Uber,1,884,0.004799,1.40779,0.085824,0.109312,0.52224,1.06599,938.094,0,0,0
Suite_5,Deferred_Uber,1,885,0.00463,1.03835,0.085952,0.108544,0.518144,1.52967,653.734,0,0,0
Suite_5,Deferred_Uber,1,886,0.004976,0.618438,0.086016,0.108576,0.518688,1.56252,639.99,0,0,0
Suite_5,Deferred_Uber,1,887,0.004489,2.29589,0.086016,0.128032,0.534528,1.06764,936.647,0,0,0
Suite_5,Deferred_Uber,1,888,0.004379,0.621248,0.106048,0.108544,0.530976,2.41416,414.223,0,0,0
Suite_5,Deferred_Uber,1,889,0.004932,1.25206,0.08624,0.110304,0.520128,1.1462,872.448,0,0,0
Suite_5,Deferred_Uber,1,890,0.004443,1.04943,0.086048,0.108992,0.5192,1.47264,679.054,0,0,0
Suite_5,Deferred_Uber,1,891,0.004211,0.610454,0.085984,0.108544,0.509344,1.5629,639.836,0,0,0
Suite_5,Deferred_Uber,1,892,0.004218,2.28367,0.086272,0.108096,0.529472,1.08131,924.805,0,0,0
Suite_5,Deferred_Uber,1,893,0.004916,1.10325,0.086016,0.109696,0.52064,2.45527,407.288,0,0,0
Suite_5,Deferred_Uber,1,894,0.004385,0.976085,0.086016,0.1104,0.512416,1.62167,616.648,0,0,0
Suite_5,Deferred_Uber,1,895,0.004163,0.6058,0.086016,0.11088,0.511392,1.49308,669.758,0,0,0
Suite_5,Deferred_Uber,1,896,0.004219,0.850584,0.086016,0.110496,0.511616,0.975544,1025.07,0,0,0
Suite_5,Deferred_Uber,1,897,0.004322,0.900764,0.084832,0.106496,0.514016,0.919069,1088.06,0,0,0
Suite_5,Deferred_Uber,1,898,0.003904,0.925964,0.085984,0.107328,0.5424,0.918107,1089.2,0,0,0
Suite_5,Deferred_Uber,1,899,0.004229,1.45412,0.086016,0.11056,0.515392,0.941923,1061.66,0,0,0
Suite_5,Deferred_Uber,1,900,0.004137,1.04638,0.085952,0.111488,0.517312,1.52127,657.346,0,0,0
Suite_5,Deferred_Uber,1,901,0.004285,1.93104,0.08608,0.110176,0.51152,1.57586,634.573,0,0,0
Suite_5,Deferred_Uber,1,902,0.00427,0.622102,0.086016,0.106976,0.508608,2.43306,411.005,0,0,0
Suite_5,Deferred_Uber,1,903,0.004842,1.43495,0.086016,0.110144,0.510176,1.04361,958.214,0,0,0
Suite_5,Deferred_Uber,1,904,0.004368,1.03277,0.086304,0.110592,0.515648,1.55366,643.643,0,0,0
Suite_5,Deferred_Uber,1,905,0.004317,0.61742,0.086176,0.11168,0.519168,1.55394,643.525,0,0,0
Suite_5,Deferred_Uber,1,906,0.004352,2.2367,0.085824,0.13312,0.54048,1.08962,917.748,0,0,0
Suite_5,Deferred_Uber,1,907,0.004251,0.615723,0.086048,0.108544,0.541824,2.40521,415.764,0,0,0
Suite_5,Deferred_Uber,1,908,0.004481,1.26894,0.086016,0.109824,0.515776,1.14407,874.072,0,0,0
Suite_5,Deferred_Uber,1,909,0.004141,1.03406,0.086016,0.108544,0.51568,1.49536,668.737,0,0,0
Suite_5,Deferred_Uber,1,910,0.004233,0.610352,0.086016,0.108064,0.512128,1.54236,648.359,0,0,0
Suite_5,Deferred_Uber,1,911,0.004399,2.25077,0.08592,0.108352,0.532544,1.08165,924.51,0,0,0
Suite_5,Deferred_Uber,1,912,0.004651,1.10497,0.086016,0.109152,0.514048,2.42028,413.175,0,0,0
Suite_5,Deferred_Uber,1,913,0.004181,0.964475,0.086016,0.108544,0.52032,1.62653,614.807,0,0,0
Suite_5,Deferred_Uber,1,914,0.004093,0.608234,0.086016,0.10976,0.508704,1.48662,672.668,0,0,0
Suite_5,Deferred_Uber,1,915,0.00412,0.845591,0.085888,0.107488,0.51328,0.967912,1033.15,0,0,0
Suite_5,Deferred_Uber,1,916,0.004052,0.911486,0.084864,0.108032,0.512032,0.912482,1095.91,0,0,0
Suite_5,Deferred_Uber,1,917,0.003965,0.914829,0.086016,0.1088,0.512928,0.92961,1075.72,0,0,0
Suite_5,Deferred_Uber,1,918,0.003867,1.48532,0.086016,0.109952,0.524992,0.931591,1073.43,0,0,0
Suite_5,Deferred_Uber,1,919,0.003898,1.05128,0.086016,0.110848,0.521088,1.50138,666.056,0,0,0
Suite_5,Deferred_Uber,1,920,0.004411,1.96518,0.086016,0.109696,0.523424,1.57263,635.879,0,0,0
Suite_5,Deferred_Uber,1,921,0.0042,0.61008,0.110656,0.1104,0.54272,2.44921,408.295,0,0,0
Suite_5,Deferred_Uber,1,922,0.004418,0.852125,0.086016,0.106752,0.53152,1.08248,923.806,0,0,0
Suite_5,Deferred_Uber,1,923,0.004417,1.38432,0.086016,0.108608,0.519808,1.02068,979.742,0,0,0
Suite_5,Deferred_Uber,1,924,0.004099,1.06861,0.086016,0.108736,0.514848,1.50195,665.8,0,0,0
Suite_5,Deferred_Uber,1,925,0.004235,0.616454,0.085952,0.108352,0.532128,1.56141,640.446,0,0,0
Suite_5,Deferred_Uber,1,926,0.00426,2.25347,0.08608,0.13312,0.544768,1.08837,918.804,0,0,0
Suite_5,Deferred_Uber,1,927,0.005048,1.10425,0.086016,0.108544,0.510048,2.42359,412.612,0,0,0
Suite_5,Deferred_Uber,1,928,0.00432,0.97165,0.086016,0.108544,0.51008,1.62052,617.084,0,0,0
Suite_5,Deferred_Uber,1,929,0.004337,0.600281,0.086304,0.108544,0.51456,1.49468,669.039,0,0,0
Suite_5,Deferred_Uber,1,930,0.004129,0.852412,0.086112,0.108512,0.520928,0.962513,1038.95,0,0,0
Suite_5,Deferred_Uber,1,931,0.004274,0.911514,0.08624,0.109728,0.535872,0.919545,1087.49,0,0,0
Suite_5,Deferred_Uber,1,932,0.003961,0.932543,0.086112,0.10768,0.530432,0.92806,1077.52,0,0,0
Suite_5,Deferred_Uber,1,933,0.004055,1.43186,0.086016,0.109312,0.511296,0.956615,1045.35,0,0,0
Suite_5,Deferred_Uber,1,934,0.004157,1.09267,0.08592,0.11008,0.51536,1.49982,666.746,0,0,0
Suite_5,Deferred_Uber,1,935,0.004336,1.94307,0.086016,0.108544,0.516096,1.56366,639.526,0,0,0
Suite_5,Deferred_Uber,1,936,0.004419,0.616601,0.0872,0.106496,0.51424,2.44106,409.659,0,0,0
Suite_5,Deferred_Uber,1,937,0.004813,1.34849,0.086016,0.108544,0.524064,1.09085,916.712,0,0,0
Suite_5,Deferred_Uber,1,938,0.004482,1.03675,0.08608,0.10896,0.512,1.52437,656.008,0,0,0
Suite_5,Deferred_Uber,1,939,0.004212,0.611091,0.085984,0.108544,0.51568,1.55546,642.897,0,0,0
Suite_5,Deferred_Uber,1,940,0.004593,2.24161,0.108544,0.113216,0.542848,1.08218,924.062,0,0,0
Suite_5,Deferred_Uber,1,941,0.00457,0.626049,0.086016,0.106496,0.522304,2.41262,414.488,0,0,0
Suite_5,Deferred_Uber,1,942,0.004263,1.28441,0.085952,0.109696,0.513472,1.1355,880.666,0,0,0
Suite_5,Deferred_Uber,1,943,0.004208,1.02792,0.08592,0.10976,0.52224,1.47624,677.397,0,0,0
Suite_5,Deferred_Uber,1,944,0.004163,0.609571,0.085856,0.108544,0.536576,1.54917,645.507,0,0,0
Suite_5,Deferred_Uber,1,945,0.004626,2.26942,0.08592,0.126976,0.53776,1.08451,922.078,0,0,0
Suite_5,Deferred_Uber,1,946,0.004634,1.13113,0.086016,0.110336,0.510784,2.43977,409.875,0,0,0
Suite_5,Deferred_Uber,1,947,0.00446,0.964376,0.086208,0.107488,0.509952,1.62915,613.818,0,0,0
Suite_5,Deferred_Uber,1,948,0.004087,0.603883,0.086144,0.109952,0.512,1.48611,672.897,0,0,0
Suite_5,Deferred_Uber,1,949,0.004371,0.845329,0.086176,0.10896,0.515488,0.976208,1024.37,0,0,0
Suite_5,Deferred_Uber,1,950,0.004114,0.906204,0.086208,0.106784,0.53424,0.913703,1094.45,0,0,0
Suite_5,Deferred_Uber,1,951,0.003911,0.930829,0.08608,0.108352,0.532416,0.922449,1084.07,0,0,0
Suite_5,Deferred_Uber,1,952,0.003827,1.49683,0.086016,0.112224,0.516224,0.947046,1055.91,0,0,0
Suite_5,Deferred_Uber,1,953,0.003954,1.06089,0.086016,0.108864,0.514624,1.51428,660.38,0,0,0
Suite_5,Deferred_Uber,1,954,0.004507,1.92199,0.086208,0.11056,0.516096,1.56556,638.751,0,0,0
Suite_5,Deferred_Uber,1,955,0.005187,0.624759,0.085952,0.107392,0.515168,2.44496,409.004,0,0,0
Suite_5,Deferred_Uber,1,956,0.004995,1.42917,0.086016,0.108768,0.514976,1.05208,950.502,0,0,0
Suite_5,Deferred_Uber,1,957,0.004748,1.04802,0.08704,0.108544,0.51184,1.55062,644.902,0,0,0
Suite_5,Deferred_Uber,1,958,0.004078,0.613649,0.085792,0.110592,0.514048,1.55701,642.255,0,0,0
Suite_5,Deferred_Uber,1,959,0.004298,2.23716,0.10864,0.113248,0.54784,1.08471,921.905,0,0,0
Suite_5,Deferred_Uber,1,960,0.004682,0.630659,0.085984,0.106496,0.511776,2.40618,415.597,0,0,0
Suite_5,Deferred_Uber,1,961,0.004214,1.26873,0.086016,0.108544,0.514528,1.13616,880.155,0,0,0
Suite_5,Deferred_Uber,1,962,0.00448,1.04032,0.086016,0.110592,0.515488,1.48838,671.87,0,0,0
Suite_5,Deferred_Uber,1,963,0.004351,0.60582,0.086016,0.108544,0.532768,1.56222,640.116,0,0,0
Suite_5,Deferred_Uber,1,964,0.004857,2.34698,0.085952,0.11184,0.534528,1.05027,952.132,0,0,0
Suite_5,Deferred_Uber,1,965,0.005695,1.087,0.086016,0.109664,0.517824,2.47862,403.45,0,0,0
Suite_5,Deferred_Uber,1,966,0.004754,0.988162,0.086144,0.109216,0.518144,1.62051,617.089,0,0,0
Suite_5,Deferred_Uber,1,967,0.00437,0.612253,0.086272,0.110592,0.5184,1.48168,674.908,0,0,0
Suite_5,Deferred_Uber,1,968,0.004236,0.908143,0.086016,0.108544,0.512,0.931903,1073.07,0,0,0
Suite_5,Deferred_Uber,1,969,0.00408,0.904505,0.086144,0.10848,0.512,0.926278,1079.59,0,0,0
Suite_5,Deferred_Uber,1,970,0.004081,0.936275,0.086016,0.10992,0.530464,0.921588,1085.08,0,0,0
Suite_5,Deferred_Uber,1,971,0.004031,1.44104,0.086016,0.108544,0.5176,0.952525,1049.84,0,0,0
Suite_5,Deferred_Uber,1,972,0.004275,1.06178,0.086016,0.10896,0.512352,1.50847,662.922,0,0,0
Suite_5,Deferred_Uber,1,973,0.00463,1.91629,0.086016,0.10896,0.517024,1.57102,636.528,0,0,0
Suite_5,Deferred_Uber,1,974,0.004229,0.610545,0.086144,0.107456,0.511776,2.43956,409.91,0,0,0
Suite_5,Deferred_Uber,1,975,0.004819,1.3662,0.085632,0.110048,0.514048,1.06814,936.21,0,0,0
Suite_5,Deferred_Uber,1,976,0.004386,1.03868,0.086016,0.108544,0.512992,1.53567,651.182,0,0,0
Suite_5,Deferred_Uber,1,977,0.004292,0.613953,0.08608,0.1072,0.518144,1.56186,640.261,0,0,0
Suite_5,Deferred_Uber,1,978,0.004312,2.31713,0.086016,0.129024,0.54288,1.05571,947.229,0,0,0
Suite_5,Deferred_Uber,1,979,0.004172,0.619,0.108544,0.106688,0.54288,2.43519,410.646,0,0,0
Suite_5,Deferred_Uber,1,980,0.004858,1.2764,0.086016,0.110592,0.514048,1.14103,876.4,0,0,0
Suite_5,Deferred_Uber,1,981,0.004099,1.0143,0.086016,0.108864,0.513344,1.49853,667.322,0,0,0
Suite_5,Deferred_Uber,1,982,0.004394,0.62234,0.086016,0.108288,0.51264,1.54336,647.937,0,0,0
Suite_5,Deferred_Uber,1,983,0.00428,2.23567,0.086016,0.106816,0.539136,1.09367,914.351,0,0,0
Suite_5,Deferred_Uber,1,984,0.005054,1.10635,0.086016,0.108544,0.510048,2.40529,415.751,0,0,0
Suite_5,Deferred_Uber,1,985,0.004301,0.95776,0.085792,0.110624,0.52224,1.6384,610.352,0,0,0
Suite_5,Deferred_Uber,1,986,0.004347,0.606604,0.086016,0.110784,0.520192,1.48303,674.297,0,0,0
Suite_5,Deferred_Uber,1,987,0.0043,0.854857,0.085952,0.109984,0.52208,0.976825,1023.72,0,0,0
Suite_5,Deferred_Uber,1,988,0.004104,0.917621,0.086016,0.107296,0.510848,0.92195,1084.66,0,0,0
Suite_5,Deferred_Uber,1,989,0.004105,0.923366,0.08592,0.111904,0.53024,0.935254,1069.23,0,0,0
Suite_5,Deferred_Uber,1,990,0.003854,1.49246,0.086016,0.109632,0.513952,0.940314,1063.47,0,0,0
Suite_5,Deferred_Uber,1,991,0.003943,1.04309,0.086112,0.11088,0.518144,1.50835,662.977,0,0,0
Suite_5,Deferred_Uber,1,992,0.004364,1.91158,0.086016,0.108768,0.51648,1.56412,639.336,0,0,0
Suite_5,Deferred_Uber,1,993,0.004362,0.614517,0.086016,0.108032,0.50816,2.43282,411.046,0,0,0
Suite_5,Deferred_Uber,1,994,0.004542,1.44108,0.08496,0.1104,0.51408,1.03764,963.729,0,0,0
Suite_5,Deferred_Uber,1,995,0.004547,1.0644,0.086208,0.108544,0.514048,1.56461,639.137,0,0,0
Suite_5,Deferred_Uber,1,996,0.004182,0.614985,0.086048,0.108544,0.514048,1.54902,645.569,0,0,0
Suite_5,Deferred_Uber,1,997,0.004572,2.22083,0.08608,0.127744,0.528384,1.09387,914.189,0,0,0
Suite_5,Deferred_Uber,1,998,0.004114,0.627,0.086144,0.127296,0.534528,2.39074,418.281,0,0,0
Suite_5,Deferred_Uber,1,999,0.004638,1.26737,0.086016,0.108576,0.515904,1.12593,888.152,0,0,0
Suite_5,Deferred_Uber,1,1000,0.004399,1.03418,0.086016,0.109792,0.512352,1.48654,672.704,0,0,0
Suite_5,Deferred_Volume,1,1,0.004471,0.603246,0.086016,0.151552,0.55264,2.62399,381.099,0,0,0
Suite_5,Deferred_Volume,1,2,0.003974,1.97432,0.086016,0.149824,0.580288,0.619639,1613.84,0,0,0
Suite_5,Deferred_Volume,1,3,0.004966,0.666883,0.085984,0.151552,0.554656,2.46962,404.92,0,0,0
Suite_5,Deferred_Volume,1,4,0.004331,1.30722,0.086016,0.151776,0.553312,1.16373,859.307,0,0,0
Suite_5,Deferred_Volume,1,5,0.004417,0.638884,0.087488,0.151008,0.559328,1.53017,653.521,0,0,0
Suite_5,Deferred_Volume,1,6,0.00445,0.911689,0.086016,0.151616,0.5536,1.01756,982.743,0,0,0
Suite_5,Deferred_Volume,1,7,0.004338,1.46371,0.086368,0.150496,0.555008,0.979801,1020.62,0,0,0
Suite_5,Deferred_Volume,1,8,0.004393,0.635575,0.086016,0.151072,0.56576,1.53185,652.806,0,0,0
Suite_5,Deferred_Volume,1,9,0.005228,2.88831,0.086016,0.151552,0.555072,1.11018,900.752,0,0,0
Suite_5,Deferred_Volume,1,10,0.004557,0.638366,0.085984,0.152288,0.565248,3.0602,326.776,0,0,0
Suite_5,Deferred_Volume,1,11,0.004161,1.35358,0.086048,0.150208,0.560448,1.10994,900.949,0,0,0
Suite_5,Deferred_Volume,1,12,0.00418,0.635348,0.086048,0.151552,0.5792,1.52227,656.912,0,0,0
Suite_5,Deferred_Volume,1,13,0.004192,0.818723,0.086016,0.151552,0.55648,1.11671,895.485,0,0,0
Suite_5,Deferred_Volume,1,14,0.004316,1.46734,0.086112,0.151552,0.560512,0.988299,1011.84,0,0,0
Suite_5,Deferred_Volume,1,15,0.00452,0.632957,0.086016,0.151392,0.554656,1.5353,651.34,0,0,0
Suite_5,Deferred_Volume,1,16,0.004389,2.7237,0.086048,0.149952,0.563232,1.1475,871.458,0,0,0
Suite_5,Deferred_Volume,1,17,0.004904,0.641603,0.086144,0.153024,0.556608,2.9464,339.397,0,0,0
Suite_5,Deferred_Volume,1,18,0.004309,1.30286,0.086144,0.152896,0.554528,1.16569,857.86,0,0,0
Suite_5,Deferred_Volume,1,19,0.004369,0.633207,0.086272,0.152416,0.554624,1.52191,657.07,0,0,0
Suite_5,Deferred_Volume,1,20,0.004297,0.899633,0.086016,0.151616,0.560928,1.00371,996.303,0,0,0
Suite_5,Deferred_Volume,1,21,0.004173,1.52078,0.086016,0.1544,0.555296,0.968811,1032.19,0,0,0
Suite_5,Deferred_Volume,1,22,0.004012,0.63256,0.086016,0.149984,0.557056,1.53851,649.98,0,0,0
Suite_5,Deferred_Volume,1,23,0.00505,2.84846,0.086112,0.151616,0.56208,1.12836,886.244,0,0,0
Suite_5,Deferred_Volume,1,24,0.004394,0.636854,0.086016,0.151296,0.557856,3.01889,331.247,0,0,0
Suite_5,Deferred_Volume,1,25,0.004108,1.35982,0.086048,0.150528,0.55296,1.10995,900.945,0,0,0
Suite_5,Deferred_Volume,1,26,0.004199,0.643579,0.08624,0.149504,0.567296,1.52964,653.75,0,0,0
Suite_5,Deferred_Volume,1,27,0.004226,0.807306,0.086016,0.15168,0.559328,1.12809,886.455,0,0,0
Suite_5,Deferred_Volume,1,28,0.004246,1.46484,0.086016,0.150848,0.551424,0.974896,1025.75,0,0,0
Suite_5,Deferred_Volume,1,29,0.004238,0.636518,0.086016,0.151552,0.555168,1.53462,651.627,0,0,0
Suite_5,Deferred_Volume,1,30,0.004475,2.82069,0.086016,0.149536,0.550912,1.10885,901.834,0,0,0
Suite_5,Deferred_Volume,1,31,0.005329,0.657123,0.086016,0.151232,0.563744,2.99163,334.266,0,0,0
Suite_5,Deferred_Volume,1,32,0.004643,1.29506,0.085952,0.15152,0.55296,1.17654,849.946,0,0,0
Suite_5,Deferred_Volume,1,33,0.004203,0.629345,0.086016,0.151872,0.556768,1.51641,659.454,0,0,0
Suite_5,Deferred_Volume,1,34,0.004386,0.901134,0.086016,0.151136,0.554688,1.0011,998.902,0,0,0
Suite_5,Deferred_Volume,1,35,0.004451,1.51133,0.08624,0.1536,0.5544,0.968902,1032.1,0,0,0
Suite_5,Deferred_Volume,1,36,0.003973,0.634902,0.086016,0.151424,0.560096,1.52825,654.344,0,0,0
Suite_5,Deferred_Volume,1,37,0.00533,2.78679,0.086016,0.152224,0.553152,1.14702,871.824,0,0,0
Suite_5,Deferred_Volume,1,38,0.00508,0.640587,0.110688,0.154944,0.585728,3.01304,331.891,0,0,0
Suite_5,Deferred_Volume,1,39,0.004442,0.871492,0.086016,0.151072,0.557568,1.08992,917.501,0,0,0
Suite_5,Deferred_Volume,1,40,0.004404,1.47252,0.086048,0.15024,0.559136,0.991226,1008.85,0,0,0
Suite_5,Deferred_Volume,1,41,0.004212,0.631582,0.086016,0.15344,0.555328,1.54199,648.512,0,0,0
Suite_5,Deferred_Volume,1,42,0.004215,1.34959,0.086336,0.150144,0.556384,1.10365,906.083,0,0,0
Suite_5,Deferred_Volume,1,43,0.004381,0.632376,0.086144,0.150752,0.559104,1.51835,658.612,0,0,0
Suite_5,Deferred_Volume,1,44,0.004544,2.84664,0.086016,0.149504,0.548992,1.10373,906.021,0,0,0
Suite_5,Deferred_Volume,1,45,0.004738,0.656495,0.086016,0.15312,0.555712,3.01945,331.186,0,0,0
Suite_5,Deferred_Volume,1,46,0.004605,1.27606,0.086016,0.15024,0.557536,1.18001,847.453,0,0,0
Suite_5,Deferred_Volume,1,47,0.004115,0.631141,0.086016,0.151552,0.55136,1.49568,668.594,0,0,0
Suite_5,Deferred_Volume,1,48,0.004223,0.882494,0.108416,0.153536,0.582912,0.990656,1009.43,0,0,0
Suite_5,Deferred_Volume,1,49,0.004386,0.974854,0.086016,0.149952,0.553536,0.951835,1050.6,0,0,0
Suite_5,Deferred_Volume,1,50,0.004018,1.46352,0.086176,0.150016,0.559104,0.992541,1007.52,0,0,0
Suite_5,Deferred_Volume,1,51,0.004281,0.634845,0.086016,0.151808,0.56784,1.53535,651.318,0,0,0
Suite_5,Deferred_Volume,1,52,0.004838,2.81428,0.086016,0.14992,0.557056,1.10637,903.859,0,0,0
Suite_5,Deferred_Volume,1,53,0.004217,0.64038,0.086016,0.15136,0.559488,2.98483,335.027,0,0,0
Suite_5,Deferred_Volume,1,54,0.004352,1.33953,0.085984,0.149504,0.551936,1.11239,898.964,0,0,0
Suite_5,Deferred_Volume,1,55,0.004872,0.662375,0.086016,0.154656,0.557056,1.50946,662.488,0,0,0
Suite_5,Deferred_Volume,1,56,0.005544,1.30088,0.08608,0.152064,0.559616,1.16571,857.844,0,0,0
Suite_5,Deferred_Volume,1,57,0.004457,0.638733,0.086016,0.151008,0.553344,1.52466,655.884,0,0,0
Suite_5,Deferred_Volume,1,58,0.004518,2.81433,0.086016,0.151136,0.550848,1.11872,893.876,0,0,0
Suite_5,Deferred_Volume,1,59,0.004928,0.64279,0.109216,0.151168,0.581568,2.97725,335.881,0,0,0
Suite_5,Deferred_Volume,1,60,0.004362,0.820386,0.084992,0.151392,0.553056,1.12719,887.163,0,0,0
Suite_5,Deferred_Volume,1,61,0.00431,1.46399,0.086112,0.150208,0.55296,0.991822,1008.25,0,0,0
Suite_5,Deferred_Volume,1,62,0.004112,0.626342,0.086304,0.172992,0.581952,1.53288,652.366,0,0,0
Suite_5,Deferred_Volume,1,63,0.004229,0.921139,0.086016,0.15088,0.55712,0.996626,1003.39,0,0,0
Suite_5,Deferred_Volume,1,64,0.004299,1.46779,0.086016,0.151776,0.561696,0.988848,1011.28,0,0,0
Suite_5,Deferred_Volume,1,65,0.004091,0.636023,0.086016,0.151232,0.559296,1.53699,650.622,0,0,0
Suite_5,Deferred_Volume,1,66,0.004746,2.80821,0.086048,0.150368,0.58,1.11623,895.874,0,0,0
Suite_5,Deferred_Volume,1,67,0.004184,0.633068,0.086016,0.150176,0.556416,2.97735,335.869,0,0,0
Suite_5,Deferred_Volume,1,68,0.004105,1.26472,0.086016,0.153888,0.559104,1.15464,866.072,0,0,0
Suite_5,Deferred_Volume,1,69,0.004583,0.642644,0.086144,0.151552,0.560288,1.48552,673.163,0,0,0
Suite_5,Deferred_Volume,1,70,0.004601,1.2882,0.086016,0.151968,0.557664,1.16695,856.933,0,0,0
Suite_5,Deferred_Volume,1,71,0.004168,0.634214,0.086016,0.151872,0.557888,1.50999,662.255,0,0,0
Suite_5,Deferred_Volume,1,72,0.004331,2.29858,0.086112,0.152352,0.559104,1.10519,904.818,0,0,0
Suite_5,Deferred_Volume,1,73,0.004384,1.15174,0.086016,0.172672,0.58528,2.46905,405.014,0,0,0
Suite_5,Deferred_Volume,1,74,0.004334,0.635962,0.086016,0.151264,0.56512,1.65028,605.958,0,0,0
Suite_5,Deferred_Volume,1,75,0.004387,1.46457,0.086016,0.150016,0.557888,0.995069,1004.96,0,0,0
Suite_5,Deferred_Volume,1,76,0.00429,0.630602,0.086208,0.150816,0.574656,1.53249,652.533,0,0,0
Suite_5,Deferred_Volume,1,77,0.004403,0.914539,0.086048,0.152128,0.564512,1.0071,992.955,0,0,0
Suite_5,Deferred_Volume,1,78,0.00435,1.46853,0.086016,0.151456,0.55264,0.983006,1017.29,0,0,0
Suite_5,Deferred_Volume,1,79,0.004656,0.642442,0.08608,0.151552,0.56032,1.53644,650.856,0,0,0
Suite_5,Deferred_Volume,1,80,0.004621,2.81622,0.086016,0.151232,0.550912,1.10876,901.906,0,0,0
Suite_5,Deferred_Volume,1,81,0.004137,0.631583,0.086016,0.150912,0.55568,2.98665,334.823,0,0,0
Suite_5,Deferred_Volume,1,82,0.004325,1.34953,0.086016,0.1536,0.562592,1.11441,897.338,0,0,0
Suite_5,Deferred_Volume,1,83,0.004039,0.663488,0.086016,0.171584,0.5744,1.52197,657.042,0,0,0
Suite_5,Deferred_Volume,1,84,0.004366,0.756802,0.086016,0.149536,0.5616,1.18579,843.319,0,0,0
Suite_5,Deferred_Volume,1,85,0.004443,1.50924,0.086016,0.151936,0.561536,0.98369,1016.58,0,0,0
Suite_5,Deferred_Volume,1,86,0.004033,0.634285,0.086016,0.150656,0.555104,1.53148,652.964,0,0,0
Suite_5,Deferred_Volume,1,87,0.004605,2.82545,0.086112,0.149504,0.548864,1.10542,904.633,0,0,0
Suite_5,Deferred_Volume,1,88,0.005766,0.656807,0.086016,0.15152,0.557056,2.99807,333.548,0,0,0
Suite_5,Deferred_Volume,1,89,0.00418,1.36012,0.086016,0.151264,0.563616,1.1321,883.318,0,0,0
Suite_5,Deferred_Volume,1,90,0.004228,0.627115,0.086016,0.149632,0.572032,1.52961,653.762,0,0,0
Suite_5,Deferred_Volume,1,91,0.004202,0.917257,0.086016,0.151328,0.555936,1.01154,988.596,0,0,0
Suite_5,Deferred_Volume,1,92,0.004295,1.46511,0.085856,0.151552,0.561152,0.98471,1015.53,0,0,0
Suite_5,Deferred_Volume,1,93,0.004147,0.63273,0.086048,0.151552,0.559104,1.53517,651.392,0,0,0
Suite_5,Deferred_Volume,1,94,0.004443,2.83454,0.086016,0.1512,0.556384,1.10507,904.921,0,0,0
Suite_5,Deferred_Volume,1,95,0.004403,0.642191,0.085984,0.151552,0.556288,3.00355,332.94,0,0,0
Suite_5,Deferred_Volume,1,96,0.004226,1.35864,0.086016,0.15184,0.565056,1.10421,905.622,0,0,0
Suite_5,Deferred_Volume,1,97,0.004557,0.642722,0.086016,0.176096,0.577536,1.52927,653.909,0,0,0
Suite_5,Deferred_Volume,1,98,0.004402,0.769986,0.085984,0.15168,0.558496,1.16577,857.801,0,0,0
Suite_5,Deferred_Volume,1,99,0.004336,1.46296,0.086048,0.153248,0.557056,0.989251,1010.87,0,0,0
Suite_5,Deferred_Volume,1,100,0.004321,0.637841,0.085792,0.152736,0.558368,1.53052,653.373,0,0,0
Suite_5,Deferred_Volume,1,101,0.004521,2.83182,0.086016,0.15152,0.576992,1.10506,904.932,0,0,0
Suite_5,Deferred_Volume,1,102,0.00487,0.644211,0.086016,0.151456,0.56384,3.00782,332.466,0,0,0
Suite_5,Deferred_Volume,1,103,0.004294,1.33035,0.0872,0.151552,0.554976,1.15825,863.374,0,0,0
Suite_5,Deferred_Volume,1,104,0.004161,0.620565,0.086304,0.15088,0.550112,1.54951,645.363,0,0,0
Suite_5,Deferred_Volume,1,105,0.004149,0.96283,0.086016,0.1512,0.560512,0.964014,1037.33,0,0,0
Suite_5,Deferred_Volume,1,106,0.003978,1.51007,0.086016,0.153888,0.559392,0.980294,1020.1,0,0,0
Suite_5,Deferred_Volume,1,107,0.003992,0.632411,0.086176,0.15152,0.552768,1.52667,655.021,0,0,0
Suite_5,Deferred_Volume,1,108,0.004573,2.82406,0.086016,0.151104,0.559232,1.10911,901.627,0,0,0
Suite_5,Deferred_Volume,1,109,0.00436,0.63386,0.086016,0.152928,0.560864,2.99593,333.786,0,0,0
Suite_5,Deferred_Volume,1,110,0.004213,1.36366,0.086048,0.151552,0.561184,1.10601,904.15,0,0,0
Suite_5,Deferred_Volume,1,111,0.004473,0.645406,0.086208,0.150816,0.577024,1.53241,652.565,0,0,0
Suite_5,Deferred_Volume,1,112,0.004596,0.77452,0.086016,0.15152,0.558496,1.13497,881.077,0,0,0
Suite_5,Deferred_Volume,1,113,0.004368,1.46241,0.086016,0.151936,0.558784,0.995525,1004.5,0,0,0
Suite_5,Deferred_Volume,1,114,0.004114,0.635797,0.086016,0.15104,0.55776,1.531,653.168,0,0,0
Suite_5,Deferred_Volume,1,115,0.00427,2.75196,0.086016,0.149504,0.57728,1.1402,877.04,0,0,0
Suite_5,Deferred_Volume,1,116,0.004631,0.656749,0.085952,0.1512,0.55696,2.97173,336.504,0,0,0
Suite_5,Deferred_Volume,1,117,0.006519,1.28855,0.086016,0.152448,0.55504,1.18464,844.137,0,0,0
Suite_5,Deferred_Volume,1,118,0.004554,0.639514,0.086048,0.150208,0.550912,1.52808,654.417,0,0,0
Suite_5,Deferred_Volume,1,119,0.004486,0.959297,0.085952,0.155168,0.556832,0.96035,1041.29,0,0,0
Suite_5,Deferred_Volume,1,120,0.004541,1.50778,0.086112,0.151488,0.559104,0.976617,1023.94,0,0,0
Suite_5,Deferred_Volume,1,121,0.004142,0.6726,0.08608,0.151872,0.559104,1.52651,655.09,0,0,0
Suite_5,Deferred_Volume,1,122,0.005701,2.88441,0.08608,0.151552,0.554272,1.12835,886.252,0,0,0
Suite_5,Deferred_Volume,1,123,0.004574,0.656417,0.084928,0.153312,0.558592,3.04084,328.857,0,0,0
Suite_5,Deferred_Volume,1,124,0.005993,1.33665,0.086016,0.151744,0.565536,1.13063,884.462,0,0,0
Suite_5,Deferred_Volume,1,125,0.004784,0.637263,0.086016,0.149152,0.571392,1.51039,662.08,0,0,0
Suite_5,Deferred_Volume,1,126,0.00447,0.814598,0.085824,0.151552,0.561152,1.10002,909.075,0,0,0
Suite_5,Deferred_Volume,1,127,0.004278,1.5194,0.086016,0.151552,0.559264,0.983481,1016.8,0,0,0
Suite_5,Deferred_Volume,1,128,0.003992,0.636259,0.086016,0.151264,0.557664,1.53628,650.925,0,0,0
Suite_5,Deferred_Volume,1,129,0.004351,2.84084,0.086016,0.150784,0.55312,1.10934,901.437,0,0,0
Suite_5,Deferred_Volume,1,130,0.004911,0.645996,0.086016,0.151488,0.560768,3.01136,332.076,0,0,0
Suite_5,Deferred_Volume,1,131,0.004278,1.28704,0.086144,0.15152,0.556896,1.16848,855.816,0,0,0
Suite_5,Deferred_Volume,1,132,0.004196,0.628846,0.08624,0.150368,0.55296,1.50583,664.084,0,0,0
Suite_5,Deferred_Volume,1,133,0.004469,0.90686,0.086016,0.151776,0.557568,1.00057,999.43,0,0,0
Suite_5,Deferred_Volume,1,134,0.004245,1.51385,0.086016,0.151552,0.554464,0.975174,1025.46,0,0,0
Suite_5,Deferred_Volume,1,135,0.003963,0.641415,0.086144,0.150464,0.559104,1.53105,653.146,0,0,0
Suite_5,Deferred_Volume,1,136,0.004956,2.86328,0.086016,0.151968,0.553696,1.1278,886.681,0,0,0
Suite_5,Deferred_Volume,1,137,0.004298,0.635074,0.086016,0.151008,0.558752,3.03898,329.057,0,0,0
Suite_5,Deferred_Volume,1,138,0.004332,1.32966,0.086016,0.149568,0.555296,1.11454,897.227,0,0,0
Suite_5,Deferred_Volume,1,139,0.00416,0.634121,0.08608,0.151552,0.556608,1.49817,667.481,0,0,0
Suite_5,Deferred_Volume,1,140,0.004303,0.811773,0.08592,0.150304,0.563008,1.10477,905.165,0,0,0
Suite_5,Deferred_Volume,1,141,0.00412,1.4614,0.086016,0.151552,0.559232,0.982282,1018.04,0,0,0
Suite_5,Deferred_Volume,1,142,0.004168,0.638926,0.086016,0.15184,0.561408,1.52961,653.76,0,0,0
Suite_5,Deferred_Volume,1,143,0.004511,2.85853,0.084896,0.149504,0.5488,1.10294,906.67,0,0,0
Suite_5,Deferred_Volume,1,144,0.004688,0.643966,0.086016,0.151552,0.553312,3.02807,330.243,0,0,0
Suite_5,Deferred_Volume,1,145,0.004252,1.30082,0.086016,0.153536,0.563616,1.16853,855.775,0,0,0
Suite_5,Deferred_Volume,1,146,0.004504,0.636277,0.086176,0.151008,0.552256,1.52152,657.236,0,0,0
Suite_5,Deferred_Volume,1,147,0.004409,0.901273,0.085952,0.152416,0.567296,1.01172,988.411,0,0,0
Suite_5,Deferred_Volume,1,148,0.004192,1.5288,0.086048,0.150816,0.557056,0.968918,1032.08,0,0,0
Suite_5,Deferred_Volume,1,149,0.004063,0.637566,0.086112,0.152832,0.555008,1.54693,646.44,0,0,0
Suite_5,Deferred_Volume,1,150,0.004838,2.88279,0.086208,0.152192,0.564672,1.11086,900.205,0,0,0
Suite_5,Deferred_Volume,1,151,0.004227,0.638772,0.110592,0.155104,0.584128,3.05243,327.608,0,0,0
Suite_5,Deferred_Volume,1,152,0.004271,0.820462,0.086016,0.150848,0.554976,1.11428,897.44,0,0,0
Suite_5,Deferred_Volume,1,153,0.009144,1.45528,0.086208,0.150464,0.552512,0.990497,1009.59,0,0,0
Suite_5,Deferred_Volume,1,154,0.004472,0.636028,0.085856,0.152896,0.561152,1.52866,654.168,0,0,0
Suite_5,Deferred_Volume,1,155,0.004248,1.35878,0.086016,0.150912,0.557152,1.10772,902.754,0,0,0
Suite_5,Deferred_Volume,1,156,0.004314,0.633594,0.086144,0.151552,0.557024,1.52735,654.727,0,0,0
Suite_5,Deferred_Volume,1,157,0.004579,2.8287,0.086016,0.149824,0.551648,1.10776,902.721,0,0,0
Suite_5,Deferred_Volume,1,158,0.004694,0.641533,0.086016,0.155104,0.559776,2.99606,333.772,0,0,0
Suite_5,Deferred_Volume,1,159,0.00427,1.29718,0.086016,0.151552,0.55312,1.16191,860.649,0,0,0
Suite_5,Deferred_Volume,1,160,0.004402,0.628829,0.086112,0.151488,0.555264,1.52032,657.758,0,0,0
Suite_5,Deferred_Volume,1,161,0.004176,0.887474,0.11264,0.15232,0.581696,1.00053,999.469,0,0,0
Suite_5,Deferred_Volume,1,162,0.004185,0.973906,0.086048,0.151552,0.560544,0.955642,1046.42,0,0,0
Suite_5,Deferred_Volume,1,163,0.003918,1.4723,0.086144,0.150528,0.5624,0.99035,1009.74,0,0,0
Suite_5,Deferred_Volume,1,164,0.004179,0.637436,0.086016,0.150912,0.56096,1.53933,649.632,0,0,0
Suite_5,Deferred_Volume,1,165,0.004554,2.71356,0.086016,0.176128,0.583648,1.16493,858.42,0,0,0
Suite_5,Deferred_Volume,1,166,0.004392,0.641702,0.086016,0.151968,0.562144,2.93378,340.857,0,0,0
Suite_5,Deferred_Volume,1,167,0.004255,1.26856,0.086016,0.1496,0.555904,1.16314,859.74,0,0,0
Suite_5,Deferred_Volume,1,168,0.005226,0.659433,0.086016,0.1512,0.56,1.48902,671.583,0,0,0
Suite_5,Deferred_Volume,1,169,0.004568,1.32682,0.086016,0.1504,0.558592,1.14758,871.403,0,0,0
Suite_5,Deferred_Volume,1,170,0.004232,0.633778,0.08608,0.151552,0.552608,1.53932,649.639,0,0,0
Suite_5,Deferred_Volume,1,171,0.004364,2.83273,0.085984,0.151552,0.557056,1.10483,905.117,0,0,0
Suite_5,Deferred_Volume,1,172,0.00475,0.643413,0.086016,0.150976,0.55984,3.00233,333.075,0,0,0
Suite_5,Deferred_Volume,1,173,0.004333,1.38755,0.086016,0.151648,0.556512,1.12995,884.997,0,0,0
Suite_5,Deferred_Volume,1,174,0.004314,0.627025,0.086144,0.151936,0.5544,1.55713,642.209,0,0,0
Suite_5,Deferred_Volume,1,175,0.004319,0.890647,0.086272,0.179104,0.583584,0.997245,1002.76,0,0,0
Suite_5,Deferred_Volume,1,176,0.004171,0.970758,0.086048,0.151552,0.559008,0.958337,1043.47,0,0,0
Suite_5,Deferred_Volume,1,177,0.004055,1.46945,0.086016,0.151296,0.558688,0.988644,1011.49,0,0,0
Suite_5,Deferred_Volume,1,178,0.004109,0.641124,0.086144,0.151232,0.560896,1.53763,650.35,0,0,0
Suite_5,Deferred_Volume,1,179,0.004781,2.81262,0.086176,0.149504,0.581632,1.1224,890.951,0,0,0
Suite_5,Deferred_Volume,1,180,0.004225,0.634723,0.086272,0.151424,0.557056,2.98198,335.348,0,0,0
Suite_5,Deferred_Volume,1,181,0.004381,1.34408,0.086112,0.15168,0.557984,1.12972,885.174,0,0,0
Suite_5,Deferred_Volume,1,182,0.005067,0.646186,0.086016,0.151552,0.558912,1.51195,661.4,0,0,0
Suite_5,Deferred_Volume,1,183,0.004238,1.31608,0.086144,0.151552,0.55232,1.16291,859.915,0,0,0
Suite_5,Deferred_Volume,1,184,0.00419,0.645076,0.086048,0.151552,0.56304,1.53511,651.418,0,0,0
Suite_5,Deferred_Volume,1,185,0.004501,2.30209,0.086016,0.151552,0.553248,1.11764,894.739,0,0,0
Suite_5,Deferred_Volume,1,186,0.004453,1.13553,0.087072,0.17136,0.575488,2.47217,404.503,0,0,0
Suite_5,Deferred_Volume,1,187,0.004567,0.643585,0.086016,0.151712,0.565472,1.6374,610.723,0,0,0
Suite_5,Deferred_Volume,1,188,0.004364,1.44388,0.086016,0.15024,0.557216,1.01418,986.013,0,0,0
Suite_5,Deferred_Volume,1,189,0.004221,0.631454,0.086016,0.150624,0.564576,1.51391,660.543,0,0,0
Suite_5,Deferred_Volume,1,190,0.004299,0.951378,0.086016,0.151264,0.5616,0.973809,1026.9,0,0,0
Suite_5,Deferred_Volume,1,191,0.003956,1.47334,0.086048,0.151552,0.554464,0.967863,1033.2,0,0,0
Suite_5,Deferred_Volume,1,192,0.004197,0.651441,0.086016,0.151072,0.55568,1.54046,649.157,0,0,0
Suite_5,Deferred_Volume,1,193,0.006566,2.79497,0.086016,0.149696,0.571968,1.13602,880.267,0,0,0
Suite_5,Deferred_Volume,1,194,0.004396,0.676345,0.08608,0.15328,0.557056,2.97279,336.384,0,0,0
Suite_5,Deferred_Volume,1,195,0.006315,1.28881,0.086016,0.151552,0.56096,1.16084,861.443,0,0,0
Suite_5,Deferred_Volume,1,196,0.008641,0.730071,0.10464,0.149664,0.577536,1.50312,665.285,0,0,0
Suite_5,Deferred_Volume,1,197,0.005247,0.854789,0.085856,0.151424,0.564512,1.16216,860.464,0,0,0
Suite_5,Deferred_Volume,1,198,0.004678,1.52216,0.086176,0.151328,0.564672,0.976177,1024.4,0,0,0
Suite_5,Deferred_Volume,1,199,0.004149,0.64624,0.086048,0.151552,0.558336,1.53992,649.385,0,0,0
Suite_5,Deferred_Volume,1,200,0.004631,2.84031,0.085984,0.17408,0.58368,1.09791,910.819,0,0,0
Suite_5,Deferred_Volume,1,201,0.005166,0.662141,0.08608,0.1504,0.558944,3.00972,332.257,0,0,0
Suite_5,Deferred_Volume,1,202,0.004614,1.3117,0.086016,0.151104,0.557184,1.16533,858.126,0,0,0
Suite_5,Deferred_Volume,1,203,0.004391,0.627431,0.086208,0.15088,0.577504,1.53137,653.008,0,0,0
Suite_5,Deferred_Volume,1,204,0.004391,0.970218,0.086112,0.153056,0.556352,0.970617,1030.27,0,0,0
Suite_5,Deferred_Volume,1,205,0.004598,1.45783,0.086016,0.152128,0.555872,0.990236,1009.86,0,0,0
Suite_5,Deferred_Volume,1,206,0.005137,0.652853,0.085824,0.151552,0.567296,1.52819,654.368,0,0,0
Suite_5,Deferred_Volume,1,207,0.004722,2.80883,0.086016,0.151008,0.554688,1.12575,888.294,0,0,0
Suite_5,Deferred_Volume,1,208,0.006994,0.688183,0.086144,0.154336,0.560576,3.00206,333.104,0,0,0
Suite_5,Deferred_Volume,1,209,0.004779,1.39523,0.08704,0.150976,0.55296,1.11568,896.314,0,0,0
Suite_5,Deferred_Volume,1,210,0.004631,0.655393,0.086016,0.172032,0.57968,1.51605,659.607,0,0,0
Suite_5,Deferred_Volume,1,211,0.004893,0.811833,0.084832,0.151552,0.560736,1.15188,868.149,0,0,0
Suite_5,Deferred_Volume,1,212,0.004361,1.52005,0.087296,0.1512,0.55936,0.981407,1018.95,0,0,0
Suite_5,Deferred_Volume,1,213,0.004481,0.667343,0.08608,0.15328,0.554784,1.55206,644.303,0,0,0
Suite_5,Deferred_Volume,1,214,0.006713,2.78354,0.086112,0.152352,0.584832,1.1281,886.444,0,0,0
Suite_5,Deferred_Volume,1,215,0.005891,0.696298,0.086016,0.15168,0.55264,2.97057,336.635,0,0,0
Suite_5,Deferred_Volume,1,216,0.004617,1.36688,0.086016,0.153856,0.55712,1.16602,857.622,0,0,0
Suite_5,Deferred_Volume,1,217,0.004563,0.646411,0.08608,0.151552,0.581472,1.518,658.762,0,0,0
Suite_5,Deferred_Volume,1,218,0.004506,0.976362,0.086016,0.15008,0.561568,0.96813,1032.92,0,0,0
Suite_5,Deferred_Volume,1,219,0.004256,1.52034,0.08592,0.150304,0.560704,0.99417,1005.86,0,0,0
Suite_5,Deferred_Volume,1,220,0.004218,0.658299,0.086016,0.150944,0.559584,1.53803,650.184,0,0,0
Suite_5,Deferred_Volume,1,221,0.004497,2.78288,0.0872,0.151552,0.55296,1.13451,881.435,0,0,0
Suite_5,Deferred_Volume,1,222,0.00451,0.637527,0.085856,0.153024,0.555008,2.98533,334.971,0,0,0
Suite_5,Deferred_Volume,1,223,0.004458,1.35236,0.085984,0.151552,0.56864,1.10693,903.4,0,0,0
Suite_5,Deferred_Volume,1,224,0.016439,0.648854,0.086112,0.149856,0.552928,1.52178,657.124,0,0,0
Suite_5,Deferred_Volume,1,225,0.004448,0.790247,0.08592,0.152064,0.5632,1.17025,854.518,0,0,0
Suite_5,Deferred_Volume,1,226,0.004286,1.52178,0.087136,0.149504,0.554784,0.976531,1024.03,0,0,0
Suite_5,Deferred_Volume,1,227,0.004261,0.650358,0.08624,0.151552,0.556928,1.53932,649.636,0,0,0
Suite_5,Deferred_Volume,1,228,0.004509,2.80201,0.086016,0.151136,0.573728,1.12194,891.309,0,0,0
Suite_5,Deferred_Volume,1,229,0.00552,0.686239,0.086016,0.1536,0.554976,2.987,334.784,0,0,0
Suite_5,Deferred_Volume,1,230,0.004513,1.33998,0.08592,0.151552,0.554112,1.1664,857.342,0,0,0
Suite_5,Deferred_Volume,1,231,0.004446,0.651851,0.08608,0.150144,0.55008,1.50946,662.487,0,0,0
Suite_5,Deferred_Volume,1,232,0.004222,0.969494,0.087168,0.151552,0.557088,0.971987,1028.82,0,0,0
Suite_5,Deferred_Volume,1,233,0.0042,1.5185,0.086016,0.15152,0.554752,0.988215,1011.93,0,0,0
Suite_5,Deferred_Volume,1,234,0.004206,0.639054,0.086016,0.149504,0.559456,1.53645,650.852,0,0,0
Suite_5,Deferred_Volume,1,235,0.005283,2.86104,0.086016,0.14976,0.562784,1.11208,899.218,0,0,0
Suite_5,Deferred_Volume,1,236,0.004349,0.65271,0.08592,0.152512,0.554624,3.03165,329.853,0,0,0
Suite_5,Deferred_Volume,1,237,0.004367,1.35288,0.08608,0.151552,0.560928,1.11789,894.546,0,0,0
Suite_5,Deferred_Volume,1,238,0.004437,0.637858,0.086016,0.15072,0.57408,1.514,660.502,0,0,0
Suite_5,Deferred_Volume,1,239,0.004228,0.828437,0.087104,0.152896,0.559264,1.10946,901.343,0,0,0
Suite_5,Deferred_Volume,1,240,0.004238,1.52062,0.086016,0.151648,0.555648,0.996823,1003.19,0,0,0
Suite_5,Deferred_Volume,1,241,0.004078,0.656858,0.08624,0.1512,0.556448,1.53922,649.68,0,0,0
Suite_5,Deferred_Volume,1,242,0.00461,2.79969,0.086016,0.151168,0.553728,1.12917,885.605,0,0,0
Suite_5,Deferred_Volume,1,243,0.016692,0.66736,0.087136,0.151552,0.55952,2.9706,336.632,0,0,0
Suite_5,Deferred_Volume,1,244,0.004627,1.35572,0.086016,0.149984,0.557504,1.15556,865.382,0,0,0
Suite_5,Deferred_Volume,1,245,0.004471,0.630877,0.086496,0.15024,0.548,1.53443,651.708,0,0,0
Suite_5,Deferred_Volume,1,246,0.004296,0.913078,0.086016,0.151584,0.565056,0.990895,1009.19,0,0,0
Suite_5,Deferred_Volume,1,247,0.004381,1.52117,0.085984,0.151424,0.554944,0.98112,1019.24,0,0,0
Suite_5,Deferred_Volume,1,248,0.004111,0.665725,0.08608,0.151552,0.555072,1.53845,650.007,0,0,0
Suite_5,Deferred_Volume,1,249,0.005148,2.85073,0.087168,0.151552,0.557056,1.14029,876.968,0,0,0
Suite_5,Deferred_Volume,1,250,0.004275,0.648473,0.086016,0.151904,0.564128,3.02159,330.952,0,0,0
Suite_5,Deferred_Volume,1,251,0.004456,1.3237,0.086016,0.151264,0.555808,1.14097,876.446,0,0,0
Suite_5,Deferred_Volume,1,252,0.004171,0.644763,0.086272,0.15056,0.574624,1.49271,669.922,0,0,0
Suite_5,Deferred_Volume,1,253,0.004377,0.826547,0.08608,0.151552,0.55696,1.11852,894.041,0,0,0
Suite_5,Deferred_Volume,1,254,0.004198,1.51319,0.086016,0.151904,0.56336,0.996276,1003.74,0,0,0
Suite_5,Deferred_Volume,1,255,0.004006,0.648883,0.086112,0.150816,0.554976,1.53013,653.541,0,0,0
Suite_5,Deferred_Volume,1,256,0.004429,2.76536,0.086016,0.149504,0.556768,1.14494,873.407,0,0,0
Suite_5,Deferred_Volume,1,257,0.00484,0.668457,0.086208,0.154176,0.557056,2.97332,336.324,0,0,0
Suite_5,Deferred_Volume,1,258,0.004662,1.36309,0.086016,0.151552,0.556704,1.14643,872.276,0,0,0
Suite_5,Deferred_Volume,1,259,0.00427,0.651076,0.086112,0.14976,0.555008,1.53266,652.459,0,0,0
Suite_5,Deferred_Volume,1,260,0.0112,0.901006,0.086016,0.151712,0.55488,1.01914,981.223,0,0,0
Suite_5,Deferred_Volume,1,261,0.004707,1.5031,0.086144,0.15184,0.555008,0.981745,1018.59,0,0,0
Suite_5,Deferred_Volume,1,262,0.004381,0.681555,0.086016,0.151456,0.559744,1.52228,656.908,0,0,0
Suite_5,Deferred_Volume,1,263,0.005283,2.91083,0.08608,0.151712,0.5632,1.11635,895.772,0,0,0
Suite_5,Deferred_Volume,1,264,0.004471,0.643343,0.08608,0.15168,0.561152,3.03133,329.888,0,0,0
Suite_5,Deferred_Volume,1,265,0.004575,1.34226,0.086112,0.151552,0.558144,1.11685,895.379,0,0,0
Suite_5,Deferred_Volume,1,266,0.004211,0.641182,0.087392,0.15136,0.55088,1.51253,661.146,0,0,0
Suite_5,Deferred_Volume,1,267,0.004248,0.788607,0.086016,0.151296,0.555872,1.10841,902.194,0,0,0
Suite_5,Deferred_Volume,1,268,0.004431,1.51704,0.086048,0.150432,0.555008,0.973085,1027.66,0,0,0
Suite_5,Deferred_Volume,1,269,0.004079,0.666035,0.086016,0.149504,0.556928,1.53651,650.824,0,0,0
Suite_5,Deferred_Volume,1,270,0.004396,2.78579,0.086016,0.1496,0.554944,1.138,878.737,0,0,0
Suite_5,Deferred_Volume,1,271,0.01994,0.653689,0.086144,0.15152,0.557056,2.95563,338.337,0,0,0
Suite_5,Deferred_Volume,1,272,0.004481,1.28148,0.086016,0.152736,0.55968,1.18308,845.255,0,0,0
Suite_5,Deferred_Volume,1,273,0.004255,0.632643,0.086016,0.15104,0.556128,1.5029,665.382,0,0,0
Suite_5,Deferred_Volume,1,274,0.004394,0.893569,0.086016,0.151616,0.561152,1.00423,995.791,0,0,0
Suite_5,Deferred_Volume,1,275,0.004168,1.55215,0.086016,0.15088,0.559648,0.961541,1040,0,0,0
Suite_5,Deferred_Volume,1,276,0.003927,0.647794,0.086016,0.1512,0.56304,1.56892,637.382,0,0,0
Suite_5,Deferred_Volume,1,277,0.005276,2.85555,0.084864,0.153088,0.554304,1.13606,880.236,0,0,0
Suite_5,Deferred_Volume,1,278,0.004403,0.653936,0.086016,0.172032,0.576864,3.02181,330.927,0,0,0
Suite_5,Deferred_Volume,1,279,0.004303,0.870642,0.086016,0.151648,0.553696,1.08293,923.417,0,0,0
Suite_5,Deferred_Volume,1,280,0.004191,1.51978,0.086144,0.148448,0.556192,0.988944,1011.18,0,0,0
Suite_5,Deferred_Volume,1,281,0.004148,0.65025,0.086016,0.151872,0.555968,1.53808,650.163,0,0,0
Suite_5,Deferred_Volume,1,282,0.004693,1.4127,0.086016,0.149888,0.553344,1.09241,915.406,0,0,0
Suite_5,Deferred_Volume,1,283,0.004227,0.659814,0.085856,0.151552,0.55296,1.53136,653.015,0,0,0
Suite_5,Deferred_Volume,1,284,0.004678,2.78661,0.086016,0.151872,0.55552,1.13144,883.828,0,0,0
Suite_5,Deferred_Volume,1,285,0.005263,0.6601,0.08576,0.152672,0.5632,2.98523,334.982,0,0,0
Suite_5,Deferred_Volume,1,286,0.004489,1.35437,0.086144,0.150272,0.55312,1.15727,864.106,0,0,0
Suite_5,Deferred_Volume,1,287,0.004314,0.628099,0.086048,0.151232,0.55296,1.52352,656.375,0,0,0
Suite_5,Deferred_Volume,1,288,0.004297,0.928299,0.086272,0.166432,0.575488,0.982397,1017.92,0,0,0
Suite_5,Deferred_Volume,1,289,0.004633,0.942949,0.086016,0.151456,0.55376,0.992235,1007.83,0,0,0
Suite_5,Deferred_Volume,1,290,0.004358,1.51401,0.086016,0.150112,0.549408,0.961505,1040.04,0,0,0
Suite_5,Deferred_Volume,1,291,0.004267,0.651314,0.086016,0.150784,0.557408,1.53118,653.093,0,0,0
Suite_5,Deferred_Volume,1,292,0.004409,2.81757,0.087072,0.151456,0.569344,1.1228,890.631,0,0,0
Suite_5,Deferred_Volume,1,293,0.004332,0.683682,0.086016,0.151552,0.552352,2.98811,334.659,0,0,0
Suite_5,Deferred_Volume,1,294,0.004489,1.41699,0.086208,0.151904,0.557056,1.09311,914.824,0,0,0
Suite_5,Deferred_Volume,1,295,0.005133,0.646994,0.086016,0.151328,0.559104,1.54941,645.407,0,0,0
Suite_5,Deferred_Volume,1,296,0.004556,1.35917,0.085824,0.149504,0.557056,1.14245,875.312,0,0,0
Suite_5,Deferred_Volume,1,297,0.004187,0.649111,0.086208,0.151552,0.559168,1.52981,653.675,0,0,0
Suite_5,Deferred_Volume,1,298,0.004895,2.80599,0.085984,0.151552,0.556192,1.13922,877.795,0,0,0
Suite_5,Deferred_Volume,1,299,0.01653,0.690462,0.105088,0.151136,0.581536,2.97625,335.994,0,0,0
Suite_5,Deferred_Volume,1,300,0.004585,0.800328,0.086208,0.153568,0.55472,1.17471,851.27,0,0,0
Suite_5,Deferred_Volume,1,301,0.004415,1.5126,0.086208,0.150304,0.55872,0.971844,1028.97,0,0,0
Suite_5,Deferred_Volume,1,302,0.004136,0.624921,0.086048,0.170592,0.579584,1.53073,653.285,0,0,0
Suite_5,Deferred_Volume,1,303,0.00419,0.938063,0.086016,0.151904,0.56,0.974076,1026.61,0,0,0
Suite_5,Deferred_Volume,1,304,0.004436,1.51574,0.086112,0.151584,0.55088,1.00548,994.545,0,0,0
Suite_5,Deferred_Volume,1,305,0.004185,0.649613,0.086016,0.151552,0.560736,1.53455,651.657,0,0,0
Suite_5,Deferred_Volume,1,306,0.004577,2.79962,0.085824,0.150784,0.579072,1.12208,891.2,0,0,0
Suite_5,Deferred_Volume,1,307,0.004237,0.6647,0.086208,0.15232,0.558432,2.97379,336.271,0,0,0
Suite_5,Deferred_Volume,1,308,0.004219,1.32591,0.085984,0.15328,0.561152,1.13636,880,0,0,0
Suite_5,Deferred_Volume,1,309,0.00449,0.657092,0.086016,0.153728,0.559712,1.51494,660.091,0,0,0
Suite_5,Deferred_Volume,1,310,0.004905,1.39119,0.086016,0.151584,0.557504,1.15253,867.66,0,0,0
Suite_5,Deferred_Volume,1,311,0.004299,0.633939,0.086016,0.151008,0.555296,1.5606,640.78,0,0,0
Suite_5,Deferred_Volume,1,312,0.004296,2.30219,0.085952,0.150496,0.557056,1.10582,904.307,0,0,0
Suite_5,Deferred_Volume,1,313,0.014918,1.1152,0.086112,0.1752,0.588864,2.47312,404.347,0,0,0
Suite_5,Deferred_Volume,1,314,0.005062,0.681615,0.086016,0.151424,0.561088,1.65043,605.902,0,0,0
Suite_5,Deferred_Volume,1,315,0.004456,1.5102,0.08624,0.152384,0.554336,0.995745,1004.27,0,0,0
Suite_5,Deferred_Volume,1,316,0.00424,0.638161,0.086016,0.152672,0.582912,1.52754,654.645,0,0,0
Suite_5,Deferred_Volume,1,317,0.004367,0.974126,0.086016,0.151552,0.560192,0.96067,1040.94,0,0,0
Suite_5,Deferred_Volume,1,318,0.004156,1.51924,0.086016,0.151552,0.55952,0.992183,1007.88,0,0,0
Suite_5,Deferred_Volume,1,319,0.004005,0.653822,0.086016,0.151552,0.553408,1.53614,650.984,0,0,0
Suite_5,Deferred_Volume,1,320,0.004435,2.87201,0.086464,0.149504,0.548864,1.09358,914.428,0,0,0
Suite_5,Deferred_Volume,1,321,0.004247,0.661773,0.086016,0.152064,0.555104,3.01963,331.166,0,0,0
Suite_5,Deferred_Volume,1,322,0.0043,1.33148,0.08608,0.153568,0.562624,1.13429,881.612,0,0,0
Suite_5,Deferred_Volume,1,323,0.004771,0.642705,0.086112,0.170272,0.579584,1.51286,660.999,0,0,0
Suite_5,Deferred_Volume,1,324,0.004667,0.810194,0.086016,0.153888,0.556224,1.15788,863.65,0,0,0
Suite_5,Deferred_Volume,1,325,0.004178,1.51787,0.086016,0.151904,0.553664,0.995935,1004.08,0,0,0
Suite_5,Deferred_Volume,1,326,0.015796,0.637467,0.086208,0.151488,0.558592,1.53602,651.034,0,0,0
Suite_5,Deferred_Volume,1,327,0.004346,2.80888,0.086016,0.150176,0.559808,1.12028,892.637,0,0,0
Suite_5,Deferred_Volume,1,328,0.005439,0.703418,0.086016,0.1512,0.553248,2.99142,334.29,0,0,0
Suite_5,Deferred_Volume,1,329,0.005254,1.31136,0.086016,0.150752,0.560768,1.18073,846.937,0,0,0
Suite_5,Deferred_Volume,1,330,0.004486,0.666759,0.08608,0.149632,0.575296,1.48251,674.532,0,0,0
Suite_5,Deferred_Volume,1,331,0.00432,0.974695,0.086016,0.151232,0.557504,0.987485,1012.67,0,0,0
Suite_5,Deferred_Volume,1,332,0.004062,1.52189,0.086016,0.152992,0.566752,0.99203,1008.03,0,0,0
Suite_5,Deferred_Volume,1,333,0.015894,0.6607,0.086016,0.151392,0.559328,1.54083,649,0,0,0
Suite_5,Deferred_Volume,1,334,0.004727,2.80472,0.086112,0.1536,0.555008,1.14613,872.5,0,0,0
Suite_5,Deferred_Volume,1,335,0.004209,0.639321,0.086016,0.151552,0.553344,2.97411,336.235,0,0,0
Suite_5,Deferred_Volume,1,336,0.004432,1.35157,0.0864,0.152608,0.557056,1.10819,902.372,0,0,0
Suite_5,Deferred_Volume,1,337,0.016277,0.656857,0.086048,0.163296,0.580736,1.51731,659.06,0,0,0
Suite_5,Deferred_Volume,1,338,0.004418,0.832447,0.086144,0.151552,0.562464,1.14188,875.747,0,0,0
Suite_5,Deferred_Volume,1,339,0.004231,1.52369,0.086144,0.151552,0.559104,1.00114,998.857,0,0,0
Suite_5,Deferred_Volume,1,340,0.00396,0.651512,0.086016,0.150752,0.553632,1.5412,648.846,0,0,0
Suite_5,Deferred_Volume,1,341,0.004686,2.81061,0.086144,0.149728,0.571392,1.13137,883.885,0,0,0
Suite_5,Deferred_Volume,1,342,0.005054,0.675293,0.086144,0.151552,0.55904,2.99386,334.017,0,0,0
Suite_5,Deferred_Volume,1,343,0.004502,1.3588,0.086016,0.15168,0.55136,1.15274,867.501,0,0,0
Suite_5,Deferred_Volume,1,344,0.004212,0.627312,0.086016,0.15056,0.572,1.52777,654.55,0,0,0
Suite_5,Deferred_Volume,1,345,0.004419,0.926997,0.085856,0.151552,0.560928,0.990246,1009.85,0,0,0
Suite_5,Deferred_Volume,1,346,0.004184,1.5167,0.086112,0.151552,0.5632,0.995902,1004.11,0,0,0
Suite_5,Deferred_Volume,1,347,0.004127,0.647824,0.08608,0.15088,0.558304,1.53372,652.009,0,0,0
Suite_5,Deferred_Volume,1,348,0.0045,2.82789,0.086272,0.150592,0.552064,1.11918,893.511,0,0,0
Suite_5,Deferred_Volume,1,349,0.004441,0.642821,0.085856,0.152736,0.5632,2.99929,333.412,0,0,0
Suite_5,Deferred_Volume,1,350,0.004319,1.34759,0.08592,0.1536,0.559104,1.11549,896.469,0,0,0
Suite_5,Deferred_Volume,1,351,0.016095,0.651348,0.086208,0.150016,0.575488,1.5168,659.284,0,0,0
Suite_5,Deferred_Volume,1,352,0.004745,0.835211,0.086112,0.15152,0.558976,1.14545,873.022,0,0,0
Suite_5,Deferred_Volume,1,353,0.004306,1.51583,0.086016,0.151616,0.553504,1.00624,993.798,0,0,0
Suite_5,Deferred_Volume,1,354,0.004265,0.639175,0.086016,0.152128,0.560768,1.53405,651.868,0,0,0
Suite_5,Deferred_Volume,1,355,0.00472,2.90264,0.08592,0.151552,0.581632,1.09845,910.375,0,0,0
Suite_5,Deferred_Volume,1,356,0.005532,0.692507,0.084768,0.152768,0.557024,3.03251,329.76,0,0,0
Suite_5,Deferred_Volume,1,357,0.004641,1.33079,0.086016,0.14992,0.561856,1.17219,853.104,0,0,0
Suite_5,Deferred_Volume,1,358,0.004516,0.628364,0.087168,0.150752,0.555456,1.50112,666.167,0,0,0
Suite_5,Deferred_Volume,1,359,0.00422,0.926933,0.086016,0.152224,0.55376,0.999132,1000.87,0,0,0
Suite_5,Deferred_Volume,1,360,0.004486,1.50665,0.086016,0.149888,0.553696,0.994314,1005.72,0,0,0
Suite_5,Deferred_Volume,1,361,0.004005,0.664366,0.086112,0.15152,0.556928,1.52537,655.577,0,0,0
Suite_5,Deferred_Volume,1,362,0.005441,2.84951,0.086016,0.149504,0.557152,1.13768,878.984,0,0,0
Suite_5,Deferred_Volume,1,363,0.004471,0.661923,0.086016,0.151648,0.558048,3.02002,331.124,0,0,0
Suite_5,Deferred_Volume,1,364,0.00427,1.3196,0.086016,0.151712,0.553344,1.14051,876.804,0,0,0
Suite_5,Deferred_Volume,1,365,0.004146,0.631993,0.08608,0.149184,0.570912,1.49042,670.952,0,0,0
Suite_5,Deferred_Volume,1,366,0.004239,0.826369,0.08592,0.153216,0.555008,1.08303,923.331,0,0,0
Suite_5,Deferred_Volume,1,367,0.004184,1.51828,0.086048,0.150112,0.560032,0.994681,1005.35,0,0,0
Suite_5,Deferred_Volume,1,368,0.004163,0.659711,0.086048,0.153024,0.554656,1.53527,651.35,0,0,0
Suite_5,Deferred_Volume,1,369,0.004973,2.89048,0.086112,0.149376,0.54784,1.10524,904.783,0,0,0
Suite_5,Deferred_Volume,1,370,0.00499,0.662026,0.086144,0.150272,0.562528,3.01086,332.131,0,0,0
Suite_5,Deferred_Volume,1,371,0.006821,1.3001,0.086016,0.151552,0.5528,1.1646,858.668,0,0,0
Suite_5,Deferred_Volume,1,372,0.004694,0.668583,0.086016,0.150656,0.547136,1.50393,664.925,0,0,0
Suite_5,Deferred_Volume,1,373,0.004615,0.94594,0.086016,0.152,0.563456,0.997282,1002.73,0,0,0
Suite_5,Deferred_Volume,1,374,0.004167,1.51717,0.08608,0.151552,0.560672,0.964944,1036.33,0,0,0
Suite_5,Deferred_Volume,1,375,0.004192,0.668603,0.085824,0.15136,0.555008,1.53434,651.746,0,0,0
Suite_5,Deferred_Volume,1,376,0.00743,2.85146,0.086016,0.151552,0.551296,1.16439,858.817,0,0,0
Suite_5,Deferred_Volume,1,377,0.005098,0.658358,0.086016,0.153536,0.557696,3.02804,330.247,0,0,0
Suite_5,Deferred_Volume,1,378,0.004539,1.39192,0.085888,0.151872,0.55456,1.09652,911.979,0,0,0
Suite_5,Deferred_Volume,1,379,0.006697,0.669305,0.086016,0.149728,0.553568,1.51905,658.304,0,0,0
Suite_5,Deferred_Volume,1,380,0.004516,0.904621,0.086016,0.15152,0.56304,1.0588,944.463,0,0,0
Suite_5,Deferred_Volume,1,381,0.004338,1.51409,0.086016,0.152544,0.557024,0.975711,1024.89,0,0,0
Suite_5,Deferred_Volume,1,382,0.004139,0.639695,0.08608,0.149952,0.565248,1.53235,652.594,0,0,0
Suite_5,Deferred_Volume,1,383,0.004556,2.84101,0.086016,0.149696,0.555552,1.11152,899.667,0,0,0
Suite_5,Deferred_Volume,1,384,0.005059,0.649013,0.086016,0.150272,0.559104,3.01059,332.16,0,0,0
Suite_5,Deferred_Volume,1,385,0.004441,1.29669,0.086112,0.151296,0.552448,1.17384,851.906,0,0,0
Suite_5,Deferred_Volume,1,386,0.004468,0.630299,0.086144,0.151552,0.55712,1.51721,659.106,0,0,0
Suite_5,Deferred_Volume,1,387,0.004211,0.908346,0.086016,0.151552,0.56384,1.00071,999.29,0,0,0
Suite_5,Deferred_Volume,1,388,0.004222,1.50521,0.086016,0.150976,0.555552,0.975658,1024.95,0,0,0
Suite_5,Deferred_Volume,1,389,0.004382,0.640042,0.086016,0.151648,0.55504,1.54042,649.175,0,0,0
Suite_5,Deferred_Volume,1,390,0.005229,2.87679,0.086016,0.150208,0.563776,1.10825,902.326,0,0,0
Suite_5,Deferred_Volume,1,391,0.004428,0.639587,0.11264,0.152832,0.58368,3.04692,328.2,0,0,0
Suite_5,Deferred_Volume,1,392,0.004608,0.823019,0.08608,0.151296,0.557056,1.11111,900.005,0,0,0
Suite_5,Deferred_Volume,1,393,0.004267,1.45621,0.085952,0.148352,0.556544,0.998517,1001.49,0,0,0
Suite_5,Deferred_Volume,1,394,0.004328,0.636211,0.086112,0.151552,0.561248,1.5251,655.693,0,0,0
Suite_5,Deferred_Volume,1,395,0.00418,1.36391,0.086144,0.150496,0.55296,1.10731,903.089,0,0,0
Suite_5,Deferred_Volume,1,396,0.00427,0.648824,0.086048,0.150656,0.556416,1.53285,652.382,0,0,0
Suite_5,Deferred_Volume,1,397,0.007012,2.75806,0.086272,0.1512,0.551968,1.16144,861.002,0,0,0
Suite_5,Deferred_Volume,1,398,0.006037,0.711262,0.086016,0.15184,0.561152,2.98689,334.796,0,0,0
Suite_5,Deferred_Volume,1,399,0.008198,1.05845,0.086016,0.1512,0.552704,1.33618,748.4,0,0,0
Suite_5,Deferred_Volume,1,400,0.00589,0.688136,0.08624,0.150208,0.556768,1.33639,748.283,0,0,0
Suite_5,Deferred_Volume,1,401,0.006864,0.921077,0.108096,0.152352,0.5848,0.964785,1036.5,0,0,0
Suite_5,Deferred_Volume,1,402,0.005024,0.976013,0.086016,0.150112,0.559104,0.944587,1058.66,0,0,0
Suite_5,Deferred_Volume,1,403,0.00451,1.46471,0.086016,0.149632,0.549568,0.994551,1005.48,0,0,0
Suite_5,Deferred_Volume,1,404,0.004434,0.658404,0.086016,0.151584,0.55568,1.53319,652.234,0,0,0
Suite_5,Deferred_Volume,1,405,0.005329,2.78417,0.085632,0.169984,0.576672,1.13798,878.749,0,0,0
Suite_5,Deferred_Volume,1,406,0.004593,0.639843,0.086016,0.151552,0.559488,2.95587,338.31,0,0,0
Suite_5,Deferred_Volume,1,407,0.004344,1.3617,0.086144,0.153312,0.55296,1.11159,899.614,0,0,0
Suite_5,Deferred_Volume,1,408,0.004857,0.675414,0.085984,0.151552,0.554112,1.53212,652.692,0,0,0
Suite_5,Deferred_Volume,1,409,0.004459,1.36462,0.086016,0.151552,0.553184,1.14641,872.287,0,0,0
Suite_5,Deferred_Volume,1,410,0.004293,0.633185,0.086016,0.151904,0.5568,1.53457,651.648,0,0,0
Suite_5,Deferred_Volume,1,411,0.004611,2.84295,0.08592,0.152896,0.560768,1.10578,904.337,0,0,0
Suite_5,Deferred_Volume,1,412,0.004832,0.644451,0.108544,0.150688,0.579616,3.0128,331.918,0,0,0
Suite_5,Deferred_Volume,1,413,0.004697,0.766539,0.08608,0.151584,0.558176,1.1508,868.959,0,0,0
Suite_5,Deferred_Volume,1,414,0.004366,1.46547,0.086016,0.149632,0.554368,0.985929,1014.27,0,0,0
Suite_5,Deferred_Volume,1,415,0.004318,0.631583,0.086432,0.167552,0.577056,1.53327,652.201,0,0,0
Suite_5,Deferred_Volume,1,416,0.00426,0.92249,0.085952,0.151936,0.556064,1.0019,998.102,0,0,0
Suite_5,Deferred_Volume,1,417,0.004425,1.45774,0.086016,0.151552,0.556768,0.991549,1008.52,0,0,0
Suite_5,Deferred_Volume,1,418,0.004381,0.642713,0.086016,0.151936,0.562048,1.52672,655,0,0,0
Suite_5,Deferred_Volume,1,419,0.004762,2.80016,0.086016,0.15008,0.573824,1.12328,890.249,0,0,0
Suite_5,Deferred_Volume,1,420,0.004374,0.637108,0.086016,0.152704,0.553088,2.96951,336.756,0,0,0
Suite_5,Deferred_Volume,1,421,0.00452,1.34567,0.086016,0.151552,0.559104,1.11427,897.45,0,0,0
Suite_5,Deferred_Volume,1,422,0.004458,0.644811,0.087136,0.151552,0.563136,1.51626,659.518,0,0,0
Suite_5,Deferred_Volume,1,423,0.004918,1.38175,0.086016,0.151552,0.559168,1.13415,881.72,0,0,0
Suite_5,Deferred_Volume,1,424,0.004195,0.636407,0.0872,0.15104,0.556864,1.5513,644.623,0,0,0
Suite_5,Deferred_Volume,1,425,0.00447,2.82807,0.086016,0.151552,0.559232,1.10956,901.258,0,0,0
Suite_5,Deferred_Volume,1,426,0.004927,0.650815,0.087296,0.170368,0.583552,2.99897,333.447,0,0,0
Suite_5,Deferred_Volume,1,427,0.004485,0.775294,0.086016,0.151552,0.559424,1.17349,852.157,0,0,0
Suite_5,Deferred_Volume,1,428,0.004209,1.4642,0.086016,0.15184,0.553408,0.994337,1005.7,0,0,0
Suite_5,Deferred_Volume,1,429,0.004384,0.629594,0.086016,0.170208,0.57616,1.53427,651.775,0,0,0
Suite_5,Deferred_Volume,1,430,0.004425,0.915729,0.086016,0.15168,0.559552,1.00133,998.671,0,0,0
Suite_5,Deferred_Volume,1,431,0.004297,1.5161,0.086016,0.151552,0.555392,0.983364,1016.92,0,0,0
Suite_5,Deferred_Volume,1,432,0.004169,0.636299,0.086016,0.151616,0.554336,1.53284,652.386,0,0,0
Suite_5,Deferred_Volume,1,433,0.004928,2.80165,0.086016,0.149856,0.583136,1.11857,893.999,0,0,0
Suite_5,Deferred_Volume,1,434,0.004469,0.63539,0.087104,0.152608,0.55872,2.97211,336.461,0,0,0
Suite_5,Deferred_Volume,1,435,0.004427,1.34492,0.086016,0.151552,0.556576,1.13025,884.758,0,0,0
Suite_5,Deferred_Volume,1,436,0.004483,0.645514,0.110688,0.151808,0.588896,1.51052,662.026,0,0,0
Suite_5,Deferred_Volume,1,437,0.00471,0.762389,0.085984,0.152672,0.559072,1.18066,846.985,0,0,0
Suite_5,Deferred_Volume,1,438,0.00419,1.46053,0.086144,0.151552,0.559104,0.982514,1017.8,0,0,0
Suite_5,Deferred_Volume,1,439,0.004405,0.686696,0.08592,0.151552,0.553984,1.53361,652.057,0,0,0
Suite_5,Deferred_Volume,1,440,0.006963,2.68013,0.086016,0.170112,0.576,1.18863,841.308,0,0,0
Suite_5,Deferred_Volume,1,441,0.005363,0.665173,0.085984,0.1512,0.556288,2.90769,343.916,0,0,0
Suite_5,Deferred_Volume,1,442,0.004839,1.27864,0.086016,0.151456,0.555584,1.1902,840.194,0,0,0
Suite_5,Deferred_Volume,1,443,0.004392,0.633061,0.086304,0.150112,0.567296,1.49879,667.207,0,0,0
Suite_5,Deferred_Volume,1,444,0.004544,0.915022,0.086016,0.150912,0.561824,1.00897,991.114,0,0,0
Suite_5,Deferred_Volume,1,445,0.004366,1.46006,0.086016,0.150784,0.555072,0.985475,1014.74,0,0,0
Suite_5,Deferred_Volume,1,446,0.004319,0.640234,0.086016,0.151136,0.563584,1.52928,653.904,0,0,0
Suite_5,Deferred_Volume,1,447,0.004477,2.82071,0.086112,0.150144,0.57232,1.11196,899.314,0,0,0
Suite_5,Deferred_Volume,1,448,0.004198,0.643956,0.086016,0.151552,0.55344,2.98949,334.505,0,0,0
Suite_5,Deferred_Volume,1,449,0.004314,1.34655,0.087072,0.151392,0.556864,1.11691,895.329,0,0,0
Suite_5,Deferred_Volume,1,450,0.00436,0.646256,0.086112,0.174048,0.581632,1.52141,657.285,0,0,0
Suite_5,Deferred_Volume,1,451,0.004462,0.768064,0.086016,0.151392,0.558752,1.16869,855.656,0,0,0
Suite_5,Deferred_Volume,1,452,0.004234,1.51589,0.086016,0.151072,0.55968,0.987242,1012.92,0,0,0
Suite_5,Deferred_Volume,1,453,0.003997,0.638027,0.086016,0.151296,0.559136,1.53443,651.708,0,0,0
Suite_5,Deferred_Volume,1,454,0.004383,2.84004,0.086176,0.149824,0.556352,1.10997,900.929,0,0,0
Suite_5,Deferred_Volume,1,455,0.004726,0.649661,0.086144,0.152448,0.559104,3.01259,331.94,0,0,0
Suite_5,Deferred_Volume,1,456,0.004462,1.30978,0.086016,0.151744,0.559808,1.15011,869.483,0,0,0
Suite_5,Deferred_Volume,1,457,0.004594,0.627727,0.086272,0.150592,0.57536,1.53137,653.011,0,0,0
Suite_5,Deferred_Volume,1,458,0.004333,0.91849,0.086016,0.151168,0.561408,0.983019,1017.27,0,0,0
Suite_5,Deferred_Volume,1,459,0.004381,1.46281,0.086176,0.150272,0.557984,0.986288,1013.9,0,0,0
Suite_5,Deferred_Volume,1,460,0.0043,0.645201,0.086016,0.149824,0.561888,1.53073,653.284,0,0,0
Suite_5,Deferred_Volume,1,461,0.004631,2.81758,0.086016,0.150112,0.549824,1.11898,893.671,0,0,0
Suite_5,Deferred_Volume,1,462,0.004715,0.642269,0.085664,0.15216,0.560256,2.98793,334.68,0,0,0
Suite_5,Deferred_Volume,1,463,0.004233,1.34718,0.086144,0.151552,0.55296,1.11429,897.432,0,0,0
Suite_5,Deferred_Volume,1,464,0.004265,0.664348,0.086208,0.155936,0.565248,1.51573,659.747,0,0,0
Suite_5,Deferred_Volume,1,465,0.006299,0.794847,0.086016,0.151648,0.559072,1.15918,862.675,0,0,0
Suite_5,Deferred_Volume,1,466,0.00443,1.51281,0.086144,0.150432,0.558176,0.967945,1033.12,0,0,0
Suite_5,Deferred_Volume,1,467,0.004132,0.646889,0.084864,0.149504,0.552608,1.53035,653.444,0,0,0
Suite_5,Deferred_Volume,1,468,0.004524,2.72461,0.085728,0.151104,0.569344,1.14564,872.878,0,0,0
Suite_5,Deferred_Volume,1,469,0.005127,0.647054,0.086016,0.14992,0.55328,2.95433,338.487,0,0,0
Suite_5,Deferred_Volume,1,470,0.004496,1.30773,0.086144,0.152416,0.55808,1.15038,869.274,0,0,0
Suite_5,Deferred_Volume,1,471,0.004385,0.628405,0.086336,0.151616,0.552384,1.52743,654.693,0,0,0
Suite_5,Deferred_Volume,1,472,0.004189,0.913921,0.086048,0.15344,0.565248,0.998388,1001.61,0,0,0
Suite_5,Deferred_Volume,1,473,0.004378,1.51928,0.086048,0.152192,0.553888,0.982746,1017.56,0,0,0
Suite_5,Deferred_Volume,1,474,0.004022,0.645651,0.086016,0.151168,0.552448,1.5371,650.574,0,0,0
Suite_5,Deferred_Volume,1,475,0.005221,2.82998,0.086016,0.150656,0.553536,1.12594,888.143,0,0,0
Suite_5,Deferred_Volume,1,476,0.004279,0.637348,0.086016,0.151744,0.55664,3.03268,329.742,0,0,0
Suite_5,Deferred_Volume,1,477,0.004505,1.34383,0.086016,0.152768,0.558752,1.11818,894.308,0,0,0
Suite_5,Deferred_Volume,1,478,0.004494,0.630396,0.08608,0.150048,0.576864,1.51742,659.012,0,0,0
Suite_5,Deferred_Volume,1,479,0.004188,0.823978,0.085888,0.15152,0.560352,1.10242,907.091,0,0,0
Suite_5,Deferred_Volume,1,480,0.004124,1.46755,0.086016,0.151552,0.557408,0.992085,1007.98,0,0,0
Suite_5,Deferred_Volume,1,481,0.004185,0.639431,0.086048,0.15168,0.555008,1.53628,650.925,0,0,0
Suite_5,Deferred_Volume,1,482,0.004341,2.82456,0.086144,0.149984,0.556448,1.11174,899.493,0,0,0
Suite_5,Deferred_Volume,1,483,0.005111,0.647686,0.086144,0.1536,0.559104,2.99405,333.995,0,0,0
Suite_5,Deferred_Volume,1,484,0.004313,1.30319,0.086016,0.152384,0.557888,1.17026,854.514,0,0,0
Suite_5,Deferred_Volume,1,485,0.004424,0.631915,0.086016,0.149952,0.554752,1.52431,656.035,0,0,0
Suite_5,Deferred_Volume,1,486,0.004243,0.911803,0.086016,0.151488,0.561696,1.00312,996.89,0,0,0
Suite_5,Deferred_Volume,1,487,0.004245,1.4701,0.086016,0.150464,0.560832,0.979127,1021.32,0,0,0
Suite_5,Deferred_Volume,1,488,0.004246,0.63636,0.087104,0.151552,0.556896,1.54205,648.489,0,0,0
Suite_5,Deferred_Volume,1,489,0.005201,2.87697,0.086048,0.151584,0.554944,1.10277,906.807,0,0,0
Suite_5,Deferred_Volume,1,490,0.004343,0.632866,0.086048,0.150464,0.560928,3.04737,328.151,0,0,0
Suite_5,Deferred_Volume,1,491,0.004258,1.35439,0.086016,0.149824,0.553248,1.10486,905.091,0,0,0
Suite_5,Deferred_Volume,1,492,0.004125,0.656525,0.087264,0.150688,0.582944,1.52261,656.769,0,0,0
Suite_5,Deferred_Volume,1,493,0.004288,0.879394,0.086016,0.15136,0.554656,1.07929,926.538,0,0,0
Suite_5,Deferred_Volume,1,494,0.004196,1.45709,0.087296,0.150848,0.559104,0.998275,1001.73,0,0,0
Suite_5,Deferred_Volume,1,495,0.004148,0.63502,0.086016,0.151488,0.559104,1.52462,655.902,0,0,0
Suite_5,Deferred_Volume,1,496,0.004246,2.75012,0.086016,0.149696,0.561248,1.14711,871.754,0,0,0
Suite_5,Deferred_Volume,1,497,0.004832,0.647449,0.08608,0.151776,0.564448,2.97134,336.548,0,0,0
Suite_5,Deferred_Volume,1,498,0.004378,1.31075,0.085888,0.151552,0.554304,1.17085,854.081,0,0,0
Suite_5,Deferred_Volume,1,499,0.004185,0.626771,0.086176,0.150272,0.557056,1.52964,653.748,0,0,0
Suite_5,Deferred_Volume,1,500,0.004246,0.91564,0.086112,0.153408,0.565248,1.00222,997.788,0,0,0
Suite_5,Deferred_Volume,1,501,0.004319,1.45989,0.08496,0.151552,0.559104,0.990117,1009.98,0,0,0
Suite_5,Deferred_Volume,1,502,0.004251,0.647403,0.086016,0.151232,0.56064,1.52857,654.206,0,0,0
Suite_5,Deferred_Volume,1,503,0.005092,2.88446,0.086016,0.1512,0.554752,1.12039,892.546,0,0,0
Suite_5,Deferred_Volume,1,504,0.004133,0.642671,0.086016,0.151968,0.56336,3.05381,327.459,0,0,0
Suite_5,Deferred_Volume,1,505,0.004249,1.34219,0.086016,0.152192,0.555488,1.11522,896.688,0,0,0
Suite_5,Deferred_Volume,1,506,0.004397,0.634074,0.085952,0.151264,0.555008,1.51158,661.56,0,0,0
Suite_5,Deferred_Volume,1,507,0.004338,0.80014,0.085632,0.151552,0.56464,1.10944,901.353,0,0,0
Suite_5,Deferred_Volume,1,508,0.004334,1.51854,0.086112,0.152768,0.556192,0.968797,1032.21,0,0,0
Suite_5,Deferred_Volume,1,509,0.004008,0.634767,0.08576,0.151552,0.564416,1.53751,650.404,0,0,0
Suite_5,Deferred_Volume,1,510,0.004402,2.82763,0.08592,0.151136,0.549472,1.12239,890.954,0,0,0
Suite_5,Deferred_Volume,1,511,0.004874,0.64092,0.086176,0.151552,0.55632,2.99799,333.557,0,0,0
Suite_5,Deferred_Volume,1,512,0.004388,1.29594,0.086176,0.150048,0.55296,1.15964,862.337,0,0,0
Suite_5,Deferred_Volume,1,513,0.004194,0.629329,0.086016,0.151936,0.55296,1.51658,659.377,0,0,0
Suite_5,Deferred_Volume,1,514,0.004105,0.900395,0.085952,0.152128,0.5584,1.00027,999.732,0,0,0
Suite_5,Deferred_Volume,1,515,0.004251,1.51171,0.08608,0.151552,0.55296,0.967403,1033.7,0,0,0
Suite_5,Deferred_Volume,1,516,0.003991,0.637383,0.086016,0.150464,0.556608,1.52812,654.401,0,0,0
Suite_5,Deferred_Volume,1,517,0.005146,2.88219,0.086016,0.151552,0.555584,1.11109,900.015,0,0,0
Suite_5,Deferred_Volume,1,518,0.004373,0.636331,0.110464,0.152192,0.578816,3.05318,327.527,0,0,0
Suite_5,Deferred_Volume,1,519,0.004163,0.816399,0.08592,0.152704,0.556864,1.10741,903.008,0,0,0
Suite_5,Deferred_Volume,1,520,0.004134,1.46657,0.086016,0.151552,0.557056,0.984514,1015.73,0,0,0
Suite_5,Deferred_Volume,1,521,0.004147,0.635953,0.086016,0.152,0.56528,1.53568,651.178,0,0,0
Suite_5,Deferred_Volume,1,522,0.004468,1.27124,0.08624,0.150528,0.563136,1.14547,873.006,0,0,0
Suite_5,Deferred_Volume,1,523,0.004142,0.640151,0.085984,0.152288,0.560224,1.49227,670.119,0,0,0
Suite_5,Deferred_Volume,1,524,0.004487,2.83597,0.08592,0.151008,0.5568,1.11134,899.815,0,0,0
Suite_5,Deferred_Volume,1,525,0.004835,0.648695,0.086176,0.150208,0.55296,3.00826,332.419,0,0,0
Suite_5,Deferred_Volume,1,526,0.004493,1.28324,0.086048,0.151552,0.557056,1.17414,851.689,0,0,0
Suite_5,Deferred_Volume,1,527,0.004377,0.628098,0.086016,0.150112,0.558176,1.50259,665.517,0,0,0
Suite_5,Deferred_Volume,1,528,0.004144,0.889779,0.086176,0.150528,0.556128,0.998171,1001.83,0,0,0
Suite_5,Deferred_Volume,1,529,0.004098,1.52054,0.08608,0.15152,0.562048,0.958193,1043.63,0,0,0
Suite_5,Deferred_Volume,1,530,0.004215,0.636593,0.086016,0.151616,0.555296,1.53814,650.135,0,0,0
Suite_5,Deferred_Volume,1,531,0.004874,2.89977,0.085888,0.151552,0.555008,1.11243,898.931,0,0,0
Suite_5,Deferred_Volume,1,532,0.004458,0.656429,0.086368,0.175072,0.575488,3.05933,326.869,0,0,0
Suite_5,Deferred_Volume,1,533,0.005136,0.796875,0.086016,0.149664,0.557952,1.1138,897.83,0,0,0
Suite_5,Deferred_Volume,1,534,0.00445,1.51493,0.086112,0.150816,0.556704,0.967747,1033.33,0,0,0
Suite_5,Deferred_Volume,1,535,0.004261,0.647699,0.086112,0.153024,0.556288,1.53836,650.041,0,0,0
Suite_5,Deferred_Volume,1,536,0.004178,1.34952,0.086112,0.151552,0.55296,1.10427,905.575,0,0,0
Suite_5,Deferred_Volume,1,537,0.004206,0.638861,0.086432,0.153504,0.556448,1.51952,658.102,0,0,0
Suite_5,Deferred_Volume,1,538,0.004433,2.8264,0.086144,0.150432,0.551968,1.1108,900.252,0,0,0
Suite_5,Deferred_Volume,1,539,0.004826,0.650142,0.109152,0.150752,0.576768,2.99602,333.776,0,0,0
Suite_5,Deferred_Volume,1,540,0.004367,0.758962,0.085888,0.151552,0.557056,1.17285,852.621,0,0,0
Suite_5,Deferred_Volume,1,541,0.004429,1.51375,0.086016,0.15136,0.559104,0.980476,1019.91,0,0,0
Suite_5,Deferred_Volume,1,542,0.00406,0.62939,0.106144,0.154912,0.58112,1.53179,652.831,0,0,0
Suite_5,Deferred_Volume,1,543,0.004204,0.920601,0.086016,0.151424,0.557664,1.00884,991.238,0,0,0
Suite_5,Deferred_Volume,1,544,0.004062,1.4749,0.086112,0.150688,0.550912,0.989942,1010.16,0,0,0
Suite_5,Deferred_Volume,1,545,0.004201,0.648573,0.086112,0.151552,0.560192,1.54384,647.733,0,0,0
Suite_5,Deferred_Volume,1,546,0.004375,2.79991,0.086016,0.149728,0.563744,1.12102,892.045,0,0,0
Suite_5,Deferred_Volume,1,547,0.004278,0.629881,0.08608,0.151552,0.560768,2.97214,336.458,0,0,0
Suite_5,Deferred_Volume,1,548,0.004201,1.35614,0.086016,0.149792,0.551424,1.10337,906.316,0,0,0
Suite_5,Deferred_Volume,1,549,0.004405,0.644863,0.086016,0.151552,0.555104,1.52635,655.156,0,0,0
Suite_5,Deferred_Volume,1,550,0.004661,1.27985,0.086016,0.15104,0.55984,1.16808,856.104,0,0,0
Suite_5,Deferred_Volume,1,551,0.004182,0.635452,0.085888,0.152064,0.55424,1.49906,667.085,0,0,0
Suite_5,Deferred_Volume,1,552,0.004368,2.80341,0.086016,0.153376,0.557056,1.12787,886.626,0,0,0
Suite_5,Deferred_Volume,1,553,0.005353,0.654726,0.086272,0.173056,0.583392,2.97577,336.048,0,0,0
Suite_5,Deferred_Volume,1,554,0.004522,0.818822,0.084736,0.1528,0.561216,1.13292,882.677,0,0,0
Suite_5,Deferred_Volume,1,555,0.004207,1.47101,0.086016,0.151552,0.555456,0.987206,1012.96,0,0,0
Suite_5,Deferred_Volume,1,556,0.004118,0.635491,0.086016,0.177568,0.575488,1.53818,650.12,0,0,0
Suite_5,Deferred_Volume,1,557,0.004427,0.914387,0.086016,0.153024,0.553472,0.995892,1004.12,0,0,0
Suite_5,Deferred_Volume,1,558,0.004319,1.46352,0.086208,0.151552,0.559104,0.982535,1017.78,0,0,0
Suite_5,Deferred_Volume,1,559,0.004415,0.631556,0.086016,0.151904,0.560992,1.53092,653.204,0,0,0
Suite_5,Deferred_Volume,1,560,0.004372,2.86185,0.086208,0.151552,0.585344,1.1027,906.867,0,0,0
Suite_5,Deferred_Volume,1,561,0.004356,0.640609,0.085984,0.151552,0.559104,3.0317,329.848,0,0,0
Suite_5,Deferred_Volume,1,562,0.004231,1.36275,0.086144,0.151552,0.559104,1.11238,898.975,0,0,0
Suite_5,Deferred_Volume,1,563,0.004439,0.648189,0.092,0.150304,0.57344,1.53755,650.384,0,0,0
Suite_5,Deferred_Volume,1,564,0.004444,0.809663,0.086016,0.151552,0.561408,1.13482,881.197,0,0,0
Suite_5,Deferred_Volume,1,565,0.004315,1.47958,0.08608,0.15264,0.56032,0.97969,1020.73,0,0,0
Suite_5,Deferred_Volume,1,566,0.00443,0.64159,0.086016,0.151872,0.55184,1.54839,645.83,0,0,0
Suite_5,Deferred_Volume,1,567,0.004619,2.87473,0.086112,0.151552,0.559104,1.08812,919.02,0,0,0
Suite_5,Deferred_Volume,1,568,0.004915,0.64554,0.086016,0.151552,0.560864,2.99522,333.865,0,0,0
Suite_5,Deferred_Volume,1,569,0.004414,1.29539,0.086176,0.150368,0.560992,1.16732,856.667,0,0,0
Suite_5,Deferred_Volume,1,570,0.004183,0.629354,0.087072,0.149504,0.571648,1.51745,659.002,0,0,0
Suite_5,Deferred_Volume,1,571,0.00417,0.910358,0.086016,0.151456,0.554784,0.999398,1000.6,0,0,0
Suite_5,Deferred_Volume,1,572,0.004185,1.51661,0.085984,0.152352,0.560032,0.977717,1022.79,0,0,0
Suite_5,Deferred_Volume,1,573,0.003975,0.644256,0.086496,0.151552,0.555008,1.53519,651.387,0,0,0
Suite_5,Deferred_Volume,1,574,0.004602,2.79657,0.08624,0.151328,0.550912,1.12712,887.213,0,0,0
Suite_5,Deferred_Volume,1,575,0.004255,0.632378,0.084992,0.15312,0.564928,2.96539,337.224,0,0,0
Suite_5,Deferred_Volume,1,576,0.004221,1.27493,0.086048,0.151552,0.562528,1.14307,874.835,0,0,0
Suite_5,Deferred_Volume,1,577,0.004262,0.654503,0.086144,0.172544,0.58064,1.49534,668.744,0,0,0
Suite_5,Deferred_Volume,1,578,0.004743,0.768836,0.086016,0.151424,0.555904,1.18684,842.571,0,0,0
Suite_5,Deferred_Volume,1,579,0.004177,1.46461,0.086016,0.151552,0.565696,0.985642,1014.57,0,0,0
Suite_5,Deferred_Volume,1,580,0.004135,0.635362,0.085952,0.15024,0.561152,1.53195,652.765,0,0,0
Suite_5,Deferred_Volume,1,581,0.004273,2.83814,0.086016,0.149824,0.579296,1.1079,902.609,0,0,0
Suite_5,Deferred_Volume,1,582,0.004621,0.657402,0.08624,0.153856,0.560128,3.00916,332.319,0,0,0
Suite_5,Deferred_Volume,1,583,0.004474,1.30143,0.086016,0.150848,0.552224,1.18008,847.402,0,0,0
Suite_5,Deferred_Volume,1,584,0.004364,0.628953,0.086016,0.149824,0.5784,1.52055,657.659,0,0,0
Suite_5,Deferred_Volume,1,585,0.004226,0.91951,0.086112,0.151552,0.56112,1.00063,999.373,0,0,0
Suite_5,Deferred_Volume,1,586,0.004182,1.47249,0.086016,0.151648,0.557504,0.987768,1012.38,0,0,0
Suite_5,Deferred_Volume,1,587,0.004379,0.641286,0.08608,0.151552,0.5632,1.53984,649.418,0,0,0
Suite_5,Deferred_Volume,1,588,0.004635,2.80665,0.086016,0.150592,0.56128,1.13386,881.944,0,0,0
Suite_5,Deferred_Volume,1,589,0.004367,0.632235,0.086016,0.1512,0.553952,2.97767,335.833,0,0,0
Suite_5,Deferred_Volume,1,590,0.004197,1.33366,0.0872,0.151456,0.558496,1.12685,887.43,0,0,0
Suite_5,Deferred_Volume,1,591,0.004353,0.644262,0.086016,0.151296,0.553728,1.50648,663.799,0,0,0
Suite_5,Deferred_Volume,1,592,0.008541,0.73747,0.085984,0.152096,0.552992,1.17222,853.083,0,0,0
Suite_5,Deferred_Volume,1,593,0.004185,1.53581,0.086304,0.153024,0.556928,0.962304,1039.17,0,0,0
Suite_5,Deferred_Volume,1,594,0.00407,0.637779,0.086112,0.154816,0.556128,1.55361,643.662,0,0,0
Suite_5,Deferred_Volume,1,595,0.00439,2.80556,0.086144,0.151168,0.574464,1.10895,901.75,0,0,0
Suite_5,Deferred_Volume,1,596,0.004873,0.645007,0.087296,0.151552,0.56352,2.97512,336.121,0,0,0
Suite_5,Deferred_Volume,1,597,0.004165,1.31475,0.086016,0.1512,0.552736,1.16915,855.319,0,0,0
Suite_5,Deferred_Volume,1,598,0.0042,0.635023,0.086016,0.150656,0.580384,1.53476,651.568,0,0,0
Suite_5,Deferred_Volume,1,599,0.004195,0.972424,0.086016,0.151744,0.557728,0.967352,1033.75,0,0,0
Suite_5,Deferred_Volume,1,600,0.003905,1.47134,0.08624,0.152768,0.560256,0.988757,1011.37,0,0,0
Suite_5,Deferred_Volume,1,601,0.004187,0.661777,0.08704,0.150944,0.557248,1.53967,649.488,0,0,0
Suite_5,Deferred_Volume,1,602,0.00715,2.86794,0.086016,0.149632,0.552704,1.14184,875.78,0,0,0
Suite_5,Deferred_Volume,1,603,0.007153,0.711388,0.085984,0.152864,0.560928,3.04953,327.919,0,0,0
Suite_5,Deferred_Volume,1,604,0.006048,1.45265,0.08608,0.151936,0.555008,1.07634,929.079,0,0,0
Suite_5,Deferred_Volume,1,605,0.004299,0.639968,0.086144,0.150816,0.575168,1.52576,655.412,0,0,0
Suite_5,Deferred_Volume,1,606,0.004395,0.81849,0.086016,0.151552,0.553376,1.11238,898.977,0,0,0
Suite_5,Deferred_Volume,1,607,0.004207,1.46755,0.086016,0.15008,0.559104,0.986852,1013.32,0,0,0
Suite_5,Deferred_Volume,1,608,0.004314,0.639514,0.086048,0.150816,0.560768,1.53504,651.448,0,0,0
Suite_5,Deferred_Volume,1,609,0.004344,2.51598,0.087072,0.151552,0.580896,1.09617,912.267,0,0,0
Suite_5,Deferred_Volume,1,610,0.005008,1.14038,0.086016,0.151392,0.557376,2.64459,378.13,0,0,0
Suite_5,Deferred_Volume,1,611,0.00437,1.01084,0.087328,0.151552,0.552384,1.6316,612.893,0,0,0
Suite_5,Deferred_Volume,1,612,0.004349,0.623745,0.086112,0.149696,0.579552,1.53245,652.551,0,0,0
Suite_5,Deferred_Volume,1,613,0.004281,0.922534,0.085696,0.150784,0.55296,0.977203,1023.33,0,0,0
Suite_5,Deferred_Volume,1,614,0.00415,1.45908,0.086112,0.151552,0.565248,0.99107,1009.01,0,0,0
Suite_5,Deferred_Volume,1,615,0.00419,0.639089,0.087072,0.15264,0.559584,1.52658,655.058,0,0,0
Suite_5,Deferred_Volume,1,616,0.005308,2.87692,0.086016,0.1496,0.555392,1.11108,900.027,0,0,0
Suite_5,Deferred_Volume,1,617,0.004339,0.635824,0.08592,0.151552,0.559168,3.04806,328.077,0,0,0
Suite_5,Deferred_Volume,1,618,0.004143,1.35305,0.086016,0.151168,0.55808,1.10786,902.644,0,0,0
Suite_5,Deferred_Volume,1,619,0.004193,0.636178,0.086016,0.149504,0.56992,1.52156,657.22,0,0,0
Suite_5,Deferred_Volume,1,620,0.004446,0.80772,0.086048,0.151552,0.561312,1.12891,885.806,0,0,0
Suite_5,Deferred_Volume,1,621,0.00423,1.47176,0.086016,0.15168,0.553312,0.978971,1021.48,0,0,0
Suite_5,Deferred_Volume,1,622,0.004396,0.628656,0.086016,0.149856,0.561856,1.5401,649.308,0,0,0
Suite_5,Deferred_Volume,1,623,0.004391,2.8418,0.085984,0.150304,0.558336,1.09619,912.251,0,0,0
Suite_5,Deferred_Volume,1,624,0.005228,0.682737,0.0872,0.152576,0.553312,3.01245,331.956,0,0,0
Suite_5,Deferred_Volume,1,625,0.00468,1.34665,0.086016,0.150976,0.558752,1.15634,864.801,0,0,0
Suite_5,Deferred_Volume,1,626,0.004337,0.63105,0.086016,0.149952,0.55808,1.51076,661.917,0,0,0
Suite_5,Deferred_Volume,1,627,0.004173,0.914602,0.086016,0.151552,0.5616,1.00118,998.822,0,0,0
Suite_5,Deferred_Volume,1,628,0.004172,1.4725,0.086208,0.152608,0.559104,0.981588,1018.76,0,0,0
Suite_5,Deferred_Volume,1,629,0.004195,0.647204,0.086016,0.152064,0.554304,1.54134,648.786,0,0,0
Suite_5,Deferred_Volume,1,630,0.005404,2.86306,0.086016,0.1504,0.558048,1.12419,889.526,0,0,0
Suite_5,Deferred_Volume,1,631,0.004313,0.637592,0.086016,0.151552,0.565184,3.03311,329.694,0,0,0
Suite_5,Deferred_Volume,1,632,0.004225,1.35983,0.086048,0.152736,0.55488,1.10845,902.161,0,0,0
Suite_5,Deferred_Volume,1,633,0.004109,0.63493,0.086208,0.150688,0.573824,1.53016,653.524,0,0,0
Suite_5,Deferred_Volume,1,634,0.004297,0.830311,0.085952,0.150528,0.5584,1.11203,899.26,0,0,0
Suite_5,Deferred_Volume,1,635,0.004408,1.4672,0.086016,0.151552,0.559712,0.985513,1014.7,0,0,0
Suite_5,Deferred_Volume,1,636,0.004254,0.633606,0.086016,0.151232,0.559648,1.53483,651.536,0,0,0
Suite_5,Deferred_Volume,1,637,0.004314,2.85388,0.086016,0.151392,0.560576,1.10735,903.055,0,0,0
Suite_5,Deferred_Volume,1,638,0.004653,0.650571,0.08608,0.1536,0.556224,3.02485,330.594,0,0,0
Suite_5,Deferred_Volume,1,639,0.004748,1.27323,0.086112,0.151264,0.56,1.18677,842.622,0,0,0
Suite_5,Deferred_Volume,1,640,0.004219,0.629003,0.0848,0.151264,0.552416,1.49253,670.002,0,0,0
Suite_5,Deferred_Volume,1,641,0.004407,0.905077,0.086016,0.151712,0.555424,1.00014,999.863,0,0,0
Suite_5,Deferred_Volume,1,642,0.004378,1.51242,0.087136,0.1536,0.55664,0.973575,1027.14,0,0,0
Suite_5,Deferred_Volume,1,643,0.003929,0.636861,0.086048,0.151296,0.562784,1.5291,653.979,0,0,0
Suite_5,Deferred_Volume,1,644,0.005309,2.88212,0.086208,0.153056,0.555008,1.11204,899.246,0,0,0
Suite_5,Deferred_Volume,1,645,0.004621,0.644816,0.085952,0.149952,0.555008,3.05373,327.469,0,0,0
Suite_5,Deferred_Volume,1,646,0.004478,1.33916,0.086016,0.152864,0.556928,1.1057,904.403,0,0,0
Suite_5,Deferred_Volume,1,647,0.004238,0.635761,0.08624,0.150912,0.54848,1.50798,663.138,0,0,0
Suite_5,Deferred_Volume,1,648,0.004283,0.794806,0.086016,0.1536,0.561376,1.10681,903.498,0,0,0
Suite_5,Deferred_Volume,1,649,0.004146,1.51845,0.08592,0.151552,0.554976,0.969322,1031.65,0,0,0
Suite_5,Deferred_Volume,1,650,0.004165,0.64405,0.086272,0.152928,0.556064,1.53624,650.942,0,0,0
Suite_5,Deferred_Volume,1,651,0.004771,2.81649,0.086016,0.149536,0.550592,1.11522,896.681,0,0,0
Suite_5,Deferred_Volume,1,652,0.005035,0.651622,0.086016,0.151552,0.562368,2.98715,334.767,0,0,0
Suite_5,Deferred_Volume,1,653,0.004517,1.28105,0.08608,0.152,0.555776,1.18233,845.788,0,0,0
Suite_5,Deferred_Volume,1,654,0.004158,0.661521,0.086016,0.150208,0.549888,1.50157,665.971,0,0,0
Suite_5,Deferred_Volume,1,655,0.004541,0.944481,0.086112,0.152832,0.556768,0.993348,1006.7,0,0,0
Suite_5,Deferred_Volume,1,656,0.004099,1.51429,0.086016,0.153088,0.554976,0.961539,1040,0,0,0
Suite_5,Deferred_Volume,1,657,0.004161,0.635922,0.085984,0.152608,0.559104,1.53238,652.578,0,0,0
Suite_5,Deferred_Volume,1,658,0.004901,2.87705,0.086176,0.151552,0.561152,1.1089,901.795,0,0,0
Suite_5,Deferred_Volume,1,659,0.004466,0.64255,0.108864,0.152896,0.585344,3.04653,328.243,0,0,0
Suite_5,Deferred_Volume,1,660,0.004308,0.825772,0.086048,0.151712,0.555008,1.11361,897.979,0,0,0
Suite_5,Deferred_Volume,1,661,0.004244,1.46017,0.086016,0.151296,0.554816,0.995625,1004.39,0,0,0
Suite_5,Deferred_Volume,1,662,0.004355,0.634774,0.086016,0.151584,0.558912,1.52867,654.165,0,0,0
Suite_5,Deferred_Volume,1,663,0.004143,1.35444,0.086112,0.151552,0.556992,1.10586,904.275,0,0,0
Suite_5,Deferred_Volume,1,664,0.0043,0.659482,0.086336,0.150272,0.554112,1.52296,656.618,0,0,0
Suite_5,Deferred_Volume,1,665,0.007717,2.71297,0.086016,0.149504,0.557728,1.17748,849.273,0,0,0
Suite_5,Deferred_Volume,1,666,0.005662,0.673905,0.087072,0.151232,0.56016,2.94089,340.034,0,0,0
Suite_5,Deferred_Volume,1,667,0.005017,1.34097,0.086112,0.151328,0.557056,1.17385,851.9,0,0,0
Suite_5,Deferred_Volume,1,668,0.004484,0.654442,0.086016,0.151552,0.551744,1.51068,661.953,0,0,0
Suite_5,Deferred_Volume,1,669,0.007263,0.858355,0.086048,0.151552,0.555072,1.04278,958.972,0,0,0
Suite_5,Deferred_Volume,1,670,0.004932,1.52884,0.086016,0.151552,0.560608,0.932669,1072.19,0,0,0
Suite_5,Deferred_Volume,1,671,0.004305,0.657185,0.08608,0.153152,0.557184,1.54707,646.381,0,0,0
Suite_5,Deferred_Volume,1,672,0.005337,2.8806,0.085824,0.15312,0.561152,1.12982,885.094,0,0,0
Suite_5,Deferred_Volume,1,673,0.004527,0.639812,0.086016,0.157696,0.579584,3.05293,327.554,0,0,0
Suite_5,Deferred_Volume,1,674,0.004403,0.818693,0.086016,0.151552,0.5576,1.11266,898.75,0,0,0
Suite_5,Deferred_Volume,1,675,0.004215,1.46906,0.086176,0.151552,0.55296,0.987282,1012.88,0,0,0
Suite_5,Deferred_Volume,1,676,0.004266,0.640683,0.085952,0.151552,0.55504,1.53674,650.728,0,0,0
Suite_5,Deferred_Volume,1,677,0.004347,1.35915,0.085888,0.150944,0.559104,1.09658,911.929,0,0,0
Suite_5,Deferred_Volume,1,678,0.004305,0.639975,0.08624,0.151552,0.555008,1.52885,654.086,0,0,0
Suite_5,Deferred_Volume,1,679,0.004205,2.75198,0.087104,0.151552,0.552992,1.14346,874.537,0,0,0
Suite_5,Deferred_Volume,1,680,0.004652,0.640269,0.109472,0.1496,0.583456,2.97219,336.452,0,0,0
Suite_5,Deferred_Volume,1,681,0.004639,0.820217,0.086016,0.153536,0.556864,1.13632,880.031,0,0,0
Suite_5,Deferred_Volume,1,682,0.004248,1.46484,0.086016,0.153088,0.559104,0.99011,1009.99,0,0,0
Suite_5,Deferred_Volume,1,683,0.004235,0.629181,0.110528,0.154208,0.58368,1.53263,652.474,0,0,0
Suite_5,Deferred_Volume,1,684,0.004236,0.928781,0.08704,0.150944,0.563552,0.999341,1000.66,0,0,0
Suite_5,Deferred_Volume,1,685,0.004369,1.46562,0.086016,0.151328,0.556736,0.998594,1001.41,0,0,0
Suite_5,Deferred_Volume,1,686,0.004198,0.633461,0.086016,0.151616,0.558944,1.53421,651.8,0,0,0
Suite_5,Deferred_Volume,1,687,0.004737,2.81706,0.08624,0.158464,0.57904,1.10678,903.526,0,0,0
Suite_5,Deferred_Volume,1,688,0.004558,0.633264,0.086016,0.150144,0.5632,2.98149,335.402,0,0,0
Suite_5,Deferred_Volume,1,689,0.004307,1.35563,0.0872,0.151552,0.560384,1.12329,890.239,0,0,0
Suite_5,Deferred_Volume,1,690,0.004817,0.642273,0.085952,0.151552,0.559104,1.52933,653.882,0,0,0
Suite_5,Deferred_Volume,1,691,0.004649,1.30554,0.086176,0.151552,0.553984,1.15282,867.438,0,0,0
Suite_5,Deferred_Volume,1,692,0.004452,0.648662,0.086144,0.152256,0.561152,1.52513,655.682,0,0,0
Suite_5,Deferred_Volume,1,693,0.004442,2.8119,0.084992,0.15344,0.559104,1.12141,891.737,0,0,0
Suite_5,Deferred_Volume,1,694,0.004928,0.662404,0.088256,0.149856,0.581632,2.98336,335.192,0,0,0
Suite_5,Deferred_Volume,1,695,0.004622,0.760766,0.086176,0.152096,0.567296,1.18293,845.358,0,0,0
Suite_5,Deferred_Volume,1,696,0.004355,1.52748,0.086112,0.15136,0.55296,0.986592,1013.59,0,0,0
Suite_5,Deferred_Volume,1,697,0.004433,0.634209,0.086208,0.17712,0.58368,1.54645,646.642,0,0,0
Suite_5,Deferred_Volume,1,698,0.004228,0.978753,0.086048,0.151552,0.562592,0.955381,1046.7,0,0,0
Suite_5,Deferred_Volume,1,699,0.00394,1.46974,0.086016,0.1512,0.557216,0.99558,1004.44,0,0,0
Suite_5,Deferred_Volume,1,700,0.009099,0.636908,0.086016,0.150048,0.554176,1.53691,650.656,0,0,0
Suite_5,Deferred_Volume,1,701,0.004514,2.80326,0.086016,0.150688,0.58384,1.11685,895.371,0,0,0
Suite_5,Deferred_Volume,1,702,0.004152,0.643278,0.08592,0.149536,0.556192,2.97303,336.357,0,0,0
Suite_5,Deferred_Volume,1,703,0.00424,1.34792,0.08592,0.150496,0.562112,1.12766,886.792,0,0,0
Suite_5,Deferred_Volume,1,704,0.004269,0.642269,0.11184,0.151136,0.583712,1.51656,659.386,0,0,0
Suite_5,Deferred_Volume,1,705,0.004479,0.769109,0.086016,0.151552,0.560544,1.16592,857.693,0,0,0
Suite_5,Deferred_Volume,1,706,0.004211,1.46212,0.086016,0.151456,0.556288,0.994788,1005.24,0,0,0
Suite_5,Deferred_Volume,1,707,0.004404,0.634353,0.08608,0.151552,0.565248,1.52969,653.727,0,0,0
Suite_5,Deferred_Volume,1,708,0.004676,2.79923,0.086016,0.171488,0.581376,1.11811,894.368,0,0,0
Suite_5,Deferred_Volume,1,709,0.00523,0.651374,0.086016,0.149792,0.557728,2.97094,336.594,0,0,0
Suite_5,Deferred_Volume,1,710,0.004317,1.30816,0.086176,0.151552,0.559104,1.1753,850.844,0,0,0
Suite_5,Deferred_Volume,1,711,0.004206,0.628789,0.086016,0.174848,0.57344,1.52748,654.673,0,0,0
Suite_5,Deferred_Volume,1,712,0.004356,0.921402,0.086208,0.150432,0.554816,1.00155,998.456,0,0,0
Suite_5,Deferred_Volume,1,713,0.004204,1.45031,0.086208,0.151552,0.555008,0.990605,1009.48,0,0,0
Suite_5,Deferred_Volume,1,714,0.004235,0.636076,0.086016,0.15088,0.55488,1.51881,658.41,0,0,0
Suite_5,Deferred_Volume,1,715,0.004643,2.80633,0.085888,0.149504,0.571104,1.10801,902.52,0,0,0
Suite_5,Deferred_Volume,1,716,0.004319,0.634346,0.086016,0.151456,0.557152,2.9757,336.055,0,0,0
Suite_5,Deferred_Volume,1,717,0.00437,1.35973,0.086016,0.1512,0.564832,1.1078,902.69,0,0,0
Suite_5,Deferred_Volume,1,718,0.004545,0.651217,0.086016,0.177536,0.579712,1.52917,653.95,0,0,0
Suite_5,Deferred_Volume,1,719,0.004756,0.762664,0.086016,0.15312,0.559744,1.17433,851.553,0,0,0
Suite_5,Deferred_Volume,1,720,0.004403,1.46497,0.086016,0.151488,0.566048,0.982044,1018.28,0,0,0
Suite_5,Deferred_Volume,1,721,0.004229,0.634985,0.086112,0.151904,0.563104,1.53419,651.809,0,0,0
Suite_5,Deferred_Volume,1,722,0.004467,2.76205,0.086208,0.149984,0.575488,1.13553,880.647,0,0,0
Suite_5,Deferred_Volume,1,723,0.004886,0.649041,0.086048,0.151552,0.557024,2.98357,335.169,0,0,0
Suite_5,Deferred_Volume,1,724,0.004345,1.3047,0.086016,0.152864,0.557696,1.17294,852.562,0,0,0
Suite_5,Deferred_Volume,1,725,0.004188,0.626742,0.087072,0.151552,0.571968,1.52903,654.009,0,0,0
Suite_5,Deferred_Volume,1,726,0.004153,0.911604,0.086016,0.151296,0.563232,0.997818,1002.19,0,0,0
Suite_5,Deferred_Volume,1,727,0.004241,1.47051,0.086016,0.151648,0.560704,0.979019,1021.43,0,0,0
Suite_5,Deferred_Volume,1,728,0.004156,0.63456,0.085952,0.151552,0.557056,1.53779,650.283,0,0,0
Suite_5,Deferred_Volume,1,729,0.004306,2.83256,0.08608,0.150528,0.5568,1.10683,903.483,0,0,0
Suite_5,Deferred_Volume,1,730,0.004266,0.636468,0.085856,0.15264,0.561152,3.00211,333.099,0,0,0
Suite_5,Deferred_Volume,1,731,0.004143,1.27071,0.085984,0.151552,0.560736,1.15789,863.643,0,0,0
Suite_5,Deferred_Volume,1,732,0.004519,0.637062,0.086016,0.151936,0.552352,1.49017,671.064,0,0,0
Suite_5,Deferred_Volume,1,733,0.005073,0.750183,0.086016,0.15136,0.553504,1.1511,868.737,0,0,0
Suite_5,Deferred_Volume,1,734,0.004546,1.49859,0.086016,0.151712,0.561664,0.974537,1026.13,0,0,0
Suite_5,Deferred_Volume,1,735,0.003942,0.640565,0.086016,0.15344,0.563008,1.51565,659.784,0,0,0
Suite_5,Deferred_Volume,1,736,0.004436,2.8301,0.086016,0.1512,0.575744,1.11153,899.657,0,0,0
Suite_5,Deferred_Volume,1,737,0.006736,0.668162,0.086016,0.151552,0.560384,3.00555,332.718,0,0,0
Suite_5,Deferred_Volume,1,738,0.004411,1.2936,0.086272,0.151808,0.557984,1.17803,848.878,0,0,0
Suite_5,Deferred_Volume,1,739,0.004197,0.63827,0.086208,0.150016,0.577536,1.51289,660.987,0,0,0
Suite_5,Deferred_Volume,1,740,0.004199,0.917451,0.08592,0.151552,0.554368,1.00814,991.924,0,0,0
Suite_5,Deferred_Volume,1,741,0.004335,1.50918,0.086016,0.151872,0.563616,0.986296,1013.89,0,0,0
Suite_5,Deferred_Volume,1,742,0.004029,0.638363,0.086016,0.151616,0.551904,1.52709,654.842,0,0,0
Suite_5,Deferred_Volume,1,743,0.004755,2.80497,0.086016,0.151392,0.549536,1.1268,887.472,0,0,0
Suite_5,Deferred_Volume,1,744,0.004305,0.643571,0.086016,0.151904,0.566112,2.97431,336.213,0,0,0
Suite_5,Deferred_Volume,1,745,0.004276,1.33528,0.086016,0.152064,0.563424,1.13063,884.461,0,0,0
Suite_5,Deferred_Volume,1,746,0.004232,0.660985,0.086336,0.150016,0.581088,1.50507,664.423,0,0,0
Suite_5,Deferred_Volume,1,747,0.007016,0.778838,0.086016,0.152384,0.556384,1.19305,838.185,0,0,0
Suite_5,Deferred_Volume,1,748,0.004944,1.50283,0.086048,0.151552,0.559104,1.00308,996.932,0,0,0
Suite_5,Deferred_Volume,1,749,0.016755,0.64611,0.086016,0.150016,0.559968,1.52412,656.115,0,0,0
Suite_5,Deferred_Volume,1,750,0.004879,2.79865,0.086016,0.150656,0.57344,1.13201,883.387,0,0,0
Suite_5,Deferred_Volume,1,751,0.005169,0.681454,0.085952,0.15344,0.560672,2.97004,336.696,0,0,0
Suite_5,Deferred_Volume,1,752,0.004378,1.35914,0.086112,0.152864,0.563072,1.16845,855.835,0,0,0
Suite_5,Deferred_Volume,1,753,0.004268,0.6336,0.086176,0.150208,0.576768,1.52983,653.668,0,0,0
Suite_5,Deferred_Volume,1,754,0.004258,0.934751,0.086048,0.152832,0.56256,1.00555,994.477,0,0,0
Suite_5,Deferred_Volume,1,755,0.00435,1.52164,0.086016,0.15136,0.564064,1.00317,996.835,0,0,0
Suite_5,Deferred_Volume,1,756,0.004461,0.66572,0.086016,0.150752,0.560512,1.55503,643.076,0,0,0
Suite_5,Deferred_Volume,1,757,0.005312,2.91845,0.086016,0.150752,0.5552,1.11102,900.076,0,0,0
Suite_5,Deferred_Volume,1,758,0.004592,0.660207,0.08608,0.151904,0.555008,3.04,328.948,0,0,0
Suite_5,Deferred_Volume,1,759,0.004252,1.3569,0.086016,0.153632,0.559488,1.10522,904.801,0,0,0
Suite_5,Deferred_Volume,1,760,0.004267,0.646479,0.086016,0.15072,0.581024,1.52071,657.588,0,0,0
Suite_5,Deferred_Volume,1,761,0.004269,0.836316,0.086176,0.1512,0.5592,1.12028,892.634,0,0,0
Suite_5,Deferred_Volume,1,762,0.00439,1.51754,0.085952,0.150528,0.562048,1.00592,994.111,0,0,0
Suite_5,Deferred_Volume,1,763,0.01601,0.639118,0.086016,0.151776,0.561248,1.53944,649.587,0,0,0
Suite_5,Deferred_Volume,1,764,0.004504,2.84138,0.086176,0.149856,0.57344,1.12236,890.983,0,0,0
Suite_5,Deferred_Volume,1,765,0.005794,0.703058,0.085952,0.15216,0.5552,3.02902,330.14,0,0,0
Suite_5,Deferred_Volume,1,766,0.004325,1.3242,0.086176,0.151616,0.565248,1.17813,848.801,0,0,0
Suite_5,Deferred_Volume,1,767,0.004286,0.627996,0.08624,0.149504,0.577536,1.49348,669.578,0,0,0
Suite_5,Deferred_Volume,1,768,0.004264,0.936442,0.086016,0.150944,0.55776,0.983044,1017.25,0,0,0
Suite_5,Deferred_Volume,1,769,0.004257,1.51146,0.086016,0.151264,0.553408,1.00564,994.396,0,0,0
Suite_5,Deferred_Volume,1,770,0.004102,0.665499,0.086016,0.151552,0.558688,1.52968,653.733,0,0,0
Suite_5,Deferred_Volume,1,771,0.005054,2.84549,0.086016,0.150272,0.555584,1.13834,878.474,0,0,0
Suite_5,Deferred_Volume,1,772,0.00448,0.653311,0.085952,0.151552,0.561152,3.0161,331.554,0,0,0
Suite_5,Deferred_Volume,1,773,0.00454,1.36322,0.086144,0.15104,0.558048,1.11159,899.614,0,0,0
Suite_5,Deferred_Volume,1,774,0.004416,0.636793,0.086144,0.151552,0.574816,1.53344,652.128,0,0,0
Suite_5,Deferred_Volume,1,775,0.004215,0.84862,0.086016,0.151552,0.557056,1.10867,901.985,0,0,0
Suite_5,Deferred_Volume,1,776,0.004327,1.49969,0.08592,0.150496,0.559104,1.01726,983.032,0,0,0
Suite_5,Deferred_Volume,1,777,0.004094,0.65107,0.086144,0.150624,0.55248,1.51864,658.483,0,0,0
Suite_5,Deferred_Volume,1,778,0.004672,2.78495,0.08624,0.1504,0.5584,1.13041,884.636,0,0,0
Suite_5,Deferred_Volume,1,779,0.005691,0.660764,0.086016,0.151552,0.557504,2.97736,335.868,0,0,0
Suite_5,Deferred_Volume,1,780,0.004529,1.36018,0.087136,0.151552,0.558464,1.15854,863.158,0,0,0
Suite_5,Deferred_Volume,1,781,0.004227,0.650001,0.086208,0.150304,0.550688,1.53169,652.875,0,0,0
Suite_5,Deferred_Volume,1,782,0.00442,0.965884,0.086016,0.151552,0.555488,0.97128,1029.57,0,0,0
Suite_5,Deferred_Volume,1,783,0.004173,1.50607,0.086016,0.151072,0.556928,0.983224,1017.06,0,0,0
Suite_5,Deferred_Volume,1,784,0.003962,0.6644,0.086016,0.15184,0.561824,1.52715,654.816,0,0,0
Suite_5,Deferred_Volume,1,785,0.004892,2.85442,0.086048,0.149728,0.555968,1.13884,878.083,0,0,0
Suite_5,Deferred_Volume,1,786,0.004601,0.64961,0.087168,0.153248,0.56128,3.02587,330.484,0,0,0
Suite_5,Deferred_Volume,1,787,0.004258,1.34084,0.087104,0.151552,0.559328,1.12146,891.697,0,0,0
Suite_5,Deferred_Volume,1,788,0.004369,0.635582,0.087136,0.151104,0.557024,1.50979,662.343,0,0,0
Suite_5,Deferred_Volume,1,789,0.004381,0.828557,0.086016,0.151712,0.559392,1.10803,902.499,0,0,0
Suite_5,Deferred_Volume,1,790,0.004375,1.51471,0.086272,0.152704,0.5632,0.998387,1001.62,0,0,0
Suite_5,Deferred_Volume,1,791,0.015972,0.679756,0.086016,0.151552,0.560352,1.53804,650.179,0,0,0
Suite_5,Deferred_Volume,1,792,0.004599,2.8823,0.086016,0.150912,0.556608,1.10391,905.867,0,0,0
Suite_5,Deferred_Volume,1,793,0.005466,0.649905,0.086016,0.150144,0.552768,3.01545,331.626,0,0,0
Suite_5,Deferred_Volume,1,794,0.00443,1.35865,0.087168,0.151424,0.557056,1.14171,875.878,0,0,0
Suite_5,Deferred_Volume,1,795,0.004253,0.632062,0.086016,0.149344,0.548864,1.52759,654.625,0,0,0
Suite_5,Deferred_Volume,1,796,0.00425,0.934094,0.086016,0.15328,0.555488,1.00268,997.33,0,0,0
Suite_5,Deferred_Volume,1,797,0.004323,1.49227,0.086112,0.151616,0.562176,1.00383,996.189,0,0,0
Suite_5,Deferred_Volume,1,798,0.004195,0.650629,0.087104,0.151552,0.552992,1.5106,661.989,0,0,0
Suite_5,Deferred_Volume,1,799,0.005422,2.86402,0.086016,0.151552,0.555232,1.12663,887.604,0,0,0
Suite_5,Deferred_Volume,1,800,0.004355,0.640413,0.085728,0.151552,0.561152,3.03429,329.566,0,0,0
Suite_5,Deferred_Volume,1,801,0.004479,1.34953,0.086016,0.151328,0.559616,1.11398,897.679,0,0,0
Suite_5,Deferred_Volume,1,802,0.004425,0.645816,0.086336,0.149952,0.550624,1.51963,658.054,0,0,0
Suite_5,Deferred_Volume,1,803,0.004415,0.815495,0.086016,0.151648,0.565344,1.09444,913.713,0,0,0
Suite_5,Deferred_Volume,1,804,0.00417,1.53095,0.086016,0.15168,0.561568,0.984305,1015.95,0,0,0
Suite_5,Deferred_Volume,1,805,0.016289,0.656731,0.087136,0.151552,0.5592,1.55013,645.109,0,0,0
Suite_5,Deferred_Volume,1,806,0.005315,2.83318,0.086016,0.149824,0.554848,1.14336,874.614,0,0,0
Suite_5,Deferred_Volume,1,807,0.007266,0.704145,0.086016,0.151968,0.564736,3.01131,332.081,0,0,0
Suite_5,Deferred_Volume,1,808,0.004547,1.4025,0.086016,0.150944,0.556,1.1297,885.188,0,0,0
Suite_5,Deferred_Volume,1,809,0.004284,0.630785,0.087136,0.150688,0.555424,1.52317,656.526,0,0,0
Suite_5,Deferred_Volume,1,810,0.004368,0.920218,0.086016,0.151552,0.554976,1.00234,997.666,0,0,0
Suite_5,Deferred_Volume,1,811,0.004321,1.51171,0.086016,0.1512,0.561504,0.988134,1012.01,0,0,0
Suite_5,Deferred_Volume,1,812,0.00421,0.673226,0.086016,0.151552,0.557632,1.5288,654.107,0,0,0
Suite_5,Deferred_Volume,1,813,0.00486,2.91352,0.08608,0.151552,0.5632,1.11974,893.067,0,0,0
Suite_5,Deferred_Volume,1,814,0.004469,0.633922,0.086016,0.151552,0.558272,3.03427,329.569,0,0,0
Suite_5,Deferred_Volume,1,815,0.004359,1.37102,0.086016,0.151328,0.558752,1.09074,916.808,0,0,0
Suite_5,Deferred_Volume,1,816,0.0042,0.648872,0.085984,0.15008,0.552864,1.54144,648.742,0,0,0
Suite_5,Deferred_Volume,1,817,0.004304,0.873407,0.08704,0.151552,0.553216,1.10885,901.836,0,0,0
Suite_5,Deferred_Volume,1,818,0.004259,1.50615,0.086016,0.15216,0.564096,0.992681,1007.37,0,0,0
Suite_5,Deferred_Volume,1,819,0.015035,0.63814,0.086016,0.151456,0.55552,1.52746,654.68,0,0,0
Suite_5,Deferred_Volume,1,820,0.004567,2.82803,0.086016,0.149984,0.551744,1.12075,892.258,0,0,0
Suite_5,Deferred_Volume,1,821,0.005375,0.653773,0.08592,0.15248,0.557056,3.0125,331.95,0,0,0
Suite_5,Deferred_Volume,1,822,0.004471,1.36158,0.086144,0.150304,0.558112,1.13699,879.518,0,0,0
Suite_5,Deferred_Volume,1,823,0.004405,0.636655,0.0872,0.152896,0.560608,1.53083,653.239,0,0,0
Suite_5,Deferred_Volume,1,824,0.004339,0.973357,0.086016,0.151104,0.557632,0.975202,1025.43,0,0,0
Suite_5,Deferred_Volume,1,825,0.004347,1.46552,0.086016,0.151328,0.557088,0.992238,1007.82,0,0,0
Suite_5,Deferred_Volume,1,826,0.004227,0.669581,0.086016,0.151712,0.559136,1.53461,651.633,0,0,0
Suite_5,Deferred_Volume,1,827,0.005419,2.86587,0.086016,0.151808,0.552864,1.14267,875.143,0,0,0
Suite_5,Deferred_Volume,1,828,0.004525,0.685917,0.110048,0.155648,0.586432,3.03635,329.343,0,0,0
Suite_5,Deferred_Volume,1,829,0.004561,0.857791,0.086016,0.151456,0.557024,1.11029,900.666,0,0,0
Suite_5,Deferred_Volume,1,830,0.004494,1.50903,0.08624,0.149504,0.55296,0.983004,1017.29,0,0,0
Suite_5,Deferred_Volume,1,831,0.004227,0.637442,0.086048,0.1536,0.5544,1.52648,655.102,0,0,0
Suite_5,Deferred_Volume,1,832,0.00422,1.34609,0.086176,0.1504,0.555008,1.1088,901.873,0,0,0
Suite_5,Deferred_Volume,1,833,0.004226,0.665217,0.086016,0.151136,0.557248,1.51675,659.303,0,0,0
Suite_5,Deferred_Volume,1,834,0.004608,2.8715,0.086016,0.15136,0.554976,1.11276,898.668,0,0,0
Suite_5,Deferred_Volume,1,835,0.016743,0.651676,0.086016,0.151552,0.558496,2.99213,334.21,0,0,0
Suite_5,Deferred_Volume,1,836,0.004555,1.39543,0.085984,0.150432,0.553344,1.15917,862.686,0,0,0
Suite_5,Deferred_Volume,1,837,0.008599,0.642958,0.087168,0.151552,0.561504,1.56639,638.409,0,0,0
Suite_5,Deferred_Volume,1,838,0.004424,0.968757,0.110592,0.151616,0.58368,0.968369,1032.66,0,0,0
Suite_5,Deferred_Volume,1,839,0.004116,0.974568,0.085952,0.151904,0.554016,0.986098,1014.1,0,0,0
Suite_5,Deferred_Volume,1,840,0.003993,1.47298,0.086016,0.149888,0.55056,0.991308,1008.77,0,0,0
Suite_5,Deferred_Volume,1,841,0.005956,0.662827,0.086016,0.151552,0.552864,1.55754,642.038,0,0,0
Suite_5,Deferred_Volume,1,842,0.005054,2.85453,0.085952,0.17408,0.579264,1.08771,919.366,0,0,0
Suite_5,Deferred_Volume,1,843,0.004297,0.665577,0.085888,0.151552,0.559104,2.97372,336.279,0,0,0
Suite_5,Deferred_Volume,1,844,0.004278,1.33819,0.0856,0.151552,0.555008,1.13719,879.361,0,0,0
Suite_5,Deferred_Volume,1,845,0.016302,0.665314,0.085952,0.152064,0.559104,1.51053,662.021,0,0,0
Suite_5,Deferred_Volume,1,846,0.007072,1.25041,0.086272,0.15024,0.555136,1.19241,838.636,0,0,0
Suite_5,Deferred_Volume,1,847,0.00469,0.651335,0.086144,0.153216,0.558464,1.47426,678.307,0,0,0
Suite_5,Deferred_Volume,1,848,0.004834,2.80688,0.086016,0.152256,0.556896,1.13377,882.012,0,0,0
Suite_5,Deferred_Volume,1,849,0.005067,0.666278,0.086272,0.17408,0.577152,2.97988,335.584,0,0,0
Suite_5,Deferred_Volume,1,850,0.00446,0.82346,0.086048,0.152192,0.558784,1.17617,850.217,0,0,0
Suite_5,Deferred_Volume,1,851,0.006632,1.44727,0.086048,0.150464,0.559104,1.01423,985.973,0,0,0
Suite_5,Deferred_Volume,1,852,0.004665,0.641501,0.087072,0.17536,0.581184,1.51919,658.245,0,0,0
Suite_5,Deferred_Volume,1,853,0.004741,0.980228,0.086016,0.151584,0.555072,0.973591,1027.13,0,0,0
Suite_5,Deferred_Volume,1,854,0.004331,1.51559,0.086144,0.153056,0.552672,0.999128,1000.87,0,0,0
Suite_5,Deferred_Volume,1,855,0.004168,0.650791,0.08608,0.151904,0.560832,1.53324,652.214,0,0,0
Suite_5,Deferred_Volume,1,856,0.005055,2.80603,0.086016,0.150944,0.587168,1.11972,893.084,0,0,0
Suite_5,Deferred_Volume,1,857,0.004359,0.662562,0.086016,0.150432,0.55808,2.97311,336.348,0,0,0
Suite_5,Deferred_Volume,1,858,0.004401,1.34849,0.08608,0.152064,0.556416,1.13152,883.765,0,0,0
Suite_5,Deferred_Volume,1,859,0.015775,0.691864,0.108064,0.150848,0.574688,1.51807,658.732,0,0,0
Suite_5,Deferred_Volume,1,860,0.004673,0.730251,0.086016,0.151072,0.55216,1.2039,830.635,0,0,0
Suite_5,Deferred_Volume,1,861,0.004254,1.51383,0.087104,0.151552,0.559104,0.952453,1049.92,0,0,0
Suite_5,Deferred_Volume,1,862,0.015737,0.638476,0.086016,0.151904,0.56256,1.53217,652.67,0,0,0
Suite_5,Deferred_Volume,1,863,0.004354,2.81474,0.086016,0.171552,0.571968,1.12496,888.92,0,0,0
Suite_5,Deferred_Volume,1,864,0.016808,0.675297,0.086016,0.15136,0.55712,2.98442,335.073,0,0,0
Suite_5,Deferred_Volume,1,865,0.004295,1.35358,0.087264,0.1536,0.55456,1.1709,854.044,0,0,0
Suite_5,Deferred_Volume,1,866,0.004504,0.640979,0.086016,0.170592,0.570272,1.52342,656.42,0,0,0
Suite_5,Deferred_Volume,1,867,0.004222,0.972611,0.086016,0.151136,0.559808,0.961087,1040.49,0,0,0
Suite_5,Deferred_Volume,1,868,0.004201,1.52026,0.086048,0.154144,0.565248,0.989429,1010.68,0,0,0
Suite_5,Deferred_Volume,1,869,0.004096,0.652377,0.086016,0.150944,0.556672,1.53855,649.962,0,0,0
Suite_5,Deferred_Volume,1,870,0.005153,2.80991,0.086016,0.150016,0.571936,1.1282,886.37,0,0,0
Suite_5,Deferred_Volume,1,871,0.004226,0.662393,0.086016,0.149728,0.55968,2.97957,335.619,0,0,0
Suite_5,Deferred_Volume,1,872,0.004291,1.34424,0.086176,0.151552,0.567296,1.12781,886.673,0,0,0
Suite_5,Deferred_Volume,1,873,0.005414,0.67776,0.086016,0.178688,0.593152,1.53101,653.164,0,0,0
Suite_5,Deferred_Volume,1,874,0.004622,0.834971,0.086112,0.1536,0.557056,1.15302,867.288,0,0,0
Suite_5,Deferred_Volume,1,875,0.0042,1.51911,0.085984,0.151552,0.559104,1.00389,996.124,0,0,0
Suite_5,Deferred_Volume,1,876,0.016515,0.645307,0.086016,0.149792,0.558944,1.54026,649.241,0,0,0
Suite_5,Deferred_Volume,1,877,0.004773,2.84293,0.087168,0.149504,0.557088,1.10715,903.217,0,0,0
Suite_5,Deferred_Volume,1,878,0.005093,0.690135,0.086016,0.15328,0.5592,3.0269,330.371,0,0,0
Suite_5,Deferred_Volume,1,879,0.004314,1.33423,0.084992,0.149568,0.554592,1.16323,859.674,0,0,0
Suite_5,Deferred_Volume,1,880,0.004174,0.638517,0.086048,0.1512,0.562688,1.50325,665.227,0,0,0
Suite_5,Deferred_Volume,1,881,0.004387,0.902798,0.086016,0.151552,0.562752,0.983883,1016.38,0,0,0
Suite_5,Deferred_Volume,1,882,0.004298,1.52005,0.0864,0.153344,0.559104,0.971873,1028.94,0,0,0
Suite_5,Deferred_Volume,1,883,0.004274,0.657714,0.085952,0.151648,0.555008,1.53811,650.15,0,0,0
Suite_5,Deferred_Volume,1,884,0.004597,2.89385,0.08624,0.1504,0.579584,1.09093,916.648,0,0,0
Suite_5,Deferred_Volume,1,885,0.004355,0.669399,0.086016,0.151424,0.560512,3.01524,331.648,0,0,0
Suite_5,Deferred_Volume,1,886,0.004349,1.33655,0.086208,0.1528,0.557088,1.14206,875.613,0,0,0
Suite_5,Deferred_Volume,1,887,0.004449,0.662066,0.086016,0.16656,0.579232,1.50571,664.139,0,0,0
Suite_5,Deferred_Volume,1,888,0.004388,0.832553,0.086016,0.149696,0.555456,1.14489,873.444,0,0,0
Suite_5,Deferred_Volume,1,889,0.004494,1.51427,0.086048,0.152928,0.55296,1.0032,996.806,0,0,0
Suite_5,Deferred_Volume,1,890,0.004096,0.644593,0.086112,0.151552,0.56112,1.53232,652.605,0,0,0
Suite_5,Deferred_Volume,1,891,0.004387,2.83594,0.086016,0.150016,0.571008,1.09588,912.51,0,0,0
Suite_5,Deferred_Volume,1,892,0.005237,0.707245,0.086016,0.151552,0.559168,3.01923,331.211,0,0,0
Suite_5,Deferred_Volume,1,893,0.004334,1.31725,0.086016,0.151616,0.561664,1.18143,846.43,0,0,0
Suite_5,Deferred_Volume,1,894,0.004307,0.632617,0.08592,0.149504,0.582112,1.49426,669.228,0,0,0
Suite_5,Deferred_Volume,1,895,0.004174,0.932342,0.086016,0.15136,0.552608,1.00338,996.634,0,0,0
Suite_5,Deferred_Volume,1,896,0.004097,1.51721,0.086144,0.151552,0.559104,0.999792,1000.21,0,0,0
Suite_5,Deferred_Volume,1,897,0.003985,0.668245,0.085984,0.15168,0.561152,1.53564,651.196,0,0,0
Suite_5,Deferred_Volume,1,898,0.004913,2.84987,0.086496,0.15136,0.585728,1.14227,875.452,0,0,0
Suite_5,Deferred_Volume,1,899,0.004421,0.665908,0.086016,0.151392,0.55744,3.02016,331.108,0,0,0
Suite_5,Deferred_Volume,1,900,0.004298,1.3424,0.086016,0.152096,0.557792,1.13796,878.765,0,0,0
Suite_5,Deferred_Volume,1,901,0.004194,0.649434,0.08624,0.15008,0.5632,1.51265,661.091,0,0,0
Suite_5,Deferred_Volume,1,902,0.004242,0.797183,0.086016,0.151552,0.554464,1.12511,888.8,0,0,0
Suite_5,Deferred_Volume,1,903,0.00435,1.51597,0.086016,0.15104,0.557376,0.97687,1023.68,0,0,0
Suite_5,Deferred_Volume,1,904,0.004086,0.653881,0.087232,0.153056,0.55712,1.53337,652.159,0,0,0
Suite_5,Deferred_Volume,1,905,0.004552,2.79296,0.086016,0.149568,0.577792,1.13147,883.803,0,0,0
Suite_5,Deferred_Volume,1,906,0.021022,0.678091,0.086016,0.151296,0.55392,2.96461,337.313,0,0,0
Suite_5,Deferred_Volume,1,907,0.004339,1.34923,0.086016,0.149632,0.56352,1.17588,850.429,0,0,0
Suite_5,Deferred_Volume,1,908,0.004205,0.630685,0.086304,0.151232,0.578688,1.51789,658.808,0,0,0
Suite_5,Deferred_Volume,1,909,0.004429,0.925821,0.085952,0.151552,0.555008,1.00323,996.784,0,0,0
Suite_5,Deferred_Volume,1,910,0.004154,1.51657,0.086016,0.150624,0.557728,0.994733,1005.29,0,0,0
Suite_5,Deferred_Volume,1,911,0.004104,0.647883,0.08592,0.150432,0.557056,1.53372,652.009,0,0,0
Suite_5,Deferred_Volume,1,912,0.005507,2.87269,0.086048,0.150144,0.55296,1.11737,894.956,0,0,0
Suite_5,Deferred_Volume,1,913,0.004929,0.639953,0.086112,0.152448,0.561056,3.0384,329.12,0,0,0
Suite_5,Deferred_Volume,1,914,0.004355,1.3523,0.087072,0.151296,0.56112,1.11031,900.649,0,0,0
Suite_5,Deferred_Volume,1,915,0.004418,0.63173,0.086272,0.149504,0.573472,1.52505,655.717,0,0,0
Suite_5,Deferred_Volume,1,916,0.00436,0.827408,0.085984,0.152992,0.557056,1.09595,912.447,0,0,0
Suite_5,Deferred_Volume,1,917,0.004363,1.5147,0.086016,0.151552,0.554656,0.99775,1002.26,0,0,0
Suite_5,Deferred_Volume,1,918,0.004066,0.655608,0.086016,0.150912,0.555616,1.53296,652.334,0,0,0
Suite_5,Deferred_Volume,1,919,0.00459,2.79825,0.086112,0.1512,0.548864,1.12719,887.164,0,0,0
Suite_5,Deferred_Volume,1,920,0.016466,0.666107,0.086048,0.1536,0.560448,2.96898,336.816,0,0,0
Suite_5,Deferred_Volume,1,921,0.004284,1.35388,0.086112,0.1528,0.55472,1.15166,868.316,0,0,0
Suite_5,Deferred_Volume,1,922,0.004356,0.643348,0.086016,0.149792,0.550912,1.52415,656.104,0,0,0
Suite_5,Deferred_Volume,1,923,0.004369,0.903421,0.08608,0.151616,0.557056,0.994019,1006.02,0,0,0
Suite_5,Deferred_Volume,1,924,0.004218,1.51581,0.086016,0.152032,0.553728,0.971027,1029.84,0,0,0
Suite_5,Deferred_Volume,1,925,0.004108,0.653961,0.086016,0.15216,0.556032,1.53497,651.477,0,0,0
Suite_5,Deferred_Volume,1,926,0.00518,2.86206,0.086016,0.149312,0.551104,1.13924,877.776,0,0,0
Suite_5,Deferred_Volume,1,927,0.00428,0.647012,0.08592,0.152288,0.561152,3.03205,329.81,0,0,0
Suite_5,Deferred_Volume,1,928,0.00436,1.41449,0.086016,0.151712,0.557376,1.09317,914.77,0,0,0
Suite_5,Deferred_Volume,1,929,0.00435,0.63703,0.086016,0.150976,0.567296,1.53483,651.54,0,0,0
Suite_5,Deferred_Volume,1,930,0.00423,0.831892,0.086112,0.151552,0.568352,1.10943,901.361,0,0,0
Suite_5,Deferred_Volume,1,931,0.004203,1.52601,0.086016,0.151552,0.557536,1.00031,999.694,0,0,0
Suite_5,Deferred_Volume,1,932,0.004126,0.645681,0.086016,0.151456,0.562208,1.54292,648.122,0,0,0
Suite_5,Deferred_Volume,1,933,0.004461,2.81916,0.086016,0.149696,0.550496,1.12289,890.559,0,0,0
Suite_5,Deferred_Volume,1,934,0.005042,0.661702,0.085888,0.152928,0.555008,2.99057,334.385,0,0,0
Suite_5,Deferred_Volume,1,935,0.004376,1.36537,0.086144,0.151424,0.559104,1.14593,872.655,0,0,0
Suite_5,Deferred_Volume,1,936,0.004302,0.630677,0.08608,0.149504,0.555456,1.5342,651.804,0,0,0
Suite_5,Deferred_Volume,1,937,0.004254,0.918801,0.086016,0.150848,0.553184,1.00941,990.682,0,0,0
Suite_5,Deferred_Volume,1,938,0.004262,1.50998,0.086016,0.151904,0.555648,0.987388,1012.77,0,0,0
Suite_5,Deferred_Volume,1,939,0.004007,0.671761,0.086016,0.15168,0.559584,1.52719,654.798,0,0,0
Suite_5,Deferred_Volume,1,940,0.004673,2.84702,0.086304,0.150048,0.557056,1.14429,873.903,0,0,0
Suite_5,Deferred_Volume,1,941,0.005352,0.668216,0.086016,0.153568,0.556864,3.02189,330.919,0,0,0
Suite_5,Deferred_Volume,1,942,0.004279,1.40744,0.086048,0.150816,0.560768,1.09502,913.227,0,0,0
Suite_5,Deferred_Volume,1,943,0.004311,0.648225,0.086656,0.150432,0.556416,1.52572,655.427,0,0,0
Suite_5,Deferred_Volume,1,944,0.004357,0.80174,0.086112,0.151264,0.55696,1.11991,892.93,0,0,0
Suite_5,Deferred_Volume,1,945,0.004155,1.51405,0.086112,0.150304,0.561152,0.971976,1028.83,0,0,0
Suite_5,Deferred_Volume,1,946,0.004224,0.647829,0.086144,0.15232,0.554368,1.53227,652.628,0,0,0
Suite_5,Deferred_Volume,1,947,0.004507,2.80486,0.086144,0.149792,0.55296,1.12447,889.306,0,0,0
Suite_5,Deferred_Volume,1,948,0.016665,0.665986,0.086016,0.151552,0.5608,2.97475,336.163,0,0,0
Suite_5,Deferred_Volume,1,949,0.004437,1.38406,0.086016,0.151552,0.554368,1.1548,865.954,0,0,0
Suite_5,Deferred_Volume,1,950,0.004404,0.632073,0.086016,0.149696,0.550592,1.53071,653.29,0,0,0
Suite_5,Deferred_Volume,1,951,0.004268,0.913519,0.086016,0.153152,0.559264,1.00256,997.448,0,0,0
Suite_5,Deferred_Volume,1,952,0.004166,1.52748,0.086016,0.151552,0.56048,0.981216,1019.14,0,0,0
Suite_5,Deferred_Volume,1,953,0.004313,0.649673,0.085984,0.151616,0.565248,1.54568,646.964,0,0,0
Suite_5,Deferred_Volume,1,954,0.005666,2.93973,0.085888,0.1512,0.558176,1.09727,911.353,0,0,0
Suite_5,Deferred_Volume,1,955,0.004949,0.652567,0.086016,0.151776,0.557504,3.07254,325.464,0,0,0
Suite_5,Deferred_Volume,1,956,0.004241,1.41347,0.086016,0.151552,0.555008,1.09027,917.207,0,0,0
Suite_5,Deferred_Volume,1,957,0.004368,0.644714,0.086016,0.153504,0.550912,1.53461,651.631,0,0,0
Suite_5,Deferred_Volume,1,958,0.004315,0.850398,0.086016,0.153056,0.559264,1.08097,925.098,0,0,0
Suite_5,Deferred_Volume,1,959,0.004156,1.52651,0.086016,0.151552,0.557568,0.968711,1032.3,0,0,0
Suite_5,Deferred_Volume,1,960,0.004302,0.651536,0.086048,0.151552,0.557056,1.54359,647.842,0,0,0
Suite_5,Deferred_Volume,1,961,0.004532,2.81328,0.086016,0.149696,0.56368,1.12519,888.742,0,0,0
Suite_5,Deferred_Volume,1,962,0.005848,0.673284,0.086016,0.151552,0.561632,3.00656,332.606,0,0,0
Suite_5,Deferred_Volume,1,963,0.004671,1.3557,0.086112,0.151552,0.557056,1.14395,874.163,0,0,0
Suite_5,Deferred_Volume,1,964,0.004243,0.655807,0.086176,0.153248,0.55296,1.52475,655.847,0,0,0
Suite_5,Deferred_Volume,1,965,0.00443,0.946379,0.086016,0.15168,0.557664,0.977896,1022.6,0,0,0
Suite_5,Deferred_Volume,1,966,0.004048,1.51999,0.08608,0.151552,0.557056,0.964597,1036.7,0,0,0
Suite_5,Deferred_Volume,1,967,0.004082,0.658888,0.086016,0.151744,0.561248,1.53685,650.683,0,0,0
Suite_5,Deferred_Volume,1,968,0.005362,2.91463,0.086144,0.152896,0.558144,1.11463,897.155,0,0,0
Suite_5,Deferred_Volume,1,969,0.004538,0.669839,0.105888,0.155328,0.58112,3.06157,326.63,0,0,0
Suite_5,Deferred_Volume,1,970,0.004092,0.848112,0.086048,0.150976,0.554944,1.11223,899.093,0,0,0
Suite_5,Deferred_Volume,1,971,0.004168,1.51644,0.086176,0.15152,0.554592,0.971851,1028.96,0,0,0
Suite_5,Deferred_Volume,1,972,0.00416,0.671489,0.08592,0.152928,0.556864,1.53353,652.09,0,0,0
Suite_5,Deferred_Volume,1,973,0.004226,1.41328,0.087072,0.151328,0.550944,1.09462,913.555,0,0,0
Suite_5,Deferred_Volume,1,974,0.004228,0.648097,0.085984,0.152608,0.555008,1.53247,652.542,0,0,0
Suite_5,Deferred_Volume,1,975,0.004845,2.82252,0.086144,0.151552,0.561152,1.11981,893.012,0,0,0
Suite_5,Deferred_Volume,1,976,0.006916,0.68628,0.108544,0.149824,0.576512,2.98567,334.933,0,0,0
Suite_5,Deferred_Volume,1,977,0.004863,0.81123,0.086016,0.150144,0.56528,1.16426,858.917,0,0,0
Suite_5,Deferred_Volume,1,978,0.004399,1.52422,0.086048,0.150432,0.555008,0.981817,1018.52,0,0,0
Suite_5,Deferred_Volume,1,979,0.004157,0.659925,0.107712,0.1536,0.58496,1.5417,648.634,0,0,0
Suite_5,Deferred_Volume,1,980,0.004592,0.978775,0.086016,0.151296,0.55568,0.98283,1017.47,0,0,0
Suite_5,Deferred_Volume,1,981,0.004205,1.45992,0.086016,0.149856,0.55968,0.997826,1002.18,0,0,0
Suite_5,Deferred_Volume,1,982,0.004358,0.640299,0.08704,0.151552,0.5592,1.52892,654.056,0,0,0
Suite_5,Deferred_Volume,1,983,0.004856,2.81527,0.086016,0.173152,0.5752,1.11216,899.152,0,0,0
Suite_5,Deferred_Volume,1,984,0.004506,0.637311,0.086112,0.150048,0.554112,2.98462,335.051,0,0,0
Suite_5,Deferred_Volume,1,985,0.004264,1.35224,0.086016,0.151552,0.555584,1.11529,896.627,0,0,0
Suite_5,Deferred_Volume,1,986,0.00442,0.652713,0.109152,0.152864,0.578592,1.52228,656.91,0,0,0
Suite_5,Deferred_Volume,1,987,0.004452,0.822944,0.085888,0.151328,0.556704,1.12445,889.321,0,0,0
Suite_5,Deferred_Volume,1,988,0.004188,1.46428,0.086016,0.150176,0.563232,0.991482,1008.59,0,0,0
Suite_5,Deferred_Volume,1,989,0.004132,0.63701,0.08608,0.151552,0.561152,1.53444,651.704,0,0,0
Suite_5,Deferred_Volume,1,990,0.00451,2.72835,0.086016,0.173472,0.575168,1.14796,871.11,0,0,0
Suite_5,Deferred_Volume,1,991,0.004951,0.661948,0.086144,0.151552,0.557056,2.95541,338.362,0,0,0
Suite_5,Deferred_Volume,1,992,0.00455,1.31376,0.086016,0.14992,0.562016,1.1559,865.129,0,0,0
Suite_5,Deferred_Volume,1,993,0.004472,0.630095,0.08608,0.180224,0.583776,1.53509,651.429,0,0,0
Suite_5,Deferred_Volume,1,994,0.004212,0.929277,0.086016,0.151264,0.561472,1.00162,998.387,0,0,0
Suite_5,Deferred_Volume,1,995,0.004256,1.47033,0.086016,0.151552,0.563552,0.996514,1003.5,0,0,0
Suite_5,Deferred_Volume,1,996,0.004241,0.645761,0.086048,0.150176,0.56112,1.53779,650.286,0,0,0
Suite_5,Deferred_Volume,1,997,0.004506,2.80994,0.086048,0.152064,0.579584,1.11827,894.241,0,0,0
Suite_5,Deferred_Volume,1,998,0.004336,0.633708,0.08608,0.151552,0.557056,2.97943,335.634,0,0,0
Suite_5,Deferred_Volume,1,999,0.004141,1.36736,0.087072,0.154784,0.557056,1.10468,905.242,0,0,0
Suite_5,Deferred_Volume,1,1000,0.004377,0.651533,0.086016,0.176128,0.578816,1.5359,651.083,0,0,0
